code,url
FXsl,https://made.example.invalid/e07-08/2-0?utm_source=share&ref=0mvc8hq3
FXsm,https://made.example.invalid/e07-08/6-1?utm_source=share&ref=0j9r12df
FXsn,https://made.example.invalid/e07-08/4-2?utm_source=share&ref=3v6hlxh6
FXso,https://made.example.invalid/e07-08/11-3?utm_source=share&ref=or3flw20
FXsp,https://made.example.invalid/e07-08/14-4?utm_source=share&ref=0gxm5fab
FXsq,https://made.example.invalid/e07-08/2-5?utm_source=share&ref=msh4nv1s
FXsr,https://made.example.invalid/e07-08/6-6?utm_source=share&ref=1rizl4dd
FXss,https://made.example.invalid/e07-08/4-7?utm_source=share&ref=edxne4dr
FXst,https://made.example.invalid/e07-08/11-8?utm_source=share&ref=ezk3xn64
FXsu,https://made.example.invalid/e07-08/14-9?utm_source=share&ref=xzikytjn
FXsv,https://made.example.invalid/e07-08/2-10?utm_source=share&ref=dbnx0mg9
FXsw,https://made.example.invalid/e07-08/6-11?utm_source=share&ref=jrm16ytp
FXsx,https://made.example.invalid/e07-08/4-12?utm_source=share&ref=zsg9iwe0
FXsy,https://made.example.invalid/e07-08/11-13?utm_source=share&ref=uuvsdzjf
FXsz,https://made.example.invalid/e07-08/14-14?utm_source=share&ref=bzfar63e
FXsA,https://made.example.invalid/e07-08/2-15?utm_source=share&ref=ybz50n2w
FXsB,https://made.example.invalid/e07-08/6-16?utm_source=share&ref=lw3dqyen
FXsC,https://made.example.invalid/e07-08/4-17?utm_source=share&ref=z70d5m46
FXsD,https://made.example.invalid/e07-08/11-18?utm_source=share&ref=6zd78fgz
FXsE,https://made.example.invalid/e07-08/14-19?utm_source=share&ref=rp72vt2c
FXsF,https://made.example.invalid/e07-08/2-20?utm_source=share&ref=z33j66oi
FXsG,https://made.example.invalid/e07-08/6-21?utm_source=share&ref=y9tlnwjg
FXsH,https://made.example.invalid/e07-08/4-22?utm_source=share&ref=zu1ybc5d
FXsI,https://made.example.invalid/e07-08/11-23?utm_source=share&ref=0jdhc2bs
FXsJ,https://made.example.invalid/e07-08/14-24?utm_source=share&ref=8gpbz35s
FXsK,https://made.example.invalid/e07-08/2-25?utm_source=share&ref=eut370ut
FXsL,https://made.example.invalid/e07-08/6-26?utm_source=share&ref=2uvtldx9
FXsM,https://made.example.invalid/e07-08/4-27?utm_source=share&ref=myu11qqc
FXsN,https://made.example.invalid/e07-08/11-28?utm_source=share&ref=tdrtr5kt
FXsO,https://made.example.invalid/e07-08/14-29?utm_source=share&ref=gv18irww
FXsP,https://made.example.invalid/e07-08/2-30?utm_source=share&ref=mbyizv16
FXsQ,https://made.example.invalid/e07-08/6-31?utm_source=share&ref=2bdf5p9s
FXsR,https://made.example.invalid/e07-08/4-32?utm_source=share&ref=3052p9nf
FXsS,https://made.example.invalid/e07-08/11-33?utm_source=share&ref=3osp6v23
FXsT,https://made.example.invalid/e07-08/14-34?utm_source=share&ref=02mhlwy4
FXsU,https://made.example.invalid/e07-08/2-35?utm_source=share&ref=s4yvgipi
FXsV,https://made.example.invalid/e07-08/6-36?utm_source=share&ref=wbx0o0f1
FXsW,https://made.example.invalid/e07-08/4-37?utm_source=share&ref=nyon5w8p
FXsX,https://made.example.invalid/e07-08/11-38?utm_source=share&ref=31m05jnz
FXsY,https://made.example.invalid/e07-08/14-39?utm_source=share&ref=iydd69mb
FXsZ,https://made.example.invalid/e07-08/2-40?utm_source=share&ref=wkgco861
FXt0,https://made.example.invalid/e07-08/6-41?utm_source=share&ref=hlja6mao
FXt1,https://made.example.invalid/e07-08/4-42?utm_source=share&ref=k8ns91m1
FXt2,https://made.example.invalid/e07-08/11-43?utm_source=share&ref=o8n1ss37
FXt3,https://made.example.invalid/e07-08/14-44?utm_source=share&ref=x34u5hkl
FXt4,https://made.example.invalid/e07-08/2-45?utm_source=share&ref=jf7u2rtc
FXt5,https://made.example.invalid/e07-08/6-46?utm_source=share&ref=n2oxpw61
FXt6,https://made.example.invalid/e07-08/4-47?utm_source=share&ref=h55wflkh
FXt7,https://made.example.invalid/e07-08/11-48?utm_source=share&ref=5mvc3616
FXt8,https://made.example.invalid/e07-08/14-49?utm_source=share&ref=w05u3isf
FXt9,https://made.example.invalid/e07-08/2-50?utm_source=share&ref=lx5jg1zt
FXta,https://made.example.invalid/e07-08/6-51?utm_source=share&ref=3clfzetn
FXtb,https://made.example.invalid/e07-08/4-52?utm_source=share&ref=7f7wyf6a
FXtc,https://made.example.invalid/e07-08/11-53?utm_source=share&ref=jmlhxgiv
FXtd,https://made.example.invalid/e07-08/14-54?utm_source=share&ref=np9i3wgl
FXte,https://made.example.invalid/e07-08/2-55?utm_source=share&ref=7swgt5cg
FXtf,https://made.example.invalid/e07-08/6-56?utm_source=share&ref=nctol3pg
FXtg,https://made.example.invalid/e07-08/4-57?utm_source=share&ref=aynzrhp1
FXth,https://made.example.invalid/e07-08/11-58?utm_source=share&ref=iubcgyth
FXti,https://made.example.invalid/e07-08/14-59?utm_source=share&ref=mnsilg2x
FXtj,https://made.example.invalid/e07-08/2-60?utm_source=share&ref=p712thxu
FXtk,https://made.example.invalid/e07-08/6-61?utm_source=share&ref=ax6yyygg
FXtl,https://made.example.invalid/e07-08/4-62?utm_source=share&ref=8l0x0dvr
FXtm,https://made.example.invalid/e07-08/11-63?utm_source=share&ref=t3oj2r4i
FXtn,https://made.example.invalid/e07-08/14-64?utm_source=share&ref=mzwu6xi6
FXto,https://made.example.invalid/e07-08/2-65?utm_source=share&ref=c6zu6ozx
FXtp,https://made.example.invalid/e07-08/6-66?utm_source=share&ref=nvsp6j9t
FXtq,https://made.example.invalid/e07-08/4-67?utm_source=share&ref=jijxnykx
FXtr,https://made.example.invalid/e07-08/11-68?utm_source=share&ref=8407ib1e
FXts,https://made.example.invalid/e07-08/14-69?utm_source=share&ref=9dx1zi0i
FXtt,https://made.example.invalid/e07-08/2-70?utm_source=share&ref=ucgnhfwm
FXtu,https://made.example.invalid/e07-08/6-71?utm_source=share&ref=cct73nrg
FXtv,https://made.example.invalid/e07-08/4-72?utm_source=share&ref=go43q0qp
FXtw,https://made.example.invalid/e07-08/11-73?utm_source=share&ref=6ivjj59d
FXtx,https://made.example.invalid/e07-08/14-74?utm_source=share&ref=12459p4o
FXty,https://made.example.invalid/e07-08/2-75?utm_source=share&ref=s1gd2u28
FXtz,https://made.example.invalid/e07-08/6-76?utm_source=share&ref=qbhams36
FXtA,https://made.example.invalid/e07-08/4-77?utm_source=share&ref=catec010
FXtB,https://made.example.invalid/e07-08/11-78?utm_source=share&ref=i3b27oxb
FXtC,https://made.example.invalid/e07-08/14-79?utm_source=share&ref=gfpxqho8
FXtD,https://made.example.invalid/e07-08/2-80?utm_source=share&ref=dblzgwa9
FXtE,https://made.example.invalid/e07-08/6-81?utm_source=share&ref=28pxzko3
FXtF,https://made.example.invalid/e07-08/4-82?utm_source=share&ref=a570vvj9
FXtG,https://made.example.invalid/e07-08/11-83?utm_source=share&ref=19n843i7
FXtH,https://made.example.invalid/e07-08/14-84?utm_source=share&ref=bpw0nb8j
FXtI,https://made.example.invalid/e07-08/2-85?utm_source=share&ref=19yqc8gr
FXtJ,https://made.example.invalid/e07-08/6-86?utm_source=share&ref=tgo18h2f
FXtK,https://made.example.invalid/e07-08/4-87?utm_source=share&ref=be5lehxm
FXtL,https://made.example.invalid/e07-08/11-88?utm_source=share&ref=xgjfrfcb
FXtM,https://made.example.invalid/e07-08/14-89?utm_source=share&ref=w897od0k
FXtN,https://made.example.invalid/e07-08/2-90?utm_source=share&ref=36mt18n9
FXtO,https://made.example.invalid/e07-08/6-91?utm_source=share&ref=s0oefy8o
FXtP,https://made.example.invalid/e07-08/4-92?utm_source=share&ref=kaiqj4sk
FXtQ,https://made.example.invalid/e07-08/11-93?utm_source=share&ref=ky76ecfr
FXtR,https://made.example.invalid/e07-08/14-94?utm_source=share&ref=d84xnxj1
FXtS,https://made.example.invalid/e07-08/2-95?utm_source=share&ref=womie473
FXtT,https://made.example.invalid/e07-08/6-96?utm_source=share&ref=zrg1cc2k
FXtU,https://made.example.invalid/e07-08/4-97?utm_source=share&ref=pmvr5dfu
FXtV,https://made.example.invalid/e07-08/11-98?utm_source=share&ref=of9f6bpz
FXtW,https://made.example.invalid/e07-08/14-99?utm_source=share&ref=ositu6y1
FXtX,https://made.example.invalid/e07-08/2-100?utm_source=share&ref=4a01i7z3
FXtY,https://made.example.invalid/e07-08/6-101?utm_source=share&ref=tfbx6j8z
FXtZ,https://made.example.invalid/e07-08/4-102?utm_source=share&ref=nrzovruk
FXu0,https://made.example.invalid/e07-08/11-103?utm_source=share&ref=aignel27
FXu1,https://made.example.invalid/e07-08/14-104?utm_source=share&ref=iikwy3c8
FXu2,https://made.example.invalid/e07-08/2-105?utm_source=share&ref=w3tg0ss1
FXu3,https://made.example.invalid/e07-08/6-106?utm_source=share&ref=00bn5zb0
FXu4,https://made.example.invalid/e07-08/4-107?utm_source=share&ref=49kea3np
FXu5,https://made.example.invalid/e07-08/11-108?utm_source=share&ref=3jb1yc8l
FXu6,https://made.example.invalid/e07-08/14-109?utm_source=share&ref=a2uytctb
FXu7,https://made.example.invalid/e07-08/2-110?utm_source=share&ref=qoiju466
FXu8,https://made.example.invalid/e07-08/6-111?utm_source=share&ref=dp69i8do
FXu9,https://made.example.invalid/e07-08/4-112?utm_source=share&ref=xxhjxmd7
FXua,https://made.example.invalid/e07-08/11-113?utm_source=share&ref=sreipdtk
FXub,https://made.example.invalid/e07-08/14-114?utm_source=share&ref=t60gia86
FXuc,https://made.example.invalid/e07-08/2-115?utm_source=share&ref=tou07h4i
FXud,https://made.example.invalid/e07-08/6-116?utm_source=share&ref=7wv24mdz
FXue,https://made.example.invalid/e07-08/4-117?utm_source=share&ref=nj7gsnbd
FXuf,https://made.example.invalid/e07-08/11-118?utm_source=share&ref=zgvkileg
FXug,https://made.example.invalid/e07-08/14-119?utm_source=share&ref=ndaygesx
FXuh,https://made.example.invalid/e07-08/2-120?utm_source=share&ref=ny1nkke4
FXui,https://made.example.invalid/e07-08/6-121?utm_source=share&ref=w062720r
FXuj,https://made.example.invalid/e07-08/4-122?utm_source=share&ref=3oxom05m
FXuk,https://made.example.invalid/e07-08/11-123?utm_source=share&ref=fsmwdip5
FXul,https://made.example.invalid/e07-08/14-124?utm_source=share&ref=6wralsko
FXum,https://made.example.invalid/e07-08/2-125?utm_source=share&ref=fnnpje4q
FXun,https://made.example.invalid/e07-08/6-126?utm_source=share&ref=tyh1th7h
FXuo,https://made.example.invalid/e07-08/4-127?utm_source=share&ref=uywcmyz6
FXup,https://made.example.invalid/e07-08/11-128?utm_source=share&ref=uksu5plw
FXuq,https://made.example.invalid/e07-08/14-129?utm_source=share&ref=ph99seo3
FXur,https://made.example.invalid/e07-08/2-130?utm_source=share&ref=9tsvrqaj
FXus,https://made.example.invalid/e07-08/6-131?utm_source=share&ref=1o5sriat
FXut,https://made.example.invalid/e07-08/4-132?utm_source=share&ref=oa0igxoh
FXuu,https://made.example.invalid/e07-08/11-133?utm_source=share&ref=e4vk4bij
FXuv,https://made.example.invalid/e07-08/14-134?utm_source=share&ref=t6cf0scs
FXuw,https://made.example.invalid/e07-08/2-135?utm_source=share&ref=90t9liop
FXux,https://made.example.invalid/e07-08/6-136?utm_source=share&ref=x20aheza
FXuy,https://made.example.invalid/e07-08/4-137?utm_source=share&ref=2pgqcjb6
FXuz,https://made.example.invalid/e07-08/11-138?utm_source=share&ref=iari997i
FXuA,https://made.example.invalid/e07-08/14-139?utm_source=share&ref=ysmg06ps
FXuB,https://made.example.invalid/e07-08/2-140?utm_source=share&ref=jz0m551w
FXuC,https://made.example.invalid/e07-08/6-141?utm_source=share&ref=5xpl6vze
FXuD,https://made.example.invalid/e07-08/4-142?utm_source=share&ref=7wybrbhx
FXuE,https://made.example.invalid/e07-08/11-143?utm_source=share&ref=a2g2w515
FXuF,https://made.example.invalid/e07-08/14-144?utm_source=share&ref=9wvcywlg
FXuG,https://made.example.invalid/e07-08/2-145?utm_source=share&ref=lfp4ksdx
FXuH,https://made.example.invalid/e07-08/6-146?utm_source=share&ref=ecbe65et
FXuI,https://made.example.invalid/e07-08/4-147?utm_source=share&ref=0mqhz6kk
FXuJ,https://made.example.invalid/e07-08/11-148?utm_source=share&ref=aptg48u5
FXuK,https://made.example.invalid/e07-08/14-149?utm_source=share&ref=6vdd2qt5
FXuL,https://made.example.invalid/e07-08/2-150?utm_source=share&ref=7khygkqz
FXuM,https://made.example.invalid/e07-08/6-151?utm_source=share&ref=w65fnfqm
FXuN,https://made.example.invalid/e07-08/4-152?utm_source=share&ref=t59cv76p
FXuO,https://made.example.invalid/e07-08/11-153?utm_source=share&ref=lsk3ru9l
FXuP,https://made.example.invalid/e07-08/14-154?utm_source=share&ref=otgnsfl1
FXuQ,https://made.example.invalid/e07-08/2-155?utm_source=share&ref=4cgqtyxk
FXuR,https://made.example.invalid/e07-08/6-156?utm_source=share&ref=155ltq4o
FXuS,https://made.example.invalid/e07-08/4-157?utm_source=share&ref=fafxfffu
FXuT,https://made.example.invalid/e07-08/11-158?utm_source=share&ref=16radys5
FXuU,https://made.example.invalid/e07-08/14-159?utm_source=share&ref=sg7r45rr
FXuV,https://made.example.invalid/e07-08/2-160?utm_source=share&ref=r7jtvqda
FXuW,https://made.example.invalid/e07-08/6-161?utm_source=share&ref=u8aesgqb
FXuX,https://made.example.invalid/e07-08/4-162?utm_source=share&ref=w9lr5q1o
FXuY,https://made.example.invalid/e07-08/11-163?utm_source=share&ref=40d5msu7
FXuZ,https://made.example.invalid/e07-08/14-164?utm_source=share&ref=qvyhgpry
FXv0,https://made.example.invalid/e07-08/2-165?utm_source=share&ref=rakcavvz
FXv1,https://made.example.invalid/e07-08/6-166?utm_source=share&ref=ch7bw9rd
FXv2,https://made.example.invalid/e07-08/4-167?utm_source=share&ref=2b7769t5
FXv3,https://made.example.invalid/e07-08/11-168?utm_source=share&ref=6m6o6dbl
FXv4,https://made.example.invalid/e07-08/14-169?utm_source=share&ref=rnplg05q
FXv5,https://made.example.invalid/e07-08/2-170?utm_source=share&ref=2br921sm
FXv6,https://made.example.invalid/e07-08/6-171?utm_source=share&ref=9i83czgm
FXv7,https://made.example.invalid/e07-08/4-172?utm_source=share&ref=xa5mujbt
FXv8,https://made.example.invalid/e07-08/11-173?utm_source=share&ref=p98d2egj
FXv9,https://made.example.invalid/e07-08/14-174?utm_source=share&ref=qp0plzy5
FXva,https://made.example.invalid/e07-08/2-175?utm_source=share&ref=54266ww2
FXvb,https://made.example.invalid/e07-08/6-176?utm_source=share&ref=6dwfux06
FXvc,https://made.example.invalid/e07-08/4-177?utm_source=share&ref=mh9c79do
FXvd,https://made.example.invalid/e07-08/11-178?utm_source=share&ref=mtjs820c
FXve,https://made.example.invalid/e07-08/14-179?utm_source=share&ref=snw19j9a
FXvf,https://made.example.invalid/e07-08/2-180?utm_source=share&ref=kpikqcvz
FXvg,https://made.example.invalid/e07-08/6-181?utm_source=share&ref=cmczqaka
FXvh,https://made.example.invalid/e07-08/4-182?utm_source=share&ref=loo7d3xi
FXvi,https://made.example.invalid/e07-08/11-183?utm_source=share&ref=3qkvjsq8
FXvj,https://made.example.invalid/e07-08/14-184?utm_source=share&ref=tvhhainj
FXvk,https://made.example.invalid/e07-08/2-185?utm_source=share&ref=y4iqs6pj
FXvl,https://made.example.invalid/e07-08/6-186?utm_source=share&ref=n1ke3w19
FXvm,https://made.example.invalid/e07-08/4-187?utm_source=share&ref=1hp8m73n
FXvn,https://made.example.invalid/e07-08/11-188?utm_source=share&ref=k8x7t7ji
FXvo,https://made.example.invalid/e07-08/14-189?utm_source=share&ref=i4nd0co8
FXvp,https://made.example.invalid/e07-08/2-190?utm_source=share&ref=6a4ab9yp
FXvq,https://made.example.invalid/e07-08/6-191?utm_source=share&ref=r41ull5v
FXvr,https://made.example.invalid/e07-08/4-192?utm_source=share&ref=fsqjrnpc
FXvs,https://made.example.invalid/e07-08/11-193?utm_source=share&ref=k4y8tx7a
FXvt,https://made.example.invalid/e07-08/14-194?utm_source=share&ref=30oxr42s
FXvu,https://made.example.invalid/e07-08/2-195?utm_source=share&ref=harapdwa
FXvv,https://made.example.invalid/e07-08/6-196?utm_source=share&ref=qosu2i8c
FXvw,https://made.example.invalid/e07-08/4-197?utm_source=share&ref=eeisl70m
FXvx,https://made.example.invalid/e07-08/11-198?utm_source=share&ref=qcb30iuw
FXvy,https://made.example.invalid/e07-08/14-199?utm_source=share&ref=4mgnt6g7
FXvz,https://made.example.invalid/e07-08/2-200?utm_source=share&ref=go3yexy8
FXvA,https://made.example.invalid/e07-08/6-201?utm_source=share&ref=4bvpe3qv
FXvB,https://made.example.invalid/e07-08/4-202?utm_source=share&ref=chsm5n7v
FXvC,https://made.example.invalid/e07-08/11-203?utm_source=share&ref=6qmtp3tv
FXvD,https://made.example.invalid/e07-08/14-204?utm_source=share&ref=i6maquqh
FXvE,https://made.example.invalid/e07-08/2-205?utm_source=share&ref=8w6w0j1u
FXvF,https://made.example.invalid/e07-08/6-206?utm_source=share&ref=rqgzhlbq
FXvG,https://made.example.invalid/e07-08/4-207?utm_source=share&ref=q6tjpncd
FXvH,https://made.example.invalid/e07-08/11-208?utm_source=share&ref=2el5x7wv
FXvI,https://made.example.invalid/e07-08/14-209?utm_source=share&ref=wjsm8l9z
FXvJ,https://made.example.invalid/e07-08/2-210?utm_source=share&ref=4oj604pi
FXvK,https://made.example.invalid/e07-08/6-211?utm_source=share&ref=hd86ke4f
FXvL,https://made.example.invalid/e07-08/4-212?utm_source=share&ref=om3nhggh
FXvM,https://made.example.invalid/e07-08/11-213?utm_source=share&ref=eqkgeua9
FXvN,https://made.example.invalid/e07-08/14-214?utm_source=share&ref=utuo0l46
FXvO,https://made.example.invalid/e07-08/2-215?utm_source=share&ref=kb93soz4
FXvP,https://made.example.invalid/e07-08/6-216?utm_source=share&ref=m5oca8bs
FXvQ,https://made.example.invalid/e07-08/4-217?utm_source=share&ref=7v4nxoj2
FXvR,https://made.example.invalid/e07-08/11-218?utm_source=share&ref=fn2j5zhn
FXvS,https://made.example.invalid/e07-08/14-219?utm_source=share&ref=eu8m6j6s
FXvT,https://made.example.invalid/e07-08/2-220?utm_source=share&ref=8jlhomoc
FXvU,https://made.example.invalid/e07-08/6-221?utm_source=share&ref=yr6iit2j
FXvV,https://made.example.invalid/e07-08/4-222?utm_source=share&ref=fx9ncei2
FXvW,https://made.example.invalid/e07-08/11-223?utm_source=share&ref=suungu9y
FXvX,https://made.example.invalid/e07-08/14-224?utm_source=share&ref=boj008m3
FXvY,https://made.example.invalid/e07-08/2-225?utm_source=share&ref=omvlu9gm
FXvZ,https://made.example.invalid/e07-08/6-226?utm_source=share&ref=8zfjyaa5
FXw0,https://made.example.invalid/e07-08/4-227?utm_source=share&ref=y9x8tvwb
FXw1,https://made.example.invalid/e07-08/11-228?utm_source=share&ref=lerbosc8
FXw2,https://made.example.invalid/e07-08/14-229?utm_source=share&ref=zmpwft35
FXw3,https://made.example.invalid/e07-08/2-230?utm_source=share&ref=eh2w2hsf
FXw4,https://made.example.invalid/e07-08/6-231?utm_source=share&ref=6so3n36w
FXw5,https://made.example.invalid/e07-08/4-232?utm_source=share&ref=7hzolyc6
FXw6,https://made.example.invalid/e07-08/11-233?utm_source=share&ref=rgsb7iw1
FXw7,https://made.example.invalid/e07-08/14-234?utm_source=share&ref=y1q30z3k
FXw8,https://made.example.invalid/e07-08/2-235?utm_source=share&ref=32bsj74u
FXw9,https://made.example.invalid/e07-08/6-236?utm_source=share&ref=0emuasiy
FXwa,https://made.example.invalid/e07-08/4-237?utm_source=share&ref=leyoovsc
FXwb,https://made.example.invalid/e07-08/11-238?utm_source=share&ref=dszbt3zu
FXwc,https://made.example.invalid/e07-08/14-239?utm_source=share&ref=5nrqhfky
FXwd,https://made.example.invalid/e07-08/2-240?utm_source=share&ref=ov8s6jg0
FXwe,https://made.example.invalid/e07-08/6-241?utm_source=share&ref=4bnpu0vx
FXwf,https://made.example.invalid/e07-08/4-242?utm_source=share&ref=10d59r6d
FXwg,https://made.example.invalid/e07-08/11-243?utm_source=share&ref=1213dv7l
FXwh,https://made.example.invalid/e07-08/14-244?utm_source=share&ref=0yi14s7l
FXwi,https://made.example.invalid/e07-08/2-245?utm_source=share&ref=z39ej68m
FXwj,https://made.example.invalid/e07-08/6-246?utm_source=share&ref=6zpstbld
FXwk,https://made.example.invalid/e07-08/4-247?utm_source=share&ref=plo9yyvq
FXwl,https://made.example.invalid/e07-08/11-248?utm_source=share&ref=w2qix700
FXwm,https://made.example.invalid/e07-08/14-249?utm_source=share&ref=gzgu6e1c
FXwn,https://made.example.invalid/e07-08/2-250?utm_source=share&ref=fc30nz90
FXwo,https://made.example.invalid/e07-08/6-251?utm_source=share&ref=qhza8akb
FXwp,https://made.example.invalid/e07-08/4-252?utm_source=share&ref=n1qpoxs9
FXwq,https://made.example.invalid/e07-08/11-253?utm_source=share&ref=zbotjgss
FXwr,https://made.example.invalid/e07-08/14-254?utm_source=share&ref=l1s4fpc0
FXws,https://made.example.invalid/e07-08/2-255?utm_source=share&ref=buq53phe
FXwt,https://made.example.invalid/e07-08/6-256?utm_source=share&ref=v8tizgge
FXwu,https://made.example.invalid/e07-08/4-257?utm_source=share&ref=z1mqimf8
FXwv,https://made.example.invalid/e07-08/11-258?utm_source=share&ref=3pioz4kj
FXww,https://made.example.invalid/e07-08/14-259?utm_source=share&ref=cygoqffh
FXwx,https://made.example.invalid/e07-08/2-260?utm_source=share&ref=pfswd1ao
FXwy,https://made.example.invalid/e07-08/6-261?utm_source=share&ref=pb6stxa1
FXwz,https://made.example.invalid/e07-08/4-262?utm_source=share&ref=ol0dc2bg
FXwA,https://made.example.invalid/e07-08/11-263?utm_source=share&ref=lw4xl2q8
FXwB,https://made.example.invalid/e07-08/14-264?utm_source=share&ref=4qiw4q1n
FXwC,https://made.example.invalid/e07-08/2-265?utm_source=share&ref=n2qrj9du
FXwD,https://made.example.invalid/e07-08/6-266?utm_source=share&ref=xecujm7o
FXwE,https://made.example.invalid/e07-08/4-267?utm_source=share&ref=dkdyk9sv
FXwF,https://made.example.invalid/e07-08/11-268?utm_source=share&ref=dcp7jx6g
FXwG,https://made.example.invalid/e07-08/14-269?utm_source=share&ref=6ytz2j5z
FXwH,https://made.example.invalid/e07-08/2-270?utm_source=share&ref=589je2gw
FXwI,https://made.example.invalid/e07-08/6-271?utm_source=share&ref=byfa5vsb
FXwJ,https://made.example.invalid/e07-08/4-272?utm_source=share&ref=ooo0rpql
FXwK,https://made.example.invalid/e07-08/11-273?utm_source=share&ref=3livvidl
FXwL,https://made.example.invalid/e07-08/14-274?utm_source=share&ref=00v7o3i5
FXwM,https://made.example.invalid/e07-08/2-275?utm_source=share&ref=10rg05vb
FXwN,https://made.example.invalid/e07-08/6-276?utm_source=share&ref=mdramg8s
FXwO,https://made.example.invalid/e07-08/4-277?utm_source=share&ref=acpxkydh
FXwP,https://made.example.invalid/e07-08/11-278?utm_source=share&ref=9qohbu2y
FXwQ,https://made.example.invalid/e07-08/14-279?utm_source=share&ref=3o0n3piw
FXwR,https://made.example.invalid/e07-08/2-280?utm_source=share&ref=wwmf4rza
FXwS,https://made.example.invalid/e07-08/6-281?utm_source=share&ref=xs4y2k7r
FXwT,https://made.example.invalid/e07-08/4-282?utm_source=share&ref=evl8d4up
FXwU,https://made.example.invalid/e07-08/11-283?utm_source=share&ref=4i6ktp27
FXwV,https://made.example.invalid/e07-08/14-284?utm_source=share&ref=pp3hg0uq
FXwW,https://made.example.invalid/e07-08/2-285?utm_source=share&ref=qjpuljn6
FXwX,https://made.example.invalid/e07-08/6-286?utm_source=share&ref=swo77dj2
FXwY,https://made.example.invalid/e07-08/4-287?utm_source=share&ref=qdgwvna9
FXwZ,https://made.example.invalid/e07-08/11-288?utm_source=share&ref=j7690mc5
FXx0,https://made.example.invalid/e07-08/14-289?utm_source=share&ref=46eyhy2r
FXx1,https://made.example.invalid/e07-08/2-290?utm_source=share&ref=ohmuy9vb
FXx2,https://made.example.invalid/e07-08/6-291?utm_source=share&ref=fv4c5lh3
FXx3,https://made.example.invalid/e07-08/4-292?utm_source=share&ref=m0rpwsgn
FXx4,https://made.example.invalid/e07-08/11-293?utm_source=share&ref=gjyhpazn
FXx5,https://made.example.invalid/e07-08/14-294?utm_source=share&ref=2ah6n480
FXx6,https://made.example.invalid/e07-08/2-295?utm_source=share&ref=8tknkxfr
FXx7,https://made.example.invalid/e07-08/6-296?utm_source=share&ref=hyz1mxmf
FXx8,https://made.example.invalid/e07-08/4-297?utm_source=share&ref=uu2ratom
FXx9,https://made.example.invalid/e07-08/11-298?utm_source=share&ref=k856yjq1
FXxa,https://made.example.invalid/e07-08/14-299?utm_source=share&ref=nwcuzq00
FXxb,https://made.example.invalid/e07-08/2-300?utm_source=share&ref=c3s9k0tn
FXxc,https://made.example.invalid/e07-08/6-301?utm_source=share&ref=melg6mdr
FXxd,https://made.example.invalid/e07-08/4-302?utm_source=share&ref=6el9qvcm
FXxe,https://made.example.invalid/e07-08/11-303?utm_source=share&ref=0l1hrwvt
FXxf,https://made.example.invalid/e07-08/14-304?utm_source=share&ref=70uh49e6
FXxg,https://made.example.invalid/e07-08/2-305?utm_source=share&ref=uwyebjn6
FXxh,https://made.example.invalid/e07-08/6-306?utm_source=share&ref=spv9gz7t
FXxi,https://made.example.invalid/e07-08/4-307?utm_source=share&ref=4577uca6
FXxj,https://made.example.invalid/e07-08/11-308?utm_source=share&ref=42e43ecn
FXxk,https://made.example.invalid/e07-08/14-309?utm_source=share&ref=g2yd1gr2
FXxl,https://made.example.invalid/e07-08/2-310?utm_source=share&ref=vwdypwvq
FXxm,https://made.example.invalid/e07-08/6-311?utm_source=share&ref=c6a85krg
FXxn,https://made.example.invalid/e07-08/4-312?utm_source=share&ref=kjtxzool
FXxo,https://made.example.invalid/e07-08/11-313?utm_source=share&ref=zdqbkzky
FXxp,https://made.example.invalid/e07-08/14-314?utm_source=share&ref=qqahob2g
FXxq,https://made.example.invalid/e07-08/2-315?utm_source=share&ref=4177m8ft
FXxr,https://made.example.invalid/e07-08/6-316?utm_source=share&ref=bsnprys7
FXxs,https://made.example.invalid/e07-08/4-317?utm_source=share&ref=bizkvihb
FXxt,https://made.example.invalid/e07-08/11-318?utm_source=share&ref=79cvkhe1
FXxu,https://made.example.invalid/e07-08/14-319?utm_source=share&ref=1j8jj9y5
FXxv,https://made.example.invalid/e07-08/2-320?utm_source=share&ref=cr5i2lpa
FXxw,https://made.example.invalid/e07-08/6-321?utm_source=share&ref=l2011nm8
FXxx,https://made.example.invalid/e07-08/4-322?utm_source=share&ref=3s2hdzbz
FXxy,https://made.example.invalid/e07-08/11-323?utm_source=share&ref=rvhjexnq
FXxz,https://made.example.invalid/e07-08/14-324?utm_source=share&ref=ji5uoe1y
FXxA,https://made.example.invalid/e07-08/2-325?utm_source=share&ref=qc0uukyn
FXxB,https://made.example.invalid/e07-08/6-326?utm_source=share&ref=lnh2fitn
FXxC,https://made.example.invalid/e07-08/4-327?utm_source=share&ref=0tocrj4m
FXxD,https://made.example.invalid/e07-08/11-328?utm_source=share&ref=bhz3m0hz
FXxE,https://made.example.invalid/e07-08/14-329?utm_source=share&ref=7w12pw05
FXxF,https://made.example.invalid/e07-08/2-330?utm_source=share&ref=vmua9yog
FXxG,https://made.example.invalid/e07-08/6-331?utm_source=share&ref=ioq27isj
FXxH,https://made.example.invalid/e07-08/4-332?utm_source=share&ref=uu7kcjcv
FXxI,https://made.example.invalid/e07-08/11-333?utm_source=share&ref=4qqfern9
FXxJ,https://made.example.invalid/e07-08/14-334?utm_source=share&ref=lt31sp32
FXxK,https://made.example.invalid/e07-08/2-335?utm_source=share&ref=jfhknojv
FXxL,https://made.example.invalid/e07-08/6-336?utm_source=share&ref=2epj6anm
FXxM,https://made.example.invalid/e07-08/4-337?utm_source=share&ref=6n3s5g2v
FXxN,https://made.example.invalid/e07-08/11-338?utm_source=share&ref=dl4tm912
FXxO,https://made.example.invalid/e07-08/14-339?utm_source=share&ref=v04ctper
FXxP,https://made.example.invalid/e07-08/2-340?utm_source=share&ref=f89le9zi
FXxQ,https://made.example.invalid/e07-08/6-341?utm_source=share&ref=k6ri2ki8
FXxR,https://made.example.invalid/e07-08/4-342?utm_source=share&ref=jh41ad00
FXxS,https://made.example.invalid/e07-08/11-343?utm_source=share&ref=6yqcjevh
FXxT,https://made.example.invalid/e07-08/14-344?utm_source=share&ref=gcump8st
FXxU,https://made.example.invalid/e07-08/2-345?utm_source=share&ref=2x10v3r0
FXxV,https://made.example.invalid/e07-08/6-346?utm_source=share&ref=rp28ffc4
FXxW,https://made.example.invalid/e07-08/4-347?utm_source=share&ref=tju8qtbc
FXxX,https://made.example.invalid/e07-08/11-348?utm_source=share&ref=ebnm5c99
FXxY,https://made.example.invalid/e07-08/14-349?utm_source=share&ref=px25kaow
FXxZ,https://made.example.invalid/e07-08/2-350?utm_source=share&ref=aebndmz0
FXy0,https://made.example.invalid/e07-08/6-351?utm_source=share&ref=7p70x5h2
FXy1,https://made.example.invalid/e07-08/4-352?utm_source=share&ref=l3kengap
FXy2,https://made.example.invalid/e07-08/11-353?utm_source=share&ref=h4i8rr7m
FXy3,https://made.example.invalid/e07-08/14-354?utm_source=share&ref=a4f4etwy
FXy4,https://made.example.invalid/e07-08/2-355?utm_source=share&ref=8xjqd4ib
FXy5,https://made.example.invalid/e07-08/6-356?utm_source=share&ref=c6d3tdw3
FXy6,https://made.example.invalid/e07-08/4-357?utm_source=share&ref=4qgqqdao
FXy7,https://made.example.invalid/e07-08/11-358?utm_source=share&ref=wt9wl8d5
FXy8,https://made.example.invalid/e07-08/14-359?utm_source=share&ref=svjbfuft
FXy9,https://made.example.invalid/e07-08/2-360?utm_source=share&ref=n7m6iho2
FXya,https://made.example.invalid/e07-08/6-361?utm_source=share&ref=hwi0la6a
FXyb,https://made.example.invalid/e07-08/4-362?utm_source=share&ref=8a61e5i2
FXyc,https://made.example.invalid/e07-08/11-363?utm_source=share&ref=xah97p00
FXyd,https://made.example.invalid/e07-08/14-364?utm_source=share&ref=c850bna3
FXye,https://made.example.invalid/e07-08/2-365?utm_source=share&ref=3yll0xy2
FXyf,https://made.example.invalid/e07-08/6-366?utm_source=share&ref=vh9uuggd
FXyg,https://made.example.invalid/e07-08/4-367?utm_source=share&ref=pcy1ixso
FXyh,https://made.example.invalid/e07-08/11-368?utm_source=share&ref=ix59c3h7
FXyi,https://made.example.invalid/e07-08/14-369?utm_source=share&ref=ho8vxm32
FXyj,https://made.example.invalid/e07-08/2-370?utm_source=share&ref=y9dt8m0d
FXyk,https://made.example.invalid/e07-08/6-371?utm_source=share&ref=nyfem0fg
FXyl,https://made.example.invalid/e07-08/4-372?utm_source=share&ref=rq0xpkwq
FXym,https://made.example.invalid/e07-08/11-373?utm_source=share&ref=intjaxf2
FXyn,https://made.example.invalid/e07-08/14-374?utm_source=share&ref=ob613xv4
FXyo,https://made.example.invalid/e07-08/2-375?utm_source=share&ref=mwq928c7
FXyp,https://made.example.invalid/e07-08/6-376?utm_source=share&ref=uuygudg8
FXyq,https://made.example.invalid/e07-08/4-377?utm_source=share&ref=le850l4x
FXyr,https://made.example.invalid/e07-08/11-378?utm_source=share&ref=qmvfaidf
FXys,https://made.example.invalid/e07-08/14-379?utm_source=share&ref=rw53k3w9
FXyt,https://made.example.invalid/e07-08/2-380?utm_source=share&ref=764zoezy
FXyu,https://made.example.invalid/e07-08/6-381?utm_source=share&ref=1c354vah
FXyv,https://made.example.invalid/e07-08/4-382?utm_source=share&ref=6unene50
FXyw,https://made.example.invalid/e07-08/11-383?utm_source=share&ref=epolsd8p
FXyx,https://made.example.invalid/e07-08/14-384?utm_source=share&ref=7ukykf7n
FXyy,https://made.example.invalid/e07-08/2-385?utm_source=share&ref=ji09sneo
FXyz,https://made.example.invalid/e07-08/6-386?utm_source=share&ref=msddg2a5
FXyA,https://made.example.invalid/e07-08/4-387?utm_source=share&ref=k39elce3
FXyB,https://made.example.invalid/e07-08/11-388?utm_source=share&ref=vzsppfux
FXyC,https://made.example.invalid/e07-08/14-389?utm_source=share&ref=8k79jddt
FXyD,https://made.example.invalid/e07-08/2-390?utm_source=share&ref=mphsnblf
FXyE,https://made.example.invalid/e07-08/6-391?utm_source=share&ref=ic6blvcc
FXyF,https://made.example.invalid/e07-08/4-392?utm_source=share&ref=0319d1ju
FXyG,https://made.example.invalid/e07-08/11-393?utm_source=share&ref=9pca98e4
FXyH,https://made.example.invalid/e07-08/14-394?utm_source=share&ref=mv76ftqw
FXyI,https://made.example.invalid/e07-08/2-395?utm_source=share&ref=st3e3gmg
FXyJ,https://made.example.invalid/e07-08/6-396?utm_source=share&ref=xqplbskn
FXyK,https://made.example.invalid/e07-08/4-397?utm_source=share&ref=dotbqfq4
FXyL,https://made.example.invalid/e07-08/11-398?utm_source=share&ref=d55urjhq
FXyM,https://made.example.invalid/e07-08/14-399?utm_source=share&ref=d2hyihje
FXyN,https://made.example.invalid/e07-08/2-400?utm_source=share&ref=x9u4zqjp
FXyO,https://made.example.invalid/e07-08/6-401?utm_source=share&ref=p1631d84
FXyP,https://made.example.invalid/e07-08/4-402?utm_source=share&ref=2y05c66k
FXyQ,https://made.example.invalid/e07-08/11-403?utm_source=share&ref=3ncmx8p2
FXyR,https://made.example.invalid/e07-08/14-404?utm_source=share&ref=xsjvdpjt
FXyS,https://made.example.invalid/e07-08/2-405?utm_source=share&ref=rrkzzoxl
FXyT,https://made.example.invalid/e07-08/6-406?utm_source=share&ref=f5bba4ah
FXyU,https://made.example.invalid/e07-08/4-407?utm_source=share&ref=mslya8i0
FXyV,https://made.example.invalid/e07-08/11-408?utm_source=share&ref=ztild6te
FXyW,https://made.example.invalid/e07-08/14-409?utm_source=share&ref=sirbuuba
FXyX,https://made.example.invalid/e07-08/2-410?utm_source=share&ref=eiqxfsj6
FXyY,https://made.example.invalid/e07-08/6-411?utm_source=share&ref=ra2e7bwo
FXyZ,https://made.example.invalid/e07-08/4-412?utm_source=share&ref=gjt18l4h
FXz0,https://made.example.invalid/e07-08/11-413?utm_source=share&ref=mmm7apl4
FXz1,https://made.example.invalid/e07-08/14-414?utm_source=share&ref=s45fkm83
FXz2,https://made.example.invalid/e07-08/2-415?utm_source=share&ref=bz70igkz
FXz3,https://made.example.invalid/e07-08/6-416?utm_source=share&ref=5r9r122r
FXz4,https://made.example.invalid/e07-08/4-417?utm_source=share&ref=r0mwem82
FXz5,https://made.example.invalid/e07-08/11-418?utm_source=share&ref=6dxn7p5g
FXz6,https://made.example.invalid/e07-08/14-419?utm_source=share&ref=deck9jyk
FXz7,https://made.example.invalid/e07-08/2-420?utm_source=share&ref=h7o42b35
FXz8,https://made.example.invalid/e07-08/6-421?utm_source=share&ref=ed5bddoj
FXz9,https://made.example.invalid/e07-08/4-422?utm_source=share&ref=62p0xt1z
FXza,https://made.example.invalid/e07-08/11-423?utm_source=share&ref=185ws89t
FXzb,https://made.example.invalid/e07-08/14-424?utm_source=share&ref=v0bfoizt
FXzc,https://made.example.invalid/e07-08/2-425?utm_source=share&ref=jhal1z9c
FXzd,https://made.example.invalid/e07-08/6-426?utm_source=share&ref=usbyao03
FXze,https://made.example.invalid/e07-08/4-427?utm_source=share&ref=ugaj40f1
FXzf,https://made.example.invalid/e07-08/11-428?utm_source=share&ref=7whkyp7q
FXzg,https://made.example.invalid/e07-08/14-429?utm_source=share&ref=uesey4ye
FXzh,https://made.example.invalid/e07-08/2-430?utm_source=share&ref=iky1a0cj
FXzi,https://made.example.invalid/e07-08/6-431?utm_source=share&ref=ttej5lme
FXzj,https://made.example.invalid/e07-08/4-432?utm_source=share&ref=tv86tgbd
FXzk,https://made.example.invalid/e07-08/11-433?utm_source=share&ref=gccb5t8j
FXzl,https://made.example.invalid/e07-08/14-434?utm_source=share&ref=g1j83biw
FXzm,https://made.example.invalid/e07-08/2-435?utm_source=share&ref=f7djbu9v
FXzn,https://made.example.invalid/e07-08/6-436?utm_source=share&ref=yh2xrbwv
FXzo,https://made.example.invalid/e07-08/4-437?utm_source=share&ref=7ri3fufw
FXzp,https://made.example.invalid/e07-08/11-438?utm_source=share&ref=6omk47r0
FXzq,https://made.example.invalid/e07-08/14-439?utm_source=share&ref=a01tyofq
FXzr,https://made.example.invalid/e07-08/2-440?utm_source=share&ref=jn0x6dfr
FXzs,https://made.example.invalid/e07-08/6-441?utm_source=share&ref=58868ao0
FXzt,https://made.example.invalid/e07-08/4-442?utm_source=share&ref=vx9c5zdq
FXzu,https://made.example.invalid/e07-08/11-443?utm_source=share&ref=171mz566
FXzv,https://made.example.invalid/e07-08/14-444?utm_source=share&ref=2naafm1q
FXzw,https://made.example.invalid/e07-08/2-445?utm_source=share&ref=qk5bnxp0
FXzx,https://made.example.invalid/e07-08/6-446?utm_source=share&ref=x7mqp7t5
FXzy,https://made.example.invalid/e07-08/4-447?utm_source=share&ref=htmxv0ot
FXzz,https://made.example.invalid/e07-08/11-448?utm_source=share&ref=lgjdu2fs
FXzA,https://made.example.invalid/e07-08/14-449?utm_source=share&ref=r5hmlk6i
FXzB,https://made.example.invalid/e07-08/2-450?utm_source=share&ref=0da94hnl
FXzC,https://made.example.invalid/e07-08/6-451?utm_source=share&ref=i1bgzlgg
FXzD,https://made.example.invalid/e07-08/4-452?utm_source=share&ref=blucr0r3
FXzE,https://made.example.invalid/e07-08/11-453?utm_source=share&ref=0nzalxs2
FXzF,https://made.example.invalid/e07-08/14-454?utm_source=share&ref=jt31pa6m
FXzG,https://made.example.invalid/e07-08/2-455?utm_source=share&ref=hja34vo0
FXzH,https://made.example.invalid/e07-08/6-456?utm_source=share&ref=fxpov2yn
FXzI,https://made.example.invalid/e07-08/4-457?utm_source=share&ref=elbf8wqi
FXzJ,https://made.example.invalid/e07-08/11-458?utm_source=share&ref=3bsau5ep
FXzK,https://made.example.invalid/e07-08/14-459?utm_source=share&ref=nr4pzhwb
FXzL,https://made.example.invalid/e07-08/2-460?utm_source=share&ref=c9won6pk
FXzM,https://made.example.invalid/e07-08/6-461?utm_source=share&ref=oh1gkfon
FXzN,https://made.example.invalid/e07-08/4-462?utm_source=share&ref=t08yizes
FXzO,https://made.example.invalid/e07-08/11-463?utm_source=share&ref=ea9u7whv
FXzP,https://made.example.invalid/e07-08/14-464?utm_source=share&ref=yzxsgzq0
FXzQ,https://made.example.invalid/e07-08/2-465?utm_source=share&ref=8c8nfag9
FXzR,https://made.example.invalid/e07-08/6-466?utm_source=share&ref=zlrod29r
FXzS,https://made.example.invalid/e07-08/4-467?utm_source=share&ref=9ck9iodj
FXzT,https://made.example.invalid/e07-08/11-468?utm_source=share&ref=r1f3bvve
FXzU,https://made.example.invalid/e07-08/14-469?utm_source=share&ref=nvp39qvy
FXzV,https://made.example.invalid/e07-08/2-470?utm_source=share&ref=kjf5w9p5
FXzW,https://made.example.invalid/e07-08/6-471?utm_source=share&ref=9vjhwwog
FXzX,https://made.example.invalid/e07-08/4-472?utm_source=share&ref=1chyq413
FXzY,https://made.example.invalid/e07-08/11-473?utm_source=share&ref=4w8f4nfx
FXzZ,https://made.example.invalid/e07-08/14-474?utm_source=share&ref=lqrj78oj
FXA0,https://made.example.invalid/e07-08/2-475?utm_source=share&ref=pupf0lxj
FXA1,https://made.example.invalid/e07-08/6-476?utm_source=share&ref=1xxlq73f
FXA2,https://made.example.invalid/e07-08/4-477?utm_source=share&ref=pdgo2d5n
FXA3,https://made.example.invalid/e07-08/11-478?utm_source=share&ref=yq7npbyk
FXA4,https://made.example.invalid/e07-08/14-479?utm_source=share&ref=gjfgvs3w
FXA5,https://made.example.invalid/e07-08/2-480?utm_source=share&ref=xpcjdyu5
FXA6,https://made.example.invalid/e07-08/6-481?utm_source=share&ref=tgkjg5ti
FXA7,https://made.example.invalid/e07-08/4-482?utm_source=share&ref=cbbm1fjj
FXA8,https://made.example.invalid/e07-08/11-483?utm_source=share&ref=dek90w3t
FXA9,https://made.example.invalid/e07-08/14-484?utm_source=share&ref=243lsie1
FXAa,https://made.example.invalid/e07-08/2-485?utm_source=share&ref=jpz27qbw
FXAb,https://made.example.invalid/e07-08/6-486?utm_source=share&ref=xdz77xzo
FXAc,https://made.example.invalid/e07-08/4-487?utm_source=share&ref=xxoj1lbm
FXAd,https://made.example.invalid/e07-08/11-488?utm_source=share&ref=sl1ofzgt
FXAe,https://made.example.invalid/e07-08/14-489?utm_source=share&ref=94oq2nrj
FXAf,https://made.example.invalid/e07-08/2-490?utm_source=share&ref=hzpxs7ut
FXAg,https://made.example.invalid/e07-08/6-491?utm_source=share&ref=p4v9yosw
FXAh,https://made.example.invalid/e07-08/4-492?utm_source=share&ref=ev142gdi
FXAi,https://made.example.invalid/e07-08/11-493?utm_source=share&ref=yeefje4c
FXAj,https://made.example.invalid/e07-08/14-494?utm_source=share&ref=4adusmef
FXAk,https://made.example.invalid/e07-08/2-495?utm_source=share&ref=gg5ysojc
FXAl,https://made.example.invalid/e07-08/6-496?utm_source=share&ref=2i2kmyqj
FXAm,https://made.example.invalid/e07-08/4-497?utm_source=share&ref=xfnd4cx3
FXAn,https://made.example.invalid/e07-08/11-498?utm_source=share&ref=vuw6jiw8
FXAo,https://made.example.invalid/e07-08/14-499?utm_source=share&ref=m83pgtp5
FXAp,https://made.example.invalid/e07-08/2-500?utm_source=share&ref=2wz79vw2
FXAq,https://made.example.invalid/e07-08/6-501?utm_source=share&ref=kfmy9ija
FXAr,https://made.example.invalid/e07-08/4-502?utm_source=share&ref=iznk5qwu
FXAs,https://made.example.invalid/e07-08/11-503?utm_source=share&ref=af21st06
FXAt,https://made.example.invalid/e07-08/14-504?utm_source=share&ref=69qq1npk
FXAu,https://made.example.invalid/e07-08/2-505?utm_source=share&ref=460ovsi4
FXAv,https://made.example.invalid/e07-08/6-506?utm_source=share&ref=vbhsm1f4
FXAw,https://made.example.invalid/e07-08/4-507?utm_source=share&ref=uiocpz0m
FXAx,https://made.example.invalid/e07-08/11-508?utm_source=share&ref=daopwhkj
FXAy,https://made.example.invalid/e07-08/14-509?utm_source=share&ref=xym4auqa
FXAz,https://made.example.invalid/e07-08/2-510?utm_source=share&ref=6tik57ra
FXAA,https://made.example.invalid/e07-08/6-511?utm_source=share&ref=fsa7lce6
FXAB,https://made.example.invalid/e07-08/4-512?utm_source=share&ref=0jlp19q2
FXAC,https://made.example.invalid/e07-08/11-513?utm_source=share&ref=h9xbyeni
FXAD,https://made.example.invalid/e07-08/14-514?utm_source=share&ref=ko712h47
FXAE,https://made.example.invalid/e07-08/2-515?utm_source=share&ref=s3hjiamt
FXAF,https://made.example.invalid/e07-08/6-516?utm_source=share&ref=zpddp13g
FXAG,https://made.example.invalid/e07-08/4-517?utm_source=share&ref=b152afjb
FXAH,https://made.example.invalid/e07-08/11-518?utm_source=share&ref=b8lceoie
FXAI,https://made.example.invalid/e07-08/14-519?utm_source=share&ref=3z4u50lp
FXAJ,https://made.example.invalid/e07-08/2-520?utm_source=share&ref=wvqpuoz6
FXAK,https://made.example.invalid/e07-08/6-521?utm_source=share&ref=06uzdjv1
FXAL,https://made.example.invalid/e07-08/4-522?utm_source=share&ref=fkitibcp
FXAM,https://made.example.invalid/e07-08/11-523?utm_source=share&ref=ai8bhev6
FXAN,https://made.example.invalid/e07-08/14-524?utm_source=share&ref=37x6wsv6
FXAO,https://made.example.invalid/e07-08/2-525?utm_source=share&ref=7pkibuto
FXAP,https://made.example.invalid/e07-08/6-526?utm_source=share&ref=u0w9mdos
FXAQ,https://made.example.invalid/e07-08/4-527?utm_source=share&ref=gkuk8j62
FXAR,https://made.example.invalid/e07-08/11-528?utm_source=share&ref=qodc04lt
FXAS,https://made.example.invalid/e07-08/14-529?utm_source=share&ref=6ny0hp8w
FXAT,https://made.example.invalid/e07-08/2-530?utm_source=share&ref=n8jxxwr2
FXAU,https://made.example.invalid/e07-08/6-531?utm_source=share&ref=rues5qi5
FXAV,https://made.example.invalid/e07-08/4-532?utm_source=share&ref=gv7j772y
FXAW,https://made.example.invalid/e07-08/11-533?utm_source=share&ref=m80zupy5
FXAX,https://made.example.invalid/e07-08/14-534?utm_source=share&ref=1fqxzzt3
FXAY,https://made.example.invalid/e07-08/2-535?utm_source=share&ref=5zidf1fa
FXAZ,https://made.example.invalid/e07-08/6-536?utm_source=share&ref=w8s2nm8m
FXB0,https://made.example.invalid/e07-08/4-537?utm_source=share&ref=l729ft6b
FXB1,https://made.example.invalid/e07-08/11-538?utm_source=share&ref=0wxrtdrw
FXB2,https://made.example.invalid/e07-08/14-539?utm_source=share&ref=iohmnvcs
FXB3,https://made.example.invalid/e07-08/2-540?utm_source=share&ref=dtji0pe8
FXB4,https://made.example.invalid/e07-08/6-541?utm_source=share&ref=b0kf8a16
FXB5,https://made.example.invalid/e07-08/4-542?utm_source=share&ref=sxm2xqfw
FXB6,https://made.example.invalid/e07-08/11-543?utm_source=share&ref=fawl4fmk
FXB7,https://made.example.invalid/e07-08/14-544?utm_source=share&ref=6xebllm8
FXB8,https://made.example.invalid/e07-08/2-545?utm_source=share&ref=f82j6znl
FXB9,https://made.example.invalid/e07-08/6-546?utm_source=share&ref=1kbt0vxn
FXBa,https://made.example.invalid/e07-08/4-547?utm_source=share&ref=l8mvqn94
FXBb,https://made.example.invalid/e07-08/11-548?utm_source=share&ref=0d5upn8s
FXBc,https://made.example.invalid/e07-08/14-549?utm_source=share&ref=y4goifhh
FXBd,https://made.example.invalid/e07-08/2-550?utm_source=share&ref=nzg9w7lu
FXBe,https://made.example.invalid/e07-08/6-551?utm_source=share&ref=xe6ke2ry
FXBf,https://made.example.invalid/e07-08/4-552?utm_source=share&ref=3mkwe0tf
FXBg,https://made.example.invalid/e07-08/11-553?utm_source=share&ref=rud2fprn
FXBh,https://made.example.invalid/e07-08/14-554?utm_source=share&ref=w3ypkn8w
FXBi,https://made.example.invalid/e07-08/2-555?utm_source=share&ref=jbbh3fx9
FXBj,https://made.example.invalid/e07-08/6-556?utm_source=share&ref=ykkht25p
FXBk,https://made.example.invalid/e07-08/4-557?utm_source=share&ref=fgtak5sy
FXBl,https://made.example.invalid/e07-08/11-558?utm_source=share&ref=anme700l
FXBm,https://made.example.invalid/e07-08/14-559?utm_source=share&ref=yc41v8jn
FXBn,https://made.example.invalid/e07-08/2-560?utm_source=share&ref=845vvz0n
FXBo,https://made.example.invalid/e07-08/6-561?utm_source=share&ref=26ckxpfp
FXBp,https://made.example.invalid/e07-08/4-562?utm_source=share&ref=bt3zb3dh
FXBq,https://made.example.invalid/e07-08/11-563?utm_source=share&ref=jsicyxvw
FXBr,https://made.example.invalid/e07-08/14-564?utm_source=share&ref=g5lkpgx9
FXBs,https://made.example.invalid/e07-08/2-565?utm_source=share&ref=4sppzlyz
FXBt,https://made.example.invalid/e07-08/6-566?utm_source=share&ref=3a4n5dw9
FXBu,https://made.example.invalid/e07-08/4-567?utm_source=share&ref=k9e61fme
FXBv,https://made.example.invalid/e07-08/11-568?utm_source=share&ref=2geuc9tt
FXBw,https://made.example.invalid/e07-08/14-569?utm_source=share&ref=emefnoym
FXBx,https://made.example.invalid/e07-08/2-570?utm_source=share&ref=5m1g6b4z
FXBy,https://made.example.invalid/e07-08/6-571?utm_source=share&ref=bwkvd036
FXBz,https://made.example.invalid/e07-08/4-572?utm_source=share&ref=upzalhty
FXBA,https://made.example.invalid/e07-08/11-573?utm_source=share&ref=c964rv5r
FXBB,https://made.example.invalid/e07-08/14-574?utm_source=share&ref=vva0hder
FXBC,https://made.example.invalid/e07-08/2-575?utm_source=share&ref=2bq1jmrf
FXBD,https://made.example.invalid/e07-08/6-576?utm_source=share&ref=6p8f0goj
FXBE,https://made.example.invalid/e07-08/4-577?utm_source=share&ref=l7wwneso
FXBF,https://made.example.invalid/e07-08/11-578?utm_source=share&ref=zgx88ioc
FXBG,https://made.example.invalid/e07-08/14-579?utm_source=share&ref=p88knxeg
FXBH,https://made.example.invalid/e07-08/2-580?utm_source=share&ref=bedtvi8a
FXBI,https://made.example.invalid/e07-08/6-581?utm_source=share&ref=n6km9erb
FXBJ,https://made.example.invalid/e07-08/4-582?utm_source=share&ref=l0j6f03j
FXBK,https://made.example.invalid/e07-08/11-583?utm_source=share&ref=2v68jgds
FXBL,https://made.example.invalid/e07-08/14-584?utm_source=share&ref=fpv1ejqr
FXBM,https://made.example.invalid/e07-08/2-585?utm_source=share&ref=mdfhw09p
FXBN,https://made.example.invalid/e07-08/6-586?utm_source=share&ref=j0pn0gai
FXBO,https://made.example.invalid/e07-08/4-587?utm_source=share&ref=co6pij4x
FXBP,https://made.example.invalid/e07-08/11-588?utm_source=share&ref=0c88854q
FXBQ,https://made.example.invalid/e07-08/14-589?utm_source=share&ref=fyhf2wu2
FXBR,https://made.example.invalid/e07-08/2-590?utm_source=share&ref=ghx1562x
FXBS,https://made.example.invalid/e07-08/6-591?utm_source=share&ref=ma1v5qrd
FXBT,https://made.example.invalid/e07-08/4-592?utm_source=share&ref=wyyfo37h
FXBU,https://made.example.invalid/e07-08/11-593?utm_source=share&ref=294ie0k4
FXBV,https://made.example.invalid/e07-08/14-594?utm_source=share&ref=ta3cdayj
FXBW,https://made.example.invalid/e07-08/2-595?utm_source=share&ref=e4zyptcz
FXBX,https://made.example.invalid/e07-08/6-596?utm_source=share&ref=nxbzaynx
FXBY,https://made.example.invalid/e07-08/4-597?utm_source=share&ref=voqolp3o
FXBZ,https://made.example.invalid/e07-08/11-598?utm_source=share&ref=ykcikhyn
FXC0,https://made.example.invalid/e07-08/14-599?utm_source=share&ref=tvz7v14n
FXC1,https://made.example.invalid/e07-08/2-600?utm_source=share&ref=mgcj93i0
FXC2,https://made.example.invalid/e07-08/6-601?utm_source=share&ref=lm15apm7
FXC3,https://made.example.invalid/e07-08/4-602?utm_source=share&ref=ici5rzr3
FXC4,https://made.example.invalid/e07-08/11-603?utm_source=share&ref=lxbm3k09
FXC5,https://made.example.invalid/e07-08/14-604?utm_source=share&ref=r533lsue
FXC6,https://made.example.invalid/e07-08/2-605?utm_source=share&ref=uo746fdg
FXC7,https://made.example.invalid/e07-08/6-606?utm_source=share&ref=fmsnntiu
FXC8,https://made.example.invalid/e07-08/4-607?utm_source=share&ref=8y9zjb5p
FXC9,https://made.example.invalid/e07-08/11-608?utm_source=share&ref=0o7h33kx
FXCa,https://made.example.invalid/e07-08/14-609?utm_source=share&ref=ds6sz1hy
FXCb,https://made.example.invalid/e07-08/2-610?utm_source=share&ref=p51lbxgf
FXCc,https://made.example.invalid/e07-08/6-611?utm_source=share&ref=8yaqnha6
FXCd,https://made.example.invalid/e07-08/4-612?utm_source=share&ref=l3i6junh
FXCe,https://made.example.invalid/e07-08/11-613?utm_source=share&ref=0n2og954
FXCf,https://made.example.invalid/e07-08/14-614?utm_source=share&ref=gagim4wl
FXCg,https://made.example.invalid/e07-08/2-615?utm_source=share&ref=0701awjy
FXCh,https://made.example.invalid/e07-08/6-616?utm_source=share&ref=0t6wp4ru
FXCi,https://made.example.invalid/e07-08/4-617?utm_source=share&ref=h6qwlb6m
FXCj,https://made.example.invalid/e07-08/11-618?utm_source=share&ref=bqf2fe4s
FXCk,https://made.example.invalid/e07-08/14-619?utm_source=share&ref=4yxu84ge
FXCl,https://made.example.invalid/e07-08/2-620?utm_source=share&ref=3qh5vm3j
FXCm,https://made.example.invalid/e07-08/6-621?utm_source=share&ref=mrs5hzg0
FXCn,https://made.example.invalid/e07-08/4-622?utm_source=share&ref=h12453gq
FXCo,https://made.example.invalid/e07-08/11-623?utm_source=share&ref=79p65qtf
FXCp,https://made.example.invalid/e07-08/14-624?utm_source=share&ref=tpqcu9xf
FXCq,https://made.example.invalid/e07-08/2-625?utm_source=share&ref=ohpik6tm
FXCr,https://made.example.invalid/e07-08/6-626?utm_source=share&ref=2a9f00kp
FXCs,https://made.example.invalid/e07-08/4-627?utm_source=share&ref=r8b6yh19
FXCt,https://made.example.invalid/e07-08/11-628?utm_source=share&ref=banlwyvg
FXCu,https://made.example.invalid/e07-08/14-629?utm_source=share&ref=3x45ol5w
FXCv,https://made.example.invalid/e07-08/2-630?utm_source=share&ref=aa7iwp4t
FXCw,https://made.example.invalid/e07-08/6-631?utm_source=share&ref=1atailv1
FXCx,https://made.example.invalid/e07-08/4-632?utm_source=share&ref=rj2tnyy3
FXCy,https://made.example.invalid/e07-08/11-633?utm_source=share&ref=t2qgr5yp
FXCz,https://made.example.invalid/e07-08/14-634?utm_source=share&ref=b0gutzoa
FXCA,https://made.example.invalid/e07-08/2-635?utm_source=share&ref=e1rofqjl
FXCB,https://made.example.invalid/e07-08/6-636?utm_source=share&ref=v5mje8ji
FXCC,https://made.example.invalid/e07-08/4-637?utm_source=share&ref=v2o9kt91
FXCD,https://made.example.invalid/e07-08/11-638?utm_source=share&ref=9pw3jmw4
FXCE,https://made.example.invalid/e07-08/14-639?utm_source=share&ref=kdxadh1j
FXCF,https://made.example.invalid/e07-08/2-640?utm_source=share&ref=rnzv4nk3
FXCG,https://made.example.invalid/e07-08/6-641?utm_source=share&ref=gi5fvsay
FXCH,https://made.example.invalid/e07-08/4-642?utm_source=share&ref=ajro4m4z
FXCI,https://made.example.invalid/e07-08/11-643?utm_source=share&ref=39f1ciqg
FXCJ,https://made.example.invalid/e07-08/14-644?utm_source=share&ref=6jkk4uii
FXCK,https://made.example.invalid/e07-08/2-645?utm_source=share&ref=k29xxsn7
FXCL,https://made.example.invalid/e07-08/6-646?utm_source=share&ref=gnvkpvq3
FXCM,https://made.example.invalid/e07-08/4-647?utm_source=share&ref=ka91w5my
FXCN,https://made.example.invalid/e07-08/11-648?utm_source=share&ref=lgn7blbo
FXCO,https://made.example.invalid/e07-08/14-649?utm_source=share&ref=iicz26bd
FXCP,https://made.example.invalid/e07-08/2-650?utm_source=share&ref=p298r8wt
FXCQ,https://made.example.invalid/e07-08/6-651?utm_source=share&ref=xxnyr2cn
FXCR,https://made.example.invalid/e07-08/4-652?utm_source=share&ref=aseb71mu
FXCS,https://made.example.invalid/e07-08/11-653?utm_source=share&ref=trl4wczc
FXCT,https://made.example.invalid/e07-08/14-654?utm_source=share&ref=bgwkb9hj
FXCU,https://made.example.invalid/e07-08/2-655?utm_source=share&ref=adgha7gg
FXCV,https://made.example.invalid/e07-08/6-656?utm_source=share&ref=qk50i8ch
FXCW,https://made.example.invalid/e07-08/4-657?utm_source=share&ref=3tdiev9t
FXCX,https://made.example.invalid/e07-08/11-658?utm_source=share&ref=4f7v0j8e
FXCY,https://made.example.invalid/e07-08/14-659?utm_source=share&ref=x81kbh7w
FXCZ,https://made.example.invalid/e07-08/2-660?utm_source=share&ref=4zb0b24d
FXD0,https://made.example.invalid/e07-08/6-661?utm_source=share&ref=k069ggoe
FXD1,https://made.example.invalid/e07-08/4-662?utm_source=share&ref=p179o81q
FXD2,https://made.example.invalid/e07-08/11-663?utm_source=share&ref=yonx7etn
FXD3,https://made.example.invalid/e07-08/14-664?utm_source=share&ref=j3tx25tk
FXD4,https://made.example.invalid/e07-08/2-665?utm_source=share&ref=nwzxgwvh
FXD5,https://made.example.invalid/e07-08/6-666?utm_source=share&ref=rikasvdw
FXD6,https://made.example.invalid/e07-08/4-667?utm_source=share&ref=hxhdqeb6
FXD7,https://made.example.invalid/e07-08/11-668?utm_source=share&ref=0umy9z14
FXD8,https://made.example.invalid/e07-08/14-669?utm_source=share&ref=mvzptlz7
FXD9,https://made.example.invalid/e07-08/2-670?utm_source=share&ref=7xu87b6u
FXDa,https://made.example.invalid/e07-08/6-671?utm_source=share&ref=44s6p2am
FXDb,https://made.example.invalid/e07-08/4-672?utm_source=share&ref=g4tdjvp7
FXDc,https://made.example.invalid/e07-08/11-673?utm_source=share&ref=boz4oy9u
FXDd,https://made.example.invalid/e07-08/14-674?utm_source=share&ref=kz9iw7rr
FXDe,https://made.example.invalid/e07-08/2-675?utm_source=share&ref=wvdb0yiq
FXDf,https://made.example.invalid/e07-08/6-676?utm_source=share&ref=5m3tldks
FXDg,https://made.example.invalid/e07-08/4-677?utm_source=share&ref=0yymo24g
FXDh,https://made.example.invalid/e07-08/11-678?utm_source=share&ref=22uepneh
FXDi,https://made.example.invalid/e07-08/14-679?utm_source=share&ref=xknfl4ou
FXDj,https://made.example.invalid/e07-08/2-680?utm_source=share&ref=9dhku6z1
FXDk,https://made.example.invalid/e07-08/6-681?utm_source=share&ref=zi51w76y
FXDl,https://made.example.invalid/e07-08/4-682?utm_source=share&ref=61h13ua4
FXDm,https://made.example.invalid/e07-08/11-683?utm_source=share&ref=95zmhnyy
FXDn,https://made.example.invalid/e07-08/14-684?utm_source=share&ref=izz6sf43
FXDo,https://made.example.invalid/e07-08/2-685?utm_source=share&ref=ubfnx71z
FXDp,https://made.example.invalid/e07-08/6-686?utm_source=share&ref=97fw8tkx
FXDq,https://made.example.invalid/e07-08/4-687?utm_source=share&ref=zrxaooxg
FXDr,https://made.example.invalid/e07-08/11-688?utm_source=share&ref=sub2kva5
FXDs,https://made.example.invalid/e07-08/14-689?utm_source=share&ref=bpa9cfu4
FXDt,https://made.example.invalid/e07-08/2-690?utm_source=share&ref=jk5veawd
FXDu,https://made.example.invalid/e07-08/6-691?utm_source=share&ref=i4vr83vr
FXDv,https://made.example.invalid/e07-08/4-692?utm_source=share&ref=g456hdih
FXDw,https://made.example.invalid/e07-08/11-693?utm_source=share&ref=yje06aiw
FXDx,https://made.example.invalid/e07-08/14-694?utm_source=share&ref=xp2b5a9o
FXDy,https://made.example.invalid/e07-08/2-695?utm_source=share&ref=uyp8bzt8
FXDz,https://made.example.invalid/e07-08/6-696?utm_source=share&ref=w62uy8wz
FXDA,https://made.example.invalid/e07-08/4-697?utm_source=share&ref=x640t3xm
FXDB,https://made.example.invalid/e07-08/11-698?utm_source=share&ref=i7yad9t3
FXDC,https://made.example.invalid/e07-08/14-699?utm_source=share&ref=jd542v52
FXDD,https://made.example.invalid/e07-08/2-700?utm_source=share&ref=5t7x0qoe
FXDE,https://made.example.invalid/e07-08/6-701?utm_source=share&ref=m3428v21
FXDF,https://made.example.invalid/e07-08/4-702?utm_source=share&ref=5evksnq6
FXDG,https://made.example.invalid/e07-08/11-703?utm_source=share&ref=ah2dlcfa
FXDH,https://made.example.invalid/e07-08/14-704?utm_source=share&ref=39uzcop0
FXDI,https://made.example.invalid/e07-08/2-705?utm_source=share&ref=9lq846uo
FXDJ,https://made.example.invalid/e07-08/6-706?utm_source=share&ref=f0rpmqgx
FXDK,https://made.example.invalid/e07-08/4-707?utm_source=share&ref=cp3722rg
FXDL,https://made.example.invalid/e07-08/11-708?utm_source=share&ref=yl5ofgjo
FXDM,https://made.example.invalid/e07-08/14-709?utm_source=share&ref=lgauwytr
FXDN,https://made.example.invalid/e07-08/2-710?utm_source=share&ref=8y0pckqs
FXDO,https://made.example.invalid/e07-08/6-711?utm_source=share&ref=oe1n4rhg
FXDP,https://made.example.invalid/e07-08/4-712?utm_source=share&ref=s6jhuc9f
FXDQ,https://made.example.invalid/e07-08/11-713?utm_source=share&ref=05y4fvxb
FXDR,https://made.example.invalid/e07-08/14-714?utm_source=share&ref=lgmtmm8f
FXDS,https://made.example.invalid/e07-08/2-715?utm_source=share&ref=n026d1yu
FXDT,https://made.example.invalid/e07-08/6-716?utm_source=share&ref=ch0zo5rs
FXDU,https://made.example.invalid/e07-08/4-717?utm_source=share&ref=wxm0xpz9
FXDV,https://made.example.invalid/e07-08/11-718?utm_source=share&ref=cxzlqz1v
FXDW,https://made.example.invalid/e07-08/14-719?utm_source=share&ref=1a2q49lq
FXDX,https://made.example.invalid/e07-08/2-720?utm_source=share&ref=11cezdyj
FXDY,https://made.example.invalid/e07-08/6-721?utm_source=share&ref=2st8tpwb
FXDZ,https://made.example.invalid/e07-08/4-722?utm_source=share&ref=i1zh19tj
FXE0,https://made.example.invalid/e07-08/11-723?utm_source=share&ref=iu6rzgkp
FXE1,https://made.example.invalid/e07-08/14-724?utm_source=share&ref=zjbyqfm8
FXE2,https://made.example.invalid/e07-08/2-725?utm_source=share&ref=daeuyd6a
FXE3,https://made.example.invalid/e07-08/6-726?utm_source=share&ref=zlw8odi7
FXE4,https://made.example.invalid/e07-08/4-727?utm_source=share&ref=6eenu08q
FXE5,https://made.example.invalid/e07-08/11-728?utm_source=share&ref=0mywhn7p
FXE6,https://made.example.invalid/e07-08/14-729?utm_source=share&ref=di1t5f1b
FXE7,https://made.example.invalid/e07-08/2-730?utm_source=share&ref=5v9nxzhw
FXE8,https://made.example.invalid/e07-08/6-731?utm_source=share&ref=hqowuyhs
FXE9,https://made.example.invalid/e07-08/4-732?utm_source=share&ref=d8m555l6
FXEa,https://made.example.invalid/e07-08/11-733?utm_source=share&ref=4beefq33
FXEb,https://made.example.invalid/e07-08/14-734?utm_source=share&ref=firyhuur
FXEc,https://made.example.invalid/e07-08/2-735?utm_source=share&ref=xs764grz
FXEd,https://made.example.invalid/e07-08/6-736?utm_source=share&ref=wd6d01gf
FXEe,https://made.example.invalid/e07-08/4-737?utm_source=share&ref=zyjicgie
FXEf,https://made.example.invalid/e07-08/11-738?utm_source=share&ref=1y7yariz
FXEg,https://made.example.invalid/e07-08/14-739?utm_source=share&ref=tpar9739
FXEh,https://made.example.invalid/e07-08/2-740?utm_source=share&ref=isyxpkts
FXEi,https://made.example.invalid/e07-08/6-741?utm_source=share&ref=quenyrs9
FXEj,https://made.example.invalid/e07-08/4-742?utm_source=share&ref=1fhfo5pi
FXEk,https://made.example.invalid/e07-08/11-743?utm_source=share&ref=fyar0zui
FXEl,https://made.example.invalid/e07-08/14-744?utm_source=share&ref=k3fhbolv
FXEm,https://made.example.invalid/e07-08/2-745?utm_source=share&ref=7dibkzca
FXEn,https://made.example.invalid/e07-08/6-746?utm_source=share&ref=c87xdpf5
FXEo,https://made.example.invalid/e07-08/4-747?utm_source=share&ref=2c26a7yq
FXEp,https://made.example.invalid/e07-08/11-748?utm_source=share&ref=f647w290
FXEq,https://made.example.invalid/e07-08/14-749?utm_source=share&ref=yuu91tsz
FXEr,https://made.example.invalid/e07-08/2-750?utm_source=share&ref=id0qyb5a
FXEs,https://made.example.invalid/e07-08/6-751?utm_source=share&ref=cfs6z9dc
FXEt,https://made.example.invalid/e07-08/4-752?utm_source=share&ref=izie5sp0
FXEu,https://made.example.invalid/e07-08/11-753?utm_source=share&ref=q5fljp0k
FXEv,https://made.example.invalid/e07-08/14-754?utm_source=share&ref=ks04f7sa
FXEw,https://made.example.invalid/e07-08/2-755?utm_source=share&ref=1nbcoj7u
FXEx,https://made.example.invalid/e07-08/6-756?utm_source=share&ref=m1amu93h
FXEy,https://made.example.invalid/e07-08/4-757?utm_source=share&ref=smgcyrly
FXEz,https://made.example.invalid/e07-08/11-758?utm_source=share&ref=ch1baauo
FXEA,https://made.example.invalid/e07-08/14-759?utm_source=share&ref=ogv63whw
FXEB,https://made.example.invalid/e07-08/2-760?utm_source=share&ref=2su6c647
FXEC,https://made.example.invalid/e07-08/6-761?utm_source=share&ref=qvxraltr
FXED,https://made.example.invalid/e07-08/4-762?utm_source=share&ref=84tz0re9
FXEE,https://made.example.invalid/e07-08/11-763?utm_source=share&ref=7jup6gjr
FXEF,https://made.example.invalid/e07-08/14-764?utm_source=share&ref=ulma6gp4
FXEG,https://made.example.invalid/e07-08/2-765?utm_source=share&ref=tvv4r02u
FXEH,https://made.example.invalid/e07-08/6-766?utm_source=share&ref=p4plrgev
FXEI,https://made.example.invalid/e07-08/4-767?utm_source=share&ref=j98q8qsc
FXEJ,https://made.example.invalid/e07-08/11-768?utm_source=share&ref=800dslam
FXEK,https://made.example.invalid/e07-08/14-769?utm_source=share&ref=klg48spc
FXEL,https://made.example.invalid/e07-08/2-770?utm_source=share&ref=n6f17wdh
FXEM,https://made.example.invalid/e07-08/6-771?utm_source=share&ref=hqp68qkk
FXEN,https://made.example.invalid/e07-08/4-772?utm_source=share&ref=7skd6d15
FXEO,https://made.example.invalid/e07-08/11-773?utm_source=share&ref=yg8dwccf
FXEP,https://made.example.invalid/e07-08/14-774?utm_source=share&ref=8u5zl4vs
FXEQ,https://made.example.invalid/e07-08/2-775?utm_source=share&ref=lrdww07x
FXER,https://made.example.invalid/e07-08/6-776?utm_source=share&ref=pz1e9iww
FXES,https://made.example.invalid/e07-08/4-777?utm_source=share&ref=9uy46p23
FXET,https://made.example.invalid/e07-08/11-778?utm_source=share&ref=oc0wivoc
FXEU,https://made.example.invalid/e07-08/14-779?utm_source=share&ref=fv7fdlt4
FXEV,https://made.example.invalid/e07-08/2-780?utm_source=share&ref=qmckgetw
FXEW,https://made.example.invalid/e07-08/6-781?utm_source=share&ref=oqjpc147
FXEX,https://made.example.invalid/e07-08/4-782?utm_source=share&ref=s9wchuo5
FXEY,https://made.example.invalid/e07-08/11-783?utm_source=share&ref=cjq6jeik
FXEZ,https://made.example.invalid/e07-08/14-784?utm_source=share&ref=j3llpnfv
FXF0,https://made.example.invalid/e07-08/2-785?utm_source=share&ref=vcugmngf
FXF1,https://made.example.invalid/e07-08/6-786?utm_source=share&ref=b72egymj
FXF2,https://made.example.invalid/e07-08/4-787?utm_source=share&ref=8sst7d8m
FXF3,https://made.example.invalid/e07-08/11-788?utm_source=share&ref=3fc5yqba
FXF4,https://made.example.invalid/e07-08/14-789?utm_source=share&ref=jh6v7qhd
FXF5,https://made.example.invalid/e07-08/2-790?utm_source=share&ref=ckabv0b6
FXF6,https://made.example.invalid/e07-08/6-791?utm_source=share&ref=xpno013z
FXF7,https://made.example.invalid/e07-08/4-792?utm_source=share&ref=em261ep2
FXF8,https://made.example.invalid/e07-08/11-793?utm_source=share&ref=t7yxv4kj
FXF9,https://made.example.invalid/e07-08/14-794?utm_source=share&ref=ayldmxyp
FXFa,https://made.example.invalid/e07-08/2-795?utm_source=share&ref=w8o7u5lz
FXFb,https://made.example.invalid/e07-08/6-796?utm_source=share&ref=8gp83cv7
FXFc,https://made.example.invalid/e07-08/4-797?utm_source=share&ref=v7ey8vxj
FXFd,https://made.example.invalid/e07-08/11-798?utm_source=share&ref=s0ipnstt
FXFe,https://made.example.invalid/e07-08/14-799?utm_source=share&ref=arjlp69q
FXFf,https://made.example.invalid/e07-08/2-800?utm_source=share&ref=2vwgceh5
FXFg,https://made.example.invalid/e07-08/6-801?utm_source=share&ref=hyiwh36k
FXFh,https://made.example.invalid/e07-08/4-802?utm_source=share&ref=pa138vel
FXFi,https://made.example.invalid/e07-08/11-803?utm_source=share&ref=g7aq28o8
FXFj,https://made.example.invalid/e07-08/14-804?utm_source=share&ref=b7yc6mjr
FXFk,https://made.example.invalid/e07-08/2-805?utm_source=share&ref=q4nee1hf
FXFl,https://made.example.invalid/e07-08/6-806?utm_source=share&ref=8bvh5uff
FXFm,https://made.example.invalid/e07-08/4-807?utm_source=share&ref=1uf829tt
FXFn,https://made.example.invalid/e07-08/11-808?utm_source=share&ref=4a1nnsce
FXFo,https://made.example.invalid/e07-08/14-809?utm_source=share&ref=c3b2belr
FXFp,https://made.example.invalid/e07-08/2-810?utm_source=share&ref=pt7y30vg
FXFq,https://made.example.invalid/e07-08/6-811?utm_source=share&ref=s7vfjeg5
FXFr,https://made.example.invalid/e07-08/4-812?utm_source=share&ref=weannzrw
FXFs,https://made.example.invalid/e07-08/11-813?utm_source=share&ref=eqaefrys
FXFt,https://made.example.invalid/e07-08/14-814?utm_source=share&ref=ilot7br4
FXFu,https://made.example.invalid/e07-08/2-815?utm_source=share&ref=9nwly8vh
FXFv,https://made.example.invalid/e07-08/6-816?utm_source=share&ref=gusli9e7
FXFw,https://made.example.invalid/e07-08/4-817?utm_source=share&ref=7e114th0
FXFx,https://made.example.invalid/e07-08/11-818?utm_source=share&ref=nhbfhslw
FXFy,https://made.example.invalid/e07-08/14-819?utm_source=share&ref=n4ulg36o
K9Oy,https://made.example.invalid/e07-08/14-1270?utm_source=share&ref=2i4fv01x
K9Oz,https://made.example.invalid/e07-08/823-1271?utm_source=share&ref=7i96be46
K9OA,https://made.example.invalid/e07-08/4-1272?utm_source=share&ref=7uxpieog
K9OB,https://made.example.invalid/e07-08/764-1273?utm_source=share&ref=ib3a8jsy
K9OC,https://made.example.invalid/e07-08/874-1274?utm_source=share&ref=ybw7rh70
K9OD,https://made.example.invalid/e07-08/662-1275?utm_source=share&ref=9aup129p
K9OE,https://made.example.invalid/e07-08/531-1276?utm_source=share&ref=i1q4vsoj
K9OF,https://made.example.invalid/e07-08/379-1277?utm_source=share&ref=e4a9ojjc
K9OG,https://made.example.invalid/e07-08/611-1278?utm_source=share&ref=bh7goe6h
K9OH,https://made.example.invalid/e07-08/2-1279?utm_source=share&ref=7f6vvsu0
K9OI,https://made.example.invalid/e07-08/713-1280?utm_source=share&ref=n0r9k30i
K9OJ,https://made.example.invalid/e07-08/927-1281?utm_source=share&ref=qrfq6gk1
K9OK,https://made.example.invalid/e07-08/11-1282?utm_source=share&ref=yv6bd9cx
K9OL,https://made.example.invalid/e07-08/430-1283?utm_source=share&ref=tr6ry92l
K9OM,https://made.example.invalid/e07-08/175-1284?utm_source=share&ref=2mx9xqq1
K9ON,https://made.example.invalid/e07-08/6-1285?utm_source=share&ref=eno3twug
K9OO,https://made.example.invalid/e07-08/481-1286?utm_source=share&ref=ike3m495
K9OP,https://made.example.invalid/e07-08/328-1287?utm_source=share&ref=u3kkq7y2
K9OQ,https://made.example.invalid/e07-08/277-1288?utm_source=share&ref=pau7h693
K9OR,https://made.example.invalid/e07-08/226-1289?utm_source=share&ref=k0l188be
K9OS,https://made.example.invalid/e07-08/977-1290?utm_source=share&ref=ajkl7djv
K9OT,https://made.example.invalid/e07-08/14-1291?utm_source=share&ref=jzm2usny
K9OU,https://made.example.invalid/e07-08/823-1292?utm_source=share&ref=zaszchci
K9OV,https://made.example.invalid/e07-08/4-1293?utm_source=share&ref=0k22zptg
K9OW,https://made.example.invalid/e07-08/764-1294?utm_source=share&ref=b4wp4x6j
K9OX,https://made.example.invalid/e07-08/874-1295?utm_source=share&ref=63evfr1y
K9OY,https://made.example.invalid/e07-08/662-1296?utm_source=share&ref=s50xxpv4
K9OZ,https://made.example.invalid/e07-08/531-1297?utm_source=share&ref=mvydkjin
K9P0,https://made.example.invalid/e07-08/379-1298?utm_source=share&ref=m0czf8j0
K9P1,https://made.example.invalid/e07-08/611-1299?utm_source=share&ref=vm2fi9lw
K9P2,https://made.example.invalid/e07-08/2-1300?utm_source=share&ref=o3jipwj6
K9P3,https://made.example.invalid/e07-08/713-1301?utm_source=share&ref=2mijhsc8
K9P4,https://made.example.invalid/e07-08/927-1302?utm_source=share&ref=unw9xw9e
K9P5,https://made.example.invalid/e07-08/11-1303?utm_source=share&ref=quszpo5d
K9P6,https://made.example.invalid/e07-08/430-1304?utm_source=share&ref=sgifdf7y
K9P7,https://made.example.invalid/e07-08/175-1305?utm_source=share&ref=1u8etmbt
K9P8,https://made.example.invalid/e07-08/6-1306?utm_source=share&ref=7okrh1nn
K9P9,https://made.example.invalid/e07-08/481-1307?utm_source=share&ref=zu2jjqey
K9Pa,https://made.example.invalid/e07-08/328-1308?utm_source=share&ref=vws7xttp
K9Pb,https://made.example.invalid/e07-08/277-1309?utm_source=share&ref=baifn0j1
K9Pc,https://made.example.invalid/e07-08/226-1310?utm_source=share&ref=pbw0mkmr
K9Pd,https://made.example.invalid/e07-08/977-1311?utm_source=share&ref=1vrjv1l4
K9Pe,https://made.example.invalid/e07-08/14-1312?utm_source=share&ref=e60g0jmn
K9Pf,https://made.example.invalid/e07-08/823-1313?utm_source=share&ref=2yxw0w29
K9Pg,https://made.example.invalid/e07-08/4-1314?utm_source=share&ref=peuevycz
K9Ph,https://made.example.invalid/e07-08/764-1315?utm_source=share&ref=sx5kwe38
K9Pi,https://made.example.invalid/e07-08/874-1316?utm_source=share&ref=7hmro9nb
K9Pj,https://made.example.invalid/e07-08/662-1317?utm_source=share&ref=091jb4cq
K9Pk,https://made.example.invalid/e07-08/531-1318?utm_source=share&ref=bqi354xe
K9Pl,https://made.example.invalid/e07-08/379-1319?utm_source=share&ref=z6oi9rah
K9Pm,https://made.example.invalid/e07-08/611-1320?utm_source=share&ref=h004ldfm
K9Pn,https://made.example.invalid/e07-08/2-1321?utm_source=share&ref=9dxssry1
K9Po,https://made.example.invalid/e07-08/713-1322?utm_source=share&ref=0owz71bt
K9Pp,https://made.example.invalid/e07-08/927-1323?utm_source=share&ref=usmnpg1i
K9Pq,https://made.example.invalid/e07-08/11-1324?utm_source=share&ref=ocxehdpm
K9Pr,https://made.example.invalid/e07-08/430-1325?utm_source=share&ref=z7zby8cr
K9Ps,https://made.example.invalid/e07-08/175-1326?utm_source=share&ref=2hvr89ce
K9Pt,https://made.example.invalid/e07-08/6-1327?utm_source=share&ref=pq3an4qq
K9Pu,https://made.example.invalid/e07-08/481-1328?utm_source=share&ref=widw5dlk
K9Pv,https://made.example.invalid/e07-08/328-1329?utm_source=share&ref=4gahfazl
K9Pw,https://made.example.invalid/e07-08/277-1330?utm_source=share&ref=dltb5qxj
K9Px,https://made.example.invalid/e07-08/226-1331?utm_source=share&ref=q0xrv3zj
K9Py,https://made.example.invalid/e07-08/977-1332?utm_source=share&ref=fk7yrcwq
K9Pz,https://made.example.invalid/e07-08/14-1333?utm_source=share&ref=ia1nfyd7
K9PA,https://made.example.invalid/e07-08/823-1334?utm_source=share&ref=cnpmsvyg
K9PB,https://made.example.invalid/e07-08/4-1335?utm_source=share&ref=cwerx7l7
K9PC,https://made.example.invalid/e07-08/764-1336?utm_source=share&ref=kp1j2qbd
K9PD,https://made.example.invalid/e07-08/874-1337?utm_source=share&ref=0c2i807b
K9PE,https://made.example.invalid/e07-08/662-1338?utm_source=share&ref=ymjj0907
K9PF,https://made.example.invalid/e07-08/531-1339?utm_source=share&ref=0lebap83
K9PG,https://made.example.invalid/e07-08/379-1340?utm_source=share&ref=t70pf164
K9PH,https://made.example.invalid/e07-08/611-1341?utm_source=share&ref=93l2imqn
K9PI,https://made.example.invalid/e07-08/2-1342?utm_source=share&ref=8nhfpwyr
K9PJ,https://made.example.invalid/e07-08/713-1343?utm_source=share&ref=qbc0dgi2
K9PK,https://made.example.invalid/e07-08/927-1344?utm_source=share&ref=ibamadgv
K9PL,https://made.example.invalid/e07-08/11-1345?utm_source=share&ref=f99wbat0
K9PM,https://made.example.invalid/e07-08/430-1346?utm_source=share&ref=c5g65wyb
K9PN,https://made.example.invalid/e07-08/175-1347?utm_source=share&ref=yrt9j16o
K9PO,https://made.example.invalid/e07-08/6-1348?utm_source=share&ref=oc5h4i0w
K9PP,https://made.example.invalid/e07-08/481-1349?utm_source=share&ref=pn2xh68x
K9PQ,https://made.example.invalid/e07-08/328-1350?utm_source=share&ref=oniiszor
K9PR,https://made.example.invalid/e07-08/277-1351?utm_source=share&ref=5mczsnr3
K9PS,https://made.example.invalid/e07-08/226-1352?utm_source=share&ref=tihtcx0n
K9PT,https://made.example.invalid/e07-08/977-1353?utm_source=share&ref=y4d1azk7
K9PU,https://made.example.invalid/e07-08/14-1354?utm_source=share&ref=1p1qunyh
K9PV,https://made.example.invalid/e07-08/823-1355?utm_source=share&ref=nfaw11fb
K9PW,https://made.example.invalid/e07-08/4-1356?utm_source=share&ref=cnv7urnu
K9PX,https://made.example.invalid/e07-08/764-1357?utm_source=share&ref=llhfez3q
K9PY,https://made.example.invalid/e07-08/874-1358?utm_source=share&ref=ctso919c
K9PZ,https://made.example.invalid/e07-08/662-1359?utm_source=share&ref=smelrubi
K9Q0,https://made.example.invalid/e07-08/531-1360?utm_source=share&ref=muhnx39s
K9Q1,https://made.example.invalid/e07-08/379-1361?utm_source=share&ref=pwgbsr9l
K9Q2,https://made.example.invalid/e07-08/611-1362?utm_source=share&ref=i5ag66d6
K9Q3,https://made.example.invalid/e07-08/2-1363?utm_source=share&ref=lx2p1f2m
K9Q4,https://made.example.invalid/e07-08/713-1364?utm_source=share&ref=wkz9sh8w
K9Q5,https://made.example.invalid/e07-08/927-1365?utm_source=share&ref=cn4v1v61
K9Q6,https://made.example.invalid/e07-08/11-1366?utm_source=share&ref=kmvpfv1u
K9Q7,https://made.example.invalid/e07-08/430-1367?utm_source=share&ref=lmgiaxyv
K9Q8,https://made.example.invalid/e07-08/175-1368?utm_source=share&ref=rzcwqqb7
K9Q9,https://made.example.invalid/e07-08/6-1369?utm_source=share&ref=f6cq6ybt
K9Qa,https://made.example.invalid/e07-08/481-1370?utm_source=share&ref=z4zaly2m
K9Qb,https://made.example.invalid/e07-08/328-1371?utm_source=share&ref=pzvjkkfc
K9Qc,https://made.example.invalid/e07-08/277-1372?utm_source=share&ref=stzp7nq5
K9Qd,https://made.example.invalid/e07-08/226-1373?utm_source=share&ref=1pn014is
K9Qe,https://made.example.invalid/e07-08/977-1374?utm_source=share&ref=4lh0gyhd
K9Qf,https://made.example.invalid/e07-08/14-1375?utm_source=share&ref=0vqoqi4q
K9Qg,https://made.example.invalid/e07-08/823-1376?utm_source=share&ref=1nvxnsk2
K9Qh,https://made.example.invalid/e07-08/4-1377?utm_source=share&ref=na9cd3mh
K9Qi,https://made.example.invalid/e07-08/764-1378?utm_source=share&ref=sbkg4r5u
K9Qj,https://made.example.invalid/e07-08/874-1379?utm_source=share&ref=xi89dpdt
K9Qk,https://made.example.invalid/e07-08/662-1380?utm_source=share&ref=y84hvg37
K9Ql,https://made.example.invalid/e07-08/531-1381?utm_source=share&ref=5r0ocman
K9Qm,https://made.example.invalid/e07-08/379-1382?utm_source=share&ref=ay8ajavw
K9Qn,https://made.example.invalid/e07-08/611-1383?utm_source=share&ref=kc5f75i0
K9Qo,https://made.example.invalid/e07-08/2-1384?utm_source=share&ref=g2ejqz1s
K9Qp,https://made.example.invalid/e07-08/713-1385?utm_source=share&ref=jw1udn7o
K9Qq,https://made.example.invalid/e07-08/927-1386?utm_source=share&ref=txy8itlu
K9Qr,https://made.example.invalid/e07-08/11-1387?utm_source=share&ref=8slchdd6
K9Qs,https://made.example.invalid/e07-08/430-1388?utm_source=share&ref=9gs147et
K9Qt,https://made.example.invalid/e07-08/175-1389?utm_source=share&ref=oysmz2na
K9Qu,https://made.example.invalid/e07-08/6-1390?utm_source=share&ref=t1vtg37r
K9Qv,https://made.example.invalid/e07-08/481-1391?utm_source=share&ref=v2pk5d54
K9Qw,https://made.example.invalid/e07-08/328-1392?utm_source=share&ref=d6507djz
K9Qx,https://made.example.invalid/e07-08/277-1393?utm_source=share&ref=kaoylykx
K9Qy,https://made.example.invalid/e07-08/226-1394?utm_source=share&ref=lgsboe44
K9Qz,https://made.example.invalid/e07-08/977-1395?utm_source=share&ref=y1dxbol9
K9QA,https://made.example.invalid/e07-08/14-1396?utm_source=share&ref=sgifmqqx
K9QB,https://made.example.invalid/e07-08/823-1397?utm_source=share&ref=klbf53qo
K9QC,https://made.example.invalid/e07-08/4-1398?utm_source=share&ref=kiqec5fg
K9QD,https://made.example.invalid/e07-08/764-1399?utm_source=share&ref=r8mibjqw
K9QE,https://made.example.invalid/e07-08/874-1400?utm_source=share&ref=j7iwnfqx
K9QF,https://made.example.invalid/e07-08/662-1401?utm_source=share&ref=yr3h5tsz
K9QG,https://made.example.invalid/e07-08/531-1402?utm_source=share&ref=kqmrrnm2
K9QH,https://made.example.invalid/e07-08/379-1403?utm_source=share&ref=8rq5scxl
K9QI,https://made.example.invalid/e07-08/611-1404?utm_source=share&ref=n83gi6di
K9QJ,https://made.example.invalid/e07-08/2-1405?utm_source=share&ref=umjj1dng
K9QK,https://made.example.invalid/e07-08/713-1406?utm_source=share&ref=wid1r90d
K9QL,https://made.example.invalid/e07-08/927-1407?utm_source=share&ref=ziztzax7
K9QM,https://made.example.invalid/e07-08/11-1408?utm_source=share&ref=ddcj23e8
K9QN,https://made.example.invalid/e07-08/430-1409?utm_source=share&ref=ea7nxvls
K9QO,https://made.example.invalid/e07-08/175-1410?utm_source=share&ref=lnwwo9yc
K9QP,https://made.example.invalid/e07-08/6-1411?utm_source=share&ref=5h2q5d2w
K9QQ,https://made.example.invalid/e07-08/481-1412?utm_source=share&ref=tl9mzr8u
K9QR,https://made.example.invalid/e07-08/328-1413?utm_source=share&ref=wungljt4
K9QS,https://made.example.invalid/e07-08/277-1414?utm_source=share&ref=gxq6rgf1
K9QT,https://made.example.invalid/e07-08/226-1415?utm_source=share&ref=tz0294hc
K9QU,https://made.example.invalid/e07-08/977-1416?utm_source=share&ref=656k2bzx
K9QV,https://made.example.invalid/e07-08/14-1417?utm_source=share&ref=ju1t6aem
K9QW,https://made.example.invalid/e07-08/823-1418?utm_source=share&ref=4jkngglb
K9QX,https://made.example.invalid/e07-08/4-1419?utm_source=share&ref=zgubv1tk
K9QY,https://made.example.invalid/e07-08/764-1420?utm_source=share&ref=7ph6x5pv
K9QZ,https://made.example.invalid/e07-08/874-1421?utm_source=share&ref=2qvzyycf
K9R0,https://made.example.invalid/e07-08/662-1422?utm_source=share&ref=8a1mz5ds
K9R1,https://made.example.invalid/e07-08/531-1423?utm_source=share&ref=xa1zrg9y
K9R2,https://made.example.invalid/e07-08/379-1424?utm_source=share&ref=fl3dyno4
K9R3,https://made.example.invalid/e07-08/611-1425?utm_source=share&ref=xajwct97
K9R4,https://made.example.invalid/e07-08/2-1426?utm_source=share&ref=2we9b7fl
K9R5,https://made.example.invalid/e07-08/713-1427?utm_source=share&ref=h9gdq0k5
K9R6,https://made.example.invalid/e07-08/927-1428?utm_source=share&ref=h8lh6oqa
K9R7,https://made.example.invalid/e07-08/11-1429?utm_source=share&ref=dwgzoqqz
K9R8,https://made.example.invalid/e07-08/430-1430?utm_source=share&ref=9ggmef2s
K9R9,https://made.example.invalid/e07-08/175-1431?utm_source=share&ref=gvifwf8b
K9Ra,https://made.example.invalid/e07-08/6-1432?utm_source=share&ref=f23vhfzr
K9Rb,https://made.example.invalid/e07-08/481-1433?utm_source=share&ref=osmzt9of
K9Rc,https://made.example.invalid/e07-08/328-1434?utm_source=share&ref=05hay8fw
K9Rd,https://made.example.invalid/e07-08/277-1435?utm_source=share&ref=ln1o5d3i
K9Re,https://made.example.invalid/e07-08/226-1436?utm_source=share&ref=8p37n600
K9Rf,https://made.example.invalid/e07-08/977-1437?utm_source=share&ref=l13hxux5
K9Rg,https://made.example.invalid/e07-08/14-1438?utm_source=share&ref=ngdau3zs
K9Rh,https://made.example.invalid/e07-08/823-1439?utm_source=share&ref=wchijnt1
K9Ri,https://made.example.invalid/e07-08/4-1440?utm_source=share&ref=r0ob6jib
K9Rj,https://made.example.invalid/e07-08/764-1441?utm_source=share&ref=hwsjlvnb
K9Rk,https://made.example.invalid/e07-08/874-1442?utm_source=share&ref=ps2q5mvp
K9Rl,https://made.example.invalid/e07-08/662-1443?utm_source=share&ref=blzvpg0t
K9Rm,https://made.example.invalid/e07-08/531-1444?utm_source=share&ref=htvzh7kr
K9Rn,https://made.example.invalid/e07-08/379-1445?utm_source=share&ref=8px86s6u
K9Ro,https://made.example.invalid/e07-08/611-1446?utm_source=share&ref=f2jxf3ay
K9Rp,https://made.example.invalid/e07-08/2-1447?utm_source=share&ref=kuskrhji
K9Rq,https://made.example.invalid/e07-08/713-1448?utm_source=share&ref=nbcv0atl
K9Rr,https://made.example.invalid/e07-08/927-1449?utm_source=share&ref=ry6qhh77
K9Rs,https://made.example.invalid/e07-08/11-1450?utm_source=share&ref=9jr1b78t
K9Rt,https://made.example.invalid/e07-08/430-1451?utm_source=share&ref=03bb461g
K9Ru,https://made.example.invalid/e07-08/175-1452?utm_source=share&ref=ao117zog
K9Rv,https://made.example.invalid/e07-08/6-1453?utm_source=share&ref=2napljox
K9Rw,https://made.example.invalid/e07-08/481-1454?utm_source=share&ref=kl6wjwy7
K9Rx,https://made.example.invalid/e07-08/328-1455?utm_source=share&ref=8rmkx3hh
K9Ry,https://made.example.invalid/e07-08/277-1456?utm_source=share&ref=wk7o186p
K9Rz,https://made.example.invalid/e07-08/226-1457?utm_source=share&ref=pintjgu1
K9RA,https://made.example.invalid/e07-08/977-1458?utm_source=share&ref=r0qpltuk
K9RB,https://made.example.invalid/e07-08/14-1459?utm_source=share&ref=9d7tvepu
K9RC,https://made.example.invalid/e07-08/823-1460?utm_source=share&ref=zykvixhl
K9RD,https://made.example.invalid/e07-08/4-1461?utm_source=share&ref=tkx9412k
K9RE,https://made.example.invalid/e07-08/764-1462?utm_source=share&ref=o848vqq8
K9RF,https://made.example.invalid/e07-08/874-1463?utm_source=share&ref=gq5jp09e
K9RG,https://made.example.invalid/e07-08/662-1464?utm_source=share&ref=64l03cdi
K9RH,https://made.example.invalid/e07-08/531-1465?utm_source=share&ref=o7gxfneo
K9RI,https://made.example.invalid/e07-08/379-1466?utm_source=share&ref=f5nasaze
K9RJ,https://made.example.invalid/e07-08/611-1467?utm_source=share&ref=y6icv9w3
K9RK,https://made.example.invalid/e07-08/2-1468?utm_source=share&ref=bqdut8cy
K9RL,https://made.example.invalid/e07-08/713-1469?utm_source=share&ref=xlqbj866
K9RM,https://made.example.invalid/e07-08/927-1470?utm_source=share&ref=07lwab5n
K9RN,https://made.example.invalid/e07-08/11-1471?utm_source=share&ref=aqvppgsp
K9RO,https://made.example.invalid/e07-08/430-1472?utm_source=share&ref=6qj259cu
K9RP,https://made.example.invalid/e07-08/175-1473?utm_source=share&ref=lgkvptkv
K9RQ,https://made.example.invalid/e07-08/6-1474?utm_source=share&ref=r48w3nxb
K9RR,https://made.example.invalid/e07-08/481-1475?utm_source=share&ref=00e1cfws
K9RS,https://made.example.invalid/e07-08/328-1476?utm_source=share&ref=ffdarhin
K9RT,https://made.example.invalid/e07-08/277-1477?utm_source=share&ref=4px3alfg
K9RU,https://made.example.invalid/e07-08/226-1478?utm_source=share&ref=yro8v3di
K9RV,https://made.example.invalid/e07-08/977-1479?utm_source=share&ref=gi1mjlqc
K9RW,https://made.example.invalid/e07-08/14-1480?utm_source=share&ref=2tew9sph
K9RX,https://made.example.invalid/e07-08/823-1481?utm_source=share&ref=k5mqtoow
K9RY,https://made.example.invalid/e07-08/4-1482?utm_source=share&ref=x1dyz06n
K9RZ,https://made.example.invalid/e07-08/764-1483?utm_source=share&ref=0zu4b6fa
K9S0,https://made.example.invalid/e07-08/874-1484?utm_source=share&ref=jag3i40w
K9S1,https://made.example.invalid/e07-08/662-1485?utm_source=share&ref=wrlt5rpj
K9S2,https://made.example.invalid/e07-08/531-1486?utm_source=share&ref=n3g63ojg
K9S3,https://made.example.invalid/e07-08/379-1487?utm_source=share&ref=mk386a0i
K9S4,https://made.example.invalid/e07-08/611-1488?utm_source=share&ref=vx9ntron
K9S5,https://made.example.invalid/e07-08/2-1489?utm_source=share&ref=a3l2l4n9
K9S6,https://made.example.invalid/e07-08/713-1490?utm_source=share&ref=gypb1ij1
K9S7,https://made.example.invalid/e07-08/927-1491?utm_source=share&ref=rhoneec2
K9S8,https://made.example.invalid/e07-08/11-1492?utm_source=share&ref=s9z889hp
K9S9,https://made.example.invalid/e07-08/430-1493?utm_source=share&ref=6sfffaf3
K9Sa,https://made.example.invalid/e07-08/175-1494?utm_source=share&ref=cg4rz6tp
K9Sb,https://made.example.invalid/e07-08/6-1495?utm_source=share&ref=gxgiphjk
K9Sc,https://made.example.invalid/e07-08/481-1496?utm_source=share&ref=8ewjio2x
K9Sd,https://made.example.invalid/e07-08/328-1497?utm_source=share&ref=m3mxqy06
K9Se,https://made.example.invalid/e07-08/277-1498?utm_source=share&ref=0l3ppwva
K9Sf,https://made.example.invalid/e07-08/226-1499?utm_source=share&ref=xd9rz2p6
K9Sg,https://made.example.invalid/e07-08/977-1500?utm_source=share&ref=pivyupe4
K9Sh,https://made.example.invalid/e07-08/14-1501?utm_source=share&ref=a4pmap2l
K9Si,https://made.example.invalid/e07-08/823-1502?utm_source=share&ref=qdxeioe1
K9Sj,https://made.example.invalid/e07-08/4-1503?utm_source=share&ref=n4clp00z
K9Sk,https://made.example.invalid/e07-08/764-1504?utm_source=share&ref=r45wduva
K9Sl,https://made.example.invalid/e07-08/874-1505?utm_source=share&ref=sjok8uw3
K9Sm,https://made.example.invalid/e07-08/662-1506?utm_source=share&ref=xo6gcbuf
K9Sn,https://made.example.invalid/e07-08/531-1507?utm_source=share&ref=c20zr799
K9So,https://made.example.invalid/e07-08/379-1508?utm_source=share&ref=8vr8cfxe
K9Sp,https://made.example.invalid/e07-08/611-1509?utm_source=share&ref=yqodhhhh
K9Sq,https://made.example.invalid/e07-08/2-1510?utm_source=share&ref=br1xmf3s
K9Sr,https://made.example.invalid/e07-08/713-1511?utm_source=share&ref=izh0nkoe
K9Ss,https://made.example.invalid/e07-08/927-1512?utm_source=share&ref=8d4znb1e
K9St,https://made.example.invalid/e07-08/11-1513?utm_source=share&ref=cjj96sy0
K9Su,https://made.example.invalid/e07-08/430-1514?utm_source=share&ref=4n87rdzv
K9Sv,https://made.example.invalid/e07-08/175-1515?utm_source=share&ref=vbvex0zk
K9Sw,https://made.example.invalid/e07-08/6-1516?utm_source=share&ref=2ksyc4qb
K9Sx,https://made.example.invalid/e07-08/481-1517?utm_source=share&ref=cvzz25f5
K9Sy,https://made.example.invalid/e07-08/328-1518?utm_source=share&ref=fyz4oz1n
K9Sz,https://made.example.invalid/e07-08/277-1519?utm_source=share&ref=p7bu7ds3
K9SA,https://made.example.invalid/e07-08/226-1520?utm_source=share&ref=t4d3bson
K9SB,https://made.example.invalid/e07-08/977-1521?utm_source=share&ref=otxoqpr1
K9SC,https://made.example.invalid/e07-08/14-1522?utm_source=share&ref=nbcjh36p
K9SD,https://made.example.invalid/e07-08/823-1523?utm_source=share&ref=wq5e9yxn
K9SE,https://made.example.invalid/e07-08/4-1524?utm_source=share&ref=0yahi9pj
K9SF,https://made.example.invalid/e07-08/764-1525?utm_source=share&ref=poq7g465
K9SG,https://made.example.invalid/e07-08/874-1526?utm_source=share&ref=sv9vh8vl
K9SH,https://made.example.invalid/e07-08/662-1527?utm_source=share&ref=wx9djgcz
K9SI,https://made.example.invalid/e07-08/531-1528?utm_source=share&ref=4zdcyenp
K9SJ,https://made.example.invalid/e07-08/379-1529?utm_source=share&ref=6oneibkl
K9SK,https://made.example.invalid/e07-08/611-1530?utm_source=share&ref=u2mn0yt5
K9SL,https://made.example.invalid/e07-08/2-1531?utm_source=share&ref=1d64k7fd
K9SM,https://made.example.invalid/e07-08/713-1532?utm_source=share&ref=jrtl6cjy
K9SN,https://made.example.invalid/e07-08/927-1533?utm_source=share&ref=si6hw9t9
K9SO,https://made.example.invalid/e07-08/11-1534?utm_source=share&ref=6jctjeov
K9SP,https://made.example.invalid/e07-08/430-1535?utm_source=share&ref=e960bh2e
K9SQ,https://made.example.invalid/e07-08/175-1536?utm_source=share&ref=vokoffzz
K9SR,https://made.example.invalid/e07-08/6-1537?utm_source=share&ref=n3aslsmp
K9SS,https://made.example.invalid/e07-08/481-1538?utm_source=share&ref=c9e2odac
K9ST,https://made.example.invalid/e07-08/328-1539?utm_source=share&ref=c5k7fgmy
K9SU,https://made.example.invalid/e07-08/277-1540?utm_source=share&ref=45oeloli
K9SV,https://made.example.invalid/e07-08/226-1541?utm_source=share&ref=jjrnd1kg
K9SW,https://made.example.invalid/e07-08/977-1542?utm_source=share&ref=ja23prqu
K9SX,https://made.example.invalid/e07-08/14-1543?utm_source=share&ref=hls1yh11
K9SY,https://made.example.invalid/e07-08/823-1544?utm_source=share&ref=kn49rm5l
K9SZ,https://made.example.invalid/e07-08/4-1545?utm_source=share&ref=glocbi1f
K9T0,https://made.example.invalid/e07-08/764-1546?utm_source=share&ref=c4kn2rjd
K9T1,https://made.example.invalid/e07-08/874-1547?utm_source=share&ref=sicpn550
K9T2,https://made.example.invalid/e07-08/662-1548?utm_source=share&ref=883u8e3d
K9T3,https://made.example.invalid/e07-08/531-1549?utm_source=share&ref=clcpwync
K9T4,https://made.example.invalid/e07-08/379-1550?utm_source=share&ref=tg6c706j
K9T5,https://made.example.invalid/e07-08/611-1551?utm_source=share&ref=10lak7zl
K9T6,https://made.example.invalid/e07-08/2-1552?utm_source=share&ref=l3vufql6
K9T7,https://made.example.invalid/e07-08/713-1553?utm_source=share&ref=wkcpahp8
K9T8,https://made.example.invalid/e07-08/927-1554?utm_source=share&ref=mqxiudl3
K9T9,https://made.example.invalid/e07-08/11-1555?utm_source=share&ref=dl6shrtf
K9Ta,https://made.example.invalid/e07-08/430-1556?utm_source=share&ref=2y1vtq6q
K9Tb,https://made.example.invalid/e07-08/175-1557?utm_source=share&ref=c6you0ds
K9Tc,https://made.example.invalid/e07-08/6-1558?utm_source=share&ref=582in9fj
K9Td,https://made.example.invalid/e07-08/481-1559?utm_source=share&ref=qminiuiy
K9Te,https://made.example.invalid/e07-08/328-1560?utm_source=share&ref=t6zexyjg
K9Tf,https://made.example.invalid/e07-08/277-1561?utm_source=share&ref=2p3faebr
K9Tg,https://made.example.invalid/e07-08/226-1562?utm_source=share&ref=lyfay99v
K9Th,https://made.example.invalid/e07-08/977-1563?utm_source=share&ref=vj1v5azo
K9Ti,https://made.example.invalid/e07-08/14-1564?utm_source=share&ref=7g07kw5n
K9Tj,https://made.example.invalid/e07-08/823-1565?utm_source=share&ref=dm7d1x4q
K9Tk,https://made.example.invalid/e07-08/4-1566?utm_source=share&ref=tjyry1vk
K9Tl,https://made.example.invalid/e07-08/764-1567?utm_source=share&ref=17c843rb
K9Tm,https://made.example.invalid/e07-08/874-1568?utm_source=share&ref=4oxn2mb4
K9Tn,https://made.example.invalid/e07-08/662-1569?utm_source=share&ref=utel14ew
K9To,https://made.example.invalid/e07-08/531-1570?utm_source=share&ref=hgy2y8b4
K9Tp,https://made.example.invalid/e07-08/379-1571?utm_source=share&ref=44ytspuy
K9Tq,https://made.example.invalid/e07-08/611-1572?utm_source=share&ref=ipzm06n5
K9Tr,https://made.example.invalid/e07-08/2-1573?utm_source=share&ref=16dgotzx
K9Ts,https://made.example.invalid/e07-08/713-1574?utm_source=share&ref=ayuxc7c2
K9Tt,https://made.example.invalid/e07-08/927-1575?utm_source=share&ref=luyisogv
K9Tu,https://made.example.invalid/e07-08/11-1576?utm_source=share&ref=brq2h6sg
K9Tv,https://made.example.invalid/e07-08/430-1577?utm_source=share&ref=nk2eiubu
K9Tw,https://made.example.invalid/e07-08/175-1578?utm_source=share&ref=lgb5yecj
K9Tx,https://made.example.invalid/e07-08/6-1579?utm_source=share&ref=5hm0idao
K9Ty,https://made.example.invalid/e07-08/481-1580?utm_source=share&ref=b546gic3
K9Tz,https://made.example.invalid/e07-08/328-1581?utm_source=share&ref=hcar4hr1
K9TA,https://made.example.invalid/e07-08/277-1582?utm_source=share&ref=by0aap4w
K9TB,https://made.example.invalid/e07-08/226-1583?utm_source=share&ref=jgf3vdz8
K9TC,https://made.example.invalid/e07-08/977-1584?utm_source=share&ref=idrukiqu
K9TD,https://made.example.invalid/e07-08/14-1585?utm_source=share&ref=0sk7uggx
K9TE,https://made.example.invalid/e07-08/823-1586?utm_source=share&ref=l8242cll
K9TF,https://made.example.invalid/e07-08/4-1587?utm_source=share&ref=h5w5ehtr
K9TG,https://made.example.invalid/e07-08/764-1588?utm_source=share&ref=q24h33fz
K9TH,https://made.example.invalid/e07-08/874-1589?utm_source=share&ref=whadbs5l
K9TI,https://made.example.invalid/e07-08/662-1590?utm_source=share&ref=gkuj5k6f
K9TJ,https://made.example.invalid/e07-08/531-1591?utm_source=share&ref=ai2a9p0z
K9TK,https://made.example.invalid/e07-08/379-1592?utm_source=share&ref=z7kk5rqf
K9TL,https://made.example.invalid/e07-08/611-1593?utm_source=share&ref=up0pfj7i
K9TM,https://made.example.invalid/e07-08/2-1594?utm_source=share&ref=yxxjmmcz
K9TN,https://made.example.invalid/e07-08/713-1595?utm_source=share&ref=3366hrzl
K9TO,https://made.example.invalid/e07-08/927-1596?utm_source=share&ref=1syerw24
K9TP,https://made.example.invalid/e07-08/11-1597?utm_source=share&ref=gp3ka9s9
K9TQ,https://made.example.invalid/e07-08/430-1598?utm_source=share&ref=bh5gnvs1
K9TR,https://made.example.invalid/e07-08/175-1599?utm_source=share&ref=sqyfpfyr
K9TS,https://made.example.invalid/e07-08/6-1600?utm_source=share&ref=jlncn9xi
K9TT,https://made.example.invalid/e07-08/481-1601?utm_source=share&ref=gqugx906
K9TU,https://made.example.invalid/e07-08/328-1602?utm_source=share&ref=lgo7nd3i
K9TV,https://made.example.invalid/e07-08/277-1603?utm_source=share&ref=n0puj2vj
K9TW,https://made.example.invalid/e07-08/226-1604?utm_source=share&ref=svpu6y9h
K9TX,https://made.example.invalid/e07-08/977-1605?utm_source=share&ref=m108p56b
K9TY,https://made.example.invalid/e07-08/14-1606?utm_source=share&ref=ahwvgoby
K9TZ,https://made.example.invalid/e07-08/823-1607?utm_source=share&ref=s78lzsm4
K9U0,https://made.example.invalid/e07-08/4-1608?utm_source=share&ref=iyabzi8e
K9U1,https://made.example.invalid/e07-08/764-1609?utm_source=share&ref=3pnf6jjz
K9U2,https://made.example.invalid/e07-08/874-1610?utm_source=share&ref=rprtbn9v
K9U3,https://made.example.invalid/e07-08/662-1611?utm_source=share&ref=xj4a3ovt
K9U4,https://made.example.invalid/e07-08/531-1612?utm_source=share&ref=8nj80m0r
K9U5,https://made.example.invalid/e07-08/379-1613?utm_source=share&ref=jr4kmqaq
K9U6,https://made.example.invalid/e07-08/611-1614?utm_source=share&ref=kvox5bin
K9U7,https://made.example.invalid/e07-08/2-1615?utm_source=share&ref=oa2ejbs3
K9U8,https://made.example.invalid/e07-08/713-1616?utm_source=share&ref=wh68apoy
K9U9,https://made.example.invalid/e07-08/927-1617?utm_source=share&ref=rzumix7f
K9Ua,https://made.example.invalid/e07-08/11-1618?utm_source=share&ref=b61re0iu
K9Ub,https://made.example.invalid/e07-08/430-1619?utm_source=share&ref=j4840qe1
K9Uc,https://made.example.invalid/e07-08/175-1620?utm_source=share&ref=d1gupbcq
K9Ud,https://made.example.invalid/e07-08/6-1621?utm_source=share&ref=sgq3tw2p
K9Ue,https://made.example.invalid/e07-08/481-1622?utm_source=share&ref=rq49np54
K9Uf,https://made.example.invalid/e07-08/328-1623?utm_source=share&ref=o36x07u9
K9Ug,https://made.example.invalid/e07-08/277-1624?utm_source=share&ref=iyz8ip8e
K9Uh,https://made.example.invalid/e07-08/226-1625?utm_source=share&ref=8l2sz57b
K9Ui,https://made.example.invalid/e07-08/977-1626?utm_source=share&ref=v87qb3vu
K9Uj,https://made.example.invalid/e07-08/14-1627?utm_source=share&ref=c557dtik
K9Uk,https://made.example.invalid/e07-08/823-1628?utm_source=share&ref=cesedtzy
K9Ul,https://made.example.invalid/e07-08/4-1629?utm_source=share&ref=dznub8pt
K9Um,https://made.example.invalid/e07-08/764-1630?utm_source=share&ref=objirala
K9Un,https://made.example.invalid/e07-08/874-1631?utm_source=share&ref=1vy5tjgj
K9Uo,https://made.example.invalid/e07-08/662-1632?utm_source=share&ref=fgbx292d
K9Up,https://made.example.invalid/e07-08/531-1633?utm_source=share&ref=23b6iu9p
K9Uq,https://made.example.invalid/e07-08/379-1634?utm_source=share&ref=nytjn2qv
K9Ur,https://made.example.invalid/e07-08/611-1635?utm_source=share&ref=dt608i78
K9Us,https://made.example.invalid/e07-08/2-1636?utm_source=share&ref=xs0elqdz
K9Ut,https://made.example.invalid/e07-08/713-1637?utm_source=share&ref=6jph480o
K9Uu,https://made.example.invalid/e07-08/927-1638?utm_source=share&ref=06c66xd7
K9Uv,https://made.example.invalid/e07-08/11-1639?utm_source=share&ref=e26oe1cz
K9Uw,https://made.example.invalid/e07-08/430-1640?utm_source=share&ref=x6xtpqlg
K9Ux,https://made.example.invalid/e07-08/175-1641?utm_source=share&ref=rn02hj4u
K9Uy,https://made.example.invalid/e07-08/6-1642?utm_source=share&ref=lyuafuuj
K9Uz,https://made.example.invalid/e07-08/481-1643?utm_source=share&ref=uiwrzw0g
K9UA,https://made.example.invalid/e07-08/328-1644?utm_source=share&ref=92rut23w
K9UB,https://made.example.invalid/e07-08/277-1645?utm_source=share&ref=r991obax
K9UC,https://made.example.invalid/e07-08/226-1646?utm_source=share&ref=78h8kp2p
K9UD,https://made.example.invalid/e07-08/977-1647?utm_source=share&ref=fijhw1p3
K9UE,https://made.example.invalid/e07-08/14-1648?utm_source=share&ref=tdpt7fj0
K9UF,https://made.example.invalid/e07-08/823-1649?utm_source=share&ref=z71nmukj
K9UG,https://made.example.invalid/e07-08/4-1650?utm_source=share&ref=zzu56uro
K9UH,https://made.example.invalid/e07-08/764-1651?utm_source=share&ref=zr2ta6go
K9UI,https://made.example.invalid/e07-08/874-1652?utm_source=share&ref=j6y80ifj
K9UJ,https://made.example.invalid/e07-08/662-1653?utm_source=share&ref=qpyvj09t
K9UK,https://made.example.invalid/e07-08/531-1654?utm_source=share&ref=l4rigjku
K9UL,https://made.example.invalid/e07-08/379-1655?utm_source=share&ref=vmwnonqu
K9UM,https://made.example.invalid/e07-08/611-1656?utm_source=share&ref=x8lm7whe
K9UN,https://made.example.invalid/e07-08/2-1657?utm_source=share&ref=vk54j00k
K9UO,https://made.example.invalid/e07-08/713-1658?utm_source=share&ref=sji3ve5f
K9UP,https://made.example.invalid/e07-08/927-1659?utm_source=share&ref=ba5q3kr2
K9UQ,https://made.example.invalid/e07-08/11-1660?utm_source=share&ref=vec6mb4q
K9UR,https://made.example.invalid/e07-08/430-1661?utm_source=share&ref=md3urzrh
K9US,https://made.example.invalid/e07-08/175-1662?utm_source=share&ref=ydqjsd8z
K9UT,https://made.example.invalid/e07-08/6-1663?utm_source=share&ref=8mulk5vh
K9UU,https://made.example.invalid/e07-08/481-1664?utm_source=share&ref=mdbnowka
K9UV,https://made.example.invalid/e07-08/328-1665?utm_source=share&ref=8sg4k0yc
K9UW,https://made.example.invalid/e07-08/277-1666?utm_source=share&ref=9jlqfmiv
K9UX,https://made.example.invalid/e07-08/226-1667?utm_source=share&ref=pwdd3zw6
K9UY,https://made.example.invalid/e07-08/977-1668?utm_source=share&ref=9w9x8pza
K9UZ,https://made.example.invalid/e07-08/14-1669?utm_source=share&ref=tnfeghvd
K9V0,https://made.example.invalid/e07-08/823-1670?utm_source=share&ref=33saru1f
K9V1,https://made.example.invalid/e07-08/4-1671?utm_source=share&ref=hug4cjrg
K9V2,https://made.example.invalid/e07-08/764-1672?utm_source=share&ref=pompjrmj
K9V3,https://made.example.invalid/e07-08/874-1673?utm_source=share&ref=liz3xuzy
K9V4,https://made.example.invalid/e07-08/662-1674?utm_source=share&ref=0thfocrs
K9V5,https://made.example.invalid/e07-08/531-1675?utm_source=share&ref=eo2hmswu
K9V6,https://made.example.invalid/e07-08/379-1676?utm_source=share&ref=6bu2q8c3
K9V7,https://made.example.invalid/e07-08/611-1677?utm_source=share&ref=c31fbsn5
K9V8,https://made.example.invalid/e07-08/2-1678?utm_source=share&ref=zusn3jsq
K9V9,https://made.example.invalid/e07-08/713-1679?utm_source=share&ref=g4xgn5hk
K9Va,https://made.example.invalid/e07-08/927-1680?utm_source=share&ref=t8xvfzom
K9Vb,https://made.example.invalid/e07-08/11-1681?utm_source=share&ref=i0bfku8g
K9Vc,https://made.example.invalid/e07-08/430-1682?utm_source=share&ref=dzrptkx5
K9Vd,https://made.example.invalid/e07-08/175-1683?utm_source=share&ref=8snu4wt6
K9Ve,https://made.example.invalid/e07-08/6-1684?utm_source=share&ref=9ab30l1s
K9Vf,https://made.example.invalid/e07-08/481-1685?utm_source=share&ref=xmb137he
K9Vg,https://made.example.invalid/e07-08/328-1686?utm_source=share&ref=ljez6cov
K9Vh,https://made.example.invalid/e07-08/277-1687?utm_source=share&ref=70xxqd60
K9Vi,https://made.example.invalid/e07-08/226-1688?utm_source=share&ref=w5dil999
K9Vj,https://made.example.invalid/e07-08/977-1689?utm_source=share&ref=903eb4fh
K9Vk,https://made.example.invalid/e07-08/14-1690?utm_source=share&ref=oucd92gy
K9Vl,https://made.example.invalid/e07-08/823-1691?utm_source=share&ref=s58hs016
K9Vm,https://made.example.invalid/e07-08/4-1692?utm_source=share&ref=9fsfy816
K9Vn,https://made.example.invalid/e07-08/764-1693?utm_source=share&ref=rgce7chz
K9Vo,https://made.example.invalid/e07-08/874-1694?utm_source=share&ref=6ao99tyl
K9Vp,https://made.example.invalid/e07-08/662-1695?utm_source=share&ref=hcharg71
K9Vq,https://made.example.invalid/e07-08/531-1696?utm_source=share&ref=j9lk2iho
K9Vr,https://made.example.invalid/e07-08/379-1697?utm_source=share&ref=0mtkhbq1
K9Vs,https://made.example.invalid/e07-08/611-1698?utm_source=share&ref=fkliph9j
K9Vt,https://made.example.invalid/e07-08/2-1699?utm_source=share&ref=u5fx2102
K9Vu,https://made.example.invalid/e07-08/713-1700?utm_source=share&ref=se6mj92b
K9Vv,https://made.example.invalid/e07-08/927-1701?utm_source=share&ref=lhyja4ey
K9Vw,https://made.example.invalid/e07-08/11-1702?utm_source=share&ref=80l776rw
K9Vx,https://made.example.invalid/e07-08/430-1703?utm_source=share&ref=yl4pxn5r
K9Vy,https://made.example.invalid/e07-08/175-1704?utm_source=share&ref=1mraddre
K9Vz,https://made.example.invalid/e07-08/6-1705?utm_source=share&ref=4flx9khw
K9VA,https://made.example.invalid/e07-08/481-1706?utm_source=share&ref=gotc0opx
K9VB,https://made.example.invalid/e07-08/328-1707?utm_source=share&ref=7llsmfa7
K9VC,https://made.example.invalid/e07-08/277-1708?utm_source=share&ref=vrpjj3qt
K9VD,https://made.example.invalid/e07-08/226-1709?utm_source=share&ref=w05pzkei
K9VE,https://made.example.invalid/e07-08/977-1710?utm_source=share&ref=wpj5t754
K9VF,https://made.example.invalid/e07-08/14-1711?utm_source=share&ref=o3qklkyd
K9VG,https://made.example.invalid/e07-08/823-1712?utm_source=share&ref=ji8p9yry
K9VH,https://made.example.invalid/e07-08/4-1713?utm_source=share&ref=x1rmh4dw
K9VI,https://made.example.invalid/e07-08/764-1714?utm_source=share&ref=hb606dzw
K9VJ,https://made.example.invalid/e07-08/874-1715?utm_source=share&ref=knknsd36
K9VK,https://made.example.invalid/e07-08/662-1716?utm_source=share&ref=a99tt9u3
K9VL,https://made.example.invalid/e07-08/531-1717?utm_source=share&ref=vw5ma6ps
K9VM,https://made.example.invalid/e07-08/379-1718?utm_source=share&ref=kqqr1dvm
K9VN,https://made.example.invalid/e07-08/611-1719?utm_source=share&ref=5d0qwyao
K9VO,https://made.example.invalid/e07-08/2-1720?utm_source=share&ref=y96fd28h
K9VP,https://made.example.invalid/e07-08/713-1721?utm_source=share&ref=cavbbbd5
K9VQ,https://made.example.invalid/e07-08/927-1722?utm_source=share&ref=gqxn7pol
K9VR,https://made.example.invalid/e07-08/11-1723?utm_source=share&ref=h6futbao
K9VS,https://made.example.invalid/e07-08/430-1724?utm_source=share&ref=kesgy3ww
K9VT,https://made.example.invalid/e07-08/175-1725?utm_source=share&ref=aydt83bd
K9VU,https://made.example.invalid/e07-08/6-1726?utm_source=share&ref=q7rmfdzl
K9VV,https://made.example.invalid/e07-08/481-1727?utm_source=share&ref=bychdmjv
K9VW,https://made.example.invalid/e07-08/328-1728?utm_source=share&ref=8uyebejy
K9VX,https://made.example.invalid/e07-08/277-1729?utm_source=share&ref=bvu12h3e
K9VY,https://made.example.invalid/e07-08/226-1730?utm_source=share&ref=2hc0vncr
K9VZ,https://made.example.invalid/e07-08/977-1731?utm_source=share&ref=a4z17hdg
K9W0,https://made.example.invalid/e07-08/14-1732?utm_source=share&ref=oszvdthv
K9W1,https://made.example.invalid/e07-08/823-1733?utm_source=share&ref=wyhffr41
K9W2,https://made.example.invalid/e07-08/4-1734?utm_source=share&ref=o85l4fam
K9W3,https://made.example.invalid/e07-08/764-1735?utm_source=share&ref=uibg0iqu
K9W4,https://made.example.invalid/e07-08/874-1736?utm_source=share&ref=h965f3xh
K9W5,https://made.example.invalid/e07-08/662-1737?utm_source=share&ref=nozl0id5
K9W6,https://made.example.invalid/e07-08/531-1738?utm_source=share&ref=si039lrh
K9W7,https://made.example.invalid/e07-08/379-1739?utm_source=share&ref=5nk7rvgv
K9W8,https://made.example.invalid/e07-08/611-1740?utm_source=share&ref=xth5i774
K9W9,https://made.example.invalid/e07-08/2-1741?utm_source=share&ref=mleez9of
K9Wa,https://made.example.invalid/e07-08/713-1742?utm_source=share&ref=tcblhpfo
K9Wb,https://made.example.invalid/e07-08/927-1743?utm_source=share&ref=5bt7m72e
K9Wc,https://made.example.invalid/e07-08/11-1744?utm_source=share&ref=mo4k0x54
K9Wd,https://made.example.invalid/e07-08/430-1745?utm_source=share&ref=3y4fkuc5
K9We,https://made.example.invalid/e07-08/175-1746?utm_source=share&ref=t8qsvy92
K9Wf,https://made.example.invalid/e07-08/6-1747?utm_source=share&ref=q48ufmj0
K9Wg,https://made.example.invalid/e07-08/481-1748?utm_source=share&ref=ughwpbcu
K9Wh,https://made.example.invalid/e07-08/328-1749?utm_source=share&ref=fojo1llf
K9Wi,https://made.example.invalid/e07-08/277-1750?utm_source=share&ref=49u0bx0o
K9Wj,https://made.example.invalid/e07-08/226-1751?utm_source=share&ref=vgkm7k1h
K9Wk,https://made.example.invalid/e07-08/977-1752?utm_source=share&ref=hz9jeztu
K9Wl,https://made.example.invalid/e07-08/14-1753?utm_source=share&ref=dbyk3if4
K9Wm,https://made.example.invalid/e07-08/823-1754?utm_source=share&ref=4kb6ae3i
K9Wn,https://made.example.invalid/e07-08/4-1755?utm_source=share&ref=cfxhkn4u
K9Wo,https://made.example.invalid/e07-08/764-1756?utm_source=share&ref=579cwwl5
K9Wp,https://made.example.invalid/e07-08/874-1757?utm_source=share&ref=ozquc1ft
K9Wq,https://made.example.invalid/e07-08/662-1758?utm_source=share&ref=cw44fjmi
K9Wr,https://made.example.invalid/e07-08/531-1759?utm_source=share&ref=x37v6udz
K9Ws,https://made.example.invalid/e07-08/379-1760?utm_source=share&ref=nfxbc2r9
K9Wt,https://made.example.invalid/e07-08/611-1761?utm_source=share&ref=nn62h5qr
K9Wu,https://made.example.invalid/e07-08/2-1762?utm_source=share&ref=6m6vpquu
K9Wv,https://made.example.invalid/e07-08/713-1763?utm_source=share&ref=gzpyrboo
K9Ww,https://made.example.invalid/e07-08/927-1764?utm_source=share&ref=okmiceki
K9Wx,https://made.example.invalid/e07-08/11-1765?utm_source=share&ref=934dbr5l
K9Wy,https://made.example.invalid/e07-08/430-1766?utm_source=share&ref=8r3pwznm
K9Wz,https://made.example.invalid/e07-08/175-1767?utm_source=share&ref=0qqe6i3v
K9WA,https://made.example.invalid/e07-08/6-1768?utm_source=share&ref=mf4fzzv2
K9WB,https://made.example.invalid/e07-08/481-1769?utm_source=share&ref=ctwusry7
K9WC,https://made.example.invalid/e07-08/328-1770?utm_source=share&ref=486ifnmb
K9WD,https://made.example.invalid/e07-08/277-1771?utm_source=share&ref=90jzovif
K9WE,https://made.example.invalid/e07-08/226-1772?utm_source=share&ref=wbqox2p9
K9WF,https://made.example.invalid/e07-08/977-1773?utm_source=share&ref=dtpzcv7i
K9WG,https://made.example.invalid/e07-08/14-1774?utm_source=share&ref=bsshcp95
K9WH,https://made.example.invalid/e07-08/823-1775?utm_source=share&ref=zczas11r
K9WI,https://made.example.invalid/e07-08/4-1776?utm_source=share&ref=wcmetq30
K9WJ,https://made.example.invalid/e07-08/764-1777?utm_source=share&ref=xrjvd3rv
K9WK,https://made.example.invalid/e07-08/874-1778?utm_source=share&ref=k1u9ddxn
K9WL,https://made.example.invalid/e07-08/662-1779?utm_source=share&ref=k0bnjo3h
K9WM,https://made.example.invalid/e07-08/531-1780?utm_source=share&ref=brsnup5e
K9WN,https://made.example.invalid/e07-08/379-1781?utm_source=share&ref=zj7pn2on
K9WO,https://made.example.invalid/e07-08/611-1782?utm_source=share&ref=bv8jivoa
K9WP,https://made.example.invalid/e07-08/2-1783?utm_source=share&ref=m4nqw1w8
K9WQ,https://made.example.invalid/e07-08/713-1784?utm_source=share&ref=cq9s18uu
K9WR,https://made.example.invalid/e07-08/927-1785?utm_source=share&ref=6kqkil5c
K9WS,https://made.example.invalid/e07-08/11-1786?utm_source=share&ref=rtutnooq
K9WT,https://made.example.invalid/e07-08/430-1787?utm_source=share&ref=r4c0q42c
K9WU,https://made.example.invalid/e07-08/175-1788?utm_source=share&ref=b6tmwgdc
K9WV,https://made.example.invalid/e07-08/6-1789?utm_source=share&ref=x9e906eo
K9WW,https://made.example.invalid/e07-08/481-1790?utm_source=share&ref=aea2ls6z
K9WX,https://made.example.invalid/e07-08/328-1791?utm_source=share&ref=7nj8vksx
K9WY,https://made.example.invalid/e07-08/277-1792?utm_source=share&ref=y5qd7ouk
K9WZ,https://made.example.invalid/e07-08/226-1793?utm_source=share&ref=0fe6qt30
K9X0,https://made.example.invalid/e07-08/977-1794?utm_source=share&ref=oz10cjx8
K9X1,https://made.example.invalid/e07-08/14-1795?utm_source=share&ref=yjrkqcj4
K9X2,https://made.example.invalid/e07-08/823-1796?utm_source=share&ref=6ztcf35d
K9X3,https://made.example.invalid/e07-08/4-1797?utm_source=share&ref=qkzxkgxp
K9X4,https://made.example.invalid/e07-08/764-1798?utm_source=share&ref=mnf8vuzp
K9X5,https://made.example.invalid/e07-08/874-1799?utm_source=share&ref=tqfkddpv
K9X6,https://made.example.invalid/e07-08/662-1800?utm_source=share&ref=5nuyxw24
K9X7,https://made.example.invalid/e07-08/531-1801?utm_source=share&ref=yhynxiro
K9X8,https://made.example.invalid/e07-08/379-1802?utm_source=share&ref=mqld34s6
K9X9,https://made.example.invalid/e07-08/611-1803?utm_source=share&ref=ixp26uem
K9Xa,https://made.example.invalid/e07-08/2-1804?utm_source=share&ref=5y825def
K9Xb,https://made.example.invalid/e07-08/713-1805?utm_source=share&ref=pvzfd2nh
K9Xc,https://made.example.invalid/e07-08/927-1806?utm_source=share&ref=8ww6l8uu
K9Xd,https://made.example.invalid/e07-08/11-1807?utm_source=share&ref=x3bbw0dg
K9Xe,https://made.example.invalid/e07-08/430-1808?utm_source=share&ref=8tv2u6vd
K9Xf,https://made.example.invalid/e07-08/175-1809?utm_source=share&ref=6ozqzj27
K9Xg,https://made.example.invalid/e07-08/6-1810?utm_source=share&ref=s9k79p8b
K9Xh,https://made.example.invalid/e07-08/481-1811?utm_source=share&ref=a4xegvfx
K9Xi,https://made.example.invalid/e07-08/328-1812?utm_source=share&ref=yf34nown
K9Xj,https://made.example.invalid/e07-08/277-1813?utm_source=share&ref=2o5z82kt
K9Xk,https://made.example.invalid/e07-08/226-1814?utm_source=share&ref=wehh1mhq
K9Xl,https://made.example.invalid/e07-08/977-1815?utm_source=share&ref=9cc1eno3
K9Xm,https://made.example.invalid/e07-08/14-1816?utm_source=share&ref=ll6f9euc
K9Xn,https://made.example.invalid/e07-08/823-1817?utm_source=share&ref=qht35i10
K9Xo,https://made.example.invalid/e07-08/4-1818?utm_source=share&ref=l138qika
K9Xp,https://made.example.invalid/e07-08/764-1819?utm_source=share&ref=kgw7x1nb
K9Xq,https://made.example.invalid/e07-08/874-1820?utm_source=share&ref=5lokir8d
K9Xr,https://made.example.invalid/e07-08/662-1821?utm_source=share&ref=dvsigc91
K9Xs,https://made.example.invalid/e07-08/531-1822?utm_source=share&ref=fhiwgir2
K9Xt,https://made.example.invalid/e07-08/379-1823?utm_source=share&ref=81rlsi5n
K9Xu,https://made.example.invalid/e07-08/611-1824?utm_source=share&ref=darpq1u0
K9Xv,https://made.example.invalid/e07-08/2-1825?utm_source=share&ref=vmmbm2dq
K9Xw,https://made.example.invalid/e07-08/713-1826?utm_source=share&ref=f8jbi0ka
K9Xx,https://made.example.invalid/e07-08/927-1827?utm_source=share&ref=ur0e9q5g
K9Xy,https://made.example.invalid/e07-08/11-1828?utm_source=share&ref=odq5stp1
K9Xz,https://made.example.invalid/e07-08/430-1829?utm_source=share&ref=q48gqcoi
K9XA,https://made.example.invalid/e07-08/175-1830?utm_source=share&ref=lbjreoq0
K9XB,https://made.example.invalid/e07-08/6-1831?utm_source=share&ref=n24s3v86
K9XC,https://made.example.invalid/e07-08/481-1832?utm_source=share&ref=h0b47m1g
K9XD,https://made.example.invalid/e07-08/328-1833?utm_source=share&ref=rh2tdwv4
K9XE,https://made.example.invalid/e07-08/277-1834?utm_source=share&ref=03xqj1xp
K9XF,https://made.example.invalid/e07-08/226-1835?utm_source=share&ref=bcvmvz5f
K9XG,https://made.example.invalid/e07-08/977-1836?utm_source=share&ref=ymzexhda
K9XH,https://made.example.invalid/e07-08/14-1837?utm_source=share&ref=ifmaa2rf
K9XI,https://made.example.invalid/e07-08/823-1838?utm_source=share&ref=xatsqcla
K9XJ,https://made.example.invalid/e07-08/4-1839?utm_source=share&ref=esxct5fs
K9XK,https://made.example.invalid/e07-08/764-1840?utm_source=share&ref=jxecr3au
K9XL,https://made.example.invalid/e07-08/874-1841?utm_source=share&ref=8p0xn5wq
K9XM,https://made.example.invalid/e07-08/662-1842?utm_source=share&ref=nldcyirl
K9XN,https://made.example.invalid/e07-08/531-1843?utm_source=share&ref=3m1u7hcf
K9XO,https://made.example.invalid/e07-08/379-1844?utm_source=share&ref=xiza5qi9
K9XP,https://made.example.invalid/e07-08/611-1845?utm_source=share&ref=lqfmgynb
K9XQ,https://made.example.invalid/e07-08/2-1846?utm_source=share&ref=3n4w5ape
K9XR,https://made.example.invalid/e07-08/713-1847?utm_source=share&ref=pnsqges8
K9XS,https://made.example.invalid/e07-08/927-1848?utm_source=share&ref=z56yavnt
K9XT,https://made.example.invalid/e07-08/11-1849?utm_source=share&ref=wf4cowkw
K9XU,https://made.example.invalid/e07-08/430-1850?utm_source=share&ref=qpdayrls
K9XV,https://made.example.invalid/e07-08/175-1851?utm_source=share&ref=fc3pvez4
K9XW,https://made.example.invalid/e07-08/6-1852?utm_source=share&ref=pcsf5g3l
K9XX,https://made.example.invalid/e07-08/481-1853?utm_source=share&ref=3om7u3ct
K9XY,https://made.example.invalid/e07-08/328-1854?utm_source=share&ref=wi3ftxyo
K9XZ,https://made.example.invalid/e07-08/277-1855?utm_source=share&ref=pdnagf5x
K9Y0,https://made.example.invalid/e07-08/226-1856?utm_source=share&ref=d4nrhsjz
K9Y1,https://made.example.invalid/e07-08/977-1857?utm_source=share&ref=fxt7zsh6
K9Y2,https://made.example.invalid/e07-08/14-1858?utm_source=share&ref=6ikpyw27
K9Y3,https://made.example.invalid/e07-08/823-1859?utm_source=share&ref=hf5oeqx6
K9Y4,https://made.example.invalid/e07-08/4-1860?utm_source=share&ref=z7svl0xi
K9Y5,https://made.example.invalid/e07-08/764-1861?utm_source=share&ref=c2hqx4oz
K9Y6,https://made.example.invalid/e07-08/874-1862?utm_source=share&ref=81lfjd11
K9Y7,https://made.example.invalid/e07-08/662-1863?utm_source=share&ref=7pld0r0r
K9Y8,https://made.example.invalid/e07-08/531-1864?utm_source=share&ref=5lwdsjmr
K9Y9,https://made.example.invalid/e07-08/379-1865?utm_source=share&ref=tvdauolg
K9Ya,https://made.example.invalid/e07-08/611-1866?utm_source=share&ref=ufr21c2i
K9Yb,https://made.example.invalid/e07-08/2-1867?utm_source=share&ref=pcjdwb6e
K9Yc,https://made.example.invalid/e07-08/713-1868?utm_source=share&ref=sz828oqq
K9Yd,https://made.example.invalid/e07-08/927-1869?utm_source=share&ref=r5p3f1dk
K9Ye,https://made.example.invalid/e07-08/11-1870?utm_source=share&ref=xca83eeq
K9Yf,https://made.example.invalid/e07-08/430-1871?utm_source=share&ref=tf3k8lsa
K9Yg,https://made.example.invalid/e07-08/175-1872?utm_source=share&ref=9tbqv5w6
K9Yh,https://made.example.invalid/e07-08/6-1873?utm_source=share&ref=rroaalbc
K9Yi,https://made.example.invalid/e07-08/481-1874?utm_source=share&ref=ozoq1jgb
K9Yj,https://made.example.invalid/e07-08/328-1875?utm_source=share&ref=2s2v1hhg
K9Yk,https://made.example.invalid/e07-08/277-1876?utm_source=share&ref=rscyws5n
K9Yl,https://made.example.invalid/e07-08/226-1877?utm_source=share&ref=ipm4ai47
K9Ym,https://made.example.invalid/e07-08/977-1878?utm_source=share&ref=by91syfj
K9Yn,https://made.example.invalid/e07-08/14-1879?utm_source=share&ref=4ibxy360
K9Yo,https://made.example.invalid/e07-08/823-1880?utm_source=share&ref=1iimvlhu
K9Yp,https://made.example.invalid/e07-08/4-1881?utm_source=share&ref=vtgja0oj
K9Yq,https://made.example.invalid/e07-08/764-1882?utm_source=share&ref=dnn9meyi
K9Yr,https://made.example.invalid/e07-08/874-1883?utm_source=share&ref=5313e84k
K9Ys,https://made.example.invalid/e07-08/662-1884?utm_source=share&ref=rrjijth1
K9Yt,https://made.example.invalid/e07-08/531-1885?utm_source=share&ref=l40v4zzl
K9Yu,https://made.example.invalid/e07-08/379-1886?utm_source=share&ref=wme9jm71
K9Yv,https://made.example.invalid/e07-08/611-1887?utm_source=share&ref=mgzcuvze
K9Yw,https://made.example.invalid/e07-08/2-1888?utm_source=share&ref=3lvz9x1m
K9Yx,https://made.example.invalid/e07-08/713-1889?utm_source=share&ref=3w9cml8g
K9Yy,https://made.example.invalid/e07-08/927-1890?utm_source=share&ref=wug7kdgt
K9Yz,https://made.example.invalid/e07-08/11-1891?utm_source=share&ref=agi1gqg1
K9YA,https://made.example.invalid/e07-08/430-1892?utm_source=share&ref=vnemdypp
K9YB,https://made.example.invalid/e07-08/175-1893?utm_source=share&ref=1qllumwr
K9YC,https://made.example.invalid/e07-08/6-1894?utm_source=share&ref=umvheutb
K9YD,https://made.example.invalid/e07-08/481-1895?utm_source=share&ref=n8r555lh
K9YE,https://made.example.invalid/e07-08/328-1896?utm_source=share&ref=i2zzkx01
K9YF,https://made.example.invalid/e07-08/277-1897?utm_source=share&ref=392kejtt
K9YG,https://made.example.invalid/e07-08/226-1898?utm_source=share&ref=mnrf273c
K9YH,https://made.example.invalid/e07-08/977-1899?utm_source=share&ref=9t5szn82
K9YI,https://made.example.invalid/e07-08/14-1900?utm_source=share&ref=eaep7cot
K9YJ,https://made.example.invalid/e07-08/823-1901?utm_source=share&ref=zohg8dlg
K9YK,https://made.example.invalid/e07-08/4-1902?utm_source=share&ref=976i2p1l
K9YL,https://made.example.invalid/e07-08/764-1903?utm_source=share&ref=rjdqjiq9
K9YM,https://made.example.invalid/e07-08/874-1904?utm_source=share&ref=jl94iyn4
K9YN,https://made.example.invalid/e07-08/662-1905?utm_source=share&ref=1jeb0w40
K9YO,https://made.example.invalid/e07-08/531-1906?utm_source=share&ref=ndjidmj8
K9YP,https://made.example.invalid/e07-08/379-1907?utm_source=share&ref=2q9o6a4k
K9YQ,https://made.example.invalid/e07-08/611-1908?utm_source=share&ref=x70kky7g
K9YR,https://made.example.invalid/e07-08/2-1909?utm_source=share&ref=w1ulfs0o
K9YS,https://made.example.invalid/e07-08/713-1910?utm_source=share&ref=dtp0409p
K9YT,https://made.example.invalid/e07-08/927-1911?utm_source=share&ref=m7yc87qw
K9YU,https://made.example.invalid/e07-08/11-1912?utm_source=share&ref=c6lw0l8g
K9YV,https://made.example.invalid/e07-08/430-1913?utm_source=share&ref=ye0f22ar
K9YW,https://made.example.invalid/e07-08/175-1914?utm_source=share&ref=fwkkepfb
K9YX,https://made.example.invalid/e07-08/6-1915?utm_source=share&ref=fet8522u
K9YY,https://made.example.invalid/e07-08/481-1916?utm_source=share&ref=wt2uzdz8
K9YZ,https://made.example.invalid/e07-08/328-1917?utm_source=share&ref=m61u375j
K9Z0,https://made.example.invalid/e07-08/277-1918?utm_source=share&ref=6gllo3ax
K9Z1,https://made.example.invalid/e07-08/226-1919?utm_source=share&ref=s33064th
K9Z2,https://made.example.invalid/e07-08/977-1920?utm_source=share&ref=ze5uncfz
K9Z3,https://made.example.invalid/e07-08/14-1921?utm_source=share&ref=xgidpcss
K9Z4,https://made.example.invalid/e07-08/823-1922?utm_source=share&ref=tb97jldq
K9Z5,https://made.example.invalid/e07-08/4-1923?utm_source=share&ref=g4aingb4
K9Z6,https://made.example.invalid/e07-08/764-1924?utm_source=share&ref=op4j1qwe
K9Z7,https://made.example.invalid/e07-08/874-1925?utm_source=share&ref=hlex67iy
K9Z8,https://made.example.invalid/e07-08/662-1926?utm_source=share&ref=kk5t3lfx
K9Z9,https://made.example.invalid/e07-08/531-1927?utm_source=share&ref=3g0w4k3g
K9Za,https://made.example.invalid/e07-08/379-1928?utm_source=share&ref=qb9fgh3y
K9Zb,https://made.example.invalid/e07-08/611-1929?utm_source=share&ref=3nwuzi68
K9Zc,https://made.example.invalid/e07-08/2-1930?utm_source=share&ref=5twv9h4v
K9Zd,https://made.example.invalid/e07-08/713-1931?utm_source=share&ref=plead7gh
K9Ze,https://made.example.invalid/e07-08/927-1932?utm_source=share&ref=wrnkdixe
K9Zf,https://made.example.invalid/e07-08/11-1933?utm_source=share&ref=7d8oeo66
K9Zg,https://made.example.invalid/e07-08/430-1934?utm_source=share&ref=47xcx139
K9Zh,https://made.example.invalid/e07-08/175-1935?utm_source=share&ref=tu6001dk
K9Zi,https://made.example.invalid/e07-08/6-1936?utm_source=share&ref=w9jb6rrh
K9Zj,https://made.example.invalid/e07-08/481-1937?utm_source=share&ref=xn1qfgnx
K9Zk,https://made.example.invalid/e07-08/328-1938?utm_source=share&ref=s1wb1x1c
K9Zl,https://made.example.invalid/e07-08/277-1939?utm_source=share&ref=gka1xdhw
K9Zm,https://made.example.invalid/e07-08/226-1940?utm_source=share&ref=xr6p3402
K9Zn,https://made.example.invalid/e07-08/977-1941?utm_source=share&ref=5k3n1kkx
K9Zo,https://made.example.invalid/e07-08/14-1942?utm_source=share&ref=e5pbp6qs
K9Zp,https://made.example.invalid/e07-08/823-1943?utm_source=share&ref=40afxgt5
K9Zq,https://made.example.invalid/e07-08/4-1944?utm_source=share&ref=fuaq6p3m
K9Zr,https://made.example.invalid/e07-08/764-1945?utm_source=share&ref=mmjpv8vl
K9Zs,https://made.example.invalid/e07-08/874-1946?utm_source=share&ref=m7tz884s
K9Zt,https://made.example.invalid/e07-08/662-1947?utm_source=share&ref=6vn22tgb
K9Zu,https://made.example.invalid/e07-08/531-1948?utm_source=share&ref=w7ostl37
K9Zv,https://made.example.invalid/e07-08/379-1949?utm_source=share&ref=86xm02p3
K9Zw,https://made.example.invalid/e07-08/611-1950?utm_source=share&ref=7saeoe1f
K9Zx,https://made.example.invalid/e07-08/2-1951?utm_source=share&ref=35wj8til
K9Zy,https://made.example.invalid/e07-08/713-1952?utm_source=share&ref=40irhg85
K9Zz,https://made.example.invalid/e07-08/927-1953?utm_source=share&ref=kktxyo92
K9ZA,https://made.example.invalid/e07-08/11-1954?utm_source=share&ref=y7sn86a2
K9ZB,https://made.example.invalid/e07-08/430-1955?utm_source=share&ref=np0ws25p
K9ZC,https://made.example.invalid/e07-08/175-1956?utm_source=share&ref=tuxe1suv
K9ZD,https://made.example.invalid/e07-08/6-1957?utm_source=share&ref=r8kveocr
K9ZE,https://made.example.invalid/e07-08/481-1958?utm_source=share&ref=oo01lalz
K9ZF,https://made.example.invalid/e07-08/328-1959?utm_source=share&ref=8qutvmsj
K9ZG,https://made.example.invalid/e07-08/277-1960?utm_source=share&ref=njko18ls
K9ZH,https://made.example.invalid/e07-08/226-1961?utm_source=share&ref=lu0oz70j
K9ZI,https://made.example.invalid/e07-08/977-1962?utm_source=share&ref=3q95in2l
K9ZJ,https://made.example.invalid/e07-08/14-1963?utm_source=share&ref=r4v6qjc6
K9ZK,https://made.example.invalid/e07-08/823-1964?utm_source=share&ref=jgguq0tj
K9ZL,https://made.example.invalid/e07-08/4-1965?utm_source=share&ref=njyih8mg
K9ZM,https://made.example.invalid/e07-08/764-1966?utm_source=share&ref=eqreb1qq
K9ZN,https://made.example.invalid/e07-08/874-1967?utm_source=share&ref=g4z9a2vu
K9ZO,https://made.example.invalid/e07-08/662-1968?utm_source=share&ref=087l6urs
K9ZP,https://made.example.invalid/e07-08/531-1969?utm_source=share&ref=lbnj6t1i
K9ZQ,https://made.example.invalid/e07-08/379-1970?utm_source=share&ref=9er13rti
K9ZR,https://made.example.invalid/e07-08/611-1971?utm_source=share&ref=vx20an56
K9ZS,https://made.example.invalid/e07-08/2-1972?utm_source=share&ref=q63tanur
K9ZT,https://made.example.invalid/e07-08/713-1973?utm_source=share&ref=jeotnaht
K9ZU,https://made.example.invalid/e07-08/927-1974?utm_source=share&ref=yo2slc6j
K9ZV,https://made.example.invalid/e07-08/11-1975?utm_source=share&ref=ctjlnqcf
K9ZW,https://made.example.invalid/e07-08/430-1976?utm_source=share&ref=6pkqjjbk
K9ZX,https://made.example.invalid/e07-08/175-1977?utm_source=share&ref=l2f9f9ce
K9ZY,https://made.example.invalid/e07-08/6-1978?utm_source=share&ref=mgbxoo7m
K9ZZ,https://made.example.invalid/e07-08/481-1979?utm_source=share&ref=6q9xr6gz
Ka00,https://made.example.invalid/e07-08/328-1980?utm_source=share&ref=x5xo8a8a
Ka01,https://made.example.invalid/e07-08/277-1981?utm_source=share&ref=or88gd3w
Ka02,https://made.example.invalid/e07-08/226-1982?utm_source=share&ref=4h6p2n1c
Ka03,https://made.example.invalid/e07-08/977-1983?utm_source=share&ref=4zz2qjcd
Ka04,https://made.example.invalid/e07-08/14-1984?utm_source=share&ref=p8gcqo4m
Ka05,https://made.example.invalid/e07-08/823-1985?utm_source=share&ref=l93pjlaw
Ka06,https://made.example.invalid/e07-08/4-1986?utm_source=share&ref=6m2r32qb
Ka07,https://made.example.invalid/e07-08/764-1987?utm_source=share&ref=r56tqth5
Ka08,https://made.example.invalid/e07-08/874-1988?utm_source=share&ref=lywxrzi4
Ka09,https://made.example.invalid/e07-08/662-1989?utm_source=share&ref=vusxdabn
Ka0a,https://made.example.invalid/e07-08/531-1990?utm_source=share&ref=b5unpxu9
Ka0b,https://made.example.invalid/e07-08/379-1991?utm_source=share&ref=4ol6bael
Ka0c,https://made.example.invalid/e07-08/611-1992?utm_source=share&ref=v0e7ei9k
Ka0d,https://made.example.invalid/e07-08/2-1993?utm_source=share&ref=i6yyyqkl
Ka0e,https://made.example.invalid/e07-08/713-1994?utm_source=share&ref=e6bb6fvl
Ka0f,https://made.example.invalid/e07-08/927-1995?utm_source=share&ref=ggswl0p6
Ka0g,https://made.example.invalid/e07-08/11-1996?utm_source=share&ref=p6r5ttmp
Ka0h,https://made.example.invalid/e07-08/430-1997?utm_source=share&ref=admyh9io
Ka0i,https://made.example.invalid/e07-08/175-1998?utm_source=share&ref=uvel1lzv
Ka0j,https://made.example.invalid/e07-08/6-1999?utm_source=share&ref=0ezvqa7b
Ka0k,https://made.example.invalid/e07-08/481-2000?utm_source=share&ref=flfm28o0
Ka0l,https://made.example.invalid/e07-08/328-2001?utm_source=share&ref=ocfqoq87
Ka0m,https://made.example.invalid/e07-08/277-2002?utm_source=share&ref=qzs92bed
Ka0n,https://made.example.invalid/e07-08/226-2003?utm_source=share&ref=nnsm6eno
Ka0o,https://made.example.invalid/e07-08/977-2004?utm_source=share&ref=34qdd7ng
Ka0p,https://made.example.invalid/e07-08/14-2005?utm_source=share&ref=812h2tvw
Ka0q,https://made.example.invalid/e07-08/823-2006?utm_source=share&ref=25ym8bij
Ka0r,https://made.example.invalid/e07-08/4-2007?utm_source=share&ref=yz616q8h
Ka0s,https://made.example.invalid/e07-08/764-2008?utm_source=share&ref=b91ajrv5
Ka0t,https://made.example.invalid/e07-08/874-2009?utm_source=share&ref=eucgvaqd
Ka0u,https://made.example.invalid/e07-08/662-2010?utm_source=share&ref=burtkepk
Ka0v,https://made.example.invalid/e07-08/531-2011?utm_source=share&ref=s79z6h73
Ka0w,https://made.example.invalid/e07-08/379-2012?utm_source=share&ref=s9zbtar5
Ka0x,https://made.example.invalid/e07-08/611-2013?utm_source=share&ref=cp3hp1i1
Ka0y,https://made.example.invalid/e07-08/2-2014?utm_source=share&ref=rfvfi56g
Ka0z,https://made.example.invalid/e07-08/713-2015?utm_source=share&ref=0qulvfjv
Ka0A,https://made.example.invalid/e07-08/927-2016?utm_source=share&ref=fd3kion0
Ka0B,https://made.example.invalid/e07-08/11-2017?utm_source=share&ref=znc3l0z5
Ka0C,https://made.example.invalid/e07-08/430-2018?utm_source=share&ref=k28a11kb
Ka0D,https://made.example.invalid/e07-08/175-2019?utm_source=share&ref=rx4yf4tt
Ka0E,https://made.example.invalid/e07-08/6-2020?utm_source=share&ref=mgv2r8s0
Ka0F,https://made.example.invalid/e07-08/481-2021?utm_source=share&ref=ss57zipa
Ka0G,https://made.example.invalid/e07-08/328-2022?utm_source=share&ref=955eyz7s
Ka0H,https://made.example.invalid/e07-08/277-2023?utm_source=share&ref=j3qr002m
Ka0I,https://made.example.invalid/e07-08/226-2024?utm_source=share&ref=5ia6x59q
Ka0J,https://made.example.invalid/e07-08/977-2025?utm_source=share&ref=taz8wetb
Ka0K,https://made.example.invalid/e07-08/14-2026?utm_source=share&ref=bikga48x
Ka0L,https://made.example.invalid/e07-08/823-2027?utm_source=share&ref=5t2byqsr
Ka0M,https://made.example.invalid/e07-08/4-2028?utm_source=share&ref=02eclc3n
Ka0N,https://made.example.invalid/e07-08/764-2029?utm_source=share&ref=v3xmjcgn
Ka0O,https://made.example.invalid/e07-08/874-2030?utm_source=share&ref=ndb38gz5
Ka0P,https://made.example.invalid/e07-08/662-2031?utm_source=share&ref=jrafqn0z
Ka0Q,https://made.example.invalid/e07-08/531-2032?utm_source=share&ref=cn16pq3y
Ka0R,https://made.example.invalid/e07-08/379-2033?utm_source=share&ref=2l64tjwx
Ka0S,https://made.example.invalid/e07-08/611-2034?utm_source=share&ref=33fk85eh
Ka0T,https://made.example.invalid/e07-08/2-2035?utm_source=share&ref=lam3rq1g
Ka0U,https://made.example.invalid/e07-08/713-2036?utm_source=share&ref=45xa2cza
Ka0V,https://made.example.invalid/e07-08/927-2037?utm_source=share&ref=mami99jo
Ka0W,https://made.example.invalid/e07-08/11-2038?utm_source=share&ref=5xlq5i9a
Ka0X,https://made.example.invalid/e07-08/430-2039?utm_source=share&ref=em6m86n7
Ka0Y,https://made.example.invalid/e07-08/175-2040?utm_source=share&ref=plyhloir
Ka0Z,https://made.example.invalid/e07-08/6-2041?utm_source=share&ref=dy9e7vgm
Ka10,https://made.example.invalid/e07-08/481-2042?utm_source=share&ref=fi1vv4ew
Ka11,https://made.example.invalid/e07-08/328-2043?utm_source=share&ref=tpgkefg3
Ka12,https://made.example.invalid/e07-08/277-2044?utm_source=share&ref=6z0mw8dr
Ka13,https://made.example.invalid/e07-08/226-2045?utm_source=share&ref=od6npztt
Ka14,https://made.example.invalid/e07-08/977-2046?utm_source=share&ref=xccy8e2v
Ka15,https://made.example.invalid/e07-08/14-2047?utm_source=share&ref=nhxzutmh
Ka16,https://made.example.invalid/e07-08/823-2048?utm_source=share&ref=km9jk1dj
Ka17,https://made.example.invalid/e07-08/4-2049?utm_source=share&ref=z150jqvq
Ka18,https://made.example.invalid/e07-08/764-2050?utm_source=share&ref=pbkwdhfh
Ka19,https://made.example.invalid/e07-08/874-2051?utm_source=share&ref=ax5fytkr
Ka1a,https://made.example.invalid/e07-08/662-2052?utm_source=share&ref=lz0ss61t
Ka1b,https://made.example.invalid/e07-08/531-2053?utm_source=share&ref=dn2s3pkb
Ka1c,https://made.example.invalid/e07-08/379-2054?utm_source=share&ref=nb4fyfxn
Ka1d,https://made.example.invalid/e07-08/611-2055?utm_source=share&ref=5vf4lozj
Ka1e,https://made.example.invalid/e07-08/2-2056?utm_source=share&ref=u6foae7g
Ka1f,https://made.example.invalid/e07-08/713-2057?utm_source=share&ref=2lqbd430
Ka1g,https://made.example.invalid/e07-08/927-2058?utm_source=share&ref=zu0wg711
Ka1h,https://made.example.invalid/e07-08/11-2059?utm_source=share&ref=yealaz3g
Ka1i,https://made.example.invalid/e07-08/430-2060?utm_source=share&ref=cffkiqw0
Ka1j,https://made.example.invalid/e07-08/175-2061?utm_source=share&ref=dne1ess0
Ka1k,https://made.example.invalid/e07-08/6-2062?utm_source=share&ref=5wxlviie
Ka1l,https://made.example.invalid/e07-08/481-2063?utm_source=share&ref=y8x64u6r
Ka1m,https://made.example.invalid/e07-08/328-2064?utm_source=share&ref=73ak6kc6
Ka1n,https://made.example.invalid/e07-08/277-2065?utm_source=share&ref=phlmuaop
Ka1o,https://made.example.invalid/e07-08/226-2066?utm_source=share&ref=5g8gbv9e
Ka1p,https://made.example.invalid/e07-08/977-2067?utm_source=share&ref=7631gbxr
Ka1q,https://made.example.invalid/e07-08/14-2068?utm_source=share&ref=pqpt6u3o
Ka1r,https://made.example.invalid/e07-08/823-2069?utm_source=share&ref=e4zcjyd1
Ka1s,https://made.example.invalid/e07-08/4-2070?utm_source=share&ref=cmva5cx7
Ka1t,https://made.example.invalid/e07-08/764-2071?utm_source=share&ref=ctmn2wnx
Ka1u,https://made.example.invalid/e07-08/874-2072?utm_source=share&ref=aly4km7y
Ka1v,https://made.example.invalid/e07-08/662-2073?utm_source=share&ref=35gfu66r
Ka1w,https://made.example.invalid/e07-08/531-2074?utm_source=share&ref=b9himoxm
Ka1x,https://made.example.invalid/e07-08/379-2075?utm_source=share&ref=3hbvlp2f
Ka1y,https://made.example.invalid/e07-08/611-2076?utm_source=share&ref=8yzutplh
Ka1z,https://made.example.invalid/e07-08/2-2077?utm_source=share&ref=pykugz3a
Ka1A,https://made.example.invalid/e07-08/713-2078?utm_source=share&ref=k3p7am2b
Ka1B,https://made.example.invalid/e07-08/927-2079?utm_source=share&ref=764jwsq4
Ka1C,https://made.example.invalid/e07-08/11-2080?utm_source=share&ref=zad7b9pr
Ka1D,https://made.example.invalid/e07-08/430-2081?utm_source=share&ref=lytchwf2
Ka1E,https://made.example.invalid/e07-08/175-2082?utm_source=share&ref=lvhey0ai
Ka1F,https://made.example.invalid/e07-08/6-2083?utm_source=share&ref=pzu31uoa
Ka1G,https://made.example.invalid/e07-08/481-2084?utm_source=share&ref=2bqpkn1e
Ka1H,https://made.example.invalid/e07-08/328-2085?utm_source=share&ref=8sxa66fq
Ka1I,https://made.example.invalid/e07-08/277-2086?utm_source=share&ref=ign3zf1k
Ka1J,https://made.example.invalid/e07-08/226-2087?utm_source=share&ref=v0ffwyx7
Ka1K,https://made.example.invalid/e07-08/977-2088?utm_source=share&ref=h4bv0kdr
Ka1L,https://made.example.invalid/e07-08/14-2089?utm_source=share&ref=kkb9dqwg
Ka1M,https://made.example.invalid/e07-08/823-2090?utm_source=share&ref=cnlmapcj
Ka1N,https://made.example.invalid/e07-08/4-2091?utm_source=share&ref=afhclii0
Ka1O,https://made.example.invalid/e07-08/764-2092?utm_source=share&ref=9a6nkle1
Ka1P,https://made.example.invalid/e07-08/874-2093?utm_source=share&ref=rw9wg7m6
Ka1Q,https://made.example.invalid/e07-08/662-2094?utm_source=share&ref=c0b37sfp
Ka1R,https://made.example.invalid/e07-08/531-2095?utm_source=share&ref=uqxttt4r
Ka1S,https://made.example.invalid/e07-08/379-2096?utm_source=share&ref=20q4a1cj
Ka1T,https://made.example.invalid/e07-08/611-2097?utm_source=share&ref=btn3funj
Ka1U,https://made.example.invalid/e07-08/2-2098?utm_source=share&ref=dydix5wy
Ka1V,https://made.example.invalid/e07-08/713-2099?utm_source=share&ref=qky4wwuy
Ka1W,https://made.example.invalid/e07-08/927-2100?utm_source=share&ref=gh8ksllr
Ka1X,https://made.example.invalid/e07-08/11-2101?utm_source=share&ref=bou66fdc
Ka1Y,https://made.example.invalid/e07-08/430-2102?utm_source=share&ref=5r2mdcqx
Ka1Z,https://made.example.invalid/e07-08/175-2103?utm_source=share&ref=mgndo1ip
Ka20,https://made.example.invalid/e07-08/6-2104?utm_source=share&ref=hvtpdmrg
Ka21,https://made.example.invalid/e07-08/481-2105?utm_source=share&ref=007844ga
Ka22,https://made.example.invalid/e07-08/328-2106?utm_source=share&ref=5kjxhc9f
Ka23,https://made.example.invalid/e07-08/277-2107?utm_source=share&ref=yku6qhnf
Ka24,https://made.example.invalid/e07-08/226-2108?utm_source=share&ref=4x40xi1z
Ka25,https://made.example.invalid/e07-08/977-2109?utm_source=share&ref=poyfvm72
Ka26,https://made.example.invalid/e07-08/14-2110?utm_source=share&ref=0d3whn53
Ka27,https://made.example.invalid/e07-08/823-2111?utm_source=share&ref=mathqri2
Ka28,https://made.example.invalid/e07-08/4-2112?utm_source=share&ref=ae5ymlsj
Ka29,https://made.example.invalid/e07-08/764-2113?utm_source=share&ref=18jam7iz
Ka2a,https://made.example.invalid/e07-08/874-2114?utm_source=share&ref=mqzfuthj
Ka2b,https://made.example.invalid/e07-08/662-2115?utm_source=share&ref=0njykua0
Ka2c,https://made.example.invalid/e07-08/531-2116?utm_source=share&ref=r1ovfdy0
Ka2d,https://made.example.invalid/e07-08/379-2117?utm_source=share&ref=gzgik2ky
Ka2e,https://made.example.invalid/e07-08/611-2118?utm_source=share&ref=akpcum8j
Ka2f,https://made.example.invalid/e07-08/2-2119?utm_source=share&ref=1qfpsz6z
Ka2g,https://made.example.invalid/e07-08/713-2120?utm_source=share&ref=syvkps9s
Ka2h,https://made.example.invalid/e07-08/927-2121?utm_source=share&ref=s2xmo1dw
Ka2i,https://made.example.invalid/e07-08/11-2122?utm_source=share&ref=77hscs4d
Ka2j,https://made.example.invalid/e07-08/430-2123?utm_source=share&ref=ie1ivdj3
Ka2k,https://made.example.invalid/e07-08/175-2124?utm_source=share&ref=d9d2gcot
Ka2l,https://made.example.invalid/e07-08/6-2125?utm_source=share&ref=9h8xqum3
Ka2m,https://made.example.invalid/e07-08/481-2126?utm_source=share&ref=39z98f3x
Ka2n,https://made.example.invalid/e07-08/328-2127?utm_source=share&ref=icgea5ra
Ka2o,https://made.example.invalid/e07-08/277-2128?utm_source=share&ref=tamwbmt9
Ka2p,https://made.example.invalid/e07-08/226-2129?utm_source=share&ref=vuoi27t2
Ka2q,https://made.example.invalid/e07-08/977-2130?utm_source=share&ref=b79yqrbr
Ka2r,https://made.example.invalid/e07-08/14-2131?utm_source=share&ref=e3pppohv
Ka2s,https://made.example.invalid/e07-08/823-2132?utm_source=share&ref=nf57qhbu
Ka2t,https://made.example.invalid/e07-08/4-2133?utm_source=share&ref=tqnn8b0z
Ka2u,https://made.example.invalid/e07-08/764-2134?utm_source=share&ref=iekfhayr
Ka2v,https://made.example.invalid/e07-08/874-2135?utm_source=share&ref=i89ltj2k
Ka2w,https://made.example.invalid/e07-08/662-2136?utm_source=share&ref=9asaq4ag
Ka2x,https://made.example.invalid/e07-08/531-2137?utm_source=share&ref=doqcx4ca
Ka2y,https://made.example.invalid/e07-08/379-2138?utm_source=share&ref=995cxkzb
Ka2z,https://made.example.invalid/e07-08/611-2139?utm_source=share&ref=b6u4l832
Ka2A,https://made.example.invalid/e07-08/2-2140?utm_source=share&ref=o0h5tnul
Ka2B,https://made.example.invalid/e07-08/713-2141?utm_source=share&ref=kiav1v0i
Ka2C,https://made.example.invalid/e07-08/927-2142?utm_source=share&ref=4x8nvcc3
Ka2D,https://made.example.invalid/e07-08/11-2143?utm_source=share&ref=rcut1cdg
Ka2E,https://made.example.invalid/e07-08/430-2144?utm_source=share&ref=5bxh9v2f
vuzK,https://news.example.invalid/articles/2026/10/story-7505704?utm_source=share&utm_medium=link&ref=sfp-seed
dA5M,https://news.example.invalid/articles/2026/10/story-3237006?utm_source=share&utm_medium=link&ref=sfp-seed
dPDp,https://news.example.invalid/articles/2026/10/story-3296751?utm_source=share&utm_medium=link&ref=sfp-seed
9WA5,https://news.example.invalid/articles/2026/10/story-2370141?utm_source=share&utm_medium=link&ref=sfp-seed
lOrQ,https://news.example.invalid/articles/2026/10/story-5198814?utm_source=share&utm_medium=link&ref=sfp-seed
vTh7,https://news.example.invalid/articles/2026/10/story-7600649?utm_source=share&utm_medium=link&ref=sfp-seed
CNKk,https://news.example.invalid/articles/2026/10/story-9247692?utm_source=share&utm_medium=link&ref=sfp-seed
bXdE,https://news.example.invalid/articles/2026/10/story-2849250?utm_source=share&utm_medium=link&ref=sfp-seed
3TrK,https://news.example.invalid/articles/2026/10/story-928124?utm_source=share&utm_medium=link&ref=sfp-seed
4wts,https://news.example.invalid/articles/2026/10/story-1078146?utm_source=share&utm_medium=link&ref=sfp-seed
uHWR,https://news.example.invalid/articles/2026/10/story-7318781?utm_source=share&utm_medium=link&ref=sfp-seed
qKOA,https://news.example.invalid/articles/2026/10/story-6376488?utm_source=share&utm_medium=link&ref=sfp-seed
7LfR,https://news.example.invalid/articles/2026/10/story-1849947?utm_source=share&utm_medium=link&ref=sfp-seed
6hVU,https://news.example.invalid/articles/2026/10/story-1498906?utm_source=share&utm_medium=link&ref=sfp-seed
jaKA,https://news.example.invalid/articles/2026/10/story-4569560?utm_source=share&utm_medium=link&ref=sfp-seed
4HUR,https://news.example.invalid/articles/2026/10/story-1122129?utm_source=share&utm_medium=link&ref=sfp-seed
cemo,https://news.example.invalid/articles/2026/10/story-2915140?utm_source=share&utm_medium=link&ref=sfp-seed
DrOy,https://news.example.invalid/articles/2026/10/story-9401714?utm_source=share&utm_medium=link&ref=sfp-seed
pW4o,https://news.example.invalid/articles/2026/10/story-6181424?utm_source=share&utm_medium=link&ref=sfp-seed
7mfy,https://news.example.invalid/articles/2026/10/story-1753828?utm_source=share&utm_medium=link&ref=sfp-seed
aMCk,https://news.example.invalid/articles/2026/10/story-2570168?utm_source=share&utm_medium=link&ref=sfp-seed
BVgs,https://news.example.invalid/articles/2026/10/story-9038264?utm_source=share&utm_medium=link&ref=sfp-seed
fQvG,https://news.example.invalid/articles/2026/10/story-3776772?utm_source=share&utm_medium=link&ref=sfp-seed
mMQa,https://news.example.invalid/articles/2026/10/story-5430962?utm_source=share&utm_medium=link&ref=sfp-seed
dDaH,https://news.example.invalid/articles/2026/10/story-3248843?utm_source=share&utm_medium=link&ref=sfp-seed
a3wi,https://news.example.invalid/articles/2026/10/story-2396814?utm_source=share&utm_medium=link&ref=sfp-seed
FoCn,https://news.example.invalid/articles/2026/10/story-9866083?utm_source=share&utm_medium=link&ref=sfp-seed
DT68,https://news.example.invalid/articles/2026/10/story-9506592?utm_source=share&utm_medium=link&ref=sfp-seed
4KrL,https://news.example.invalid/articles/2026/10/story-1131857?utm_source=share&utm_medium=link&ref=sfp-seed
gAWp,https://news.example.invalid/articles/2026/10/story-3955253?utm_source=share&utm_medium=link&ref=sfp-seed
3Y2Z,https://news.example.invalid/articles/2026/10/story-945809?utm_source=share&utm_medium=link&ref=sfp-seed
dt3M,https://news.example.invalid/articles/2026/10/story-3209974?utm_source=share&utm_medium=link&ref=sfp-seed
5Fx3,https://news.example.invalid/articles/2026/10/story-1351293?utm_source=share&utm_medium=link&ref=sfp-seed
85yl,https://news.example.invalid/articles/2026/10/story-1927973?utm_source=share&utm_medium=link&ref=sfp-seed
ABhP,https://news.example.invalid/articles/2026/10/story-8723141?utm_source=share&utm_medium=link&ref=sfp-seed
sXsZ,https://news.example.invalid/articles/2026/10/story-6901777?utm_source=share&utm_medium=link&ref=sfp-seed
BFDv,https://news.example.invalid/articles/2026/10/story-8978189?utm_source=share&utm_medium=link&ref=sfp-seed
rkvw,https://news.example.invalid/articles/2026/10/story-6513690?utm_source=share&utm_medium=link&ref=sfp-seed
makq,https://news.example.invalid/articles/2026/10/story-5282922?utm_source=share&utm_medium=link&ref=sfp-seed
97pq,https://news.example.invalid/articles/2026/10/story-2173436?utm_source=share&utm_medium=link&ref=sfp-seed
zBhA,https://news.example.invalid/articles/2026/10/story-8484798?utm_source=share&utm_medium=link&ref=sfp-seed
6t90,https://news.example.invalid/articles/2026/10/story-1542002?utm_source=share&utm_medium=link&ref=sfp-seed
72Hs,https://news.example.invalid/articles/2026/10/story-1678678?utm_source=share&utm_medium=link&ref=sfp-seed
mt76,https://news.example.invalid/articles/2026/10/story-5355132?utm_source=share&utm_medium=link&ref=sfp-seed
oa3T,https://news.example.invalid/articles/2026/10/story-5758553?utm_source=share&utm_medium=link&ref=sfp-seed
2pEG,https://news.example.invalid/articles/2026/10/story-575278?utm_source=share&utm_medium=link&ref=sfp-seed
fuH7,https://news.example.invalid/articles/2026/10/story-3692913?utm_source=share&utm_medium=link&ref=sfp-seed
CcSa,https://news.example.invalid/articles/2026/10/story-9105950?utm_source=share&utm_medium=link&ref=sfp-seed
vjow,https://news.example.invalid/articles/2026/10/story-7462724?utm_source=share&utm_medium=link&ref=sfp-seed
88OJ,https://news.example.invalid/articles/2026/10/story-1940521?utm_source=share&utm_medium=link&ref=sfp-seed
AWkr,https://news.example.invalid/articles/2026/10/story-8804027?utm_source=share&utm_medium=link&ref=sfp-seed
E5oQ,https://news.example.invalid/articles/2026/10/story-9553880?utm_source=share&utm_medium=link&ref=sfp-seed
dEmw,https://news.example.invalid/articles/2026/10/story-3253420?utm_source=share&utm_medium=link&ref=sfp-seed
gNfZ,https://news.example.invalid/articles/2026/10/story-4002595?utm_source=share&utm_medium=link&ref=sfp-seed
qwZ2,https://news.example.invalid/articles/2026/10/story-6323320?utm_source=share&utm_medium=link&ref=sfp-seed
dXBh,https://news.example.invalid/articles/2026/10/story-3327371?utm_source=share&utm_medium=link&ref=sfp-seed
gsaR,https://news.example.invalid/articles/2026/10/story-3921553?utm_source=share&utm_medium=link&ref=sfp-seed
fOg9,https://news.example.invalid/articles/2026/10/story-3768121?utm_source=share&utm_medium=link&ref=sfp-seed
779A,https://news.example.invalid/articles/2026/10/story-1695798?utm_source=share&utm_medium=link&ref=sfp-seed
gw8r,https://news.example.invalid/articles/2026/10/story-3936779?utm_source=share&utm_medium=link&ref=sfp-seed
CHIg,https://news.example.invalid/articles/2026/10/story-9224500?utm_source=share&utm_medium=link&ref=sfp-seed
mnIy,https://news.example.invalid/articles/2026/10/story-5334390?utm_source=share&utm_medium=link&ref=sfp-seed
aUtt,https://news.example.invalid/articles/2026/10/story-2600371?utm_source=share&utm_medium=link&ref=sfp-seed
uTT0,https://news.example.invalid/articles/2026/10/story-7364670?utm_source=share&utm_medium=link&ref=sfp-seed
pLCP,https://news.example.invalid/articles/2026/10/story-6141275?utm_source=share&utm_medium=link&ref=sfp-seed
tuZl,https://news.example.invalid/articles/2026/10/story-7030635?utm_source=share&utm_medium=link&ref=sfp-seed
sTTU,https://news.example.invalid/articles/2026/10/story-6888070?utm_source=share&utm_medium=link&ref=sfp-seed
iTRB,https://news.example.invalid/articles/2026/10/story-4504647?utm_source=share&utm_medium=link&ref=sfp-seed
lh2Y,https://news.example.invalid/articles/2026/10/story-5070420?utm_source=share&utm_medium=link&ref=sfp-seed
pAlW,https://news.example.invalid/articles/2026/10/story-6097944?utm_source=share&utm_medium=link&ref=sfp-seed
D1sN,https://news.example.invalid/articles/2026/10/story-9300421?utm_source=share&utm_medium=link&ref=sfp-seed
kcAZ,https://news.example.invalid/articles/2026/10/story-4814981?utm_source=share&utm_medium=link&ref=sfp-seed
FDbg,https://news.example.invalid/articles/2026/10/story-9922062?utm_source=share&utm_medium=link&ref=sfp-seed
tfxA,https://news.example.invalid/articles/2026/10/story-6971254?utm_source=share&utm_medium=link&ref=sfp-seed
zMIL,https://news.example.invalid/articles/2026/10/story-8528767?utm_source=share&utm_medium=link&ref=sfp-seed
hub8,https://news.example.invalid/articles/2026/10/story-4167586?utm_source=share&utm_medium=link&ref=sfp-seed
jzWp,https://news.example.invalid/articles/2026/10/story-4666393?utm_source=share&utm_medium=link&ref=sfp-seed
g9Uy,https://news.example.invalid/articles/2026/10/story-3851350?utm_source=share&utm_medium=link&ref=sfp-seed
x4oT,https://news.example.invalid/articles/2026/10/story-7881743?utm_source=share&utm_medium=link&ref=sfp-seed
vOWe,https://news.example.invalid/articles/2026/10/story-7583978?utm_source=share&utm_medium=link&ref=sfp-seed
oUG4,https://news.example.invalid/articles/2026/10/story-5937744?utm_source=share&utm_medium=link&ref=sfp-seed
iPLT,https://news.example.invalid/articles/2026/10/story-4488917?utm_source=share&utm_medium=link&ref=sfp-seed
lUfx,https://news.example.invalid/articles/2026/10/story-5221115?utm_source=share&utm_medium=link&ref=sfp-seed
5ZGz,https://news.example.invalid/articles/2026/10/story-1428763?utm_source=share&utm_medium=link&ref=sfp-seed
dWfb,https://news.example.invalid/articles/2026/10/story-3322157?utm_source=share&utm_medium=link&ref=sfp-seed
p1bh,https://news.example.invalid/articles/2026/10/story-5962743?utm_source=share&utm_medium=link&ref=sfp-seed
vNzk,https://news.example.invalid/articles/2026/10/story-7578714?utm_source=share&utm_medium=link&ref=sfp-seed
zEZe,https://news.example.invalid/articles/2026/10/story-8499036?utm_source=share&utm_medium=link&ref=sfp-seed
bta3,https://news.example.invalid/articles/2026/10/story-2733707?utm_source=share&utm_medium=link&ref=sfp-seed
sYND,https://news.example.invalid/articles/2026/10/story-6906901?utm_source=share&utm_medium=link&ref=sfp-seed
n95v,https://news.example.invalid/articles/2026/10/story-5516481?utm_source=share&utm_medium=link&ref=sfp-seed
memq,https://news.example.invalid/articles/2026/10/story-5298422?utm_source=share&utm_medium=link&ref=sfp-seed
18w7,https://news.example.invalid/articles/2026/10/story-271071?utm_source=share&utm_medium=link&ref=sfp-seed
zs98,https://news.example.invalid/articles/2026/10/story-8449678?utm_source=share&utm_medium=link&ref=sfp-seed
jg04,https://news.example.invalid/articles/2026/10/story-4589740?utm_source=share&utm_medium=link&ref=sfp-seed
Cd09,https://news.example.invalid/articles/2026/10/story-9106445?utm_source=share&utm_medium=link&ref=sfp-seed
pLJR,https://news.example.invalid/articles/2026/10/story-6141711?utm_source=share&utm_medium=link&ref=sfp-seed
zEgM,https://news.example.invalid/articles/2026/10/story-8496280?utm_source=share&utm_medium=link&ref=sfp-seed
Eoqa,https://news.example.invalid/articles/2026/10/story-9626998?utm_source=share&utm_medium=link&ref=sfp-seed
nDyu,https://news.example.invalid/articles/2026/10/story-5633598?utm_source=share&utm_medium=link&ref=sfp-seed
lSSa,https://news.example.invalid/articles/2026/10/story-5215822?utm_source=share&utm_medium=link&ref=sfp-seed
rzXp,https://news.example.invalid/articles/2026/10/story-6573079?utm_source=share&utm_medium=link&ref=sfp-seed
7liN,https://news.example.invalid/articles/2026/10/story-1750185?utm_source=share&utm_medium=link&ref=sfp-seed
iFzt,https://news.example.invalid/articles/2026/10/story-4449707?utm_source=share&utm_medium=link&ref=sfp-seed
73RD,https://news.example.invalid/articles/2026/10/story-1683153?utm_source=share&utm_medium=link&ref=sfp-seed
F0Zi,https://news.example.invalid/articles/2026/10/story-9775248?utm_source=share&utm_medium=link&ref=sfp-seed
1LyC,https://news.example.invalid/articles/2026/10/story-421142?utm_source=share&utm_medium=link&ref=sfp-seed
uMG0,https://news.example.invalid/articles/2026/10/story-7336956?utm_source=share&utm_medium=link&ref=sfp-seed
2yIe,https://news.example.invalid/articles/2026/10/story-610094?utm_source=share&utm_medium=link&ref=sfp-seed
3xHt,https://news.example.invalid/articles/2026/10/story-844531?utm_source=share&utm_medium=link&ref=sfp-seed
uW6W,https://news.example.invalid/articles/2026/10/story-7373222?utm_source=share&utm_medium=link&ref=sfp-seed
4eqq,https://news.example.invalid/articles/2026/10/story-1008766?utm_source=share&utm_medium=link&ref=sfp-seed
E0Mn,https://news.example.invalid/articles/2026/10/story-9536119?utm_source=share&utm_medium=link&ref=sfp-seed
3sI0,https://news.example.invalid/articles/2026/10/story-825344?utm_source=share&utm_medium=link&ref=sfp-seed
6Jrp,https://news.example.invalid/articles/2026/10/story-1604647?utm_source=share&utm_medium=link&ref=sfp-seed
843D,https://news.example.invalid/articles/2026/10/story-1922225?utm_source=share&utm_medium=link&ref=sfp-seed
Frjm,https://news.example.invalid/articles/2026/10/story-9876436?utm_source=share&utm_medium=link&ref=sfp-seed
sgAp,https://news.example.invalid/articles/2026/10/story-6736945?utm_source=share&utm_medium=link&ref=sfp-seed
xJQJ,https://news.example.invalid/articles/2026/10/story-8041073?utm_source=share&utm_medium=link&ref=sfp-seed
24F5,https://news.example.invalid/articles/2026/10/story-494579?utm_source=share&utm_medium=link&ref=sfp-seed
nG76,https://news.example.invalid/articles/2026/10/story-5643432?utm_source=share&utm_medium=link&ref=sfp-seed
sMfD,https://news.example.invalid/articles/2026/10/story-6858665?utm_source=share&utm_medium=link&ref=sfp-seed
hUIa,https://news.example.invalid/articles/2026/10/story-4269578?utm_source=share&utm_medium=link&ref=sfp-seed
xPPT,https://news.example.invalid/articles/2026/10/story-8064085?utm_source=share&utm_medium=link&ref=sfp-seed
mOIx,https://news.example.invalid/articles/2026/10/story-5438177?utm_source=share&utm_medium=link&ref=sfp-seed
jB4z,https://news.example.invalid/articles/2026/10/story-4670743?utm_source=share&utm_medium=link&ref=sfp-seed
lUc3,https://news.example.invalid/articles/2026/10/story-5220899?utm_source=share&utm_medium=link&ref=sfp-seed
fyKK,https://news.example.invalid/articles/2026/10/story-3708514?utm_source=share&utm_medium=link&ref=sfp-seed
zVgU,https://news.example.invalid/articles/2026/10/story-8561636?utm_source=share&utm_medium=link&ref=sfp-seed
quJb,https://news.example.invalid/articles/2026/10/story-6314649?utm_source=share&utm_medium=link&ref=sfp-seed
eafP,https://news.example.invalid/articles/2026/10/story-3376013?utm_source=share&utm_medium=link&ref=sfp-seed
peN7,https://news.example.invalid/articles/2026/10/story-6015061?utm_source=share&utm_medium=link&ref=sfp-seed
nWpL,https://news.example.invalid/articles/2026/10/story-5706093?utm_source=share&utm_medium=link&ref=sfp-seed
1vUh,https://news.example.invalid/articles/2026/10/story-360981?utm_source=share&utm_medium=link&ref=sfp-seed
xoOc,https://news.example.invalid/articles/2026/10/story-7960192?utm_source=share&utm_medium=link&ref=sfp-seed
yBJZ,https://news.example.invalid/articles/2026/10/story-8248231?utm_source=share&utm_medium=link&ref=sfp-seed
76uI,https://news.example.invalid/articles/2026/10/story-1693264?utm_source=share&utm_medium=link&ref=sfp-seed
vwgu,https://news.example.invalid/articles/2026/10/story-7512198?utm_source=share&utm_medium=link&ref=sfp-seed
FD4z,https://news.example.invalid/articles/2026/10/story-9921647?utm_source=share&utm_medium=link&ref=sfp-seed
CT4X,https://news.example.invalid/articles/2026/10/story-9268191?utm_source=share&utm_medium=link&ref=sfp-seed
zjyu,https://news.example.invalid/articles/2026/10/story-8416654?utm_source=share&utm_medium=link&ref=sfp-seed
fwD0,https://news.example.invalid/articles/2026/10/story-3700346?utm_source=share&utm_medium=link&ref=sfp-seed
8SWj,https://news.example.invalid/articles/2026/10/story-2117815?utm_source=share&utm_medium=link&ref=sfp-seed
dIOW,https://news.example.invalid/articles/2026/10/story-3270558?utm_source=share&utm_medium=link&ref=sfp-seed
rLuy,https://news.example.invalid/articles/2026/10/story-6617418?utm_source=share&utm_medium=link&ref=sfp-seed
heDY,https://news.example.invalid/articles/2026/10/story-4107870?utm_source=share&utm_medium=link&ref=sfp-seed
ehFt,https://news.example.invalid/articles/2026/10/story-3404511?utm_source=share&utm_medium=link&ref=sfp-seed
1eqT,https://news.example.invalid/articles/2026/10/story-293811?utm_source=share&utm_medium=link&ref=sfp-seed
dhWu,https://news.example.invalid/articles/2026/10/story-3167238?utm_source=share&utm_medium=link&ref=sfp-seed
lmlP,https://news.example.invalid/articles/2026/10/story-5090809?utm_source=share&utm_medium=link&ref=sfp-seed
xx4k,https://news.example.invalid/articles/2026/10/story-7991944?utm_source=share&utm_medium=link&ref=sfp-seed
j8HO,https://news.example.invalid/articles/2026/10/story-4561700?utm_source=share&utm_medium=link&ref=sfp-seed
4N0q,https://news.example.invalid/articles/2026/10/story-1141694?utm_source=share&utm_medium=link&ref=sfp-seed
oESI,https://news.example.invalid/articles/2026/10/story-5877024?utm_source=share&utm_medium=link&ref=sfp-seed
q9lb,https://news.example.invalid/articles/2026/10/story-6232437?utm_source=share&utm_medium=link&ref=sfp-seed
qZlB,https://news.example.invalid/articles/2026/10/story-6432351?utm_source=share&utm_medium=link&ref=sfp-seed
2JL8,https://news.example.invalid/articles/2026/10/story-652558?utm_source=share&utm_medium=link&ref=sfp-seed
aqRi,https://news.example.invalid/articles/2026/10/story-2486528?utm_source=share&utm_medium=link&ref=sfp-seed
q3ax,https://news.example.invalid/articles/2026/10/story-6208713?utm_source=share&utm_medium=link&ref=sfp-seed
uhPI,https://news.example.invalid/articles/2026/10/story-7218394?utm_source=share&utm_medium=link&ref=sfp-seed
s1vI,https://news.example.invalid/articles/2026/10/story-6678994?utm_source=share&utm_medium=link&ref=sfp-seed
BRXu,https://news.example.invalid/articles/2026/10/story-9025556?utm_source=share&utm_medium=link&ref=sfp-seed
5TeK,https://news.example.invalid/articles/2026/10/story-1403974?utm_source=share&utm_medium=link&ref=sfp-seed
vg68,https://news.example.invalid/articles/2026/10/story-7450052?utm_source=share&utm_medium=link&ref=sfp-seed
ouGA,https://news.example.invalid/articles/2026/10/story-5837832?utm_source=share&utm_medium=link&ref=sfp-seed
rR1d,https://news.example.invalid/articles/2026/10/story-6638663?utm_source=share&utm_medium=link&ref=sfp-seed
7cEO,https://news.example.invalid/articles/2026/10/story-1716954?utm_source=share&utm_medium=link&ref=sfp-seed
DnMJ,https://news.example.invalid/articles/2026/10/story-9386225?utm_source=share&utm_medium=link&ref=sfp-seed
kc5r,https://news.example.invalid/articles/2026/10/story-4813025?utm_source=share&utm_medium=link&ref=sfp-seed
j2z0,https://news.example.invalid/articles/2026/10/story-4538090?utm_source=share&utm_medium=link&ref=sfp-seed
vh52,https://news.example.invalid/articles/2026/10/story-7453828?utm_source=share&utm_medium=link&ref=sfp-seed
212Q,https://news.example.invalid/articles/2026/10/story-480676?utm_source=share&utm_medium=link&ref=sfp-seed
d8j6,https://news.example.invalid/articles/2026/10/story-3130200?utm_source=share&utm_medium=link&ref=sfp-seed
QNe,https://news.example.invalid/articles/2026/10/story-202940?utm_source=share&utm_medium=link&ref=sfp-seed
yHLB,https://news.example.invalid/articles/2026/10/story-8271395?utm_source=share&utm_medium=link&ref=sfp-seed
uIDs,https://news.example.invalid/articles/2026/10/story-7321422?utm_source=share&utm_medium=link&ref=sfp-seed
eyUn,https://news.example.invalid/articles/2026/10/story-3470783?utm_source=share&utm_medium=link&ref=sfp-seed
ncEC,https://news.example.invalid/articles/2026/10/story-5530190?utm_source=share&utm_medium=link&ref=sfp-seed
B59T,https://news.example.invalid/articles/2026/10/story-8837969?utm_source=share&utm_medium=link&ref=sfp-seed
kQjc,https://news.example.invalid/articles/2026/10/story-4967638?utm_source=share&utm_medium=link&ref=sfp-seed
dlhO,https://news.example.invalid/articles/2026/10/story-3180092?utm_source=share&utm_medium=link&ref=sfp-seed
dRLc,https://news.example.invalid/articles/2026/10/story-3304922?utm_source=share&utm_medium=link&ref=sfp-seed
ewma,https://news.example.invalid/articles/2026/10/story-3460974?utm_source=share&utm_medium=link&ref=sfp-seed
CYkV,https://news.example.invalid/articles/2026/10/story-9288401?utm_source=share&utm_medium=link&ref=sfp-seed
3B4F,https://news.example.invalid/articles/2026/10/story-857501?utm_source=share&utm_medium=link&ref=sfp-seed
3Oq4,https://news.example.invalid/articles/2026/10/story-908800?utm_source=share&utm_medium=link&ref=sfp-seed
5k2T,https://news.example.invalid/articles/2026/10/story-1268699?utm_source=share&utm_medium=link&ref=sfp-seed
2ap2,https://news.example.invalid/articles/2026/10/story-516648?utm_source=share&utm_medium=link&ref=sfp-seed
nOm4,https://news.example.invalid/articles/2026/10/story-5675112?utm_source=share&utm_medium=link&ref=sfp-seed
fCh0,https://news.example.invalid/articles/2026/10/story-3722046?utm_source=share&utm_medium=link&ref=sfp-seed
16Bo,https://news.example.invalid/articles/2026/10/story-263710?utm_source=share&utm_medium=link&ref=sfp-seed
FaOw,https://news.example.invalid/articles/2026/10/story-9813020?utm_source=share&utm_medium=link&ref=sfp-seed
w8PB,https://news.example.invalid/articles/2026/10/story-7660447?utm_source=share&utm_medium=link&ref=sfp-seed
gPZH,https://news.example.invalid/articles/2026/10/story-4013117?utm_source=share&utm_medium=link&ref=sfp-seed
tOHF,https://news.example.invalid/articles/2026/10/story-7106419?utm_source=share&utm_medium=link&ref=sfp-seed
joSs,https://news.example.invalid/articles/2026/10/story-4623864?utm_source=share&utm_medium=link&ref=sfp-seed
1y0k,https://news.example.invalid/articles/2026/10/story-369044?utm_source=share&utm_medium=link&ref=sfp-seed
FjUJ,https://news.example.invalid/articles/2026/10/story-9848001?utm_source=share&utm_medium=link&ref=sfp-seed
F6f9,https://news.example.invalid/articles/2026/10/story-9795451?utm_source=share&utm_medium=link&ref=sfp-seed
4BKn,https://news.example.invalid/articles/2026/10/story-1098415?utm_source=share&utm_medium=link&ref=sfp-seed
9x6E,https://news.example.invalid/articles/2026/10/story-2272216?utm_source=share&utm_medium=link&ref=sfp-seed
8MkN,https://news.example.invalid/articles/2026/10/story-2092425?utm_source=share&utm_medium=link&ref=sfp-seed
hYdy,https://news.example.invalid/articles/2026/10/story-4283056?utm_source=share&utm_medium=link&ref=sfp-seed
m7zd,https://news.example.invalid/articles/2026/10/story-5272307?utm_source=share&utm_medium=link&ref=sfp-seed
F3GW,https://news.example.invalid/articles/2026/10/story-9785642?utm_source=share&utm_medium=link&ref=sfp-seed
a3yZ,https://news.example.invalid/articles/2026/10/story-2396981?utm_source=share&utm_medium=link&ref=sfp-seed
1f4z,https://news.example.invalid/articles/2026/10/story-296271?utm_source=share&utm_medium=link&ref=sfp-seed
7PPG,https://news.example.invalid/articles/2026/10/story-1867544?utm_source=share&utm_medium=link&ref=sfp-seed
2rAD,https://news.example.invalid/articles/2026/10/story-582715?utm_source=share&utm_medium=link&ref=sfp-seed
fEap,https://news.example.invalid/articles/2026/10/story-3729325?utm_source=share&utm_medium=link&ref=sfp-seed
h499,https://news.example.invalid/articles/2026/10/story-4067519?utm_source=share&utm_medium=link&ref=sfp-seed
zSS7,https://news.example.invalid/articles/2026/10/story-8552411?utm_source=share&utm_medium=link&ref=sfp-seed
aAPC,https://news.example.invalid/articles/2026/10/story-2524864?utm_source=share&utm_medium=link&ref=sfp-seed
8U2u,https://news.example.invalid/articles/2026/10/story-2122042?utm_source=share&utm_medium=link&ref=sfp-seed
8ozO,https://news.example.invalid/articles/2026/10/story-2001100?utm_source=share&utm_medium=link&ref=sfp-seed
xmbR,https://news.example.invalid/articles/2026/10/story-7950127?utm_source=share&utm_medium=link&ref=sfp-seed
xDKn,https://news.example.invalid/articles/2026/10/story-8017615?utm_source=share&utm_medium=link&ref=sfp-seed
o4DG,https://news.example.invalid/articles/2026/10/story-5737708?utm_source=share&utm_medium=link&ref=sfp-seed
tqcQ,https://news.example.invalid/articles/2026/10/story-7012252?utm_source=share&utm_medium=link&ref=sfp-seed
9IQT,https://news.example.invalid/articles/2026/10/story-2317367?utm_source=share&utm_medium=link&ref=sfp-seed
1zMS,https://news.example.invalid/articles/2026/10/story-375898?utm_source=share&utm_medium=link&ref=sfp-seed
oPAk,https://news.example.invalid/articles/2026/10/story-5918168?utm_source=share&utm_medium=link&ref=sfp-seed
hcYL,https://news.example.invalid/articles/2026/10/story-4101471?utm_source=share&utm_medium=link&ref=sfp-seed
qEa1,https://news.example.invalid/articles/2026/10/story-6350909?utm_source=share&utm_medium=link&ref=sfp-seed
22wD,https://news.example.invalid/articles/2026/10/story-486367?utm_source=share&utm_medium=link&ref=sfp-seed
iLXj,https://news.example.invalid/articles/2026/10/story-4474249?utm_source=share&utm_medium=link&ref=sfp-seed
rBmC,https://news.example.invalid/articles/2026/10/story-6578486?utm_source=share&utm_medium=link&ref=sfp-seed
3j0c,https://news.example.invalid/articles/2026/10/story-788032?utm_source=share&utm_medium=link&ref=sfp-seed
b3FF,https://news.example.invalid/articles/2026/10/story-2635723?utm_source=share&utm_medium=link&ref=sfp-seed
hQPD,https://news.example.invalid/articles/2026/10/story-4254665?utm_source=share&utm_medium=link&ref=sfp-seed
qDvF,https://news.example.invalid/articles/2026/10/story-6348407?utm_source=share&utm_medium=link&ref=sfp-seed
iGJ7,https://news.example.invalid/articles/2026/10/story-4454149?utm_source=share&utm_medium=link&ref=sfp-seed
dqd9,https://news.example.invalid/articles/2026/10/story-3199023?utm_source=share&utm_medium=link&ref=sfp-seed
yaQd,https://news.example.invalid/articles/2026/10/story-8144829?utm_source=share&utm_medium=link&ref=sfp-seed
b6Z1,https://news.example.invalid/articles/2026/10/story-2648455?utm_source=share&utm_medium=link&ref=sfp-seed
oMhO,https://news.example.invalid/articles/2026/10/story-5905488?utm_source=share&utm_medium=link&ref=sfp-seed
blwZ,https://news.example.invalid/articles/2026/10/story-2704377?utm_source=share&utm_medium=link&ref=sfp-seed
aoU2,https://news.example.invalid/articles/2026/10/story-2479010?utm_source=share&utm_medium=link&ref=sfp-seed
B1ej,https://news.example.invalid/articles/2026/10/story-8822867?utm_source=share&utm_medium=link&ref=sfp-seed
hWU,https://news.example.invalid/articles/2026/10/story-69000?utm_source=share&utm_medium=link&ref=sfp-seed
jOxt,https://news.example.invalid/articles/2026/10/story-4722507?utm_source=share&utm_medium=link&ref=sfp-seed
9zAM,https://news.example.invalid/articles/2026/10/story-2281772?utm_source=share&utm_medium=link&ref=sfp-seed
eV7a,https://news.example.invalid/articles/2026/10/story-3556144?utm_source=share&utm_medium=link&ref=sfp-seed
lzOo,https://news.example.invalid/articles/2026/10/story-5142552?utm_source=share&utm_medium=link&ref=sfp-seed
9lpX,https://news.example.invalid/articles/2026/10/story-2227285?utm_source=share&utm_medium=link&ref=sfp-seed
fyyz,https://news.example.invalid/articles/2026/10/story-3707759?utm_source=share&utm_medium=link&ref=sfp-seed
32qE,https://news.example.invalid/articles/2026/10/story-724324?utm_source=share&utm_medium=link&ref=sfp-seed
59l,https://news.example.invalid/articles/2026/10/story-19799?utm_source=share&utm_medium=link&ref=sfp-seed
7Y3f,https://news.example.invalid/articles/2026/10/story-1899137?utm_source=share&utm_medium=link&ref=sfp-seed
wg5,https://news.example.invalid/articles/2026/10/story-124005?utm_source=share&utm_medium=link&ref=sfp-seed
omfL,https://news.example.invalid/articles/2026/10/story-5805417?utm_source=share&utm_medium=link&ref=sfp-seed
gxCf,https://news.example.invalid/articles/2026/10/story-3942471?utm_source=share&utm_medium=link&ref=sfp-seed
m6en,https://news.example.invalid/articles/2026/10/story-5267171?utm_source=share&utm_medium=link&ref=sfp-seed
hbHl,https://news.example.invalid/articles/2026/10/story-4096547?utm_source=share&utm_medium=link&ref=sfp-seed
BaDk,https://news.example.invalid/articles/2026/10/story-8859014?utm_source=share&utm_medium=link&ref=sfp-seed
dYWk,https://news.example.invalid/articles/2026/10/story-3332520?utm_source=share&utm_medium=link&ref=sfp-seed
w1ic,https://news.example.invalid/articles/2026/10/story-7631468?utm_source=share&utm_medium=link&ref=sfp-seed
nihf,https://news.example.invalid/articles/2026/10/story-5551805?utm_source=share&utm_medium=link&ref=sfp-seed
ocS9,https://news.example.invalid/articles/2026/10/story-5769357?utm_source=share&utm_medium=link&ref=sfp-seed
lGP9,https://news.example.invalid/articles/2026/10/story-5169507?utm_source=share&utm_medium=link&ref=sfp-seed
ftwG,https://news.example.invalid/articles/2026/10/story-3688422?utm_source=share&utm_medium=link&ref=sfp-seed
ev69,https://news.example.invalid/articles/2026/10/story-3456137?utm_source=share&utm_medium=link&ref=sfp-seed
3R8R,https://news.example.invalid/articles/2026/10/story-919265?utm_source=share&utm_medium=link&ref=sfp-seed
7Nou,https://news.example.invalid/articles/2026/10/story-1858170?utm_source=share&utm_medium=link&ref=sfp-seed
qtCn,https://news.example.invalid/articles/2026/10/story-6310383?utm_source=share&utm_medium=link&ref=sfp-seed
bgk3,https://news.example.invalid/articles/2026/10/story-2684355?utm_source=share&utm_medium=link&ref=sfp-seed
oGFn,https://news.example.invalid/articles/2026/10/story-5883885?utm_source=share&utm_medium=link&ref=sfp-seed
b5l8,https://news.example.invalid/articles/2026/10/story-2642138?utm_source=share&utm_medium=link&ref=sfp-seed
8Wwp,https://news.example.invalid/articles/2026/10/story-2131585?utm_source=share&utm_medium=link&ref=sfp-seed
jZ51,https://news.example.invalid/articles/2026/10/story-4763027?utm_source=share&utm_medium=link&ref=sfp-seed
gzUk,https://news.example.invalid/articles/2026/10/story-3951280?utm_source=share&utm_medium=link&ref=sfp-seed
oDHM,https://news.example.invalid/articles/2026/10/story-5872502?utm_source=share&utm_medium=link&ref=sfp-seed
FGDU,https://news.example.invalid/articles/2026/10/story-9935370?utm_source=share&utm_medium=link&ref=sfp-seed
ELb0,https://news.example.invalid/articles/2026/10/story-9714470?utm_source=share&utm_medium=link&ref=sfp-seed
mqKa,https://news.example.invalid/articles/2026/10/story-5346022?utm_source=share&utm_medium=link&ref=sfp-seed
kFvt,https://news.example.invalid/articles/2026/10/story-4926115?utm_source=share&utm_medium=link&ref=sfp-seed
NqD,https://news.example.invalid/articles/2026/10/story-190007?utm_source=share&utm_medium=link&ref=sfp-seed
7z1M,https://news.example.invalid/articles/2026/10/story-1802946?utm_source=share&utm_medium=link&ref=sfp-seed
1Aia,https://news.example.invalid/articles/2026/10/story-377838?utm_source=share&utm_medium=link&ref=sfp-seed
sFCG,https://news.example.invalid/articles/2026/10/story-6833186?utm_source=share&utm_medium=link&ref=sfp-seed
jGzQ,https://news.example.invalid/articles/2026/10/story-4691902?utm_source=share&utm_medium=link&ref=sfp-seed
vl6q,https://news.example.invalid/articles/2026/10/story-7469290?utm_source=share&utm_medium=link&ref=sfp-seed
qyj8,https://news.example.invalid/articles/2026/10/story-6328410?utm_source=share&utm_medium=link&ref=sfp-seed
eZeG,https://news.example.invalid/articles/2026/10/story-3571986?utm_source=share&utm_medium=link&ref=sfp-seed
ejMv,https://news.example.invalid/articles/2026/10/story-3412635?utm_source=share&utm_medium=link&ref=sfp-seed
FmlQ,https://news.example.invalid/articles/2026/10/story-9857370?utm_source=share&utm_medium=link&ref=sfp-seed
vZnp,https://news.example.invalid/articles/2026/10/story-7624103?utm_source=share&utm_medium=link&ref=sfp-seed
ydnr,https://news.example.invalid/articles/2026/10/story-8154577?utm_source=share&utm_medium=link&ref=sfp-seed
zV3s,https://news.example.invalid/articles/2026/10/story-8560802?utm_source=share&utm_medium=link&ref=sfp-seed
dlzi,https://news.example.invalid/articles/2026/10/story-3181176?utm_source=share&utm_medium=link&ref=sfp-seed
btuN,https://news.example.invalid/articles/2026/10/story-2734993?utm_source=share&utm_medium=link&ref=sfp-seed
imSU,https://news.example.invalid/articles/2026/10/story-4377876?utm_source=share&utm_medium=link&ref=sfp-seed
fvkR,https://news.example.invalid/articles/2026/10/story-3695377?utm_source=share&utm_medium=link&ref=sfp-seed
73S8,https://news.example.invalid/articles/2026/10/story-1683184?utm_source=share&utm_medium=link&ref=sfp-seed
BtsZ,https://news.example.invalid/articles/2026/10/story-8931409?utm_source=share&utm_medium=link&ref=sfp-seed
sDvW,https://news.example.invalid/articles/2026/10/story-6825080?utm_source=share&utm_medium=link&ref=sfp-seed
gWjg,https://news.example.invalid/articles/2026/10/story-4037394?utm_source=share&utm_medium=link&ref=sfp-seed
xqw1,https://news.example.invalid/articles/2026/10/story-7966753?utm_source=share&utm_medium=link&ref=sfp-seed
dJn9,https://news.example.invalid/articles/2026/10/story-3272679?utm_source=share&utm_medium=link&ref=sfp-seed
31PZ,https://news.example.invalid/articles/2026/10/story-722051?utm_source=share&utm_medium=link&ref=sfp-seed
AAoH,https://news.example.invalid/articles/2026/10/story-8719723?utm_source=share&utm_medium=link&ref=sfp-seed
w6BH,https://news.example.invalid/articles/2026/10/story-7651897?utm_source=share&utm_medium=link&ref=sfp-seed
cx7p,https://news.example.invalid/articles/2026/10/story-2987247?utm_source=share&utm_medium=link&ref=sfp-seed
bWoc,https://news.example.invalid/articles/2026/10/story-2846060?utm_source=share&utm_medium=link&ref=sfp-seed
aEVV,https://news.example.invalid/articles/2026/10/story-2540631?utm_source=share&utm_medium=link&ref=sfp-seed
tidh,https://news.example.invalid/articles/2026/10/story-6981527?utm_source=share&utm_medium=link&ref=sfp-seed
iMm9,https://news.example.invalid/articles/2026/10/story-4475789?utm_source=share&utm_medium=link&ref=sfp-seed
r1ql,https://news.example.invalid/articles/2026/10/story-6440333?utm_source=share&utm_medium=link&ref=sfp-seed
cYxg,https://news.example.invalid/articles/2026/10/story-3092638?utm_source=share&utm_medium=link&ref=sfp-seed
laIn,https://news.example.invalid/articles/2026/10/story-5046079?utm_source=share&utm_medium=link&ref=sfp-seed
40Gp,https://news.example.invalid/articles/2026/10/story-955941?utm_source=share&utm_medium=link&ref=sfp-seed
lmrh,https://news.example.invalid/articles/2026/10/story-5091147?utm_source=share&utm_medium=link&ref=sfp-seed
kggY,https://news.example.invalid/articles/2026/10/story-4829116?utm_source=share&utm_medium=link&ref=sfp-seed
gRvN,https://news.example.invalid/articles/2026/10/story-4018951?utm_source=share&utm_medium=link&ref=sfp-seed
dYpA,https://news.example.invalid/articles/2026/10/story-3330490?utm_source=share&utm_medium=link&ref=sfp-seed
adXU,https://news.example.invalid/articles/2026/10/story-2436966?utm_source=share&utm_medium=link&ref=sfp-seed
emHA,https://news.example.invalid/articles/2026/10/story-3423862?utm_source=share&utm_medium=link&ref=sfp-seed
Bbyp,https://news.example.invalid/articles/2026/10/story-8862553?utm_source=share&utm_medium=link&ref=sfp-seed
b2QC,https://news.example.invalid/articles/2026/10/story-2632558?utm_source=share&utm_medium=link&ref=sfp-seed
Cy0l,https://news.example.invalid/articles/2026/10/story-9187181?utm_source=share&utm_medium=link&ref=sfp-seed
n87z,https://news.example.invalid/articles/2026/10/story-5512765?utm_source=share&utm_medium=link&ref=sfp-seed
DI3k,https://news.example.invalid/articles/2026/10/story-9464134?utm_source=share&utm_medium=link&ref=sfp-seed
aBSY,https://news.example.invalid/articles/2026/10/story-2528916?utm_source=share&utm_medium=link&ref=sfp-seed
DT7x,https://news.example.invalid/articles/2026/10/story-9506679?utm_source=share&utm_medium=link&ref=sfp-seed
tZsy,https://news.example.invalid/articles/2026/10/story-7147766?utm_source=share&utm_medium=link&ref=sfp-seed
ukgI,https://news.example.invalid/articles/2026/10/story-7227756?utm_source=share&utm_medium=link&ref=sfp-seed
9uBX,https://news.example.invalid/articles/2026/10/story-2262625?utm_source=share&utm_medium=link&ref=sfp-seed
7GUc,https://news.example.invalid/articles/2026/10/story-1833228?utm_source=share&utm_medium=link&ref=sfp-seed
tJQU,https://news.example.invalid/articles/2026/10/story-7087772?utm_source=share&utm_medium=link&ref=sfp-seed
uG4,https://news.example.invalid/articles/2026/10/story-117928?utm_source=share&utm_medium=link&ref=sfp-seed
yRp1,https://news.example.invalid/articles/2026/10/story-8308435?utm_source=share&utm_medium=link&ref=sfp-seed
sm4W,https://news.example.invalid/articles/2026/10/story-6758058?utm_source=share&utm_medium=link&ref=sfp-seed
c73h,https://news.example.invalid/articles/2026/10/story-2887047?utm_source=share&utm_medium=link&ref=sfp-seed
5dkm,https://news.example.invalid/articles/2026/10/story-1242874?utm_source=share&utm_medium=link&ref=sfp-seed
whcn,https://news.example.invalid/articles/2026/10/story-7692611?utm_source=share&utm_medium=link&ref=sfp-seed
73xV,https://news.example.invalid/articles/2026/10/story-1681931?utm_source=share&utm_medium=link&ref=sfp-seed
a9I3,https://news.example.invalid/articles/2026/10/story-2420607?utm_source=share&utm_medium=link&ref=sfp-seed
lvB8,https://news.example.invalid/articles/2026/10/story-5126354?utm_source=share&utm_medium=link&ref=sfp-seed
eJkE,https://news.example.invalid/articles/2026/10/story-3510852?utm_source=share&utm_medium=link&ref=sfp-seed
A9je,https://news.example.invalid/articles/2026/10/story-8615596?utm_source=share&utm_medium=link&ref=sfp-seed
1BEg,https://news.example.invalid/articles/2026/10/story-383052?utm_source=share&utm_medium=link&ref=sfp-seed
zD8X,https://news.example.invalid/articles/2026/10/story-8491951?utm_source=share&utm_medium=link&ref=sfp-seed
fxhb,https://news.example.invalid/articles/2026/10/story-3702837?utm_source=share&utm_medium=link&ref=sfp-seed
4HFd,https://news.example.invalid/articles/2026/10/story-1121159?utm_source=share&utm_medium=link&ref=sfp-seed
y9nZ,https://news.example.invalid/articles/2026/10/story-8139235?utm_source=share&utm_medium=link&ref=sfp-seed
tc7a,https://news.example.invalid/articles/2026/10/story-6958084?utm_source=share&utm_medium=link&ref=sfp-seed
ABGV,https://news.example.invalid/articles/2026/10/story-8724697?utm_source=share&utm_medium=link&ref=sfp-seed
j3xb,https://news.example.invalid/articles/2026/10/story-4541821?utm_source=share&utm_medium=link&ref=sfp-seed
tMfP,https://news.example.invalid/articles/2026/10/story-7097005?utm_source=share&utm_medium=link&ref=sfp-seed
epW3,https://news.example.invalid/articles/2026/10/story-3436291?utm_source=share&utm_medium=link&ref=sfp-seed
tYip,https://news.example.invalid/articles/2026/10/story-7143293?utm_source=share&utm_medium=link&ref=sfp-seed
9yQX,https://news.example.invalid/articles/2026/10/story-2278931?utm_source=share&utm_medium=link&ref=sfp-seed
rvc4,https://news.example.invalid/articles/2026/10/story-6554768?utm_source=share&utm_medium=link&ref=sfp-seed
hM0c,https://news.example.invalid/articles/2026/10/story-4236100?utm_source=share&utm_medium=link&ref=sfp-seed
aqHQ,https://news.example.invalid/articles/2026/10/story-2485942?utm_source=share&utm_medium=link&ref=sfp-seed
fKUO,https://news.example.invalid/articles/2026/10/story-3755266?utm_source=share&utm_medium=link&ref=sfp-seed
tX88,https://news.example.invalid/articles/2026/10/story-7138812?utm_source=share&utm_medium=link&ref=sfp-seed
tDb,https://news.example.invalid/articles/2026/10/story-113905?utm_source=share&utm_medium=link&ref=sfp-seed
ti7o,https://news.example.invalid/articles/2026/10/story-6981162?utm_source=share&utm_medium=link&ref=sfp-seed
Fh5g,https://news.example.invalid/articles/2026/10/story-9837122?utm_source=share&utm_medium=link&ref=sfp-seed
rKHj,https://news.example.invalid/articles/2026/10/story-6614365?utm_source=share&utm_medium=link&ref=sfp-seed
trZO,https://news.example.invalid/articles/2026/10/story-7019132?utm_source=share&utm_medium=link&ref=sfp-seed
jq45,https://news.example.invalid/articles/2026/10/story-4628429?utm_source=share&utm_medium=link&ref=sfp-seed
FHGA,https://news.example.invalid/articles/2026/10/story-9939380?utm_source=share&utm_medium=link&ref=sfp-seed
oqDJ,https://news.example.invalid/articles/2026/10/story-5822279?utm_source=share&utm_medium=link&ref=sfp-seed
ABVr,https://news.example.invalid/articles/2026/10/story-8725597?utm_source=share&utm_medium=link&ref=sfp-seed
2em9,https://news.example.invalid/articles/2026/10/story-531845?utm_source=share&utm_medium=link&ref=sfp-seed
i0Z,https://news.example.invalid/articles/2026/10/story-69253?utm_source=share&utm_medium=link&ref=sfp-seed
dxbQ,https://news.example.invalid/articles/2026/10/story-3225850?utm_source=share&utm_medium=link&ref=sfp-seed
iwYm,https://news.example.invalid/articles/2026/10/story-4416654?utm_source=share&utm_medium=link&ref=sfp-seed
du95,https://news.example.invalid/articles/2026/10/story-3214147?utm_source=share&utm_medium=link&ref=sfp-seed
hWjG,https://news.example.invalid/articles/2026/10/story-4275748?utm_source=share&utm_medium=link&ref=sfp-seed
emn,https://news.example.invalid/articles/2026/10/story-55203?utm_source=share&utm_medium=link&ref=sfp-seed
si6G,https://news.example.invalid/articles/2026/10/story-6742790?utm_source=share&utm_medium=link&ref=sfp-seed
gUfj,https://news.example.invalid/articles/2026/10/story-4029461?utm_source=share&utm_medium=link&ref=sfp-seed
dYGD,https://news.example.invalid/articles/2026/10/story-3331547?utm_source=share&utm_medium=link&ref=sfp-seed
ghFR,https://news.example.invalid/articles/2026/10/story-3881191?utm_source=share&utm_medium=link&ref=sfp-seed
3IzF,https://news.example.invalid/articles/2026/10/story-886331?utm_source=share&utm_medium=link&ref=sfp-seed
ib10,https://news.example.invalid/articles/2026/10/story-4332250?utm_source=share&utm_medium=link&ref=sfp-seed
lPzw,https://news.example.invalid/articles/2026/10/story-5203134?utm_source=share&utm_medium=link&ref=sfp-seed
wwhA,https://news.example.invalid/articles/2026/10/story-7750594?utm_source=share&utm_medium=link&ref=sfp-seed
q7Nx,https://news.example.invalid/articles/2026/10/story-6226507?utm_source=share&utm_medium=link&ref=sfp-seed
8hS2,https://news.example.invalid/articles/2026/10/story-1975322?utm_source=share&utm_medium=link&ref=sfp-seed
1GCr,https://news.example.invalid/articles/2026/10/story-402159?utm_source=share&utm_medium=link&ref=sfp-seed
oEqx,https://news.example.invalid/articles/2026/10/story-5875277?utm_source=share&utm_medium=link&ref=sfp-seed
B1hq,https://news.example.invalid/articles/2026/10/story-8823060?utm_source=share&utm_medium=link&ref=sfp-seed
l6A7,https://news.example.invalid/articles/2026/10/story-5030191?utm_source=share&utm_medium=link&ref=sfp-seed
6RFP,https://news.example.invalid/articles/2026/10/story-1636293?utm_source=share&utm_medium=link&ref=sfp-seed
BPhA,https://news.example.invalid/articles/2026/10/story-9015270?utm_source=share&utm_medium=link&ref=sfp-seed
6gBp,https://news.example.invalid/articles/2026/10/story-1493791?utm_source=share&utm_medium=link&ref=sfp-seed
38Vj,https://news.example.invalid/articles/2026/10/story-749289?utm_source=share&utm_medium=link&ref=sfp-seed
vo7L,https://news.example.invalid/articles/2026/10/story-7480905?utm_source=share&utm_medium=link&ref=sfp-seed
sknm,https://news.example.invalid/articles/2026/10/story-6751512?utm_source=share&utm_medium=link&ref=sfp-seed
2DbR,https://news.example.invalid/articles/2026/10/story-627307?utm_source=share&utm_medium=link&ref=sfp-seed
nEDY,https://news.example.invalid/articles/2026/10/story-5637782?utm_source=share&utm_medium=link&ref=sfp-seed
rQs,https://news.example.invalid/articles/2026/10/story-107040?utm_source=share&utm_medium=link&ref=sfp-seed
r0o6,https://news.example.invalid/articles/2026/10/story-6436350?utm_source=share&utm_medium=link&ref=sfp-seed
ro99,https://news.example.invalid/articles/2026/10/story-6527679?utm_source=share&utm_medium=link&ref=sfp-seed
1x5H,https://news.example.invalid/articles/2026/10/story-365533?utm_source=share&utm_medium=link&ref=sfp-seed
m1dk,https://news.example.invalid/articles/2026/10/story-5247886?utm_source=share&utm_medium=link&ref=sfp-seed
3ubE,https://news.example.invalid/articles/2026/10/story-831026?utm_source=share&utm_medium=link&ref=sfp-seed
vkyk,https://news.example.invalid/articles/2026/10/story-7467176?utm_source=share&utm_medium=link&ref=sfp-seed
1WvB,https://news.example.invalid/articles/2026/10/story-463239?utm_source=share&utm_medium=link&ref=sfp-seed
zYDv,https://news.example.invalid/articles/2026/10/story-8574569?utm_source=share&utm_medium=link&ref=sfp-seed
1TT7,https://news.example.invalid/articles/2026/10/story-453165?utm_source=share&utm_medium=link&ref=sfp-seed
y6T0,https://news.example.invalid/articles/2026/10/story-8129626?utm_source=share&utm_medium=link&ref=sfp-seed
fEr9,https://news.example.invalid/articles/2026/10/story-3730363?utm_source=share&utm_medium=link&ref=sfp-seed
xOIx,https://news.example.invalid/articles/2026/10/story-8059785?utm_source=share&utm_medium=link&ref=sfp-seed
r6bd,https://news.example.invalid/articles/2026/10/story-6458615?utm_source=share&utm_medium=link&ref=sfp-seed
ELir,https://news.example.invalid/articles/2026/10/story-9714931?utm_source=share&utm_medium=link&ref=sfp-seed
5Zrv,https://news.example.invalid/articles/2026/10/story-1427829?utm_source=share&utm_medium=link&ref=sfp-seed
gR51,https://news.example.invalid/articles/2026/10/story-4017291?utm_source=share&utm_medium=link&ref=sfp-seed
ElN7,https://news.example.invalid/articles/2026/10/story-9616889?utm_source=share&utm_medium=link&ref=sfp-seed
qSB9,https://news.example.invalid/articles/2026/10/story-6406407?utm_source=share&utm_medium=link&ref=sfp-seed
AoIi,https://news.example.invalid/articles/2026/10/story-8674810?utm_source=share&utm_medium=link&ref=sfp-seed
lJ2U,https://news.example.invalid/articles/2026/10/story-5178048?utm_source=share&utm_medium=link&ref=sfp-seed
4jo0,https://news.example.invalid/articles/2026/10/story-1027836?utm_source=share&utm_medium=link&ref=sfp-seed
2uC1,https://news.example.invalid/articles/2026/10/story-594333?utm_source=share&utm_medium=link&ref=sfp-seed
nHLB,https://news.example.invalid/articles/2026/10/story-5649787?utm_source=share&utm_medium=link&ref=sfp-seed
6hOY,https://news.example.invalid/articles/2026/10/story-1498476?utm_source=share&utm_medium=link&ref=sfp-seed
662D,https://news.example.invalid/articles/2026/10/story-1453195?utm_source=share&utm_medium=link&ref=sfp-seed
pVn3,https://news.example.invalid/articles/2026/10/story-6178737?utm_source=share&utm_medium=link&ref=sfp-seed
xyvg,https://news.example.invalid/articles/2026/10/story-7997458?utm_source=share&utm_medium=link&ref=sfp-seed
9S3G,https://news.example.invalid/articles/2026/10/story-2352756?utm_source=share&utm_medium=link&ref=sfp-seed
vB37,https://news.example.invalid/articles/2026/10/story-7530589?utm_source=share&utm_medium=link&ref=sfp-seed
eFPZ,https://news.example.invalid/articles/2026/10/story-3497419?utm_source=share&utm_medium=link&ref=sfp-seed
Ff7J,https://news.example.invalid/articles/2026/10/story-9829587?utm_source=share&utm_medium=link&ref=sfp-seed
x5js,https://news.example.invalid/articles/2026/10/story-7885250?utm_source=share&utm_medium=link&ref=sfp-seed
nMRo,https://news.example.invalid/articles/2026/10/story-5669366?utm_source=share&utm_medium=link&ref=sfp-seed
FCCC,https://news.example.invalid/articles/2026/10/story-9919914?utm_source=share&utm_medium=link&ref=sfp-seed
5dQw,https://news.example.invalid/articles/2026/10/story-1244868?utm_source=share&utm_medium=link&ref=sfp-seed
vUuY,https://news.example.invalid/articles/2026/10/story-7605352?utm_source=share&utm_medium=link&ref=sfp-seed
a4ur,https://news.example.invalid/articles/2026/10/story-2400543?utm_source=share&utm_medium=link&ref=sfp-seed
DYKZ,https://news.example.invalid/articles/2026/10/story-9528345?utm_source=share&utm_medium=link&ref=sfp-seed
6It3,https://news.example.invalid/articles/2026/10/story-1600905?utm_source=share&utm_medium=link&ref=sfp-seed
5L0C,https://news.example.invalid/articles/2026/10/story-1372346?utm_source=share&utm_medium=link&ref=sfp-seed
iORq,https://news.example.invalid/articles/2026/10/story-4485416?utm_source=share&utm_medium=link&ref=sfp-seed
E7pt,https://news.example.invalid/articles/2026/10/story-9561607?utm_source=share&utm_medium=link&ref=sfp-seed
CW6V,https://news.example.invalid/articles/2026/10/story-9279845?utm_source=share&utm_medium=link&ref=sfp-seed
fV8J,https://news.example.invalid/articles/2026/10/story-3794569?utm_source=share&utm_medium=link&ref=sfp-seed
ogBb,https://news.example.invalid/articles/2026/10/story-5783681?utm_source=share&utm_medium=link&ref=sfp-seed
y68A,https://news.example.invalid/articles/2026/10/story-8126748?utm_source=share&utm_medium=link&ref=sfp-seed
uXTb,https://news.example.invalid/articles/2026/10/story-7380057?utm_source=share&utm_medium=link&ref=sfp-seed
f5e8,https://news.example.invalid/articles/2026/10/story-3595016?utm_source=share&utm_medium=link&ref=sfp-seed
4RVT,https://news.example.invalid/articles/2026/10/story-1160633?utm_source=share&utm_medium=link&ref=sfp-seed
ePAZ,https://news.example.invalid/articles/2026/10/story-3534929?utm_source=share&utm_medium=link&ref=sfp-seed
afDI,https://news.example.invalid/articles/2026/10/story-2443402?utm_source=share&utm_medium=link&ref=sfp-seed
qtUc,https://news.example.invalid/articles/2026/10/story-6311488?utm_source=share&utm_medium=link&ref=sfp-seed
CQjF,https://news.example.invalid/articles/2026/10/story-9257571?utm_source=share&utm_medium=link&ref=sfp-seed
i9tB,https://news.example.invalid/articles/2026/10/story-4326335?utm_source=share&utm_medium=link&ref=sfp-seed
60S9,https://news.example.invalid/articles/2026/10/story-1433325?utm_source=share&utm_medium=link&ref=sfp-seed
zhgb,https://news.example.invalid/articles/2026/10/story-8407831?utm_source=share&utm_medium=link&ref=sfp-seed
Daec,https://news.example.invalid/articles/2026/10/story-9334112?utm_source=share&utm_medium=link&ref=sfp-seed
vCMF,https://news.example.invalid/articles/2026/10/story-7537257?utm_source=share&utm_medium=link&ref=sfp-seed
2Pd7,https://news.example.invalid/articles/2026/10/story-673513?utm_source=share&utm_medium=link&ref=sfp-seed
bAJy,https://news.example.invalid/articles/2026/10/story-2762816?utm_source=share&utm_medium=link&ref=sfp-seed
4kMn,https://news.example.invalid/articles/2026/10/story-1033191?utm_source=share&utm_medium=link&ref=sfp-seed
ohBm,https://news.example.invalid/articles/2026/10/story-5787536?utm_source=share&utm_medium=link&ref=sfp-seed
FbDx,https://news.example.invalid/articles/2026/10/story-9816183?utm_source=share&utm_medium=link&ref=sfp-seed
nwD4,https://news.example.invalid/articles/2026/10/story-5606974?utm_source=share&utm_medium=link&ref=sfp-seed
uGgj,https://news.example.invalid/articles/2026/10/story-7312299?utm_source=share&utm_medium=link&ref=sfp-seed
bFK2,https://news.example.invalid/articles/2026/10/story-2782066?utm_source=share&utm_medium=link&ref=sfp-seed
cQH8,https://news.example.invalid/articles/2026/10/story-3062498?utm_source=share&utm_medium=link&ref=sfp-seed
1iPh,https://news.example.invalid/articles/2026/10/story-310699?utm_source=share&utm_medium=link&ref=sfp-seed
26KK,https://news.example.invalid/articles/2026/10/story-502618?utm_source=share&utm_medium=link&ref=sfp-seed
xzP6,https://news.example.invalid/articles/2026/10/story-8002532?utm_source=share&utm_medium=link&ref=sfp-seed
kKM0,https://news.example.invalid/articles/2026/10/story-4946360?utm_source=share&utm_medium=link&ref=sfp-seed
4oiJ,https://news.example.invalid/articles/2026/10/story-1046729?utm_source=share&utm_medium=link&ref=sfp-seed
nJS6,https://news.example.invalid/articles/2026/10/story-5657878?utm_source=share&utm_medium=link&ref=sfp-seed
xI4d,https://news.example.invalid/articles/2026/10/story-8034221?utm_source=share&utm_medium=link&ref=sfp-seed
Au7H,https://news.example.invalid/articles/2026/10/story-8695605?utm_source=share&utm_medium=link&ref=sfp-seed
aHCg,https://news.example.invalid/articles/2026/10/story-2550944?utm_source=share&utm_medium=link&ref=sfp-seed
b8wt,https://news.example.invalid/articles/2026/10/story-2654373?utm_source=share&utm_medium=link&ref=sfp-seed
D2ii,https://news.example.invalid/articles/2026/10/story-9303614?utm_source=share&utm_medium=link&ref=sfp-seed
FSxb,https://news.example.invalid/articles/2026/10/story-9981081?utm_source=share&utm_medium=link&ref=sfp-seed
DyBZ,https://news.example.invalid/articles/2026/10/story-9427843?utm_source=share&utm_medium=link&ref=sfp-seed
2qyM,https://news.example.invalid/articles/2026/10/story-578756?utm_source=share&utm_medium=link&ref=sfp-seed
wSbv,https://news.example.invalid/articles/2026/10/story-7834785?utm_source=share&utm_medium=link&ref=sfp-seed
ezua,https://news.example.invalid/articles/2026/10/story-3473002?utm_source=share&utm_medium=link&ref=sfp-seed
sAE9,https://news.example.invalid/articles/2026/10/story-6814057?utm_source=share&utm_medium=link&ref=sfp-seed
alEw,https://news.example.invalid/articles/2026/10/story-2466516?utm_source=share&utm_medium=link&ref=sfp-seed
Bsas,https://news.example.invalid/articles/2026/10/story-8926416?utm_source=share&utm_medium=link&ref=sfp-seed
5U22,https://news.example.invalid/articles/2026/10/story-1407030?utm_source=share&utm_medium=link&ref=sfp-seed
4YBd,https://news.example.invalid/articles/2026/10/story-1186259?utm_source=share&utm_medium=link&ref=sfp-seed
hw7s,https://news.example.invalid/articles/2026/10/story-4175046?utm_source=share&utm_medium=link&ref=sfp-seed
8UPL,https://news.example.invalid/articles/2026/10/story-2125097?utm_source=share&utm_medium=link&ref=sfp-seed
s7hU,https://news.example.invalid/articles/2026/10/story-6701202?utm_source=share&utm_medium=link&ref=sfp-seed
6fyD,https://news.example.invalid/articles/2026/10/story-1489775?utm_source=share&utm_medium=link&ref=sfp-seed
wxQz,https://news.example.invalid/articles/2026/10/story-7756607?utm_source=share&utm_medium=link&ref=sfp-seed
6q2I,https://news.example.invalid/articles/2026/10/story-1530080?utm_source=share&utm_medium=link&ref=sfp-seed
qjJ7,https://news.example.invalid/articles/2026/10/story-6272361?utm_source=share&utm_medium=link&ref=sfp-seed
xm5U,https://news.example.invalid/articles/2026/10/story-7949758?utm_source=share&utm_medium=link&ref=sfp-seed
sAur,https://news.example.invalid/articles/2026/10/story-6813455?utm_source=share&utm_medium=link&ref=sfp-seed
27QY,https://news.example.invalid/articles/2026/10/story-506848?utm_source=share&utm_medium=link&ref=sfp-seed
yRDv,https://news.example.invalid/articles/2026/10/story-8309333?utm_source=share&utm_medium=link&ref=sfp-seed
BnJm,https://news.example.invalid/articles/2026/10/story-8909360?utm_source=share&utm_medium=link&ref=sfp-seed
gsT1,https://news.example.invalid/articles/2026/10/story-3924291?utm_source=share&utm_medium=link&ref=sfp-seed
jx97,https://news.example.invalid/articles/2026/10/story-4655649?utm_source=share&utm_medium=link&ref=sfp-seed
5eVc,https://news.example.invalid/articles/2026/10/story-1249002?utm_source=share&utm_medium=link&ref=sfp-seed
kkMT,https://news.example.invalid/articles/2026/10/story-4846471?utm_source=share&utm_medium=link&ref=sfp-seed
2Xs6,https://news.example.invalid/articles/2026/10/story-705194?utm_source=share&utm_medium=link&ref=sfp-seed
9Hhc,https://news.example.invalid/articles/2026/10/story-2311310?utm_source=share&utm_medium=link&ref=sfp-seed
lsBC,https://news.example.invalid/articles/2026/10/story-5114852?utm_source=share&utm_medium=link&ref=sfp-seed
egwd,https://news.example.invalid/articles/2026/10/story-3400093?utm_source=share&utm_medium=link&ref=sfp-seed
jxWC,https://news.example.invalid/articles/2026/10/story-4658718?utm_source=share&utm_medium=link&ref=sfp-seed
esAY,https://news.example.invalid/articles/2026/10/story-3446516?utm_source=share&utm_medium=link&ref=sfp-seed
5zYF,https://news.example.invalid/articles/2026/10/story-1329941?utm_source=share&utm_medium=link&ref=sfp-seed
nDJU,https://news.example.invalid/articles/2026/10/story-5634306?utm_source=share&utm_medium=link&ref=sfp-seed
bQkd,https://news.example.invalid/articles/2026/10/story-2822749?utm_source=share&utm_medium=link&ref=sfp-seed
iZEz,https://news.example.invalid/articles/2026/10/story-4526903?utm_source=share&utm_medium=link&ref=sfp-seed
ezzq,https://news.example.invalid/articles/2026/10/story-3473328?utm_source=share&utm_medium=link&ref=sfp-seed
EH6P,https://news.example.invalid/articles/2026/10/story-9698835?utm_source=share&utm_medium=link&ref=sfp-seed
58K9,https://news.example.invalid/articles/2026/10/story-1225253?utm_source=share&utm_medium=link&ref=sfp-seed
6dU9,https://news.example.invalid/articles/2026/10/story-1483421?utm_source=share&utm_medium=link&ref=sfp-seed
aQ5k,https://news.example.invalid/articles/2026/10/story-2583498?utm_source=share&utm_medium=link&ref=sfp-seed
AKXP,https://news.example.invalid/articles/2026/10/story-8760341?utm_source=share&utm_medium=link&ref=sfp-seed
rByz,https://news.example.invalid/articles/2026/10/story-6579227?utm_source=share&utm_medium=link&ref=sfp-seed
yXD6,https://news.example.invalid/articles/2026/10/story-8332372?utm_source=share&utm_medium=link&ref=sfp-seed
DhmQ,https://news.example.invalid/articles/2026/10/story-9361556?utm_source=share&utm_medium=link&ref=sfp-seed
DMIA,https://news.example.invalid/articles/2026/10/story-9482068?utm_source=share&utm_medium=link&ref=sfp-seed
j5Js,https://news.example.invalid/articles/2026/10/story-4550270?utm_source=share&utm_medium=link&ref=sfp-seed
60jy,https://news.example.invalid/articles/2026/10/story-1431180?utm_source=share&utm_medium=link&ref=sfp-seed
ivLd,https://news.example.invalid/articles/2026/10/story-4411995?utm_source=share&utm_medium=link&ref=sfp-seed
mGE9,https://news.example.invalid/articles/2026/10/story-5407153?utm_source=share&utm_medium=link&ref=sfp-seed
Btju,https://news.example.invalid/articles/2026/10/story-8930820?utm_source=share&utm_medium=link&ref=sfp-seed
qhud,https://news.example.invalid/articles/2026/10/story-6263749?utm_source=share&utm_medium=link&ref=sfp-seed
cqmb,https://news.example.invalid/articles/2026/10/story-2961255?utm_source=share&utm_medium=link&ref=sfp-seed
CW9C,https://news.example.invalid/articles/2026/10/story-9280012?utm_source=share&utm_medium=link&ref=sfp-seed
BTId,https://news.example.invalid/articles/2026/10/story-9032297?utm_source=share&utm_medium=link&ref=sfp-seed
shQz,https://news.example.invalid/articles/2026/10/story-6741791?utm_source=share&utm_medium=link&ref=sfp-seed
csmi,https://news.example.invalid/articles/2026/10/story-2968950?utm_source=share&utm_medium=link&ref=sfp-seed
uV8g,https://news.example.invalid/articles/2026/10/story-7369460?utm_source=share&utm_medium=link&ref=sfp-seed
1eQR,https://news.example.invalid/articles/2026/10/story-295421?utm_source=share&utm_medium=link&ref=sfp-seed
FJxt,https://news.example.invalid/articles/2026/10/story-9946503?utm_source=share&utm_medium=link&ref=sfp-seed
mXdL,https://news.example.invalid/articles/2026/10/story-5470865?utm_source=share&utm_medium=link&ref=sfp-seed
ggp1,https://news.example.invalid/articles/2026/10/story-3876303?utm_source=share&utm_medium=link&ref=sfp-seed
z3Fo,https://news.example.invalid/articles/2026/10/story-8355578?utm_source=share&utm_medium=link&ref=sfp-seed
aRIN,https://news.example.invalid/articles/2026/10/story-2589789?utm_source=share&utm_medium=link&ref=sfp-seed
pbSF,https://news.example.invalid/articles/2026/10/story-6003873?utm_source=share&utm_medium=link&ref=sfp-seed
uYg3,https://news.example.invalid/articles/2026/10/story-7381475?utm_source=share&utm_medium=link&ref=sfp-seed
1ODH,https://news.example.invalid/articles/2026/10/story-432989?utm_source=share&utm_medium=link&ref=sfp-seed
ivUR,https://news.example.invalid/articles/2026/10/story-4412593?utm_source=share&utm_medium=link&ref=sfp-seed
5hfF,https://news.example.invalid/articles/2026/10/story-1257959?utm_source=share&utm_medium=link&ref=sfp-seed
dS0N,https://news.example.invalid/articles/2026/10/story-3305889?utm_source=share&utm_medium=link&ref=sfp-seed
iNPC,https://news.example.invalid/articles/2026/10/story-4481460?utm_source=share&utm_medium=link&ref=sfp-seed
AfZ8,https://news.example.invalid/articles/2026/10/story-8641258?utm_source=share&utm_medium=link&ref=sfp-seed
nLfP,https://news.example.invalid/articles/2026/10/story-5663193?utm_source=share&utm_medium=link&ref=sfp-seed
6jP5,https://news.example.invalid/articles/2026/10/story-1506171?utm_source=share&utm_medium=link&ref=sfp-seed
oNPG,https://news.example.invalid/articles/2026/10/story-5911432?utm_source=share&utm_medium=link&ref=sfp-seed
qspA,https://news.example.invalid/articles/2026/10/story-6305746?utm_source=share&utm_medium=link&ref=sfp-seed
wlfl,https://news.example.invalid/articles/2026/10/story-7708171?utm_source=share&utm_medium=link&ref=sfp-seed
m8Yp,https://news.example.invalid/articles/2026/10/story-5277713?utm_source=share&utm_medium=link&ref=sfp-seed
2spN,https://news.example.invalid/articles/2026/10/story-585887?utm_source=share&utm_medium=link&ref=sfp-seed
o8BI,https://news.example.invalid/articles/2026/10/story-5752962?utm_source=share&utm_medium=link&ref=sfp-seed
Dils,https://news.example.invalid/articles/2026/10/story-9365314?utm_source=share&utm_medium=link&ref=sfp-seed
zDf2,https://news.example.invalid/articles/2026/10/story-8492328?utm_source=share&utm_medium=link&ref=sfp-seed
vqhi,https://news.example.invalid/articles/2026/10/story-7489184?utm_source=share&utm_medium=link&ref=sfp-seed
Bth,https://news.example.invalid/articles/2026/10/story-144043?utm_source=share&utm_medium=link&ref=sfp-seed
ynF1,https://news.example.invalid/articles/2026/10/story-8194107?utm_source=share&utm_medium=link&ref=sfp-seed
hHay,https://news.example.invalid/articles/2026/10/story-4217522?utm_source=share&utm_medium=link&ref=sfp-seed
3BsO,https://news.example.invalid/articles/2026/10/story-858998?utm_source=share&utm_medium=link&ref=sfp-seed
x3Nf,https://news.example.invalid/articles/2026/10/story-7879409?utm_source=share&utm_medium=link&ref=sfp-seed
70jg,https://news.example.invalid/articles/2026/10/story-1669490?utm_source=share&utm_medium=link&ref=sfp-seed
mHZK,https://news.example.invalid/articles/2026/10/story-5412336?utm_source=share&utm_medium=link&ref=sfp-seed
4ZPS,https://news.example.invalid/articles/2026/10/story-1191012?utm_source=share&utm_medium=link&ref=sfp-seed
2y60,https://news.example.invalid/articles/2026/10/story-607724?utm_source=share&utm_medium=link&ref=sfp-seed
kRUR,https://news.example.invalid/articles/2026/10/story-4973817?utm_source=share&utm_medium=link&ref=sfp-seed
t1zr,https://news.example.invalid/articles/2026/10/story-6917553?utm_source=share&utm_medium=link&ref=sfp-seed
f3Gg,https://news.example.invalid/articles/2026/10/story-3589072?utm_source=share&utm_medium=link&ref=sfp-seed
irLa,https://news.example.invalid/articles/2026/10/story-4396616?utm_source=share&utm_medium=link&ref=sfp-seed
4nFA,https://news.example.invalid/articles/2026/10/story-1044302?utm_source=share&utm_medium=link&ref=sfp-seed
giKn,https://news.example.invalid/articles/2026/10/story-3885315?utm_source=share&utm_medium=link&ref=sfp-seed
zo1X,https://news.example.invalid/articles/2026/10/story-8433857?utm_source=share&utm_medium=link&ref=sfp-seed
nFbH,https://news.example.invalid/articles/2026/10/story-5639873?utm_source=share&utm_medium=link&ref=sfp-seed
cYYV,https://news.example.invalid/articles/2026/10/story-3094353?utm_source=share&utm_medium=link&ref=sfp-seed
mlqw,https://news.example.invalid/articles/2026/10/story-5325584?utm_source=share&utm_medium=link&ref=sfp-seed
BFgP,https://news.example.invalid/articles/2026/10/story-8976783?utm_source=share&utm_medium=link&ref=sfp-seed
5gAS,https://news.example.invalid/articles/2026/10/story-1255430?utm_source=share&utm_medium=link&ref=sfp-seed
N4L,https://news.example.invalid/articles/2026/10/story-188651?utm_source=share&utm_medium=link&ref=sfp-seed
fBNj,https://news.example.invalid/articles/2026/10/story-3720205?utm_source=share&utm_medium=link&ref=sfp-seed
45xH,https://news.example.invalid/articles/2026/10/story-974621?utm_source=share&utm_medium=link&ref=sfp-seed
UB,https://news.example.invalid/articles/2026/10/story-3509?utm_source=share&utm_medium=link&ref=sfp-seed
5rrl,https://news.example.invalid/articles/2026/10/story-1297123?utm_source=share&utm_medium=link&ref=sfp-seed
3P5r,https://news.example.invalid/articles/2026/10/story-911365?utm_source=share&utm_medium=link&ref=sfp-seed
ixna,https://news.example.invalid/articles/2026/10/story-4418192?utm_source=share&utm_medium=link&ref=sfp-seed
mc2h,https://news.example.invalid/articles/2026/10/story-5289485?utm_source=share&utm_medium=link&ref=sfp-seed
3EwR,https://news.example.invalid/articles/2026/10/story-870781?utm_source=share&utm_medium=link&ref=sfp-seed
6Rqw,https://news.example.invalid/articles/2026/10/story-1635344?utm_source=share&utm_medium=link&ref=sfp-seed
mCYa,https://news.example.invalid/articles/2026/10/story-5393018?utm_source=share&utm_medium=link&ref=sfp-seed
b58V,https://news.example.invalid/articles/2026/10/story-2641381?utm_source=share&utm_medium=link&ref=sfp-seed
dRMC,https://news.example.invalid/articles/2026/10/story-3305010?utm_source=share&utm_medium=link&ref=sfp-seed
EHTX,https://news.example.invalid/articles/2026/10/story-9701881?utm_source=share&utm_medium=link&ref=sfp-seed
zWYJ,https://news.example.invalid/articles/2026/10/story-8568197?utm_source=share&utm_medium=link&ref=sfp-seed
4GDE,https://news.example.invalid/articles/2026/10/story-1117218?utm_source=share&utm_medium=link&ref=sfp-seed
4Acc,https://news.example.invalid/articles/2026/10/story-1092452?utm_source=share&utm_medium=link&ref=sfp-seed
5LQ2,https://news.example.invalid/articles/2026/10/story-1375534?utm_source=share&utm_medium=link&ref=sfp-seed
u8Bx,https://news.example.invalid/articles/2026/10/story-7182919?utm_source=share&utm_medium=link&ref=sfp-seed
vucP,https://news.example.invalid/articles/2026/10/story-7504283?utm_source=share&utm_medium=link&ref=sfp-seed
EPGR,https://news.example.invalid/articles/2026/10/story-9731821?utm_source=share&utm_medium=link&ref=sfp-seed
6pVi,https://news.example.invalid/articles/2026/10/story-1529620?utm_source=share&utm_medium=link&ref=sfp-seed
2vi7,https://news.example.invalid/articles/2026/10/story-596943?utm_source=share&utm_medium=link&ref=sfp-seed
DkXu,https://news.example.invalid/articles/2026/10/story-9375360?utm_source=share&utm_medium=link&ref=sfp-seed
5NzV,https://news.example.invalid/articles/2026/10/story-1382223?utm_source=share&utm_medium=link&ref=sfp-seed
gAYe,https://news.example.invalid/articles/2026/10/story-3955366?utm_source=share&utm_medium=link&ref=sfp-seed
dWxb,https://news.example.invalid/articles/2026/10/story-3323273?utm_source=share&utm_medium=link&ref=sfp-seed
vnPh,https://news.example.invalid/articles/2026/10/story-7479759?utm_source=share&utm_medium=link&ref=sfp-seed
zK9d,https://news.example.invalid/articles/2026/10/story-8518875?utm_source=share&utm_medium=link&ref=sfp-seed
sDMO,https://news.example.invalid/articles/2026/10/story-6826126?utm_source=share&utm_medium=link&ref=sfp-seed
nlib,https://news.example.invalid/articles/2026/10/story-5563395?utm_source=share&utm_medium=link&ref=sfp-seed
1xS2,https://news.example.invalid/articles/2026/10/story-368530?utm_source=share&utm_medium=link&ref=sfp-seed
3B4e,https://news.example.invalid/articles/2026/10/story-857474?utm_source=share&utm_medium=link&ref=sfp-seed
4iFl,https://news.example.invalid/articles/2026/10/story-1025067?utm_source=share&utm_medium=link&ref=sfp-seed
dgSE,https://news.example.invalid/articles/2026/10/story-3163156?utm_source=share&utm_medium=link&ref=sfp-seed
kLZi,https://news.example.invalid/articles/2026/10/story-4951028?utm_source=share&utm_medium=link&ref=sfp-seed
rn9U,https://news.example.invalid/articles/2026/10/story-6523882?utm_source=share&utm_medium=link&ref=sfp-seed
mUMT,https://news.example.invalid/articles/2026/10/story-5461511?utm_source=share&utm_medium=link&ref=sfp-seed
ggzf,https://news.example.invalid/articles/2026/10/story-3876937?utm_source=share&utm_medium=link&ref=sfp-seed
6odO,https://news.example.invalid/articles/2026/10/story-1523080?utm_source=share&utm_medium=link&ref=sfp-seed
DL1A,https://news.example.invalid/articles/2026/10/story-9475558?utm_source=share&utm_medium=link&ref=sfp-seed
2Hwy,https://news.example.invalid/articles/2026/10/story-643966?utm_source=share&utm_medium=link&ref=sfp-seed
x8NQ,https://news.example.invalid/articles/2026/10/story-7898666?utm_source=share&utm_medium=link&ref=sfp-seed
6FTe,https://news.example.invalid/articles/2026/10/story-1590996?utm_source=share&utm_medium=link&ref=sfp-seed
akjd,https://news.example.invalid/articles/2026/10/story-2461351?utm_source=share&utm_medium=link&ref=sfp-seed
49vl,https://news.example.invalid/articles/2026/10/story-989851?utm_source=share&utm_medium=link&ref=sfp-seed
5GJK,https://news.example.invalid/articles/2026/10/story-1355924?utm_source=share&utm_medium=link&ref=sfp-seed
5g0y,https://news.example.invalid/articles/2026/10/story-1253178?utm_source=share&utm_medium=link&ref=sfp-seed
yRPW,https://news.example.invalid/articles/2026/10/story-8310104?utm_source=share&utm_medium=link&ref=sfp-seed
vqlV,https://news.example.invalid/articles/2026/10/story-7489471?utm_source=share&utm_medium=link&ref=sfp-seed
zImu,https://news.example.invalid/articles/2026/10/story-8512010?utm_source=share&utm_medium=link&ref=sfp-seed
2Ws9,https://news.example.invalid/articles/2026/10/story-701353?utm_source=share&utm_medium=link&ref=sfp-seed
wLFY,https://news.example.invalid/articles/2026/10/story-7809766?utm_source=share&utm_medium=link&ref=sfp-seed
8xpO,https://news.example.invalid/articles/2026/10/story-2035076?utm_source=share&utm_medium=link&ref=sfp-seed
peSB,https://news.example.invalid/articles/2026/10/story-6015401?utm_source=share&utm_medium=link&ref=sfp-seed
CDFC,https://news.example.invalid/articles/2026/10/story-9208960?utm_source=share&utm_medium=link&ref=sfp-seed
9Yxf,https://news.example.invalid/articles/2026/10/story-2377653?utm_source=share&utm_medium=link&ref=sfp-seed
hQR0,https://news.example.invalid/articles/2026/10/story-4254750?utm_source=share&utm_medium=link&ref=sfp-seed
n9Il,https://news.example.invalid/articles/2026/10/story-5518889?utm_source=share&utm_medium=link&ref=sfp-seed
15IQ,https://news.example.invalid/articles/2026/10/story-260328?utm_source=share&utm_medium=link&ref=sfp-seed
aFwP,https://news.example.invalid/articles/2026/10/story-2542919?utm_source=share&utm_medium=link&ref=sfp-seed
gwhP,https://news.example.invalid/articles/2026/10/story-3937361?utm_source=share&utm_medium=link&ref=sfp-seed
y4sR,https://news.example.invalid/articles/2026/10/story-8120317?utm_source=share&utm_medium=link&ref=sfp-seed
FX2l,https://news.example.invalid/articles/2026/10/story-9998389?utm_source=share&utm_medium=link&ref=sfp-seed
e8re,https://news.example.invalid/articles/2026/10/story-3369032?utm_source=share&utm_medium=link&ref=sfp-seed
nrFb,https://news.example.invalid/articles/2026/10/story-5587885?utm_source=share&utm_medium=link&ref=sfp-seed
atEN,https://news.example.invalid/articles/2026/10/story-2497285?utm_source=share&utm_medium=link&ref=sfp-seed
tjmd,https://news.example.invalid/articles/2026/10/story-6985925?utm_source=share&utm_medium=link&ref=sfp-seed
dGvf,https://news.example.invalid/articles/2026/10/story-3261649?utm_source=share&utm_medium=link&ref=sfp-seed
cQVu,https://news.example.invalid/articles/2026/10/story-3063388?utm_source=share&utm_medium=link&ref=sfp-seed
2hvs,https://news.example.invalid/articles/2026/10/story-543954?utm_source=share&utm_medium=link&ref=sfp-seed
7vJO,https://news.example.invalid/articles/2026/10/story-1790300?utm_source=share&utm_medium=link&ref=sfp-seed
ljAA,https://news.example.invalid/articles/2026/10/story-5080192?utm_source=share&utm_medium=link&ref=sfp-seed
cH6J,https://news.example.invalid/articles/2026/10/story-3025645?utm_source=share&utm_medium=link&ref=sfp-seed
bkmW,https://news.example.invalid/articles/2026/10/story-2699910?utm_source=share&utm_medium=link&ref=sfp-seed
DS6,https://news.example.invalid/articles/2026/10/story-153270?utm_source=share&utm_medium=link&ref=sfp-seed
z8XC,https://news.example.invalid/articles/2026/10/story-8375928?utm_source=share&utm_medium=link&ref=sfp-seed
6LKt,https://news.example.invalid/articles/2026/10/story-1613517?utm_source=share&utm_medium=link&ref=sfp-seed
Cr3U,https://news.example.invalid/articles/2026/10/story-9160494?utm_source=share&utm_medium=link&ref=sfp-seed
vyIi,https://news.example.invalid/articles/2026/10/story-7521610?utm_source=share&utm_medium=link&ref=sfp-seed
sVYC,https://news.example.invalid/articles/2026/10/story-6896050?utm_source=share&utm_medium=link&ref=sfp-seed
i7ZJ,https://news.example.invalid/articles/2026/10/story-4320639?utm_source=share&utm_medium=link&ref=sfp-seed
wLTP,https://news.example.invalid/articles/2026/10/story-7810625?utm_source=share&utm_medium=link&ref=sfp-seed
iajD,https://news.example.invalid/articles/2026/10/story-4329561?utm_source=share&utm_medium=link&ref=sfp-seed
aKtv,https://news.example.invalid/articles/2026/10/story-2561933?utm_source=share&utm_medium=link&ref=sfp-seed
wBQi,https://news.example.invalid/articles/2026/10/story-7771966?utm_source=share&utm_medium=link&ref=sfp-seed
FEJT,https://news.example.invalid/articles/2026/10/story-9928053?utm_source=share&utm_medium=link&ref=sfp-seed
w7Zd,https://news.example.invalid/articles/2026/10/story-7657199?utm_source=share&utm_medium=link&ref=sfp-seed
2nq5,https://news.example.invalid/articles/2026/10/story-566685?utm_source=share&utm_medium=link&ref=sfp-seed
DYUm,https://news.example.invalid/articles/2026/10/story-9528926?utm_source=share&utm_medium=link&ref=sfp-seed
jUSr,https://news.example.invalid/articles/2026/10/story-4746871?utm_source=share&utm_medium=link&ref=sfp-seed
uztn,https://news.example.invalid/articles/2026/10/story-7286201?utm_source=share&utm_medium=link&ref=sfp-seed
4QPW,https://news.example.invalid/articles/2026/10/story-1156420?utm_source=share&utm_medium=link&ref=sfp-seed
vKIS,https://news.example.invalid/articles/2026/10/story-7567774?utm_source=share&utm_medium=link&ref=sfp-seed
gtrZ,https://news.example.invalid/articles/2026/10/story-3926459?utm_source=share&utm_medium=link&ref=sfp-seed
tQ4x,https://news.example.invalid/articles/2026/10/story-7111681?utm_source=share&utm_medium=link&ref=sfp-seed
jft1,https://news.example.invalid/articles/2026/10/story-4587691?utm_source=share&utm_medium=link&ref=sfp-seed
yQ8O,https://news.example.invalid/articles/2026/10/story-8303586?utm_source=share&utm_medium=link&ref=sfp-seed
6oAF,https://news.example.invalid/articles/2026/10/story-1524497?utm_source=share&utm_medium=link&ref=sfp-seed
li8d,https://news.example.invalid/articles/2026/10/story-5074589?utm_source=share&utm_medium=link&ref=sfp-seed
d3sX,https://news.example.invalid/articles/2026/10/story-3111591?utm_source=share&utm_medium=link&ref=sfp-seed
4ATT,https://news.example.invalid/articles/2026/10/story-1095161?utm_source=share&utm_medium=link&ref=sfp-seed
26FV,https://news.example.invalid/articles/2026/10/story-502319?utm_source=share&utm_medium=link&ref=sfp-seed
4lPp,https://news.example.invalid/articles/2026/10/story-1037223?utm_source=share&utm_medium=link&ref=sfp-seed
tuZF,https://news.example.invalid/articles/2026/10/story-7030655?utm_source=share&utm_medium=link&ref=sfp-seed
iPV8,https://news.example.invalid/articles/2026/10/story-4489490?utm_source=share&utm_medium=link&ref=sfp-seed
niQg,https://news.example.invalid/articles/2026/10/story-5553976?utm_source=share&utm_medium=link&ref=sfp-seed
z5Og,https://news.example.invalid/articles/2026/10/story-8363816?utm_source=share&utm_medium=link&ref=sfp-seed
pbu2,https://news.example.invalid/articles/2026/10/story-6002346?utm_source=share&utm_medium=link&ref=sfp-seed
sQjQ,https://news.example.invalid/articles/2026/10/story-6874302?utm_source=share&utm_medium=link&ref=sfp-seed
fGV7,https://news.example.invalid/articles/2026/10/story-3739909?utm_source=share&utm_medium=link&ref=sfp-seed
hFS9,https://news.example.invalid/articles/2026/10/story-4212537?utm_source=share&utm_medium=link&ref=sfp-seed
1LdM,https://news.example.invalid/articles/2026/10/story-419850?utm_source=share&utm_medium=link&ref=sfp-seed
qhpw,https://news.example.invalid/articles/2026/10/story-6263458?utm_source=share&utm_medium=link&ref=sfp-seed
laeZ,https://news.example.invalid/articles/2026/10/story-5044257?utm_source=share&utm_medium=link&ref=sfp-seed
ir2D,https://news.example.invalid/articles/2026/10/story-4393855?utm_source=share&utm_medium=link&ref=sfp-seed
EViL,https://news.example.invalid/articles/2026/10/story-9753391?utm_source=share&utm_medium=link&ref=sfp-seed
tExL,https://news.example.invalid/articles/2026/10/story-7067365?utm_source=share&utm_medium=link&ref=sfp-seed
4HBF,https://news.example.invalid/articles/2026/10/story-1120939?utm_source=share&utm_medium=link&ref=sfp-seed
7jYN,https://news.example.invalid/articles/2026/10/story-1745101?utm_source=share&utm_medium=link&ref=sfp-seed
BmWR,https://news.example.invalid/articles/2026/10/story-8906353?utm_source=share&utm_medium=link&ref=sfp-seed
8WHw,https://news.example.invalid/articles/2026/10/story-2132274?utm_source=share&utm_medium=link&ref=sfp-seed
npYM,https://news.example.invalid/articles/2026/10/story-5581412?utm_source=share&utm_medium=link&ref=sfp-seed
ogsy,https://news.example.invalid/articles/2026/10/story-5783146?utm_source=share&utm_medium=link&ref=sfp-seed
2T5A,https://news.example.invalid/articles/2026/10/story-688422?utm_source=share&utm_medium=link&ref=sfp-seed
qOho,https://news.example.invalid/articles/2026/10/story-6389806?utm_source=share&utm_medium=link&ref=sfp-seed
AfpE,https://news.example.invalid/articles/2026/10/story-8639058?utm_source=share&utm_medium=link&ref=sfp-seed
qdXX,https://news.example.invalid/articles/2026/10/story-6250217?utm_source=share&utm_medium=link&ref=sfp-seed
CvMw,https://news.example.invalid/articles/2026/10/story-9178636?utm_source=share&utm_medium=link&ref=sfp-seed
kT6a,https://news.example.invalid/articles/2026/10/story-4978362?utm_source=share&utm_medium=link&ref=sfp-seed
rU08,https://news.example.invalid/articles/2026/10/story-6650128?utm_source=share&utm_medium=link&ref=sfp-seed
sV74,https://news.example.invalid/articles/2026/10/story-6892730?utm_source=share&utm_medium=link&ref=sfp-seed
oCt3,https://news.example.invalid/articles/2026/10/story-5867745?utm_source=share&utm_medium=link&ref=sfp-seed
hcmv,https://news.example.invalid/articles/2026/10/story-4099099?utm_source=share&utm_medium=link&ref=sfp-seed
a7st,https://news.example.invalid/articles/2026/10/story-2411953?utm_source=share&utm_medium=link&ref=sfp-seed
AWl,https://news.example.invalid/articles/2026/10/story-142001?utm_source=share&utm_medium=link&ref=sfp-seed
hEyI,https://news.example.invalid/articles/2026/10/story-4207488?utm_source=share&utm_medium=link&ref=sfp-seed
gsWN,https://news.example.invalid/articles/2026/10/story-3924525?utm_source=share&utm_medium=link&ref=sfp-seed
BCsg,https://news.example.invalid/articles/2026/10/story-8965960?utm_source=share&utm_medium=link&ref=sfp-seed
4AjC,https://news.example.invalid/articles/2026/10/story-1092912?utm_source=share&utm_medium=link&ref=sfp-seed
blZR,https://news.example.invalid/articles/2026/10/story-2706167?utm_source=share&utm_medium=link&ref=sfp-seed
9wid,https://news.example.invalid/articles/2026/10/story-2269089?utm_source=share&utm_medium=link&ref=sfp-seed
wbam,https://news.example.invalid/articles/2026/10/story-7669422?utm_source=share&utm_medium=link&ref=sfp-seed
78iK,https://news.example.invalid/articles/2026/10/story-1700210?utm_source=share&utm_medium=link&ref=sfp-seed
jpAk,https://news.example.invalid/articles/2026/10/story-4626584?utm_source=share&utm_medium=link&ref=sfp-seed
e99h,https://news.example.invalid/articles/2026/10/story-3371763?utm_source=share&utm_medium=link&ref=sfp-seed
d2U5,https://news.example.invalid/articles/2026/10/story-3109429?utm_source=share&utm_medium=link&ref=sfp-seed
3FDW,https://news.example.invalid/articles/2026/10/story-875064?utm_source=share&utm_medium=link&ref=sfp-seed
CIvd,https://news.example.invalid/articles/2026/10/story-9227535?utm_source=share&utm_medium=link&ref=sfp-seed
hK9Y,https://news.example.invalid/articles/2026/10/story-4229018?utm_source=share&utm_medium=link&ref=sfp-seed
2Sa3,https://news.example.invalid/articles/2026/10/story-684855?utm_source=share&utm_medium=link&ref=sfp-seed
FduM,https://news.example.invalid/articles/2026/10/story-9823328?utm_source=share&utm_medium=link&ref=sfp-seed
tFbn,https://news.example.invalid/articles/2026/10/story-7069821?utm_source=share&utm_medium=link&ref=sfp-seed
E275,https://news.example.invalid/articles/2026/10/story-9541247?utm_source=share&utm_medium=link&ref=sfp-seed
zUJq,https://news.example.invalid/articles/2026/10/story-8559560?utm_source=share&utm_medium=link&ref=sfp-seed
CTwt,https://news.example.invalid/articles/2026/10/story-9269897?utm_source=share&utm_medium=link&ref=sfp-seed
oA2L,https://news.example.invalid/articles/2026/10/story-5858427?utm_source=share&utm_medium=link&ref=sfp-seed
aXZn,https://news.example.invalid/articles/2026/10/story-2613881?utm_source=share&utm_medium=link&ref=sfp-seed
mabw,https://news.example.invalid/articles/2026/10/story-5282370?utm_source=share&utm_medium=link&ref=sfp-seed
ny9C,https://news.example.invalid/articles/2026/10/story-5612836?utm_source=share&utm_medium=link&ref=sfp-seed
c9KG,https://news.example.invalid/articles/2026/10/story-2897426?utm_source=share&utm_medium=link&ref=sfp-seed
7NkQ,https://news.example.invalid/articles/2026/10/story-1857944?utm_source=share&utm_medium=link&ref=sfp-seed
qHoR,https://news.example.invalid/articles/2026/10/story-6363361?utm_source=share&utm_medium=link&ref=sfp-seed
DV5w,https://news.example.invalid/articles/2026/10/story-9514242?utm_source=share&utm_medium=link&ref=sfp-seed
sjhU,https://news.example.invalid/articles/2026/10/story-6747330?utm_source=share&utm_medium=link&ref=sfp-seed
sZdg,https://news.example.invalid/articles/2026/10/story-6908490?utm_source=share&utm_medium=link&ref=sfp-seed
5T3y,https://news.example.invalid/articles/2026/10/story-1403280?utm_source=share&utm_medium=link&ref=sfp-seed
BPF5,https://news.example.invalid/articles/2026/10/story-9016727?utm_source=share&utm_medium=link&ref=sfp-seed
FOGe,https://news.example.invalid/articles/2026/10/story-9966266?utm_source=share&utm_medium=link&ref=sfp-seed
tDzb,https://news.example.invalid/articles/2026/10/story-7063609?utm_source=share&utm_medium=link&ref=sfp-seed
lP36,https://news.example.invalid/articles/2026/10/story-5201124?utm_source=share&utm_medium=link&ref=sfp-seed
qvRc,https://news.example.invalid/articles/2026/10/story-6318990?utm_source=share&utm_medium=link&ref=sfp-seed
FmKg,https://news.example.invalid/articles/2026/10/story-9858884?utm_source=share&utm_medium=link&ref=sfp-seed
87i4,https://news.example.invalid/articles/2026/10/story-1934652?utm_source=share&utm_medium=link&ref=sfp-seed
CY9A,https://news.example.invalid/articles/2026/10/story-9287698?utm_source=share&utm_medium=link&ref=sfp-seed
uOrt,https://news.example.invalid/articles/2026/10/story-7343743?utm_source=share&utm_medium=link&ref=sfp-seed
nOSX,https://news.example.invalid/articles/2026/10/story-5677151?utm_source=share&utm_medium=link&ref=sfp-seed
c5aO,https://news.example.invalid/articles/2026/10/story-2879826?utm_source=share&utm_medium=link&ref=sfp-seed
9Jum,https://news.example.invalid/articles/2026/10/story-2319814?utm_source=share&utm_medium=link&ref=sfp-seed
2wmb,https://news.example.invalid/articles/2026/10/story-601039?utm_source=share&utm_medium=link&ref=sfp-seed
3Ndb,https://news.example.invalid/articles/2026/10/story-904157?utm_source=share&utm_medium=link&ref=sfp-seed
h0P5,https://news.example.invalid/articles/2026/10/story-4054743?utm_source=share&utm_medium=link&ref=sfp-seed
mntE,https://news.example.invalid/articles/2026/10/story-5333466?utm_source=share&utm_medium=link&ref=sfp-seed
rWWn,https://news.example.invalid/articles/2026/10/story-6661427?utm_source=share&utm_medium=link&ref=sfp-seed
q7QP,https://news.example.invalid/articles/2026/10/story-6226711?utm_source=share&utm_medium=link&ref=sfp-seed
BGhm,https://news.example.invalid/articles/2026/10/story-8980660?utm_source=share&utm_medium=link&ref=sfp-seed
fd9a,https://news.example.invalid/articles/2026/10/story-3625460?utm_source=share&utm_medium=link&ref=sfp-seed
bOrl,https://news.example.invalid/articles/2026/10/story-2815503?utm_source=share&utm_medium=link&ref=sfp-seed
wNkT,https://news.example.invalid/articles/2026/10/story-7816147?utm_source=share&utm_medium=link&ref=sfp-seed
ATEH,https://news.example.invalid/articles/2026/10/story-8793751?utm_source=share&utm_medium=link&ref=sfp-seed
atzH,https://news.example.invalid/articles/2026/10/story-2496969?utm_source=share&utm_medium=link&ref=sfp-seed
xdz5,https://news.example.invalid/articles/2026/10/story-7916971?utm_source=share&utm_medium=link&ref=sfp-seed
sIOI,https://news.example.invalid/articles/2026/10/story-6845464?utm_source=share&utm_medium=link&ref=sfp-seed
DdmP,https://news.example.invalid/articles/2026/10/story-9346179?utm_source=share&utm_medium=link&ref=sfp-seed
62Hm,https://news.example.invalid/articles/2026/10/story-1440344?utm_source=share&utm_medium=link&ref=sfp-seed
aZ2N,https://news.example.invalid/articles/2026/10/story-2617937?utm_source=share&utm_medium=link&ref=sfp-seed
k49P,https://news.example.invalid/articles/2026/10/story-4782545?utm_source=share&utm_medium=link&ref=sfp-seed
heI6,https://news.example.invalid/articles/2026/10/story-4108126?utm_source=share&utm_medium=link&ref=sfp-seed
flcE,https://news.example.invalid/articles/2026/10/story-3656428?utm_source=share&utm_medium=link&ref=sfp-seed
a18j,https://news.example.invalid/articles/2026/10/story-2387639?utm_source=share&utm_medium=link&ref=sfp-seed
niYS,https://news.example.invalid/articles/2026/10/story-5554510?utm_source=share&utm_medium=link&ref=sfp-seed
60jo,https://news.example.invalid/articles/2026/10/story-1431170?utm_source=share&utm_medium=link&ref=sfp-seed
ApKU,https://news.example.invalid/articles/2026/10/story-8678816?utm_source=share&utm_medium=link&ref=sfp-seed
t2CD,https://news.example.invalid/articles/2026/10/story-6921595?utm_source=share&utm_medium=link&ref=sfp-seed
kDGI,https://news.example.invalid/articles/2026/10/story-4919124?utm_source=share&utm_medium=link&ref=sfp-seed
tsg5,https://news.example.invalid/articles/2026/10/story-7020141?utm_source=share&utm_medium=link&ref=sfp-seed
q6IJ,https://news.example.invalid/articles/2026/10/story-6222365?utm_source=share&utm_medium=link&ref=sfp-seed
4XeE,https://news.example.invalid/articles/2026/10/story-1181016?utm_source=share&utm_medium=link&ref=sfp-seed
bEsE,https://news.example.invalid/articles/2026/10/story-2777144?utm_source=share&utm_medium=link&ref=sfp-seed
oktV,https://news.example.invalid/articles/2026/10/story-5798607?utm_source=share&utm_medium=link&ref=sfp-seed
pYDu,https://news.example.invalid/articles/2026/10/story-6191288?utm_source=share&utm_medium=link&ref=sfp-seed
i4mu,https://news.example.invalid/articles/2026/10/story-4306674?utm_source=share&utm_medium=link&ref=sfp-seed
pVTE,https://news.example.invalid/articles/2026/10/story-6180758?utm_source=share&utm_medium=link&ref=sfp-seed
idCI,https://news.example.invalid/articles/2026/10/story-4342276?utm_source=share&utm_medium=link&ref=sfp-seed
3NcS,https://news.example.invalid/articles/2026/10/story-904138?utm_source=share&utm_medium=link&ref=sfp-seed
dUjc,https://news.example.invalid/articles/2026/10/story-3314718?utm_source=share&utm_medium=link&ref=sfp-seed
y5p9,https://news.example.invalid/articles/2026/10/story-8123931?utm_source=share&utm_medium=link&ref=sfp-seed
rJNm,https://news.example.invalid/articles/2026/10/story-6610896?utm_source=share&utm_medium=link&ref=sfp-seed
uHAC,https://news.example.invalid/articles/2026/10/story-7317402?utm_source=share&utm_medium=link&ref=sfp-seed
82I9,https://news.example.invalid/articles/2026/10/story-1917049?utm_source=share&utm_medium=link&ref=sfp-seed
kbPj,https://news.example.invalid/articles/2026/10/story-4812025?utm_source=share&utm_medium=link&ref=sfp-seed
ENd5,https://news.example.invalid/articles/2026/10/story-9722287?utm_source=share&utm_medium=link&ref=sfp-seed
yzuP,https://news.example.invalid/articles/2026/10/story-8239603?utm_source=share&utm_medium=link&ref=sfp-seed
tkP,https://news.example.invalid/articles/2026/10/story-112767?utm_source=share&utm_medium=link&ref=sfp-seed
vGjR,https://news.example.invalid/articles/2026/10/story-7550847?utm_source=share&utm_medium=link&ref=sfp-seed
3Dc8,https://news.example.invalid/articles/2026/10/story-865652?utm_source=share&utm_medium=link&ref=sfp-seed
fWDp,https://news.example.invalid/articles/2026/10/story-3800315?utm_source=share&utm_medium=link&ref=sfp-seed
carx,https://news.example.invalid/articles/2026/10/story-2900083?utm_source=share&utm_medium=link&ref=sfp-seed
9jHJ,https://news.example.invalid/articles/2026/10/story-2220699?utm_source=share&utm_medium=link&ref=sfp-seed
9uHO,https://news.example.invalid/articles/2026/10/story-2262988?utm_source=share&utm_medium=link&ref=sfp-seed
jUI2,https://news.example.invalid/articles/2026/10/story-4746226?utm_source=share&utm_medium=link&ref=sfp-seed
AtOS,https://news.example.invalid/articles/2026/10/story-8694438?utm_source=share&utm_medium=link&ref=sfp-seed
xHIM,https://news.example.invalid/articles/2026/10/story-8032892?utm_source=share&utm_medium=link&ref=sfp-seed
iQNd,https://news.example.invalid/articles/2026/10/story-4492843?utm_source=share&utm_medium=link&ref=sfp-seed
nF9A,https://news.example.invalid/articles/2026/10/story-5639742?utm_source=share&utm_medium=link&ref=sfp-seed
3oYr,https://news.example.invalid/articles/2026/10/story-810987?utm_source=share&utm_medium=link&ref=sfp-seed
bkVe,https://news.example.invalid/articles/2026/10/story-2702036?utm_source=share&utm_medium=link&ref=sfp-seed
BhAn,https://news.example.invalid/articles/2026/10/story-8885739?utm_source=share&utm_medium=link&ref=sfp-seed
7zPT,https://news.example.invalid/articles/2026/10/story-1806053?utm_source=share&utm_medium=link&ref=sfp-seed
Bs4c,https://news.example.invalid/articles/2026/10/story-8926028?utm_source=share&utm_medium=link&ref=sfp-seed
uzKn,https://news.example.invalid/articles/2026/10/story-7287255?utm_source=share&utm_medium=link&ref=sfp-seed
z4MC,https://news.example.invalid/articles/2026/10/story-8359870?utm_source=share&utm_medium=link&ref=sfp-seed
1obX,https://news.example.invalid/articles/2026/10/story-331325?utm_source=share&utm_medium=link&ref=sfp-seed
fcn4,https://news.example.invalid/articles/2026/10/story-3622478?utm_source=share&utm_medium=link&ref=sfp-seed
oJSw,https://news.example.invalid/articles/2026/10/story-5896232?utm_source=share&utm_medium=link&ref=sfp-seed
2eUI,https://news.example.invalid/articles/2026/10/story-533988?utm_source=share&utm_medium=link&ref=sfp-seed
j2x8,https://news.example.invalid/articles/2026/10/story-4537974?utm_source=share&utm_medium=link&ref=sfp-seed
12SC,https://news.example.invalid/articles/2026/10/story-249402?utm_source=share&utm_medium=link&ref=sfp-seed
6GRy,https://news.example.invalid/articles/2026/10/story-1594736?utm_source=share&utm_medium=link&ref=sfp-seed
BblW,https://news.example.invalid/articles/2026/10/story-8861780?utm_source=share&utm_medium=link&ref=sfp-seed
iWGL,https://news.example.invalid/articles/2026/10/story-4515507?utm_source=share&utm_medium=link&ref=sfp-seed
ABP7,https://news.example.invalid/articles/2026/10/story-8725205?utm_source=share&utm_medium=link&ref=sfp-seed
BBqD,https://news.example.invalid/articles/2026/10/story-8962015?utm_source=share&utm_medium=link&ref=sfp-seed
AlcW,https://news.example.invalid/articles/2026/10/story-8661334?utm_source=share&utm_medium=link&ref=sfp-seed
a5bT,https://news.example.invalid/articles/2026/10/story-2403237?utm_source=share&utm_medium=link&ref=sfp-seed
hVXJ,https://news.example.invalid/articles/2026/10/story-4274387?utm_source=share&utm_medium=link&ref=sfp-seed
agFn,https://news.example.invalid/articles/2026/10/story-2447349?utm_source=share&utm_medium=link&ref=sfp-seed
4gQe,https://news.example.invalid/articles/2026/10/story-1018054?utm_source=share&utm_medium=link&ref=sfp-seed
kCUc,https://news.example.invalid/articles/2026/10/story-4916116?utm_source=share&utm_medium=link&ref=sfp-seed
bCwB,https://news.example.invalid/articles/2026/10/story-2769701?utm_source=share&utm_medium=link&ref=sfp-seed
wAe6,https://news.example.invalid/articles/2026/10/story-7765754?utm_source=share&utm_medium=link&ref=sfp-seed
exB4,https://news.example.invalid/articles/2026/10/story-3465742?utm_source=share&utm_medium=link&ref=sfp-seed
Dshp,https://news.example.invalid/articles/2026/10/story-9403503?utm_source=share&utm_medium=link&ref=sfp-seed
cAK4,https://news.example.invalid/articles/2026/10/story-3001176?utm_source=share&utm_medium=link&ref=sfp-seed
rEef,https://news.example.invalid/articles/2026/10/story-6589499?utm_source=share&utm_medium=link&ref=sfp-seed
Aj3K,https://news.example.invalid/articles/2026/10/story-8653076?utm_source=share&utm_medium=link&ref=sfp-seed
ghYl,https://news.example.invalid/articles/2026/10/story-3882337?utm_source=share&utm_medium=link&ref=sfp-seed
lRWx,https://news.example.invalid/articles/2026/10/story-5212249?utm_source=share&utm_medium=link&ref=sfp-seed
DWGk,https://news.example.invalid/articles/2026/10/story-9520368?utm_source=share&utm_medium=link&ref=sfp-seed
ijMz,https://news.example.invalid/articles/2026/10/story-4365951?utm_source=share&utm_medium=link&ref=sfp-seed
Kc3,https://news.example.invalid/articles/2026/10/story-177571?utm_source=share&utm_medium=link&ref=sfp-seed
4Ze7,https://news.example.invalid/articles/2026/10/story-1188671?utm_source=share&utm_medium=link&ref=sfp-seed
52oU,https://news.example.invalid/articles/2026/10/story-1200872?utm_source=share&utm_medium=link&ref=sfp-seed
43kn,https://news.example.invalid/articles/2026/10/story-966107?utm_source=share&utm_medium=link&ref=sfp-seed
rB5F,https://news.example.invalid/articles/2026/10/story-6577435?utm_source=share&utm_medium=link&ref=sfp-seed
yjrO,https://news.example.invalid/articles/2026/10/story-8177912?utm_source=share&utm_medium=link&ref=sfp-seed
xp4a,https://news.example.invalid/articles/2026/10/story-7961182?utm_source=share&utm_medium=link&ref=sfp-seed
97lX,https://news.example.invalid/articles/2026/10/story-2173221?utm_source=share&utm_medium=link&ref=sfp-seed
9EkE,https://news.example.invalid/articles/2026/10/story-2299992?utm_source=share&utm_medium=link&ref=sfp-seed
5QqM,https://news.example.invalid/articles/2026/10/story-1393188?utm_source=share&utm_medium=link&ref=sfp-seed
lSaF,https://news.example.invalid/articles/2026/10/story-5213125?utm_source=share&utm_medium=link&ref=sfp-seed
wwCv,https://news.example.invalid/articles/2026/10/story-7751891?utm_source=share&utm_medium=link&ref=sfp-seed
Dcy0,https://news.example.invalid/articles/2026/10/story-9343028?utm_source=share&utm_medium=link&ref=sfp-seed
tFi8,https://news.example.invalid/articles/2026/10/story-7070240?utm_source=share&utm_medium=link&ref=sfp-seed
nTxA,https://news.example.invalid/articles/2026/10/story-5695046?utm_source=share&utm_medium=link&ref=sfp-seed
AFYk,https://news.example.invalid/articles/2026/10/story-8741152?utm_source=share&utm_medium=link&ref=sfp-seed
LLe,https://news.example.invalid/articles/2026/10/story-183596?utm_source=share&utm_medium=link&ref=sfp-seed
scjn,https://news.example.invalid/articles/2026/10/story-6720513?utm_source=share&utm_medium=link&ref=sfp-seed
16ba,https://news.example.invalid/articles/2026/10/story-262084?utm_source=share&utm_medium=link&ref=sfp-seed
oEj1,https://news.example.invalid/articles/2026/10/story-5874811?utm_source=share&utm_medium=link&ref=sfp-seed
bPuY,https://news.example.invalid/articles/2026/10/story-2819572?utm_source=share&utm_medium=link&ref=sfp-seed
Udg,https://news.example.invalid/articles/2026/10/story-216086?utm_source=share&utm_medium=link&ref=sfp-seed
dtcx,https://news.example.invalid/articles/2026/10/story-3210517?utm_source=share&utm_medium=link&ref=sfp-seed
rjLD,https://news.example.invalid/articles/2026/10/story-6510845?utm_source=share&utm_medium=link&ref=sfp-seed
t4hT,https://news.example.invalid/articles/2026/10/story-6927997?utm_source=share&utm_medium=link&ref=sfp-seed
yWxs,https://news.example.invalid/articles/2026/10/story-8328178?utm_source=share&utm_medium=link&ref=sfp-seed
umdj,https://news.example.invalid/articles/2026/10/story-7235233?utm_source=share&utm_medium=link&ref=sfp-seed
5nvk,https://news.example.invalid/articles/2026/10/story-1281994?utm_source=share&utm_medium=link&ref=sfp-seed
dVCW,https://news.example.invalid/articles/2026/10/story-3319786?utm_source=share&utm_medium=link&ref=sfp-seed
7dte,https://news.example.invalid/articles/2026/10/story-1720080?utm_source=share&utm_medium=link&ref=sfp-seed
6HWL,https://news.example.invalid/articles/2026/10/story-1598903?utm_source=share&utm_medium=link&ref=sfp-seed
8Ik2,https://news.example.invalid/articles/2026/10/story-2077002?utm_source=share&utm_medium=link&ref=sfp-seed
4Lyl,https://news.example.invalid/articles/2026/10/story-1136109?utm_source=share&utm_medium=link&ref=sfp-seed
CQ4H,https://news.example.invalid/articles/2026/10/story-9256643?utm_source=share&utm_medium=link&ref=sfp-seed
fkKc,https://news.example.invalid/articles/2026/10/story-3654664?utm_source=share&utm_medium=link&ref=sfp-seed
Fim0,https://news.example.invalid/articles/2026/10/story-9842004?utm_source=share&utm_medium=link&ref=sfp-seed
mSsI,https://news.example.invalid/articles/2026/10/story-5452572?utm_source=share&utm_medium=link&ref=sfp-seed
8UUi,https://news.example.invalid/articles/2026/10/story-2125378?utm_source=share&utm_medium=link&ref=sfp-seed
eXoZ,https://news.example.invalid/articles/2026/10/story-3564937?utm_source=share&utm_medium=link&ref=sfp-seed
qWJs,https://news.example.invalid/articles/2026/10/story-6422298?utm_source=share&utm_medium=link&ref=sfp-seed
2KWY,https://news.example.invalid/articles/2026/10/story-657136?utm_source=share&utm_medium=link&ref=sfp-seed
lCSI,https://news.example.invalid/articles/2026/10/story-5154352?utm_source=share&utm_medium=link&ref=sfp-seed
imwZ,https://news.example.invalid/articles/2026/10/story-4376517?utm_source=share&utm_medium=link&ref=sfp-seed
xsvC,https://news.example.invalid/articles/2026/10/story-7974416?utm_source=share&utm_medium=link&ref=sfp-seed
44Bs,https://news.example.invalid/articles/2026/10/story-971010?utm_source=share&utm_medium=link&ref=sfp-seed
envM,https://news.example.invalid/articles/2026/10/story-3426974?utm_source=share&utm_medium=link&ref=sfp-seed
pZjZ,https://news.example.invalid/articles/2026/10/story-6193923?utm_source=share&utm_medium=link&ref=sfp-seed
DqlW,https://news.example.invalid/articles/2026/10/story-9396096?utm_source=share&utm_medium=link&ref=sfp-seed
FyH8,https://news.example.invalid/articles/2026/10/story-9904818?utm_source=share&utm_medium=link&ref=sfp-seed
1ok,https://news.example.invalid/articles/2026/10/story-5352?utm_source=share&utm_medium=link&ref=sfp-seed
nhse,https://news.example.invalid/articles/2026/10/story-5548642?utm_source=share&utm_medium=link&ref=sfp-seed
dbpR,https://news.example.invalid/articles/2026/10/story-3142151?utm_source=share&utm_medium=link&ref=sfp-seed
FCnP,https://news.example.invalid/articles/2026/10/story-9918997?utm_source=share&utm_medium=link&ref=sfp-seed
ogof,https://news.example.invalid/articles/2026/10/story-5782879?utm_source=share&utm_medium=link&ref=sfp-seed
5C1P,https://news.example.invalid/articles/2026/10/story-1337825?utm_source=share&utm_medium=link&ref=sfp-seed
3FZj,https://news.example.invalid/articles/2026/10/story-876389?utm_source=share&utm_medium=link&ref=sfp-seed
2p7,https://news.example.invalid/articles/2026/10/story-9245?utm_source=share&utm_medium=link&ref=sfp-seed
y9b5,https://news.example.invalid/articles/2026/10/story-8138435?utm_source=share&utm_medium=link&ref=sfp-seed
vQMt,https://news.example.invalid/articles/2026/10/story-7591061?utm_source=share&utm_medium=link&ref=sfp-seed
xdIR,https://news.example.invalid/articles/2026/10/story-7917577?utm_source=share&utm_medium=link&ref=sfp-seed
9ZVK,https://news.example.invalid/articles/2026/10/story-2383016?utm_source=share&utm_medium=link&ref=sfp-seed
eK2V,https://news.example.invalid/articles/2026/10/story-3513597?utm_source=share&utm_medium=link&ref=sfp-seed
DAwh,https://news.example.invalid/articles/2026/10/story-9435177?utm_source=share&utm_medium=link&ref=sfp-seed
9mNd,https://news.example.invalid/articles/2026/10/story-2232571?utm_source=share&utm_medium=link&ref=sfp-seed
oNUK,https://news.example.invalid/articles/2026/10/story-5911746?utm_source=share&utm_medium=link&ref=sfp-seed
bPgH,https://news.example.invalid/articles/2026/10/story-2818687?utm_source=share&utm_medium=link&ref=sfp-seed
1z6E,https://news.example.invalid/articles/2026/10/story-373280?utm_source=share&utm_medium=link&ref=sfp-seed
8JLs,https://news.example.invalid/articles/2026/10/story-2082546?utm_source=share&utm_medium=link&ref=sfp-seed
eBJm,https://news.example.invalid/articles/2026/10/story-3481632?utm_source=share&utm_medium=link&ref=sfp-seed
r8U7,https://news.example.invalid/articles/2026/10/story-6469087?utm_source=share&utm_medium=link&ref=sfp-seed
1VGZ,https://news.example.invalid/articles/2026/10/story-460101?utm_source=share&utm_medium=link&ref=sfp-seed
fLRi,https://news.example.invalid/articles/2026/10/story-3758892?utm_source=share&utm_medium=link&ref=sfp-seed
hASE,https://news.example.invalid/articles/2026/10/story-4193348?utm_source=share&utm_medium=link&ref=sfp-seed
1GdN,https://news.example.invalid/articles/2026/10/story-400631?utm_source=share&utm_medium=link&ref=sfp-seed
gNXw,https://news.example.invalid/articles/2026/10/story-4005294?utm_source=share&utm_medium=link&ref=sfp-seed
pzPb,https://news.example.invalid/articles/2026/10/story-6095913?utm_source=share&utm_medium=link&ref=sfp-seed
wYCJ,https://news.example.invalid/articles/2026/10/story-7859537?utm_source=share&utm_medium=link&ref=sfp-seed
hfJ5,https://news.example.invalid/articles/2026/10/story-4112031?utm_source=share&utm_medium=link&ref=sfp-seed
ju3L,https://news.example.invalid/articles/2026/10/story-4643785?utm_source=share&utm_medium=link&ref=sfp-seed
8JSU,https://news.example.invalid/articles/2026/10/story-2083008?utm_source=share&utm_medium=link&ref=sfp-seed
QdK,https://news.example.invalid/articles/2026/10/story-200740?utm_source=share&utm_medium=link&ref=sfp-seed
HHg,https://news.example.invalid/articles/2026/10/story-167974?utm_source=share&utm_medium=link&ref=sfp-seed
1cby,https://news.example.invalid/articles/2026/10/story-285172?utm_source=share&utm_medium=link&ref=sfp-seed
beRp,https://news.example.invalid/articles/2026/10/story-2678735?utm_source=share&utm_medium=link&ref=sfp-seed
kG0u,https://news.example.invalid/articles/2026/10/story-4928038?utm_source=share&utm_medium=link&ref=sfp-seed
6TeX,https://news.example.invalid/articles/2026/10/story-1642315?utm_source=share&utm_medium=link&ref=sfp-seed
6SQu,https://news.example.invalid/articles/2026/10/story-1640798?utm_source=share&utm_medium=link&ref=sfp-seed
qT5G,https://news.example.invalid/articles/2026/10/story-6408300?utm_source=share&utm_medium=link&ref=sfp-seed
xCTe,https://news.example.invalid/articles/2026/10/story-8014320?utm_source=share&utm_medium=link&ref=sfp-seed
mOYQ,https://news.example.invalid/articles/2026/10/story-5439188?utm_source=share&utm_medium=link&ref=sfp-seed
i7nG,https://news.example.invalid/articles/2026/10/story-4318280?utm_source=share&utm_medium=link&ref=sfp-seed
nGGU,https://news.example.invalid/articles/2026/10/story-5645652?utm_source=share&utm_medium=link&ref=sfp-seed
wGpG,https://news.example.invalid/articles/2026/10/story-7789536?utm_source=share&utm_medium=link&ref=sfp-seed
3kt0,https://news.example.invalid/articles/2026/10/story-793662?utm_source=share&utm_medium=link&ref=sfp-seed
mT3b,https://news.example.invalid/articles/2026/10/story-5454833?utm_source=share&utm_medium=link&ref=sfp-seed
1y4j,https://news.example.invalid/articles/2026/10/story-369291?utm_source=share&utm_medium=link&ref=sfp-seed
aWXp,https://news.example.invalid/articles/2026/10/story-2609915?utm_source=share&utm_medium=link&ref=sfp-seed
ng0f,https://news.example.invalid/articles/2026/10/story-5543063?utm_source=share&utm_medium=link&ref=sfp-seed
hD5m,https://news.example.invalid/articles/2026/10/story-4201824?utm_source=share&utm_medium=link&ref=sfp-seed
mZa9,https://news.example.invalid/articles/2026/10/story-5478329?utm_source=share&utm_medium=link&ref=sfp-seed
jLZf,https://news.example.invalid/articles/2026/10/story-4712697?utm_source=share&utm_medium=link&ref=sfp-seed
5YLM,https://news.example.invalid/articles/2026/10/story-1425242?utm_source=share&utm_medium=link&ref=sfp-seed
o7NZ,https://news.example.invalid/articles/2026/10/story-5749879?utm_source=share&utm_medium=link&ref=sfp-seed
2MIx,https://news.example.invalid/articles/2026/10/story-663929?utm_source=share&utm_medium=link&ref=sfp-seed
gW8z,https://news.example.invalid/articles/2026/10/story-4036731?utm_source=share&utm_medium=link&ref=sfp-seed
jYkT,https://news.example.invalid/articles/2026/10/story-4760167?utm_source=share&utm_medium=link&ref=sfp-seed
Chu4,https://news.example.invalid/articles/2026/10/story-9123676?utm_source=share&utm_medium=link&ref=sfp-seed
4FIj,https://news.example.invalid/articles/2026/10/story-1113663?utm_source=share&utm_medium=link&ref=sfp-seed
xvS8,https://news.example.invalid/articles/2026/10/story-7987344?utm_source=share&utm_medium=link&ref=sfp-seed
7q8e,https://news.example.invalid/articles/2026/10/story-1768750?utm_source=share&utm_medium=link&ref=sfp-seed
gzyQ,https://news.example.invalid/articles/2026/10/story-3949948?utm_source=share&utm_medium=link&ref=sfp-seed
nuQQ,https://news.example.invalid/articles/2026/10/story-5600140?utm_source=share&utm_medium=link&ref=sfp-seed
DRO5,https://news.example.invalid/articles/2026/10/story-9501629?utm_source=share&utm_medium=link&ref=sfp-seed
lRMb,https://news.example.invalid/articles/2026/10/story-5211607?utm_source=share&utm_medium=link&ref=sfp-seed
ccEd,https://news.example.invalid/articles/2026/10/story-2908557?utm_source=share&utm_medium=link&ref=sfp-seed
o2qz,https://news.example.invalid/articles/2026/10/story-5729207?utm_source=share&utm_medium=link&ref=sfp-seed
rATf,https://news.example.invalid/articles/2026/10/story-6576665?utm_source=share&utm_medium=link&ref=sfp-seed
6Bxx,https://news.example.invalid/articles/2026/10/story-1574275?utm_source=share&utm_medium=link&ref=sfp-seed
8I5z,https://news.example.invalid/articles/2026/10/story-2076105?utm_source=share&utm_medium=link&ref=sfp-seed
8U8d,https://news.example.invalid/articles/2026/10/story-2122397?utm_source=share&utm_medium=link&ref=sfp-seed
4XC1,https://news.example.invalid/articles/2026/10/story-1182465?utm_source=share&utm_medium=link&ref=sfp-seed
liZK,https://news.example.invalid/articles/2026/10/story-5077908?utm_source=share&utm_medium=link&ref=sfp-seed
qS5H,https://news.example.invalid/articles/2026/10/story-6404457?utm_source=share&utm_medium=link&ref=sfp-seed
E6Zf,https://news.example.invalid/articles/2026/10/story-9559981?utm_source=share&utm_medium=link&ref=sfp-seed
z5RC,https://news.example.invalid/articles/2026/10/story-8364024?utm_source=share&utm_medium=link&ref=sfp-seed
sPUj,https://news.example.invalid/articles/2026/10/story-6872719?utm_source=share&utm_medium=link&ref=sfp-seed
nslj,https://news.example.invalid/articles/2026/10/story-5590497?utm_source=share&utm_medium=link&ref=sfp-seed
7PCQ,https://news.example.invalid/articles/2026/10/story-1866748?utm_source=share&utm_medium=link&ref=sfp-seed
d1l8,https://news.example.invalid/articles/2026/10/story-3103418?utm_source=share&utm_medium=link&ref=sfp-seed
CI2u,https://news.example.invalid/articles/2026/10/story-9225754?utm_source=share&utm_medium=link&ref=sfp-seed
hbVU,https://news.example.invalid/articles/2026/10/story-4097450?utm_source=share&utm_medium=link&ref=sfp-seed
hsLa,https://news.example.invalid/articles/2026/10/story-4162132?utm_source=share&utm_medium=link&ref=sfp-seed
CWUC,https://news.example.invalid/articles/2026/10/story-9282926?utm_source=share&utm_medium=link&ref=sfp-seed
71ev,https://news.example.invalid/articles/2026/10/story-1673039?utm_source=share&utm_medium=link&ref=sfp-seed
kouK,https://news.example.invalid/articles/2026/10/story-4860722?utm_source=share&utm_medium=link&ref=sfp-seed
vIBe,https://news.example.invalid/articles/2026/10/story-7559612?utm_source=share&utm_medium=link&ref=sfp-seed
zHoO,https://news.example.invalid/articles/2026/10/story-8508310?utm_source=share&utm_medium=link&ref=sfp-seed
gO44,https://news.example.invalid/articles/2026/10/story-4005700?utm_source=share&utm_medium=link&ref=sfp-seed
CS8c,https://news.example.invalid/articles/2026/10/story-9264548?utm_source=share&utm_medium=link&ref=sfp-seed
dk99,https://news.example.invalid/articles/2026/10/story-3175711?utm_source=share&utm_medium=link&ref=sfp-seed
aWDm,https://news.example.invalid/articles/2026/10/story-2608672?utm_source=share&utm_medium=link&ref=sfp-seed
16Vr,https://news.example.invalid/articles/2026/10/story-264953?utm_source=share&utm_medium=link&ref=sfp-seed
oUYj,https://news.example.invalid/articles/2026/10/story-5938875?utm_source=share&utm_medium=link&ref=sfp-seed
lyWj,https://news.example.invalid/articles/2026/10/story-5139199?utm_source=share&utm_medium=link&ref=sfp-seed
t5Jd,https://news.example.invalid/articles/2026/10/story-6933535?utm_source=share&utm_medium=link&ref=sfp-seed
n9OU,https://news.example.invalid/articles/2026/10/story-5519296?utm_source=share&utm_medium=link&ref=sfp-seed
hO9M,https://news.example.invalid/articles/2026/10/story-4244382?utm_source=share&utm_medium=link&ref=sfp-seed
cds4,https://news.example.invalid/articles/2026/10/story-2911648?utm_source=share&utm_medium=link&ref=sfp-seed
71Cm,https://news.example.invalid/articles/2026/10/story-1674518?utm_source=share&utm_medium=link&ref=sfp-seed
uXbN,https://news.example.invalid/articles/2026/10/story-7377367?utm_source=share&utm_medium=link&ref=sfp-seed
CSEQ,https://news.example.invalid/articles/2026/10/story-9266572?utm_source=share&utm_medium=link&ref=sfp-seed
kWW0,https://news.example.invalid/articles/2026/10/story-4993108?utm_source=share&utm_medium=link&ref=sfp-seed
