code,url
FXsl,https://made.example.invalid/e02-09/6-0?utm_source=share&ref=ozrbba6p
FXsm,https://made.example.invalid/e02-09/5-1?utm_source=share&ref=dpezqwpj
FXsn,https://made.example.invalid/e02-09/4-2?utm_source=share&ref=clvenb9f
FXso,https://made.example.invalid/e02-09/7-3?utm_source=share&ref=0kfpbmd6
FXsp,https://made.example.invalid/e02-09/9-4?utm_source=share&ref=iq4or4ud
FXsq,https://made.example.invalid/e02-09/6-5?utm_source=share&ref=9mv07pno
FXsr,https://made.example.invalid/e02-09/5-6?utm_source=share&ref=hl9nntk6
FXss,https://made.example.invalid/e02-09/4-7?utm_source=share&ref=cyrv0x8x
FXst,https://made.example.invalid/e02-09/7-8?utm_source=share&ref=0c2uuj9o
FXsu,https://made.example.invalid/e02-09/9-9?utm_source=share&ref=yp3a4p6a
FXsv,https://made.example.invalid/e02-09/6-10?utm_source=share&ref=0divknr1
FXsw,https://made.example.invalid/e02-09/5-11?utm_source=share&ref=xffvc6id
FXsx,https://made.example.invalid/e02-09/4-12?utm_source=share&ref=k31x118y
FXsy,https://made.example.invalid/e02-09/7-13?utm_source=share&ref=d2veppva
FXsz,https://made.example.invalid/e02-09/9-14?utm_source=share&ref=3ms7n6hs
FXsA,https://made.example.invalid/e02-09/6-15?utm_source=share&ref=t2zeib58
FXsB,https://made.example.invalid/e02-09/5-16?utm_source=share&ref=qn0qpzs9
FXsC,https://made.example.invalid/e02-09/4-17?utm_source=share&ref=f7ixy4gi
FXsD,https://made.example.invalid/e02-09/7-18?utm_source=share&ref=n5lskflm
FXsE,https://made.example.invalid/e02-09/9-19?utm_source=share&ref=40h0gixo
FXsF,https://made.example.invalid/e02-09/6-20?utm_source=share&ref=7kohte24
FXsG,https://made.example.invalid/e02-09/5-21?utm_source=share&ref=1lvypaaf
FXsH,https://made.example.invalid/e02-09/4-22?utm_source=share&ref=jmv2jf84
FXsI,https://made.example.invalid/e02-09/7-23?utm_source=share&ref=oc6noopf
FXsJ,https://made.example.invalid/e02-09/9-24?utm_source=share&ref=cgs0erox
FXsK,https://made.example.invalid/e02-09/6-25?utm_source=share&ref=n4bjmge1
FXsL,https://made.example.invalid/e02-09/5-26?utm_source=share&ref=7ifps0gw
FXsM,https://made.example.invalid/e02-09/4-27?utm_source=share&ref=n9zcg9ip
FXsN,https://made.example.invalid/e02-09/7-28?utm_source=share&ref=ao52j11m
FXsO,https://made.example.invalid/e02-09/9-29?utm_source=share&ref=whezgrdc
FXsP,https://made.example.invalid/e02-09/6-30?utm_source=share&ref=8y1n194i
FXsQ,https://made.example.invalid/e02-09/5-31?utm_source=share&ref=tio6djjv
FXsR,https://made.example.invalid/e02-09/4-32?utm_source=share&ref=bo4kgbty
FXsS,https://made.example.invalid/e02-09/7-33?utm_source=share&ref=lffzpfp9
FXsT,https://made.example.invalid/e02-09/9-34?utm_source=share&ref=01p1g361
FXsU,https://made.example.invalid/e02-09/6-35?utm_source=share&ref=fg2cqxql
FXsV,https://made.example.invalid/e02-09/5-36?utm_source=share&ref=n6zirk4j
FXsW,https://made.example.invalid/e02-09/4-37?utm_source=share&ref=7pth13oq
FXsX,https://made.example.invalid/e02-09/7-38?utm_source=share&ref=cj25xnuh
FXsY,https://made.example.invalid/e02-09/9-39?utm_source=share&ref=ng7avz51
FXsZ,https://made.example.invalid/e02-09/6-40?utm_source=share&ref=zk7u2ans
FXt0,https://made.example.invalid/e02-09/5-41?utm_source=share&ref=2o9gncxk
FXt1,https://made.example.invalid/e02-09/4-42?utm_source=share&ref=wxr5886l
FXt2,https://made.example.invalid/e02-09/7-43?utm_source=share&ref=auz5i0wf
FXt3,https://made.example.invalid/e02-09/9-44?utm_source=share&ref=qa0v1d53
FXt4,https://made.example.invalid/e02-09/6-45?utm_source=share&ref=1byraoz1
FXt5,https://made.example.invalid/e02-09/5-46?utm_source=share&ref=xgi3zrc6
FXt6,https://made.example.invalid/e02-09/4-47?utm_source=share&ref=47j01tnr
FXt7,https://made.example.invalid/e02-09/7-48?utm_source=share&ref=rl1g30xn
FXt8,https://made.example.invalid/e02-09/9-49?utm_source=share&ref=d0hywx46
FXt9,https://made.example.invalid/e02-09/6-50?utm_source=share&ref=7frh7yxj
FXta,https://made.example.invalid/e02-09/5-51?utm_source=share&ref=wg7gmmc4
FXtb,https://made.example.invalid/e02-09/4-52?utm_source=share&ref=q25zwhaq
FXtc,https://made.example.invalid/e02-09/7-53?utm_source=share&ref=5r0la0ub
FXtd,https://made.example.invalid/e02-09/9-54?utm_source=share&ref=gxniw8z0
FXte,https://made.example.invalid/e02-09/6-55?utm_source=share&ref=gcvzq21b
FXtf,https://made.example.invalid/e02-09/5-56?utm_source=share&ref=s8rpo51n
FXtg,https://made.example.invalid/e02-09/4-57?utm_source=share&ref=akid16ph
FXth,https://made.example.invalid/e02-09/7-58?utm_source=share&ref=toyxpssy
FXti,https://made.example.invalid/e02-09/9-59?utm_source=share&ref=dtrmwdi9
FXtj,https://made.example.invalid/e02-09/6-60?utm_source=share&ref=qb0tdxb9
FXtk,https://made.example.invalid/e02-09/5-61?utm_source=share&ref=khkzll9r
FXtl,https://made.example.invalid/e02-09/4-62?utm_source=share&ref=13oz79o4
FXtm,https://made.example.invalid/e02-09/7-63?utm_source=share&ref=z871r2g7
FXtn,https://made.example.invalid/e02-09/9-64?utm_source=share&ref=tegiul2d
FXto,https://made.example.invalid/e02-09/6-65?utm_source=share&ref=u5a20kh4
FXtp,https://made.example.invalid/e02-09/5-66?utm_source=share&ref=nz0jbj4m
FXtq,https://made.example.invalid/e02-09/4-67?utm_source=share&ref=pf3kqx1x
FXtr,https://made.example.invalid/e02-09/7-68?utm_source=share&ref=k1wh7ag4
FXts,https://made.example.invalid/e02-09/9-69?utm_source=share&ref=i0fz2a8q
FXtt,https://made.example.invalid/e02-09/6-70?utm_source=share&ref=1vzani3h
FXtu,https://made.example.invalid/e02-09/5-71?utm_source=share&ref=shg088in
FXtv,https://made.example.invalid/e02-09/4-72?utm_source=share&ref=vhh95wop
FXtw,https://made.example.invalid/e02-09/7-73?utm_source=share&ref=kc7g7fq0
FXtx,https://made.example.invalid/e02-09/9-74?utm_source=share&ref=52x9d4ru
FXty,https://made.example.invalid/e02-09/6-75?utm_source=share&ref=atcule0j
FXtz,https://made.example.invalid/e02-09/5-76?utm_source=share&ref=h1mq4lkp
FXtA,https://made.example.invalid/e02-09/4-77?utm_source=share&ref=ox17ucev
FXtB,https://made.example.invalid/e02-09/7-78?utm_source=share&ref=wx4v3b2y
FXtC,https://made.example.invalid/e02-09/9-79?utm_source=share&ref=nzbxs8r8
FXtD,https://made.example.invalid/e02-09/6-80?utm_source=share&ref=c14fsngx
FXtE,https://made.example.invalid/e02-09/5-81?utm_source=share&ref=7ckaz1c1
FXtF,https://made.example.invalid/e02-09/4-82?utm_source=share&ref=00q61qm1
FXtG,https://made.example.invalid/e02-09/7-83?utm_source=share&ref=vt0diwa8
FXtH,https://made.example.invalid/e02-09/9-84?utm_source=share&ref=ps7ak75w
FXtI,https://made.example.invalid/e02-09/6-85?utm_source=share&ref=0m5k1m5r
FXtJ,https://made.example.invalid/e02-09/5-86?utm_source=share&ref=gq5luw7e
FXtK,https://made.example.invalid/e02-09/4-87?utm_source=share&ref=sbc91bds
FXtL,https://made.example.invalid/e02-09/7-88?utm_source=share&ref=1aoayta3
FXtM,https://made.example.invalid/e02-09/9-89?utm_source=share&ref=4z19xp21
FXtN,https://made.example.invalid/e02-09/6-90?utm_source=share&ref=anwex94k
FXtO,https://made.example.invalid/e02-09/5-91?utm_source=share&ref=q1s3j1tx
FXtP,https://made.example.invalid/e02-09/4-92?utm_source=share&ref=je8zkdkp
FXtQ,https://made.example.invalid/e02-09/7-93?utm_source=share&ref=c1mqj0d8
FXtR,https://made.example.invalid/e02-09/9-94?utm_source=share&ref=6pgzqgug
FXtS,https://made.example.invalid/e02-09/6-95?utm_source=share&ref=jtez1qsv
FXtT,https://made.example.invalid/e02-09/5-96?utm_source=share&ref=rf52k8q3
FXtU,https://made.example.invalid/e02-09/4-97?utm_source=share&ref=1x7brhux
FXtV,https://made.example.invalid/e02-09/7-98?utm_source=share&ref=bjphfdqy
FXtW,https://made.example.invalid/e02-09/9-99?utm_source=share&ref=mgk80f3v
FXtX,https://made.example.invalid/e02-09/6-100?utm_source=share&ref=pregz0qi
FXtY,https://made.example.invalid/e02-09/5-101?utm_source=share&ref=zvppi1ws
FXtZ,https://made.example.invalid/e02-09/4-102?utm_source=share&ref=9q40l9ln
FXu0,https://made.example.invalid/e02-09/7-103?utm_source=share&ref=krzv25tc
FXu1,https://made.example.invalid/e02-09/9-104?utm_source=share&ref=6ca0wrjo
FXu2,https://made.example.invalid/e02-09/6-105?utm_source=share&ref=ypxsq4zh
FXu3,https://made.example.invalid/e02-09/5-106?utm_source=share&ref=2o465evj
FXu4,https://made.example.invalid/e02-09/4-107?utm_source=share&ref=57j48ckf
FXu5,https://made.example.invalid/e02-09/7-108?utm_source=share&ref=fhjse45t
FXu6,https://made.example.invalid/e02-09/9-109?utm_source=share&ref=zfazccdj
FXu7,https://made.example.invalid/e02-09/6-110?utm_source=share&ref=o9260sp2
FXu8,https://made.example.invalid/e02-09/5-111?utm_source=share&ref=ldgrmqyl
FXu9,https://made.example.invalid/e02-09/4-112?utm_source=share&ref=rtq9hk2z
FXua,https://made.example.invalid/e02-09/7-113?utm_source=share&ref=fbt53rp0
FXub,https://made.example.invalid/e02-09/9-114?utm_source=share&ref=41cd6cs7
FXuc,https://made.example.invalid/e02-09/6-115?utm_source=share&ref=hz557jtf
FXud,https://made.example.invalid/e02-09/5-116?utm_source=share&ref=pn5i14h4
FXue,https://made.example.invalid/e02-09/4-117?utm_source=share&ref=ffconk0f
FXuf,https://made.example.invalid/e02-09/7-118?utm_source=share&ref=wx98gwno
FXug,https://made.example.invalid/e02-09/9-119?utm_source=share&ref=r7oe7fts
FXuh,https://made.example.invalid/e02-09/6-120?utm_source=share&ref=utrw9emb
FXui,https://made.example.invalid/e02-09/5-121?utm_source=share&ref=p0nl83wx
FXuj,https://made.example.invalid/e02-09/4-122?utm_source=share&ref=r5lfmhvr
FXuk,https://made.example.invalid/e02-09/7-123?utm_source=share&ref=r959ub6h
FXul,https://made.example.invalid/e02-09/9-124?utm_source=share&ref=tqdw1ozg
FXum,https://made.example.invalid/e02-09/6-125?utm_source=share&ref=ycdgjx7h
FXun,https://made.example.invalid/e02-09/5-126?utm_source=share&ref=b5u8wpn2
FXuo,https://made.example.invalid/e02-09/4-127?utm_source=share&ref=l8jbv8qr
FXup,https://made.example.invalid/e02-09/7-128?utm_source=share&ref=ldrg0o8t
FXuq,https://made.example.invalid/e02-09/9-129?utm_source=share&ref=52pphpxb
FXur,https://made.example.invalid/e02-09/6-130?utm_source=share&ref=g7jx440b
FXus,https://made.example.invalid/e02-09/5-131?utm_source=share&ref=zdjkp5e1
FXut,https://made.example.invalid/e02-09/4-132?utm_source=share&ref=gdjy32qf
FXuu,https://made.example.invalid/e02-09/7-133?utm_source=share&ref=wms6aypz
FXuv,https://made.example.invalid/e02-09/9-134?utm_source=share&ref=1karb1oa
FXuw,https://made.example.invalid/e02-09/6-135?utm_source=share&ref=jjn12pf2
FXux,https://made.example.invalid/e02-09/5-136?utm_source=share&ref=6ufatqyc
FXuy,https://made.example.invalid/e02-09/4-137?utm_source=share&ref=mw8xtvc9
FXuz,https://made.example.invalid/e02-09/7-138?utm_source=share&ref=pw1q1ehp
FXuA,https://made.example.invalid/e02-09/9-139?utm_source=share&ref=os4ovkoa
FXuB,https://made.example.invalid/e02-09/6-140?utm_source=share&ref=cb25oriu
FXuC,https://made.example.invalid/e02-09/5-141?utm_source=share&ref=wx339pd7
FXuD,https://made.example.invalid/e02-09/4-142?utm_source=share&ref=r0xe81eo
FXuE,https://made.example.invalid/e02-09/7-143?utm_source=share&ref=nk3pbddq
FXuF,https://made.example.invalid/e02-09/9-144?utm_source=share&ref=hjzsua5j
FXuG,https://made.example.invalid/e02-09/6-145?utm_source=share&ref=uu65ajmj
FXuH,https://made.example.invalid/e02-09/5-146?utm_source=share&ref=yqngm3ij
FXuI,https://made.example.invalid/e02-09/4-147?utm_source=share&ref=m04l95xu
FXuJ,https://made.example.invalid/e02-09/7-148?utm_source=share&ref=am1i8dgh
FXuK,https://made.example.invalid/e02-09/9-149?utm_source=share&ref=7dfyipxt
FXuL,https://made.example.invalid/e02-09/6-150?utm_source=share&ref=jh8nrc93
FXuM,https://made.example.invalid/e02-09/5-151?utm_source=share&ref=siljxl9i
FXuN,https://made.example.invalid/e02-09/4-152?utm_source=share&ref=nk5fucq4
FXuO,https://made.example.invalid/e02-09/7-153?utm_source=share&ref=0w5gkqsq
FXuP,https://made.example.invalid/e02-09/9-154?utm_source=share&ref=2mq8apxa
FXuQ,https://made.example.invalid/e02-09/6-155?utm_source=share&ref=5tmsvuhq
FXuR,https://made.example.invalid/e02-09/5-156?utm_source=share&ref=fo6obqyz
FXuS,https://made.example.invalid/e02-09/4-157?utm_source=share&ref=a308c92k
FXuT,https://made.example.invalid/e02-09/7-158?utm_source=share&ref=qumxnnpl
FXuU,https://made.example.invalid/e02-09/9-159?utm_source=share&ref=5bpfmy2g
FXuV,https://made.example.invalid/e02-09/6-160?utm_source=share&ref=hr8799zw
FXuW,https://made.example.invalid/e02-09/5-161?utm_source=share&ref=datp0cju
FXuX,https://made.example.invalid/e02-09/4-162?utm_source=share&ref=qji17vee
FXuY,https://made.example.invalid/e02-09/7-163?utm_source=share&ref=1rsa1jmc
FXuZ,https://made.example.invalid/e02-09/9-164?utm_source=share&ref=m1gw7exg
FXv0,https://made.example.invalid/e02-09/6-165?utm_source=share&ref=14wfnkte
FXv1,https://made.example.invalid/e02-09/5-166?utm_source=share&ref=sam5nju7
FXv2,https://made.example.invalid/e02-09/4-167?utm_source=share&ref=00iesgi1
FXv3,https://made.example.invalid/e02-09/7-168?utm_source=share&ref=rh6k9czx
FXv4,https://made.example.invalid/e02-09/9-169?utm_source=share&ref=9h8e675w
FXv5,https://made.example.invalid/e02-09/6-170?utm_source=share&ref=ahld5hfw
FXv6,https://made.example.invalid/e02-09/5-171?utm_source=share&ref=cz4xazea
FXv7,https://made.example.invalid/e02-09/4-172?utm_source=share&ref=kw926exk
FXv8,https://made.example.invalid/e02-09/7-173?utm_source=share&ref=rfe1vfzd
FXv9,https://made.example.invalid/e02-09/9-174?utm_source=share&ref=pc7ov5eu
FXva,https://made.example.invalid/e02-09/6-175?utm_source=share&ref=2xkdsof0
FXvb,https://made.example.invalid/e02-09/5-176?utm_source=share&ref=evdn3rpq
FXvc,https://made.example.invalid/e02-09/4-177?utm_source=share&ref=6rpm4mt5
FXvd,https://made.example.invalid/e02-09/7-178?utm_source=share&ref=nfl5bbv7
FXve,https://made.example.invalid/e02-09/9-179?utm_source=share&ref=est70u0p
FXvf,https://made.example.invalid/e02-09/6-180?utm_source=share&ref=w1jh93vb
FXvg,https://made.example.invalid/e02-09/5-181?utm_source=share&ref=52ya8dbr
FXvh,https://made.example.invalid/e02-09/4-182?utm_source=share&ref=ezx4cny7
FXvi,https://made.example.invalid/e02-09/7-183?utm_source=share&ref=ub0a51qp
FXvj,https://made.example.invalid/e02-09/9-184?utm_source=share&ref=q7ku2t7h
FXvk,https://made.example.invalid/e02-09/6-185?utm_source=share&ref=zzv1jbcb
FXvl,https://made.example.invalid/e02-09/5-186?utm_source=share&ref=g52yf85z
FXvm,https://made.example.invalid/e02-09/4-187?utm_source=share&ref=25goze47
FXvn,https://made.example.invalid/e02-09/7-188?utm_source=share&ref=re7v1g74
FXvo,https://made.example.invalid/e02-09/9-189?utm_source=share&ref=h7u9w5x9
FXvp,https://made.example.invalid/e02-09/6-190?utm_source=share&ref=4bbs9pa7
FXvq,https://made.example.invalid/e02-09/5-191?utm_source=share&ref=9ih3qjod
FXvr,https://made.example.invalid/e02-09/4-192?utm_source=share&ref=zi7kqa2i
FXvs,https://made.example.invalid/e02-09/7-193?utm_source=share&ref=i8u0gnt0
FXvt,https://made.example.invalid/e02-09/9-194?utm_source=share&ref=riez61sc
FXvu,https://made.example.invalid/e02-09/6-195?utm_source=share&ref=qy4knh3x
FXvv,https://made.example.invalid/e02-09/5-196?utm_source=share&ref=gkvuz7sk
FXvw,https://made.example.invalid/e02-09/4-197?utm_source=share&ref=9yt8nbdv
FXvx,https://made.example.invalid/e02-09/7-198?utm_source=share&ref=8fbkb6kc
FXvy,https://made.example.invalid/e02-09/9-199?utm_source=share&ref=jqgnb1wy
FXvz,https://made.example.invalid/e02-09/6-200?utm_source=share&ref=qvpnbgid
FXvA,https://made.example.invalid/e02-09/5-201?utm_source=share&ref=hitgmhfy
FXvB,https://made.example.invalid/e02-09/4-202?utm_source=share&ref=y0lcxy86
FXvC,https://made.example.invalid/e02-09/7-203?utm_source=share&ref=4wntn28g
FXvD,https://made.example.invalid/e02-09/9-204?utm_source=share&ref=nxw74w4w
FXvE,https://made.example.invalid/e02-09/6-205?utm_source=share&ref=rgm4ctcp
FXvF,https://made.example.invalid/e02-09/5-206?utm_source=share&ref=9a6i8wzr
FXvG,https://made.example.invalid/e02-09/4-207?utm_source=share&ref=js5tnua1
FXvH,https://made.example.invalid/e02-09/7-208?utm_source=share&ref=ywwsyv6y
FXvI,https://made.example.invalid/e02-09/9-209?utm_source=share&ref=zmf3mvs6
FXvJ,https://made.example.invalid/e02-09/6-210?utm_source=share&ref=gl9ntaip
FXvK,https://made.example.invalid/e02-09/5-211?utm_source=share&ref=ymz6z2fs
FXvL,https://made.example.invalid/e02-09/4-212?utm_source=share&ref=11k780bz
FXvM,https://made.example.invalid/e02-09/7-213?utm_source=share&ref=kn21v3pu
FXvN,https://made.example.invalid/e02-09/9-214?utm_source=share&ref=lpqj48tc
FXvO,https://made.example.invalid/e02-09/6-215?utm_source=share&ref=zwsx4fit
FXvP,https://made.example.invalid/e02-09/5-216?utm_source=share&ref=jcdlcwff
FXvQ,https://made.example.invalid/e02-09/4-217?utm_source=share&ref=wgr623bx
FXvR,https://made.example.invalid/e02-09/7-218?utm_source=share&ref=xhmv9wdv
FXvS,https://made.example.invalid/e02-09/9-219?utm_source=share&ref=3e65qwk9
FXvT,https://made.example.invalid/e02-09/6-220?utm_source=share&ref=4mj1numy
FXvU,https://made.example.invalid/e02-09/5-221?utm_source=share&ref=lqrjupr5
FXvV,https://made.example.invalid/e02-09/4-222?utm_source=share&ref=yvj2c1kg
FXvW,https://made.example.invalid/e02-09/7-223?utm_source=share&ref=uon8mfqd
FXvX,https://made.example.invalid/e02-09/9-224?utm_source=share&ref=mhdidpaf
FXvY,https://made.example.invalid/e02-09/6-225?utm_source=share&ref=dnlvo49n
FXvZ,https://made.example.invalid/e02-09/5-226?utm_source=share&ref=uwvsmvzk
FXw0,https://made.example.invalid/e02-09/4-227?utm_source=share&ref=xj6fup92
FXw1,https://made.example.invalid/e02-09/7-228?utm_source=share&ref=s0tgdsxk
FXw2,https://made.example.invalid/e02-09/9-229?utm_source=share&ref=k3dxbcff
FXw3,https://made.example.invalid/e02-09/6-230?utm_source=share&ref=up6eese2
FXw4,https://made.example.invalid/e02-09/5-231?utm_source=share&ref=9p7wqn6e
FXw5,https://made.example.invalid/e02-09/4-232?utm_source=share&ref=woztot19
FXw6,https://made.example.invalid/e02-09/7-233?utm_source=share&ref=relpmxvt
FXw7,https://made.example.invalid/e02-09/9-234?utm_source=share&ref=5py1uosu
FXw8,https://made.example.invalid/e02-09/6-235?utm_source=share&ref=fxp47txi
FXw9,https://made.example.invalid/e02-09/5-236?utm_source=share&ref=j3jn2zub
FXwa,https://made.example.invalid/e02-09/4-237?utm_source=share&ref=04geu9va
FXwb,https://made.example.invalid/e02-09/7-238?utm_source=share&ref=lgncxbuc
FXwc,https://made.example.invalid/e02-09/9-239?utm_source=share&ref=0kaswkdf
FXwd,https://made.example.invalid/e02-09/6-240?utm_source=share&ref=fio9t2fx
FXwe,https://made.example.invalid/e02-09/5-241?utm_source=share&ref=y4il4zpy
FXwf,https://made.example.invalid/e02-09/4-242?utm_source=share&ref=t3cg1c6k
FXwg,https://made.example.invalid/e02-09/7-243?utm_source=share&ref=4r2jk4yy
FXwh,https://made.example.invalid/e02-09/9-244?utm_source=share&ref=9pkgvj7o
FXwi,https://made.example.invalid/e02-09/6-245?utm_source=share&ref=8s15r9oy
FXwj,https://made.example.invalid/e02-09/5-246?utm_source=share&ref=4i7b7me7
FXwk,https://made.example.invalid/e02-09/4-247?utm_source=share&ref=go98onvm
FXwl,https://made.example.invalid/e02-09/7-248?utm_source=share&ref=uj0ucdo0
FXwm,https://made.example.invalid/e02-09/9-249?utm_source=share&ref=qfb634v4
FXwn,https://made.example.invalid/e02-09/6-250?utm_source=share&ref=2l3ccb16
FXwo,https://made.example.invalid/e02-09/5-251?utm_source=share&ref=h38m09hj
FXwp,https://made.example.invalid/e02-09/4-252?utm_source=share&ref=8e8rj3j1
FXwq,https://made.example.invalid/e02-09/7-253?utm_source=share&ref=4mzpsz09
FXwr,https://made.example.invalid/e02-09/9-254?utm_source=share&ref=34ngk921
FXws,https://made.example.invalid/e02-09/6-255?utm_source=share&ref=g1sfkc27
FXwt,https://made.example.invalid/e02-09/5-256?utm_source=share&ref=on96fp28
FXwu,https://made.example.invalid/e02-09/4-257?utm_source=share&ref=cabv4ypa
FXwv,https://made.example.invalid/e02-09/7-258?utm_source=share&ref=ieui7g75
FXww,https://made.example.invalid/e02-09/9-259?utm_source=share&ref=ybicy7xy
FXwx,https://made.example.invalid/e02-09/6-260?utm_source=share&ref=9shkdswq
FXwy,https://made.example.invalid/e02-09/5-261?utm_source=share&ref=ehhizog6
FXwz,https://made.example.invalid/e02-09/4-262?utm_source=share&ref=9ab5uyof
FXwA,https://made.example.invalid/e02-09/7-263?utm_source=share&ref=ymskc1s6
FXwB,https://made.example.invalid/e02-09/9-264?utm_source=share&ref=babg35ej
FXwC,https://made.example.invalid/e02-09/6-265?utm_source=share&ref=k5guuhcm
FXwD,https://made.example.invalid/e02-09/5-266?utm_source=share&ref=mijgewfy
FXwE,https://made.example.invalid/e02-09/4-267?utm_source=share&ref=nk7gx81e
FXwF,https://made.example.invalid/e02-09/7-268?utm_source=share&ref=yaxcy2hf
FXwG,https://made.example.invalid/e02-09/9-269?utm_source=share&ref=tgfn1pm8
FXwH,https://made.example.invalid/e02-09/6-270?utm_source=share&ref=38delisj
FXwI,https://made.example.invalid/e02-09/5-271?utm_source=share&ref=zba8elr3
FXwJ,https://made.example.invalid/e02-09/4-272?utm_source=share&ref=5thp8byc
FXwK,https://made.example.invalid/e02-09/7-273?utm_source=share&ref=0tm3c1ye
FXwL,https://made.example.invalid/e02-09/9-274?utm_source=share&ref=iin4h0c1
FXwM,https://made.example.invalid/e02-09/6-275?utm_source=share&ref=5ip33f6r
FXwN,https://made.example.invalid/e02-09/5-276?utm_source=share&ref=sd9qndt2
FXwO,https://made.example.invalid/e02-09/4-277?utm_source=share&ref=oetadn6j
FXwP,https://made.example.invalid/e02-09/7-278?utm_source=share&ref=y69e8z4w
FXwQ,https://made.example.invalid/e02-09/9-279?utm_source=share&ref=dqy4bmvh
FXwR,https://made.example.invalid/e02-09/6-280?utm_source=share&ref=lor6syxo
FXwS,https://made.example.invalid/e02-09/5-281?utm_source=share&ref=e7jhmr6r
FXwT,https://made.example.invalid/e02-09/4-282?utm_source=share&ref=gb4ms85e
FXwU,https://made.example.invalid/e02-09/7-283?utm_source=share&ref=tqjs5lrl
FXwV,https://made.example.invalid/e02-09/9-284?utm_source=share&ref=xuqhu2g7
FXwW,https://made.example.invalid/e02-09/6-285?utm_source=share&ref=tfg311zz
FXwX,https://made.example.invalid/e02-09/5-286?utm_source=share&ref=blqbw01h
FXwY,https://made.example.invalid/e02-09/4-287?utm_source=share&ref=xwamzgrk
FXwZ,https://made.example.invalid/e02-09/7-288?utm_source=share&ref=bev4azfu
FXx0,https://made.example.invalid/e02-09/9-289?utm_source=share&ref=ve480fu9
FXx1,https://made.example.invalid/e02-09/6-290?utm_source=share&ref=n45dw9ar
FXx2,https://made.example.invalid/e02-09/5-291?utm_source=share&ref=a0ltn6nd
FXx3,https://made.example.invalid/e02-09/4-292?utm_source=share&ref=0w4e0gny
FXx4,https://made.example.invalid/e02-09/7-293?utm_source=share&ref=r0hqfdit
FXx5,https://made.example.invalid/e02-09/9-294?utm_source=share&ref=73gb7bmp
FXx6,https://made.example.invalid/e02-09/6-295?utm_source=share&ref=ts8croxh
FXx7,https://made.example.invalid/e02-09/5-296?utm_source=share&ref=4jbhflxp
FXx8,https://made.example.invalid/e02-09/4-297?utm_source=share&ref=o9twwsn4
FXx9,https://made.example.invalid/e02-09/7-298?utm_source=share&ref=difwuxlx
FXxa,https://made.example.invalid/e02-09/9-299?utm_source=share&ref=krpx0fl6
FXxb,https://made.example.invalid/e02-09/6-300?utm_source=share&ref=id7by4oe
FXxc,https://made.example.invalid/e02-09/5-301?utm_source=share&ref=6d73k24l
FXxd,https://made.example.invalid/e02-09/4-302?utm_source=share&ref=kc0sjd9z
FXxe,https://made.example.invalid/e02-09/7-303?utm_source=share&ref=qsmm8pvh
FXxf,https://made.example.invalid/e02-09/9-304?utm_source=share&ref=ooyr12jb
FXxg,https://made.example.invalid/e02-09/6-305?utm_source=share&ref=iwowa9ck
FXxh,https://made.example.invalid/e02-09/5-306?utm_source=share&ref=qeerp7yq
FXxi,https://made.example.invalid/e02-09/4-307?utm_source=share&ref=696h8s40
FXxj,https://made.example.invalid/e02-09/7-308?utm_source=share&ref=qgmwa6j2
FXxk,https://made.example.invalid/e02-09/9-309?utm_source=share&ref=0svs69de
FXxl,https://made.example.invalid/e02-09/6-310?utm_source=share&ref=hxxfr8ne
FXxm,https://made.example.invalid/e02-09/5-311?utm_source=share&ref=zzzn0s4a
FXxn,https://made.example.invalid/e02-09/4-312?utm_source=share&ref=c2p0i0ri
FXxo,https://made.example.invalid/e02-09/7-313?utm_source=share&ref=nqlfvngx
FXxp,https://made.example.invalid/e02-09/9-314?utm_source=share&ref=go6k17si
FXxq,https://made.example.invalid/e02-09/6-315?utm_source=share&ref=3tu8mlec
FXxr,https://made.example.invalid/e02-09/5-316?utm_source=share&ref=avbrmnsx
FXxs,https://made.example.invalid/e02-09/4-317?utm_source=share&ref=2qy4ipap
FXxt,https://made.example.invalid/e02-09/7-318?utm_source=share&ref=rtek8nae
FXxu,https://made.example.invalid/e02-09/9-319?utm_source=share&ref=yaool8of
FXxv,https://made.example.invalid/e02-09/6-320?utm_source=share&ref=gt40592k
FXxw,https://made.example.invalid/e02-09/5-321?utm_source=share&ref=hog7x7et
FXxx,https://made.example.invalid/e02-09/4-322?utm_source=share&ref=28z7w6cl
FXxy,https://made.example.invalid/e02-09/7-323?utm_source=share&ref=skmbyocp
FXxz,https://made.example.invalid/e02-09/9-324?utm_source=share&ref=c0weg42g
FXxA,https://made.example.invalid/e02-09/6-325?utm_source=share&ref=ywssxly5
FXxB,https://made.example.invalid/e02-09/5-326?utm_source=share&ref=jq0eo9pd
FXxC,https://made.example.invalid/e02-09/4-327?utm_source=share&ref=pt74r55x
FXxD,https://made.example.invalid/e02-09/7-328?utm_source=share&ref=tqn5zv3j
FXxE,https://made.example.invalid/e02-09/9-329?utm_source=share&ref=lkw9ja5v
FXxF,https://made.example.invalid/e02-09/6-330?utm_source=share&ref=pejgk1r0
FXxG,https://made.example.invalid/e02-09/5-331?utm_source=share&ref=txn3o5tf
FXxH,https://made.example.invalid/e02-09/4-332?utm_source=share&ref=pgoku3r8
FXxI,https://made.example.invalid/e02-09/7-333?utm_source=share&ref=73j2o4nt
FXxJ,https://made.example.invalid/e02-09/9-334?utm_source=share&ref=iso4vh4e
FXxK,https://made.example.invalid/e02-09/6-335?utm_source=share&ref=ns55eu7s
FXxL,https://made.example.invalid/e02-09/5-336?utm_source=share&ref=nkh28xd4
FXxM,https://made.example.invalid/e02-09/4-337?utm_source=share&ref=kf6yjdaa
FXxN,https://made.example.invalid/e02-09/7-338?utm_source=share&ref=1x93madr
FXxO,https://made.example.invalid/e02-09/9-339?utm_source=share&ref=yj5fcdwm
FXxP,https://made.example.invalid/e02-09/6-340?utm_source=share&ref=epue56xf
FXxQ,https://made.example.invalid/e02-09/5-341?utm_source=share&ref=36qq30lq
FXxR,https://made.example.invalid/e02-09/4-342?utm_source=share&ref=uwxa5g40
FXxS,https://made.example.invalid/e02-09/7-343?utm_source=share&ref=vm4ek5pa
FXxT,https://made.example.invalid/e02-09/9-344?utm_source=share&ref=2kwcyysp
FXxU,https://made.example.invalid/e02-09/6-345?utm_source=share&ref=0c5h5oxw
FXxV,https://made.example.invalid/e02-09/5-346?utm_source=share&ref=d0soqri3
FXxW,https://made.example.invalid/e02-09/4-347?utm_source=share&ref=yh19hxlx
FXxX,https://made.example.invalid/e02-09/7-348?utm_source=share&ref=mo9wlc5n
FXxY,https://made.example.invalid/e02-09/9-349?utm_source=share&ref=gmjko9ie
FXxZ,https://made.example.invalid/e02-09/6-350?utm_source=share&ref=u3l3ibzh
FXy0,https://made.example.invalid/e02-09/5-351?utm_source=share&ref=20wgcutg
FXy1,https://made.example.invalid/e02-09/4-352?utm_source=share&ref=ihbw57q6
FXy2,https://made.example.invalid/e02-09/7-353?utm_source=share&ref=axuin7wc
FXy3,https://made.example.invalid/e02-09/9-354?utm_source=share&ref=puab2792
FXy4,https://made.example.invalid/e02-09/6-355?utm_source=share&ref=d1o94nic
FXy5,https://made.example.invalid/e02-09/5-356?utm_source=share&ref=e7jqulab
FXy6,https://made.example.invalid/e02-09/4-357?utm_source=share&ref=mxkncbwb
FXy7,https://made.example.invalid/e02-09/7-358?utm_source=share&ref=o6gpf4vm
FXy8,https://made.example.invalid/e02-09/9-359?utm_source=share&ref=c7hbu3bb
FXy9,https://made.example.invalid/e02-09/6-360?utm_source=share&ref=bouna5if
FXya,https://made.example.invalid/e02-09/5-361?utm_source=share&ref=lmivkert
FXyb,https://made.example.invalid/e02-09/4-362?utm_source=share&ref=rt54gy6l
FXyc,https://made.example.invalid/e02-09/7-363?utm_source=share&ref=h1qn55lx
FXyd,https://made.example.invalid/e02-09/9-364?utm_source=share&ref=k53cud0t
FXye,https://made.example.invalid/e02-09/6-365?utm_source=share&ref=a8pc1bhw
FXyf,https://made.example.invalid/e02-09/5-366?utm_source=share&ref=vam8rybu
FXyg,https://made.example.invalid/e02-09/4-367?utm_source=share&ref=io875tnf
FXyh,https://made.example.invalid/e02-09/7-368?utm_source=share&ref=eseiceqz
FXyi,https://made.example.invalid/e02-09/9-369?utm_source=share&ref=wuq7xflw
FXyj,https://made.example.invalid/e02-09/6-370?utm_source=share&ref=4hyzs66e
FXyk,https://made.example.invalid/e02-09/5-371?utm_source=share&ref=o6tv19r6
FXyl,https://made.example.invalid/e02-09/4-372?utm_source=share&ref=4hmfez7w
FXym,https://made.example.invalid/e02-09/7-373?utm_source=share&ref=z9ow0hnp
FXyn,https://made.example.invalid/e02-09/9-374?utm_source=share&ref=jv7ob0i3
FXyo,https://made.example.invalid/e02-09/6-375?utm_source=share&ref=b1dimgb3
FXyp,https://made.example.invalid/e02-09/5-376?utm_source=share&ref=5dwjxlx7
FXyq,https://made.example.invalid/e02-09/4-377?utm_source=share&ref=5wt6aq31
FXyr,https://made.example.invalid/e02-09/7-378?utm_source=share&ref=xe7zf3zy
FXys,https://made.example.invalid/e02-09/9-379?utm_source=share&ref=atze2hj5
FXyt,https://made.example.invalid/e02-09/6-380?utm_source=share&ref=zyacajat
FXyu,https://made.example.invalid/e02-09/5-381?utm_source=share&ref=cpsbrzfq
FXyv,https://made.example.invalid/e02-09/4-382?utm_source=share&ref=vex327kz
FXyw,https://made.example.invalid/e02-09/7-383?utm_source=share&ref=zn85rio1
FXyx,https://made.example.invalid/e02-09/9-384?utm_source=share&ref=o42n5m9q
FXyy,https://made.example.invalid/e02-09/6-385?utm_source=share&ref=q5kd0b5w
FXyz,https://made.example.invalid/e02-09/5-386?utm_source=share&ref=a7dt3fb8
FXyA,https://made.example.invalid/e02-09/4-387?utm_source=share&ref=2a92yxlc
FXyB,https://made.example.invalid/e02-09/7-388?utm_source=share&ref=g5act65m
FXyC,https://made.example.invalid/e02-09/9-389?utm_source=share&ref=45gyziia
FXyD,https://made.example.invalid/e02-09/6-390?utm_source=share&ref=ophg7hww
FXyE,https://made.example.invalid/e02-09/5-391?utm_source=share&ref=81j3crse
FXyF,https://made.example.invalid/e02-09/4-392?utm_source=share&ref=692dy4zw
FXyG,https://made.example.invalid/e02-09/7-393?utm_source=share&ref=i00eowz6
FXyH,https://made.example.invalid/e02-09/9-394?utm_source=share&ref=q0nir5uf
FXyI,https://made.example.invalid/e02-09/6-395?utm_source=share&ref=1xum4yg5
FXyJ,https://made.example.invalid/e02-09/5-396?utm_source=share&ref=f1b7cst0
FXyK,https://made.example.invalid/e02-09/4-397?utm_source=share&ref=2csvs3sz
FXyL,https://made.example.invalid/e02-09/7-398?utm_source=share&ref=n1105izd
FXyM,https://made.example.invalid/e02-09/9-399?utm_source=share&ref=2ozrx4ex
FXyN,https://made.example.invalid/e02-09/6-400?utm_source=share&ref=z9gn7qb8
FXyO,https://made.example.invalid/e02-09/5-401?utm_source=share&ref=a2hpralu
FXyP,https://made.example.invalid/e02-09/4-402?utm_source=share&ref=h6n91qxf
FXyQ,https://made.example.invalid/e02-09/7-403?utm_source=share&ref=mm8lvsri
FXyR,https://made.example.invalid/e02-09/9-404?utm_source=share&ref=mw756nxa
FXyS,https://made.example.invalid/e02-09/6-405?utm_source=share&ref=bxyuuoti
FXyT,https://made.example.invalid/e02-09/5-406?utm_source=share&ref=n24dtxtc
FXyU,https://made.example.invalid/e02-09/4-407?utm_source=share&ref=o3kwzff7
FXyV,https://made.example.invalid/e02-09/7-408?utm_source=share&ref=qsbf2j7q
FXyW,https://made.example.invalid/e02-09/9-409?utm_source=share&ref=16idxwye
FXyX,https://made.example.invalid/e02-09/6-410?utm_source=share&ref=n1wmeu6b
FXyY,https://made.example.invalid/e02-09/5-411?utm_source=share&ref=9rhr0tmx
FXyZ,https://made.example.invalid/e02-09/4-412?utm_source=share&ref=g58v9os1
FXz0,https://made.example.invalid/e02-09/7-413?utm_source=share&ref=dyx9ty3u
FXz1,https://made.example.invalid/e02-09/9-414?utm_source=share&ref=2tje1nd5
FXz2,https://made.example.invalid/e02-09/6-415?utm_source=share&ref=1g4z11ge
FXz3,https://made.example.invalid/e02-09/5-416?utm_source=share&ref=60ssf624
FXz4,https://made.example.invalid/e02-09/4-417?utm_source=share&ref=idpf2ve1
FXz5,https://made.example.invalid/e02-09/7-418?utm_source=share&ref=zapanweo
FXz6,https://made.example.invalid/e02-09/9-419?utm_source=share&ref=bjv3u16g
FXz7,https://made.example.invalid/e02-09/6-420?utm_source=share&ref=8q8bm5q5
FXz8,https://made.example.invalid/e02-09/5-421?utm_source=share&ref=y0oxuavy
FXz9,https://made.example.invalid/e02-09/4-422?utm_source=share&ref=sj1ckjeb
FXza,https://made.example.invalid/e02-09/7-423?utm_source=share&ref=e9jvzww2
FXzb,https://made.example.invalid/e02-09/9-424?utm_source=share&ref=woe1blwa
FXzc,https://made.example.invalid/e02-09/6-425?utm_source=share&ref=y4t5wke9
FXzd,https://made.example.invalid/e02-09/5-426?utm_source=share&ref=9wy8zkkt
FXze,https://made.example.invalid/e02-09/4-427?utm_source=share&ref=ielg5v28
FXzf,https://made.example.invalid/e02-09/7-428?utm_source=share&ref=05wso9qz
FXzg,https://made.example.invalid/e02-09/9-429?utm_source=share&ref=9nemtdlu
FXzh,https://made.example.invalid/e02-09/6-430?utm_source=share&ref=2ek19t63
FXzi,https://made.example.invalid/e02-09/5-431?utm_source=share&ref=n52svs22
FXzj,https://made.example.invalid/e02-09/4-432?utm_source=share&ref=b558gev8
FXzk,https://made.example.invalid/e02-09/7-433?utm_source=share&ref=0fwbzxsr
FXzl,https://made.example.invalid/e02-09/9-434?utm_source=share&ref=itobilco
FXzm,https://made.example.invalid/e02-09/6-435?utm_source=share&ref=1bkyejc0
FXzn,https://made.example.invalid/e02-09/5-436?utm_source=share&ref=qkw14x9i
FXzo,https://made.example.invalid/e02-09/4-437?utm_source=share&ref=atrwzsd5
FXzp,https://made.example.invalid/e02-09/7-438?utm_source=share&ref=8mof317e
FXzq,https://made.example.invalid/e02-09/9-439?utm_source=share&ref=izq57nul
FXzr,https://made.example.invalid/e02-09/6-440?utm_source=share&ref=4pgv0jzc
FXzs,https://made.example.invalid/e02-09/5-441?utm_source=share&ref=tc3b4mz7
FXzt,https://made.example.invalid/e02-09/4-442?utm_source=share&ref=03xp1aew
FXzu,https://made.example.invalid/e02-09/7-443?utm_source=share&ref=9ywu5u1z
FXzv,https://made.example.invalid/e02-09/9-444?utm_source=share&ref=2gdi0vse
FXzw,https://made.example.invalid/e02-09/6-445?utm_source=share&ref=lkuvtqx9
FXzx,https://made.example.invalid/e02-09/5-446?utm_source=share&ref=qonww63d
FXzy,https://made.example.invalid/e02-09/4-447?utm_source=share&ref=ld19xvxz
FXzz,https://made.example.invalid/e02-09/7-448?utm_source=share&ref=m16nscny
FXzA,https://made.example.invalid/e02-09/9-449?utm_source=share&ref=2xjxbttv
FXzB,https://made.example.invalid/e02-09/6-450?utm_source=share&ref=m91mof11
FXzC,https://made.example.invalid/e02-09/5-451?utm_source=share&ref=7uppz9z3
FXzD,https://made.example.invalid/e02-09/4-452?utm_source=share&ref=sg39vu1y
FXzE,https://made.example.invalid/e02-09/7-453?utm_source=share&ref=o3zxk0iv
FXzF,https://made.example.invalid/e02-09/9-454?utm_source=share&ref=z8okncur
FXzG,https://made.example.invalid/e02-09/6-455?utm_source=share&ref=yq9gv37s
FXzH,https://made.example.invalid/e02-09/5-456?utm_source=share&ref=zjegzu7n
FXzI,https://made.example.invalid/e02-09/4-457?utm_source=share&ref=0kdyzbu7
FXzJ,https://made.example.invalid/e02-09/7-458?utm_source=share&ref=wjzzpvrt
FXzK,https://made.example.invalid/e02-09/9-459?utm_source=share&ref=332rf4rg
FXzL,https://made.example.invalid/e02-09/6-460?utm_source=share&ref=jub7ctti
FXzM,https://made.example.invalid/e02-09/5-461?utm_source=share&ref=h25bc0bf
FXzN,https://made.example.invalid/e02-09/4-462?utm_source=share&ref=qf3nxgeb
FXzO,https://made.example.invalid/e02-09/7-463?utm_source=share&ref=u4aqubr7
FXzP,https://made.example.invalid/e02-09/9-464?utm_source=share&ref=r9ru04ur
FXzQ,https://made.example.invalid/e02-09/6-465?utm_source=share&ref=atctdm1z
FXzR,https://made.example.invalid/e02-09/5-466?utm_source=share&ref=evra09fh
FXzS,https://made.example.invalid/e02-09/4-467?utm_source=share&ref=se59bbdj
FXzT,https://made.example.invalid/e02-09/7-468?utm_source=share&ref=4t82ho18
FXzU,https://made.example.invalid/e02-09/9-469?utm_source=share&ref=ev4ne5ee
FXzV,https://made.example.invalid/e02-09/6-470?utm_source=share&ref=bvio8dxc
FXzW,https://made.example.invalid/e02-09/5-471?utm_source=share&ref=dx2bqptf
FXzX,https://made.example.invalid/e02-09/4-472?utm_source=share&ref=kx5gum61
FXzY,https://made.example.invalid/e02-09/7-473?utm_source=share&ref=g04d1k5a
FXzZ,https://made.example.invalid/e02-09/9-474?utm_source=share&ref=8nhg69dn
FXA0,https://made.example.invalid/e02-09/6-475?utm_source=share&ref=lmi75hgj
FXA1,https://made.example.invalid/e02-09/5-476?utm_source=share&ref=njty6nbs
FXA2,https://made.example.invalid/e02-09/4-477?utm_source=share&ref=6jw32vtu
FXA3,https://made.example.invalid/e02-09/7-478?utm_source=share&ref=c9bax263
FXA4,https://made.example.invalid/e02-09/9-479?utm_source=share&ref=7ko8w8hn
FXA5,https://made.example.invalid/e02-09/6-480?utm_source=share&ref=6gx7nlrz
FXA6,https://made.example.invalid/e02-09/5-481?utm_source=share&ref=zuqfn7fp
FXA7,https://made.example.invalid/e02-09/4-482?utm_source=share&ref=ivh9tick
FXA8,https://made.example.invalid/e02-09/7-483?utm_source=share&ref=emzgpifr
FXA9,https://made.example.invalid/e02-09/9-484?utm_source=share&ref=2kxpsrcb
FXAa,https://made.example.invalid/e02-09/6-485?utm_source=share&ref=0paki3rh
FXAb,https://made.example.invalid/e02-09/5-486?utm_source=share&ref=41ebpvdo
FXAc,https://made.example.invalid/e02-09/4-487?utm_source=share&ref=x3mc96ho
FXAd,https://made.example.invalid/e02-09/7-488?utm_source=share&ref=71u3o125
FXAe,https://made.example.invalid/e02-09/9-489?utm_source=share&ref=9b5k8hda
FXAf,https://made.example.invalid/e02-09/6-490?utm_source=share&ref=nfhwl204
FXAg,https://made.example.invalid/e02-09/5-491?utm_source=share&ref=u2efq2da
FXAh,https://made.example.invalid/e02-09/4-492?utm_source=share&ref=1qrxc17q
FXAi,https://made.example.invalid/e02-09/7-493?utm_source=share&ref=a6qnuk85
FXAj,https://made.example.invalid/e02-09/9-494?utm_source=share&ref=o0jkp280
FXAk,https://made.example.invalid/e02-09/6-495?utm_source=share&ref=pv4sliy9
FXAl,https://made.example.invalid/e02-09/5-496?utm_source=share&ref=57c5nq0i
FXAm,https://made.example.invalid/e02-09/4-497?utm_source=share&ref=vcqa4j8v
FXAn,https://made.example.invalid/e02-09/7-498?utm_source=share&ref=y7ab4v30
FXAo,https://made.example.invalid/e02-09/9-499?utm_source=share&ref=v1y93fwg
FXAp,https://made.example.invalid/e02-09/6-500?utm_source=share&ref=nym6l6p9
FXAq,https://made.example.invalid/e02-09/5-501?utm_source=share&ref=mah48haz
FXAr,https://made.example.invalid/e02-09/4-502?utm_source=share&ref=2t1fbb8d
FXAs,https://made.example.invalid/e02-09/7-503?utm_source=share&ref=a70rr713
FXAt,https://made.example.invalid/e02-09/9-504?utm_source=share&ref=e5bed07w
FXAu,https://made.example.invalid/e02-09/6-505?utm_source=share&ref=a956ucon
FXAv,https://made.example.invalid/e02-09/5-506?utm_source=share&ref=7iw3xb2v
FXAw,https://made.example.invalid/e02-09/4-507?utm_source=share&ref=a02pw0vm
FXAx,https://made.example.invalid/e02-09/7-508?utm_source=share&ref=7x9nl8o4
FXAy,https://made.example.invalid/e02-09/9-509?utm_source=share&ref=3q2709af
FXAz,https://made.example.invalid/e02-09/6-510?utm_source=share&ref=zrle5lg4
FXAA,https://made.example.invalid/e02-09/5-511?utm_source=share&ref=69hux38r
FXAB,https://made.example.invalid/e02-09/4-512?utm_source=share&ref=epqo0qxw
FXAC,https://made.example.invalid/e02-09/7-513?utm_source=share&ref=kpiw1tcu
FXAD,https://made.example.invalid/e02-09/9-514?utm_source=share&ref=6lm7z8md
FXAE,https://made.example.invalid/e02-09/6-515?utm_source=share&ref=fdsgqkgm
FXAF,https://made.example.invalid/e02-09/5-516?utm_source=share&ref=eg332byo
FXAG,https://made.example.invalid/e02-09/4-517?utm_source=share&ref=85oaal8i
FXAH,https://made.example.invalid/e02-09/7-518?utm_source=share&ref=iuyblhui
FXAI,https://made.example.invalid/e02-09/9-519?utm_source=share&ref=gvh8bc8t
FXAJ,https://made.example.invalid/e02-09/6-520?utm_source=share&ref=k1axsan1
FXAK,https://made.example.invalid/e02-09/5-521?utm_source=share&ref=nmiw60i4
FXAL,https://made.example.invalid/e02-09/4-522?utm_source=share&ref=mcfndeo9
FXAM,https://made.example.invalid/e02-09/7-523?utm_source=share&ref=yon65mbv
FXAN,https://made.example.invalid/e02-09/9-524?utm_source=share&ref=aqk5mdbz
FXAO,https://made.example.invalid/e02-09/6-525?utm_source=share&ref=g6xg2x4q
FXAP,https://made.example.invalid/e02-09/5-526?utm_source=share&ref=qq1f6zqp
FXAQ,https://made.example.invalid/e02-09/4-527?utm_source=share&ref=jfadiuhb
FXAR,https://made.example.invalid/e02-09/7-528?utm_source=share&ref=j9mi570s
FXAS,https://made.example.invalid/e02-09/9-529?utm_source=share&ref=2yv01anf
FXAT,https://made.example.invalid/e02-09/6-530?utm_source=share&ref=4y9rc141
FXAU,https://made.example.invalid/e02-09/5-531?utm_source=share&ref=ufddtzgu
FXAV,https://made.example.invalid/e02-09/4-532?utm_source=share&ref=luih6xiv
FXAW,https://made.example.invalid/e02-09/7-533?utm_source=share&ref=o2cey8f3
FXAX,https://made.example.invalid/e02-09/9-534?utm_source=share&ref=e19doebc
FXAY,https://made.example.invalid/e02-09/6-535?utm_source=share&ref=6lesjx8s
FXAZ,https://made.example.invalid/e02-09/5-536?utm_source=share&ref=wq0dsvyo
FXB0,https://made.example.invalid/e02-09/4-537?utm_source=share&ref=izuvommq
FXB1,https://made.example.invalid/e02-09/7-538?utm_source=share&ref=buc8qc7l
FXB2,https://made.example.invalid/e02-09/9-539?utm_source=share&ref=meuffv3i
FXB3,https://made.example.invalid/e02-09/6-540?utm_source=share&ref=5iy7sybb
FXB4,https://made.example.invalid/e02-09/5-541?utm_source=share&ref=xex3sxpw
FXB5,https://made.example.invalid/e02-09/4-542?utm_source=share&ref=e3habc52
FXB6,https://made.example.invalid/e02-09/7-543?utm_source=share&ref=ajlswyri
FXB7,https://made.example.invalid/e02-09/9-544?utm_source=share&ref=64642qmi
FXB8,https://made.example.invalid/e02-09/6-545?utm_source=share&ref=rgxy84dw
FXB9,https://made.example.invalid/e02-09/5-546?utm_source=share&ref=nvz3ljk2
FXBa,https://made.example.invalid/e02-09/4-547?utm_source=share&ref=dnjm6v69
FXBb,https://made.example.invalid/e02-09/7-548?utm_source=share&ref=d4c7ksp6
FXBc,https://made.example.invalid/e02-09/9-549?utm_source=share&ref=z343987p
FXBd,https://made.example.invalid/e02-09/6-550?utm_source=share&ref=z5vi6j1t
FXBe,https://made.example.invalid/e02-09/5-551?utm_source=share&ref=lp2m6gqv
FXBf,https://made.example.invalid/e02-09/4-552?utm_source=share&ref=jzgaypo5
FXBg,https://made.example.invalid/e02-09/7-553?utm_source=share&ref=akzqs3zr
FXBh,https://made.example.invalid/e02-09/9-554?utm_source=share&ref=hiun9piv
FXBi,https://made.example.invalid/e02-09/6-555?utm_source=share&ref=txaqz9uu
FXBj,https://made.example.invalid/e02-09/5-556?utm_source=share&ref=9os46b9h
FXBk,https://made.example.invalid/e02-09/4-557?utm_source=share&ref=3cpuj9e3
FXBl,https://made.example.invalid/e02-09/7-558?utm_source=share&ref=e8f316lf
FXBm,https://made.example.invalid/e02-09/9-559?utm_source=share&ref=0e6k4m37
FXBn,https://made.example.invalid/e02-09/6-560?utm_source=share&ref=slfvmi2b
FXBo,https://made.example.invalid/e02-09/5-561?utm_source=share&ref=u6ml8imb
FXBp,https://made.example.invalid/e02-09/4-562?utm_source=share&ref=ltxxzuz9
FXBq,https://made.example.invalid/e02-09/7-563?utm_source=share&ref=e3ox5w8a
FXBr,https://made.example.invalid/e02-09/9-564?utm_source=share&ref=kzm442q5
FXBs,https://made.example.invalid/e02-09/6-565?utm_source=share&ref=vp352d9l
FXBt,https://made.example.invalid/e02-09/5-566?utm_source=share&ref=llm1alym
FXBu,https://made.example.invalid/e02-09/4-567?utm_source=share&ref=isgn0bac
FXBv,https://made.example.invalid/e02-09/7-568?utm_source=share&ref=8jktts49
FXBw,https://made.example.invalid/e02-09/9-569?utm_source=share&ref=ymssl6q4
FXBx,https://made.example.invalid/e02-09/6-570?utm_source=share&ref=py7om5l0
FXBy,https://made.example.invalid/e02-09/5-571?utm_source=share&ref=e2gf5red
FXBz,https://made.example.invalid/e02-09/4-572?utm_source=share&ref=leu2b95g
FXBA,https://made.example.invalid/e02-09/7-573?utm_source=share&ref=nu7jufwr
FXBB,https://made.example.invalid/e02-09/9-574?utm_source=share&ref=1g538m09
FXBC,https://made.example.invalid/e02-09/6-575?utm_source=share&ref=v8k32egv
FXBD,https://made.example.invalid/e02-09/5-576?utm_source=share&ref=nkptbove
FXBE,https://made.example.invalid/e02-09/4-577?utm_source=share&ref=squoudrk
FXBF,https://made.example.invalid/e02-09/7-578?utm_source=share&ref=9kjbl45z
FXBG,https://made.example.invalid/e02-09/9-579?utm_source=share&ref=q4hgh2oo
FXBH,https://made.example.invalid/e02-09/6-580?utm_source=share&ref=4wv9dtod
FXBI,https://made.example.invalid/e02-09/5-581?utm_source=share&ref=7mhuz78i
FXBJ,https://made.example.invalid/e02-09/4-582?utm_source=share&ref=6cw8jr4p
FXBK,https://made.example.invalid/e02-09/7-583?utm_source=share&ref=zoff959g
FXBL,https://made.example.invalid/e02-09/9-584?utm_source=share&ref=ibu978vv
FXBM,https://made.example.invalid/e02-09/6-585?utm_source=share&ref=sb58tw2i
FXBN,https://made.example.invalid/e02-09/5-586?utm_source=share&ref=qgpy2jr5
FXBO,https://made.example.invalid/e02-09/4-587?utm_source=share&ref=eqwk1y80
FXBP,https://made.example.invalid/e02-09/7-588?utm_source=share&ref=ez1n9qc7
FXBQ,https://made.example.invalid/e02-09/9-589?utm_source=share&ref=awxm089a
FXBR,https://made.example.invalid/e02-09/6-590?utm_source=share&ref=88zdoi1y
FXBS,https://made.example.invalid/e02-09/5-591?utm_source=share&ref=p8eeecdk
FXBT,https://made.example.invalid/e02-09/4-592?utm_source=share&ref=5z1a0o43
FXBU,https://made.example.invalid/e02-09/7-593?utm_source=share&ref=61q8tfhl
FXBV,https://made.example.invalid/e02-09/9-594?utm_source=share&ref=jswfpdg7
FXBW,https://made.example.invalid/e02-09/6-595?utm_source=share&ref=qxg7sy3u
FXBX,https://made.example.invalid/e02-09/5-596?utm_source=share&ref=10cj09vn
FXBY,https://made.example.invalid/e02-09/4-597?utm_source=share&ref=xv2bvyqa
FXBZ,https://made.example.invalid/e02-09/7-598?utm_source=share&ref=dx49kdjf
FXC0,https://made.example.invalid/e02-09/9-599?utm_source=share&ref=v3cf1b74
FXC1,https://made.example.invalid/e02-09/6-600?utm_source=share&ref=hv9534si
FXC2,https://made.example.invalid/e02-09/5-601?utm_source=share&ref=wd5xi3i5
FXC3,https://made.example.invalid/e02-09/4-602?utm_source=share&ref=6niqrwc9
FXC4,https://made.example.invalid/e02-09/7-603?utm_source=share&ref=knfkrgep
FXC5,https://made.example.invalid/e02-09/9-604?utm_source=share&ref=6d2ld7z2
FXC6,https://made.example.invalid/e02-09/6-605?utm_source=share&ref=r3mrw4ir
FXC7,https://made.example.invalid/e02-09/5-606?utm_source=share&ref=zge6ypky
FXC8,https://made.example.invalid/e02-09/4-607?utm_source=share&ref=ugcf2kyi
FXC9,https://made.example.invalid/e02-09/7-608?utm_source=share&ref=r0n4h4ms
FXCa,https://made.example.invalid/e02-09/9-609?utm_source=share&ref=sjnls26c
FXCb,https://made.example.invalid/e02-09/6-610?utm_source=share&ref=jcwy3gn7
FXCc,https://made.example.invalid/e02-09/5-611?utm_source=share&ref=n5pkynrv
FXCd,https://made.example.invalid/e02-09/4-612?utm_source=share&ref=ujtwvhvw
FXCe,https://made.example.invalid/e02-09/7-613?utm_source=share&ref=a6ixb3z4
FXCf,https://made.example.invalid/e02-09/9-614?utm_source=share&ref=apxfwkpy
FXCg,https://made.example.invalid/e02-09/6-615?utm_source=share&ref=aky2llry
FXCh,https://made.example.invalid/e02-09/5-616?utm_source=share&ref=trux5c0h
FXCi,https://made.example.invalid/e02-09/4-617?utm_source=share&ref=ej6adfp4
FXCj,https://made.example.invalid/e02-09/7-618?utm_source=share&ref=543147un
FXCk,https://made.example.invalid/e02-09/9-619?utm_source=share&ref=psewose7
FXCl,https://made.example.invalid/e02-09/6-620?utm_source=share&ref=98mgimu0
FXCm,https://made.example.invalid/e02-09/5-621?utm_source=share&ref=82h8s6b8
FXCn,https://made.example.invalid/e02-09/4-622?utm_source=share&ref=p4qu6en9
FXCo,https://made.example.invalid/e02-09/7-623?utm_source=share&ref=sp5w5y3z
FXCp,https://made.example.invalid/e02-09/9-624?utm_source=share&ref=7pg6lo7j
FXCq,https://made.example.invalid/e02-09/6-625?utm_source=share&ref=hdpduuvz
FXCr,https://made.example.invalid/e02-09/5-626?utm_source=share&ref=q3zdxhia
FXCs,https://made.example.invalid/e02-09/4-627?utm_source=share&ref=owg0xthm
FXCt,https://made.example.invalid/e02-09/7-628?utm_source=share&ref=tr1hebz5
FXCu,https://made.example.invalid/e02-09/9-629?utm_source=share&ref=lr69deio
FXCv,https://made.example.invalid/e02-09/6-630?utm_source=share&ref=mi46ymid
FXCw,https://made.example.invalid/e02-09/5-631?utm_source=share&ref=ob1xpmz7
FXCx,https://made.example.invalid/e02-09/4-632?utm_source=share&ref=lniz2vy8
FXCy,https://made.example.invalid/e02-09/7-633?utm_source=share&ref=mcssggb4
FXCz,https://made.example.invalid/e02-09/9-634?utm_source=share&ref=i1zeg1ve
FXCA,https://made.example.invalid/e02-09/6-635?utm_source=share&ref=hvaideyq
FXCB,https://made.example.invalid/e02-09/5-636?utm_source=share&ref=8k1pioua
FXCC,https://made.example.invalid/e02-09/4-637?utm_source=share&ref=ka4xoezj
FXCD,https://made.example.invalid/e02-09/7-638?utm_source=share&ref=y9a3jpd8
FXCE,https://made.example.invalid/e02-09/9-639?utm_source=share&ref=0kyqkuey
FXCF,https://made.example.invalid/e02-09/6-640?utm_source=share&ref=sddx02jp
FXCG,https://made.example.invalid/e02-09/5-641?utm_source=share&ref=85rtfkyr
FXCH,https://made.example.invalid/e02-09/4-642?utm_source=share&ref=3lbw422w
FXCI,https://made.example.invalid/e02-09/7-643?utm_source=share&ref=1tdtdh0h
FXCJ,https://made.example.invalid/e02-09/9-644?utm_source=share&ref=g2q7bbep
FXCK,https://made.example.invalid/e02-09/6-645?utm_source=share&ref=qtud451g
FXCL,https://made.example.invalid/e02-09/5-646?utm_source=share&ref=rbbgr8om
FXCM,https://made.example.invalid/e02-09/4-647?utm_source=share&ref=gxz5jy9f
FXCN,https://made.example.invalid/e02-09/7-648?utm_source=share&ref=cprxkpgu
FXCO,https://made.example.invalid/e02-09/9-649?utm_source=share&ref=0qr7u897
FXCP,https://made.example.invalid/e02-09/6-650?utm_source=share&ref=q1nbek9z
FXCQ,https://made.example.invalid/e02-09/5-651?utm_source=share&ref=nati0auc
FXCR,https://made.example.invalid/e02-09/4-652?utm_source=share&ref=m6529xna
FXCS,https://made.example.invalid/e02-09/7-653?utm_source=share&ref=xy4ocn6g
FXCT,https://made.example.invalid/e02-09/9-654?utm_source=share&ref=tvl2fwgv
FXCU,https://made.example.invalid/e02-09/6-655?utm_source=share&ref=i7zbj458
FXCV,https://made.example.invalid/e02-09/5-656?utm_source=share&ref=ahn5saul
FXCW,https://made.example.invalid/e02-09/4-657?utm_source=share&ref=qmu2vifa
FXCX,https://made.example.invalid/e02-09/7-658?utm_source=share&ref=h75f4bge
FXCY,https://made.example.invalid/e02-09/9-659?utm_source=share&ref=7h36q2br
FXCZ,https://made.example.invalid/e02-09/6-660?utm_source=share&ref=3f89io2s
FXD0,https://made.example.invalid/e02-09/5-661?utm_source=share&ref=edm65o2o
FXD1,https://made.example.invalid/e02-09/4-662?utm_source=share&ref=ls3ahylb
FXD2,https://made.example.invalid/e02-09/7-663?utm_source=share&ref=fz01j1im
FXD3,https://made.example.invalid/e02-09/9-664?utm_source=share&ref=is5flter
FXD4,https://made.example.invalid/e02-09/6-665?utm_source=share&ref=f8tqa7i4
FXD5,https://made.example.invalid/e02-09/5-666?utm_source=share&ref=pczc6lat
FXD6,https://made.example.invalid/e02-09/4-667?utm_source=share&ref=zmqjdhz1
FXD7,https://made.example.invalid/e02-09/7-668?utm_source=share&ref=tem44nev
FXD8,https://made.example.invalid/e02-09/9-669?utm_source=share&ref=jirxm1ts
FXD9,https://made.example.invalid/e02-09/6-670?utm_source=share&ref=fuaun4jw
FXDa,https://made.example.invalid/e02-09/5-671?utm_source=share&ref=xf46on1h
FXDb,https://made.example.invalid/e02-09/4-672?utm_source=share&ref=l8ofgi8r
FXDc,https://made.example.invalid/e02-09/7-673?utm_source=share&ref=5va1n21e
FXDd,https://made.example.invalid/e02-09/9-674?utm_source=share&ref=99etgdbh
FXDe,https://made.example.invalid/e02-09/6-675?utm_source=share&ref=ze7v02dv
FXDf,https://made.example.invalid/e02-09/5-676?utm_source=share&ref=vj722few
FXDg,https://made.example.invalid/e02-09/4-677?utm_source=share&ref=7rjhukv2
FXDh,https://made.example.invalid/e02-09/7-678?utm_source=share&ref=20pmce0e
FXDi,https://made.example.invalid/e02-09/9-679?utm_source=share&ref=7ab3h0q9
FXDj,https://made.example.invalid/e02-09/6-680?utm_source=share&ref=6shddk4j
FXDk,https://made.example.invalid/e02-09/5-681?utm_source=share&ref=8kxk0erp
FXDl,https://made.example.invalid/e02-09/4-682?utm_source=share&ref=eg5uh56f
FXDm,https://made.example.invalid/e02-09/7-683?utm_source=share&ref=n5c4mxyj
FXDn,https://made.example.invalid/e02-09/9-684?utm_source=share&ref=n8qw8k3u
FXDo,https://made.example.invalid/e02-09/6-685?utm_source=share&ref=fkpr76fa
FXDp,https://made.example.invalid/e02-09/5-686?utm_source=share&ref=7h4gsy49
FXDq,https://made.example.invalid/e02-09/4-687?utm_source=share&ref=mwo5hxe0
FXDr,https://made.example.invalid/e02-09/7-688?utm_source=share&ref=9xkfd8s1
FXDs,https://made.example.invalid/e02-09/9-689?utm_source=share&ref=pms9yvar
FXDt,https://made.example.invalid/e02-09/6-690?utm_source=share&ref=gikahl0l
FXDu,https://made.example.invalid/e02-09/5-691?utm_source=share&ref=uvgznbjl
FXDv,https://made.example.invalid/e02-09/4-692?utm_source=share&ref=lmcb9mxe
FXDw,https://made.example.invalid/e02-09/7-693?utm_source=share&ref=bz12qmz1
FXDx,https://made.example.invalid/e02-09/9-694?utm_source=share&ref=4o1d6dbi
FXDy,https://made.example.invalid/e02-09/6-695?utm_source=share&ref=r5eyg4i3
FXDz,https://made.example.invalid/e02-09/5-696?utm_source=share&ref=wmjcobxg
FXDA,https://made.example.invalid/e02-09/4-697?utm_source=share&ref=urmy6gjn
FXDB,https://made.example.invalid/e02-09/7-698?utm_source=share&ref=0t37gpf0
FXDC,https://made.example.invalid/e02-09/9-699?utm_source=share&ref=koorji1x
FXDD,https://made.example.invalid/e02-09/6-700?utm_source=share&ref=m52f966s
FXDE,https://made.example.invalid/e02-09/5-701?utm_source=share&ref=h2v5drgx
FXDF,https://made.example.invalid/e02-09/4-702?utm_source=share&ref=9xsi5btb
FXDG,https://made.example.invalid/e02-09/7-703?utm_source=share&ref=r9v6q11t
FXDH,https://made.example.invalid/e02-09/9-704?utm_source=share&ref=e2t84ueb
FXDI,https://made.example.invalid/e02-09/6-705?utm_source=share&ref=waivo65w
FXDJ,https://made.example.invalid/e02-09/5-706?utm_source=share&ref=5c8oedik
FXDK,https://made.example.invalid/e02-09/4-707?utm_source=share&ref=8reqlbp5
FXDL,https://made.example.invalid/e02-09/7-708?utm_source=share&ref=e5ql4911
FXDM,https://made.example.invalid/e02-09/9-709?utm_source=share&ref=xbaawcnf
FXDN,https://made.example.invalid/e02-09/6-710?utm_source=share&ref=l7hvadeg
FXDO,https://made.example.invalid/e02-09/5-711?utm_source=share&ref=tet407x8
FXDP,https://made.example.invalid/e02-09/4-712?utm_source=share&ref=0ntgrc94
FXDQ,https://made.example.invalid/e02-09/7-713?utm_source=share&ref=meadeo78
FXDR,https://made.example.invalid/e02-09/9-714?utm_source=share&ref=0xflinnp
FXDS,https://made.example.invalid/e02-09/6-715?utm_source=share&ref=il3w11ij
FXDT,https://made.example.invalid/e02-09/5-716?utm_source=share&ref=idqugfkw
FXDU,https://made.example.invalid/e02-09/4-717?utm_source=share&ref=4v2801uq
FXDV,https://made.example.invalid/e02-09/7-718?utm_source=share&ref=kxox74g4
FXDW,https://made.example.invalid/e02-09/9-719?utm_source=share&ref=kxtax7sf
FXDX,https://made.example.invalid/e02-09/6-720?utm_source=share&ref=ffxsfgkb
CSxv,https://news.example.invalid/articles/2026/10/story-9266117?utm_source=share&utm_medium=link&ref=sfp-seed
5qrH,https://news.example.invalid/articles/2026/10/story-1293301?utm_source=share&utm_medium=link&ref=sfp-seed
wy67,https://news.example.invalid/articles/2026/10/story-7757571?utm_source=share&utm_medium=link&ref=sfp-seed
fegq,https://news.example.invalid/articles/2026/10/story-3629754?utm_source=share&utm_medium=link&ref=sfp-seed
7Ed9,https://news.example.invalid/articles/2026/10/story-1822871?utm_source=share&utm_medium=link&ref=sfp-seed
p8M3,https://news.example.invalid/articles/2026/10/story-5991931?utm_source=share&utm_medium=link&ref=sfp-seed
c39m,https://news.example.invalid/articles/2026/10/story-2872048?utm_source=share&utm_medium=link&ref=sfp-seed
pre,https://news.example.invalid/articles/2026/10/story-97788?utm_source=share&utm_medium=link&ref=sfp-seed
zEry,https://news.example.invalid/articles/2026/10/story-8496948?utm_source=share&utm_medium=link&ref=sfp-seed
Foai,https://news.example.invalid/articles/2026/10/story-9864342?utm_source=share&utm_medium=link&ref=sfp-seed
uycC,https://news.example.invalid/articles/2026/10/story-7281318?utm_source=share&utm_medium=link&ref=sfp-seed
3HR,https://news.example.invalid/articles/2026/10/story-14251?utm_source=share&utm_medium=link&ref=sfp-seed
cqee,https://news.example.invalid/articles/2026/10/story-2960762?utm_source=share&utm_medium=link&ref=sfp-seed
eRQP,https://news.example.invalid/articles/2026/10/story-3543599?utm_source=share&utm_medium=link&ref=sfp-seed
6bTK,https://news.example.invalid/articles/2026/10/story-1475708?utm_source=share&utm_medium=link&ref=sfp-seed
5Mqq,https://news.example.invalid/articles/2026/10/story-1377790?utm_source=share&utm_medium=link&ref=sfp-seed
fiGK,https://news.example.invalid/articles/2026/10/story-3646762?utm_source=share&utm_medium=link&ref=sfp-seed
pqYB,https://news.example.invalid/articles/2026/10/story-6061901?utm_source=share&utm_medium=link&ref=sfp-seed
j7RU,https://news.example.invalid/articles/2026/10/story-4558482?utm_source=share&utm_medium=link&ref=sfp-seed
bG3F,https://news.example.invalid/articles/2026/10/story-2783283?utm_source=share&utm_medium=link&ref=sfp-seed
nkgH,https://news.example.invalid/articles/2026/10/story-5559459?utm_source=share&utm_medium=link&ref=sfp-seed
vk4d,https://news.example.invalid/articles/2026/10/story-7465309?utm_source=share&utm_medium=link&ref=sfp-seed
hs2i,https://news.example.invalid/articles/2026/10/story-4159350?utm_source=share&utm_medium=link&ref=sfp-seed
fJ8k,https://news.example.invalid/articles/2026/10/story-3748416?utm_source=share&utm_medium=link&ref=sfp-seed
5bD6,https://news.example.invalid/articles/2026/10/story-1236348?utm_source=share&utm_medium=link&ref=sfp-seed
2ZCq,https://news.example.invalid/articles/2026/10/story-713522?utm_source=share&utm_medium=link&ref=sfp-seed
Bx47,https://news.example.invalid/articles/2026/10/story-8945243?utm_source=share&utm_medium=link&ref=sfp-seed
8Fb0,https://news.example.invalid/articles/2026/10/story-2064910?utm_source=share&utm_medium=link&ref=sfp-seed
B8ef,https://news.example.invalid/articles/2026/10/story-8849771?utm_source=share&utm_medium=link&ref=sfp-seed
AKAv,https://news.example.invalid/articles/2026/10/story-8758895?utm_source=share&utm_medium=link&ref=sfp-seed
hNP,https://news.example.invalid/articles/2026/10/story-68437?utm_source=share&utm_medium=link&ref=sfp-seed
nFrE,https://news.example.invalid/articles/2026/10/story-5640862?utm_source=share&utm_medium=link&ref=sfp-seed
iutD,https://news.example.invalid/articles/2026/10/story-4407061?utm_source=share&utm_medium=link&ref=sfp-seed
zswa,https://news.example.invalid/articles/2026/10/story-8451106?utm_source=share&utm_medium=link&ref=sfp-seed
pTWQ,https://news.example.invalid/articles/2026/10/story-6173268?utm_source=share&utm_medium=link&ref=sfp-seed
FCxX,https://news.example.invalid/articles/2026/10/story-9919625?utm_source=share&utm_medium=link&ref=sfp-seed
9pkQ,https://news.example.invalid/articles/2026/10/story-2242344?utm_source=share&utm_medium=link&ref=sfp-seed
7QvB,https://news.example.invalid/articles/2026/10/story-1870143?utm_source=share&utm_medium=link&ref=sfp-seed
DzVk,https://news.example.invalid/articles/2026/10/story-9432886?utm_source=share&utm_medium=link&ref=sfp-seed
3kSk,https://news.example.invalid/articles/2026/10/story-795232?utm_source=share&utm_medium=link&ref=sfp-seed
DFLP,https://news.example.invalid/articles/2026/10/story-9455361?utm_source=share&utm_medium=link&ref=sfp-seed
fRcv,https://news.example.invalid/articles/2026/10/story-3779427?utm_source=share&utm_medium=link&ref=sfp-seed
1dtI,https://news.example.invalid/articles/2026/10/story-290142?utm_source=share&utm_medium=link&ref=sfp-seed
c4ci,https://news.example.invalid/articles/2026/10/story-2876074?utm_source=share&utm_medium=link&ref=sfp-seed
kJYt,https://news.example.invalid/articles/2026/10/story-4943289?utm_source=share&utm_medium=link&ref=sfp-seed
wjCA,https://news.example.invalid/articles/2026/10/story-7701924?utm_source=share&utm_medium=link&ref=sfp-seed
g9w2,https://news.example.invalid/articles/2026/10/story-3849830?utm_source=share&utm_medium=link&ref=sfp-seed
FjzB,https://news.example.invalid/articles/2026/10/story-9846691?utm_source=share&utm_medium=link&ref=sfp-seed
FJx,https://news.example.invalid/articles/2026/10/story-160427?utm_source=share&utm_medium=link&ref=sfp-seed
3LTn,https://news.example.invalid/articles/2026/10/story-899085?utm_source=share&utm_medium=link&ref=sfp-seed
AprW,https://news.example.invalid/articles/2026/10/story-8677640?utm_source=share&utm_medium=link&ref=sfp-seed
EcjW,https://news.example.invalid/articles/2026/10/story-9580484?utm_source=share&utm_medium=link&ref=sfp-seed
5tGF,https://news.example.invalid/articles/2026/10/story-1305761?utm_source=share&utm_medium=link&ref=sfp-seed
3LkW,https://news.example.invalid/articles/2026/10/story-896950?utm_source=share&utm_medium=link&ref=sfp-seed
3eqY,https://news.example.invalid/articles/2026/10/story-770472?utm_source=share&utm_medium=link&ref=sfp-seed
d8AX,https://news.example.invalid/articles/2026/10/story-3131307?utm_source=share&utm_medium=link&ref=sfp-seed
sAlU,https://news.example.invalid/articles/2026/10/story-6812926?utm_source=share&utm_medium=link&ref=sfp-seed
F7Xb,https://news.example.invalid/articles/2026/10/story-9802025?utm_source=share&utm_medium=link&ref=sfp-seed
DMwr,https://news.example.invalid/articles/2026/10/story-9481315?utm_source=share&utm_medium=link&ref=sfp-seed
icA7,https://news.example.invalid/articles/2026/10/story-4338271?utm_source=share&utm_medium=link&ref=sfp-seed
jgw0,https://news.example.invalid/articles/2026/10/story-4591720?utm_source=share&utm_medium=link&ref=sfp-seed
brvf,https://news.example.invalid/articles/2026/10/story-2727333?utm_source=share&utm_medium=link&ref=sfp-seed
1nhH,https://news.example.invalid/articles/2026/10/story-327837?utm_source=share&utm_medium=link&ref=sfp-seed
aHMW,https://news.example.invalid/articles/2026/10/story-2551606?utm_source=share&utm_medium=link&ref=sfp-seed
352D,https://news.example.invalid/articles/2026/10/story-734367?utm_source=share&utm_medium=link&ref=sfp-seed
srsa,https://news.example.invalid/articles/2026/10/story-6778718?utm_source=share&utm_medium=link&ref=sfp-seed
tf2O,https://news.example.invalid/articles/2026/10/story-6969346?utm_source=share&utm_medium=link&ref=sfp-seed
hrcB,https://news.example.invalid/articles/2026/10/story-4156145?utm_source=share&utm_medium=link&ref=sfp-seed
okh1,https://news.example.invalid/articles/2026/10/story-5797807?utm_source=share&utm_medium=link&ref=sfp-seed
noTj,https://news.example.invalid/articles/2026/10/story-5577229?utm_source=share&utm_medium=link&ref=sfp-seed
cpQD,https://news.example.invalid/articles/2026/10/story-2959299?utm_source=share&utm_medium=link&ref=sfp-seed
8TBZ,https://news.example.invalid/articles/2026/10/story-2120399?utm_source=share&utm_medium=link&ref=sfp-seed
tbMd,https://news.example.invalid/articles/2026/10/story-6956785?utm_source=share&utm_medium=link&ref=sfp-seed
xXBo,https://news.example.invalid/articles/2026/10/story-8093938?utm_source=share&utm_medium=link&ref=sfp-seed
aBZT,https://news.example.invalid/articles/2026/10/story-2529345?utm_source=share&utm_medium=link&ref=sfp-seed
joi0,https://news.example.invalid/articles/2026/10/story-4621604?utm_source=share&utm_medium=link&ref=sfp-seed
dg1y,https://news.example.invalid/articles/2026/10/story-3159864?utm_source=share&utm_medium=link&ref=sfp-seed
EDZJ,https://news.example.invalid/articles/2026/10/story-9686863?utm_source=share&utm_medium=link&ref=sfp-seed
uWGQ,https://news.example.invalid/articles/2026/10/story-7375448?utm_source=share&utm_medium=link&ref=sfp-seed
bNl,https://news.example.invalid/articles/2026/10/story-45343?utm_source=share&utm_medium=link&ref=sfp-seed
6blI,https://news.example.invalid/articles/2026/10/story-1473598?utm_source=share&utm_medium=link&ref=sfp-seed
j43L,https://news.example.invalid/articles/2026/10/story-4543841?utm_source=share&utm_medium=link&ref=sfp-seed
DhAK,https://news.example.invalid/articles/2026/10/story-9362418?utm_source=share&utm_medium=link&ref=sfp-seed
mkv6,https://news.example.invalid/articles/2026/10/story-5322024?utm_source=share&utm_medium=link&ref=sfp-seed
pOs0,https://news.example.invalid/articles/2026/10/story-6152136?utm_source=share&utm_medium=link&ref=sfp-seed
t75w,https://news.example.invalid/articles/2026/10/story-6938762?utm_source=share&utm_medium=link&ref=sfp-seed
yIsj,https://news.example.invalid/articles/2026/10/story-8274043?utm_source=share&utm_medium=link&ref=sfp-seed
jQTV,https://news.example.invalid/articles/2026/10/story-4731587?utm_source=share&utm_medium=link&ref=sfp-seed
quPS,https://news.example.invalid/articles/2026/10/story-6315064?utm_source=share&utm_medium=link&ref=sfp-seed
qTsZ,https://news.example.invalid/articles/2026/10/story-6409745?utm_source=share&utm_medium=link&ref=sfp-seed
jUDv,https://news.example.invalid/articles/2026/10/story-4745945?utm_source=share&utm_medium=link&ref=sfp-seed
rMYt,https://news.example.invalid/articles/2026/10/story-6623117?utm_source=share&utm_medium=link&ref=sfp-seed
x5qs,https://news.example.invalid/articles/2026/10/story-7885684?utm_source=share&utm_medium=link&ref=sfp-seed
C3Ki,https://news.example.invalid/articles/2026/10/story-9070866?utm_source=share&utm_medium=link&ref=sfp-seed
sUKW,https://news.example.invalid/articles/2026/10/story-6891358?utm_source=share&utm_medium=link&ref=sfp-seed
zWvD,https://news.example.invalid/articles/2026/10/story-8566393?utm_source=share&utm_medium=link&ref=sfp-seed
sV6,https://news.example.invalid/articles/2026/10/story-111172?utm_source=share&utm_medium=link&ref=sfp-seed
qjB5,https://news.example.invalid/articles/2026/10/story-6271863?utm_source=share&utm_medium=link&ref=sfp-seed
buej,https://news.example.invalid/articles/2026/10/story-2737815?utm_source=share&utm_medium=link&ref=sfp-seed
9aXp,https://news.example.invalid/articles/2026/10/story-2187075?utm_source=share&utm_medium=link&ref=sfp-seed
uOfk,https://news.example.invalid/articles/2026/10/story-7342990?utm_source=share&utm_medium=link&ref=sfp-seed
uVvi,https://news.example.invalid/articles/2026/10/story-7370888?utm_source=share&utm_medium=link&ref=sfp-seed
ATaO,https://news.example.invalid/articles/2026/10/story-8791898?utm_source=share&utm_medium=link&ref=sfp-seed
qFEP,https://news.example.invalid/articles/2026/10/story-6356663?utm_source=share&utm_medium=link&ref=sfp-seed
qra0,https://news.example.invalid/articles/2026/10/story-6300936?utm_source=share&utm_medium=link&ref=sfp-seed
cdry,https://news.example.invalid/articles/2026/10/story-2911616?utm_source=share&utm_medium=link&ref=sfp-seed
ETxR,https://news.example.invalid/articles/2026/10/story-9746639?utm_source=share&utm_medium=link&ref=sfp-seed
cAQV,https://news.example.invalid/articles/2026/10/story-3001601?utm_source=share&utm_medium=link&ref=sfp-seed
Cz8t,https://news.example.invalid/articles/2026/10/story-9191529?utm_source=share&utm_medium=link&ref=sfp-seed
b1QL,https://news.example.invalid/articles/2026/10/story-2628723?utm_source=share&utm_medium=link&ref=sfp-seed
Fe0Z,https://news.example.invalid/articles/2026/10/story-9825325?utm_source=share&utm_medium=link&ref=sfp-seed
dets,https://news.example.invalid/articles/2026/10/story-3153906?utm_source=share&utm_medium=link&ref=sfp-seed
geOp,https://news.example.invalid/articles/2026/10/story-3870189?utm_source=share&utm_medium=link&ref=sfp-seed
hqfC,https://news.example.invalid/articles/2026/10/story-4152488?utm_source=share&utm_medium=link&ref=sfp-seed
vIsX,https://news.example.invalid/articles/2026/10/story-7559099?utm_source=share&utm_medium=link&ref=sfp-seed
4BEb,https://news.example.invalid/articles/2026/10/story-1098031?utm_source=share&utm_medium=link&ref=sfp-seed
2vJJ,https://news.example.invalid/articles/2026/10/story-598655?utm_source=share&utm_medium=link&ref=sfp-seed
35cl,https://news.example.invalid/articles/2026/10/story-734969?utm_source=share&utm_medium=link&ref=sfp-seed
sLxt,https://news.example.invalid/articles/2026/10/story-6855927?utm_source=share&utm_medium=link&ref=sfp-seed
tPwr,https://news.example.invalid/articles/2026/10/story-7109567?utm_source=share&utm_medium=link&ref=sfp-seed
ytKo,https://news.example.invalid/articles/2026/10/story-8217504?utm_source=share&utm_medium=link&ref=sfp-seed
rFKq,https://news.example.invalid/articles/2026/10/story-6595338?utm_source=share&utm_medium=link&ref=sfp-seed
Er2y,https://news.example.invalid/articles/2026/10/story-9637066?utm_source=share&utm_medium=link&ref=sfp-seed
mEX4,https://news.example.invalid/articles/2026/10/story-5400638?utm_source=share&utm_medium=link&ref=sfp-seed
Bugg,https://news.example.invalid/articles/2026/10/story-8934464?utm_source=share&utm_medium=link&ref=sfp-seed
rpOK,https://news.example.invalid/articles/2026/10/story-6534102?utm_source=share&utm_medium=link&ref=sfp-seed
qdNV,https://news.example.invalid/articles/2026/10/story-6249595?utm_source=share&utm_medium=link&ref=sfp-seed
7UV5,https://news.example.invalid/articles/2026/10/story-1887099?utm_source=share&utm_medium=link&ref=sfp-seed
lMB7,https://news.example.invalid/articles/2026/10/story-5191701?utm_source=share&utm_medium=link&ref=sfp-seed
bGzv,https://news.example.invalid/articles/2026/10/story-2785257?utm_source=share&utm_medium=link&ref=sfp-seed
cRPV,https://news.example.invalid/articles/2026/10/story-3066887?utm_source=share&utm_medium=link&ref=sfp-seed
coct,https://news.example.invalid/articles/2026/10/story-2952965?utm_source=share&utm_medium=link&ref=sfp-seed
x6DV,https://news.example.invalid/articles/2026/10/story-7890363?utm_source=share&utm_medium=link&ref=sfp-seed
5Qp3,https://news.example.invalid/articles/2026/10/story-1393081?utm_source=share&utm_medium=link&ref=sfp-seed
xVkW,https://news.example.invalid/articles/2026/10/story-8085230?utm_source=share&utm_medium=link&ref=sfp-seed
nIvK,https://news.example.invalid/articles/2026/10/story-5652648?utm_source=share&utm_medium=link&ref=sfp-seed
zl67,https://news.example.invalid/articles/2026/10/story-8422583?utm_source=share&utm_medium=link&ref=sfp-seed
dWXI,https://news.example.invalid/articles/2026/10/story-3324918?utm_source=share&utm_medium=link&ref=sfp-seed
g6fu,https://news.example.invalid/articles/2026/10/story-3837272?utm_source=share&utm_medium=link&ref=sfp-seed
3vyG,https://news.example.invalid/articles/2026/10/story-836298?utm_source=share&utm_medium=link&ref=sfp-seed
rcm5,https://news.example.invalid/articles/2026/10/story-6482353?utm_source=share&utm_medium=link&ref=sfp-seed
CSFq,https://news.example.invalid/articles/2026/10/story-9266608?utm_source=share&utm_medium=link&ref=sfp-seed
l3R5,https://news.example.invalid/articles/2026/10/story-5019711?utm_source=share&utm_medium=link&ref=sfp-seed
fnj0,https://news.example.invalid/articles/2026/10/story-3664510?utm_source=share&utm_medium=link&ref=sfp-seed
gLYk,https://news.example.invalid/articles/2026/10/story-3997656?utm_source=share&utm_medium=link&ref=sfp-seed
i32R,https://news.example.invalid/articles/2026/10/story-4301613?utm_source=share&utm_medium=link&ref=sfp-seed
csaz,https://news.example.invalid/articles/2026/10/story-2968223?utm_source=share&utm_medium=link&ref=sfp-seed
m5hM,https://news.example.invalid/articles/2026/10/story-5263538?utm_source=share&utm_medium=link&ref=sfp-seed
AAu3,https://news.example.invalid/articles/2026/10/story-8720055?utm_source=share&utm_medium=link&ref=sfp-seed
4db0,https://news.example.invalid/articles/2026/10/story-1003966?utm_source=share&utm_medium=link&ref=sfp-seed
uqfX,https://news.example.invalid/articles/2026/10/story-7250773?utm_source=share&utm_medium=link&ref=sfp-seed
zBP4,https://news.example.invalid/articles/2026/10/story-8486874?utm_source=share&utm_medium=link&ref=sfp-seed
919J,https://news.example.invalid/articles/2026/10/story-2149399?utm_source=share&utm_medium=link&ref=sfp-seed
EgcN,https://news.example.invalid/articles/2026/10/story-9595417?utm_source=share&utm_medium=link&ref=sfp-seed
2huq,https://news.example.invalid/articles/2026/10/story-543890?utm_source=share&utm_medium=link&ref=sfp-seed
pIiY,https://news.example.invalid/articles/2026/10/story-6128512?utm_source=share&utm_medium=link&ref=sfp-seed
2W1P,https://news.example.invalid/articles/2026/10/story-699721?utm_source=share&utm_medium=link&ref=sfp-seed
ACgO,https://news.example.invalid/articles/2026/10/story-8726922?utm_source=share&utm_medium=link&ref=sfp-seed
hypE,https://news.example.invalid/articles/2026/10/story-4183862?utm_source=share&utm_medium=link&ref=sfp-seed
bxA3,https://news.example.invalid/articles/2026/10/story-2750695?utm_source=share&utm_medium=link&ref=sfp-seed
7Cd,https://news.example.invalid/articles/2026/10/story-29277?utm_source=share&utm_medium=link&ref=sfp-seed
dIEe,https://news.example.invalid/articles/2026/10/story-3269894?utm_source=share&utm_medium=link&ref=sfp-seed
vzHI,https://news.example.invalid/articles/2026/10/story-7525418?utm_source=share&utm_medium=link&ref=sfp-seed
gGgK,https://news.example.invalid/articles/2026/10/story-3975734?utm_source=share&utm_medium=link&ref=sfp-seed
CPyC,https://news.example.invalid/articles/2026/10/story-9254654?utm_source=share&utm_medium=link&ref=sfp-seed
1oXa,https://news.example.invalid/articles/2026/10/story-334252?utm_source=share&utm_medium=link&ref=sfp-seed
AT7y,https://news.example.invalid/articles/2026/10/story-8791696?utm_source=share&utm_medium=link&ref=sfp-seed
cK9o,https://news.example.invalid/articles/2026/10/story-3037342?utm_source=share&utm_medium=link&ref=sfp-seed
wDGb,https://news.example.invalid/articles/2026/10/story-7779027?utm_source=share&utm_medium=link&ref=sfp-seed
vumD,https://news.example.invalid/articles/2026/10/story-7504891?utm_source=share&utm_medium=link&ref=sfp-seed
B7vQ,https://news.example.invalid/articles/2026/10/story-8847018?utm_source=share&utm_medium=link&ref=sfp-seed
llwm,https://news.example.invalid/articles/2026/10/story-5087618?utm_source=share&utm_medium=link&ref=sfp-seed
BiWg,https://news.example.invalid/articles/2026/10/story-8890940?utm_source=share&utm_medium=link&ref=sfp-seed
cDGH,https://news.example.invalid/articles/2026/10/story-3012499?utm_source=share&utm_medium=link&ref=sfp-seed
oiHx,https://news.example.invalid/articles/2026/10/story-5791763?utm_source=share&utm_medium=link&ref=sfp-seed
3kws,https://news.example.invalid/articles/2026/10/story-793876?utm_source=share&utm_medium=link&ref=sfp-seed
9w6T,https://news.example.invalid/articles/2026/10/story-2268387?utm_source=share&utm_medium=link&ref=sfp-seed
ojxv,https://news.example.invalid/articles/2026/10/story-5794985?utm_source=share&utm_medium=link&ref=sfp-seed
6Ewi,https://news.example.invalid/articles/2026/10/story-1585730?utm_source=share&utm_medium=link&ref=sfp-seed
hdhO,https://news.example.invalid/articles/2026/10/story-4102652?utm_source=share&utm_medium=link&ref=sfp-seed
BNuO,https://news.example.invalid/articles/2026/10/story-9008402?utm_source=share&utm_medium=link&ref=sfp-seed
8Nw6,https://news.example.invalid/articles/2026/10/story-2096970?utm_source=share&utm_medium=link&ref=sfp-seed
bnO5,https://news.example.invalid/articles/2026/10/story-2713125?utm_source=share&utm_medium=link&ref=sfp-seed
9651,https://news.example.invalid/articles/2026/10/story-2168327?utm_source=share&utm_medium=link&ref=sfp-seed
2X0w,https://news.example.invalid/articles/2026/10/story-703484?utm_source=share&utm_medium=link&ref=sfp-seed
x4T7,https://news.example.invalid/articles/2026/10/story-7883617?utm_source=share&utm_medium=link&ref=sfp-seed
g0eo,https://news.example.invalid/articles/2026/10/story-3814140?utm_source=share&utm_medium=link&ref=sfp-seed
2wmn,https://news.example.invalid/articles/2026/10/story-601051?utm_source=share&utm_medium=link&ref=sfp-seed
4ffi,https://news.example.invalid/articles/2026/10/story-1011920?utm_source=share&utm_medium=link&ref=sfp-seed
upMC,https://news.example.invalid/articles/2026/10/story-7248954?utm_source=share&utm_medium=link&ref=sfp-seed
8xtc,https://news.example.invalid/articles/2026/10/story-2035286?utm_source=share&utm_medium=link&ref=sfp-seed
nexR,https://news.example.invalid/articles/2026/10/story-5537459?utm_source=share&utm_medium=link&ref=sfp-seed
8fXK,https://news.example.invalid/articles/2026/10/story-1967988?utm_source=share&utm_medium=link&ref=sfp-seed
5yFb,https://news.example.invalid/articles/2026/10/story-1324889?utm_source=share&utm_medium=link&ref=sfp-seed
6BVm,https://news.example.invalid/articles/2026/10/story-1575752?utm_source=share&utm_medium=link&ref=sfp-seed
ozJN,https://news.example.invalid/articles/2026/10/story-5857251?utm_source=share&utm_medium=link&ref=sfp-seed
x3YY,https://news.example.invalid/articles/2026/10/story-7880136?utm_source=share&utm_medium=link&ref=sfp-seed
6TZr,https://news.example.invalid/articles/2026/10/story-1645197?utm_source=share&utm_medium=link&ref=sfp-seed
ydIj,https://news.example.invalid/articles/2026/10/story-8155871?utm_source=share&utm_medium=link&ref=sfp-seed
Cxfg,https://news.example.invalid/articles/2026/10/story-9184262?utm_source=share&utm_medium=link&ref=sfp-seed
FPp0,https://news.example.invalid/articles/2026/10/story-9969042?utm_source=share&utm_medium=link&ref=sfp-seed
qZ4C,https://news.example.invalid/articles/2026/10/story-6431298?utm_source=share&utm_medium=link&ref=sfp-seed
EFFs,https://news.example.invalid/articles/2026/10/story-9693294?utm_source=share&utm_medium=link&ref=sfp-seed
aZ7i,https://news.example.invalid/articles/2026/10/story-2618216?utm_source=share&utm_medium=link&ref=sfp-seed
8IOQ,https://news.example.invalid/articles/2026/10/story-2078912?utm_source=share&utm_medium=link&ref=sfp-seed
a2c2,https://news.example.invalid/articles/2026/10/story-2391714?utm_source=share&utm_medium=link&ref=sfp-seed
sjJd,https://news.example.invalid/articles/2026/10/story-6749023?utm_source=share&utm_medium=link&ref=sfp-seed
620C,https://news.example.invalid/articles/2026/10/story-1437694?utm_source=share&utm_medium=link&ref=sfp-seed
1giw,https://news.example.invalid/articles/2026/10/story-300980?utm_source=share&utm_medium=link&ref=sfp-seed
rnYW,https://news.example.invalid/articles/2026/10/story-6527046?utm_source=share&utm_medium=link&ref=sfp-seed
xpj2,https://news.example.invalid/articles/2026/10/story-7962104?utm_source=share&utm_medium=link&ref=sfp-seed
a0iL,https://news.example.invalid/articles/2026/10/story-2384443?utm_source=share&utm_medium=link&ref=sfp-seed
Dlut,https://news.example.invalid/articles/2026/10/story-9377405?utm_source=share&utm_medium=link&ref=sfp-seed
C5F8,https://news.example.invalid/articles/2026/10/story-9078234?utm_source=share&utm_medium=link&ref=sfp-seed
kidw,https://news.example.invalid/articles/2026/10/story-4836590?utm_source=share&utm_medium=link&ref=sfp-seed
kDU2,https://news.example.invalid/articles/2026/10/story-4919950?utm_source=share&utm_medium=link&ref=sfp-seed
s9Y2,https://news.example.invalid/articles/2026/10/story-6711502?utm_source=share&utm_medium=link&ref=sfp-seed
onR5,https://news.example.invalid/articles/2026/10/story-5811575?utm_source=share&utm_medium=link&ref=sfp-seed
F59J,https://news.example.invalid/articles/2026/10/story-9791271?utm_source=share&utm_medium=link&ref=sfp-seed
FExi,https://news.example.invalid/articles/2026/10/story-9927272?utm_source=share&utm_medium=link&ref=sfp-seed
CdFE,https://news.example.invalid/articles/2026/10/story-9109018?utm_source=share&utm_medium=link&ref=sfp-seed
3qzo,https://news.example.invalid/articles/2026/10/story-817122?utm_source=share&utm_medium=link&ref=sfp-seed
rO8C,https://news.example.invalid/articles/2026/10/story-6627590?utm_source=share&utm_medium=link&ref=sfp-seed
fq5U,https://news.example.invalid/articles/2026/10/story-3675230?utm_source=share&utm_medium=link&ref=sfp-seed
Dkbh,https://news.example.invalid/articles/2026/10/story-9372371?utm_source=share&utm_medium=link&ref=sfp-seed
zrHY,https://news.example.invalid/articles/2026/10/story-8447994?utm_source=share&utm_medium=link&ref=sfp-seed
eri4,https://news.example.invalid/articles/2026/10/story-3441500?utm_source=share&utm_medium=link&ref=sfp-seed
aI18,https://news.example.invalid/articles/2026/10/story-2552486?utm_source=share&utm_medium=link&ref=sfp-seed
zxa2,https://news.example.invalid/articles/2026/10/story-8468954?utm_source=share&utm_medium=link&ref=sfp-seed
iaOB,https://news.example.invalid/articles/2026/10/story-4331481?utm_source=share&utm_medium=link&ref=sfp-seed
5Vul,https://news.example.invalid/articles/2026/10/story-1412629?utm_source=share&utm_medium=link&ref=sfp-seed
7QFV,https://news.example.invalid/articles/2026/10/story-1870783?utm_source=share&utm_medium=link&ref=sfp-seed
abEs,https://news.example.invalid/articles/2026/10/story-2428072?utm_source=share&utm_medium=link&ref=sfp-seed
kI0p,https://news.example.invalid/articles/2026/10/story-4935721?utm_source=share&utm_medium=link&ref=sfp-seed
Ecty,https://news.example.invalid/articles/2026/10/story-9581080?utm_source=share&utm_medium=link&ref=sfp-seed
26Q4,https://news.example.invalid/articles/2026/10/story-502948?utm_source=share&utm_medium=link&ref=sfp-seed
sVJI,https://news.example.invalid/articles/2026/10/story-6895126?utm_source=share&utm_medium=link&ref=sfp-seed
rWkU,https://news.example.invalid/articles/2026/10/story-6659104?utm_source=share&utm_medium=link&ref=sfp-seed
uvkf,https://news.example.invalid/articles/2026/10/story-7270259?utm_source=share&utm_medium=link&ref=sfp-seed
BCpL,https://news.example.invalid/articles/2026/10/story-8965805?utm_source=share&utm_medium=link&ref=sfp-seed
utIq,https://news.example.invalid/articles/2026/10/story-7264070?utm_source=share&utm_medium=link&ref=sfp-seed
mJi5,https://news.example.invalid/articles/2026/10/story-5417317?utm_source=share&utm_medium=link&ref=sfp-seed
dDTa,https://news.example.invalid/articles/2026/10/story-3251600?utm_source=share&utm_medium=link&ref=sfp-seed
t76c,https://news.example.invalid/articles/2026/10/story-6938804?utm_source=share&utm_medium=link&ref=sfp-seed
e7N9,https://news.example.invalid/articles/2026/10/story-3366547?utm_source=share&utm_medium=link&ref=sfp-seed
vT1N,https://news.example.invalid/articles/2026/10/story-7599699?utm_source=share&utm_medium=link&ref=sfp-seed
c2EX,https://news.example.invalid/articles/2026/10/story-2870163?utm_source=share&utm_medium=link&ref=sfp-seed
lbgg,https://news.example.invalid/articles/2026/10/story-5048180?utm_source=share&utm_medium=link&ref=sfp-seed
n6nJ,https://news.example.invalid/articles/2026/10/story-5506079?utm_source=share&utm_medium=link&ref=sfp-seed
oeIw,https://news.example.invalid/articles/2026/10/story-5776448?utm_source=share&utm_medium=link&ref=sfp-seed
9Ooz,https://news.example.invalid/articles/2026/10/story-2338675?utm_source=share&utm_medium=link&ref=sfp-seed
wfGl,https://news.example.invalid/articles/2026/10/story-7686781?utm_source=share&utm_medium=link&ref=sfp-seed
oiNP,https://news.example.invalid/articles/2026/10/story-5792153?utm_source=share&utm_medium=link&ref=sfp-seed
yPtD,https://news.example.invalid/articles/2026/10/story-8301033?utm_source=share&utm_medium=link&ref=sfp-seed
lEFa,https://news.example.invalid/articles/2026/10/story-5161200?utm_source=share&utm_medium=link&ref=sfp-seed
gXJ2,https://news.example.invalid/articles/2026/10/story-4042836?utm_source=share&utm_medium=link&ref=sfp-seed
2vWD,https://news.example.invalid/articles/2026/10/story-599455?utm_source=share&utm_medium=link&ref=sfp-seed
mMpP,https://news.example.invalid/articles/2026/10/story-5429329?utm_source=share&utm_medium=link&ref=sfp-seed
bFhM,https://news.example.invalid/articles/2026/10/story-2780314?utm_source=share&utm_medium=link&ref=sfp-seed
mA76,https://news.example.invalid/articles/2026/10/story-5382040?utm_source=share&utm_medium=link&ref=sfp-seed
ojbS,https://news.example.invalid/articles/2026/10/story-5793644?utm_source=share&utm_medium=link&ref=sfp-seed
AVrz,https://news.example.invalid/articles/2026/10/story-8800625?utm_source=share&utm_medium=link&ref=sfp-seed
1O2b,https://news.example.invalid/articles/2026/10/story-430663?utm_source=share&utm_medium=link&ref=sfp-seed
EzxS,https://news.example.invalid/articles/2026/10/story-9669760?utm_source=share&utm_medium=link&ref=sfp-seed
kIlQ,https://news.example.invalid/articles/2026/10/story-4937050?utm_source=share&utm_medium=link&ref=sfp-seed
8oYt,https://news.example.invalid/articles/2026/10/story-2002629?utm_source=share&utm_medium=link&ref=sfp-seed
oZ7r,https://news.example.invalid/articles/2026/10/story-5954817?utm_source=share&utm_medium=link&ref=sfp-seed
9Pn4,https://news.example.invalid/articles/2026/10/story-2342426?utm_source=share&utm_medium=link&ref=sfp-seed
ctKs,https://news.example.invalid/articles/2026/10/story-2974292?utm_source=share&utm_medium=link&ref=sfp-seed
2tLL,https://news.example.invalid/articles/2026/10/story-591093?utm_source=share&utm_medium=link&ref=sfp-seed
zYqY,https://news.example.invalid/articles/2026/10/story-8573792?utm_source=share&utm_medium=link&ref=sfp-seed
2nsV,https://news.example.invalid/articles/2026/10/story-566861?utm_source=share&utm_medium=link&ref=sfp-seed
sdKu,https://news.example.invalid/articles/2026/10/story-6726038?utm_source=share&utm_medium=link&ref=sfp-seed
oNjw,https://news.example.invalid/articles/2026/10/story-5909438?utm_source=share&utm_medium=link&ref=sfp-seed
kl2i,https://news.example.invalid/articles/2026/10/story-4847426?utm_source=share&utm_medium=link&ref=sfp-seed
lCfc,https://news.example.invalid/articles/2026/10/story-5151902?utm_source=share&utm_medium=link&ref=sfp-seed
fRMK,https://news.example.invalid/articles/2026/10/story-3781674?utm_source=share&utm_medium=link&ref=sfp-seed
frBx,https://news.example.invalid/articles/2026/10/story-3681035?utm_source=share&utm_medium=link&ref=sfp-seed
d6do,https://news.example.invalid/articles/2026/10/story-3122158?utm_source=share&utm_medium=link&ref=sfp-seed
cN6S,https://news.example.invalid/articles/2026/10/story-3048718?utm_source=share&utm_medium=link&ref=sfp-seed
s5wW,https://news.example.invalid/articles/2026/10/story-6694446?utm_source=share&utm_medium=link&ref=sfp-seed
DDgL,https://news.example.invalid/articles/2026/10/story-9445747?utm_source=share&utm_medium=link&ref=sfp-seed
uV4F,https://news.example.invalid/articles/2026/10/story-7369237?utm_source=share&utm_medium=link&ref=sfp-seed
1Sgp,https://news.example.invalid/articles/2026/10/story-446921?utm_source=share&utm_medium=link&ref=sfp-seed
zJwx,https://news.example.invalid/articles/2026/10/story-8516477?utm_source=share&utm_medium=link&ref=sfp-seed
b0Xc,https://news.example.invalid/articles/2026/10/story-2625278?utm_source=share&utm_medium=link&ref=sfp-seed
byG1,https://news.example.invalid/articles/2026/10/story-2754909?utm_source=share&utm_medium=link&ref=sfp-seed
Ab2H,https://news.example.invalid/articles/2026/10/story-8622259?utm_source=share&utm_medium=link&ref=sfp-seed
cD65,https://news.example.invalid/articles/2026/10/story-3010229?utm_source=share&utm_medium=link&ref=sfp-seed
re4a,https://news.example.invalid/articles/2026/10/story-6488930?utm_source=share&utm_medium=link&ref=sfp-seed
j9LJ,https://news.example.invalid/articles/2026/10/story-4565787?utm_source=share&utm_medium=link&ref=sfp-seed
QWN,https://news.example.invalid/articles/2026/10/story-203533?utm_source=share&utm_medium=link&ref=sfp-seed
mTCc,https://news.example.invalid/articles/2026/10/story-5457004?utm_source=share&utm_medium=link&ref=sfp-seed
k8Aw,https://news.example.invalid/articles/2026/10/story-4799576?utm_source=share&utm_medium=link&ref=sfp-seed
iKeT,https://news.example.invalid/articles/2026/10/story-4467651?utm_source=share&utm_medium=link&ref=sfp-seed
soyF,https://news.example.invalid/articles/2026/10/story-6767589?utm_source=share&utm_medium=link&ref=sfp-seed
9hTP,https://news.example.invalid/articles/2026/10/story-2213761?utm_source=share&utm_medium=link&ref=sfp-seed
bksm,https://news.example.invalid/articles/2026/10/story-2700246?utm_source=share&utm_medium=link&ref=sfp-seed
zhOI,https://news.example.invalid/articles/2026/10/story-8409972?utm_source=share&utm_medium=link&ref=sfp-seed
lXml,https://news.example.invalid/articles/2026/10/story-5233069?utm_source=share&utm_medium=link&ref=sfp-seed
FoVb,https://news.example.invalid/articles/2026/10/story-9867249?utm_source=share&utm_medium=link&ref=sfp-seed
doMS,https://news.example.invalid/articles/2026/10/story-3193550?utm_source=share&utm_medium=link&ref=sfp-seed
cVq0,https://news.example.invalid/articles/2026/10/story-3080656?utm_source=share&utm_medium=link&ref=sfp-seed
odIm,https://news.example.invalid/articles/2026/10/story-5772594?utm_source=share&utm_medium=link&ref=sfp-seed
Coi0,https://news.example.invalid/articles/2026/10/story-9149836?utm_source=share&utm_medium=link&ref=sfp-seed
FFpa,https://news.example.invalid/articles/2026/10/story-9930612?utm_source=share&utm_medium=link&ref=sfp-seed
fKDP,https://news.example.invalid/articles/2026/10/story-3754213?utm_source=share&utm_medium=link&ref=sfp-seed
4HVp,https://news.example.invalid/articles/2026/10/story-1122163?utm_source=share&utm_medium=link&ref=sfp-seed
lwT9,https://news.example.invalid/articles/2026/10/story-5131315?utm_source=share&utm_medium=link&ref=sfp-seed
sDym,https://news.example.invalid/articles/2026/10/story-6825230?utm_source=share&utm_medium=link&ref=sfp-seed
rlw1,https://news.example.invalid/articles/2026/10/story-6517565?utm_source=share&utm_medium=link&ref=sfp-seed
rzAC,https://news.example.invalid/articles/2026/10/story-6571666?utm_source=share&utm_medium=link&ref=sfp-seed
g9Ox,https://news.example.invalid/articles/2026/10/story-3850977?utm_source=share&utm_medium=link&ref=sfp-seed
E3ZJ,https://news.example.invalid/articles/2026/10/story-9548479?utm_source=share&utm_medium=link&ref=sfp-seed
G1Q,https://news.example.invalid/articles/2026/10/story-161562?utm_source=share&utm_medium=link&ref=sfp-seed
mDWr,https://news.example.invalid/articles/2026/10/story-5396755?utm_source=share&utm_medium=link&ref=sfp-seed
7aGr,https://news.example.invalid/articles/2026/10/story-1709367?utm_source=share&utm_medium=link&ref=sfp-seed
3rjL,https://news.example.invalid/articles/2026/10/story-819997?utm_source=share&utm_medium=link&ref=sfp-seed
p3ER,https://news.example.invalid/articles/2026/10/story-5972265?utm_source=share&utm_medium=link&ref=sfp-seed
5PTJ,https://news.example.invalid/articles/2026/10/story-1391139?utm_source=share&utm_medium=link&ref=sfp-seed
pNj5,https://news.example.invalid/articles/2026/10/story-6147739?utm_source=share&utm_medium=link&ref=sfp-seed
DX6V,https://news.example.invalid/articles/2026/10/story-9522017?utm_source=share&utm_medium=link&ref=sfp-seed
rCPO,https://news.example.invalid/articles/2026/10/story-6584140?utm_source=share&utm_medium=link&ref=sfp-seed
6049,https://news.example.invalid/articles/2026/10/story-1430225?utm_source=share&utm_medium=link&ref=sfp-seed
2DLB,https://news.example.invalid/articles/2026/10/story-629523?utm_source=share&utm_medium=link&ref=sfp-seed
pfQh,https://news.example.invalid/articles/2026/10/story-6019101?utm_source=share&utm_medium=link&ref=sfp-seed
yw8r,https://news.example.invalid/articles/2026/10/story-8226683?utm_source=share&utm_medium=link&ref=sfp-seed
Bxvb,https://news.example.invalid/articles/2026/10/story-8946921?utm_source=share&utm_medium=link&ref=sfp-seed
dPoR,https://news.example.invalid/articles/2026/10/story-3295849?utm_source=share&utm_medium=link&ref=sfp-seed
mcNr,https://news.example.invalid/articles/2026/10/story-5292409?utm_source=share&utm_medium=link&ref=sfp-seed
rXrl,https://news.example.invalid/articles/2026/10/story-6663347?utm_source=share&utm_medium=link&ref=sfp-seed
C4au,https://news.example.invalid/articles/2026/10/story-9072490?utm_source=share&utm_medium=link&ref=sfp-seed
5soQ,https://news.example.invalid/articles/2026/10/story-1300812?utm_source=share&utm_medium=link&ref=sfp-seed
2kao,https://news.example.invalid/articles/2026/10/story-554180?utm_source=share&utm_medium=link&ref=sfp-seed
oO0n,https://news.example.invalid/articles/2026/10/story-5912095?utm_source=share&utm_medium=link&ref=sfp-seed
auyT,https://news.example.invalid/articles/2026/10/story-2500763?utm_source=share&utm_medium=link&ref=sfp-seed
a5KR,https://news.example.invalid/articles/2026/10/story-2405405?utm_source=share&utm_medium=link&ref=sfp-seed
gjlk,https://news.example.invalid/articles/2026/10/story-3887606?utm_source=share&utm_medium=link&ref=sfp-seed
2Aox,https://news.example.invalid/articles/2026/10/story-616561?utm_source=share&utm_medium=link&ref=sfp-seed
mD,https://news.example.invalid/articles/2026/10/story-1403?utm_source=share&utm_medium=link&ref=sfp-seed
skKy,https://news.example.invalid/articles/2026/10/story-6752950?utm_source=share&utm_medium=link&ref=sfp-seed
7vzs,https://news.example.invalid/articles/2026/10/story-1789658?utm_source=share&utm_medium=link&ref=sfp-seed
7WfM,https://news.example.invalid/articles/2026/10/story-1892226?utm_source=share&utm_medium=link&ref=sfp-seed
ed1b,https://news.example.invalid/articles/2026/10/story-3386637?utm_source=share&utm_medium=link&ref=sfp-seed
gPAU,https://news.example.invalid/articles/2026/10/story-4011580?utm_source=share&utm_medium=link&ref=sfp-seed
fKti,https://news.example.invalid/articles/2026/10/story-3753560?utm_source=share&utm_medium=link&ref=sfp-seed
rmtQ,https://news.example.invalid/articles/2026/10/story-6521274?utm_source=share&utm_medium=link&ref=sfp-seed
lEzW,https://news.example.invalid/articles/2026/10/story-5160876?utm_source=share&utm_medium=link&ref=sfp-seed
eWOW,https://news.example.invalid/articles/2026/10/story-3562702?utm_source=share&utm_medium=link&ref=sfp-seed
FV7D,https://news.example.invalid/articles/2026/10/story-9991029?utm_source=share&utm_medium=link&ref=sfp-seed
Ai5F,https://news.example.invalid/articles/2026/10/story-8649351?utm_source=share&utm_medium=link&ref=sfp-seed
5bxl,https://news.example.invalid/articles/2026/10/story-1235991?utm_source=share&utm_medium=link&ref=sfp-seed
uTV9,https://news.example.invalid/articles/2026/10/story-7364803?utm_source=share&utm_medium=link&ref=sfp-seed
uLz,https://news.example.invalid/articles/2026/10/story-118269?utm_source=share&utm_medium=link&ref=sfp-seed
1Rm3,https://news.example.invalid/articles/2026/10/story-443427?utm_source=share&utm_medium=link&ref=sfp-seed
pVkv,https://news.example.invalid/articles/2026/10/story-6178579?utm_source=share&utm_medium=link&ref=sfp-seed
dPBa,https://news.example.invalid/articles/2026/10/story-3296612?utm_source=share&utm_medium=link&ref=sfp-seed
2ah0,https://news.example.invalid/articles/2026/10/story-516150?utm_source=share&utm_medium=link&ref=sfp-seed
bHCu,https://news.example.invalid/articles/2026/10/story-2789286?utm_source=share&utm_medium=link&ref=sfp-seed
Ehlr,https://news.example.invalid/articles/2026/10/story-9599797?utm_source=share&utm_medium=link&ref=sfp-seed
6C5H,https://news.example.invalid/articles/2026/10/story-1576393?utm_source=share&utm_medium=link&ref=sfp-seed
B7nN,https://news.example.invalid/articles/2026/10/story-8846519?utm_source=share&utm_medium=link&ref=sfp-seed
w22R,https://news.example.invalid/articles/2026/10/story-7634361?utm_source=share&utm_medium=link&ref=sfp-seed
FeEw,https://news.example.invalid/articles/2026/10/story-9827776?utm_source=share&utm_medium=link&ref=sfp-seed
Cmkv,https://news.example.invalid/articles/2026/10/story-9142303?utm_source=share&utm_medium=link&ref=sfp-seed
vk1M,https://news.example.invalid/articles/2026/10/story-7465158?utm_source=share&utm_medium=link&ref=sfp-seed
f8J,https://news.example.invalid/articles/2026/10/story-58201?utm_source=share&utm_medium=link&ref=sfp-seed
hb3K,https://news.example.invalid/articles/2026/10/story-4094092?utm_source=share&utm_medium=link&ref=sfp-seed
21wC,https://news.example.invalid/articles/2026/10/story-482522?utm_source=share&utm_medium=link&ref=sfp-seed
6Ra4,https://news.example.invalid/articles/2026/10/story-1634324?utm_source=share&utm_medium=link&ref=sfp-seed
ySAz,https://news.example.invalid/articles/2026/10/story-8312995?utm_source=share&utm_medium=link&ref=sfp-seed
7ghC,https://news.example.invalid/articles/2026/10/story-1730892?utm_source=share&utm_medium=link&ref=sfp-seed
DldD,https://news.example.invalid/articles/2026/10/story-9376361?utm_source=share&utm_medium=link&ref=sfp-seed
2PL7,https://news.example.invalid/articles/2026/10/story-675621?utm_source=share&utm_medium=link&ref=sfp-seed
aAyv,https://news.example.invalid/articles/2026/10/story-2523803?utm_source=share&utm_medium=link&ref=sfp-seed
nA93,https://news.example.invalid/articles/2026/10/story-5620489?utm_source=share&utm_medium=link&ref=sfp-seed
gMKP,https://news.example.invalid/articles/2026/10/story-4000663?utm_source=share&utm_medium=link&ref=sfp-seed
lzu0,https://news.example.invalid/articles/2026/10/story-5141288?utm_source=share&utm_medium=link&ref=sfp-seed
llmH,https://news.example.invalid/articles/2026/10/story-5087019?utm_source=share&utm_medium=link&ref=sfp-seed
fI7H,https://news.example.invalid/articles/2026/10/story-3744533?utm_source=share&utm_medium=link&ref=sfp-seed
7nKe,https://news.example.invalid/articles/2026/10/story-1759574?utm_source=share&utm_medium=link&ref=sfp-seed
zhHB,https://news.example.invalid/articles/2026/10/story-8409531?utm_source=share&utm_medium=link&ref=sfp-seed
w0dI,https://news.example.invalid/articles/2026/10/story-7627346?utm_source=share&utm_medium=link&ref=sfp-seed
jy8H,https://news.example.invalid/articles/2026/10/story-4659467?utm_source=share&utm_medium=link&ref=sfp-seed
yhKz,https://news.example.invalid/articles/2026/10/story-8171387?utm_source=share&utm_medium=link&ref=sfp-seed
c7zQ,https://news.example.invalid/articles/2026/10/story-2889066?utm_source=share&utm_medium=link&ref=sfp-seed
BLYR,https://news.example.invalid/articles/2026/10/story-9002577?utm_source=share&utm_medium=link&ref=sfp-seed
uaK3,https://news.example.invalid/articles/2026/10/story-7191135?utm_source=share&utm_medium=link&ref=sfp-seed
kk5J,https://news.example.invalid/articles/2026/10/story-4843795?utm_source=share&utm_medium=link&ref=sfp-seed
mPMh,https://news.example.invalid/articles/2026/10/story-5442253?utm_source=share&utm_medium=link&ref=sfp-seed
elqX,https://news.example.invalid/articles/2026/10/story-3418987?utm_source=share&utm_medium=link&ref=sfp-seed
ypoX,https://news.example.invalid/articles/2026/10/story-8200799?utm_source=share&utm_medium=link&ref=sfp-seed
Ck3z,https://news.example.invalid/articles/2026/10/story-9133565?utm_source=share&utm_medium=link&ref=sfp-seed
lpAt,https://news.example.invalid/articles/2026/10/story-5103249?utm_source=share&utm_medium=link&ref=sfp-seed
qNZW,https://news.example.invalid/articles/2026/10/story-6388724?utm_source=share&utm_medium=link&ref=sfp-seed
8rmL,https://news.example.invalid/articles/2026/10/story-2011823?utm_source=share&utm_medium=link&ref=sfp-seed
oLFU,https://news.example.invalid/articles/2026/10/story-5903138?utm_source=share&utm_medium=link&ref=sfp-seed
u4eX,https://news.example.invalid/articles/2026/10/story-7166143?utm_source=share&utm_medium=link&ref=sfp-seed
jSoO,https://news.example.invalid/articles/2026/10/story-4737346?utm_source=share&utm_medium=link&ref=sfp-seed
msmu,https://news.example.invalid/articles/2026/10/story-5352242?utm_source=share&utm_medium=link&ref=sfp-seed
CIU3,https://news.example.invalid/articles/2026/10/story-9229075?utm_source=share&utm_medium=link&ref=sfp-seed
n8ra,https://news.example.invalid/articles/2026/10/story-5513980?utm_source=share&utm_medium=link&ref=sfp-seed
iIVA,https://news.example.invalid/articles/2026/10/story-4462610?utm_source=share&utm_medium=link&ref=sfp-seed
5ClV,https://news.example.invalid/articles/2026/10/story-1339071?utm_source=share&utm_medium=link&ref=sfp-seed
jrt5,https://news.example.invalid/articles/2026/10/story-4633823?utm_source=share&utm_medium=link&ref=sfp-seed
7Ard,https://news.example.invalid/articles/2026/10/story-1808367?utm_source=share&utm_medium=link&ref=sfp-seed
ce6n,https://news.example.invalid/articles/2026/10/story-2914147?utm_source=share&utm_medium=link&ref=sfp-seed
B6dx,https://news.example.invalid/articles/2026/10/story-8842039?utm_source=share&utm_medium=link&ref=sfp-seed
ketP,https://news.example.invalid/articles/2026/10/story-4822225?utm_source=share&utm_medium=link&ref=sfp-seed
BLqC,https://news.example.invalid/articles/2026/10/story-9000454?utm_source=share&utm_medium=link&ref=sfp-seed
7VwE,https://news.example.invalid/articles/2026/10/story-1889428?utm_source=share&utm_medium=link&ref=sfp-seed
3HCA,https://news.example.invalid/articles/2026/10/story-882668?utm_source=share&utm_medium=link&ref=sfp-seed
xYuL,https://news.example.invalid/articles/2026/10/story-8097371?utm_source=share&utm_medium=link&ref=sfp-seed
FFoH,https://news.example.invalid/articles/2026/10/story-9930583?utm_source=share&utm_medium=link&ref=sfp-seed
uvBw,https://news.example.invalid/articles/2026/10/story-7271330?utm_source=share&utm_medium=link&ref=sfp-seed
oOKG,https://news.example.invalid/articles/2026/10/story-5914966?utm_source=share&utm_medium=link&ref=sfp-seed
gPNt,https://news.example.invalid/articles/2026/10/story-4012359?utm_source=share&utm_medium=link&ref=sfp-seed
wa0m,https://news.example.invalid/articles/2026/10/story-7664958?utm_source=share&utm_medium=link&ref=sfp-seed
quwY,https://news.example.invalid/articles/2026/10/story-6313892?utm_source=share&utm_medium=link&ref=sfp-seed
u6WH,https://news.example.invalid/articles/2026/10/story-7176543?utm_source=share&utm_medium=link&ref=sfp-seed
rZiN,https://news.example.invalid/articles/2026/10/story-6670505?utm_source=share&utm_medium=link&ref=sfp-seed
3dzt,https://news.example.invalid/articles/2026/10/story-767155?utm_source=share&utm_medium=link&ref=sfp-seed
p7qV,https://news.example.invalid/articles/2026/10/story-5986777?utm_source=share&utm_medium=link&ref=sfp-seed
n9S0,https://news.example.invalid/articles/2026/10/story-5519488?utm_source=share&utm_medium=link&ref=sfp-seed
bnR8,https://news.example.invalid/articles/2026/10/story-2713314?utm_source=share&utm_medium=link&ref=sfp-seed
Fd60,https://news.example.invalid/articles/2026/10/story-9821792?utm_source=share&utm_medium=link&ref=sfp-seed
xXB0,https://news.example.invalid/articles/2026/10/story-8093914?utm_source=share&utm_medium=link&ref=sfp-seed
kyzt,https://news.example.invalid/articles/2026/10/story-4899455?utm_source=share&utm_medium=link&ref=sfp-seed
Cj67,https://news.example.invalid/articles/2026/10/story-9129879?utm_source=share&utm_medium=link&ref=sfp-seed
y4XW,https://news.example.invalid/articles/2026/10/story-8122244?utm_source=share&utm_medium=link&ref=sfp-seed
yVJl,https://news.example.invalid/articles/2026/10/story-8325071?utm_source=share&utm_medium=link&ref=sfp-seed
cCcA,https://news.example.invalid/articles/2026/10/story-3006788?utm_source=share&utm_medium=link&ref=sfp-seed
tvIa,https://news.example.invalid/articles/2026/10/story-7033414?utm_source=share&utm_medium=link&ref=sfp-seed
w7OK,https://news.example.invalid/articles/2026/10/story-7656550?utm_source=share&utm_medium=link&ref=sfp-seed
2Jr3,https://news.example.invalid/articles/2026/10/story-651313?utm_source=share&utm_medium=link&ref=sfp-seed
BGg6,https://news.example.invalid/articles/2026/10/story-8980582?utm_source=share&utm_medium=link&ref=sfp-seed
gGaA,https://news.example.invalid/articles/2026/10/story-3975352?utm_source=share&utm_medium=link&ref=sfp-seed
esHE,https://news.example.invalid/articles/2026/10/story-3446930?utm_source=share&utm_medium=link&ref=sfp-seed
9X96,https://news.example.invalid/articles/2026/10/story-2372312?utm_source=share&utm_medium=link&ref=sfp-seed
BBRr,https://news.example.invalid/articles/2026/10/story-8963677?utm_source=share&utm_medium=link&ref=sfp-seed
yueJ,https://news.example.invalid/articles/2026/10/story-8219385?utm_source=share&utm_medium=link&ref=sfp-seed
869i,https://news.example.invalid/articles/2026/10/story-1930264?utm_source=share&utm_medium=link&ref=sfp-seed
sMEr,https://news.example.invalid/articles/2026/10/story-6860203?utm_source=share&utm_medium=link&ref=sfp-seed
dJeY,https://news.example.invalid/articles/2026/10/story-3272172?utm_source=share&utm_medium=link&ref=sfp-seed
pmMv,https://news.example.invalid/articles/2026/10/story-6045775?utm_source=share&utm_medium=link&ref=sfp-seed
qL3o,https://news.example.invalid/articles/2026/10/story-6377406?utm_source=share&utm_medium=link&ref=sfp-seed
4Ypn,https://news.example.invalid/articles/2026/10/story-1185525?utm_source=share&utm_medium=link&ref=sfp-seed
3w29,https://news.example.invalid/articles/2026/10/story-838125?utm_source=share&utm_medium=link&ref=sfp-seed
rzWa,https://news.example.invalid/articles/2026/10/story-6573002?utm_source=share&utm_medium=link&ref=sfp-seed
gx7W,https://news.example.invalid/articles/2026/10/story-3940592?utm_source=share&utm_medium=link&ref=sfp-seed
AMnx,https://news.example.invalid/articles/2026/10/story-8765779?utm_source=share&utm_medium=link&ref=sfp-seed
FWlY,https://news.example.invalid/articles/2026/10/story-9995762?utm_source=share&utm_medium=link&ref=sfp-seed
iGKt,https://news.example.invalid/articles/2026/10/story-4454233?utm_source=share&utm_medium=link&ref=sfp-seed
miDZ,https://news.example.invalid/articles/2026/10/story-5314887?utm_source=share&utm_medium=link&ref=sfp-seed
8hWE,https://news.example.invalid/articles/2026/10/story-1975608?utm_source=share&utm_medium=link&ref=sfp-seed
F31E,https://news.example.invalid/articles/2026/10/story-9783082?utm_source=share&utm_medium=link&ref=sfp-seed
xic8,https://news.example.invalid/articles/2026/10/story-7934768?utm_source=share&utm_medium=link&ref=sfp-seed
v9Uy,https://news.example.invalid/articles/2026/10/story-7426270?utm_source=share&utm_medium=link&ref=sfp-seed
dZ6y,https://news.example.invalid/articles/2026/10/story-3333154?utm_source=share&utm_medium=link&ref=sfp-seed
mbu3,https://news.example.invalid/articles/2026/10/story-5287363?utm_source=share&utm_medium=link&ref=sfp-seed
4u41,https://news.example.invalid/articles/2026/10/story-1068881?utm_source=share&utm_medium=link&ref=sfp-seed
BAtv,https://news.example.invalid/articles/2026/10/story-8958349?utm_source=share&utm_medium=link&ref=sfp-seed
fbmm,https://news.example.invalid/articles/2026/10/story-3618590?utm_source=share&utm_medium=link&ref=sfp-seed
tPC6,https://news.example.invalid/articles/2026/10/story-7109918?utm_source=share&utm_medium=link&ref=sfp-seed
vShF,https://news.example.invalid/articles/2026/10/story-7596839?utm_source=share&utm_medium=link&ref=sfp-seed
vt9Y,https://news.example.invalid/articles/2026/10/story-7500262?utm_source=share&utm_medium=link&ref=sfp-seed
eBSh,https://news.example.invalid/articles/2026/10/story-3482185?utm_source=share&utm_medium=link&ref=sfp-seed
9rXv,https://news.example.invalid/articles/2026/10/story-2252429?utm_source=share&utm_medium=link&ref=sfp-seed
6I7l,https://news.example.invalid/articles/2026/10/story-1599559?utm_source=share&utm_medium=link&ref=sfp-seed
3Q2E,https://news.example.invalid/articles/2026/10/story-915036?utm_source=share&utm_medium=link&ref=sfp-seed
3SvB,https://news.example.invalid/articles/2026/10/story-924519?utm_source=share&utm_medium=link&ref=sfp-seed
upqv,https://news.example.invalid/articles/2026/10/story-7247583?utm_source=share&utm_medium=link&ref=sfp-seed
8Mnw,https://news.example.invalid/articles/2026/10/story-2092594?utm_source=share&utm_medium=link&ref=sfp-seed
h0xx,https://news.example.invalid/articles/2026/10/story-4053655?utm_source=share&utm_medium=link&ref=sfp-seed
Fwq4,https://news.example.invalid/articles/2026/10/story-9896072?utm_source=share&utm_medium=link&ref=sfp-seed
h6nW,https://news.example.invalid/articles/2026/10/story-4076124?utm_source=share&utm_medium=link&ref=sfp-seed
kDoN,https://news.example.invalid/articles/2026/10/story-4918013?utm_source=share&utm_medium=link&ref=sfp-seed
FA57,https://news.example.invalid/articles/2026/10/story-9910149?utm_source=share&utm_medium=link&ref=sfp-seed
8WHM,https://news.example.invalid/articles/2026/10/story-2132290?utm_source=share&utm_medium=link&ref=sfp-seed
ofJQ,https://news.example.invalid/articles/2026/10/story-5780374?utm_source=share&utm_medium=link&ref=sfp-seed
rnSc,https://news.example.invalid/articles/2026/10/story-6526628?utm_source=share&utm_medium=link&ref=sfp-seed
zlTd,https://news.example.invalid/articles/2026/10/story-8425627?utm_source=share&utm_medium=link&ref=sfp-seed
EoDp,https://news.example.invalid/articles/2026/10/story-9627819?utm_source=share&utm_medium=link&ref=sfp-seed
gYb3,https://news.example.invalid/articles/2026/10/story-4044573?utm_source=share&utm_medium=link&ref=sfp-seed
6Bd8,https://news.example.invalid/articles/2026/10/story-1573010?utm_source=share&utm_medium=link&ref=sfp-seed
sK0R,https://news.example.invalid/articles/2026/10/story-6850061?utm_source=share&utm_medium=link&ref=sfp-seed
lz8x,https://news.example.invalid/articles/2026/10/story-5139957?utm_source=share&utm_medium=link&ref=sfp-seed
n2nn,https://news.example.invalid/articles/2026/10/story-5490681?utm_source=share&utm_medium=link&ref=sfp-seed
FFal,https://news.example.invalid/articles/2026/10/story-9929693?utm_source=share&utm_medium=link&ref=sfp-seed
rzTD,https://news.example.invalid/articles/2026/10/story-6572845?utm_source=share&utm_medium=link&ref=sfp-seed
cwWo,https://news.example.invalid/articles/2026/10/story-2986564?utm_source=share&utm_medium=link&ref=sfp-seed
hUOr,https://news.example.invalid/articles/2026/10/story-4269967?utm_source=share&utm_medium=link&ref=sfp-seed
ivTv,https://news.example.invalid/articles/2026/10/story-4412509?utm_source=share&utm_medium=link&ref=sfp-seed
i27h,https://news.example.invalid/articles/2026/10/story-4298043?utm_source=share&utm_medium=link&ref=sfp-seed
g9KQ,https://news.example.invalid/articles/2026/10/story-3850748?utm_source=share&utm_medium=link&ref=sfp-seed
Fr8G,https://news.example.invalid/articles/2026/10/story-9875774?utm_source=share&utm_medium=link&ref=sfp-seed
wQQM,https://news.example.invalid/articles/2026/10/story-7829656?utm_source=share&utm_medium=link&ref=sfp-seed
2lbi,https://news.example.invalid/articles/2026/10/story-558080?utm_source=share&utm_medium=link&ref=sfp-seed
C1LJ,https://news.example.invalid/articles/2026/10/story-9063267?utm_source=share&utm_medium=link&ref=sfp-seed
xF3O,https://news.example.invalid/articles/2026/10/story-8022664?utm_source=share&utm_medium=link&ref=sfp-seed
8glH,https://news.example.invalid/articles/2026/10/story-1969473?utm_source=share&utm_medium=link&ref=sfp-seed
FtRy,https://news.example.invalid/articles/2026/10/story-9886244?utm_source=share&utm_medium=link&ref=sfp-seed
2d7Y,https://news.example.invalid/articles/2026/10/story-527122?utm_source=share&utm_medium=link&ref=sfp-seed
phPa,https://news.example.invalid/articles/2026/10/story-6026720?utm_source=share&utm_medium=link&ref=sfp-seed
u11G,https://news.example.invalid/articles/2026/10/story-7153788?utm_source=share&utm_medium=link&ref=sfp-seed
bHHS,https://news.example.invalid/articles/2026/10/story-2789620?utm_source=share&utm_medium=link&ref=sfp-seed
kSda,https://news.example.invalid/articles/2026/10/story-4974952?utm_source=share&utm_medium=link&ref=sfp-seed
vfXa,https://news.example.invalid/articles/2026/10/story-7449496?utm_source=share&utm_medium=link&ref=sfp-seed
d7OW,https://news.example.invalid/articles/2026/10/story-3128330?utm_source=share&utm_medium=link&ref=sfp-seed
mpEn,https://news.example.invalid/articles/2026/10/story-5341819?utm_source=share&utm_medium=link&ref=sfp-seed
pcf1,https://news.example.invalid/articles/2026/10/story-6005259?utm_source=share&utm_medium=link&ref=sfp-seed
FUzW,https://news.example.invalid/articles/2026/10/story-9988940?utm_source=share&utm_medium=link&ref=sfp-seed
1UEK,https://news.example.invalid/articles/2026/10/story-456118?utm_source=share&utm_medium=link&ref=sfp-seed
hPS4,https://news.example.invalid/articles/2026/10/story-4250972?utm_source=share&utm_medium=link&ref=sfp-seed
C4wq,https://news.example.invalid/articles/2026/10/story-9073850?utm_source=share&utm_medium=link&ref=sfp-seed
vodb,https://news.example.invalid/articles/2026/10/story-7481241?utm_source=share&utm_medium=link&ref=sfp-seed
8egP,https://news.example.invalid/articles/2026/10/story-1961483?utm_source=share&utm_medium=link&ref=sfp-seed
rNWR,https://news.example.invalid/articles/2026/10/story-6626861?utm_source=share&utm_medium=link&ref=sfp-seed
rABy,https://news.example.invalid/articles/2026/10/story-6575568?utm_source=share&utm_medium=link&ref=sfp-seed
4nxN,https://news.example.invalid/articles/2026/10/story-1043819?utm_source=share&utm_medium=link&ref=sfp-seed
qDXi,https://news.example.invalid/articles/2026/10/story-6350120?utm_source=share&utm_medium=link&ref=sfp-seed
erD8,https://news.example.invalid/articles/2026/10/story-3442806?utm_source=share&utm_medium=link&ref=sfp-seed
iElF,https://news.example.invalid/articles/2026/10/story-4445007?utm_source=share&utm_medium=link&ref=sfp-seed
kxPv,https://news.example.invalid/articles/2026/10/story-4896605?utm_source=share&utm_medium=link&ref=sfp-seed
entc,https://news.example.invalid/articles/2026/10/story-3426814?utm_source=share&utm_medium=link&ref=sfp-seed
kfgC,https://news.example.invalid/articles/2026/10/story-4825250?utm_source=share&utm_medium=link&ref=sfp-seed
ytH7,https://news.example.invalid/articles/2026/10/story-8217301?utm_source=share&utm_medium=link&ref=sfp-seed
zIjm,https://news.example.invalid/articles/2026/10/story-8511816?utm_source=share&utm_medium=link&ref=sfp-seed
fCcF,https://news.example.invalid/articles/2026/10/story-3721777?utm_source=share&utm_medium=link&ref=sfp-seed
zI2B,https://news.example.invalid/articles/2026/10/story-8510777?utm_source=share&utm_medium=link&ref=sfp-seed
3irL,https://news.example.invalid/articles/2026/10/story-785897?utm_source=share&utm_medium=link&ref=sfp-seed
l6jf,https://news.example.invalid/articles/2026/10/story-5029145?utm_source=share&utm_medium=link&ref=sfp-seed
bePn,https://news.example.invalid/articles/2026/10/story-2678609?utm_source=share&utm_medium=link&ref=sfp-seed
cBZm,https://news.example.invalid/articles/2026/10/story-3005968?utm_source=share&utm_medium=link&ref=sfp-seed
uN2e,https://news.example.invalid/articles/2026/10/story-7338334?utm_source=share&utm_medium=link&ref=sfp-seed
4PnP,https://news.example.invalid/articles/2026/10/story-1150833?utm_source=share&utm_medium=link&ref=sfp-seed
Bbru,https://news.example.invalid/articles/2026/10/story-8862124?utm_source=share&utm_medium=link&ref=sfp-seed
35F,https://news.example.invalid/articles/2026/10/story-11883?utm_source=share&utm_medium=link&ref=sfp-seed
vBbK,https://news.example.invalid/articles/2026/10/story-7531124?utm_source=share&utm_medium=link&ref=sfp-seed
90XJ,https://news.example.invalid/articles/2026/10/story-2148655?utm_source=share&utm_medium=link&ref=sfp-seed
6t4U,https://news.example.invalid/articles/2026/10/story-1541748?utm_source=share&utm_medium=link&ref=sfp-seed
rVVv,https://news.example.invalid/articles/2026/10/story-6657529?utm_source=share&utm_medium=link&ref=sfp-seed
zYpa,https://news.example.invalid/articles/2026/10/story-8573680?utm_source=share&utm_medium=link&ref=sfp-seed
sQ6D,https://news.example.invalid/articles/2026/10/story-6873483?utm_source=share&utm_medium=link&ref=sfp-seed
ClHW,https://news.example.invalid/articles/2026/10/story-9139912?utm_source=share&utm_medium=link&ref=sfp-seed
poNE,https://news.example.invalid/articles/2026/10/story-6053534?utm_source=share&utm_medium=link&ref=sfp-seed
vol3,https://news.example.invalid/articles/2026/10/story-7481729?utm_source=share&utm_medium=link&ref=sfp-seed
zymj,https://news.example.invalid/articles/2026/10/story-8473559?utm_source=share&utm_medium=link&ref=sfp-seed
dt8k,https://news.example.invalid/articles/2026/10/story-3210256?utm_source=share&utm_medium=link&ref=sfp-seed
t8ky,https://news.example.invalid/articles/2026/10/story-6943538?utm_source=share&utm_medium=link&ref=sfp-seed
x8h9,https://news.example.invalid/articles/2026/10/story-7896639?utm_source=share&utm_medium=link&ref=sfp-seed
1UVo,https://news.example.invalid/articles/2026/10/story-457150?utm_source=share&utm_medium=link&ref=sfp-seed
d2LT,https://news.example.invalid/articles/2026/10/story-3108921?utm_source=share&utm_medium=link&ref=sfp-seed
wHYi,https://news.example.invalid/articles/2026/10/story-7795526?utm_source=share&utm_medium=link&ref=sfp-seed
iQmn,https://news.example.invalid/articles/2026/10/story-4491179?utm_source=share&utm_medium=link&ref=sfp-seed
ia9h,https://news.example.invalid/articles/2026/10/story-4328919?utm_source=share&utm_medium=link&ref=sfp-seed
jAes,https://news.example.invalid/articles/2026/10/story-4667512?utm_source=share&utm_medium=link&ref=sfp-seed
8L44,https://news.example.invalid/articles/2026/10/story-2087544?utm_source=share&utm_medium=link&ref=sfp-seed
gxJU,https://news.example.invalid/articles/2026/10/story-3942946?utm_source=share&utm_medium=link&ref=sfp-seed
cgWn,https://news.example.invalid/articles/2026/10/story-2925059?utm_source=share&utm_medium=link&ref=sfp-seed
moFg,https://news.example.invalid/articles/2026/10/story-5338030?utm_source=share&utm_medium=link&ref=sfp-seed
9hlA,https://news.example.invalid/articles/2026/10/story-2211638?utm_source=share&utm_medium=link&ref=sfp-seed
m985,https://news.example.invalid/articles/2026/10/story-5278313?utm_source=share&utm_medium=link&ref=sfp-seed
fz3z,https://news.example.invalid/articles/2026/10/story-3709681?utm_source=share&utm_medium=link&ref=sfp-seed
4gBE,https://news.example.invalid/articles/2026/10/story-1017150?utm_source=share&utm_medium=link&ref=sfp-seed
sEBx,https://news.example.invalid/articles/2026/10/story-6829271?utm_source=share&utm_medium=link&ref=sfp-seed
6z4L,https://news.example.invalid/articles/2026/10/story-1564803?utm_source=share&utm_medium=link&ref=sfp-seed
4Fin,https://news.example.invalid/articles/2026/10/story-1112055?utm_source=share&utm_medium=link&ref=sfp-seed
bI15,https://news.example.invalid/articles/2026/10/story-2790811?utm_source=share&utm_medium=link&ref=sfp-seed
y6ZZ,https://news.example.invalid/articles/2026/10/story-8130059?utm_source=share&utm_medium=link&ref=sfp-seed
o5q5,https://news.example.invalid/articles/2026/10/story-5740709?utm_source=share&utm_medium=link&ref=sfp-seed
daUc,https://news.example.invalid/articles/2026/10/story-3140188?utm_source=share&utm_medium=link&ref=sfp-seed
CTik,https://news.example.invalid/articles/2026/10/story-9269020?utm_source=share&utm_medium=link&ref=sfp-seed
wepN,https://news.example.invalid/articles/2026/10/story-7681911?utm_source=share&utm_medium=link&ref=sfp-seed
nWFm,https://news.example.invalid/articles/2026/10/story-5707060?utm_source=share&utm_medium=link&ref=sfp-seed
8a3k,https://news.example.invalid/articles/2026/10/story-1945270?utm_source=share&utm_medium=link&ref=sfp-seed
pJZw,https://news.example.invalid/articles/2026/10/story-6134994?utm_source=share&utm_medium=link&ref=sfp-seed
iH3O,https://news.example.invalid/articles/2026/10/story-4455432?utm_source=share&utm_medium=link&ref=sfp-seed
pFFl,https://news.example.invalid/articles/2026/10/story-6118367?utm_source=share&utm_medium=link&ref=sfp-seed
bCzP,https://news.example.invalid/articles/2026/10/story-2769901?utm_source=share&utm_medium=link&ref=sfp-seed
m3Du,https://news.example.invalid/articles/2026/10/story-5257196?utm_source=share&utm_medium=link&ref=sfp-seed
clIt,https://news.example.invalid/articles/2026/10/story-2943417?utm_source=share&utm_medium=link&ref=sfp-seed
ESVd,https://news.example.invalid/articles/2026/10/story-9744243?utm_source=share&utm_medium=link&ref=sfp-seed
4MbI,https://news.example.invalid/articles/2026/10/story-1138550?utm_source=share&utm_medium=link&ref=sfp-seed
m139,https://news.example.invalid/articles/2026/10/story-5247255?utm_source=share&utm_medium=link&ref=sfp-seed
3DfB,https://news.example.invalid/articles/2026/10/story-865867?utm_source=share&utm_medium=link&ref=sfp-seed
a2e4,https://news.example.invalid/articles/2026/10/story-2391840?utm_source=share&utm_medium=link&ref=sfp-seed
kj0M,https://news.example.invalid/articles/2026/10/story-4839644?utm_source=share&utm_medium=link&ref=sfp-seed
zjjo,https://news.example.invalid/articles/2026/10/story-8415718?utm_source=share&utm_medium=link&ref=sfp-seed
hV9X,https://news.example.invalid/articles/2026/10/story-4271301?utm_source=share&utm_medium=link&ref=sfp-seed
9U2W,https://news.example.invalid/articles/2026/10/story-2360398?utm_source=share&utm_medium=link&ref=sfp-seed
ElGT,https://news.example.invalid/articles/2026/10/story-9616503?utm_source=share&utm_medium=link&ref=sfp-seed
2FQo,https://news.example.invalid/articles/2026/10/story-637508?utm_source=share&utm_medium=link&ref=sfp-seed
nN3o,https://news.example.invalid/articles/2026/10/story-5670110?utm_source=share&utm_medium=link&ref=sfp-seed
8L5s,https://news.example.invalid/articles/2026/10/story-2087630?utm_source=share&utm_medium=link&ref=sfp-seed
jzKb,https://news.example.invalid/articles/2026/10/story-4665635?utm_source=share&utm_medium=link&ref=sfp-seed
rLlP,https://news.example.invalid/articles/2026/10/story-6616877?utm_source=share&utm_medium=link&ref=sfp-seed
zAEr,https://news.example.invalid/articles/2026/10/story-8482371?utm_source=share&utm_medium=link&ref=sfp-seed
vEDD,https://news.example.invalid/articles/2026/10/story-7544385?utm_source=share&utm_medium=link&ref=sfp-seed
mKFF,https://news.example.invalid/articles/2026/10/story-5422623?utm_source=share&utm_medium=link&ref=sfp-seed
d7pu,https://news.example.invalid/articles/2026/10/story-3126752?utm_source=share&utm_medium=link&ref=sfp-seed
wkfX,https://news.example.invalid/articles/2026/10/story-7704365?utm_source=share&utm_medium=link&ref=sfp-seed
7UKb,https://news.example.invalid/articles/2026/10/story-1886423?utm_source=share&utm_medium=link&ref=sfp-seed
bl7C,https://news.example.invalid/articles/2026/10/story-2702804?utm_source=share&utm_medium=link&ref=sfp-seed
a0Nt,https://news.example.invalid/articles/2026/10/story-2386347?utm_source=share&utm_medium=link&ref=sfp-seed
AyJx,https://news.example.invalid/articles/2026/10/story-8713327?utm_source=share&utm_medium=link&ref=sfp-seed
411N,https://news.example.invalid/articles/2026/10/story-957267?utm_source=share&utm_medium=link&ref=sfp-seed
inzB,https://news.example.invalid/articles/2026/10/story-4380523?utm_source=share&utm_medium=link&ref=sfp-seed
By6,https://news.example.invalid/articles/2026/10/story-144342?utm_source=share&utm_medium=link&ref=sfp-seed
fWUU,https://news.example.invalid/articles/2026/10/story-3801400?utm_source=share&utm_medium=link&ref=sfp-seed
bOTN,https://news.example.invalid/articles/2026/10/story-2817267?utm_source=share&utm_medium=link&ref=sfp-seed
DYSN,https://news.example.invalid/articles/2026/10/story-9528829?utm_source=share&utm_medium=link&ref=sfp-seed
nRha,https://news.example.invalid/articles/2026/10/story-5686340?utm_source=share&utm_medium=link&ref=sfp-seed
ztJs,https://news.example.invalid/articles/2026/10/story-8455774?utm_source=share&utm_medium=link&ref=sfp-seed
CAuC,https://news.example.invalid/articles/2026/10/story-9196746?utm_source=share&utm_medium=link&ref=sfp-seed
6Sew,https://news.example.invalid/articles/2026/10/story-1638444?utm_source=share&utm_medium=link&ref=sfp-seed
qTOW,https://news.example.invalid/articles/2026/10/story-6411106?utm_source=share&utm_medium=link&ref=sfp-seed
y5yW,https://news.example.invalid/articles/2026/10/story-8124538?utm_source=share&utm_medium=link&ref=sfp-seed
g3Bg,https://news.example.invalid/articles/2026/10/story-3827090?utm_source=share&utm_medium=link&ref=sfp-seed
vAtX,https://news.example.invalid/articles/2026/10/story-7528409?utm_source=share&utm_medium=link&ref=sfp-seed
9X1W,https://news.example.invalid/articles/2026/10/story-2371868?utm_source=share&utm_medium=link&ref=sfp-seed
dM5Q,https://news.example.invalid/articles/2026/10/story-3283138?utm_source=share&utm_medium=link&ref=sfp-seed
FBzs,https://news.example.invalid/articles/2026/10/story-9915874?utm_source=share&utm_medium=link&ref=sfp-seed
hEWq,https://news.example.invalid/articles/2026/10/story-4208958?utm_source=share&utm_medium=link&ref=sfp-seed
nCLW,https://news.example.invalid/articles/2026/10/story-5630588?utm_source=share&utm_medium=link&ref=sfp-seed
b6Cd,https://news.example.invalid/articles/2026/10/story-2647041?utm_source=share&utm_medium=link&ref=sfp-seed
hGuM,https://news.example.invalid/articles/2026/10/story-4214932?utm_source=share&utm_medium=link&ref=sfp-seed
zFGE,https://news.example.invalid/articles/2026/10/story-8501728?utm_source=share&utm_medium=link&ref=sfp-seed
boCA,https://news.example.invalid/articles/2026/10/story-2716256?utm_source=share&utm_medium=link&ref=sfp-seed
vtFd,https://news.example.invalid/articles/2026/10/story-7502199?utm_source=share&utm_medium=link&ref=sfp-seed
9Kb1,https://news.example.invalid/articles/2026/10/story-2322459?utm_source=share&utm_medium=link&ref=sfp-seed
ckPu,https://news.example.invalid/articles/2026/10/story-2940008?utm_source=share&utm_medium=link&ref=sfp-seed
4ULF,https://news.example.invalid/articles/2026/10/story-1171531?utm_source=share&utm_medium=link&ref=sfp-seed
e6rR,https://news.example.invalid/articles/2026/10/story-3361383?utm_source=share&utm_medium=link&ref=sfp-seed
qOxF,https://news.example.invalid/articles/2026/10/story-6390815?utm_source=share&utm_medium=link&ref=sfp-seed
aJRs,https://news.example.invalid/articles/2026/10/story-2559574?utm_source=share&utm_medium=link&ref=sfp-seed
1c3x,https://news.example.invalid/articles/2026/10/story-284675?utm_source=share&utm_medium=link&ref=sfp-seed
3HsP,https://news.example.invalid/articles/2026/10/story-882063?utm_source=share&utm_medium=link&ref=sfp-seed
oVMo,https://news.example.invalid/articles/2026/10/story-5941980?utm_source=share&utm_medium=link&ref=sfp-seed
nMk4,https://news.example.invalid/articles/2026/10/story-5667300?utm_source=share&utm_medium=link&ref=sfp-seed
d48Y,https://news.example.invalid/articles/2026/10/story-3114196?utm_source=share&utm_medium=link&ref=sfp-seed
xRVt,https://news.example.invalid/articles/2026/10/story-8072119?utm_source=share&utm_medium=link&ref=sfp-seed
hOfV,https://news.example.invalid/articles/2026/10/story-4244763?utm_source=share&utm_medium=link&ref=sfp-seed
bT8C,https://news.example.invalid/articles/2026/10/story-2833562?utm_source=share&utm_medium=link&ref=sfp-seed
1yFt,https://news.example.invalid/articles/2026/10/story-371595?utm_source=share&utm_medium=link&ref=sfp-seed
52Di,https://news.example.invalid/articles/2026/10/story-1201764?utm_source=share&utm_medium=link&ref=sfp-seed
77Th,https://news.example.invalid/articles/2026/10/story-1698631?utm_source=share&utm_medium=link&ref=sfp-seed
gSj0,https://news.example.invalid/articles/2026/10/story-4022002?utm_source=share&utm_medium=link&ref=sfp-seed
qHrC,https://news.example.invalid/articles/2026/10/story-6363532?utm_source=share&utm_medium=link&ref=sfp-seed
sR95,https://news.example.invalid/articles/2026/10/story-6877479?utm_source=share&utm_medium=link&ref=sfp-seed
5HhK,https://news.example.invalid/articles/2026/10/story-1358032?utm_source=share&utm_medium=link&ref=sfp-seed
kacm,https://news.example.invalid/articles/2026/10/story-4805766?utm_source=share&utm_medium=link&ref=sfp-seed
DUcs,https://news.example.invalid/articles/2026/10/story-9510828?utm_source=share&utm_medium=link&ref=sfp-seed
zs7E,https://news.example.invalid/articles/2026/10/story-8449586?utm_source=share&utm_medium=link&ref=sfp-seed
ggWx,https://news.example.invalid/articles/2026/10/story-3878381?utm_source=share&utm_medium=link&ref=sfp-seed
zYRs,https://news.example.invalid/articles/2026/10/story-8575434?utm_source=share&utm_medium=link&ref=sfp-seed
1uV4,https://news.example.invalid/articles/2026/10/story-357186?utm_source=share&utm_medium=link&ref=sfp-seed
57GU,https://news.example.invalid/articles/2026/10/story-1221208?utm_source=share&utm_medium=link&ref=sfp-seed
scIf,https://news.example.invalid/articles/2026/10/story-6722055?utm_source=share&utm_medium=link&ref=sfp-seed
jimN,https://news.example.invalid/articles/2026/10/story-4598837?utm_source=share&utm_medium=link&ref=sfp-seed
hYY2,https://news.example.invalid/articles/2026/10/story-4285938?utm_source=share&utm_medium=link&ref=sfp-seed
e4Gp,https://news.example.invalid/articles/2026/10/story-3354597?utm_source=share&utm_medium=link&ref=sfp-seed
Eu8p,https://news.example.invalid/articles/2026/10/story-9648961?utm_source=share&utm_medium=link&ref=sfp-seed
haIJ,https://news.example.invalid/articles/2026/10/story-4092789?utm_source=share&utm_medium=link&ref=sfp-seed
3QqH,https://news.example.invalid/articles/2026/10/story-916527?utm_source=share&utm_medium=link&ref=sfp-seed
ns9Q,https://news.example.invalid/articles/2026/10/story-5589786?utm_source=share&utm_medium=link&ref=sfp-seed
9d6r,https://news.example.invalid/articles/2026/10/story-2195323?utm_source=share&utm_medium=link&ref=sfp-seed
xTZ3,https://news.example.invalid/articles/2026/10/story-8080029?utm_source=share&utm_medium=link&ref=sfp-seed
iesQ,https://news.example.invalid/articles/2026/10/story-4345508?utm_source=share&utm_medium=link&ref=sfp-seed
clfi,https://news.example.invalid/articles/2026/10/story-2941608?utm_source=share&utm_medium=link&ref=sfp-seed
mWGR,https://news.example.invalid/articles/2026/10/story-5468825?utm_source=share&utm_medium=link&ref=sfp-seed
3jMe,https://news.example.invalid/articles/2026/10/story-791010?utm_source=share&utm_medium=link&ref=sfp-seed
txrg,https://news.example.invalid/articles/2026/10/story-7040054?utm_source=share&utm_medium=link&ref=sfp-seed
jUtc,https://news.example.invalid/articles/2026/10/story-4745306?utm_source=share&utm_medium=link&ref=sfp-seed
DOIn,https://news.example.invalid/articles/2026/10/story-9489743?utm_source=share&utm_medium=link&ref=sfp-seed
ALFb,https://news.example.invalid/articles/2026/10/story-8763029?utm_source=share&utm_medium=link&ref=sfp-seed
mIVt,https://news.example.invalid/articles/2026/10/story-5415915?utm_source=share&utm_medium=link&ref=sfp-seed
b6Li,https://news.example.invalid/articles/2026/10/story-2647604?utm_source=share&utm_medium=link&ref=sfp-seed
9bED,https://news.example.invalid/articles/2026/10/story-2189755?utm_source=share&utm_medium=link&ref=sfp-seed
5Q8b,https://news.example.invalid/articles/2026/10/story-1392035?utm_source=share&utm_medium=link&ref=sfp-seed
xMIP,https://news.example.invalid/articles/2026/10/story-8052115?utm_source=share&utm_medium=link&ref=sfp-seed
qDRj,https://news.example.invalid/articles/2026/10/story-6349749?utm_source=share&utm_medium=link&ref=sfp-seed
vI4K,https://news.example.invalid/articles/2026/10/story-7557598?utm_source=share&utm_medium=link&ref=sfp-seed
sXIo,https://news.example.invalid/articles/2026/10/story-6902732?utm_source=share&utm_medium=link&ref=sfp-seed
lCVr,https://news.example.invalid/articles/2026/10/story-5154521?utm_source=share&utm_medium=link&ref=sfp-seed
5jIt,https://news.example.invalid/articles/2026/10/story-1267433?utm_source=share&utm_medium=link&ref=sfp-seed
iWe1,https://news.example.invalid/articles/2026/10/story-4513725?utm_source=share&utm_medium=link&ref=sfp-seed
uWoJ,https://news.example.invalid/articles/2026/10/story-7374325?utm_source=share&utm_medium=link&ref=sfp-seed
uDKG,https://news.example.invalid/articles/2026/10/story-7302650?utm_source=share&utm_medium=link&ref=sfp-seed
vP8d,https://news.example.invalid/articles/2026/10/story-7584721?utm_source=share&utm_medium=link&ref=sfp-seed
z5XI,https://news.example.invalid/articles/2026/10/story-8364402?utm_source=share&utm_medium=link&ref=sfp-seed
8cli,https://news.example.invalid/articles/2026/10/story-1954072?utm_source=share&utm_medium=link&ref=sfp-seed
lFvc,https://news.example.invalid/articles/2026/10/story-5164426?utm_source=share&utm_medium=link&ref=sfp-seed
1FtW,https://news.example.invalid/articles/2026/10/story-397788?utm_source=share&utm_medium=link&ref=sfp-seed
qPSq,https://news.example.invalid/articles/2026/10/story-6395946?utm_source=share&utm_medium=link&ref=sfp-seed
lzV5,https://news.example.invalid/articles/2026/10/story-5142967?utm_source=share&utm_medium=link&ref=sfp-seed
48Dx,https://news.example.invalid/articles/2026/10/story-986515?utm_source=share&utm_medium=link&ref=sfp-seed
Aumm,https://news.example.invalid/articles/2026/10/story-8696514?utm_source=share&utm_medium=link&ref=sfp-seed
qUxY,https://news.example.invalid/articles/2026/10/story-6413898?utm_source=share&utm_medium=link&ref=sfp-seed
AQp7,https://news.example.invalid/articles/2026/10/story-8781253?utm_source=share&utm_medium=link&ref=sfp-seed
ErWq,https://news.example.invalid/articles/2026/10/story-9640530?utm_source=share&utm_medium=link&ref=sfp-seed
t0Mg,https://news.example.invalid/articles/2026/10/story-6914504?utm_source=share&utm_medium=link&ref=sfp-seed
yfcJ,https://news.example.invalid/articles/2026/10/story-8161601?utm_source=share&utm_medium=link&ref=sfp-seed
xitO,https://news.example.invalid/articles/2026/10/story-7935864?utm_source=share&utm_medium=link&ref=sfp-seed
qD0C,https://news.example.invalid/articles/2026/10/story-6346482?utm_source=share&utm_medium=link&ref=sfp-seed
kz2L,https://news.example.invalid/articles/2026/10/story-4901271?utm_source=share&utm_medium=link&ref=sfp-seed
vWVQ,https://news.example.invalid/articles/2026/10/story-7614706?utm_source=share&utm_medium=link&ref=sfp-seed
okyS,https://news.example.invalid/articles/2026/10/story-5798914?utm_source=share&utm_medium=link&ref=sfp-seed
aHSM,https://news.example.invalid/articles/2026/10/story-2551968?utm_source=share&utm_medium=link&ref=sfp-seed
jt1P,https://news.example.invalid/articles/2026/10/story-4639821?utm_source=share&utm_medium=link&ref=sfp-seed
zXv4,https://news.example.invalid/articles/2026/10/story-8570202?utm_source=share&utm_medium=link&ref=sfp-seed
jRRS,https://news.example.invalid/articles/2026/10/story-4735304?utm_source=share&utm_medium=link&ref=sfp-seed
zYTG,https://news.example.invalid/articles/2026/10/story-8575572?utm_source=share&utm_medium=link&ref=sfp-seed
z3cX,https://news.example.invalid/articles/2026/10/story-8353815?utm_source=share&utm_medium=link&ref=sfp-seed
AShg,https://news.example.invalid/articles/2026/10/story-8788454?utm_source=share&utm_medium=link&ref=sfp-seed
C5M4,https://news.example.invalid/articles/2026/10/story-9078664?utm_source=share&utm_medium=link&ref=sfp-seed
aQ2j,https://news.example.invalid/articles/2026/10/story-2583311?utm_source=share&utm_medium=link&ref=sfp-seed
dXXA,https://news.example.invalid/articles/2026/10/story-3328754?utm_source=share&utm_medium=link&ref=sfp-seed
iuPm,https://news.example.invalid/articles/2026/10/story-4408408?utm_source=share&utm_medium=link&ref=sfp-seed
eMzy,https://news.example.invalid/articles/2026/10/story-3523308?utm_source=share&utm_medium=link&ref=sfp-seed
Am8G,https://news.example.invalid/articles/2026/10/story-8664914?utm_source=share&utm_medium=link&ref=sfp-seed
2dOO,https://news.example.invalid/articles/2026/10/story-529778?utm_source=share&utm_medium=link&ref=sfp-seed
yaUh,https://news.example.invalid/articles/2026/10/story-8145081?utm_source=share&utm_medium=link&ref=sfp-seed
xyIl,https://news.example.invalid/articles/2026/10/story-7998269?utm_source=share&utm_medium=link&ref=sfp-seed
BjE0,https://news.example.invalid/articles/2026/10/story-8893652?utm_source=share&utm_medium=link&ref=sfp-seed
mwcO,https://news.example.invalid/articles/2026/10/story-5367018?utm_source=share&utm_medium=link&ref=sfp-seed
AH47,https://news.example.invalid/articles/2026/10/story-8745355?utm_source=share&utm_medium=link&ref=sfp-seed
nIr8,https://news.example.invalid/articles/2026/10/story-5652362?utm_source=share&utm_medium=link&ref=sfp-seed
sNn6,https://news.example.invalid/articles/2026/10/story-6862972?utm_source=share&utm_medium=link&ref=sfp-seed
r1Wh,https://news.example.invalid/articles/2026/10/story-6442313?utm_source=share&utm_medium=link&ref=sfp-seed
xPjW,https://news.example.invalid/articles/2026/10/story-8062104?utm_source=share&utm_medium=link&ref=sfp-seed
kLLX,https://news.example.invalid/articles/2026/10/story-4950201?utm_source=share&utm_medium=link&ref=sfp-seed
Bjaa,https://news.example.invalid/articles/2026/10/story-8891802?utm_source=share&utm_medium=link&ref=sfp-seed
gIjG,https://news.example.invalid/articles/2026/10/story-3983604?utm_source=share&utm_medium=link&ref=sfp-seed
kZYe,https://news.example.invalid/articles/2026/10/story-5004778?utm_source=share&utm_medium=link&ref=sfp-seed
dUHJ,https://news.example.invalid/articles/2026/10/story-3316239?utm_source=share&utm_medium=link&ref=sfp-seed
aJOo,https://news.example.invalid/articles/2026/10/story-2559384?utm_source=share&utm_medium=link&ref=sfp-seed
oABB,https://news.example.invalid/articles/2026/10/story-5860587?utm_source=share&utm_medium=link&ref=sfp-seed
AH25,https://news.example.invalid/articles/2026/10/story-8745229?utm_source=share&utm_medium=link&ref=sfp-seed
dvMU,https://news.example.invalid/articles/2026/10/story-3220460?utm_source=share&utm_medium=link&ref=sfp-seed
8LCh,https://news.example.invalid/articles/2026/10/story-2089665?utm_source=share&utm_medium=link&ref=sfp-seed
lzUb,https://news.example.invalid/articles/2026/10/story-5142911?utm_source=share&utm_medium=link&ref=sfp-seed
eRPO,https://news.example.invalid/articles/2026/10/story-3543536?utm_source=share&utm_medium=link&ref=sfp-seed
o50A,https://news.example.invalid/articles/2026/10/story-5739128?utm_source=share&utm_medium=link&ref=sfp-seed
FmEl,https://news.example.invalid/articles/2026/10/story-9858517?utm_source=share&utm_medium=link&ref=sfp-seed
DOvh,https://news.example.invalid/articles/2026/10/story-9488931?utm_source=share&utm_medium=link&ref=sfp-seed
mgOb,https://news.example.invalid/articles/2026/10/story-5307831?utm_source=share&utm_medium=link&ref=sfp-seed
g4Cg,https://news.example.invalid/articles/2026/10/story-3830996?utm_source=share&utm_medium=link&ref=sfp-seed
j43K,https://news.example.invalid/articles/2026/10/story-4543840?utm_source=share&utm_medium=link&ref=sfp-seed
9vUJ,https://news.example.invalid/articles/2026/10/story-2267633?utm_source=share&utm_medium=link&ref=sfp-seed
FDNz,https://news.example.invalid/articles/2026/10/story-9924437?utm_source=share&utm_medium=link&ref=sfp-seed
ephH,https://news.example.invalid/articles/2026/10/story-3433789?utm_source=share&utm_medium=link&ref=sfp-seed
lFKr,https://news.example.invalid/articles/2026/10/story-5165371?utm_source=share&utm_medium=link&ref=sfp-seed
CVCz,https://news.example.invalid/articles/2026/10/story-9277963?utm_source=share&utm_medium=link&ref=sfp-seed
mgDT,https://news.example.invalid/articles/2026/10/story-5307193?utm_source=share&utm_medium=link&ref=sfp-seed
1BUE,https://news.example.invalid/articles/2026/10/story-384068?utm_source=share&utm_medium=link&ref=sfp-seed
BrW5,https://news.example.invalid/articles/2026/10/story-8925525?utm_source=share&utm_medium=link&ref=sfp-seed
5vH3,https://news.example.invalid/articles/2026/10/story-1313473?utm_source=share&utm_medium=link&ref=sfp-seed
ymyJ,https://news.example.invalid/articles/2026/10/story-8189873?utm_source=share&utm_medium=link&ref=sfp-seed
zvlT,https://news.example.invalid/articles/2026/10/story-8462001?utm_source=share&utm_medium=link&ref=sfp-seed
6JQc,https://news.example.invalid/articles/2026/10/story-1606184?utm_source=share&utm_medium=link&ref=sfp-seed
9aVf,https://news.example.invalid/articles/2026/10/story-2186941?utm_source=share&utm_medium=link&ref=sfp-seed
E4fU,https://news.example.invalid/articles/2026/10/story-9549482?utm_source=share&utm_medium=link&ref=sfp-seed
pfbb,https://news.example.invalid/articles/2026/10/story-6016553?utm_source=share&utm_medium=link&ref=sfp-seed
5sfw,https://news.example.invalid/articles/2026/10/story-1300234?utm_source=share&utm_medium=link&ref=sfp-seed
ult7,https://news.example.invalid/articles/2026/10/story-7232369?utm_source=share&utm_medium=link&ref=sfp-seed
w319,https://news.example.invalid/articles/2026/10/story-7638099?utm_source=share&utm_medium=link&ref=sfp-seed
i8QZ,https://news.example.invalid/articles/2026/10/story-4323941?utm_source=share&utm_medium=link&ref=sfp-seed
1Zgv,https://news.example.invalid/articles/2026/10/story-473835?utm_source=share&utm_medium=link&ref=sfp-seed
c19S,https://news.example.invalid/articles/2026/10/story-2864392?utm_source=share&utm_medium=link&ref=sfp-seed
4dzE,https://news.example.invalid/articles/2026/10/story-1005494?utm_source=share&utm_medium=link&ref=sfp-seed
4Kvs,https://news.example.invalid/articles/2026/10/story-1132086?utm_source=share&utm_medium=link&ref=sfp-seed
donJ,https://news.example.invalid/articles/2026/10/story-3191991?utm_source=share&utm_medium=link&ref=sfp-seed
xjIv,https://news.example.invalid/articles/2026/10/story-7940619?utm_source=share&utm_medium=link&ref=sfp-seed
BLqg,https://news.example.invalid/articles/2026/10/story-9000432?utm_source=share&utm_medium=link&ref=sfp-seed
pEUA,https://news.example.invalid/articles/2026/10/story-6115468?utm_source=share&utm_medium=link&ref=sfp-seed
Bkj7,https://news.example.invalid/articles/2026/10/story-8896201?utm_source=share&utm_medium=link&ref=sfp-seed
iCrH,https://news.example.invalid/articles/2026/10/story-4437693?utm_source=share&utm_medium=link&ref=sfp-seed
ioMd,https://news.example.invalid/articles/2026/10/story-4385149?utm_source=share&utm_medium=link&ref=sfp-seed
ukMg,https://news.example.invalid/articles/2026/10/story-7229712?utm_source=share&utm_medium=link&ref=sfp-seed
ahgF,https://news.example.invalid/articles/2026/10/story-2449661?utm_source=share&utm_medium=link&ref=sfp-seed
mNaW,https://news.example.invalid/articles/2026/10/story-5432250?utm_source=share&utm_medium=link&ref=sfp-seed
7ZpA,https://news.example.invalid/articles/2026/10/story-1904366?utm_source=share&utm_medium=link&ref=sfp-seed
rwNe,https://news.example.invalid/articles/2026/10/story-6560916?utm_source=share&utm_medium=link&ref=sfp-seed
fNz2,https://news.example.invalid/articles/2026/10/story-3765448?utm_source=share&utm_medium=link&ref=sfp-seed
jISq,https://news.example.invalid/articles/2026/10/story-4700742?utm_source=share&utm_medium=link&ref=sfp-seed
EBni,https://news.example.invalid/articles/2026/10/story-9676792?utm_source=share&utm_medium=link&ref=sfp-seed
gw2T,https://news.example.invalid/articles/2026/10/story-3936435?utm_source=share&utm_medium=link&ref=sfp-seed
hd2E,https://news.example.invalid/articles/2026/10/story-4101712?utm_source=share&utm_medium=link&ref=sfp-seed
w5it,https://news.example.invalid/articles/2026/10/story-7646861?utm_source=share&utm_medium=link&ref=sfp-seed
CLlu,https://news.example.invalid/articles/2026/10/story-9238464?utm_source=share&utm_medium=link&ref=sfp-seed
kcS5,https://news.example.invalid/articles/2026/10/story-4816041?utm_source=share&utm_medium=link&ref=sfp-seed
5i3F,https://news.example.invalid/articles/2026/10/story-1261059?utm_source=share&utm_medium=link&ref=sfp-seed
fNmJ,https://news.example.invalid/articles/2026/10/story-3764685?utm_source=share&utm_medium=link&ref=sfp-seed
E6vL,https://news.example.invalid/articles/2026/10/story-9558153?utm_source=share&utm_medium=link&ref=sfp-seed
v6cn,https://news.example.invalid/articles/2026/10/story-7411999?utm_source=share&utm_medium=link&ref=sfp-seed
8J3R,https://news.example.invalid/articles/2026/10/story-2079843?utm_source=share&utm_medium=link&ref=sfp-seed
goeh,https://news.example.invalid/articles/2026/10/story-3906389?utm_source=share&utm_medium=link&ref=sfp-seed
8do5,https://news.example.invalid/articles/2026/10/story-1958089?utm_source=share&utm_medium=link&ref=sfp-seed
gMlw,https://news.example.invalid/articles/2026/10/story-3999094?utm_source=share&utm_medium=link&ref=sfp-seed
3zDp,https://news.example.invalid/articles/2026/10/story-851967?utm_source=share&utm_medium=link&ref=sfp-seed
yxXq,https://news.example.invalid/articles/2026/10/story-8233688?utm_source=share&utm_medium=link&ref=sfp-seed
rh8c,https://news.example.invalid/articles/2026/10/story-6500712?utm_source=share&utm_medium=link&ref=sfp-seed
AQqO,https://news.example.invalid/articles/2026/10/story-8781358?utm_source=share&utm_medium=link&ref=sfp-seed
1O9V,https://news.example.invalid/articles/2026/10/story-431143?utm_source=share&utm_medium=link&ref=sfp-seed
aI5y,https://news.example.invalid/articles/2026/10/story-2552760?utm_source=share&utm_medium=link&ref=sfp-seed
cfpF,https://news.example.invalid/articles/2026/10/story-2919187?utm_source=share&utm_medium=link&ref=sfp-seed
syPB,https://news.example.invalid/articles/2026/10/story-6807079?utm_source=share&utm_medium=link&ref=sfp-seed
qNJn,https://news.example.invalid/articles/2026/10/story-6387697?utm_source=share&utm_medium=link&ref=sfp-seed
z3bV,https://news.example.invalid/articles/2026/10/story-8353751?utm_source=share&utm_medium=link&ref=sfp-seed
h3Y5,https://news.example.invalid/articles/2026/10/story-4066833?utm_source=share&utm_medium=link&ref=sfp-seed
t1Kl,https://news.example.invalid/articles/2026/10/story-6918229?utm_source=share&utm_medium=link&ref=sfp-seed
pEZs,https://news.example.invalid/articles/2026/10/story-6115770?utm_source=share&utm_medium=link&ref=sfp-seed
cyYO,https://news.example.invalid/articles/2026/10/story-2994402?utm_source=share&utm_medium=link&ref=sfp-seed
smG0,https://news.example.invalid/articles/2026/10/story-6760356?utm_source=share&utm_medium=link&ref=sfp-seed
wTsI,https://news.example.invalid/articles/2026/10/story-7839696?utm_source=share&utm_medium=link&ref=sfp-seed
o2bD,https://news.example.invalid/articles/2026/10/story-5728281?utm_source=share&utm_medium=link&ref=sfp-seed
cqRL,https://news.example.invalid/articles/2026/10/story-2963213?utm_source=share&utm_medium=link&ref=sfp-seed
pOyS,https://news.example.invalid/articles/2026/10/story-6152562?utm_source=share&utm_medium=link&ref=sfp-seed
hiYZ,https://news.example.invalid/articles/2026/10/story-4124549?utm_source=share&utm_medium=link&ref=sfp-seed
d80d,https://news.example.invalid/articles/2026/10/story-3129029?utm_source=share&utm_medium=link&ref=sfp-seed
uCGV,https://news.example.invalid/articles/2026/10/story-7298573?utm_source=share&utm_medium=link&ref=sfp-seed
w1S1,https://news.example.invalid/articles/2026/10/story-7633689?utm_source=share&utm_medium=link&ref=sfp-seed
qp57,https://news.example.invalid/articles/2026/10/story-6292945?utm_source=share&utm_medium=link&ref=sfp-seed
t3U8,https://news.example.invalid/articles/2026/10/story-6926524?utm_source=share&utm_medium=link&ref=sfp-seed
xtzy,https://news.example.invalid/articles/2026/10/story-7978504?utm_source=share&utm_medium=link&ref=sfp-seed
qwpv,https://news.example.invalid/articles/2026/10/story-6321117?utm_source=share&utm_medium=link&ref=sfp-seed
uIrc,https://news.example.invalid/articles/2026/10/story-7320662?utm_source=share&utm_medium=link&ref=sfp-seed
lQOh,https://news.example.invalid/articles/2026/10/story-5207893?utm_source=share&utm_medium=link&ref=sfp-seed
tdBw,https://news.example.invalid/articles/2026/10/story-6963810?utm_source=share&utm_medium=link&ref=sfp-seed
ANUC,https://news.example.invalid/articles/2026/10/story-8771674?utm_source=share&utm_medium=link&ref=sfp-seed
2j6Q,https://news.example.invalid/articles/2026/10/story-550116?utm_source=share&utm_medium=link&ref=sfp-seed
mGTt,https://news.example.invalid/articles/2026/10/story-5408103?utm_source=share&utm_medium=link&ref=sfp-seed
3QBh,https://news.example.invalid/articles/2026/10/story-917183?utm_source=share&utm_medium=link&ref=sfp-seed
FdVF,https://news.example.invalid/articles/2026/10/story-9824995?utm_source=share&utm_medium=link&ref=sfp-seed
ttUE,https://news.example.invalid/articles/2026/10/story-7026500?utm_source=share&utm_medium=link&ref=sfp-seed
peBl,https://news.example.invalid/articles/2026/10/story-6014331?utm_source=share&utm_medium=link&ref=sfp-seed
EGZX,https://news.example.invalid/articles/2026/10/story-9698409?utm_source=share&utm_medium=link&ref=sfp-seed
ztFL,https://news.example.invalid/articles/2026/10/story-8455545?utm_source=share&utm_medium=link&ref=sfp-seed
kkop,https://news.example.invalid/articles/2026/10/story-4844953?utm_source=share&utm_medium=link&ref=sfp-seed
8obl,https://news.example.invalid/articles/2026/10/story-1999583?utm_source=share&utm_medium=link&ref=sfp-seed
b7yd,https://news.example.invalid/articles/2026/10/story-2650637?utm_source=share&utm_medium=link&ref=sfp-seed
oMjf,https://news.example.invalid/articles/2026/10/story-5905577?utm_source=share&utm_medium=link&ref=sfp-seed
Bo17,https://news.example.invalid/articles/2026/10/story-8910461?utm_source=share&utm_medium=link&ref=sfp-seed
EiGV,https://news.example.invalid/articles/2026/10/story-9604973?utm_source=share&utm_medium=link&ref=sfp-seed
c5hA,https://news.example.invalid/articles/2026/10/story-2880246?utm_source=share&utm_medium=link&ref=sfp-seed
ufXa,https://news.example.invalid/articles/2026/10/story-7211168?utm_source=share&utm_medium=link&ref=sfp-seed
omLT,https://news.example.invalid/articles/2026/10/story-5807409?utm_source=share&utm_medium=link&ref=sfp-seed
CSt2,https://news.example.invalid/articles/2026/10/story-9265840?utm_source=share&utm_medium=link&ref=sfp-seed
iApe,https://news.example.invalid/articles/2026/10/story-4429852?utm_source=share&utm_medium=link&ref=sfp-seed
bQtp,https://news.example.invalid/articles/2026/10/story-2823319?utm_source=share&utm_medium=link&ref=sfp-seed
cPRw,https://news.example.invalid/articles/2026/10/story-3059298?utm_source=share&utm_medium=link&ref=sfp-seed
p8UX,https://news.example.invalid/articles/2026/10/story-5992483?utm_source=share&utm_medium=link&ref=sfp-seed
tVbF,https://news.example.invalid/articles/2026/10/story-7131343?utm_source=share&utm_medium=link&ref=sfp-seed
xo4P,https://news.example.invalid/articles/2026/10/story-7957379?utm_source=share&utm_medium=link&ref=sfp-seed
4NlI,https://news.example.invalid/articles/2026/10/story-1143014?utm_source=share&utm_medium=link&ref=sfp-seed
psle,https://news.example.invalid/articles/2026/10/story-6067148?utm_source=share&utm_medium=link&ref=sfp-seed
D3ZU,https://news.example.invalid/articles/2026/10/story-9310162?utm_source=share&utm_medium=link&ref=sfp-seed
BKe9,https://news.example.invalid/articles/2026/10/story-8995837?utm_source=share&utm_medium=link&ref=sfp-seed
8jWt,https://news.example.invalid/articles/2026/10/story-1983285?utm_source=share&utm_medium=link&ref=sfp-seed
2PpM,https://news.example.invalid/articles/2026/10/story-674298?utm_source=share&utm_medium=link&ref=sfp-seed
t3nu,https://news.example.invalid/articles/2026/10/story-6924500?utm_source=share&utm_medium=link&ref=sfp-seed
ibFv,https://news.example.invalid/articles/2026/10/story-4334761?utm_source=share&utm_medium=link&ref=sfp-seed
bdck,https://news.example.invalid/articles/2026/10/story-2672344?utm_source=share&utm_medium=link&ref=sfp-seed
nIoe,https://news.example.invalid/articles/2026/10/story-5652182?utm_source=share&utm_medium=link&ref=sfp-seed
xjIR,https://news.example.invalid/articles/2026/10/story-7940641?utm_source=share&utm_medium=link&ref=sfp-seed
rLZS,https://news.example.invalid/articles/2026/10/story-6619360?utm_source=share&utm_medium=link&ref=sfp-seed
oYk2,https://news.example.invalid/articles/2026/10/story-5951754?utm_source=share&utm_medium=link&ref=sfp-seed
rhcn,https://news.example.invalid/articles/2026/10/story-6500971?utm_source=share&utm_medium=link&ref=sfp-seed
yKbe,https://news.example.invalid/articles/2026/10/story-8280672?utm_source=share&utm_medium=link&ref=sfp-seed
w2sR,https://news.example.invalid/articles/2026/10/story-7635973?utm_source=share&utm_medium=link&ref=sfp-seed
xR9Z,https://news.example.invalid/articles/2026/10/story-8069175?utm_source=share&utm_medium=link&ref=sfp-seed
CycP,https://news.example.invalid/articles/2026/10/story-9187955?utm_source=share&utm_medium=link&ref=sfp-seed
xLoz,https://news.example.invalid/articles/2026/10/story-8047015?utm_source=share&utm_medium=link&ref=sfp-seed
C5O6,https://news.example.invalid/articles/2026/10/story-9078790?utm_source=share&utm_medium=link&ref=sfp-seed
DRM6,https://news.example.invalid/articles/2026/10/story-9501506?utm_source=share&utm_medium=link&ref=sfp-seed
yTrb,https://news.example.invalid/articles/2026/10/story-8316257?utm_source=share&utm_medium=link&ref=sfp-seed
p0Ll,https://news.example.invalid/articles/2026/10/story-5961135?utm_source=share&utm_medium=link&ref=sfp-seed
ddjt,https://news.example.invalid/articles/2026/10/story-3149443?utm_source=share&utm_medium=link&ref=sfp-seed
mZlH,https://news.example.invalid/articles/2026/10/story-5479045?utm_source=share&utm_medium=link&ref=sfp-seed
akcS,https://news.example.invalid/articles/2026/10/story-2460958?utm_source=share&utm_medium=link&ref=sfp-seed
l3Rd,https://news.example.invalid/articles/2026/10/story-5019719?utm_source=share&utm_medium=link&ref=sfp-seed
Du4b,https://news.example.invalid/articles/2026/10/story-9410371?utm_source=share&utm_medium=link&ref=sfp-seed
1ZiH,https://news.example.invalid/articles/2026/10/story-473971?utm_source=share&utm_medium=link&ref=sfp-seed
1viG,https://news.example.invalid/articles/2026/10/story-358650?utm_source=share&utm_medium=link&ref=sfp-seed
wIC0,https://news.example.invalid/articles/2026/10/story-7797988?utm_source=share&utm_medium=link&ref=sfp-seed
m0KU,https://news.example.invalid/articles/2026/10/story-5246124?utm_source=share&utm_medium=link&ref=sfp-seed
D7PP,https://news.example.invalid/articles/2026/10/story-9324913?utm_source=share&utm_medium=link&ref=sfp-seed
EwkX,https://news.example.invalid/articles/2026/10/story-9657427?utm_source=share&utm_medium=link&ref=sfp-seed
oUVc,https://news.example.invalid/articles/2026/10/story-5938682?utm_source=share&utm_medium=link&ref=sfp-seed
cNwF,https://news.example.invalid/articles/2026/10/story-3050317?utm_source=share&utm_medium=link&ref=sfp-seed
kCiS,https://news.example.invalid/articles/2026/10/story-4913802?utm_source=share&utm_medium=link&ref=sfp-seed
zXzv,https://news.example.invalid/articles/2026/10/story-8570477?utm_source=share&utm_medium=link&ref=sfp-seed
3hMX,https://news.example.invalid/articles/2026/10/story-783367?utm_source=share&utm_medium=link&ref=sfp-seed
Cs6V,https://news.example.invalid/articles/2026/10/story-9164525?utm_source=share&utm_medium=link&ref=sfp-seed
qJfv,https://news.example.invalid/articles/2026/10/story-6370469?utm_source=share&utm_medium=link&ref=sfp-seed
lmVa,https://news.example.invalid/articles/2026/10/story-5093000?utm_source=share&utm_medium=link&ref=sfp-seed
Fo8t,https://news.example.invalid/articles/2026/10/story-9864229?utm_source=share&utm_medium=link&ref=sfp-seed
4YhE,https://news.example.invalid/articles/2026/10/story-1185046?utm_source=share&utm_medium=link&ref=sfp-seed
o9YP,https://news.example.invalid/articles/2026/10/story-5758239?utm_source=share&utm_medium=link&ref=sfp-seed
CPyd,https://news.example.invalid/articles/2026/10/story-9254629?utm_source=share&utm_medium=link&ref=sfp-seed
ADvo,https://news.example.invalid/articles/2026/10/story-8731670?utm_source=share&utm_medium=link&ref=sfp-seed
AMMa,https://news.example.invalid/articles/2026/10/story-8767306?utm_source=share&utm_medium=link&ref=sfp-seed
1cuK,https://news.example.invalid/articles/2026/10/story-286362?utm_source=share&utm_medium=link&ref=sfp-seed
3zHM,https://news.example.invalid/articles/2026/10/story-852238?utm_source=share&utm_medium=link&ref=sfp-seed
Fo59,https://news.example.invalid/articles/2026/10/story-9864023?utm_source=share&utm_medium=link&ref=sfp-seed
z3Vy,https://news.example.invalid/articles/2026/10/story-8356580?utm_source=share&utm_medium=link&ref=sfp-seed
6l9h,https://news.example.invalid/articles/2026/10/story-1511267?utm_source=share&utm_medium=link&ref=sfp-seed
3DAm,https://news.example.invalid/articles/2026/10/story-867154?utm_source=share&utm_medium=link&ref=sfp-seed
xBUZ,https://news.example.invalid/articles/2026/10/story-8010585?utm_source=share&utm_medium=link&ref=sfp-seed
AYYv,https://news.example.invalid/articles/2026/10/story-8814199?utm_source=share&utm_medium=link&ref=sfp-seed
4vw4,https://news.example.invalid/articles/2026/10/story-1074464?utm_source=share&utm_medium=link&ref=sfp-seed
1Yt0,https://news.example.invalid/articles/2026/10/story-470766?utm_source=share&utm_medium=link&ref=sfp-seed
9152,https://news.example.invalid/articles/2026/10/story-2149108?utm_source=share&utm_medium=link&ref=sfp-seed
prLt,https://news.example.invalid/articles/2026/10/story-6064931?utm_source=share&utm_medium=link&ref=sfp-seed
2Kni,https://news.example.invalid/articles/2026/10/story-654924?utm_source=share&utm_medium=link&ref=sfp-seed
mYnQ,https://news.example.invalid/articles/2026/10/story-5475334?utm_source=share&utm_medium=link&ref=sfp-seed
Eq20,https://news.example.invalid/articles/2026/10/story-9633188?utm_source=share&utm_medium=link&ref=sfp-seed
ENhK,https://news.example.invalid/articles/2026/10/story-9722576?utm_source=share&utm_medium=link&ref=sfp-seed
gbXf,https://news.example.invalid/articles/2026/10/story-3859205?utm_source=share&utm_medium=link&ref=sfp-seed
1GW4,https://news.example.invalid/articles/2026/10/story-403376?utm_source=share&utm_medium=link&ref=sfp-seed
fkTz,https://news.example.invalid/articles/2026/10/story-3655245?utm_source=share&utm_medium=link&ref=sfp-seed
lu7q,https://news.example.invalid/articles/2026/10/story-5120668?utm_source=share&utm_medium=link&ref=sfp-seed
UYK,https://news.example.invalid/articles/2026/10/story-219030?utm_source=share&utm_medium=link&ref=sfp-seed
DtrT,https://news.example.invalid/articles/2026/10/story-9407997?utm_source=share&utm_medium=link&ref=sfp-seed
cXES,https://news.example.invalid/articles/2026/10/story-3089266?utm_source=share&utm_medium=link&ref=sfp-seed
fA4P,https://news.example.invalid/articles/2026/10/story-3713603?utm_source=share&utm_medium=link&ref=sfp-seed
qGs5,https://news.example.invalid/articles/2026/10/story-6359717?utm_source=share&utm_medium=link&ref=sfp-seed
4MSb,https://news.example.invalid/articles/2026/10/story-1141183?utm_source=share&utm_medium=link&ref=sfp-seed
bvfj,https://news.example.invalid/articles/2026/10/story-2741721?utm_source=share&utm_medium=link&ref=sfp-seed
6w2p,https://news.example.invalid/articles/2026/10/story-1553125?utm_source=share&utm_medium=link&ref=sfp-seed
AfYY,https://news.example.invalid/articles/2026/10/story-8641248?utm_source=share&utm_medium=link&ref=sfp-seed
tx54,https://news.example.invalid/articles/2026/10/story-7038678?utm_source=share&utm_medium=link&ref=sfp-seed
7WvH,https://news.example.invalid/articles/2026/10/story-1893213?utm_source=share&utm_medium=link&ref=sfp-seed
D7ob,https://news.example.invalid/articles/2026/10/story-9323199?utm_source=share&utm_medium=link&ref=sfp-seed
yYo1,https://news.example.invalid/articles/2026/10/story-8335281?utm_source=share&utm_medium=link&ref=sfp-seed
A8WV,https://news.example.invalid/articles/2026/10/story-8614213?utm_source=share&utm_medium=link&ref=sfp-seed
kRD6,https://news.example.invalid/articles/2026/10/story-4972716?utm_source=share&utm_medium=link&ref=sfp-seed
gk5m,https://news.example.invalid/articles/2026/10/story-3890460?utm_source=share&utm_medium=link&ref=sfp-seed
17mv,https://news.example.invalid/articles/2026/10/story-266631?utm_source=share&utm_medium=link&ref=sfp-seed
my90,https://news.example.invalid/articles/2026/10/story-5374470?utm_source=share&utm_medium=link&ref=sfp-seed
4G8G,https://news.example.invalid/articles/2026/10/story-1115298?utm_source=share&utm_medium=link&ref=sfp-seed
mUux,https://news.example.invalid/articles/2026/10/story-5460373?utm_source=share&utm_medium=link&ref=sfp-seed
m3M7,https://news.example.invalid/articles/2026/10/story-5257731?utm_source=share&utm_medium=link&ref=sfp-seed
xlWG,https://news.example.invalid/articles/2026/10/story-7949186?utm_source=share&utm_medium=link&ref=sfp-seed
ppQR,https://news.example.invalid/articles/2026/10/story-6057577?utm_source=share&utm_medium=link&ref=sfp-seed
fK8f,https://news.example.invalid/articles/2026/10/story-3752255?utm_source=share&utm_medium=link&ref=sfp-seed
p5NA,https://news.example.invalid/articles/2026/10/story-5980494?utm_source=share&utm_medium=link&ref=sfp-seed
nBKs,https://news.example.invalid/articles/2026/10/story-5626652?utm_source=share&utm_medium=link&ref=sfp-seed
7nep,https://news.example.invalid/articles/2026/10/story-1757601?utm_source=share&utm_medium=link&ref=sfp-seed
yB7,https://news.example.invalid/articles/2026/10/story-132997?utm_source=share&utm_medium=link&ref=sfp-seed
aRwW,https://news.example.invalid/articles/2026/10/story-2589054?utm_source=share&utm_medium=link&ref=sfp-seed
h0DS,https://news.example.invalid/articles/2026/10/story-4054048?utm_source=share&utm_medium=link&ref=sfp-seed
qoo,https://news.example.invalid/articles/2026/10/story-101456?utm_source=share&utm_medium=link&ref=sfp-seed
mX5q,https://news.example.invalid/articles/2026/10/story-5470348?utm_source=share&utm_medium=link&ref=sfp-seed
Cgrt,https://news.example.invalid/articles/2026/10/story-9119671?utm_source=share&utm_medium=link&ref=sfp-seed
Dk9D,https://news.example.invalid/articles/2026/10/story-9372269?utm_source=share&utm_medium=link&ref=sfp-seed
8gCb,https://news.example.invalid/articles/2026/10/story-1970495?utm_source=share&utm_medium=link&ref=sfp-seed
oUmu,https://news.example.invalid/articles/2026/10/story-5936530?utm_source=share&utm_medium=link&ref=sfp-seed
mRun,https://news.example.invalid/articles/2026/10/story-5448831?utm_source=share&utm_medium=link&ref=sfp-seed
ak9K,https://news.example.invalid/articles/2026/10/story-2460764?utm_source=share&utm_medium=link&ref=sfp-seed
zeDU,https://news.example.invalid/articles/2026/10/story-8397770?utm_source=share&utm_medium=link&ref=sfp-seed
2eh7,https://news.example.invalid/articles/2026/10/story-531533?utm_source=share&utm_medium=link&ref=sfp-seed
2X3c,https://news.example.invalid/articles/2026/10/story-703650?utm_source=share&utm_medium=link&ref=sfp-seed
frey,https://news.example.invalid/articles/2026/10/story-3679610?utm_source=share&utm_medium=link&ref=sfp-seed
zGKq,https://news.example.invalid/articles/2026/10/story-8505806?utm_source=share&utm_medium=link&ref=sfp-seed
kbTw,https://news.example.invalid/articles/2026/10/story-4812286?utm_source=share&utm_medium=link&ref=sfp-seed
goeR,https://news.example.invalid/articles/2026/10/story-3906425?utm_source=share&utm_medium=link&ref=sfp-seed
xt4Z,https://news.example.invalid/articles/2026/10/story-7976609?utm_source=share&utm_medium=link&ref=sfp-seed
eOi7,https://news.example.invalid/articles/2026/10/story-3529915?utm_source=share&utm_medium=link&ref=sfp-seed
vPEm,https://news.example.invalid/articles/2026/10/story-7586714?utm_source=share&utm_medium=link&ref=sfp-seed
gVf0,https://news.example.invalid/articles/2026/10/story-4033286?utm_source=share&utm_medium=link&ref=sfp-seed
2MPL,https://news.example.invalid/articles/2026/10/story-664377?utm_source=share&utm_medium=link&ref=sfp-seed
9jen,https://news.example.invalid/articles/2026/10/story-2218879?utm_source=share&utm_medium=link&ref=sfp-seed
tzZC,https://news.example.invalid/articles/2026/10/story-7049872?utm_source=share&utm_medium=link&ref=sfp-seed
fNp5,https://news.example.invalid/articles/2026/10/story-3764831?utm_source=share&utm_medium=link&ref=sfp-seed
crmn,https://news.example.invalid/articles/2026/10/story-2965111?utm_source=share&utm_medium=link&ref=sfp-seed
14m5,https://news.example.invalid/articles/2026/10/story-255073?utm_source=share&utm_medium=link&ref=sfp-seed
vH6q,https://news.example.invalid/articles/2026/10/story-7553858?utm_source=share&utm_medium=link&ref=sfp-seed
aamM,https://news.example.invalid/articles/2026/10/story-2423132?utm_source=share&utm_medium=link&ref=sfp-seed
99MQ,https://news.example.invalid/articles/2026/10/story-2182576?utm_source=share&utm_medium=link&ref=sfp-seed
pvym,https://news.example.invalid/articles/2026/10/story-6079494?utm_source=share&utm_medium=link&ref=sfp-seed
B4sq,https://news.example.invalid/articles/2026/10/story-8835274?utm_source=share&utm_medium=link&ref=sfp-seed
bbnW,https://news.example.invalid/articles/2026/10/story-2665376?utm_source=share&utm_medium=link&ref=sfp-seed
tJiW,https://news.example.invalid/articles/2026/10/story-7085666?utm_source=share&utm_medium=link&ref=sfp-seed
BT6l,https://news.example.invalid/articles/2026/10/story-9029949?utm_source=share&utm_medium=link&ref=sfp-seed
3QT5,https://news.example.invalid/articles/2026/10/story-918287?utm_source=share&utm_medium=link&ref=sfp-seed
s5WK,https://news.example.invalid/articles/2026/10/story-6696046?utm_source=share&utm_medium=link&ref=sfp-seed
gSy8,https://news.example.invalid/articles/2026/10/story-4022940?utm_source=share&utm_medium=link&ref=sfp-seed
hfAa,https://news.example.invalid/articles/2026/10/story-4111478?utm_source=share&utm_medium=link&ref=sfp-seed
v9p4,https://news.example.invalid/articles/2026/10/story-7424318?utm_source=share&utm_medium=link&ref=sfp-seed
ynDS,https://news.example.invalid/articles/2026/10/story-8194036?utm_source=share&utm_medium=link&ref=sfp-seed
7PyK,https://news.example.invalid/articles/2026/10/story-1866494?utm_source=share&utm_medium=link&ref=sfp-seed
BROQ,https://news.example.invalid/articles/2026/10/story-9025020?utm_source=share&utm_medium=link&ref=sfp-seed
wy4v,https://news.example.invalid/articles/2026/10/story-7757471?utm_source=share&utm_medium=link&ref=sfp-seed
4wzn,https://news.example.invalid/articles/2026/10/story-1078513?utm_source=share&utm_medium=link&ref=sfp-seed
vhgT,https://news.example.invalid/articles/2026/10/story-7454563?utm_source=share&utm_medium=link&ref=sfp-seed
dM40,https://news.example.invalid/articles/2026/10/story-3283024?utm_source=share&utm_medium=link&ref=sfp-seed
4iaY,https://news.example.invalid/articles/2026/10/story-1023184?utm_source=share&utm_medium=link&ref=sfp-seed
jEKw,https://news.example.invalid/articles/2026/10/story-4684876?utm_source=share&utm_medium=link&ref=sfp-seed
