ts,cpu0_busy_pct,cpu1_busy_pct,cpu2_busy_pct,cpu3_busy_pct,cpu4_busy_pct,cpu5_busy_pct,cpu6_busy_pct,cpu7_busy_pct,cpu_iowait_pct,cpu_steal_pct,mem_used_mb,disk_read_kbps,disk_write_kbps,net_rx_kbps,net_tx_kbps,tcp_inuse,tcp_timewait,accept_queue_443,turned_away,node_cpu_pct,node_rss_mb,nginx_cpu_pct,nginx_rss_mb,k6_cpu_pct,k6_rss_mb,litestream_cpu_pct,litestream_rss_mb
1791387935,0.0,0.0,1.9,0.0,0.0,2.9,0.0,0.0,0.0,0.0,475,0,0,0,0,3,0,0,0,0.0,0,0.0,0,0.0,0,0.0,0
1791387936,0.0,0.0,0.0,0.0,0.0,2.0,0.0,0.0,0.0,0.0,474,0,8,0,0,3,0,0,0,0.0,0,0.0,0,0.0,0,0.0,0
1791387937,0.0,0.0,0.0,1.0,0.0,3.0,0.0,0.0,0.0,0.0,473,0,0,3,3,4,0,0,0,0.0,0,0.0,0,0.0,0,0.0,0
1791387938,0.0,3.0,2.0,4.0,6.9,3.0,4.0,4.0,0.0,0.0,526,0,56,2,2,4,0,0,0,0.0,0,0.0,0,18.0,89,0.0,0
1791387939,8.9,25.0,5.0,2.0,9.1,10.1,4.0,4.0,0.0,0.0,641,0,0,133,134,4,0,0,0,0.0,0,0.0,0,62.0,152,0.0,0
1791387940,1.0,2.0,4.0,1.0,0.0,4.0,3.0,1.0,0.0,0.0,642,0,0,233,236,4,0,0,0,0.0,0,0.0,0,16.0,140,0.0,0
1791387941,1.0,4.0,3.1,4.0,2.0,4.0,1.0,0.0,0.0,0.0,642,0,0,233,235,4,0,0,0,0.0,0,0.0,0,16.0,140,0.0,0
1791387942,1.0,2.0,4.0,1.0,1.0,4.0,3.0,0.0,0.0,0.0,639,0,0,231,235,4,0,0,0,0.0,0,0.0,0,17.0,135,0.0,0
1791387943,4.0,0.0,4.0,0.0,1.0,3.0,2.0,3.0,0.0,0.0,637,0,12,233,236,4,0,0,0,0.0,0,0.0,0,13.0,135,0.0,0
1791387944,1.0,2.0,2.0,1.0,0.0,3.0,3.0,1.0,0.1,0.0,636,0,76,234,237,5,0,0,0,0.0,0,0.0,0,14.0,135,0.0,0
1791387945,2.0,1.0,0.0,4.0,1.0,4.0,3.0,0.0,0.0,0.0,630,0,0,235,238,4,0,0,0,0.0,0,0.0,0,12.0,135,0.0,0
1791387946,0.0,1.0,3.1,1.0,2.0,3.1,2.0,2.0,0.0,0.0,624,0,0,232,235,4,0,0,0,0.0,0,0.0,0,17.0,135,0.0,0
1791387947,1.0,0.0,4.0,3.0,3.0,3.0,1.0,3.0,0.0,0.0,619,0,0,232,236,4,0,0,0,0.0,0,0.0,0,13.0,135,0.0,0
1791387948,3.0,1.0,3.0,1.0,1.0,3.0,3.0,1.0,0.0,0.0,619,0,0,234,237,4,0,0,0,0.0,0,0.0,0,14.0,135,0.0,0
1791387949,1.0,0.0,0.0,3.0,4.0,4.0,1.0,0.0,0.0,0.0,616,0,28,235,237,4,0,0,0,0.0,0,0.0,0,13.0,135,0.0,0
1791387950,3.0,1.0,5.0,2.0,0.0,4.0,1.0,1.0,0.0,0.0,613,0,96,233,237,4,0,0,0,0.0,0,0.0,0,15.0,135,0.0,0
1791387951,0.0,0.0,5.9,3.1,2.0,3.0,1.0,4.0,0.0,0.0,611,0,0,233,236,4,0,0,0,0.0,0,0.0,0,14.0,135,0.0,0
1791387952,1.0,0.0,3.0,2.0,1.0,4.0,2.0,4.0,0.0,0.0,611,0,0,234,237,4,0,0,0,0.0,0,0.0,0,16.0,135,0.0,0
1791387953,4.0,0.0,1.0,3.0,4.0,2.0,0.0,2.0,0.0,0.0,609,0,0,232,236,4,0,0,0,0.0,0,0.0,0,13.0,135,0.0,0
1791387954,0.0,2.0,0.0,3.0,1.0,3.0,1.0,1.0,0.0,0.0,609,0,0,235,237,4,0,0,0,0.0,0,0.0,0,12.0,135,0.0,0
1791387955,2.0,3.0,5.0,1.0,2.0,3.0,2.0,2.0,0.0,0.0,607,0,4,234,237,4,0,0,0,0.0,0,0.0,0,16.0,135,0.0,0
1791387956,3.0,0.0,2.1,0.0,3.0,3.0,3.0,0.0,0.0,0.0,606,0,600,233,236,4,0,0,0,0.0,0,0.0,0,13.0,135,0.0,0
1791387957,3.0,0.0,5.0,2.0,2.0,3.0,3.0,2.0,0.0,0.0,604,0,0,235,237,4,0,0,0,0.0,0,0.0,0,16.0,136,0.0,0
1791387958,0.0,0.0,2.0,2.0,0.0,4.0,1.0,3.0,0.0,0.0,604,0,80,233,237,4,0,0,0,0.0,0,0.0,0,15.0,136,0.0,0
1791387959,0.0,2.0,2.0,4.0,0.0,3.0,2.0,4.0,0.0,0.0,604,0,0,232,236,4,0,0,0,0.0,0,0.0,0,15.0,136,0.0,0
1791387960,1.0,2.0,4.0,1.0,3.0,3.0,4.0,1.0,0.0,0.0,604,0,0,232,235,4,0,0,0,0.0,0,0.0,0,17.0,136,0.0,0
1791387961,1.0,3.0,4.0,1.0,1.0,2.0,1.0,2.0,0.0,0.0,604,0,28,234,236,4,0,0,0,0.0,0,0.0,0,14.0,136,0.0,0
1791387962,1.0,1.0,2.0,3.0,2.0,5.0,2.0,2.0,0.0,0.0,604,0,0,233,237,4,0,0,0,0.0,0,0.0,0,16.0,138,0.0,0
1791387963,3.0,0.0,0.0,3.0,2.0,1.0,0.0,4.0,0.0,0.0,604,0,0,232,235,4,0,0,0,0.0,0,0.0,0,14.0,138,0.0,0
1791387964,1.0,1.0,5.0,1.0,3.0,5.0,1.0,2.0,0.0,0.0,604,0,8,234,236,4,0,0,0,0.0,0,0.0,0,17.0,139,0.0,0
1791387965,0.0,3.0,3.0,1.0,1.0,2.0,2.0,3.0,0.0,0.0,604,0,0,234,237,4,0,0,0,0.0,0,0.0,0,15.0,139,0.0,0
1791387966,1.0,0.0,3.0,0.0,2.0,2.0,1.0,2.0,0.0,0.0,604,0,72,234,237,4,0,0,0,0.0,0,0.0,0,12.0,139,0.0,0
1791387967,1.0,4.0,5.0,2.0,1.0,3.0,2.0,3.0,0.0,0.0,605,0,20,235,238,4,0,0,0,0.0,0,0.0,0,16.0,139,0.0,0
1791387968,0.0,1.0,2.0,4.0,0.0,3.0,3.0,1.0,0.0,0.0,605,0,0,233,237,4,0,0,0,0.0,0,0.0,0,14.0,139,0.0,0
1791387969,2.0,1.0,3.1,2.0,1.0,3.0,2.0,2.0,0.0,0.0,605,0,4,233,236,5,0,0,0,0.0,0,0.0,0,17.0,140,0.0,0
1791387970,3.0,1.0,4.0,1.0,1.0,2.0,2.0,2.0,0.0,0.0,605,0,0,233,235,4,0,0,0,0.0,0,0.0,0,16.0,140,0.0,0
1791387971,3.0,0.0,0.0,3.0,0.0,3.0,3.0,3.0,0.0,0.0,605,0,0,233,236,4,0,0,0,0.0,0,0.0,0,13.0,140,0.0,0
1791387972,3.0,1.0,3.0,1.0,1.0,5.0,3.0,1.0,0.0,0.0,605,0,104,231,235,4,0,0,0,0.0,0,0.0,0,16.0,141,0.0,0
1791387973,3.0,0.0,4.0,1.0,3.0,4.0,1.0,0.0,0.0,0.0,605,0,0,232,236,4,0,0,0,0.0,0,0.0,0,14.0,141,0.0,0
1791387974,4.0,1.0,5.0,2.0,2.0,4.0,1.0,1.0,0.0,0.0,605,0,0,234,237,4,0,0,0,0.0,0,0.0,0,14.0,142,0.0,0
1791387975,1.0,0.0,1.0,2.0,3.0,4.0,1.0,3.0,0.0,0.0,605,0,0,236,238,4,0,0,0,0.0,0,0.0,0,13.0,142,0.0,0
1791387976,0.0,0.0,3.1,3.0,3.0,3.0,1.0,2.0,0.0,0.0,605,0,0,231,235,4,0,0,0,0.0,0,0.0,0,16.0,142,0.0,0
1791387977,3.0,3.0,5.0,3.0,0.0,2.0,1.0,2.0,0.0,0.0,605,0,4,231,234,4,0,0,0,0.0,0,0.0,0,18.0,144,0.0,0
1791387978,0.0,0.0,0.0,4.0,3.0,4.0,3.0,0.0,0.0,0.0,605,0,24,233,236,4,0,0,0,0.0,0,0.0,0,15.0,144,0.0,0
1791387979,2.0,0.0,4.0,4.0,0.0,3.0,3.0,2.0,0.0,0.0,605,0,0,232,235,4,0,0,0,0.0,0,0.0,0,14.0,144,0.0,0
1791387980,3.0,2.0,4.0,3.0,1.0,4.0,4.0,1.0,0.0,0.0,605,0,80,232,235,4,0,0,0,0.0,0,0.0,0,19.0,144,0.0,0
1791387981,1.0,1.0,3.1,3.0,0.0,2.0,2.0,1.0,0.0,0.0,605,0,0,233,236,4,0,0,0,0.0,0,0.0,0,14.0,144,0.0,0
1791387982,1.0,3.0,1.0,4.0,2.0,4.0,4.0,2.0,0.0,0.0,605,0,0,231,235,5,0,0,0,0.0,0,0.0,0,19.0,144,0.0,0
1791387983,0.0,1.0,0.0,5.0,2.0,5.1,0.0,3.0,0.0,0.0,605,0,4,232,235,4,0,0,0,0.0,0,0.0,0,17.0,144,0.0,0
1791387984,1.0,0.0,1.0,3.0,2.0,3.0,2.0,2.0,0.0,0.0,605,0,20,232,236,4,0,0,0,0.0,0,0.0,0,14.0,144,0.0,0
1791387985,1.0,0.0,5.0,0.0,3.0,4.0,2.0,4.0,0.0,0.0,606,0,0,233,236,4,0,0,0,0.0,0,0.0,0,17.0,144,0.0,0
1791387986,1.0,1.0,3.0,0.0,2.0,4.0,2.0,2.0,0.0,0.0,606,0,0,233,236,4,0,0,0,0.0,0,0.0,0,15.0,144,0.0,0
1791387987,1.0,1.0,4.1,2.0,2.0,5.0,2.0,3.0,0.0,0.0,606,0,0,232,235,4,0,0,0,0.0,0,0.0,0,18.0,145,0.0,0
1791387988,3.9,0.0,5.0,1.0,2.0,4.0,0.0,0.0,0.0,0.0,606,0,76,234,236,4,0,0,0,0.0,0,0.0,0,14.0,145,0.0,0
1791387989,3.0,0.0,1.0,1.0,1.0,3.1,2.0,2.0,0.0,0.0,606,0,0,233,236,4,0,0,0,0.0,0,0.0,0,14.0,145,0.0,0
1791387990,4.0,0.0,1.0,3.0,2.0,3.0,4.0,3.1,0.0,0.0,606,0,20,233,236,4,0,0,0,0.0,0,0.0,0,18.0,145,0.0,0
1791387991,0.0,2.0,3.0,1.0,0.0,3.0,1.0,2.0,0.0,0.0,606,0,0,236,237,4,0,0,0,0.0,0,0.0,0,13.0,145,0.0,0
1791387992,1.0,0.0,2.0,3.0,0.0,2.0,3.0,4.0,0.0,0.0,606,0,0,232,237,5,0,0,0,0.0,0,0.0,0,15.0,146,0.0,0
1791387993,4.0,0.0,3.1,0.0,2.0,3.0,1.0,2.0,0.0,0.0,606,0,0,237,238,4,0,0,0,0.0,0,0.0,0,13.0,146,0.0,0
1791387994,2.0,0.0,4.0,1.0,4.0,2.0,1.0,0.0,0.0,0.0,606,0,0,233,235,4,0,0,0,0.0,0,0.0,0,13.0,146,0.0,0
1791387995,3.0,2.0,2.0,3.0,2.0,6.0,3.0,2.0,0.0,0.0,606,0,8,232,236,4,0,0,0,0.0,0,0.0,0,19.0,148,0.0,0
1791387996,1.0,2.0,0.0,2.0,0.0,3.0,2.0,3.0,0.0,0.0,606,0,92,233,236,4,0,0,0,0.0,0,0.0,0,15.0,148,0.0,0
1791387997,1.0,3.0,1.0,0.0,0.0,5.0,2.0,2.0,0.0,0.0,606,0,0,233,236,4,0,0,0,0.0,0,0.0,0,14.0,148,0.0,0
1791387998,1.0,0.0,4.0,4.0,2.0,4.0,4.0,4.0,0.0,0.0,606,0,0,232,236,4,0,0,0,0.0,0,0.0,0,18.0,149,0.0,0
1791387999,0.0,0.0,4.0,3.0,1.0,4.0,0.0,3.0,0.0,0.0,606,0,0,234,237,4,0,0,0,0.0,0,0.0,0,13.0,149,0.0,0
1791388000,0.0,0.0,3.1,3.0,0.0,4.0,0.0,3.0,0.0,0.0,606,0,8,233,236,4,0,0,0,0.0,0,0.0,0,15.0,149,0.0,0
1791388001,3.0,0.0,6.0,0.0,4.0,4.0,3.0,2.0,0.0,0.0,606,0,0,232,235,4,0,0,0,0.0,0,0.0,0,18.0,149,0.0,0
1791388002,1.0,1.0,1.0,0.0,3.0,5.0,2.0,0.0,0.0,0.0,606,0,24,232,236,4,0,0,0,0.0,0,0.0,0,13.0,149,0.0,0
1791388003,0.0,4.0,0.0,0.0,3.0,5.0,5.9,0.0,0.0,0.0,606,0,0,234,237,4,0,0,0,0.0,0,0.0,0,14.0,149,0.0,0
1791388004,1.0,2.0,2.1,2.0,1.0,7.0,0.0,3.0,0.0,0.0,607,0,80,234,237,4,0,0,0,0.0,0,0.0,0,19.0,149,0.0,0
1791388005,0.0,2.0,3.0,2.0,0.0,1.0,2.0,2.0,0.0,0.0,607,0,0,232,236,4,0,0,0,0.0,0,0.0,0,13.0,149,0.0,0
1791388006,1.0,5.0,4.1,1.0,2.0,3.0,1.0,3.0,0.0,0.0,607,0,4,233,236,4,0,0,0,0.0,0,0.0,0,18.0,150,0.0,0
1791388007,2.0,1.0,2.0,0.0,2.0,3.0,0.0,0.0,0.0,0.0,607,0,24,235,238,4,0,0,0,0.0,0,0.0,0,12.0,150,0.0,0
1791388008,3.9,0.0,4.0,0.0,2.0,2.0,0.0,2.0,0.0,0.0,607,0,0,235,237,4,0,0,0,0.0,0,0.0,0,11.0,150,0.0,0
1791388009,2.0,4.0,5.1,1.0,5.0,4.0,1.0,2.0,0.0,0.0,607,0,0,233,235,4,0,0,0,0.0,0,0.0,0,21.0,151,0.0,0
1791388010,0.0,4.0,2.0,0.0,3.1,3.0,2.0,0.0,0.0,0.0,607,0,0,232,235,4,0,0,0,0.0,0,0.0,0,17.0,151,0.0,0
1791388011,2.0,4.0,3.1,0.0,5.0,2.0,4.0,0.0,0.0,0.0,607,0,0,232,235,4,0,0,0,0.0,0,0.0,0,16.0,151,0.0,0
1791388012,3.0,3.0,4.0,2.0,1.0,3.0,3.0,0.0,0.0,0.0,607,0,92,232,235,4,0,0,0,0.0,0,0.0,0,20.0,154,0.0,0
1791388013,3.0,2.0,4.0,4.0,0.0,3.0,1.0,2.0,0.0,0.0,607,0,0,233,236,4,0,0,0,0.0,0,0.0,0,14.0,154,0.0,0
1791388014,3.0,3.0,3.0,3.0,0.0,2.0,0.0,1.0,0.0,0.0,607,0,0,232,235,4,0,0,0,0.0,0,0.0,0,14.0,154,0.0,0
1791388015,1.0,2.0,2.0,5.0,1.0,4.0,1.0,1.0,0.0,0.0,607,0,0,232,235,4,0,0,0,0.0,0,0.0,0,18.0,154,0.0,0
1791388016,0.0,3.0,4.0,2.0,0.0,4.0,1.0,0.0,0.0,0.0,607,0,0,233,236,4,0,0,0,0.0,0,0.0,0,14.0,154,0.0,0
1791388017,3.0,0.0,3.0,4.0,0.0,2.0,0.0,4.0,0.0,0.0,607,0,12,232,235,4,0,0,0,0.0,0,0.0,0,14.0,154,0.0,0
1791388018,5.0,3.0,0.0,1.0,2.0,4.0,4.0,1.0,0.0,0.0,607,0,96,233,236,4,0,0,0,0.0,0,0.0,0,18.0,154,0.0,0
1791388019,3.0,1.0,2.1,0.0,2.0,1.0,1.0,0.0,0.0,0.0,607,0,0,235,238,4,0,0,0,0.0,0,0.0,0,12.0,154,0.0,0
1791388020,4.0,4.0,5.9,0.0,3.0,3.0,0.0,1.0,0.0,0.0,607,0,0,235,237,4,0,0,0,0.0,0,0.0,0,14.0,154,0.0,0
1791388021,2.0,3.0,2.0,2.0,0.0,4.0,0.0,0.0,0.0,0.0,608,0,0,235,237,4,0,0,0,0.0,0,0.0,0,13.0,154,0.0,0
1791388022,3.0,2.0,4.0,1.0,3.0,2.0,0.0,0.0,0.0,0.0,608,0,0,237,239,4,0,0,0,0.0,0,0.0,0,12.0,154,0.0,0
1791388023,2.0,2.0,4.0,5.0,2.0,5.1,1.0,0.0,0.0,0.0,608,0,20,233,237,4,0,0,0,0.0,0,0.0,0,17.0,154,0.0,0
1791388024,3.0,0.0,1.0,3.0,2.0,4.0,3.0,1.0,0.0,0.0,607,0,4,231,235,4,0,0,0,0.0,0,0.0,0,15.0,154,0.0,0
1791388025,3.0,0.0,3.0,0.0,2.0,2.0,0.0,1.0,0.0,0.0,607,0,0,233,237,4,0,0,0,0.0,0,0.0,0,14.0,154,0.0,0
1791388026,4.0,2.0,3.0,2.0,1.0,5.0,1.0,1.0,0.0,0.0,607,0,76,234,237,4,0,0,0,0.0,0,0.0,0,17.0,155,0.0,0
1791388027,0.0,1.0,1.0,2.0,0.0,1.0,2.0,3.0,0.0,0.0,608,0,0,233,236,4,0,0,0,0.0,0,0.0,0,13.0,155,0.0,0
1791388028,4.0,1.0,2.0,3.0,0.0,3.0,3.0,2.0,0.0,0.0,608,0,0,235,237,4,0,0,0,0.0,0,0.0,0,14.0,155,0.0,0
1791388029,2.0,2.0,6.0,2.1,1.0,3.0,4.0,2.0,0.0,0.0,608,0,20,231,235,4,0,0,0,0.0,0,0.0,0,20.0,158,0.0,0
1791388030,0.0,3.0,2.1,4.0,1.0,3.0,2.0,0.0,0.0,0.0,608,0,4,232,235,4,0,0,0,0.0,0,0.0,0,14.0,158,0.0,0
1791388031,0.0,3.0,3.0,3.0,0.0,3.0,3.0,1.0,0.0,0.0,608,0,0,231,235,4,0,0,0,0.0,0,0.0,0,15.0,158,0.0,0
1791388032,4.0,4.0,1.0,4.0,1.0,4.0,2.0,1.0,0.0,0.0,608,0,0,233,235,4,0,0,0,0.0,0,0.0,0,21.0,158,0.0,0
1791388033,2.0,2.0,4.0,2.0,0.0,2.0,2.0,0.0,0.0,0.0,608,0,0,233,235,4,0,0,0,0.0,0,0.0,0,14.0,158,0.0,0
1791388034,4.0,2.0,3.0,0.0,0.0,3.0,4.0,0.0,0.0,0.0,608,0,92,231,235,4,0,0,0,0.0,0,0.0,0,17.0,158,0.0,0
1791388035,1.0,3.0,4.1,1.0,1.0,4.1,3.0,1.0,0.0,0.0,608,0,0,231,235,4,0,0,0,0.0,0,0.0,0,21.0,159,0.0,0
1791388036,1.0,3.0,4.0,0.0,0.0,5.0,3.0,1.0,0.0,0.0,608,0,4,232,235,4,0,0,0,0.0,0,0.0,0,14.0,159,0.0,0
1791388037,0.0,2.0,5.0,2.0,0.0,2.0,2.0,0.0,0.0,0.0,608,0,0,234,237,4,0,0,0,0.0,0,0.0,0,12.0,159,0.0,0
1791388038,3.0,1.0,4.0,3.0,1.0,3.0,2.0,2.0,0.0,0.0,608,0,0,234,236,4,0,0,0,0.0,0,0.0,0,19.0,159,0.0,0
1791388039,2.0,1.0,3.0,0.0,0.0,2.0,3.0,2.0,0.0,0.0,608,0,0,233,236,4,0,0,0,0.0,0,0.0,0,13.0,159,0.0,0
1791388040,3.0,2.0,4.0,0.0,0.0,4.0,2.0,0.0,0.0,0.0,608,0,20,233,237,4,0,0,0,0.0,0,0.0,0,14.0,159,0.0,0
1791388041,4.0,3.0,5.0,1.0,1.0,2.0,3.0,4.0,0.0,0.0,608,0,0,235,238,4,0,0,0,0.0,0,0.0,0,17.0,160,0.0,0
1791388042,0.0,2.0,0.0,3.0,3.0,3.0,0.0,0.0,0.0,0.0,608,0,84,234,236,4,0,0,0,0.0,0,0.0,0,13.0,160,0.0,0
1791388043,1.0,4.0,1.0,3.0,2.0,3.0,1.0,0.0,0.0,0.0,608,0,0,235,238,4,0,0,0,0.0,0,0.0,0,13.0,160,0.0,0
1791388044,1.0,1.0,0.0,0.0,3.0,5.0,3.0,3.0,0.0,0.0,609,0,0,232,237,5,0,0,0,0.0,0,0.0,0,17.0,160,0.0,0
1791388045,0.0,0.0,3.0,3.0,3.0,1.0,2.0,1.0,0.0,0.0,609,0,24,236,237,4,0,0,0,0.0,0,0.0,0,13.0,161,0.0,0
1791388046,0.0,0.0,4.0,2.0,1.0,3.0,3.0,2.0,0.0,0.0,609,0,0,231,234,4,0,0,0,0.0,0,0.0,0,15.0,161,0.0,0
1791388047,1.0,0.0,4.0,4.0,2.0,3.0,1.0,2.0,0.0,0.0,609,0,0,233,236,4,0,0,0,0.0,0,0.0,0,14.0,161,0.0,0
1791388048,3.0,3.0,3.1,2.0,2.0,3.0,4.0,2.0,0.0,0.0,609,0,4,233,236,4,0,0,0,0.0,0,0.0,0,21.0,162,0.0,0
1791388049,4.0,1.0,4.0,0.0,0.0,4.0,4.0,0.0,0.0,0.0,609,0,12,232,236,4,0,0,0,0.0,0,0.0,0,14.0,162,0.0,0
1791388050,3.0,0.0,3.0,0.0,2.0,2.0,2.0,1.0,0.0,0.0,609,0,76,233,237,4,0,0,0,0.0,0,0.0,0,13.0,162,0.0,0
1791388051,2.0,1.0,4.0,0.0,3.0,6.9,1.0,2.0,0.0,0.0,609,0,0,233,236,4,0,0,0,0.0,0,0.0,0,19.0,162,0.0,0
1791388052,3.0,3.0,1.0,0.0,2.0,2.0,0.0,3.0,0.0,0.0,610,0,0,236,238,4,0,0,0,0.0,0,0.0,0,11.0,162,0.0,0
1791388053,0.0,2.0,1.0,0.0,1.0,3.0,0.0,3.0,0.0,0.0,610,0,0,234,236,4,0,0,0,0.0,0,0.0,0,12.0,162,0.0,0
1791388054,4.0,1.0,3.0,2.0,3.0,4.0,1.0,3.0,0.0,0.0,610,0,8,232,236,4,0,0,0,0.0,0,0.0,0,17.0,163,0.0,0
1791388055,2.0,0.0,3.0,1.0,0.0,2.0,2.0,2.0,0.0,0.0,610,0,0,235,237,4,0,0,0,0.0,0,0.0,0,13.0,163,0.0,0
1791388056,2.0,1.0,5.0,4.0,0.0,3.0,0.0,1.0,0.0,0.0,610,0,100,235,237,4,0,0,0,0.0,0,0.0,0,13.0,163,0.0,0
1791388057,3.0,1.0,5.0,3.0,1.0,3.1,2.0,2.0,0.0,0.0,611,0,0,233,236,4,0,0,0,0.0,0,0.0,0,21.0,163,0.0,0
1791388058,1.0,1.0,3.1,1.0,1.0,3.0,2.0,2.0,0.0,0.0,611,0,0,234,237,4,0,0,0,0.0,0,0.0,0,12.0,163,0.0,0
1791388059,0.0,1.0,4.1,2.0,3.0,2.0,3.0,1.0,0.0,0.0,611,0,0,231,234,4,0,0,0,0.0,0,0.0,0,16.0,164,0.0,0
1791388060,1.0,1.0,5.0,4.0,3.0,4.0,3.1,2.0,0.0,0.0,611,0,4,234,236,4,0,0,0,0.0,0,0.0,0,22.0,164,0.0,0
1791388061,3.0,3.0,3.1,3.0,0.0,3.0,0.0,0.0,0.0,0.0,611,0,20,234,236,4,0,0,0,0.0,0,0.0,0,14.0,164,0.0,0
1791388062,2.0,3.0,3.0,5.0,0.0,2.0,0.0,0.0,0.0,0.0,611,0,0,233,236,4,0,0,0,0.0,0,0.0,0,15.0,164,0.0,0
1791388063,3.0,2.0,3.1,1.0,1.0,2.9,0.0,0.0,0.1,0.0,611,0,0,234,236,4,0,0,0,0.0,0,0.0,0,14.0,164,0.0,0
1791388064,0.0,0.0,3.0,5.0,3.0,4.0,2.0,4.0,0.0,0.0,611,0,76,234,237,4,0,0,0,0.0,0,0.0,0,19.0,165,0.0,0
1791388065,3.9,1.0,2.0,1.0,3.0,2.0,0.0,2.0,0.0,0.0,611,0,0,234,236,4,0,0,0,0.0,0,0.0,0,13.0,165,0.0,0
1791388066,1.0,2.0,0.0,4.0,0.0,3.0,0.0,3.0,0.0,0.0,611,0,4,236,238,4,0,0,0,0.0,0,0.0,0,12.0,165,0.0,0
1791388067,2.0,2.0,1.0,1.0,2.0,2.0,3.0,2.0,0.0,0.0,611,0,20,234,236,4,0,0,0,0.0,0,0.0,0,19.0,167,0.0,0
1791388068,4.0,0.0,0.0,2.0,2.0,3.1,0.0,3.0,0.0,0.0,611,0,0,235,237,4,0,0,0,0.0,0,0.0,0,12.0,167,0.0,0
1791388069,1.0,0.0,0.0,4.0,3.0,3.0,3.0,0.0,0.0,0.0,611,0,0,235,237,4,0,0,0,0.0,0,0.0,0,14.0,167,0.0,0
1791388070,4.0,1.0,2.0,5.9,3.0,4.0,2.0,3.0,0.0,0.0,611,0,0,233,236,4,0,0,0,0.0,0,0.0,0,20.0,167,0.0,0
1791388071,1.0,0.0,1.0,1.0,0.0,4.0,0.0,2.0,0.0,0.0,611,0,0,235,238,4,0,0,0,0.0,0,0.0,0,11.0,167,0.0,0
1791388072,4.0,0.0,1.0,3.0,3.0,3.0,0.0,2.0,0.0,0.0,611,0,96,235,237,4,0,0,0,0.0,0,0.0,0,13.0,167,0.0,0
1791388073,3.0,1.0,3.0,4.0,3.0,2.0,2.0,4.0,0.0,0.0,611,0,0,232,235,4,0,0,0,0.0,0,0.0,0,21.0,167,0.0,0
1791388074,4.0,0.0,0.0,1.0,2.0,4.0,3.0,2.0,0.0,0.0,612,0,0,233,236,4,0,0,0,0.0,0,0.0,0,13.0,167,0.0,0
1791388075,2.0,2.0,0.0,5.0,1.0,2.0,1.0,2.0,0.0,0.0,612,0,0,231,235,4,0,0,0,0.0,0,0.0,0,15.0,167,0.0,0
1791388076,2.0,1.0,2.0,2.0,1.0,2.0,0.0,3.0,0.0,0.0,612,0,0,233,236,4,0,0,0,0.0,0,0.0,0,12.0,167,0.0,0
1791388077,1.0,5.0,3.0,1.0,1.0,6.0,3.0,0.0,0.0,0.0,612,0,0,234,237,4,0,0,0,0.0,0,0.0,0,20.0,168,0.0,0
1791388078,0.0,0.0,4.0,2.0,1.0,3.0,2.0,1.0,0.1,0.0,612,0,24,236,239,4,0,0,0,0.0,0,0.0,0,12.0,168,0.0,0
1791388079,0.0,0.0,1.0,3.0,2.0,2.0,1.0,3.0,0.0,0.0,612,0,0,234,236,4,0,0,0,0.0,0,0.0,0,14.0,168,0.0,0
1791388080,1.0,3.0,1.0,2.0,5.0,4.0,2.0,5.0,0.0,0.0,612,0,80,231,235,4,0,0,0,0.0,0,0.0,0,22.0,168,0.0,0
1791388081,2.0,3.0,2.0,0.0,3.0,4.0,2.0,0.0,0.0,0.0,612,0,4,234,237,4,0,0,0,0.0,0,0.0,0,13.0,168,0.0,0
1791388082,0.0,2.0,3.0,0.0,2.0,3.0,0.0,3.0,0.0,0.0,612,0,0,233,236,4,0,0,0,0.0,0,0.0,0,13.0,168,0.0,0
1791388083,2.0,2.0,2.0,2.0,3.0,3.0,1.0,2.0,0.0,0.0,612,0,20,232,235,4,0,0,0,0.0,0,0.0,0,17.0,168,0.0,0
1791388084,1.0,4.0,1.0,3.0,2.0,2.0,2.0,0.0,0.0,0.0,612,0,4,233,236,5,0,0,0,0.0,0,0.0,0,14.0,168,0.0,0
1791388085,3.0,2.0,2.0,0.0,3.0,3.0,0.0,0.0,0.0,0.0,612,0,0,234,237,4,0,0,0,0.0,0,0.0,0,13.0,168,0.0,0
1791388086,4.0,1.0,1.0,3.0,2.0,4.0,1.0,4.0,0.0,0.0,613,0,0,232,236,4,0,0,0,0.0,0,0.0,0,19.0,170,0.0,0
1791388087,2.0,2.0,1.0,2.0,0.0,3.0,2.0,0.0,0.0,0.0,614,0,0,233,236,4,0,0,0,0.0,0,0.0,0,15.0,170,0.0,0
1791388088,4.0,3.0,0.0,0.0,0.0,3.0,2.0,4.0,0.0,0.0,614,0,76,234,237,4,0,0,0,0.0,0,0.0,0,12.0,170,0.0,0
1791388089,3.0,1.0,0.0,0.0,1.0,4.0,2.0,2.0,0.0,0.0,614,0,0,232,236,4,0,0,0,0.0,0,0.0,0,14.0,170,0.0,0
1791388090,2.0,2.0,5.0,3.0,2.0,3.1,4.0,2.0,0.0,0.0,614,0,4,233,236,4,0,0,0,0.0,0,0.0,0,21.0,171,0.0,0
1791388091,0.0,1.0,4.0,2.0,1.0,3.0,1.0,3.0,0.0,0.0,614,0,0,234,237,4,0,0,0,0.0,0,0.0,0,13.0,171,0.0,0
1791388092,0.0,1.0,2.1,1.0,4.0,3.0,0.0,2.0,0.0,0.0,614,0,0,233,236,4,0,0,0,0.0,0,0.0,0,13.0,171,0.0,0
1791388093,1.0,2.0,5.0,3.0,4.0,3.0,1.0,4.0,0.0,0.0,614,0,0,233,236,4,0,0,0,0.0,0,0.0,0,21.0,172,0.0,0
1791388094,1.0,2.0,3.0,2.0,0.0,2.0,2.0,3.0,0.0,0.0,614,0,92,232,235,4,0,0,0,0.0,0,0.0,0,16.0,172,0.0,0
1791388095,1.0,1.0,3.0,4.0,0.0,3.0,2.0,2.0,0.0,0.0,615,0,0,233,236,4,0,0,0,0.0,0,0.0,0,14.0,172,0.0,0
1791388096,0.0,1.0,3.0,4.0,0.0,4.0,4.0,4.0,0.0,0.0,615,0,8,232,235,4,0,0,0,0.0,0,0.0,0,16.0,172,0.0,0
1791388097,1.0,4.0,2.0,1.0,3.0,5.1,2.0,4.0,0.0,0.0,615,0,0,232,235,4,0,0,0,0.0,0,0.0,0,24.0,172,0.0,0
1791388098,4.0,3.0,3.0,0.0,2.0,3.0,0.0,1.0,0.0,0.0,615,0,0,232,235,4,0,0,0,0.0,0,0.0,0,16.0,172,0.0,0
1791388099,3.0,3.0,0.0,0.0,3.0,1.0,1.0,3.0,0.0,0.0,615,0,24,233,235,4,0,0,0,0.0,0,0.0,0,14.0,172,0.0,0
1791388100,4.0,1.0,6.0,1.0,3.0,4.0,1.0,1.0,0.0,0.0,615,0,0,234,237,4,0,0,0,0.0,0,0.0,0,21.0,174,0.0,0
1791388101,3.0,0.0,2.0,3.0,1.0,4.0,2.0,0.0,0.0,0.0,615,0,0,233,236,4,0,0,0,0.0,0,0.0,0,13.0,174,0.0,0
1791388102,4.0,0.0,2.1,2.0,4.0,1.0,0.0,1.0,0.0,0.0,615,0,80,232,235,4,0,0,0,0.0,0,0.0,0,14.0,174,0.0,0
1791388103,2.0,0.0,4.0,2.0,3.0,3.0,1.0,1.0,0.0,0.0,615,0,0,234,237,4,0,0,0,0.0,0,0.0,0,12.0,174,0.0,0
1791388104,5.0,1.0,4.0,2.0,3.0,4.0,3.0,0.0,0.0,0.0,615,0,0,235,238,4,0,0,0,0.0,0,0.0,0,18.0,176,0.0,0
1791388105,2.0,0.0,3.0,0.0,1.0,3.1,2.0,0.0,0.0,0.0,615,0,20,235,237,4,0,0,0,0.0,0,0.0,0,12.0,176,0.0,0
1791388106,3.0,2.0,3.0,2.0,0.0,5.0,2.0,0.0,0.0,0.0,615,0,0,234,236,4,0,0,0,0.0,0,0.0,0,12.0,176,0.0,0
1791388107,3.0,2.0,3.1,0.0,1.0,3.0,4.0,3.1,0.0,0.0,616,0,0,233,236,4,0,0,0,0.0,0,0.0,0,20.0,176,0.0,0
1791388108,1.0,0.0,3.0,0.0,1.0,5.0,1.0,3.0,0.0,0.0,616,0,4,234,237,4,0,0,0,0.0,0,0.0,0,14.0,176,0.0,0
1791388109,3.0,0.0,3.0,0.0,0.0,3.0,1.0,3.0,0.0,0.0,616,0,0,234,237,4,0,0,0,0.0,0,0.0,0,11.0,176,0.0,0
1791388110,1.0,1.0,3.0,0.0,0.0,1.0,1.0,1.0,0.0,0.0,616,0,92,235,238,4,0,0,0,0.0,0,0.0,0,12.0,176,0.0,0
1791388111,2.0,4.0,4.0,3.0,1.0,5.9,2.0,1.0,0.0,0.0,617,0,0,233,237,4,0,0,0,0.0,0,0.0,0,20.0,178,0.0,0
1791388112,0.0,4.0,3.1,3.0,0.0,4.0,2.0,0.0,0.0,0.0,617,0,0,232,236,4,0,0,0,0.0,0,0.0,0,13.0,178,0.0,0
1791388113,1.0,2.0,3.0,0.0,0.0,2.0,3.0,3.0,0.0,0.0,617,0,0,232,235,4,0,0,0,0.0,0,0.0,0,15.0,178,0.0,0
1791388114,2.0,0.0,2.0,0.0,1.0,2.0,2.0,2.0,0.0,0.0,617,0,8,235,238,4,0,0,0,0.0,0,0.0,0,13.0,178,0.0,0
1791388115,3.0,3.0,5.0,0.0,3.0,6.0,1.0,3.0,0.0,0.0,617,0,0,233,235,4,0,0,0,0.0,0,0.0,0,20.0,179,0.0,0
1791388116,0.0,0.0,5.0,0.0,4.0,5.0,0.0,3.0,0.0,0.0,617,0,24,234,237,4,0,0,0,0.0,0,0.0,0,14.0,179,0.0,0
1791388117,0.0,3.0,1.0,2.0,1.0,2.0,0.0,4.0,0.0,0.0,617,0,0,233,236,4,0,0,0,0.0,0,0.0,0,13.0,179,0.0,0
1791388118,2.0,3.0,2.0,5.0,3.0,4.0,2.0,4.0,0.0,0.0,618,0,80,232,235,4,0,0,0,0.0,0,0.0,0,23.0,180,0.0,0
1791388119,0.0,4.0,2.0,4.0,3.0,2.0,4.0,1.0,0.0,0.0,618,0,0,231,234,4,0,0,0,0.0,0,0.0,0,15.0,180,0.0,0
1791388120,0.0,2.0,1.0,2.0,2.0,3.0,3.0,0.0,0.0,0.0,618,0,4,234,236,4,0,0,0,0.0,0,0.0,0,13.0,180,0.0,0
1791388121,0.0,3.0,3.1,3.0,2.0,2.0,3.1,0.0,0.0,0.0,619,0,20,231,235,4,0,0,0,0.0,0,0.0,0,17.0,180,0.0,0
1791388122,5.0,3.0,6.0,3.0,4.0,3.0,4.0,1.0,0.0,0.0,619,0,0,232,235,4,0,0,0,0.0,0,0.0,0,23.0,180,0.0,0
1791388123,4.0,2.0,3.1,4.0,2.0,2.0,0.0,0.0,0.0,0.0,619,0,0,233,235,4,0,0,0,0.0,0,0.0,0,14.0,180,0.0,0
1791388124,3.0,1.0,1.0,3.0,2.0,3.9,2.0,0.0,0.0,0.0,619,0,0,233,236,4,0,0,0,0.0,0,0.0,0,15.0,180,0.0,0
1791388125,3.0,1.0,0.0,3.0,3.0,1.0,4.0,1.0,0.0,0.0,619,0,0,232,235,4,0,0,0,0.0,0,0.0,0,15.0,180,0.0,0
1791388126,5.0,1.0,4.0,4.0,3.0,5.9,3.0,2.0,0.0,0.0,619,0,80,231,234,4,0,0,0,0.0,0,0.0,0,24.0,181,0.0,0
1791388127,2.0,1.0,3.0,3.0,0.0,3.0,3.0,0.0,0.0,0.0,619,0,0,234,237,4,0,0,0,0.0,0,0.0,0,13.0,181,0.0,0
1791388128,2.0,1.0,2.1,4.0,1.0,1.0,4.0,0.0,0.0,0.0,619,0,0,233,236,4,0,0,0,0.0,0,0.0,0,13.0,181,0.0,0
1791388129,4.0,1.0,6.9,3.0,4.0,3.0,3.0,0.0,0.0,0.0,619,0,0,234,237,4,0,0,0,0.0,0,0.0,0,21.0,182,0.0,0
1791388130,1.0,0.0,3.0,2.0,3.0,3.0,1.0,0.0,0.0,0.0,620,0,0,237,239,4,0,0,0,0.0,0,0.0,0,11.0,182,0.0,0
1791388131,0.0,1.0,4.0,2.0,3.0,2.0,2.0,0.0,0.0,0.0,620,0,0,235,237,4,0,0,0,0.0,0,0.0,0,12.0,182,0.0,0
1791388132,0.0,1.0,4.0,4.0,4.0,3.0,3.0,0.0,0.0,0.0,620,0,100,233,236,4,0,0,0,0.0,0,0.0,0,15.0,182,0.0,0
1791388133,4.0,3.0,3.1,4.0,3.0,3.0,5.0,2.0,0.0,0.0,620,0,0,231,234,4,0,0,0,0.0,0,0.0,0,24.0,183,0.0,0
1791388134,0.0,3.0,1.0,2.0,4.0,2.0,0.0,4.0,0.0,0.0,621,0,0,235,238,4,0,0,0,0.0,0,0.0,0,13.0,183,0.0,0
1791388135,1.0,2.0,2.0,4.0,1.0,3.0,1.0,0.0,0.0,0.0,621,0,0,235,237,4,0,0,0,0.0,0,0.0,0,13.0,183,0.0,0
1791388136,0.0,3.0,2.0,2.0,4.0,2.0,3.0,0.0,0.0,0.0,621,0,0,234,237,5,0,0,0,0.0,0,0.0,0,14.0,183,0.0,0
1791388137,2.0,4.0,2.0,2.0,5.0,4.0,4.0,4.0,0.0,0.0,621,0,32,232,235,4,0,0,0,0.0,0,0.0,0,21.0,184,0.0,0
1791388138,0.0,2.0,2.0,3.0,3.0,2.0,2.0,2.0,0.0,0.0,621,0,4,233,236,4,0,0,0,0.0,0,0.0,0,16.0,184,0.0,0
1791388139,0.0,1.0,2.0,3.0,2.0,3.0,2.0,3.0,0.0,0.0,621,0,0,234,237,4,0,0,0,0.0,0,0.0,0,14.0,184,0.0,0
1791388140,1.0,2.0,3.0,2.0,3.0,2.0,1.0,3.0,0.0,0.0,621,0,80,232,235,4,0,0,0,0.0,0,0.0,0,14.0,184,0.0,0
1791388141,1.0,3.0,4.1,1.0,1.0,5.0,4.0,2.0,0.0,0.0,623,0,0,234,236,4,0,0,0,0.0,0,0.0,0,24.0,185,0.0,0
1791388142,0.0,2.0,5.0,4.0,2.0,3.0,3.0,0.0,0.0,0.0,623,0,0,232,236,4,0,0,0,0.0,0,0.0,0,15.0,185,0.0,0
1791388143,3.0,1.0,0.0,4.0,0.0,5.0,2.0,2.0,0.0,0.0,623,0,20,231,235,4,0,0,0,0.0,0,0.0,0,16.0,185,0.0,0
1791388144,2.0,2.0,0.0,3.0,1.0,3.0,1.0,4.0,0.0,0.0,623,0,4,231,234,4,0,0,0,0.0,0,0.0,0,15.0,185,0.0,0
1791388145,2.0,5.0,3.0,4.0,4.0,4.0,1.0,4.0,0.0,0.0,623,0,0,233,236,4,0,0,0,0.0,0,0.0,0,23.0,186,0.0,0
1791388146,3.0,0.0,0.0,4.9,4.0,1.0,0.0,2.0,0.0,0.0,623,0,24,235,236,4,0,0,0,0.0,0,0.0,0,15.0,186,0.0,0
1791388147,3.0,0.0,0.0,2.0,3.0,3.0,2.0,5.0,0.0,0.0,623,0,0,233,236,4,0,0,0,0.0,0,0.0,0,14.0,186,0.0,0
1791388148,2.0,0.0,0.0,2.0,2.0,2.0,1.0,1.0,0.0,0.0,623,0,88,235,237,4,0,0,0,0.0,0,0.0,0,12.0,186,0.0,0
1791388149,4.0,3.0,1.0,3.0,1.0,4.0,4.0,3.0,0.0,0.0,623,0,0,235,237,4,0,0,0,0.0,0,0.0,0,20.0,186,0.0,0
1791388150,2.0,2.0,0.0,4.0,0.0,2.0,2.0,1.0,0.0,0.0,625,0,4,233,237,4,0,0,0,0.0,0,0.0,0,13.0,188,0.0,0
1791388151,3.0,3.0,0.0,1.0,3.0,2.0,3.0,0.0,0.0,0.0,625,0,0,235,237,4,0,0,0,0.0,0,0.0,0,13.0,188,0.0,0
1791388152,4.0,3.0,1.0,1.0,2.0,4.0,2.0,2.0,0.0,0.0,626,0,0,233,236,4,0,0,0,0.0,0,0.0,0,20.0,188,0.0,0
1791388153,3.0,2.0,4.0,0.0,3.0,3.0,1.0,2.0,0.0,0.0,626,0,0,234,237,4,0,0,0,0.0,0,0.0,0,12.0,188,0.0,0
1791388154,0.0,0.0,2.0,0.0,1.0,2.0,2.0,1.0,0.0,0.0,626,0,20,235,237,4,0,0,0,0.0,0,0.0,0,14.0,188,0.0,0
1791388155,2.0,0.0,4.0,0.0,2.0,3.0,3.0,3.0,0.0,0.0,626,0,0,233,236,5,0,0,0,0.0,0,0.0,0,14.0,188,0.0,0
1791388156,2.0,2.0,2.0,1.0,3.0,4.0,3.0,4.0,0.0,0.0,626,0,84,235,237,4,0,0,0,0.0,0,0.0,0,20.0,189,0.0,0
1791388157,0.0,1.0,0.0,3.0,1.0,3.0,1.0,4.0,0.0,0.0,626,0,0,235,238,4,0,0,0,0.0,0,0.0,0,12.0,189,0.0,0
1791388158,1.0,0.0,3.0,2.0,3.0,1.0,4.0,1.0,0.0,0.0,626,0,0,234,237,4,0,0,0,0.0,0,0.0,0,14.0,189,0.0,0
1791388159,0.0,0.0,4.0,3.0,1.0,4.0,0.0,2.0,0.0,0.0,626,0,20,235,238,4,0,0,0,0.0,0,0.0,0,12.0,189,0.0,0
1791388160,2.0,4.9,3.1,3.0,3.0,3.0,4.0,2.0,0.0,0.0,626,0,0,235,237,4,0,0,0,0.0,0,0.0,0,24.0,190,0.0,0
1791388161,1.0,3.0,5.0,2.0,0.0,5.0,1.0,1.0,0.0,0.0,627,0,0,235,237,4,0,0,0,0.0,0,0.0,0,14.0,190,0.0,0
1791388162,1.0,2.0,1.0,4.0,3.0,3.0,1.0,0.0,0.0,0.0,627,0,4,233,236,4,0,0,0,0.0,0,0.0,0,15.0,190,0.0,0
1791388163,0.0,1.0,4.0,0.0,0.0,5.0,1.0,1.0,0.0,0.0,627,0,0,233,236,4,0,0,0,0.0,0,0.0,0,12.0,190,0.0,0
1791388164,2.0,4.0,6.9,1.0,4.0,4.0,3.0,1.0,0.0,0.0,627,0,76,233,236,4,0,0,0,0.0,0,0.0,0,22.0,191,0.0,0
1791388165,0.0,1.0,4.0,3.0,2.0,2.0,3.0,4.0,0.0,0.0,628,0,0,232,235,4,0,0,0,0.0,0,0.0,0,16.0,191,0.0,0
1791388166,2.0,0.0,3.0,1.0,3.0,3.0,1.0,2.0,0.0,0.0,628,0,0,233,237,4,0,0,0,0.0,0,0.0,0,13.0,191,0.0,0
1791388167,4.9,0.0,4.0,0.0,2.0,2.0,1.0,1.0,0.0,0.0,628,0,0,234,237,4,0,0,0,0.0,0,0.0,0,13.0,191,0.0,0
1791388168,4.0,2.0,5.1,4.0,4.0,4.0,4.0,1.0,0.0,0.0,628,0,4,234,236,4,0,0,0,0.0,0,0.0,0,25.0,192,0.0,0
1791388169,3.0,4.0,4.0,2.0,0.0,2.0,1.0,0.0,0.0,0.0,628,0,0,233,236,4,0,0,0,0.0,0,0.0,0,15.0,192,0.0,0
1791388170,4.0,2.0,4.0,3.0,0.0,2.0,0.0,1.0,0.0,0.0,628,0,92,235,237,4,0,0,0,0.0,0,0.0,0,14.0,192,0.0,0
1791388171,0.0,4.0,2.0,4.0,0.0,3.0,3.0,1.0,0.0,0.0,628,0,0,232,235,4,0,0,0,0.0,0,0.0,0,14.0,192,0.0,0
1791388172,1.0,2.0,3.0,4.0,1.0,5.0,4.1,3.1,0.0,0.0,628,0,0,229,235,4,0,0,0,0.0,0,0.0,0,24.0,192,0.0,0
1791388173,4.0,0.0,1.0,3.0,1.0,3.0,0.0,2.0,0.0,0.0,629,0,0,235,237,4,0,0,0,0.0,0,0.0,0,13.0,193,0.0,0
1791388174,1.0,0.0,2.0,2.0,1.0,2.0,3.0,4.0,0.0,0.0,629,0,8,236,238,4,0,0,0,0.0,0,0.0,0,12.0,193,0.0,0
1791388175,0.0,0.0,3.0,3.0,0.0,3.0,2.0,4.0,0.0,0.0,629,0,28,235,237,4,0,0,0,0.0,0,0.0,0,12.0,193,0.0,0
1791388176,1.0,1.0,5.0,3.0,4.0,4.0,3.0,3.0,0.0,0.0,629,0,0,233,237,4,0,0,0,0.0,0,0.0,0,23.0,193,0.0,0
1791388177,2.0,0.0,4.1,3.0,0.0,2.0,4.0,0.0,0.0,0.0,629,0,0,233,236,4,0,0,0,0.0,0,0.0,0,15.0,193,0.0,0
1791388178,2.0,0.0,3.0,3.0,2.0,2.0,4.0,2.0,0.0,0.0,629,0,80,233,237,4,0,0,0,0.0,0,0.0,0,15.0,193,0.0,0
1791388179,0.0,0.0,5.9,3.0,2.0,3.0,2.0,1.0,0.0,0.0,629,0,8,232,235,4,0,0,0,0.0,0,0.0,0,14.0,193,0.0,0
1791388180,2.0,1.0,5.1,4.0,2.0,5.0,5.0,2.0,0.0,0.0,630,0,4,233,236,4,0,0,0,0.0,0,0.0,0,24.0,194,0.0,0
1791388181,0.0,0.0,0.0,2.0,3.0,1.0,1.0,2.0,0.0,0.0,631,0,20,237,239,4,0,0,0,0.0,0,0.0,0,12.0,194,0.0,0
1791388182,2.9,0.0,2.0,3.0,2.0,3.0,1.0,4.0,0.0,0.0,631,0,0,233,236,4,0,0,0,0.0,0,0.0,0,13.0,194,0.0,0
1791388183,2.0,0.0,1.0,3.0,3.0,3.0,4.0,1.0,0.0,0.0,631,0,0,233,236,5,0,0,0,0.0,0,0.0,0,15.0,194,0.0,0
1791388184,3.0,2.0,5.1,4.0,2.0,4.1,4.0,2.0,0.0,0.0,631,0,0,233,235,5,0,0,0,0.0,0,0.0,0,25.0,194,0.0,0
1791388185,3.0,0.0,3.0,3.0,1.0,3.0,1.0,0.0,0.0,0.0,632,0,0,234,236,4,0,0,0,0.0,0,0.0,0,13.0,194,0.0,0
1791388186,4.0,0.0,1.0,2.0,4.0,5.0,3.0,0.0,0.0,0.0,632,0,96,232,235,4,0,0,0,0.0,0,0.0,0,16.0,194,0.0,0
1791388187,2.0,0.0,0.0,1.0,3.0,5.1,2.0,1.0,0.0,0.0,632,0,0,232,236,4,0,0,0,0.0,0,0.0,0,13.0,194,0.0,0
1791388188,5.0,1.0,1.0,3.0,4.0,5.1,2.0,2.1,0.0,0.0,632,0,0,233,236,4,0,0,0,0.0,0,0.0,0,24.0,195,0.0,0
1791388189,0.0,2.0,2.0,1.0,3.0,2.0,0.0,3.0,0.0,0.0,633,0,0,235,237,4,0,0,0,0.0,0,0.0,0,12.0,195,0.0,0
1791388190,0.0,3.0,4.0,0.0,2.0,3.0,0.0,2.0,0.0,0.0,633,0,0,234,237,4,0,0,0,0.0,0,0.0,0,12.0,195,0.0,0
1791388191,0.0,2.0,4.0,2.0,3.0,1.0,0.0,2.0,0.0,0.0,633,0,0,235,238,4,0,0,0,0.0,0,0.0,0,11.0,195,0.0,0
1791388192,0.0,2.0,3.0,1.0,1.0,4.0,0.0,2.0,0.0,0.0,633,0,24,235,238,4,0,0,0,0.0,0,0.0,0,12.0,195,0.0,0
1791388193,1.0,2.0,4.1,1.0,3.0,5.9,2.0,2.0,0.0,0.0,633,0,0,236,238,4,0,0,0,0.0,0,0.0,0,19.0,195,0.0,0
1791388194,1.0,2.0,0.0,2.0,1.0,6.0,0.0,4.0,0.0,0.0,633,0,80,234,237,4,0,0,0,0.0,0,0.0,0,12.0,195,0.0,0
1791388195,3.0,2.0,0.0,0.0,4.0,1.0,0.0,2.0,0.0,0.0,633,0,0,234,237,4,0,0,0,0.0,0,0.0,0,13.0,195,0.0,0
1791388196,3.0,2.0,0.0,2.0,1.0,5.0,0.0,4.0,0.0,0.0,633,0,0,233,236,4,0,0,0,0.0,0,0.0,0,14.0,195,0.0,0
1791388197,2.0,4.0,2.0,2.0,3.0,4.0,4.0,3.0,0.0,0.0,633,0,20,235,237,4,0,0,0,0.0,0,0.0,0,20.0,196,0.0,0
1791388198,1.0,2.0,0.0,0.0,2.0,4.0,0.0,2.0,0.0,0.0,633,0,4,235,237,4,0,0,0,0.0,0,0.0,0,13.0,196,0.0,0
1791388199,0.0,2.9,3.0,0.0,3.0,3.0,0.0,3.9,0.0,0.0,633,0,0,235,237,4,0,0,0,0.0,0,0.0,0,11.0,196,0.0,0
1791388200,1.0,3.0,3.0,2.0,0.0,4.0,1.0,2.0,0.0,0.0,633,0,0,233,236,4,0,0,0,0.0,0,0.0,0,14.0,196,0.0,0
1791388201,3.0,1.0,2.0,1.0,2.0,6.0,4.0,5.0,0.0,0.0,634,0,0,232,236,4,0,0,0,0.0,0,0.0,0,24.0,197,0.0,0
1791388202,4.0,1.0,0.0,3.0,2.0,3.0,1.0,1.0,0.0,0.0,634,0,76,232,235,4,0,0,0,0.0,0,0.0,0,15.0,197,0.0,0
1791388203,3.0,1.0,1.0,3.0,2.0,2.0,3.0,2.0,0.0,0.0,634,0,0,229,234,5,0,0,0,0.0,0,0.0,0,16.0,197,0.0,0
1791388204,2.0,1.0,4.0,2.0,0.0,3.0,3.0,2.0,0.0,0.0,634,0,4,232,235,4,0,0,0,0.0,0,0.0,0,15.0,197,0.0,0
1791388205,2.0,1.0,2.0,2.0,3.0,5.0,4.0,5.0,0.0,0.0,635,0,0,232,235,4,0,0,0,0.0,0,0.0,0,25.0,198,0.0,0
1791388206,5.0,0.0,0.0,0.0,0.0,4.0,1.0,1.0,0.0,0.0,635,0,0,232,236,4,0,0,0,0.0,0,0.0,0,13.0,198,0.0,0
1791388207,3.0,1.0,0.0,4.0,0.0,3.0,2.0,3.0,0.0,0.0,636,0,0,232,235,4,0,0,0,0.0,0,0.0,0,15.0,198,0.0,0
1791388208,3.0,0.0,5.9,2.0,0.0,3.0,4.0,0.0,0.0,0.0,636,0,92,231,235,4,0,0,0,0.0,0,0.0,0,15.0,198,0.0,0
1791388209,3.0,4.0,3.1,2.0,3.0,4.0,2.0,5.1,0.0,0.0,636,0,0,233,236,4,0,0,0,0.0,0,0.0,0,25.0,199,0.0,0
1791388210,0.0,3.0,4.1,1.0,1.0,4.0,2.0,1.0,0.0,0.0,636,0,4,232,235,4,0,0,0,0.0,0,0.0,0,15.0,200,0.0,0
1791388211,0.0,1.0,2.0,4.0,0.0,2.0,2.0,2.0,0.0,0.0,636,0,4,232,235,4,0,0,0,0.0,0,0.0,0,15.0,200,0.0,0
1791388212,0.0,4.0,2.0,2.0,1.0,3.0,4.0,2.0,0.0,0.0,636,0,0,233,236,4,0,0,0,0.0,0,0.0,0,15.0,200,0.0,0
1791388213,2.0,3.0,5.1,2.0,3.1,5.1,4.0,4.0,0.0,0.0,638,0,20,232,235,4,0,0,0,0.0,0,0.0,0,26.0,200,0.0,0
1791388214,0.0,0.0,3.0,0.0,2.0,4.0,1.0,2.0,0.0,0.0,638,0,0,233,237,4,0,0,0,0.0,0,0.0,0,14.0,200,0.0,0
1791388215,1.0,2.0,2.0,1.0,1.0,3.0,3.0,5.0,0.0,0.0,638,0,0,234,237,4,0,0,0,0.0,0,0.0,0,15.0,200,0.0,0
1791388216,0.0,0.0,5.0,1.0,2.0,3.0,2.0,2.0,0.0,0.0,638,0,88,233,237,4,0,0,0,0.0,0,0.0,0,14.0,200,0.0,0
1791388217,1.0,2.0,1.0,0.0,4.0,2.0,2.0,1.0,0.0,0.0,638,0,0,233,236,4,0,0,0,0.0,0,0.0,0,14.0,201,0.0,0
1791388218,1.0,5.0,3.1,4.0,2.0,3.1,1.0,1.0,0.0,0.0,639,0,56,235,237,4,0,0,0,0.0,0,0.0,0,21.0,201,0.0,0
1791388219,0.0,1.0,2.0,3.0,2.0,4.0,0.0,0.0,0.0,0.0,639,0,0,233,236,4,0,0,0,0.0,0,0.0,0,14.0,201,0.0,0
1791388220,1.0,3.0,2.0,3.0,4.0,3.0,2.0,0.0,0.0,0.0,639,0,0,232,236,4,0,0,0,0.0,0,0.0,0,13.0,201,0.0,0
1791388221,1.0,3.0,0.0,3.1,3.0,2.0,1.0,4.0,0.0,0.0,639,0,0,234,237,4,0,0,0,0.0,0,0.0,0,15.0,201,0.0,0
1791388222,3.0,2.0,6.0,3.0,4.0,6.0,1.0,3.0,0.0,0.0,640,0,244,234,237,4,0,0,0,0.0,0,0.0,0,27.0,202,0.0,0
1791388223,3.1,1.0,3.1,2.0,2.0,4.0,0.0,1.0,0.0,0.0,640,0,0,232,236,4,0,0,0,0.0,0,0.0,0,15.0,202,0.0,0
1791388224,4.0,1.0,2.0,3.0,2.0,1.0,0.0,3.0,0.0,0.0,640,0,76,233,236,4,0,0,0,0.0,0,0.0,0,14.0,202,0.0,0
1791388225,4.0,1.0,1.0,2.0,2.0,3.0,0.0,3.0,0.0,0.0,640,0,0,233,237,4,0,0,0,0.0,0,0.0,0,15.0,202,0.0,0
1791388226,2.0,2.0,6.9,5.0,2.0,5.1,3.0,3.0,0.0,0.0,641,0,0,231,235,4,0,0,0,0.0,0,0.0,0,27.0,203,0.0,0
1791388227,2.0,0.0,3.1,2.0,0.0,3.0,2.0,2.0,0.0,0.0,641,0,0,233,236,4,0,0,0,0.0,0,0.0,0,14.0,203,0.0,0
1791388228,0.0,0.0,3.0,3.0,1.0,3.0,2.0,2.0,0.0,0.0,641,0,24,235,237,4,0,0,0,0.0,0,0.0,0,14.0,203,0.0,0
1791388229,1.0,0.0,1.0,2.0,1.0,4.0,5.0,3.0,0.0,0.0,641,0,0,233,236,4,0,0,0,0.0,0,0.0,0,14.0,203,0.0,0
1791388230,2.0,1.0,6.0,4.0,2.0,3.0,3.0,5.0,0.0,0.0,641,0,0,233,237,4,0,0,0,0.0,0,0.0,0,24.0,203,0.0,0
1791388231,4.0,2.0,0.0,5.0,0.0,3.0,3.0,0.0,0.0,0.0,641,0,0,232,235,4,0,0,0,0.0,0,0.0,0,15.0,203,0.0,0
1791388232,3.0,1.0,0.0,3.0,1.0,0.0,6.1,2.0,0.0,0.0,641,0,80,232,235,4,0,0,0,0.0,0,0.0,0,16.0,203,0.0,0
1791388233,3.0,1.0,0.0,3.0,3.0,1.0,3.0,1.0,0.0,0.0,641,0,0,232,236,4,0,0,0,0.0,0,0.0,0,14.0,203,0.0,0
1791388234,2.0,0.0,0.0,2.0,3.0,4.0,3.0,1.0,0.1,0.0,641,0,24,233,236,4,0,0,0,0.0,0,0.0,0,13.0,203,0.0,0
1791388235,5.0,4.0,4.0,3.0,2.0,1.0,4.0,2.0,0.0,0.0,642,0,0,231,235,4,0,0,0,0.0,0,0.0,0,26.0,204,0.0,0
1791388236,0.0,1.0,5.0,3.0,0.0,0.0,5.1,2.0,0.0,0.0,643,0,0,231,235,4,0,0,0,0.0,0,0.0,0,15.0,204,0.0,0
1791388237,1.0,4.0,0.0,2.0,0.0,0.0,5.0,3.0,0.0,0.0,643,0,0,235,237,4,0,0,0,0.0,0,0.0,0,12.0,204,0.0,0
1791388238,0.0,2.0,2.0,3.9,0.0,0.0,3.0,2.0,0.0,0.0,643,0,0,235,237,4,0,0,0,0.0,0,0.0,0,13.0,204,0.0,0
1791388239,4.1,3.0,3.0,3.0,4.0,3.0,4.0,5.1,0.0,0.0,643,0,0,233,236,4,0,0,0,0.0,0,0.0,0,27.0,205,0.0,0
1791388240,3.0,1.0,2.0,0.0,2.0,1.0,3.0,2.0,0.0,0.0,644,0,96,231,235,4,0,0,0,0.0,0,0.0,0,13.0,206,0.0,0
1791388241,4.0,3.0,0.0,0.0,2.0,1.0,1.0,2.0,0.0,0.0,644,0,0,235,238,4,0,0,0,0.0,0,0.0,0,13.0,206,0.0,0
1791388242,2.0,4.0,2.0,0.0,0.0,2.0,3.0,2.0,0.0,0.0,644,0,0,233,235,4,0,0,0,0.0,0,0.0,0,12.0,206,0.0,0
1791388243,1.0,1.0,3.0,0.0,1.0,3.0,2.0,3.0,0.0,0.0,644,0,0,235,237,4,0,0,0,0.0,0,0.0,0,14.0,206,0.0,0
1791388244,5.1,3.1,3.1,2.0,4.0,3.0,4.0,2.0,0.0,0.0,644,0,28,233,236,4,0,0,0,0.0,0,0.0,0,27.0,206,0.0,0
1791388245,2.0,3.0,3.0,0.0,3.0,3.0,4.0,0.0,0.0,0.0,644,0,0,233,235,4,0,0,0,0.0,0,0.0,0,14.0,206,0.0,0
1791388246,0.0,3.0,3.0,0.0,2.0,0.0,4.0,0.0,0.0,0.0,645,0,24,233,236,4,0,0,0,0.0,0,0.0,0,14.0,206,0.0,0
1791388247,0.0,4.0,2.0,3.0,3.0,0.0,2.0,3.0,0.0,0.0,645,0,0,231,235,4,0,0,0,0.0,0,0.0,0,14.0,206,0.0,0
1791388248,2.0,1.0,5.0,4.0,4.0,4.9,4.1,2.0,0.0,0.0,645,0,56,233,235,4,0,0,0,0.0,0,0.0,0,25.0,206,0.0,0
1791388249,0.0,0.0,3.0,2.0,2.0,1.0,2.0,0.0,0.0,0.0,645,0,0,234,238,4,0,0,0,0.0,0,0.0,0,12.0,206,0.0,0
1791388250,0.0,0.0,2.1,1.0,0.0,0.0,4.1,2.0,0.0,0.0,645,0,0,235,237,4,0,0,0,0.0,0,0.0,0,12.0,206,0.0,0
1791388251,0.0,0.0,4.0,2.0,0.0,3.0,3.0,2.0,0.0,0.0,645,0,20,235,238,4,0,0,0,0.0,0,0.0,0,13.0,206,0.0,0
1791388252,1.0,0.0,1.0,3.9,2.0,2.0,3.0,2.0,0.0,0.0,645,0,8,235,237,4,0,0,0,0.0,0,0.0,0,13.0,207,0.0,0
1791388253,3.0,1.0,2.0,3.1,4.0,1.0,5.1,3.0,0.0,0.0,645,0,40,233,236,4,0,0,0,0.0,0,0.0,0,23.0,208,0.0,0
1791388254,4.0,1.0,1.0,4.0,1.0,0.0,2.0,3.0,0.0,0.0,645,0,76,233,236,4,0,0,0,0.0,0,0.0,0,14.0,208,0.0,0
1791388255,0.0,1.0,5.0,2.0,2.0,0.0,4.0,1.0,0.0,0.0,646,0,0,233,236,4,0,0,0,0.0,0,0.0,0,16.0,208,0.0,0
1791388256,0.0,1.0,3.1,4.0,2.0,0.0,3.0,4.0,0.0,0.0,646,0,0,233,236,4,0,0,0,0.0,0,0.0,0,13.0,208,0.0,0
1791388257,4.0,1.0,4.0,3.1,2.0,2.0,3.1,5.0,0.0,0.0,646,0,0,235,237,4,0,0,0,0.0,0,0.0,0,25.0,208,0.0,0
1791388258,0.0,2.0,4.0,4.0,0.0,0.0,3.0,1.0,0.0,0.0,647,0,4,233,236,4,0,0,0,0.0,0,0.0,0,14.0,208,0.0,0
1791388259,1.0,4.0,4.0,2.0,0.0,1.0,3.0,0.0,0.0,0.0,647,0,32,234,237,4,0,0,0,0.0,0,0.0,0,12.0,208,0.0,0
1791388260,1.0,2.0,5.0,2.0,0.0,3.0,2.0,0.0,0.0,0.0,647,0,0,234,237,4,0,0,0,0.0,0,0.0,0,14.0,208,0.0,0
1791388261,2.0,2.0,5.1,2.0,2.0,3.1,4.0,5.0,0.0,0.0,647,0,0,235,238,4,0,0,0,0.0,0,0.0,0,25.0,209,0.0,0
1791388262,3.0,1.0,4.0,4.0,3.0,0.0,3.0,0.0,0.0,0.0,647,0,80,232,235,4,0,0,0,0.0,0,0.0,0,14.0,209,0.0,0
1791388263,0.0,0.0,3.0,3.0,3.0,0.0,5.1,0.0,0.0,0.0,647,0,0,233,236,4,0,0,0,0.0,0,0.0,0,14.0,209,0.0,0
1791388264,2.0,2.0,3.1,3.0,3.0,3.0,2.0,0.0,0.0,0.0,647,0,4,234,237,4,0,0,0,0.0,0,0.0,0,14.0,209,0.0,0
1791388265,2.0,0.0,4.0,3.0,2.0,0.0,3.0,0.0,0.0,0.0,647,0,20,235,237,4,0,0,0,0.0,0,0.0,0,13.0,209,0.0,0
1791388266,3.0,1.0,6.0,3.0,4.0,2.0,4.0,2.0,0.0,0.0,648,0,0,234,236,4,0,0,0,0.0,0,0.0,0,24.0,210,0.0,0
1791388267,1.0,1.0,3.0,0.0,1.0,0.0,4.0,3.0,0.0,0.0,648,0,0,233,237,5,0,0,0,0.0,0,0.0,0,12.0,210,0.0,0
1791388268,1.0,1.0,4.0,2.0,2.0,1.0,3.0,1.0,0.0,0.0,648,0,0,235,237,4,0,0,0,0.0,0,0.0,0,14.0,210,0.0,0
1791388269,0.0,0.0,4.0,3.0,2.0,2.0,2.0,3.0,0.0,0.0,648,0,0,234,238,4,0,0,0,0.0,0,0.0,0,14.0,210,0.0,0
1791388270,2.0,1.0,4.1,4.0,2.0,4.0,4.0,3.0,0.0,0.0,648,0,96,233,237,5,0,0,0,0.0,0,0.0,0,27.0,210,0.0,0
1791388271,4.0,3.0,3.0,2.0,0.0,0.0,2.0,2.0,0.0,0.0,648,0,0,234,237,4,0,0,0,0.0,0,0.0,0,14.0,210,0.0,0
1791388272,3.0,2.0,0.0,3.0,0.0,0.0,4.0,1.0,0.0,0.0,648,0,0,234,236,4,0,0,0,0.0,0,0.0,0,12.0,210,0.0,0
1791388273,2.0,2.0,0.0,2.0,1.0,0.0,3.0,1.0,0.0,0.0,648,0,0,231,235,4,0,0,0,0.0,0,0.0,0,15.0,210,0.0,0
1791388274,4.0,3.0,0.0,2.0,1.0,0.0,2.0,3.0,0.0,0.0,648,0,0,234,237,4,0,0,0,0.0,0,0.0,0,13.0,210,0.0,0
1791388275,3.0,4.0,3.1,5.0,2.0,2.0,4.0,3.0,0.0,0.0,650,0,0,235,238,4,0,0,0,0.0,0,0.0,0,25.0,211,0.0,0
1791388276,3.0,0.0,1.0,3.0,3.0,1.0,3.0,3.0,0.0,0.0,650,0,56,234,237,5,0,0,0,0.0,0,0.0,0,13.0,211,0.0,0
1791388277,3.0,0.0,2.0,2.0,1.0,0.0,2.0,0.0,0.0,0.0,650,0,0,237,239,4,0,0,0,0.0,0,0.0,0,13.0,211,0.0,0
1791388278,3.0,0.0,5.9,3.0,0.0,3.0,3.0,0.0,0.0,0.0,650,0,80,233,236,4,0,0,0,0.0,0,0.0,0,16.0,211,0.0,0
1791388279,4.0,2.0,0.0,4.0,1.0,4.0,2.0,0.0,0.0,0.0,650,0,0,232,236,4,0,0,0,0.0,0,0.0,0,15.0,211,0.0,0
1791388280,1.0,4.0,2.0,1.0,5.0,4.0,6.1,3.0,0.0,0.0,653,0,0,232,234,4,0,0,0,0.0,0,0.0,0,28.0,213,0.0,0
1791388281,1.0,2.0,1.0,3.0,3.0,2.0,3.1,1.0,0.0,0.0,653,0,20,233,236,4,0,0,0,0.0,0,0.0,0,14.0,213,0.0,0
1791388282,2.0,1.0,3.0,1.0,0.0,1.0,3.0,2.0,0.0,0.0,653,0,4,234,237,4,0,0,0,0.0,0,0.0,0,13.0,213,0.0,0
1791388283,3.0,2.0,3.0,1.0,0.0,0.0,2.0,2.0,0.0,0.0,653,0,0,235,238,4,0,0,0,0.0,0,0.0,0,13.0,213,0.0,0
1791388284,2.0,2.0,5.1,2.0,2.0,3.1,4.0,3.0,0.0,0.0,653,0,0,233,236,4,0,0,0,0.0,0,0.0,0,22.0,213,0.0,0
1791388285,0.0,2.0,1.0,4.0,1.0,1.0,2.0,1.0,0.0,0.0,653,0,0,234,237,4,0,0,0,0.0,0,0.0,0,12.0,213,0.0,0
1791388286,0.0,1.0,2.0,1.0,3.0,2.0,3.0,0.0,0.0,0.0,653,0,72,233,235,4,0,0,0,0.0,0,0.0,0,13.0,213,0.0,0
1791388287,0.0,2.0,5.0,3.0,3.0,0.0,2.0,0.0,0.0,0.0,653,0,180,232,234,4,0,0,0,0.0,0,0.0,0,16.0,213,0.0,0
1791388288,0.0,2.0,1.0,1.0,2.0,3.0,2.0,0.0,0.0,0.0,653,0,4,234,237,4,0,0,0,0.0,0,0.0,0,13.0,213,0.0,0
1791388289,1.0,4.0,6.0,1.0,3.1,2.0,5.1,1.0,0.0,0.0,654,0,0,234,237,4,0,0,0,0.0,0,0.0,0,24.0,214,0.0,0
1791388290,1.0,2.0,4.0,0.0,2.0,1.0,3.0,2.0,0.0,0.0,654,0,0,234,237,4,0,0,0,0.0,0,0.0,0,12.0,214,0.0,0
1791388291,0.0,3.0,2.0,0.0,1.0,3.0,3.0,0.0,0.0,0.0,654,0,0,235,238,4,0,0,0,0.0,0,0.0,0,14.0,214,0.0,0
1791388292,2.0,1.0,3.0,0.0,0.0,2.0,3.1,1.0,0.0,0.0,654,0,92,233,237,4,0,0,0,0.0,0,0.0,0,13.0,214,0.0,0
1791388293,4.0,3.0,6.0,5.0,2.0,4.0,5.0,3.1,0.0,0.0,655,0,0,234,237,4,0,0,0,0.0,0,0.0,0,28.0,215,0.0,0
1791388294,3.0,0.0,5.0,0.0,2.0,0.0,3.0,3.0,0.0,0.0,656,0,8,234,237,4,0,0,0,0.0,0,0.0,0,15.0,215,0.0,0
1791388295,4.0,1.0,5.0,0.0,3.0,0.0,2.0,2.0,0.0,0.0,656,0,0,231,235,4,0,0,0,0.0,0,0.0,0,16.0,215,0.0,0
1791388296,1.0,0.0,2.0,1.0,2.0,0.0,2.0,4.0,0.0,0.0,656,0,0,234,237,4,0,0,0,0.0,0,0.0,0,13.0,215,0.0,0
1791388297,0.0,0.0,5.0,2.0,3.0,0.0,0.0,5.0,0.0,0.0,656,0,28,237,239,4,0,0,0,0.0,0,0.0,0,12.0,215,0.0,0
1791388298,3.0,3.0,5.1,4.0,3.0,1.0,2.0,6.0,0.0,0.0,656,0,0,234,237,4,0,0,0,0.0,0,0.0,0,24.0,216,0.0,0
1791388299,3.0,0.0,4.0,0.0,2.0,1.0,2.0,4.0,0.0,0.0,656,0,0,234,237,4,0,0,0,0.0,0,0.0,0,14.0,216,0.0,0
1791388300,2.0,0.0,0.0,0.0,4.0,1.0,1.0,3.0,0.0,0.0,657,0,84,234,238,4,0,0,0,0.0,0,0.0,0,14.0,216,0.0,0
1791388301,1.0,3.0,3.0,0.0,2.0,1.0,1.0,2.0,0.0,0.0,656,0,0,236,239,4,0,0,0,0.0,0,0.0,0,11.0,216,0.0,0
1791388302,3.0,2.0,3.0,0.0,1.0,1.0,0.0,2.0,0.0,0.0,656,0,0,232,236,4,0,0,0,0.0,0,0.0,0,13.0,216,0.0,0
1791388303,3.1,4.1,2.0,1.0,5.1,4.0,3.0,6.0,0.0,0.0,657,0,24,233,236,4,0,0,0,0.0,0,0.0,0,30.0,217,0.0,0
1791388304,1.0,2.0,0.0,0.0,3.0,2.0,0.0,4.0,0.0,0.0,658,0,0,237,238,4,0,0,0,0.0,0,0.0,0,11.0,217,0.0,0
1791388305,2.0,3.0,0.0,0.0,1.0,0.0,2.0,5.0,0.0,0.0,658,0,0,235,237,4,0,0,0,0.0,0,0.0,0,13.0,217,0.0,0
1791388306,0.0,3.0,5.0,0.0,4.0,0.0,2.0,1.0,0.0,0.0,658,0,4,233,236,4,0,0,0,0.0,0,0.0,0,13.0,217,0.0,0
1791388307,0.0,2.0,0.0,3.0,3.0,0.0,3.0,3.0,0.0,0.0,658,0,0,235,237,4,0,0,0,0.0,0,0.0,0,21.0,218,0.0,0
1791388308,5.0,2.0,5.0,3.0,1.0,2.0,3.0,3.0,0.0,0.0,659,0,92,233,235,4,0,0,0,0.0,0,0.0,0,15.0,218,0.0,0
1791388309,4.0,2.0,4.0,2.0,0.0,1.0,1.0,3.0,0.0,0.0,659,0,0,234,237,4,0,0,0,0.0,0,0.0,0,14.0,218,0.0,0
1791388310,2.0,1.0,2.0,0.0,4.0,1.0,1.0,3.0,0.0,0.0,659,0,0,234,237,4,0,0,0,0.0,0,0.0,0,13.0,218,0.0,0
1791388311,2.0,3.0,3.0,0.0,1.0,0.0,1.0,2.0,0.0,0.0,659,0,0,235,238,4,0,0,0,0.0,0,0.0,0,12.0,218,0.0,0
1791388312,5.0,2.0,3.0,1.0,3.0,2.0,2.0,2.0,0.0,0.0,659,0,16,235,238,4,0,0,0,0.0,0,0.0,0,20.0,218,0.0,0
1791388313,1.0,3.0,2.0,1.0,1.0,3.0,0.0,3.0,0.0,0.0,660,0,0,236,238,4,0,0,0,0.0,0,0.0,0,11.0,218,0.0,0
1791388314,0.0,2.0,3.0,0.0,3.0,2.0,0.0,2.0,0.0,0.0,660,0,20,235,238,4,0,0,0,0.0,0,0.0,0,12.0,218,0.0,0
1791388315,1.0,2.0,4.0,3.0,1.0,3.0,1.0,3.0,0.0,0.0,660,0,0,235,237,4,0,0,0,0.0,0,0.0,0,14.0,218,0.0,0
1791388316,0.0,2.0,3.0,0.0,1.0,3.0,1.0,2.0,0.0,0.0,660,0,80,233,236,4,0,0,0,0.0,0,0.0,0,13.0,218,0.0,0
1791388317,3.0,3.0,5.1,1.0,3.0,2.0,2.0,5.1,0.0,0.0,661,0,0,232,236,4,0,0,0,0.0,0,0.0,0,24.0,219,0.0,0
1791388318,4.0,1.0,5.0,4.0,1.0,2.0,1.0,0.0,0.0,0.0,661,0,4,233,236,4,0,0,0,0.0,0,0.0,0,15.0,219,0.0,0
1791388319,2.0,0.0,2.0,2.0,0.0,3.0,3.0,2.0,0.0,0.0,661,0,20,233,236,4,0,0,0,0.0,0,0.0,0,15.0,219,0.0,0
1791388320,4.0,0.0,2.0,3.0,1.0,0.0,2.0,2.0,0.0,0.0,661,0,0,234,236,4,0,0,0,0.0,0,0.0,0,15.0,219,0.0,0
1791388321,3.1,0.0,1.0,0.0,2.0,1.0,4.0,1.0,0.0,0.0,661,0,0,235,237,4,0,0,0,0.0,0,0.0,0,13.0,219,0.0,0
1791388322,5.0,3.0,3.1,2.0,4.0,6.0,4.0,2.0,0.0,0.0,661,0,0,234,236,4,0,0,0,0.0,0,0.0,0,27.0,220,0.0,0
1791388323,2.0,0.0,4.0,2.0,1.0,2.0,2.0,1.0,0.0,0.0,661,0,0,231,235,4,0,0,0,0.0,0,0.0,0,15.0,220,0.0,0
1791388324,3.0,0.0,2.0,2.0,3.0,2.0,1.0,1.0,0.0,0.0,661,0,84,232,235,4,0,0,0,0.0,0,0.0,0,15.0,220,0.0,0
1791388325,2.0,1.0,1.0,1.0,0.0,3.0,2.0,2.0,0.0,0.0,661,0,0,234,236,4,0,0,0,0.0,0,0.0,0,16.0,220,0.0,0
1791388326,6.9,1.0,0.0,3.0,0.0,3.0,0.0,3.0,0.0,0.0,661,0,0,234,236,4,0,0,0,0.0,0,0.0,0,13.0,220,0.0,0
1791388327,7.9,1.0,6.0,2.0,2.0,3.1,2.0,3.0,0.0,0.0,662,0,0,233,236,4,0,0,0,0.0,0,0.0,0,28.0,220,0.0,0
1791388328,3.0,1.0,0.0,3.0,0.0,2.0,2.0,3.0,0.0,0.0,662,0,0,235,237,4,0,0,0,0.0,0,0.0,0,13.0,220,0.0,0
1791388329,3.0,1.0,0.0,2.0,0.0,2.0,3.0,3.0,0.0,0.0,662,0,0,233,236,4,0,0,0,0.0,0,0.0,0,14.0,220,0.0,0
1791388330,2.0,1.0,0.0,4.0,0.0,4.0,3.0,1.0,0.0,0.0,662,0,92,234,237,4,0,0,0,0.0,0,0.0,0,15.0,220,0.0,0
1791388331,4.0,4.0,2.0,6.0,2.0,3.0,3.1,5.0,0.0,0.0,662,0,0,233,236,4,0,0,0,0.0,0,0.0,0,30.0,220,0.0,0
1791388332,3.0,1.0,0.0,0.0,3.0,0.0,3.0,2.0,0.0,0.0,662,0,0,235,238,4,0,0,0,0.0,0,0.0,0,13.0,220,0.0,0
1791388333,2.0,3.0,0.0,3.0,0.0,1.0,2.0,3.0,0.0,0.0,662,0,0,234,237,4,0,0,0,0.0,0,0.0,0,13.0,220,0.0,0
1791388334,3.0,5.0,0.0,3.0,1.0,2.0,3.0,1.0,0.0,0.0,662,0,0,233,235,4,0,0,0,0.0,0,0.0,0,14.0,220,0.0,0
1791388335,2.0,3.0,0.0,5.0,0.0,3.0,3.0,0.0,0.0,0.0,663,0,20,233,236,4,0,0,0,0.0,0,0.0,0,16.0,220,0.0,0
1791388336,5.0,5.0,2.0,5.0,4.0,3.1,4.0,1.0,0.0,0.0,663,0,8,233,236,4,0,0,0,0.0,0,0.0,0,26.0,221,0.0,0
1791388337,3.0,4.0,3.0,0.0,2.0,0.0,1.0,2.0,0.0,0.0,664,0,0,232,236,4,0,0,0,0.0,0,0.0,0,14.0,221,0.0,0
1791388338,3.0,3.0,2.0,0.0,2.0,0.0,3.0,0.0,0.0,0.0,664,0,80,235,237,4,0,0,0,0.0,0,0.0,0,13.0,221,0.0,0
1791388339,3.0,1.0,0.0,3.0,4.0,0.0,1.0,1.0,0.0,0.0,664,0,0,233,235,4,0,0,0,0.0,0,0.0,0,14.0,221,0.0,0
1791388340,5.0,2.0,0.0,2.0,3.0,0.0,3.0,0.0,0.0,0.0,664,0,0,234,237,4,0,0,0,0.0,0,0.0,0,13.0,221,0.0,0
1791388341,4.0,2.0,1.0,4.0,3.0,2.0,3.0,5.0,0.0,0.0,666,0,28,233,236,4,0,0,0,0.0,0,0.0,0,24.0,222,0.0,0
1791388342,2.0,3.0,2.0,2.0,2.0,0.0,3.0,4.0,0.0,0.0,666,0,4,233,236,4,0,0,0,0.0,0,0.0,0,14.0,222,0.0,0
1791388343,3.0,3.0,1.0,2.0,1.0,0.0,3.0,3.0,0.0,0.0,666,0,0,232,235,4,0,0,0,0.0,0,0.0,0,16.0,222,0.0,0
1791388344,5.1,2.0,2.0,4.0,1.0,0.0,0.0,3.0,0.0,0.0,667,0,0,232,236,4,0,0,0,0.0,0,0.0,0,17.0,222,0.0,0
1791388345,3.0,1.0,3.0,2.0,3.0,0.0,2.0,0.0,0.0,0.0,667,0,20,234,236,4,0,0,0,0.0,0,0.0,0,12.0,222,0.0,0
1791388346,6.0,3.0,5.1,5.0,3.0,1.0,3.0,2.0,0.0,0.0,667,0,92,233,236,4,0,0,0,0.0,0,0.0,0,28.0,223,0.0,0
1791388347,2.0,3.0,2.0,0.0,0.0,0.0,2.0,2.0,0.0,0.0,668,0,0,234,237,4,0,0,0,0.0,0,0.0,0,13.0,224,0.0,0
1791388348,3.0,2.0,4.0,0.0,0.0,2.0,2.0,1.0,0.0,0.0,668,0,4,234,237,4,0,0,0,0.0,0,0.0,0,13.0,224,0.0,0
1791388349,2.0,3.0,0.0,0.0,4.0,0.0,1.0,1.0,0.0,0.0,668,0,0,138,142,46,0,0,0,0.0,0,0.0,0,10.0,224,0.0,0
1791388350,2.0,1.0,0.0,0.0,1.0,1.0,1.0,1.0,0.0,0.0,668,0,0,0,7,102,0,0,0,0.0,0,0.0,0,6.0,224,0.0,0
1791388351,3.0,0.0,0.0,0.0,2.0,1.0,0.0,0.0,0.0,0.0,668,0,0,0,11,154,0,0,0,0.0,0,0.0,0,4.0,224,0.0,0
1791388352,3.0,2.0,2.0,2.0,2.0,2.0,4.0,2.0,0.0,0.0,678,0,20,0,15,205,0,0,0,0.0,0,0.0,0,18.0,231,0.0,0
1791388353,3.0,0.0,1.0,1.0,2.0,1.0,1.0,0.0,0.0,0.0,678,0,0,0,17,256,0,0,0,0.0,0,0.0,0,5.0,231,0.0,0
1791388354,2.0,0.0,1.0,1.0,1.0,0.0,1.0,0.0,0.0,0.0,678,0,32,0,22,307,0,0,0,0.0,0,0.0,0,3.0,231,0.0,0
1791388355,3.0,1.0,0.0,0.0,0.0,2.0,0.0,0.0,0.0,0.0,683,0,0,0,22,358,0,0,0,0.0,0,0.0,0,4.0,231,0.0,0
1791388356,2.0,1.0,1.0,0.0,0.0,0.0,0.0,1.0,0.0,0.0,685,0,0,0,24,409,0,0,0,0.0,0,0.0,0,5.0,233,0.0,0
1791388357,3.0,1.0,1.0,0.0,2.0,0.0,0.0,0.0,0.0,0.0,707,0,0,0,27,460,0,0,0,0.0,0,0.0,0,5.0,246,0.0,0
1791388358,2.0,1.0,1.0,0.0,2.0,2.0,2.0,0.0,0.0,0.0,725,0,20,0,25,511,0,0,0,0.0,0,0.0,0,5.0,260,0.0,0
1791388359,3.0,2.0,0.0,0.0,1.0,0.0,1.0,0.0,0.0,0.0,735,0,0,0,28,582,0,0,0,0.0,0,0.0,0,6.0,272,0.0,0
1791388360,6.0,3.0,3.0,3.0,3.0,2.0,2.0,4.9,0.0,0.0,760,0,4,0,32,661,0,0,0,0.0,0,0.0,0,24.0,281,0.0,0
1791388361,2.0,0.0,0.0,0.0,1.0,1.0,2.0,1.0,0.0,0.0,761,0,0,0,34,738,0,0,0,0.0,0,0.0,0,5.0,282,0.0,0
1791388362,3.0,1.0,0.0,1.0,0.0,0.0,2.0,1.0,0.0,0.0,761,0,0,0,37,814,0,0,0,0.0,0,0.0,0,6.0,282,0.0,0
1791388363,3.0,0.0,0.0,2.0,2.0,1.0,1.0,1.0,0.0,0.0,765,0,0,0,37,891,0,0,0,0.0,0,0.0,0,5.0,283,0.0,0
1791388364,3.0,0.0,0.0,1.0,0.0,3.0,0.0,0.0,0.0,0.0,760,0,12,0,41,967,0,0,0,0.0,0,0.0,0,6.0,286,0.0,0
1791388365,3.0,1.0,0.0,0.0,1.0,0.0,1.0,2.0,0.0,0.0,789,0,0,0,42,1044,0,0,0,0.0,0,0.0,0,6.0,296,0.0,0
1791388366,3.0,0.0,0.0,0.0,1.0,0.0,1.0,1.0,0.0,0.0,803,0,4,0,40,1120,0,0,0,0.0,0,0.0,0,4.0,307,0.0,0
1791388367,3.0,1.0,1.0,1.0,0.0,2.0,1.0,2.0,0.0,0.0,805,0,0,0,44,1197,0,0,0,0.0,0,0.0,0,6.0,318,0.0,0
1791388368,2.0,0.0,0.0,0.0,1.0,0.0,0.0,0.0,0.0,0.0,811,0,0,0,43,1273,0,0,0,0.0,0,0.0,0,5.0,329,0.0,0
1791388369,3.0,0.0,2.0,1.0,2.0,2.0,0.0,1.0,0.0,0.0,828,0,0,0,46,1360,0,0,0,0.0,0,0.0,0,6.0,339,0.0,0
1791388370,2.0,1.0,1.0,1.0,0.0,0.0,0.0,1.0,0.0,0.0,839,0,12,0,49,1450,0,0,0,0.0,0,0.0,0,5.0,350,0.0,0
1791388371,4.0,1.0,2.0,0.0,0.0,1.0,1.0,0.0,0.0,0.0,844,0,0,3,50,1515,0,0,0,0.0,0,0.0,0,5.0,360,0.0,0
1791388372,3.0,1.0,1.0,0.0,1.0,1.0,2.0,0.0,0.0,0.0,852,0,40,1,53,1605,0,0,0,0.0,0,0.0,0,5.0,370,0.0,0
1791388373,4.0,0.0,0.0,0.0,1.0,0.0,1.0,0.0,0.0,0.0,857,0,0,0,53,1693,0,0,0,0.0,0,0.0,0,5.0,381,0.0,0
1791388374,2.0,1.0,1.0,0.0,2.0,1.0,0.0,0.0,0.0,0.0,873,0,0,0,51,1781,0,0,0,0.0,0,0.0,0,5.0,391,0.0,0
1791388375,6.0,3.0,3.0,4.0,3.0,3.0,5.0,3.0,0.0,0.0,873,0,0,0,55,1871,0,0,0,0.0,0,0.0,0,28.0,397,0.0,0
1791388376,3.0,0.0,1.0,0.0,1.0,0.0,1.0,2.0,0.0,0.0,873,0,20,0,55,1959,0,0,0,0.0,0,0.0,0,4.0,397,0.0,0
1791388377,3.0,0.0,0.0,1.0,1.0,2.0,0.0,1.0,0.0,0.0,871,0,0,0,52,2045,0,0,0,0.0,0,0.0,0,5.0,397,0.0,0
1791388378,4.0,1.0,0.0,2.0,1.0,1.0,2.0,0.0,0.0,0.0,870,0,8,0,55,2135,0,0,0,0.0,0,0.0,0,5.0,398,0.0,0
1791388379,3.1,0.0,0.0,1.0,0.0,0.0,0.0,0.0,0.0,0.0,869,0,0,0,55,2186,0,0,0,0.0,0,0.0,0,5.0,398,0.0,0
1791388380,5.0,0.0,0.0,1.0,2.0,1.0,1.0,0.0,0.0,0.0,869,0,0,0,58,2226,0,0,0,0.0,0,0.0,0,5.0,399,0.0,0
1791388381,3.0,0.0,1.0,1.0,1.0,1.0,1.0,1.0,0.1,0.0,869,0,64,0,60,2285,0,0,0,0.0,0,0.0,0,5.0,399,0.0,0
1791388382,3.0,0.0,0.0,2.0,0.0,1.0,0.0,1.0,0.0,0.0,869,0,16,0,57,2329,0,0,0,0.0,0,0.0,0,6.0,399,0.0,0
1791388383,5.0,0.0,1.0,0.0,1.0,1.0,1.0,1.0,0.0,0.0,869,0,0,0,60,2373,0,0,0,0.0,0,0.0,0,5.0,400,0.0,0
1791388384,4.0,0.0,1.0,1.0,0.0,0.0,0.0,0.0,0.0,0.0,871,0,4,0,61,2417,0,0,0,0.0,0,0.0,0,5.0,401,0.0,0
1791388385,3.0,1.0,0.0,1.0,0.0,1.0,0.0,2.0,0.0,0.0,876,0,0,0,55,2462,0,0,0,0.0,0,0.0,0,5.0,402,0.0,0
1791388386,4.0,1.0,2.0,1.0,2.0,0.0,1.0,0.0,0.0,0.0,891,0,0,0,61,2506,0,0,0,0.0,0,0.0,0,7.0,409,0.0,0
1791388387,4.0,1.0,0.0,1.0,1.0,0.0,0.0,1.0,0.0,0.0,895,0,12,0,58,2550,0,0,0,0.0,0,0.0,0,4.0,418,0.0,0
1791388388,3.0,2.0,1.0,0.0,0.0,0.0,0.0,1.0,0.0,0.0,910,0,32,0,61,2594,0,0,0,0.0,0,0.0,0,5.0,426,0.0,0
1791388389,4.0,1.0,1.0,0.0,1.0,2.0,1.0,0.0,0.0,0.0,922,0,0,0,63,2626,0,0,0,0.0,0,0.0,0,7.0,439,0.0,0
1791388390,3.0,2.0,1.0,1.0,0.0,0.0,0.0,1.0,0.0,0.0,923,0,4,0,60,2646,0,0,0,0.0,0,0.0,0,5.0,447,0.0,0
1791388391,3.0,0.0,0.0,1.0,1.0,2.0,2.0,1.0,0.0,0.0,930,0,0,0,64,2669,0,0,0,0.0,0,0.0,0,5.0,455,0.0,0
1791388392,4.0,1.0,0.0,0.0,1.0,0.0,0.0,0.0,0.0,0.0,939,0,0,0,64,2692,0,0,0,0.0,0,0.0,0,6.0,464,0.0,0
1791388393,3.0,0.0,0.0,1.0,1.0,1.0,1.0,0.0,0.0,0.0,951,0,24,0,61,2716,0,0,0,0.0,0,0.0,0,6.0,472,0.0,0
1791388394,5.0,2.0,0.0,2.0,2.0,0.0,0.0,2.0,0.0,0.0,969,0,0,0,64,2738,0,0,0,0.0,0,0.0,0,7.0,481,0.0,0
1791388395,3.0,0.0,0.0,1.0,1.0,0.0,2.0,1.0,0.0,0.0,978,0,36,0,61,2760,0,0,0,0.0,0,0.0,0,6.0,489,0.0,0
1791388396,5.0,1.0,0.0,1.0,0.0,1.0,1.0,1.0,0.0,0.0,989,0,4,0,64,2785,0,0,0,0.0,0,0.0,0,6.0,498,0.0,0
1791388397,4.0,3.0,1.0,1.0,3.0,1.0,1.0,1.0,0.0,0.0,1008,0,0,0,65,2810,0,0,0,0.0,0,0.0,0,36.0,508,0.0,0
1791388398,4.0,4.0,7.0,3.0,4.0,4.0,3.0,5.0,0.0,0.0,1006,0,0,0,61,2834,0,0,0,0.0,0,0.0,0,7.0,508,0.0,0
1791388399,4.0,0.0,1.0,1.0,1.0,1.0,3.0,1.0,0.0,0.0,1002,0,20,0,65,2850,0,0,0,0.0,0,0.0,0,6.0,508,0.0,0
1791388400,3.0,0.0,0.0,1.0,0.0,1.0,0.0,0.0,0.0,0.0,998,0,0,0,65,2861,0,0,0,0.0,0,0.0,0,5.0,508,0.0,0
1791388401,3.0,2.0,1.0,1.0,0.0,0.0,1.0,0.0,0.0,0.0,1009,0,36,0,62,2866,0,0,0,0.0,0,0.0,0,5.0,508,0.0,0
1791388402,4.0,1.0,1.0,1.0,0.0,1.0,1.0,1.0,0.0,0.0,1005,0,4,0,66,2877,0,0,0,0.0,0,0.0,0,5.0,508,0.0,0
1791388403,3.0,1.0,0.0,2.0,0.0,1.0,1.0,0.0,0.0,0.0,1000,0,0,0,62,2889,0,0,0,0.0,0,0.0,0,5.0,508,0.0,0
1791388404,3.0,1.0,2.0,0.0,0.0,1.0,0.0,0.0,0.0,0.0,996,0,0,0,66,2901,0,0,0,0.0,0,0.0,0,4.0,508,0.0,0
1791388405,4.0,1.0,0.0,1.0,0.0,1.0,1.0,1.0,0.0,0.0,993,0,20,0,66,2912,0,0,0,0.0,0,0.0,0,6.0,508,0.0,0
1791388406,4.0,1.0,0.0,0.0,1.0,0.0,1.0,0.0,0.0,0.0,990,0,0,0,59,2924,0,0,0,0.0,0,0.0,0,5.0,508,0.0,0
1791388407,4.0,1.0,1.0,2.0,1.0,1.0,1.0,1.0,0.0,0.0,996,0,0,0,66,2937,0,0,0,0.0,0,0.0,0,5.0,508,0.0,0
1791388408,4.0,0.0,0.0,1.0,2.0,1.0,0.0,1.0,0.0,0.0,991,0,36,0,66,2949,0,0,0,0.0,0,0.0,0,5.0,508,0.0,0
1791388409,2.0,0.0,0.0,0.0,0.0,0.0,1.0,0.0,0.0,0.0,990,0,0,0,63,2957,0,0,0,0.0,0,0.0,0,5.0,509,0.0,0
1791388410,4.0,1.0,1.0,1.0,0.0,2.0,1.0,2.0,0.0,0.0,989,0,0,0,67,2962,0,0,0,0.0,0,0.0,0,5.0,509,0.0,0
1791388411,3.0,0.0,1.0,2.0,0.0,0.0,2.0,0.0,0.0,0.0,988,0,20,0,63,2964,0,0,0,0.0,0,0.0,0,5.0,509,0.0,0
1791388412,5.0,0.0,0.0,1.0,0.0,1.0,1.0,0.0,0.0,0.0,988,0,0,0,67,2971,0,0,0,0.0,0,0.0,0,5.0,509,0.0,0
1791388413,2.0,2.0,0.0,1.0,0.0,0.0,0.0,2.0,0.0,0.0,988,0,0,0,67,2977,0,0,0,0.0,0,0.0,0,4.0,510,0.0,0
1791388414,3.0,1.0,1.0,0.0,0.0,1.0,0.0,0.0,0.0,0.0,988,0,44,0,64,2983,0,0,0,0.0,0,0.0,0,5.0,510,0.0,0
1791388415,4.0,1.0,0.0,2.0,1.0,1.0,2.0,1.0,0.0,0.0,988,0,0,0,67,2988,0,0,0,0.0,0,0.0,0,5.0,510,0.0,0
1791388416,4.0,0.0,0.0,1.0,1.0,1.0,0.0,1.0,0.0,0.0,989,0,0,0,67,2994,0,0,0,0.0,0,0.0,0,5.0,511,0.0,0
1791388417,3.0,2.0,0.0,1.0,0.0,2.0,0.0,2.0,0.0,0.0,990,0,52,0,64,3000,0,0,0,0.0,0,0.0,0,4.0,511,0.0,0
1791388418,3.0,0.0,1.0,1.0,2.0,0.0,0.0,1.0,0.0,0.0,992,0,0,0,67,3007,0,0,0,0.0,0,0.0,0,6.0,514,0.0,0
1791388419,4.0,2.0,0.0,2.0,1.0,0.0,0.0,0.0,0.0,0.0,997,0,0,0,64,3010,0,0,0,0.0,0,0.0,0,5.0,521,0.0,0
1791388420,2.0,1.0,0.0,0.0,2.0,1.0,1.0,0.0,0.0,0.0,1001,0,36,0,67,3013,0,0,0,0.0,0,0.0,0,6.0,529,0.0,0
1791388421,5.0,0.0,1.0,1.0,0.0,2.0,0.0,2.0,0.0,0.0,1007,0,0,0,67,3014,0,0,0,0.0,0,0.0,0,6.0,538,0.0,0
1791388422,4.0,0.0,1.0,2.0,0.0,1.0,1.0,1.0,0.0,0.0,1028,0,0,0,64,3017,0,0,0,0.0,0,0.0,0,6.0,546,0.0,0
1791388423,3.0,2.0,1.0,0.0,0.0,0.0,2.0,1.0,0.0,0.0,1038,0,20,0,67,3020,0,0,0,0.0,0,0.0,0,5.0,554,0.0,0
1791388424,3.0,0.0,1.0,0.0,0.0,2.0,0.0,1.0,0.0,0.0,1039,0,0,0,67,3024,0,0,0,0.0,0,0.0,0,6.0,562,0.0,0
1791388425,4.0,0.0,1.0,2.0,1.0,1.0,0.0,0.0,0.0,0.0,1052,0,0,0,64,3027,0,0,0,0.0,0,0.0,0,6.0,570,0.0,0
1791388426,8.1,5.0,6.0,5.0,7.0,8.9,6.1,7.9,0.0,0.0,1052,0,40,0,68,3029,0,0,0,0.0,0,0.0,0,47.0,574,0.0,0
1791388427,3.0,0.0,1.0,0.0,1.0,1.0,1.0,0.0,0.0,0.0,1050,0,0,0,60,3034,0,0,0,0.0,0,0.0,0,7.0,574,0.0,0
1791388428,3.0,1.0,0.0,0.0,1.0,2.0,1.0,1.0,0.0,0.0,1049,0,0,0,67,3036,0,0,0,0.0,0,0.0,0,7.0,574,0.0,0
1791388429,4.0,0.0,2.0,0.0,1.0,1.0,0.0,2.0,0.0,0.0,1046,0,20,0,67,3037,0,0,0,0.0,0,0.0,0,7.0,575,0.0,0
1791388430,3.0,2.0,0.0,1.0,1.0,1.0,2.0,1.0,0.0,0.0,1045,0,0,0,64,3039,0,0,0,0.0,0,0.0,0,5.0,575,0.0,0
1791388431,3.0,1.0,0.0,1.0,1.0,1.0,0.0,1.0,0.0,0.0,1045,0,0,0,67,3040,0,0,0,0.0,0,0.0,0,5.0,575,0.0,0
1791388432,4.0,0.0,0.0,1.0,1.0,1.0,0.0,0.0,0.0,0.0,1045,0,40,0,68,3041,0,0,0,0.0,0,0.0,0,6.0,575,0.0,0
1791388433,3.0,2.0,0.0,0.0,1.0,1.0,0.0,2.0,0.0,0.0,1045,0,0,0,64,3043,0,0,0,0.0,0,0.0,0,7.0,575,0.0,0
1791388434,3.0,1.0,0.0,1.0,1.0,1.0,2.0,0.0,0.0,0.0,1045,0,0,0,68,3044,0,0,0,0.0,0,0.0,0,6.0,575,0.0,0
1791388435,4.0,0.0,0.0,1.0,0.0,2.0,0.0,1.0,0.0,0.0,1045,0,28,0,64,3045,0,0,0,0.0,0,0.0,0,5.0,575,0.0,0
1791388436,4.0,0.0,0.0,0.0,1.0,0.0,0.0,1.0,0.0,0.0,1044,0,0,0,68,3046,0,0,0,0.0,0,0.0,0,5.0,575,0.0,0
1791388437,4.0,2.0,0.0,1.0,1.0,1.0,1.0,0.0,0.0,0.0,1044,0,32,0,67,3048,0,0,0,0.0,0,0.0,0,6.0,575,0.0,0
1791388438,3.0,0.0,2.0,0.0,1.0,0.0,1.0,2.0,0.0,0.0,1045,0,4,0,64,3049,0,0,0,0.0,0,0.0,0,5.0,575,0.0,0
1791388439,3.0,1.0,0.0,0.0,2.0,1.0,1.0,0.0,0.0,0.0,1045,0,0,0,68,3050,0,0,0,0.0,0,0.0,0,6.0,575,0.0,0
1791388440,4.0,0.0,2.0,0.0,1.0,2.0,1.0,0.0,0.0,0.0,1045,0,0,0,68,3051,0,0,0,0.0,0,0.0,0,5.0,575,0.0,0
1791388441,3.0,1.0,1.0,0.0,0.0,1.0,0.0,1.0,0.0,0.0,1045,0,20,0,64,3052,0,0,0,0.0,0,0.0,0,6.0,575,0.0,0
1791388442,3.0,0.0,2.0,2.0,0.0,0.0,1.0,0.0,0.0,0.0,1045,0,0,0,68,3052,0,0,0,0.0,0,0.0,0,6.0,575,0.0,0
1791388443,4.0,2.0,0.0,0.0,1.0,1.0,0.0,1.0,0.0,0.0,1045,0,0,0,64,3053,0,0,0,0.0,0,0.0,0,5.0,575,0.0,0
1791388444,3.0,0.0,1.0,0.0,0.0,1.0,1.0,1.0,0.0,0.0,1044,0,40,0,68,3054,0,0,0,0.0,0,0.0,0,6.0,575,0.0,0
1791388445,5.0,0.0,0.0,0.0,1.0,2.0,1.0,1.0,0.0,0.0,1044,0,0,0,68,3055,0,0,0,0.0,0,0.0,0,5.0,575,0.0,0
1791388446,2.0,1.0,0.0,1.0,1.0,1.0,2.0,0.0,0.0,0.0,1044,0,0,0,64,3055,0,0,0,0.0,0,0.0,0,5.0,575,0.0,0
1791388447,5.9,1.0,0.0,1.0,0.0,0.0,0.0,0.0,0.0,0.0,1045,0,20,0,68,3056,0,0,0,0.0,0,0.0,0,6.0,575,0.0,0
1791388448,5.0,1.0,2.0,0.0,2.0,1.0,0.0,1.0,0.0,0.0,1045,0,0,0,68,3056,0,0,0,0.0,0,0.0,0,4.0,575,0.0,0
1791388449,3.0,0.0,0.0,1.0,1.0,0.0,1.0,1.0,0.0,0.0,1045,0,0,0,60,3057,0,0,0,0.0,0,0.0,0,5.0,576,0.0,0
1791388450,5.0,1.0,0.0,2.0,0.0,0.0,0.0,1.0,0.0,0.0,1045,0,4,0,68,3057,0,0,0,0.0,0,0.0,0,6.0,576,0.0,0
1791388451,5.1,1.0,0.0,0.0,1.0,0.0,1.0,0.0,0.0,0.0,1045,0,32,0,64,3058,0,0,0,0.0,0,0.0,0,5.0,576,0.0,0
1791388452,4.0,0.0,1.0,1.0,1.0,2.0,0.0,0.0,0.0,0.0,1046,0,0,0,68,3058,0,0,0,0.0,0,0.0,0,6.0,577,0.0,0
1791388453,5.0,1.0,1.0,0.0,0.0,1.0,1.0,2.0,0.0,0.0,1046,0,20,0,68,3058,0,0,0,0.0,0,0.0,0,6.0,578,0.0,0
1791388454,3.0,1.0,0.0,2.0,2.0,1.0,1.0,1.0,0.0,0.0,1052,0,12,0,64,3059,0,0,0,0.0,0,0.0,0,7.0,585,0.0,0
1791388455,4.0,1.0,2.0,1.0,2.0,1.0,0.0,1.0,0.0,0.0,1061,0,0,0,68,3059,0,0,0,0.0,0,0.0,0,36.0,594,0.0,0
1791388456,5.0,3.0,4.1,5.0,4.0,6.9,5.0,5.9,0.0,0.0,1061,0,8,0,68,3060,0,0,0,0.0,0,0.0,0,8.0,594,0.0,0
1791388457,4.0,0.0,2.0,1.0,0.0,1.0,0.0,0.0,0.0,0.0,1061,0,36,0,64,3060,0,0,0,0.0,0,0.0,0,5.0,594,0.0,0
1791388458,2.0,1.0,0.0,0.0,0.0,1.0,0.0,1.0,0.0,0.0,1062,0,0,0,68,3060,0,0,0,0.0,0,0.0,0,5.0,594,0.0,0
1791388459,4.0,0.0,2.0,0.0,1.0,0.0,1.0,0.0,0.0,0.0,1062,0,28,0,64,3061,0,0,0,0.0,0,0.0,0,6.0,594,0.0,0
1791388460,4.0,1.0,0.0,1.0,1.0,1.0,1.0,1.0,0.0,0.0,1062,0,0,0,68,3061,0,0,0,0.0,0,0.0,0,4.0,594,0.0,0
1791388461,3.0,1.0,0.0,0.0,1.0,0.0,1.0,1.0,0.0,0.0,1062,0,0,0,68,3061,0,0,0,0.0,0,0.0,0,5.0,594,0.0,0
1791388462,4.0,0.0,2.0,1.0,1.0,0.0,2.0,0.0,0.0,0.0,1062,0,4,0,64,3061,0,0,0,0.0,0,0.0,0,5.0,594,0.0,0
1791388463,4.0,0.0,0.0,1.0,1.0,1.0,1.0,0.0,0.0,0.0,1062,0,36,0,68,3061,0,0,0,0.0,0,0.0,0,5.0,594,0.0,0
1791388464,3.0,2.0,1.0,1.0,1.0,0.0,0.0,2.0,0.0,0.0,1061,0,0,0,68,3062,0,0,0,0.0,0,0.0,0,6.0,594,0.0,0
1791388465,3.0,1.0,1.0,1.0,1.0,0.0,1.0,0.0,0.0,0.0,1061,0,24,0,64,3062,0,0,0,0.0,0,0.0,0,5.0,594,0.0,0
1791388466,4.0,0.0,0.0,0.0,2.0,0.0,1.0,0.0,0.0,0.0,1061,0,0,0,68,3062,0,0,0,0.0,0,0.0,0,5.0,594,0.0,0
1791388467,4.0,0.0,1.0,1.0,1.0,1.0,1.0,0.0,0.0,0.0,1061,0,0,0,64,3062,0,0,0,0.0,0,0.0,0,5.0,594,0.0,0
1791388468,4.0,0.0,2.0,0.0,0.0,0.0,0.0,2.0,0.0,0.0,1061,0,4,0,68,3062,0,0,0,0.0,0,0.0,0,4.0,594,0.0,0
1791388469,3.0,1.0,1.0,0.0,1.0,0.0,0.0,1.0,0.0,0.0,1061,0,32,0,68,3062,0,0,0,0.0,0,0.0,0,5.0,594,0.0,0
1791388470,3.0,0.0,1.0,2.0,2.0,1.0,0.0,0.0,0.0,0.0,1061,0,0,0,61,3062,0,0,0,0.0,0,0.0,0,5.0,594,0.0,0
1791388471,4.0,0.0,1.0,1.0,0.0,0.0,0.0,1.0,0.0,0.0,1061,0,20,0,68,3062,0,0,0,0.0,0,0.0,0,5.0,594,0.0,0
1791388472,4.0,1.0,1.0,1.0,2.0,0.0,2.0,1.0,0.0,0.0,1061,0,0,0,68,3062,0,0,0,0.0,0,0.0,0,6.0,594,0.0,0
1791388473,3.0,0.0,1.0,1.0,0.0,2.0,0.0,0.0,0.0,0.0,1061,0,0,0,64,3062,0,0,0,0.0,0,0.0,0,4.0,594,0.0,0
1791388474,3.0,0.0,1.0,1.0,0.0,0.0,1.0,0.0,0.0,0.0,1061,0,4,0,68,3062,0,0,0,0.0,0,0.0,0,5.0,594,0.0,0
1791388475,4.0,1.0,0.0,3.0,1.0,0.0,0.0,0.0,0.0,0.0,1061,0,36,0,64,3062,0,0,0,0.0,0,0.0,0,4.0,594,0.0,0
1791388476,3.0,1.0,1.0,0.0,1.0,1.0,0.0,0.0,0.0,0.0,1061,0,0,0,68,3063,0,0,0,0.0,0,0.0,0,6.0,594,0.0,0
1791388477,4.0,0.0,1.0,1.0,2.0,1.0,1.0,1.0,0.0,0.0,1061,0,20,0,68,3063,0,0,0,0.0,0,0.0,0,4.0,594,0.0,0
1791388478,3.0,1.0,0.0,0.0,0.0,0.0,0.0,1.0,0.0,0.0,1062,0,0,0,65,3063,0,0,0,0.0,0,0.0,0,5.0,594,0.0,0
1791388479,4.0,0.0,2.0,0.0,0.0,1.0,1.0,2.0,0.0,0.0,1062,0,0,0,68,3063,0,0,0,0.0,0,0.0,0,6.0,594,0.0,0
1791388480,3.0,0.0,1.0,1.0,1.0,0.0,1.0,0.0,0.0,0.0,1062,0,4,0,68,3063,0,0,0,0.0,0,0.0,0,4.0,594,0.0,0
1791388481,4.0,1.0,1.0,1.0,0.0,0.0,1.0,1.0,0.0,0.0,1062,0,36,0,64,3063,0,0,0,0.0,0,0.0,0,5.0,594,0.0,0
1791388482,2.0,1.0,0.0,0.0,2.0,1.0,1.0,0.0,0.0,0.0,1062,0,0,0,68,3063,0,0,0,0.0,0,0.0,0,5.0,594,0.0,0
1791388483,4.0,1.0,2.0,1.0,0.0,1.0,0.0,0.0,0.0,0.0,1062,0,20,0,64,3063,0,0,0,0.0,0,0.0,0,5.0,594,0.0,0
1791388484,3.0,1.0,0.0,0.0,0.0,1.0,1.0,1.0,0.0,0.0,1062,0,0,0,68,3063,0,0,0,0.0,0,0.0,0,5.0,595,0.0,0
1791388485,4.0,0.0,1.0,1.0,0.0,2.0,1.0,1.0,0.0,0.0,1065,0,0,0,68,3064,0,0,0,0.0,0,0.0,0,5.0,599,0.0,0
1791388486,7.1,4.0,4.0,6.0,5.0,3.1,6.0,4.0,0.0,0.0,1071,0,4,0,64,3063,0,0,0,0.0,0,0.0,0,38.0,602,0.0,0
1791388487,4.0,2.0,1.0,0.0,0.0,0.0,2.0,0.0,0.0,0.0,1070,0,32,0,68,3063,0,0,0,0.0,0,0.0,0,5.0,602,0.0,0
1791388488,3.0,1.0,1.0,1.0,0.0,1.0,0.0,2.0,0.0,0.0,1069,0,0,0,68,3063,0,0,0,0.0,0,0.0,0,6.0,603,0.0,0
1791388489,5.9,0.0,0.0,0.0,0.0,0.0,0.0,1.0,0.1,0.0,1069,0,44,0,64,3063,0,0,0,0.0,0,0.0,0,6.0,603,0.0,0
1791388490,3.0,0.0,0.0,1.0,2.0,1.0,1.0,1.0,0.0,0.0,1069,0,0,0,68,3063,0,0,0,0.0,0,0.0,0,5.0,603,0.0,0
1791388491,4.0,0.0,1.0,0.0,0.0,1.0,1.0,0.0,0.0,0.0,1069,0,0,0,61,3063,0,0,0,0.0,0,0.0,0,4.0,603,0.0,0
1791388492,4.0,1.0,0.0,0.0,0.0,0.0,1.0,0.0,0.0,0.0,1069,0,4,0,68,3063,0,0,0,0.0,0,0.0,0,5.0,603,0.0,0
1791388493,4.0,1.0,0.0,1.0,1.0,0.0,2.0,1.0,0.0,0.0,1069,0,36,0,68,3063,0,0,0,0.0,0,0.0,0,4.0,603,0.0,0
1791388494,3.0,1.0,0.0,1.0,2.0,0.0,0.0,1.0,0.0,0.0,1069,0,0,0,64,3063,0,0,0,0.0,0,0.0,0,6.0,603,0.0,0
1791388495,3.0,1.0,0.0,1.0,0.0,2.0,1.0,0.0,0.0,0.0,1069,0,20,0,68,3063,0,0,0,0.0,0,0.0,0,4.0,603,0.0,0
1791388496,4.0,0.0,0.0,1.0,0.0,0.0,1.0,1.0,0.0,0.0,1069,0,0,0,68,3064,0,0,0,0.0,0,0.0,0,5.0,603,0.0,0
1791388497,3.0,0.0,1.0,1.0,0.0,0.0,1.0,0.0,0.0,0.0,1069,0,0,0,64,3064,0,0,0,0.0,0,0.0,0,5.0,603,0.0,0
1791388498,5.0,0.0,2.0,1.0,0.0,1.0,1.0,1.0,0.0,0.0,1069,0,8,0,68,3064,0,0,0,0.0,0,0.0,0,6.0,603,0.0,0
1791388499,5.0,0.0,1.0,0.0,1.0,2.0,0.0,1.0,0.0,0.0,1069,0,36,0,65,3064,0,0,0,0.0,0,0.0,0,5.0,603,0.0,0
1791388500,3.0,1.0,0.0,0.0,0.0,0.0,0.0,1.0,0.0,0.0,1069,0,0,0,68,3064,0,0,0,0.0,0,0.0,0,5.0,603,0.0,0
1791388501,4.0,2.0,0.0,0.0,2.0,0.0,1.0,0.0,0.0,0.0,1070,0,28,0,68,3064,0,0,0,0.0,0,0.0,0,6.0,607,0.0,0
1791388502,4.0,1.0,1.0,1.0,0.0,1.0,1.0,1.0,0.0,0.0,1071,0,0,0,65,3064,0,0,0,0.0,0,0.0,0,5.0,607,0.0,0
1791388503,3.0,1.0,0.0,1.0,0.0,1.0,1.0,1.0,0.0,0.0,1065,0,0,0,68,3064,0,0,0,0.0,0,0.0,0,6.0,607,0.0,0
1791388504,3.0,1.0,1.0,1.0,1.0,0.0,0.0,0.0,0.0,0.0,1064,0,4,0,68,3064,0,0,0,0.0,0,0.0,0,5.0,607,0.0,0
1791388505,5.0,0.0,0.0,0.0,0.0,1.0,1.0,1.0,0.0,0.0,1064,0,0,0,64,3064,0,0,0,0.0,0,0.0,0,5.0,607,0.0,0
1791388506,3.0,0.0,1.0,1.0,2.0,0.0,1.0,1.0,0.0,0.0,1064,0,72,0,68,3064,0,0,0,0.0,0,0.0,0,4.0,607,0.0,0
1791388507,3.0,1.0,0.0,1.0,1.0,1.0,0.0,0.0,0.0,0.0,1064,0,8,0,64,3064,0,0,0,0.0,0,0.0,0,6.0,607,0.0,0
1791388508,4.0,1.0,0.0,1.0,1.0,2.0,1.0,2.0,0.0,0.0,1064,0,0,0,68,3064,0,0,0,0.0,0,0.0,0,5.0,607,0.0,0
1791388509,3.0,1.0,1.0,0.0,0.0,0.0,2.0,0.0,0.0,0.0,1065,0,0,0,68,3064,0,0,0,0.0,0,0.0,0,5.0,607,0.0,0
1791388510,4.0,1.0,0.0,1.0,0.0,1.0,0.0,1.0,0.0,0.0,1065,0,4,0,64,3064,0,0,0,0.0,0,0.0,0,5.0,607,0.0,0
1791388511,3.0,1.0,0.0,0.0,1.0,0.0,0.0,1.0,0.0,0.0,1065,0,0,0,68,3064,0,0,0,0.0,0,0.0,0,4.0,607,0.0,0
1791388512,4.0,1.0,0.0,0.0,1.0,2.0,0.0,2.0,0.0,0.0,1065,0,48,0,68,3064,0,0,0,0.0,0,0.0,0,6.0,607,0.0,0
1791388513,4.0,1.0,0.0,1.0,1.0,0.0,1.0,0.0,0.0,0.0,1065,0,0,0,61,3064,0,0,0,0.0,0,0.0,0,6.0,607,0.0,0
1791388514,3.0,1.0,2.0,0.0,1.0,0.0,1.0,1.0,0.0,0.0,1065,0,0,0,68,3064,0,0,0,0.0,0,0.0,0,7.0,607,0.0,0
1791388515,5.0,2.0,0.0,0.0,1.0,1.0,0.0,1.0,0.0,0.0,1065,0,0,0,64,3064,0,0,0,0.0,0,0.0,0,6.0,607,0.0,0
1791388516,8.9,5.1,5.1,8.0,6.0,5.1,7.0,6.1,0.0,0.0,1067,0,4,0,68,3064,0,0,0,0.0,0,0.0,0,47.0,610,0.0,0
1791388517,2.0,2.0,1.0,0.0,1.0,1.0,1.0,0.0,0.0,0.0,1068,0,0,0,68,3064,0,0,0,0.0,0,0.0,0,7.0,611,0.0,0
1791388518,5.0,1.0,0.0,1.0,1.0,1.0,2.0,1.0,0.0,0.0,1068,0,52,0,64,3064,0,0,0,0.0,0,0.0,0,6.0,611,0.0,0
1791388519,4.0,0.0,1.0,1.0,1.0,1.0,1.0,0.0,0.0,0.0,1068,0,0,0,68,3064,0,0,0,0.0,0,0.0,0,5.0,611,0.0,0
1791388520,2.0,1.0,1.0,1.0,2.0,1.0,1.0,0.0,0.0,0.0,1068,0,0,0,68,3064,0,0,0,0.0,0,0.0,0,5.0,611,0.0,0
1791388521,4.0,1.0,0.0,1.0,0.0,1.0,0.0,0.0,0.0,0.0,1068,0,0,0,64,3064,0,0,0,0.0,0,0.0,0,6.0,611,0.0,0
1791388522,4.0,0.0,0.0,0.0,1.0,0.0,1.0,1.0,0.0,0.0,1068,0,4,0,68,3064,0,0,0,0.0,0,0.0,0,5.0,611,0.0,0
1791388523,3.0,2.0,1.0,2.0,0.0,0.0,1.0,0.0,0.0,0.0,1068,0,0,0,64,3064,0,0,0,0.0,0,0.0,0,5.0,611,0.0,0
1791388524,4.0,1.0,1.0,0.0,0.0,1.0,0.0,1.0,0.0,0.0,1068,0,56,0,68,3064,0,0,0,0.0,0,0.0,0,5.0,611,0.0,0
1791388525,3.0,0.0,0.0,1.0,0.0,1.0,1.0,1.0,0.0,0.0,1068,0,0,0,68,3064,0,0,0,0.0,0,0.0,0,5.0,611,0.0,0
1791388526,3.0,0.0,1.0,0.0,1.0,1.0,0.0,1.0,0.0,0.0,1068,0,28,0,64,3064,0,0,0,0.0,0,0.0,0,4.0,611,0.0,0
1791388527,3.0,1.0,0.0,1.0,0.0,0.0,1.0,1.0,0.0,0.0,1068,0,0,0,68,3064,0,0,0,0.0,0,0.0,0,5.0,611,0.0,0
1791388528,3.0,0.0,2.0,2.0,0.0,1.0,0.0,1.0,0.0,0.0,1068,0,4,0,68,3064,0,0,0,0.0,0,0.0,0,6.0,611,0.0,0
1791388529,4.0,1.0,0.0,1.0,0.0,0.0,2.0,1.0,0.0,0.0,1068,0,0,0,64,3064,0,0,0,0.0,0,0.0,0,5.0,611,0.0,0
1791388530,3.0,0.0,0.0,1.0,1.0,2.0,1.0,0.0,0.0,0.0,1068,0,56,0,68,3064,0,0,0,0.0,0,0.0,0,5.0,611,0.0,0
1791388531,3.0,0.0,1.0,2.0,0.0,0.0,0.0,1.0,0.0,0.0,1068,0,0,0,64,3064,0,0,0,0.0,0,0.0,0,4.0,611,0.0,0
1791388532,3.0,2.0,0.0,0.0,1.0,0.0,1.0,0.0,0.0,0.0,1068,0,0,0,68,3064,0,0,0,0.0,0,0.0,0,4.0,611,0.0,0
1791388533,3.0,0.0,0.0,1.0,0.0,1.0,2.0,0.0,0.0,0.0,1068,0,0,0,68,3064,0,0,0,0.0,0,0.0,0,5.0,611,0.0,0
1791388534,4.0,0.0,2.0,1.0,1.0,1.0,0.0,0.0,0.0,0.0,1068,0,8,0,61,3064,0,0,0,0.0,0,0.0,0,4.0,611,0.0,0
1791388535,3.0,1.0,1.0,0.0,0.0,1.0,1.0,0.0,0.0,0.0,1068,0,0,0,68,3064,0,0,0,0.0,0,0.0,0,4.0,611,0.0,0
1791388536,3.0,0.0,0.0,1.0,1.0,0.0,1.0,1.0,0.1,0.0,1068,0,236,0,68,3064,0,0,0,0.0,0,0.0,0,7.0,611,0.0,0
1791388537,4.0,1.0,1.0,0.0,0.0,0.0,1.0,1.0,0.0,0.0,1068,0,0,0,64,3064,0,0,0,0.0,0,0.0,0,4.0,611,0.0,0
1791388538,3.0,0.0,0.0,0.0,2.0,1.0,0.0,1.0,0.0,0.0,1068,0,0,0,68,3064,0,0,0,0.0,0,0.0,0,4.0,611,0.0,0
1791388539,3.0,1.0,1.0,0.0,0.0,0.0,2.0,0.0,0.0,0.0,1068,0,0,0,64,3064,0,0,0,0.0,0,0.0,0,6.0,611,0.0,0
1791388540,4.0,0.0,2.0,1.0,2.0,1.0,0.0,0.0,0.0,0.0,1068,0,4,0,68,3064,0,0,0,0.0,0,0.0,0,5.0,611,0.0,0
1791388541,3.0,0.0,0.0,0.0,1.0,1.0,1.0,1.0,0.0,0.0,1068,0,12,0,68,3064,0,0,0,0.0,0,0.0,0,4.0,611,0.0,0
1791388542,3.0,2.0,0.0,2.0,0.0,1.0,1.0,0.0,0.0,0.0,1068,0,56,0,65,3064,0,0,0,0.0,0,0.0,0,5.0,611,0.0,0
1791388543,4.0,0.0,0.0,0.0,0.0,2.0,0.0,2.0,0.0,0.0,1069,0,0,0,68,3064,0,0,0,0.0,0,0.0,0,5.0,611,0.0,0
1791388544,4.0,2.0,0.0,1.0,1.0,0.0,0.0,0.0,0.0,0.0,1069,0,0,0,68,3064,0,0,0,0.0,0,0.0,0,4.0,611,0.0,0
1791388545,3.0,1.0,0.0,2.0,0.0,0.0,1.0,1.0,0.0,0.0,1069,0,0,0,64,3064,0,0,0,0.0,0,0.0,0,6.0,611,0.0,0
1791388546,5.0,1.0,0.0,0.0,1.0,2.0,0.0,1.0,0.0,0.0,1070,0,4,0,68,3064,0,0,0,0.0,0,0.0,0,5.0,612,0.0,0
1791388547,7.0,4.0,4.0,4.0,4.0,5.0,5.1,6.0,0.0,0.0,1076,0,0,0,64,3064,0,0,0,0.0,0,0.0,0,37.0,616,0.0,0
1791388548,4.0,0.0,0.0,1.0,2.0,1.0,1.0,1.0,0.0,0.0,1076,0,56,0,68,3064,0,0,0,0.0,0,0.0,0,6.0,617,0.0,0
1791388549,4.0,0.0,1.0,1.0,1.0,1.0,1.0,0.0,0.0,0.0,1076,0,0,0,68,3064,0,0,0,0.0,0,0.0,0,5.0,617,0.0,0
1791388550,3.0,0.0,2.0,0.0,1.0,1.0,2.0,1.0,0.0,0.0,1076,0,0,0,64,3064,0,0,0,0.0,0,0.0,0,4.0,617,0.0,0
1791388551,4.0,0.0,0.0,0.0,0.0,2.0,0.0,0.0,0.0,0.0,1076,0,0,0,68,3064,0,0,0,0.0,0,0.0,0,6.0,617,0.0,0
1791388552,3.0,1.0,1.0,0.0,2.0,0.0,1.0,1.0,0.0,0.0,1076,0,4,0,68,3064,0,0,0,0.0,0,0.0,0,4.0,617,0.0,0
1791388553,3.0,0.0,0.0,0.0,1.0,1.0,0.0,1.0,0.0,0.0,1076,0,28,0,64,3064,0,0,0,0.0,0,0.0,0,5.0,617,0.0,0
1791388554,4.0,0.0,1.0,0.0,0.0,0.0,1.0,1.0,0.0,0.0,1076,0,32,0,68,3064,0,0,0,0.0,0,0.0,0,7.0,617,0.0,0
1791388555,4.0,0.0,1.0,1.0,0.0,1.0,1.0,2.0,0.0,0.0,1076,0,0,0,61,3064,0,0,0,0.0,0,0.0,0,5.0,617,0.0,0
1791388556,4.0,2.0,0.0,1.0,0.0,1.0,1.0,0.0,0.0,0.0,1076,0,0,0,68,3064,0,0,0,0.0,0,0.0,0,6.0,617,0.0,0
1791388557,5.1,1.0,2.0,1.0,0.0,1.0,0.0,2.0,0.0,0.0,1076,0,0,0,68,3064,0,0,0,0.0,0,0.0,0,5.0,617,0.0,0
1791388558,5.0,0.0,0.0,0.0,0.0,0.0,1.0,1.0,0.0,0.0,1076,0,4,0,64,3064,0,0,0,0.0,0,0.0,0,5.0,617,0.0,0
1791388559,4.0,1.0,1.0,2.0,0.0,0.0,1.0,0.0,0.0,0.0,1076,0,24,0,68,3064,0,0,0,0.0,0,0.0,0,5.0,617,0.0,0
1791388560,3.0,1.0,1.0,0.0,1.0,0.0,1.0,2.0,0.0,0.0,1076,0,0,0,68,3064,0,0,0,0.0,0,0.0,0,6.0,617,0.0,0
1791388561,3.0,2.0,1.0,2.0,0.0,0.0,2.0,1.0,0.0,0.0,1076,0,36,0,64,3064,0,0,0,0.0,0,0.0,0,5.0,617,0.0,0
1791388562,4.0,0.0,1.0,0.0,1.0,0.0,0.0,0.0,0.0,0.0,1076,0,0,0,68,3064,0,0,0,0.0,0,0.0,0,5.0,617,0.0,0
1791388563,4.0,0.0,1.0,1.0,1.0,0.0,1.0,1.0,0.0,0.0,1076,0,0,0,64,3064,0,0,0,0.0,0,0.0,0,5.0,617,0.0,0
1791388564,3.0,0.0,0.0,1.0,1.0,1.0,0.0,1.0,0.0,0.0,1076,0,4,0,68,3064,0,0,0,0.0,0,0.0,0,4.0,617,0.0,0
1791388565,4.0,0.0,0.0,0.0,0.0,1.0,2.0,1.0,0.0,0.0,1076,0,20,0,68,3064,0,0,0,0.0,0,0.0,0,5.0,617,0.0,0
1791388566,0.0,4.0,0.0,0.0,1.0,1.0,0.0,0.0,0.0,0.0,1076,0,0,0,64,3064,0,0,0,0.0,0,0.0,0,5.0,617,0.0,0
1791388567,1.0,3.0,0.0,1.0,2.0,0.0,1.0,1.0,0.0,0.0,1076,0,36,0,68,3064,0,0,0,0.0,0,0.0,0,5.0,617,0.0,0
1791388568,0.0,4.0,0.0,1.0,0.0,1.0,1.0,0.0,0.0,0.0,1076,0,0,0,68,3064,0,0,0,0.0,0,0.0,0,5.0,617,0.0,0
1791388569,2.0,4.0,0.0,1.0,0.0,1.0,1.0,1.0,0.0,0.0,1076,0,0,0,64,3064,0,0,0,0.0,0,0.0,0,4.0,617,0.0,0
1791388570,1.0,3.0,0.0,1.0,1.0,1.0,1.0,2.0,0.0,0.0,1076,0,36,0,68,3064,0,0,0,0.0,0,0.0,0,5.0,617,0.0,0
1791388571,1.0,3.0,1.0,1.0,0.0,0.0,0.0,1.0,0.0,0.0,1076,0,0,0,64,3064,0,0,0,0.0,0,0.0,0,5.0,617,0.0,0
1791388572,1.0,3.0,0.0,2.0,0.0,0.0,0.0,1.0,0.0,0.0,1076,0,0,0,68,3064,0,0,0,0.0,0,0.0,0,5.0,617,0.0,0
1791388573,1.0,3.0,1.0,1.0,1.0,1.0,0.0,0.0,0.0,0.0,1076,0,32,0,68,3064,0,0,0,0.0,0,0.0,0,5.0,617,0.0,0
1791388574,0.0,4.0,1.0,1.0,1.0,0.0,1.0,0.0,0.0,0.0,1076,0,0,0,64,3064,0,0,0,0.0,0,0.0,0,6.0,617,0.0,0
1791388575,1.0,3.0,0.0,3.0,0.0,0.0,0.0,2.0,0.0,0.0,1076,0,0,0,68,3064,0,0,0,0.0,0,0.0,0,5.0,617,0.0,0
1791388576,1.0,4.0,1.0,1.0,1.0,0.0,0.0,1.0,0.0,0.0,1076,0,28,0,68,3064,0,0,0,0.0,0,0.0,0,6.0,617,0.0,0
1791388577,1.0,4.0,0.0,1.0,3.0,0.0,0.0,1.0,0.0,0.0,1076,0,0,0,61,3064,0,0,0,0.0,0,0.0,0,6.0,617,0.0,0
1791388578,6.0,7.1,6.0,5.0,4.0,6.9,5.9,8.0,0.0,0.0,1079,0,0,0,68,3064,0,0,0,0.0,0,0.0,0,44.0,620,0.0,0
1791388579,1.0,4.0,1.0,1.0,1.0,0.0,0.0,1.0,0.0,0.0,1079,0,36,0,64,3064,0,0,0,0.0,0,0.0,0,5.0,620,0.0,0
1791388580,1.0,2.0,0.0,1.0,0.0,0.0,1.0,0.0,0.0,0.0,1079,0,0,0,68,3064,0,0,0,0.0,0,0.0,0,4.0,620,0.0,0
1791388581,0.0,4.0,1.0,0.0,1.0,1.0,0.0,0.0,0.0,0.0,1079,0,0,0,68,3064,0,0,0,0.0,0,0.0,0,5.0,620,0.0,0
1791388582,1.0,3.0,2.0,0.0,1.0,0.0,1.0,0.0,0.0,0.0,1079,0,28,0,65,3064,0,0,0,0.0,0,0.0,0,6.0,620,0.0,0
1791388583,1.0,5.0,2.0,0.0,0.0,0.0,2.0,1.0,0.0,0.0,1079,0,0,0,68,3064,0,0,0,0.0,0,0.0,0,6.0,620,0.0,0
1791388584,1.0,2.0,1.0,2.0,1.0,1.0,0.0,1.0,0.0,0.0,1079,0,0,0,68,3064,0,0,0,0.0,0,0.0,0,6.0,620,0.0,0
1791388585,1.0,4.0,0.0,0.0,1.0,2.0,1.0,1.0,0.0,0.0,1079,0,32,0,64,3064,0,0,0,0.0,0,0.0,0,5.0,620,0.0,0
1791388586,0.0,3.0,0.0,0.0,1.0,0.0,1.0,1.0,0.0,0.0,1079,0,0,6,68,2959,0,0,0,0.0,0,0.0,0,6.0,620,0.0,0
1791388587,2.0,4.1,2.0,2.0,1.0,2.0,3.0,0.0,0.0,0.0,1079,0,4,45,62,2101,0,0,0,0.0,0,0.0,0,17.0,620,0.0,0
1791388588,2.0,4.0,2.0,1.0,1.0,2.0,2.0,3.0,0.0,0.0,1070,0,24,22,29,1693,0,0,0,0.0,0,0.0,0,12.0,620,0.0,0
1791388589,0.0,3.0,1.0,2.0,2.0,0.0,1.0,0.0,0.0,0.0,1058,0,0,16,23,1382,0,0,0,0.0,0,0.0,0,9.0,620,0.0,0
1791388590,2.0,4.9,1.0,1.0,0.0,1.0,0.0,1.0,0.0,0.0,1049,0,0,16,22,1088,0,0,0,0.0,0,0.0,0,8.0,620,0.0,0
1791388591,0.0,3.0,1.0,1.0,1.0,0.0,0.0,0.0,0.0,0.0,1049,0,96,0,15,1079,0,0,0,0.0,0,0.0,0,4.0,620,0.0,0
1791388592,2.0,3.0,1.0,0.0,0.0,1.0,1.0,0.0,0.0,0.0,1047,0,0,16,22,775,0,0,0,0.0,0,0.0,0,10.0,620,0.0,0
1791388593,0.0,3.0,1.0,1.0,1.0,1.0,1.0,0.0,0.0,0.0,1046,0,0,11,15,569,0,0,0,0.0,0,0.0,0,9.0,620,0.0,0
1791388594,0.0,4.0,2.0,1.0,1.0,1.0,0.0,2.0,0.0,0.0,1046,0,24,11,15,362,0,0,0,0.0,0,0.0,0,7.0,620,0.0,0
1791388595,0.0,4.0,2.0,0.0,0.0,1.0,1.0,1.0,0.0,0.0,1045,0,0,5,7,260,0,0,0,0.0,0,0.0,0,6.0,620,0.0,0
1791388596,0.0,2.0,0.0,2.0,0.0,1.0,2.0,1.0,0.0,0.0,1045,0,0,5,7,158,0,0,0,0.0,0,0.0,0,6.0,620,0.0,0
1791388597,0.0,2.0,1.0,0.0,0.0,0.0,1.0,2.0,0.0,0.0,1044,0,0,5,7,108,0,0,0,0.0,0,0.0,0,6.0,620,0.0,0
1791388598,0.0,3.0,0.0,0.0,1.0,0.0,2.0,2.0,0.0,0.0,1044,0,32,5,7,108,0,0,0,0.0,0,0.0,0,6.0,620,0.0,0
1791388599,0.0,3.0,0.0,1.0,1.0,0.0,1.0,0.0,0.0,0.0,1044,0,0,5,7,108,0,0,0,0.0,0,0.0,0,7.0,620,0.0,0
1791388600,1.0,1.0,1.0,1.0,1.0,0.0,0.0,0.0,0.0,0.0,1044,0,24,5,7,108,0,0,0,0.0,0,0.0,0,4.0,620,0.0,0
1791388601,0.0,3.0,1.0,1.0,0.0,0.0,1.0,0.0,0.0,0.0,1044,0,0,5,7,65,0,0,0,0.0,0,0.0,0,7.0,620,0.0,0
1791388602,1.0,3.0,1.0,2.0,0.0,1.0,1.0,1.0,0.0,0.0,1044,0,0,5,7,4,0,0,0,0.0,0,0.0,0,6.0,620,0.0,0
1791388603,0.0,2.0,1.0,2.0,0.0,2.0,0.0,0.0,0.0,0.0,1044,0,0,5,7,4,0,0,0,0.0,0,0.0,0,6.0,620,0.0,0
1791388604,0.0,4.0,2.0,1.0,0.0,1.0,0.0,0.0,0.0,0.0,1044,0,36,5,7,4,0,0,0,0.0,0,0.0,0,5.0,620,0.0,0
1791388605,0.0,2.0,1.0,0.0,1.0,1.0,0.0,0.0,0.0,0.0,1044,0,0,5,7,4,0,0,0,0.0,0,0.0,0,5.0,620,0.0,0
1791388606,0.0,4.0,1.0,1.0,1.0,0.0,0.0,0.0,0.0,0.0,1050,0,28,5,7,4,0,0,0,0.0,0,0.0,0,7.0,625,0.0,0
1791388607,5.1,10.1,5.0,6.0,4.0,5.9,5.1,5.0,0.0,0.0,1051,0,0,5,7,4,0,0,0,0.0,0,0.0,0,43.0,626,0.0,0
1791388608,1.0,3.0,0.0,0.0,0.0,1.0,2.0,0.0,0.0,0.0,1051,0,0,5,7,4,0,0,0,0.0,0,0.0,0,7.0,627,0.0,0
1791388609,1.0,3.0,2.0,0.0,0.0,1.0,0.0,0.0,0.0,0.0,1051,0,0,5,7,4,0,0,0,0.0,0,0.0,0,6.0,627,0.0,0
1791388610,2.0,2.0,2.0,0.0,0.0,0.0,3.0,0.0,0.0,0.0,1051,0,36,5,7,4,0,0,0,0.0,0,0.0,0,7.0,627,0.0,0
1791388611,0.0,2.0,2.0,0.0,0.0,0.0,1.0,3.0,0.0,0.0,1051,0,4,6,7,4,0,0,0,0.0,0,0.0,0,7.0,627,0.0,0
1791388612,1.0,4.0,1.0,1.0,0.0,1.0,0.0,0.0,0.0,0.0,1051,0,24,5,7,4,0,0,0,0.0,0,0.0,0,5.0,627,0.0,0
1791388613,0.0,4.0,1.0,0.0,0.0,2.0,0.0,0.0,0.0,0.0,1051,0,0,5,7,4,0,0,0,0.0,0,0.0,0,7.0,627,0.0,0
1791388614,1.0,3.0,3.0,0.0,0.0,1.0,1.0,0.0,0.0,0.0,1051,0,0,5,7,4,0,0,0,0.0,0,0.0,0,7.0,627,0.0,0
1791388615,1.0,2.0,1.0,0.0,0.0,0.0,1.0,0.0,0.0,0.0,1051,0,0,5,7,4,0,0,0,0.0,0,0.0,0,6.0,627,0.0,0
1791388616,1.0,3.0,0.0,0.0,0.0,2.9,1.0,0.0,0.0,0.0,1051,0,36,5,7,4,0,0,0,0.0,0,0.0,0,5.0,627,0.0,0
1791388617,2.0,3.0,0.0,0.0,0.0,0.0,1.0,0.0,0.0,0.0,1051,0,0,5,7,4,0,0,0,0.0,0,0.0,0,6.0,627,0.0,0
1791388618,1.0,1.0,1.0,0.0,0.0,0.0,1.0,1.0,0.0,0.0,1051,0,28,5,7,4,0,0,0,0.0,0,0.0,0,6.0,627,0.0,0
1791388619,1.0,3.0,1.0,0.0,0.0,1.0,1.0,0.0,0.0,0.0,1051,0,0,5,7,4,0,0,0,0.0,0,0.0,0,5.0,627,0.0,0
1791388620,1.0,3.0,1.0,0.0,0.0,1.0,0.0,0.0,0.0,0.0,1051,0,0,5,7,4,0,0,0,0.0,0,0.0,0,6.0,627,0.0,0
1791388621,2.0,2.0,2.0,1.0,0.0,1.0,0.0,2.0,0.0,0.0,1051,0,0,5,7,4,0,0,0,0.0,0,0.0,0,6.0,627,0.0,0
1791388622,1.0,2.0,1.0,0.0,0.0,1.0,1.0,2.0,0.0,0.0,1051,0,32,6,8,4,0,0,0,0.0,0,0.0,0,6.0,627,0.0,0
1791388623,0.0,2.0,0.0,0.0,0.0,2.0,2.0,1.0,0.0,0.0,1051,0,0,5,7,4,0,0,0,0.0,0,0.0,0,6.0,627,0.0,0
1791388624,1.0,2.0,0.0,0.0,1.0,0.0,1.0,2.0,0.1,0.0,1051,0,28,6,7,4,0,0,0,0.0,0,0.0,0,7.0,627,0.0,0
1791388625,2.0,4.0,0.0,2.0,0.0,0.0,0.0,2.0,0.0,0.0,1051,0,0,5,7,4,0,0,0,0.0,0,0.0,0,6.0,627,0.0,0
1791388626,1.0,3.0,1.0,0.0,0.0,2.0,2.0,0.0,0.0,0.0,1051,0,0,6,7,4,0,0,0,0.0,0,0.0,0,6.0,627,0.0,0
1791388627,1.0,2.0,1.0,0.0,0.0,2.0,2.0,0.0,0.0,0.0,1051,0,0,5,7,4,0,0,0,0.0,0,0.0,0,7.0,627,0.0,0
1791388628,2.0,3.0,0.0,0.0,0.0,0.0,1.0,1.0,0.0,0.0,1051,0,36,6,8,4,0,0,0,0.0,0,0.0,0,6.0,627,0.0,0
1791388629,1.0,2.0,1.0,0.0,1.0,2.0,1.0,2.0,0.0,0.0,1052,0,4,5,7,4,0,0,0,0.0,0,0.0,0,6.0,627,0.0,0
1791388630,0.0,2.0,1.0,0.0,0.0,3.0,2.0,1.0,0.0,0.0,1052,0,24,6,8,4,0,0,0,0.0,0,0.0,0,8.0,627,0.0,0
1791388631,2.0,3.0,2.0,0.0,0.0,0.0,0.0,1.0,0.0,0.0,1059,0,0,5,7,4,0,0,0,0.0,0,0.0,0,7.0,632,0.0,0
1791388632,2.0,2.0,1.0,0.0,0.0,2.0,1.0,0.0,0.0,0.0,1059,0,0,6,7,4,0,0,0,0.0,0,0.0,0,7.0,632,0.0,0
1791388633,3.1,7.9,5.1,10.0,5.1,5.1,5.1,5.1,0.0,0.0,1059,0,0,5,7,4,0,0,0,0.0,0,0.0,0,46.0,632,0.0,0
1791388634,1.0,2.0,0.0,2.0,0.0,2.0,0.0,1.0,0.0,0.0,1059,0,36,6,8,4,0,0,0,0.0,0,0.0,0,7.0,632,0.0,0
1791388635,0.0,2.0,0.0,1.0,0.0,1.0,1.0,2.0,0.0,0.0,1059,0,0,5,7,4,0,0,0,0.0,0,0.0,0,8.0,632,0.0,0
1791388636,2.0,2.0,1.0,2.0,0.0,0.0,1.0,1.0,0.0,0.0,1059,0,24,6,7,4,0,0,0,0.0,0,0.0,0,7.0,632,0.0,0
1791388637,1.0,3.0,0.0,1.0,0.0,0.0,1.0,1.0,0.0,0.0,1059,0,0,6,7,4,0,0,0,0.0,0,0.0,0,6.0,632,0.0,0
1791388638,0.0,2.0,0.0,0.0,0.0,1.0,2.0,1.0,0.0,0.0,1059,0,0,6,8,4,0,0,0,0.0,0,0.0,0,6.0,632,0.0,0
1791388639,2.0,3.0,0.0,0.0,0.0,1.0,1.0,2.0,0.0,0.0,1059,0,0,5,7,4,0,0,0,0.0,0,0.0,0,7.0,632,0.0,0
1791388640,2.0,2.0,1.0,1.0,0.0,2.0,2.0,0.0,0.0,0.0,1059,0,32,5,7,4,0,0,0,0.0,0,0.0,0,6.0,632,0.0,0
1791388641,2.0,2.0,1.0,1.0,0.0,1.0,0.0,1.0,0.0,0.0,1059,0,0,5,7,4,0,0,0,0.0,0,0.0,0,6.0,632,0.0,0
1791388642,0.0,3.0,0.0,1.0,0.0,1.0,0.0,0.0,0.0,0.0,1059,0,24,6,7,4,0,0,0,0.0,0,0.0,0,5.0,632,0.0,0
1791388643,0.0,3.0,1.0,0.0,0.0,1.0,0.0,1.0,0.0,0.0,1059,0,0,5,7,4,0,0,0,0.0,0,0.0,0,7.0,632,0.0,0
1791388644,0.0,2.0,2.0,1.0,0.0,1.0,1.0,1.0,0.0,0.0,1059,0,0,6,8,4,0,0,0,0.0,0,0.0,0,5.0,632,0.0,0
1791388645,0.0,3.0,0.0,0.0,0.0,2.0,0.0,0.0,0.0,0.0,1059,0,0,5,7,4,0,0,0,0.0,0,0.0,0,6.0,632,0.0,0
1791388646,0.0,3.0,1.0,2.0,0.0,1.0,1.0,0.0,0.0,0.0,1059,0,36,5,7,4,0,0,0,0.0,0,0.0,0,6.0,632,0.0,0
1791388647,1.0,3.0,1.0,1.0,0.0,0.0,1.0,1.0,0.0,0.0,1059,0,0,5,7,4,0,0,0,0.0,0,0.0,0,5.0,632,0.0,0
1791388648,0.0,3.0,2.0,1.0,0.0,1.0,1.0,0.0,0.0,0.0,1059,0,24,5,7,4,0,0,0,0.0,0,0.0,0,6.0,632,0.0,0
1791388649,0.0,3.0,0.0,1.0,0.0,2.0,1.0,0.0,0.0,0.0,1059,0,0,5,7,4,0,0,0,0.0,0,0.0,0,5.0,632,0.0,0
1791388650,1.0,2.0,1.0,1.0,0.0,0.0,2.0,0.0,0.0,0.0,1059,0,0,5,7,4,0,0,0,0.0,0,0.0,0,6.0,632,0.0,0
1791388651,1.0,2.0,2.0,2.0,0.0,1.0,0.0,2.0,0.0,0.0,1059,0,0,5,7,4,0,0,0,0.0,0,0.0,0,6.0,632,0.0,0
1791388652,0.0,2.0,1.0,1.0,1.0,0.0,1.0,1.0,0.0,0.0,1059,0,0,5,7,4,0,0,0,0.0,0,0.0,0,5.0,632,0.0,0
1791388653,0.0,3.0,1.0,1.0,0.0,0.0,0.0,1.0,0.0,0.0,1059,0,64,5,7,4,0,0,0,0.0,0,0.0,0,7.0,632,0.0,0
1791388654,0.0,2.0,0.0,0.0,0.0,0.0,1.0,0.0,0.0,0.0,1059,0,4,5,7,4,0,0,0,0.0,0,0.0,0,5.0,632,0.0,0
1791388655,0.0,2.0,3.9,1.0,0.0,1.0,1.0,0.0,0.0,0.0,1059,0,0,5,7,4,0,0,0,0.0,0,0.0,0,4.0,632,0.0,0
1791388656,0.0,3.0,0.0,2.0,1.0,0.0,1.0,0.0,0.0,0.0,1059,0,0,5,7,4,0,0,0,0.0,0,0.0,0,6.0,632,0.0,0
1791388657,0.0,2.0,0.0,2.0,1.0,0.0,0.0,1.0,0.0,0.0,1059,0,0,5,7,4,0,0,0,0.0,0,0.0,0,6.0,632,0.0,0
1791388658,0.0,3.0,1.0,1.0,2.0,0.0,1.0,1.0,0.0,0.0,1059,0,8,5,7,4,0,0,0,0.0,0,0.0,0,7.0,632,0.0,0
1791388659,0.0,2.0,2.0,1.0,2.0,0.0,1.0,1.0,0.0,0.0,1059,0,44,5,7,4,0,0,0,0.0,0,0.0,0,7.0,632,0.0,0
1791388660,4.0,6.1,6.9,4.0,5.0,5.0,5.0,6.1,0.0,0.0,1059,0,8,5,7,4,0,0,0,0.0,0,0.0,0,40.0,632,0.0,0
1791388661,0.0,3.0,0.0,2.0,0.0,0.0,1.0,2.9,0.0,0.0,1059,0,0,5,7,4,0,0,0,0.0,0,0.0,0,8.0,632,0.0,0
1791388662,0.0,3.0,0.0,1.0,0.0,2.0,0.0,1.0,0.0,0.0,1059,0,0,5,7,4,0,0,0,0.0,0,0.0,0,7.0,632,0.0,0
1791388663,1.0,3.0,0.0,2.0,0.0,1.0,0.0,1.0,0.0,0.0,1059,0,0,5,7,4,0,0,0,0.0,0,0.0,0,5.0,632,0.0,0
1791388664,0.0,1.0,0.0,0.0,0.0,1.0,0.0,1.0,0.0,0.0,1059,0,0,5,7,4,0,0,0,0.0,0,0.0,0,6.0,632,0.0,0
1791388665,0.0,3.0,0.0,1.0,0.0,1.0,3.0,2.0,0.0,0.0,1059,0,60,5,7,4,0,0,0,0.0,0,0.0,0,5.0,632,0.0,0
1791388666,2.9,2.0,0.0,0.0,0.0,3.0,0.0,0.0,0.0,0.0,1059,0,4,5,7,4,0,0,0,0.0,0,0.0,0,6.0,632,0.0,0
1791388667,1.0,2.0,1.0,0.0,0.0,1.0,1.0,0.0,0.0,0.0,1059,0,0,5,7,4,0,0,0,0.0,0,0.0,0,6.0,632,0.0,0
1791388668,1.0,3.9,0.0,1.0,0.0,0.0,0.0,1.0,0.0,0.0,1059,0,0,5,7,4,0,0,0,0.0,0,0.0,0,5.0,632,0.0,0
1791388669,0.0,1.0,0.0,1.0,0.0,0.0,1.0,1.0,0.0,0.0,1059,0,0,5,7,4,0,0,0,0.0,0,0.0,0,5.0,632,0.0,0
1791388670,1.0,3.0,0.0,1.0,0.0,0.0,0.0,1.0,0.0,0.0,1059,0,4,5,7,4,0,0,0,0.0,0,0.0,0,6.0,632,0.0,0
1791388671,0.0,2.0,2.0,0.0,1.0,1.0,1.0,2.0,0.0,0.0,1059,0,56,5,7,4,0,0,0,0.0,0,0.0,0,7.0,632,0.0,0
1791388672,0.0,3.0,2.0,1.0,0.0,1.0,2.0,1.0,0.0,0.0,1059,0,4,5,7,4,0,0,0,0.0,0,0.0,0,7.0,632,0.0,0
1791388673,1.0,3.0,0.0,1.0,0.0,0.0,0.0,2.0,0.0,0.0,1059,0,0,5,7,4,0,0,0,0.0,0,0.0,0,8.0,632,0.0,0
1791388674,2.0,3.0,0.0,0.0,1.0,0.0,1.0,0.0,0.0,0.0,1059,0,0,5,7,4,0,0,0,0.0,0,0.0,0,6.0,632,0.0,0
1791388675,0.0,3.0,2.0,0.0,1.0,0.0,2.0,1.0,0.0,0.0,1059,0,0,5,7,4,0,0,0,0.0,0,0.0,0,8.0,632,0.0,0
1791388676,0.0,1.0,2.0,0.0,1.0,0.0,1.0,1.0,0.0,0.0,1059,0,0,5,7,4,0,0,0,0.0,0,0.0,0,6.0,632,0.0,0
1791388677,0.0,3.0,2.0,1.0,0.0,0.0,1.0,1.0,0.0,0.0,1059,0,56,5,7,4,0,0,0,0.0,0,0.0,0,6.0,632,0.0,0
1791388678,1.0,2.0,0.0,0.0,0.0,0.0,1.0,1.0,0.0,0.0,1060,0,4,5,7,4,0,0,0,0.0,0,0.0,0,7.0,632,0.0,0
1791388679,2.0,3.0,0.0,0.0,1.0,2.0,1.0,2.0,0.0,0.0,1060,0,0,5,7,4,0,0,0,0.0,0,0.0,0,5.0,632,0.0,0
1791388680,2.0,2.0,0.0,0.0,1.0,0.0,1.0,1.0,0.0,0.0,1060,0,0,5,7,4,0,0,0,0.0,0,0.0,0,6.0,632,0.0,0
1791388681,1.0,3.0,0.0,0.0,1.0,0.0,2.0,0.0,0.0,0.0,1060,0,0,5,7,4,0,0,0,0.0,0,0.0,0,7.0,632,0.0,0
1791388682,0.0,3.0,0.0,0.0,3.0,0.0,0.0,1.0,0.0,0.0,1060,0,4,5,7,4,0,0,0,0.0,0,0.0,0,6.0,632,0.0,0
1791388683,2.9,2.0,2.0,1.0,1.0,2.0,0.0,0.0,0.0,0.0,1060,0,56,5,7,4,0,0,0,0.0,0,0.0,0,5.0,632,0.0,0
1791388684,0.0,3.0,1.0,0.0,0.0,0.0,0.0,1.0,0.0,0.0,1060,0,4,5,7,4,0,0,0,0.0,0,0.0,0,6.0,632,0.0,0
1791388685,0.0,2.0,0.0,2.0,1.0,1.0,0.0,0.0,0.0,0.0,1060,0,0,12,14,4,0,0,0,0.0,0,0.0,0,4.0,632,0.0,0
1791388686,7.0,7.0,8.0,6.2,7.9,7.1,5.0,8.0,0.0,0.0,1060,0,0,233,236,4,0,0,0,0.0,0,0.0,0,56.0,632,0.0,0
1791388687,1.0,2.0,0.0,4.0,1.0,1.0,4.0,3.0,0.0,0.0,1060,0,0,232,234,4,0,0,0,0.0,0,0.0,0,14.0,632,0.0,0
1791388688,2.0,3.0,0.0,3.0,2.0,0.0,2.0,4.0,0.0,0.0,1060,0,0,231,234,4,0,0,0,0.0,0,0.0,0,15.0,632,0.0,0
1791388689,3.0,2.0,0.0,3.1,1.0,1.0,4.0,1.0,0.0,0.0,1060,0,84,232,235,4,0,0,0,0.0,0,0.0,0,15.0,632,0.0,0
1791388690,2.0,5.0,0.0,3.0,0.0,2.0,3.0,0.0,0.0,0.0,1060,0,4,233,235,4,0,0,0,0.0,0,0.0,0,14.0,632,0.0,0
1791388691,1.0,4.0,0.0,4.0,0.0,1.0,2.0,0.0,0.0,0.0,1060,0,0,231,235,5,0,0,0,0.0,0,0.0,0,14.0,632,0.0,0
1791388692,0.0,2.0,0.0,4.0,3.0,0.0,3.0,3.0,0.0,0.0,1060,0,0,233,236,4,0,0,0,0.0,0,0.0,0,14.0,632,0.0,0
1791388693,3.0,2.0,0.0,1.0,1.0,1.0,3.0,4.0,0.0,0.0,1060,0,0,233,236,4,0,0,0,0.0,0,0.0,0,14.0,632,0.0,0
1791388694,2.0,3.0,0.0,3.0,2.0,1.0,2.0,2.0,0.0,0.0,1060,0,0,231,235,4,0,0,0,0.0,0,0.0,0,16.0,632,0.0,0
1791388695,2.0,3.0,0.0,3.0,3.0,0.0,1.0,3.0,0.0,0.0,1060,0,20,233,236,4,0,0,0,0.0,0,0.0,0,13.0,632,0.0,0
1791388696,2.0,2.0,0.0,2.0,1.0,1.0,1.0,2.0,0.0,0.0,1060,0,80,233,236,4,0,0,0,0.0,0,0.0,0,12.0,632,0.0,0
1791388697,0.0,3.0,0.0,3.0,1.0,1.0,4.0,2.0,0.0,0.0,1060,0,0,234,236,4,0,0,0,0.0,0,0.0,0,12.0,632,0.0,0
1791388698,0.0,4.0,0.0,3.0,1.0,2.0,2.0,2.0,0.0,0.0,1060,0,0,233,236,4,0,0,0,0.0,0,0.0,0,13.0,632,0.0,0
1791388699,2.0,2.0,4.0,1.0,0.0,0.0,2.0,0.0,0.0,0.0,1061,0,0,233,236,4,0,0,0,0.0,0,0.0,0,13.0,632,0.0,0
1791388700,3.0,3.0,5.0,0.0,1.0,3.0,0.0,0.0,0.0,0.0,1061,0,20,235,237,4,0,0,0,0.0,0,0.0,0,12.0,632,0.0,0
1791388701,6.9,5.1,9.2,5.1,7.0,5.1,5.0,6.1,0.0,0.0,1061,0,0,234,236,4,0,0,0,0.0,0,0.0,0,50.0,632,0.0,0
1791388702,2.0,3.0,4.0,1.0,1.0,0.0,3.0,1.0,0.0,0.0,1061,0,8,233,236,4,0,0,0,0.0,0,0.0,0,13.0,632,0.0,0
1791388703,2.0,3.0,3.1,1.0,2.9,0.0,3.0,1.0,0.0,0.0,1061,0,0,233,236,4,0,0,0,0.0,0,0.0,0,13.0,632,0.0,0
1791388704,2.0,2.0,4.0,0.0,2.0,0.0,3.0,3.0,0.0,0.0,1061,0,80,233,236,4,0,0,0,0.0,0,0.0,0,13.0,632,0.0,0
1791388705,3.0,3.0,1.0,0.0,3.0,0.0,3.0,1.0,0.0,0.0,1061,0,0,233,236,4,0,0,0,0.0,0,0.0,0,14.0,632,0.0,0
1791388706,3.0,1.0,1.0,2.0,1.0,0.0,3.0,3.0,0.0,0.0,1061,0,24,235,237,4,0,0,0,0.0,0,0.0,0,13.0,632,0.0,0
1791388707,2.0,3.0,3.0,3.0,2.0,0.0,2.0,3.0,0.0,0.0,1061,0,0,233,236,4,0,0,0,0.0,0,0.0,0,14.0,632,0.0,0
1791388708,1.0,2.0,1.0,2.0,3.0,1.0,0.0,2.0,0.0,0.0,1061,0,4,235,237,4,0,0,0,0.0,0,0.0,0,12.0,632,0.0,0
1791388709,2.0,2.0,0.0,3.0,2.0,1.0,0.0,3.0,0.0,0.0,1061,0,0,235,237,4,0,0,0,0.0,0,0.0,0,12.0,632,0.0,0
1791388710,3.0,3.0,0.0,3.0,4.0,0.0,1.0,3.0,0.0,0.0,1061,0,0,232,235,4,0,0,0,0.0,0,0.0,0,16.0,632,0.0,0
1791388711,4.0,2.0,1.0,1.0,2.0,0.0,2.0,4.0,0.0,0.0,1061,0,12,232,235,4,0,0,0,0.0,0,0.0,0,13.0,632,0.0,0
1791388712,4.0,2.0,1.0,0.0,2.0,1.0,1.0,3.0,0.0,0.0,1061,0,92,232,236,4,0,0,0,0.0,0,0.0,0,13.0,632,0.0,0
1791388713,1.0,4.0,2.0,0.0,3.0,3.0,2.0,2.0,0.0,0.0,1062,0,0,231,235,4,0,0,0,0.0,0,0.0,0,14.0,632,0.0,0
1791388714,0.0,2.0,1.0,0.0,3.0,2.0,2.0,2.0,0.0,0.0,1062,0,4,234,237,4,0,0,0,0.0,0,0.0,0,14.0,632,0.0,0
1791388715,5.1,7.0,7.1,5.1,7.0,10.0,7.9,8.0,0.0,0.0,1062,0,0,231,235,4,0,0,0,0.0,0,0.0,0,55.0,632,0.0,0
1791388716,4.0,3.0,3.0,0.0,2.0,1.0,2.0,0.0,0.0,0.0,1062,0,0,233,236,4,0,0,0,0.0,0,0.0,0,13.0,632,0.0,0
1791388717,2.0,2.0,4.0,1.0,4.0,0.0,4.0,0.0,0.0,0.0,1062,0,0,232,236,4,0,0,0,0.0,0,0.0,0,15.0,632,0.0,0
1791388718,3.0,2.0,0.0,3.0,2.0,2.0,1.0,0.0,0.0,0.0,1062,0,20,233,237,4,0,0,0,0.0,0,0.0,0,13.0,632,0.0,0
1791388719,3.0,3.0,0.0,5.0,2.0,1.0,2.0,1.0,0.0,0.0,1062,0,0,231,235,4,0,0,0,0.0,0,0.0,0,14.0,632,0.0,0
1791388720,2.0,1.0,0.0,2.0,2.0,0.0,0.0,2.0,0.0,0.0,1062,0,84,232,235,4,0,0,0,0.0,0,0.0,0,15.0,632,0.0,0
1791388721,0.0,3.0,0.0,3.0,3.0,3.0,1.0,4.9,0.0,0.0,1062,0,0,232,235,4,0,0,0,0.0,0,0.0,0,16.0,632,0.0,0
1791388722,1.0,2.0,0.0,2.0,3.0,1.0,1.0,2.0,0.0,0.0,1062,0,0,234,237,4,0,0,0,0.0,0,0.0,0,13.0,632,0.0,0
1791388723,5.0,3.0,0.0,3.0,3.0,1.0,1.0,1.0,0.0,0.0,1063,0,20,232,235,4,0,0,0,0.0,0,0.0,0,14.0,632,0.0,0
1791388724,1.0,2.0,0.0,4.9,3.0,3.0,0.0,2.0,0.0,0.0,1062,0,0,233,235,4,0,0,0,0.0,0,0.0,0,14.0,632,0.0,0
1791388725,4.0,2.0,0.0,2.0,2.0,1.0,0.0,2.0,0.0,0.0,1063,0,0,231,235,4,0,0,0,0.0,0,0.0,0,15.0,632,0.0,0
1791388726,2.0,2.0,0.0,3.0,2.0,1.0,0.0,3.0,0.0,0.0,1063,0,4,232,235,4,0,0,0,0.0,0,0.0,0,14.0,632,0.0,0
1791388727,2.0,3.0,0.0,3.0,1.0,3.0,2.0,1.0,0.0,0.0,1063,0,0,233,236,4,0,0,0,0.0,0,0.0,0,15.0,632,0.0,0
1791388728,3.0,2.0,0.0,3.0,0.0,4.0,0.0,4.0,0.0,0.0,1063,0,92,234,236,4,0,0,0,0.0,0,0.0,0,15.0,632,0.0,0
1791388729,4.0,2.0,0.0,1.0,1.0,3.0,1.0,0.0,0.0,0.0,1063,0,0,234,237,4,0,0,0,0.0,0,0.0,0,13.0,632,0.0,0
1791388730,8.0,7.9,8.1,7.9,9.0,8.9,5.1,5.1,0.0,0.0,1063,0,0,234,237,4,0,0,0,0.0,0,0.0,0,55.0,632,0.0,0
1791388731,2.0,2.0,4.0,0.0,2.0,2.0,2.0,2.0,0.0,0.0,1063,0,0,234,237,4,0,0,0,0.0,0,0.0,0,14.0,632,0.0,0
1791388732,2.0,3.0,3.1,0.0,2.0,1.0,0.0,1.0,0.0,0.0,1063,0,4,233,236,4,0,0,0,0.0,0,0.0,0,15.0,632,0.0,0
1791388733,4.0,1.0,0.0,0.0,4.0,1.0,0.0,3.0,0.0,0.0,1063,0,0,232,235,4,0,0,0,0.0,0,0.0,0,15.0,632,0.0,0
1791388734,3.0,3.0,0.0,0.0,2.0,3.0,1.0,5.0,0.0,0.0,1063,0,20,234,236,4,0,0,0,0.0,0,0.0,0,15.0,632,0.0,0
1791388735,3.0,2.0,0.0,0.0,2.0,2.0,1.0,2.0,0.0,0.0,1063,0,0,236,237,4,0,0,0,0.0,0,0.0,0,10.0,632,0.0,0
1791388736,4.0,3.0,2.0,0.0,1.0,2.0,0.0,2.0,0.0,0.0,1063,0,76,235,237,4,0,0,0,0.0,0,0.0,0,13.0,632,0.0,0
1791388737,1.0,2.0,5.0,0.0,1.0,1.0,0.0,1.0,0.0,0.0,1063,0,0,235,236,4,0,0,0,0.0,0,0.0,0,14.0,632,0.0,0
1791388738,3.0,2.0,1.0,1.0,3.0,1.0,2.0,0.0,0.0,0.0,1063,0,8,235,237,4,0,0,0,0.0,0,0.0,0,12.0,632,0.0,0
1791388739,3.0,3.0,3.0,3.0,2.0,1.0,0.0,1.0,0.0,0.0,1064,0,24,234,236,4,0,0,0,0.0,0,0.0,0,15.0,632,0.0,0
1791388740,2.0,2.0,3.0,3.0,2.0,3.0,0.0,0.0,0.0,0.0,1064,0,0,232,236,4,0,0,0,0.0,0,0.0,0,15.0,632,0.0,0
1791388741,2.0,2.0,4.0,3.0,3.0,0.0,1.0,0.0,0.0,0.0,1064,0,0,234,237,4,0,0,0,0.0,0,0.0,0,14.0,632,0.0,0
1791388742,2.0,2.0,3.1,3.0,1.0,2.0,0.0,0.0,0.0,0.0,1064,0,0,231,234,4,0,0,0,0.0,0,0.0,0,16.0,632,0.0,0
1791388743,2.0,3.0,5.0,4.0,1.0,2.0,0.0,0.0,0.0,0.0,1064,0,0,233,236,4,0,0,0,0.0,0,0.0,0,14.0,632,0.0,0
1791388744,3.0,2.0,0.0,3.0,3.0,2.0,1.0,1.0,0.0,0.0,1064,0,96,232,235,4,0,0,0,0.0,0,0.0,0,14.0,632,0.0,0
1791388745,8.9,8.2,10.0,6.1,5.1,4.0,7.0,4.0,0.0,0.0,1064,0,0,234,237,4,0,0,0,0.0,0,0.0,0,54.0,632,0.0,0
1791388746,2.0,5.9,3.1,0.0,0.0,0.0,3.0,0.0,0.0,0.0,1064,0,0,234,236,4,0,0,0,0.0,0,0.0,0,13.0,632,0.0,0
1791388747,3.0,2.0,3.0,4.0,1.0,0.0,2.0,0.0,0.0,0.0,1064,0,0,233,236,4,0,0,0,0.0,0,0.0,0,15.0,632,0.0,0
1791388748,0.0,3.0,3.0,1.0,2.0,1.0,3.0,0.0,0.0,0.0,1064,0,0,235,237,4,0,0,0,0.0,0,0.0,0,11.0,632,0.0,0
1791388749,4.0,2.0,3.0,2.0,1.0,1.0,2.0,0.0,0.0,0.0,1064,0,0,234,236,4,0,0,0,0.0,0,0.0,0,13.0,632,0.0,0
1791388750,2.0,3.0,3.0,0.0,3.0,2.0,1.0,1.0,0.0,0.0,1064,0,112,237,238,4,0,0,0,0.0,0,0.0,0,12.0,632,0.0,0
1791388751,3.0,2.0,3.0,0.0,4.0,1.0,1.0,1.0,0.0,0.0,1064,0,0,235,237,4,0,0,0,0.0,0,0.0,0,12.0,632,0.0,0
1791388752,1.0,2.0,3.0,0.0,2.0,2.0,2.0,0.0,0.0,0.0,1064,0,0,236,238,4,0,0,0,0.0,0,0.0,0,12.0,632,0.0,0
1791388753,0.0,2.0,4.0,0.0,1.0,3.0,2.0,0.0,0.0,0.0,1064,0,0,236,238,4,0,0,0,0.0,0,0.0,0,14.0,632,0.0,0
1791388754,0.0,2.0,2.0,0.0,3.0,3.0,3.0,1.0,0.0,0.0,1064,0,0,236,237,4,0,0,0,0.0,0,0.0,0,11.0,632,0.0,0
1791388755,4.0,3.0,3.0,1.0,2.0,1.0,0.0,0.0,0.0,0.0,1064,0,20,237,238,4,0,0,0,0.0,0,0.0,0,13.0,632,0.0,0
1791388756,2.0,3.0,4.0,4.0,0.0,2.0,0.0,1.0,0.0,0.0,1065,0,4,235,237,4,0,0,0,0.0,0,0.0,0,11.0,632,0.0,0
1791388757,5.9,2.0,2.0,3.0,0.0,4.0,0.0,0.0,0.0,0.0,1065,0,0,232,236,5,0,0,0,0.0,0,0.0,0,16.0,632,0.0,0
1791388758,3.0,3.0,5.0,3.0,0.0,4.0,1.0,1.0,0.0,0.0,1065,0,76,233,236,4,0,0,0,0.0,0,0.0,0,16.0,632,0.0,0
1791388759,9.0,8.0,8.2,7.1,6.0,11.0,7.1,6.2,0.0,0.0,1065,0,0,235,237,4,0,0,0,0.0,0,0.0,0,64.0,632,0.0,0
1791388760,1.0,5.1,2.0,0.0,4.0,2.0,2.0,3.0,0.0,0.0,1065,0,0,233,235,5,0,0,0,0.0,0,0.0,0,17.0,632,0.0,0
1791388761,1.0,5.0,2.0,0.0,2.0,0.0,3.0,3.0,0.0,0.0,1065,0,20,235,238,4,0,0,0,0.0,0,0.0,0,13.0,632,0.0,0
1791388762,2.0,2.0,1.0,0.0,3.0,0.0,2.0,4.0,0.0,0.0,1065,0,4,237,238,4,0,0,0,0.0,0,0.0,0,12.0,632,0.0,0
1791388763,3.0,4.0,1.0,0.0,2.0,2.0,0.0,2.0,0.0,0.0,1065,0,0,234,236,4,0,0,0,0.0,0,0.0,0,13.0,632,0.0,0
1791388764,2.0,3.0,2.0,0.0,3.0,1.0,0.0,3.0,0.0,0.0,1065,0,0,234,237,4,0,0,0,0.0,0,0.0,0,13.0,632,0.0,0
1791388765,4.0,1.0,3.1,0.0,2.0,0.0,3.0,1.0,0.0,0.0,1065,0,0,233,237,4,0,0,0,0.0,0,0.0,0,14.0,632,0.0,0
1791388766,4.0,3.0,4.0,2.0,3.0,0.0,1.0,0.0,0.0,0.0,1065,0,104,233,236,4,0,0,0,0.0,0,0.0,0,14.0,632,0.0,0
1791388767,4.0,2.0,4.0,2.0,3.0,0.0,4.0,0.0,0.0,0.0,1065,0,0,233,236,4,0,0,0,0.0,0,0.0,0,15.0,632,0.0,0
1791388768,0.0,5.0,3.0,0.0,2.0,2.0,1.0,0.0,0.0,0.0,1065,0,4,235,237,4,0,0,0,0.0,0,0.0,0,12.0,632,0.0,0
1791388769,4.0,2.0,2.0,0.0,1.0,1.0,0.0,3.0,0.0,0.0,1065,0,0,234,237,4,0,0,0,0.0,0,0.0,0,13.0,632,0.0,0
1791388770,2.0,2.0,3.0,1.0,3.0,1.0,0.0,1.0,0.0,0.0,1065,0,0,235,237,4,0,0,0,0.0,0,0.0,0,13.0,632,0.0,0
1791388771,3.0,3.0,1.0,2.0,2.0,2.0,0.0,4.0,0.0,0.0,1065,0,4,233,235,4,0,0,0,0.0,0,0.0,0,12.0,632,0.0,0
1791388772,1.0,2.0,4.0,1.0,3.0,1.0,2.0,2.0,0.0,0.0,1065,0,20,235,237,4,0,0,0,0.0,0,0.0,0,13.0,632,0.0,0
1791388773,1.0,4.0,1.0,1.0,0.0,2.0,1.0,4.0,0.0,0.0,1065,0,0,233,237,4,0,0,0,0.0,0,0.0,0,12.0,632,0.0,0
1791388774,8.0,10.0,8.0,5.2,5.1,7.1,6.1,6.0,0.0,0.0,1065,0,84,232,236,4,0,0,0,0.0,0,0.0,0,53.0,632,0.0,0
1791388775,0.0,2.0,0.0,4.0,0.0,3.0,3.0,3.0,0.0,0.0,1066,0,0,234,237,4,0,0,0,0.0,0,0.0,0,14.0,632,0.0,0
1791388776,2.0,3.0,4.0,3.0,0.0,0.0,3.0,2.0,0.0,0.0,1066,0,0,232,235,5,0,0,0,0.0,0,0.0,0,15.0,632,0.0,0
1791388777,1.0,3.1,4.0,1.0,0.0,0.0,3.0,3.0,0.1,0.0,1066,0,20,232,236,5,0,0,0,0.0,0,0.0,0,14.0,632,0.0,0
1791388778,1.0,3.0,3.0,4.0,1.0,2.0,3.0,0.0,0.0,0.0,1066,0,0,233,236,4,0,0,0,0.0,0,0.0,0,16.0,632,0.0,0
1791388779,0.0,2.0,2.0,5.0,1.0,2.0,3.0,1.0,0.0,0.0,1066,0,0,232,236,4,0,0,0,0.0,0,0.0,0,15.0,632,0.0,0
1791388780,0.0,3.0,4.0,1.0,0.0,2.0,3.0,3.0,0.0,0.0,1066,0,8,234,236,4,0,0,0,0.0,0,0.0,0,16.0,632,0.0,0
1791388781,2.0,2.0,0.0,1.0,1.0,2.0,3.0,2.0,0.0,0.0,1066,0,0,235,237,4,0,0,0,0.0,0,0.0,0,13.0,632,0.0,0
1791388782,1.0,2.0,1.0,2.0,1.0,2.0,2.0,3.0,0.0,0.0,1066,0,112,233,237,4,0,0,0,0.0,0,0.0,0,14.0,632,0.0,0
1791388783,0.0,3.0,4.0,0.0,0.0,2.0,3.0,3.0,0.0,0.0,1066,0,0,233,236,4,0,0,0,0.0,0,0.0,0,17.0,632,0.0,0
1791388784,0.0,1.0,3.0,2.0,2.0,1.0,2.0,4.0,0.0,0.0,1066,0,0,234,236,4,0,0,0,0.0,0,0.0,0,13.0,632,0.0,0
1791388785,0.0,3.0,2.1,1.0,0.0,3.0,1.0,1.0,0.0,0.0,1066,0,0,232,235,4,0,0,0,0.0,0,0.0,0,14.0,632,0.0,0
1791388786,1.0,3.0,5.0,4.0,1.0,0.0,2.0,3.0,0.0,0.0,1066,0,4,234,237,4,0,0,0,0.0,0,0.0,0,14.0,632,0.0,0
1791388787,0.0,1.0,2.0,4.0,0.0,0.0,2.0,3.0,0.0,0.0,1066,0,0,233,236,4,0,0,0,0.0,0,0.0,0,13.0,632,0.0,0
1791388788,0.0,3.0,4.0,2.0,0.0,0.0,3.0,2.0,0.0,0.0,1066,0,20,232,236,4,0,0,0,0.0,0,0.0,0,14.0,632,0.0,0
1791388789,7.0,7.0,9.1,7.1,6.1,5.9,7.1,7.0,0.0,0.0,1066,0,0,232,236,4,0,0,0,0.0,0,0.0,0,55.0,632,0.0,0
1791388790,2.0,3.0,4.0,2.0,0.0,3.0,0.0,1.0,0.0,0.0,1066,0,80,234,236,4,0,0,0,0.0,0,0.0,0,13.0,632,0.0,0
1791388791,4.0,2.0,4.0,2.0,0.0,2.0,0.0,0.0,0.0,0.0,1066,0,0,235,238,4,0,0,0,0.0,0,0.0,0,13.0,632,0.0,0
1791388792,1.0,2.0,2.0,2.0,0.0,2.0,1.0,1.0,0.0,0.0,1067,0,4,233,237,4,0,0,0,0.0,0,0.0,0,12.0,632,0.0,0
1791388793,2.0,2.9,3.0,3.0,0.0,2.0,0.0,1.0,0.1,0.0,1067,0,20,234,237,4,0,0,0,0.0,0,0.0,0,12.0,632,0.0,0
1791388794,0.0,2.0,2.0,4.0,0.0,2.0,0.0,2.0,0.0,0.0,1067,0,0,235,237,4,0,0,0,0.0,0,0.0,0,13.0,632,0.0,0
1791388795,1.0,2.0,1.0,4.0,0.0,2.0,1.0,4.0,0.0,0.0,1067,0,0,234,237,4,0,0,0,0.0,0,0.0,0,13.0,632,0.0,0
1791388796,4.0,3.0,3.0,2.0,0.0,3.0,0.0,2.0,0.0,0.0,1067,0,0,233,236,4,0,0,0,0.0,0,0.0,0,14.0,632,0.0,0
1791388797,3.0,2.0,2.0,3.0,0.0,0.0,1.0,3.0,0.0,0.0,1067,0,0,234,237,4,0,0,0,0.0,0,0.0,0,14.0,632,0.0,0
1791388798,3.0,2.0,3.0,4.0,0.0,0.0,0.0,1.0,0.0,0.0,1067,0,104,236,238,4,0,0,0,0.0,0,0.0,0,12.0,632,0.0,0
1791388799,1.0,3.0,0.0,2.0,0.0,2.0,0.0,3.0,0.0,0.0,1067,0,0,236,238,4,0,0,0,0.0,0,0.0,0,12.0,632,0.0,0
1791388800,2.0,2.0,1.0,3.0,0.0,2.0,1.0,3.0,0.0,0.0,1067,0,0,234,237,4,0,0,0,0.0,0,0.0,0,14.0,632,0.0,0
1791388801,2.0,3.0,0.0,4.0,0.0,4.0,1.0,1.0,0.0,0.0,1067,0,0,232,235,4,0,0,0,0.0,0,0.0,0,14.0,632,0.0,0
1791388802,4.0,2.0,0.0,2.1,1.0,3.0,0.0,4.0,0.0,0.0,1067,0,0,230,234,4,0,0,0,0.0,0,0.0,0,18.0,632,0.0,0
1791388803,2.0,3.0,0.0,2.0,3.0,0.0,0.0,1.0,0.0,0.0,1068,0,0,233,236,4,0,0,0,0.0,0,0.0,0,13.0,632,0.0,0
1791388804,2.0,2.0,0.0,3.0,2.0,0.0,2.0,1.0,0.0,0.0,1068,0,24,232,235,4,0,0,0,0.0,0,0.0,0,15.0,632,0.0,0
1791388805,7.0,12.1,4.1,8.1,6.1,5.1,4.0,4.0,0.0,0.0,1068,0,0,230,234,4,0,0,0,0.0,0,0.0,0,50.0,632,0.0,0
1791388806,4.0,4.0,1.0,5.0,1.0,2.0,3.1,0.0,0.0,0.0,1068,0,56,230,233,4,0,0,0,0.0,0,0.0,0,18.0,632,0.0,0
1791388807,2.0,3.0,0.0,2.0,1.0,4.0,1.0,0.0,0.0,0.0,1068,0,0,231,235,4,0,0,0,0.0,0,0.0,0,13.0,632,0.0,0
1791388808,4.9,3.0,0.0,1.0,3.0,2.0,1.0,0.0,0.0,0.0,1068,0,0,232,236,4,0,0,0,0.0,0,0.0,0,13.0,632,0.0,0
1791388809,3.0,4.0,4.0,0.0,4.0,4.0,1.0,0.0,0.0,0.0,1068,0,20,233,236,4,0,0,0,0.0,0,0.0,0,17.0,632,0.0,0
1791388810,2.0,2.0,4.0,0.0,1.0,3.0,0.0,0.0,0.0,0.0,1068,0,4,232,235,4,0,0,0,0.0,0,0.0,0,13.0,632,0.0,0
1791388811,3.0,2.0,3.1,4.0,0.0,3.0,1.0,1.0,0.0,0.0,1068,0,0,232,235,4,0,0,0,0.0,0,0.0,0,17.0,632,0.0,0
1791388812,5.0,3.0,0.0,4.0,0.0,4.0,0.0,3.0,0.0,0.0,1072,0,80,231,235,4,0,0,0,0.0,0,0.0,0,17.0,636,0.0,0
1791388813,3.0,3.0,3.0,3.0,0.0,1.0,1.0,2.0,0.0,0.0,1072,0,0,233,236,4,0,0,0,0.0,0,0.0,0,14.0,636,0.0,0
1791388814,1.0,2.0,3.1,1.0,1.0,0.0,0.0,3.0,0.0,0.0,1072,0,0,232,235,4,0,0,0,0.0,0,0.0,0,15.0,636,0.0,0
1791388815,4.0,2.0,4.0,2.0,0.0,2.0,0.0,3.0,0.0,0.0,1072,0,20,233,236,4,0,0,0,0.0,0,0.0,0,15.0,636,0.0,0
1791388816,3.0,3.0,5.0,4.0,1.0,0.0,1.0,2.0,0.0,0.0,1072,0,8,232,235,4,0,0,0,0.0,0,0.0,0,15.0,636,0.0,0
1791388817,1.0,2.0,2.0,1.0,3.0,0.0,0.0,4.0,0.0,0.0,1072,0,0,234,236,4,0,0,0,0.0,0,0.0,0,13.0,636,0.0,0
1791388818,2.0,2.0,3.1,2.0,2.0,0.0,0.0,3.0,0.0,0.0,1072,0,0,233,236,4,0,0,0,0.0,0,0.0,0,14.0,636,0.0,0
1791388819,6.0,7.9,8.9,6.1,8.0,5.0,6.1,8.0,0.0,0.0,1072,0,0,235,237,4,0,0,0,0.0,0,0.0,0,52.0,636,0.0,0
1791388820,4.0,2.0,1.0,2.0,4.0,1.0,2.0,2.0,0.0,0.0,1072,0,48,234,236,4,0,0,0,0.0,0,0.0,0,15.0,636,0.0,0
1791388821,3.0,3.0,4.0,0.0,2.0,0.0,2.0,1.0,0.0,0.0,1073,0,0,233,237,4,0,0,0,0.0,0,0.0,0,14.0,636,0.0,0
1791388822,4.0,2.0,0.0,0.0,2.0,0.0,3.0,2.0,0.0,0.0,1073,0,4,234,237,4,0,0,0,0.0,0,0.0,0,12.0,636,0.0,0
1791388823,2.0,2.0,1.0,0.0,3.0,0.0,3.0,1.0,0.0,0.0,1073,0,0,233,236,4,0,0,0,0.0,0,0.0,0,13.0,636,0.0,0
1791388824,3.0,4.0,1.0,2.0,3.0,0.0,2.0,3.0,0.0,0.0,1073,0,0,233,236,4,0,0,0,0.0,0,0.0,0,13.0,636,0.0,0
1791388825,3.0,1.0,0.0,1.0,3.0,2.0,3.0,0.0,0.0,0.0,1073,0,264,233,236,4,0,0,0,0.0,0,0.0,0,13.0,636,0.0,0
1791388826,3.0,3.0,0.0,0.0,2.0,3.0,2.0,0.0,0.0,0.0,1073,0,0,236,238,4,0,0,0,0.0,0,0.0,0,12.0,636,0.0,0
1791388827,3.0,2.0,1.0,1.0,3.0,3.0,0.0,1.0,0.0,0.0,1073,0,0,235,237,4,0,0,0,0.0,0,0.0,0,12.0,636,0.0,0
1791388828,3.0,2.0,0.0,1.0,2.0,4.0,2.0,2.0,0.0,0.0,1073,0,4,234,236,4,0,0,0,0.0,0,0.0,0,15.0,636,0.0,0
1791388829,1.0,5.0,1.0,1.0,3.0,2.0,4.0,1.0,0.0,0.0,1073,0,0,232,236,4,0,0,0,0.0,0,0.0,0,15.0,636,0.0,0
1791388830,1.0,5.1,0.0,0.0,3.0,2.0,1.0,1.0,0.0,0.0,1073,0,12,234,237,4,0,0,0,0.0,0,0.0,0,13.0,636,0.0,0
1791388831,2.0,2.0,2.0,0.0,1.0,3.0,4.0,3.0,0.1,0.0,1073,0,20,233,237,4,0,0,0,0.0,0,0.0,0,13.0,636,0.0,0
1791388832,0.0,3.0,2.0,2.0,3.0,1.0,3.0,2.0,0.0,0.0,1073,0,0,233,236,4,0,0,0,0.0,0,0.0,0,15.0,636,0.0,0
1791388833,4.0,2.0,0.0,2.0,1.0,1.0,3.0,4.0,0.0,0.0,1074,0,0,233,236,4,0,0,0,0.0,0,0.0,0,14.0,636,0.0,0
1791388834,2.0,3.0,0.0,2.0,3.0,0.0,4.0,4.0,0.0,0.0,1074,0,4,234,237,4,0,0,0,0.0,0,0.0,0,14.0,636,0.0,0
1791388835,5.0,8.2,8.1,4.0,5.1,5.1,9.0,7.0,0.0,0.0,1074,0,0,233,236,4,0,0,0,0.0,0,0.0,0,52.0,636,0.0,0
1791388836,4.0,5.9,5.0,0.0,0.0,0.0,2.0,1.0,0.0,0.0,1074,0,24,232,236,4,0,0,0,0.0,0,0.0,0,16.0,636,0.0,0
1791388837,1.0,3.0,4.0,0.0,0.0,2.0,4.0,2.0,0.0,0.0,1074,0,0,233,236,4,0,0,0,0.0,0,0.0,0,14.0,636,0.0,0
1791388838,3.0,1.0,5.0,0.0,0.0,2.0,1.0,2.0,0.0,0.0,1074,0,0,235,237,4,0,0,0,0.0,0,0.0,0,15.0,636,0.0,0
1791388839,6.0,3.0,1.0,0.0,0.0,3.0,0.0,4.0,0.0,0.0,1074,0,0,233,236,4,0,0,0,0.0,0,0.0,0,14.0,636,0.0,0
1791388840,3.0,0.0,3.0,0.0,0.0,3.0,3.0,2.0,0.0,0.0,1074,0,4,235,237,4,0,0,0,0.0,0,0.0,0,14.0,636,0.0,0
1791388841,5.0,2.0,3.1,0.0,1.0,1.0,2.0,2.0,0.0,0.0,1074,0,4,233,236,4,0,0,0,0.0,0,0.0,0,16.0,636,0.0,0
1791388842,2.0,2.0,2.0,2.0,0.0,1.0,2.0,1.0,0.0,0.0,1074,0,12,234,237,4,0,0,0,0.0,0,0.0,0,14.0,636,0.0,0
1791388843,3.0,1.0,4.0,0.0,3.0,0.0,2.0,2.0,0.0,0.0,1074,0,0,234,237,4,0,0,0,0.0,0,0.0,0,13.0,636,0.0,0
1791388844,3.0,2.0,3.0,2.0,1.0,0.0,3.0,3.0,0.0,0.0,1074,0,0,232,235,4,0,0,0,0.0,0,0.0,0,14.0,636,0.0,0
1791388845,2.0,3.0,3.0,1.0,0.0,2.0,4.0,3.0,0.0,0.0,1074,0,0,234,236,4,0,0,0,0.0,0,0.0,0,13.0,636,0.0,0
1791388846,3.0,2.0,2.0,2.0,0.0,3.0,1.0,2.0,0.0,0.0,1074,0,308,234,237,4,0,0,0,0.0,0,0.0,0,14.0,636,0.0,0
1791388847,2.0,2.0,2.0,5.0,1.0,2.0,3.0,0.0,0.0,0.0,1074,0,20,233,236,4,0,0,0,0.0,0,0.0,0,15.0,636,0.0,0
1791388848,4.0,3.0,0.0,2.0,0.0,3.0,2.0,0.0,0.0,0.0,1074,0,0,236,238,4,0,0,0,0.0,0,0.0,0,12.0,636,0.0,0
1791388849,2.0,2.0,0.0,3.0,1.0,1.0,2.0,0.0,0.0,0.0,1074,0,0,236,239,4,0,0,0,0.0,0,0.0,0,10.0,636,0.0,0
1791388850,8.2,7.1,4.1,5.1,5.1,7.0,5.1,8.0,0.0,0.0,1074,0,0,236,238,4,0,0,0,0.0,0,0.0,0,52.0,636,0.0,0
1791388851,3.0,2.0,3.0,0.0,1.0,3.0,0.0,1.0,0.0,0.0,1074,0,0,237,238,4,0,0,0,0.0,0,0.0,0,12.0,636,0.0,0
1791388852,2.0,0.0,2.0,0.0,0.0,3.0,3.9,3.0,0.0,0.0,1074,0,24,235,238,4,0,0,0,0.0,0,0.0,0,12.0,636,0.0,0
1791388853,3.0,3.0,2.0,0.0,0.0,1.0,3.0,1.0,0.0,0.0,1075,0,0,236,238,4,0,0,0,0.0,0,0.0,0,12.0,636,0.0,0
1791388854,2.0,1.0,3.0,0.0,1.0,1.0,2.0,3.0,0.0,0.0,1075,0,0,236,238,4,0,0,0,0.0,0,0.0,0,13.0,636,0.0,0
1791388855,2.0,0.0,3.0,0.0,1.0,2.0,1.0,3.0,0.0,0.0,1075,0,0,238,239,4,0,0,0,0.0,0,0.0,0,12.0,636,0.0,0
1791388856,3.0,3.0,5.0,0.0,0.0,2.0,2.0,1.0,0.0,0.0,1075,0,0,235,237,4,0,0,0,0.0,0,0.0,0,14.0,636,0.0,0
1791388857,3.0,2.0,1.0,1.0,1.0,4.0,2.0,1.0,0.0,0.0,1075,0,0,233,237,4,0,0,0,0.0,0,0.0,0,13.0,636,0.0,0
1791388858,1.0,2.0,0.0,0.0,0.0,3.0,2.0,3.0,0.0,0.0,1075,0,20,235,237,4,0,0,0,0.0,0,0.0,0,12.0,636,0.0,0
1791388859,3.0,2.0,2.0,0.0,1.0,1.0,3.0,2.0,0.0,0.0,1075,0,0,233,236,4,0,0,0,0.0,0,0.0,0,14.0,636,0.0,0
1791388860,3.0,4.0,3.1,0.0,0.0,2.0,2.0,1.0,0.0,0.0,1075,0,0,232,235,4,0,0,0,0.0,0,0.0,0,15.0,636,0.0,0
1791388861,1.0,1.0,4.0,0.0,1.0,3.0,3.0,2.0,0.0,0.0,1075,0,0,232,235,4,0,0,0,0.0,0,0.0,0,16.0,636,0.0,0
1791388862,3.0,2.0,3.0,0.0,1.0,2.0,5.0,2.0,0.0,0.0,1075,0,0,234,236,4,0,0,0,0.0,0,0.0,0,15.0,636,0.0,0
1791388863,3.0,2.0,0.0,0.0,0.0,0.0,2.0,3.0,0.0,0.0,1075,0,24,234,237,4,0,0,0,0.0,0,0.0,0,12.0,636,0.0,0
1791388864,2.0,1.0,3.0,3.0,1.0,1.0,2.0,1.0,0.0,0.0,1075,0,4,235,238,4,0,0,0,0.0,0,0.0,0,11.0,636,0.0,0
1791388865,2.0,0.0,3.0,1.0,0.0,2.0,0.0,2.0,0.0,0.0,1075,0,0,234,237,4,0,0,0,0.0,0,0.0,0,12.0,636,0.0,0
1791388866,11.0,8.0,8.2,7.1,6.1,7.0,5.0,5.0,0.0,0.0,1075,0,0,231,235,4,0,0,0,0.0,0,0.0,0,55.0,636,0.0,0
1791388867,2.0,1.0,3.0,4.0,1.0,4.0,0.0,0.0,0.0,0.0,1075,0,0,232,236,4,0,0,0,0.0,0,0.0,0,14.0,636,0.0,0
1791388868,4.0,3.0,4.0,1.0,0.0,1.0,0.0,0.0,0.0,0.0,1075,0,12,233,237,4,0,0,0,0.0,0,0.0,0,15.0,636,0.0,0
1791388869,6.0,2.0,1.0,3.0,1.0,0.0,0.0,0.0,0.0,0.0,1075,0,12,232,236,4,0,0,0,0.0,0,0.0,0,14.0,636,0.0,0
1791388870,3.0,4.0,4.0,3.1,0.0,1.0,4.0,0.0,0.0,0.0,1075,0,4,233,236,4,0,0,0,0.0,0,0.0,0,15.0,636,0.0,0
1791388871,4.0,0.0,4.0,3.0,2.0,0.0,1.0,0.0,0.0,0.0,1075,0,0,234,236,5,0,0,0,0.0,0,0.0,0,16.0,636,0.0,0
1791388872,2.0,0.0,4.0,4.0,3.0,1.0,3.0,0.0,0.0,0.0,1075,0,0,234,236,4,0,0,0,0.0,0,0.0,0,15.0,636,0.0,0
1791388873,2.0,0.0,4.0,2.0,4.0,2.0,3.0,0.0,0.0,0.0,1075,0,0,233,235,4,0,0,0,0.0,0,0.0,0,15.0,636,0.0,0
1791388874,3.0,0.0,4.0,4.0,2.0,0.0,1.0,0.0,0.0,0.0,1076,0,12,233,235,4,0,0,0,0.0,0,0.0,0,16.0,636,0.0,0
1791388875,4.0,0.0,2.0,4.0,3.0,0.0,3.0,0.0,0.0,0.0,1076,0,0,234,237,4,0,0,0,0.0,0,0.0,0,13.0,636,0.0,0
1791388876,3.0,0.0,2.0,1.0,4.0,2.0,2.0,3.0,0.0,0.0,1076,0,4,233,236,4,0,0,0,0.0,0,0.0,0,16.0,636,0.0,0
1791388877,2.0,0.0,4.0,3.0,1.0,2.0,0.0,2.0,0.0,0.0,1076,0,0,233,236,4,0,0,0,0.0,0,0.0,0,14.0,636,0.0,0
1791388878,2.0,0.0,4.0,4.0,3.0,0.0,1.0,2.0,0.0,0.0,1076,0,304,233,235,4,0,0,0,0.0,0,0.0,0,15.0,636,0.0,0
1791388879,3.0,0.0,3.1,3.0,1.0,2.0,0.0,2.0,0.1,0.0,1076,0,20,232,235,4,0,0,0,0.0,0,0.0,0,15.0,636,0.0,0
1791388880,1.0,0.0,4.0,4.0,3.0,0.0,2.0,3.0,0.0,0.0,1076,0,0,234,237,4,0,0,0,0.0,0,0.0,0,15.0,636,0.0,0
1791388881,9.0,6.9,10.0,10.2,9.1,10.0,6.1,8.2,0.0,0.0,1076,0,0,232,236,4,0,0,0,0.0,0,0.0,0,68.0,636,0.0,0
1791388882,3.0,4.0,3.0,3.0,3.0,2.0,0.0,1.0,0.0,0.0,1076,0,4,231,235,5,0,0,0,0.0,0,0.0,0,17.0,636,0.0,0
1791388883,3.0,3.0,4.0,4.0,1.0,3.0,0.0,0.0,0.0,0.0,1076,0,0,235,237,4,0,0,0,0.0,0,0.0,0,15.0,636,0.0,0
1791388884,2.0,3.0,3.0,3.0,2.0,2.0,0.0,1.0,0.0,0.0,1076,0,8,235,237,4,0,0,0,0.0,0,0.0,0,12.0,636,0.0,0
1791388885,3.0,2.0,2.0,2.0,1.0,0.0,1.0,0.0,0.0,0.0,1076,0,12,236,238,4,0,0,0,0.0,0,0.0,0,13.0,636,0.0,0
1791388886,2.0,1.0,4.0,2.0,4.0,1.0,2.0,0.0,0.0,0.0,1076,0,0,232,236,4,0,0,0,0.0,0,0.0,0,14.0,636,0.0,0
1791388887,2.0,5.0,5.0,2.0,1.0,0.0,3.0,0.0,0.1,0.0,1076,0,0,233,236,4,0,0,0,0.0,0,0.0,0,16.0,636,0.0,0
1791388888,2.0,4.0,3.0,0.0,3.0,0.0,1.0,1.0,0.0,0.0,1076,0,4,233,236,4,0,0,0,0.0,0,0.0,0,15.0,636,0.0,0
1791388889,2.0,2.0,2.0,3.0,0.0,0.0,4.0,0.0,0.0,0.0,1077,0,0,235,238,4,0,0,0,0.0,0,0.0,0,13.0,636,0.0,0
1791388890,4.0,2.0,4.0,1.0,1.0,0.0,1.0,1.0,0.0,0.0,1077,0,12,233,236,4,0,0,0,0.0,0,0.0,0,15.0,636,0.0,0
1791388891,2.0,3.0,4.0,5.0,0.0,0.0,2.0,1.0,0.0,0.0,1077,0,0,234,236,4,0,0,0,0.0,0,0.0,0,14.0,636,0.0,0
1791388892,2.0,2.0,1.0,3.0,1.0,3.0,3.0,1.0,0.0,0.0,1077,0,0,232,235,4,0,0,0,0.0,0,0.0,0,16.0,636,0.0,0
1791388893,2.0,3.0,0.0,1.0,0.0,3.0,4.0,0.0,0.0,0.0,1077,0,0,236,238,4,0,0,0,0.0,0,0.0,0,12.0,636,0.0,0
1791388894,3.0,1.0,1.0,3.0,0.0,1.0,1.0,0.0,0.0,0.0,1077,0,4,236,238,4,0,0,0,0.0,0,0.0,0,12.0,636,0.0,0
1791388895,4.0,0.0,5.0,1.0,0.0,2.0,3.0,1.0,0.0,0.0,1077,0,12,236,238,4,0,0,0,0.0,0,0.0,0,12.0,636,0.0,0
1791388896,1.0,0.0,4.0,4.0,3.0,2.0,3.0,1.0,0.0,0.0,1077,0,0,234,237,4,0,0,0,0.0,0,0.0,0,15.0,636,0.0,0
1791388897,8.9,6.0,12.0,9.9,6.1,6.1,8.1,8.1,0.0,0.0,1077,0,0,232,235,4,0,0,0,0.0,0,0.0,0,64.0,636,0.0,0
1791388898,2.0,2.0,2.0,0.0,2.0,3.0,1.0,3.0,0.0,0.0,1077,0,0,234,236,4,0,0,0,0.0,0,0.0,0,14.0,636,0.0,0
1791388899,2.0,1.0,5.0,0.0,0.0,2.0,1.0,4.0,0.0,0.0,1077,0,0,232,236,4,0,0,0,0.0,0,0.0,0,14.0,636,0.0,0
1791388900,4.0,0.0,4.0,1.0,2.0,0.0,4.0,2.0,0.0,0.0,1077,0,8,234,237,4,0,0,0,0.0,0,0.0,0,15.0,636,0.0,0
1791388901,6.1,0.0,2.0,4.0,1.0,2.0,4.0,1.0,0.0,0.0,1077,0,24,233,236,4,0,0,0,0.0,0,0.0,0,15.0,636,0.0,0
1791388902,3.0,0.0,0.0,2.0,0.0,4.0,2.0,2.0,0.0,0.0,1077,0,0,232,235,4,0,0,0,0.0,0,0.0,0,14.0,636,0.0,0
1791388903,2.0,0.0,4.0,3.0,1.0,1.0,4.0,3.0,0.0,0.0,1077,0,0,233,236,4,0,0,0,0.0,0,0.0,0,14.0,636,0.0,0
1791388904,3.0,0.0,5.0,3.0,0.0,0.0,4.0,3.0,0.0,0.0,1078,0,0,232,235,4,0,0,0,0.0,0,0.0,0,17.0,636,0.0,0
1791388905,3.0,0.0,5.0,3.0,0.0,2.0,1.0,3.0,0.0,0.0,1078,0,0,233,236,4,0,0,0,0.0,0,0.0,0,14.0,636,0.0,0
1791388906,1.0,2.0,5.0,2.0,0.0,4.0,0.0,4.0,0.0,0.0,1078,0,32,234,236,4,0,0,0,0.0,0,0.0,0,14.0,636,0.0,0
1791388907,1.0,2.0,4.0,3.0,0.0,3.0,1.0,3.0,0.0,0.0,1078,0,0,235,237,4,0,0,0,0.0,0,0.0,0,16.0,636,0.0,0
1791388908,0.0,3.0,2.1,3.0,0.0,2.0,1.0,2.0,0.0,0.0,1078,0,0,234,237,4,0,0,0,0.0,0,0.0,0,12.0,636,0.0,0
1791388909,0.0,2.0,5.0,3.0,0.0,2.0,0.0,2.0,0.0,0.0,1078,0,0,231,235,4,0,0,0,0.0,0,0.0,0,15.0,636,0.0,0
1791388910,1.0,2.0,2.0,3.0,1.0,2.0,1.0,2.0,0.0,0.0,1078,0,304,234,236,4,0,0,0,0.0,0,0.0,0,15.0,636,0.0,0
1791388911,0.0,2.0,3.0,3.0,0.0,3.0,3.0,2.0,0.0,0.0,1078,0,4,234,236,4,0,0,0,0.0,0,0.0,0,15.0,636,0.0,0
1791388912,1.0,3.0,0.0,1.0,1.0,3.0,3.0,2.0,0.0,0.0,1078,0,24,233,236,4,0,0,0,0.0,0,0.0,0,20.0,636,0.0,0
1791388913,7.0,8.1,11.9,10.0,7.1,8.2,7.1,6.0,0.0,0.0,1078,0,0,233,236,4,0,0,0,0.0,0,0.0,0,57.0,636,0.0,0
1791388914,3.0,3.0,1.0,2.0,0.0,2.0,2.0,0.0,0.0,0.0,1078,0,0,236,238,4,0,0,0,0.0,0,0.0,0,13.0,636,0.0,0
1791388915,2.0,3.0,3.0,4.0,0.0,2.0,1.0,0.0,0.0,0.0,1078,0,0,233,235,4,0,0,0,0.0,0,0.0,0,14.0,636,0.0,0
1791388916,3.0,2.0,2.0,2.0,0.0,4.0,1.0,0.0,0.0,0.0,1078,0,0,233,236,4,0,0,0,0.0,0,0.0,0,14.0,636,0.0,0
1791388917,4.0,3.0,4.0,0.0,2.0,3.0,3.0,0.0,0.0,0.0,1078,0,24,232,235,4,0,0,0,0.0,0,0.0,0,14.0,636,0.0,0
1791388918,2.0,2.0,2.0,4.0,0.0,1.0,4.0,0.0,0.0,0.0,1078,0,4,233,236,4,0,0,0,0.0,0,0.0,0,13.0,636,0.0,0
1791388919,4.0,2.0,3.1,0.0,3.0,1.0,2.0,0.0,0.0,0.0,1078,0,0,232,235,4,0,0,0,0.0,0,0.0,0,17.0,636,0.0,0
1791388920,3.0,3.0,5.0,1.0,3.0,0.0,5.0,0.0,0.0,0.0,1078,0,0,234,237,4,0,0,0,0.0,0,0.0,0,15.0,636,0.0,0
1791388921,3.0,2.0,1.0,2.0,3.0,1.0,1.0,0.0,0.0,0.0,1078,0,0,232,236,4,0,0,0,0.0,0,0.0,0,15.0,636,0.0,0
1791388922,3.0,2.0,5.0,0.0,2.0,0.0,4.0,0.0,0.0,0.0,1078,0,0,233,236,4,0,0,0,0.0,0,0.0,0,14.0,636,0.0,0
1791388923,4.0,3.0,3.0,1.0,3.0,0.0,2.0,0.0,0.0,0.0,1078,0,12,235,237,4,0,0,0,0.0,0,0.0,0,12.0,636,0.0,0
1791388924,2.0,2.0,2.0,1.0,1.0,2.0,0.0,0.0,0.0,0.0,1079,0,4,234,237,4,0,0,0,0.0,0,0.0,0,13.0,636,0.0,0
1791388925,3.0,2.0,1.0,1.0,5.0,2.0,1.0,1.0,0.0,0.0,1079,0,0,234,236,4,0,0,0,0.0,0,0.0,0,15.0,636,0.0,0
1791388926,3.0,5.0,0.0,0.0,2.0,3.0,0.0,0.0,0.0,0.0,1079,0,0,236,238,4,0,0,0,0.0,0,0.0,0,12.0,636,0.0,0
1791388927,1.0,3.0,0.0,0.0,2.0,3.0,1.0,4.0,0.0,0.0,1079,0,0,236,237,4,0,0,0,0.0,0,0.0,0,10.0,636,0.0,0
1791388928,7.0,7.1,6.9,7.1,5.0,6.1,7.9,8.2,0.0,0.0,1079,0,0,233,236,4,0,0,0,0.0,0,0.0,0,52.0,636,0.0,0
1791388929,2.0,2.0,2.1,2.0,0.0,3.0,0.0,2.0,0.0,0.0,1079,0,12,233,236,4,0,0,0,0.0,0,0.0,0,13.0,636,0.0,0
1791388930,4.0,3.0,4.0,0.0,0.0,2.0,1.0,0.0,0.0,0.0,1079,0,4,235,237,4,0,0,0,0.0,0,0.0,0,14.0,636,0.0,0
1791388931,3.0,1.0,3.0,0.0,0.0,2.0,1.0,2.0,0.0,0.0,1079,0,0,234,236,4,0,0,0,0.0,0,0.0,0,13.0,636,0.0,0
1791388932,5.0,3.0,3.0,5.0,2.0,2.0,0.0,2.0,0.0,0.0,1079,0,0,231,235,4,0,0,0,0.0,0,0.0,0,16.0,636,0.0,0
1791388933,3.0,2.0,3.0,3.0,0.0,1.0,0.0,3.0,0.0,0.0,1079,0,0,234,236,4,0,0,0,0.0,0,0.0,0,15.0,636,0.0,0
1791388934,2.0,3.0,3.0,5.0,0.0,3.0,0.0,0.0,0.0,0.0,1079,0,0,233,236,4,0,0,0,0.0,0,0.0,0,15.0,636,0.0,0
1791388935,4.0,2.0,3.1,1.0,0.0,1.0,0.0,4.0,0.0,0.0,1079,0,12,234,236,4,0,0,0,0.0,0,0.0,0,15.0,636,0.0,0
1791388936,5.0,3.0,4.0,0.0,3.0,1.0,0.0,3.0,0.0,0.0,1079,0,8,233,236,4,0,0,0,0.0,0,0.0,0,15.0,636,0.0,0
1791388937,2.0,2.0,5.1,2.0,1.0,0.0,0.0,2.0,0.0,0.0,1079,0,0,231,235,4,0,0,0,0.0,0,0.0,0,16.0,636,0.0,0
1791388938,3.0,3.0,2.0,1.0,3.0,0.0,0.0,3.0,0.0,0.0,1079,0,0,233,236,4,0,0,0,0.0,0,0.0,0,15.0,636,0.0,0
1791388939,1.0,6.0,0.0,1.0,2.0,1.0,0.0,3.0,0.0,0.0,1079,0,0,232,236,5,0,0,0,0.0,0,0.0,0,14.0,636,0.0,0
1791388940,5.9,4.0,0.0,2.0,0.0,2.0,2.0,3.0,0.0,0.0,1079,0,0,234,236,4,0,0,0,0.0,0,0.0,0,15.0,636,0.0,0
1791388941,3.0,3.0,0.0,0.0,3.0,2.0,1.0,0.0,0.0,0.0,1080,0,24,234,237,4,0,0,0,0.0,0,0.0,0,12.0,636,0.0,0
1791388942,2.0,3.0,0.0,0.0,3.0,3.0,4.0,0.0,0.0,0.0,1080,0,4,234,236,4,0,0,0,0.0,0,0.0,0,14.0,636,0.0,0
1791388943,3.0,3.0,0.0,1.0,3.0,3.0,2.0,0.0,0.0,0.0,1080,0,304,232,236,4,0,0,0,0.0,0,0.0,0,13.0,636,0.0,0
1791388944,8.1,8.1,9.1,7.1,7.1,7.0,9.0,7.1,0.0,0.0,1080,0,0,233,236,4,0,0,0,0.0,0,0.0,0,63.0,636,0.0,0
1791388945,4.0,2.0,4.0,0.0,3.0,0.0,3.0,2.0,0.0,0.0,1080,0,0,233,236,4,0,0,0,0.0,0,0.0,0,14.0,636,0.0,0
1791388946,0.0,5.0,4.0,0.0,2.0,2.0,0.0,2.0,0.0,0.0,1080,0,4,233,235,4,0,0,0,0.0,0,0.0,0,13.0,636,0.0,0
1791388947,0.0,2.0,3.1,0.0,3.0,3.0,0.0,4.0,0.0,0.0,1080,0,20,233,235,4,0,0,0,0.0,0,0.0,0,16.0,636,0.0,0
1791388948,1.0,2.0,5.0,0.0,2.0,2.0,0.0,3.0,0.0,0.0,1080,0,4,234,237,4,0,0,0,0.0,0,0.0,0,13.0,636,0.0,0
1791388949,1.0,4.0,3.1,1.0,4.0,2.0,0.0,4.0,0.0,0.0,1080,0,0,230,234,4,0,0,0,0.0,0,0.0,0,15.0,636,0.0,0
1791388950,0.0,3.0,4.0,3.0,2.0,0.0,0.0,1.0,0.0,0.0,1080,0,0,233,236,4,0,0,0,0.0,0,0.0,0,14.0,636,0.0,0
1791388951,0.0,3.0,0.0,4.0,3.0,3.0,0.0,4.0,0.0,0.0,1080,0,0,234,237,4,0,0,0,0.0,0,0.0,0,14.0,636,0.0,0
1791388952,2.0,2.0,3.0,2.0,2.0,3.0,0.0,0.0,0.0,0.0,1080,0,20,233,236,4,0,0,0,0.0,0,0.0,0,15.0,636,0.0,0
1791388953,0.0,3.0,0.0,4.0,2.0,2.0,0.0,2.0,0.0,0.0,1080,0,0,234,237,4,0,0,0,0.0,0,0.0,0,13.0,636,0.0,0
1791388954,0.0,3.0,4.0,2.0,1.0,1.0,0.0,3.0,0.0,0.0,1080,0,4,235,237,4,0,0,0,0.0,0,0.0,0,13.0,636,0.0,0
1791388955,0.0,2.0,4.0,5.0,2.0,0.0,0.0,2.0,0.0,0.0,1080,0,0,233,235,4,0,0,0,0.0,0,0.0,0,16.0,636,0.0,0
1791388956,2.0,3.0,0.0,3.0,3.0,3.0,0.0,2.0,0.0,0.0,1080,0,0,232,236,4,0,0,0,0.0,0,0.0,0,14.0,636,0.0,0
1791388957,4.0,3.0,0.0,1.0,2.0,3.0,0.0,4.0,0.0,0.0,1080,0,0,232,235,4,0,0,0,0.0,0,0.0,0,16.0,636,0.0,0
1791388958,3.0,2.0,2.0,0.0,3.0,1.0,0.0,2.0,0.0,0.0,1080,0,12,233,236,4,0,0,0,0.0,0,0.0,0,14.0,636,0.0,0
1791388959,4.0,3.0,2.0,1.0,3.0,2.0,1.0,3.0,0.0,0.0,1081,0,0,231,235,4,0,0,0,0.0,0,0.0,0,14.0,636,0.0,0
1791388960,9.0,8.0,5.1,8.0,6.0,8.1,9.1,5.1,0.0,0.0,1081,0,4,235,237,4,0,0,0,0.0,0,0.0,0,58.0,636,0.0,0
1791388961,0.0,4.0,0.0,4.0,4.0,2.0,0.0,4.0,0.0,0.0,1081,0,0,232,235,4,0,0,0,0.0,0,0.0,0,16.0,636,0.0,0
1791388962,0.0,4.0,0.0,3.0,3.0,3.0,0.0,1.0,0.0,0.0,1081,0,0,229,235,5,0,0,0,0.0,0,0.0,0,15.0,636,0.0,0
1791388963,3.0,4.0,2.0,3.0,3.0,3.0,0.0,2.0,0.0,0.0,1081,0,0,234,235,4,0,0,0,0.0,0,0.0,0,16.0,636,0.0,0
1791388964,4.0,2.0,3.0,2.0,2.0,0.0,0.0,2.0,0.0,0.0,1081,0,12,232,235,4,0,0,0,0.0,0,0.0,0,15.0,636,0.0,0
1791388965,3.0,2.0,0.0,3.0,3.0,0.0,0.0,3.0,0.0,0.0,1081,0,0,233,236,4,0,0,0,0.0,0,0.0,0,13.0,636,0.0,0
1791388966,1.0,3.0,1.0,2.0,1.0,1.0,0.0,2.0,0.0,0.0,1081,0,4,234,237,4,0,0,0,0.0,0,0.0,0,14.0,636,0.0,0
1791388967,3.0,2.0,2.0,3.0,0.0,3.0,0.0,3.0,0.0,0.0,1081,0,0,233,235,4,0,0,0,0.0,0,0.0,0,13.0,636,0.0,0
1791388968,0.0,3.0,3.0,1.0,0.0,2.0,0.0,2.0,0.0,0.0,1081,0,0,234,236,4,0,0,0,0.0,0,0.0,0,12.0,636,0.0,0
1791388969,1.0,4.0,3.0,3.0,0.0,0.0,0.0,0.0,0.0,0.0,1082,0,0,236,239,4,0,0,0,0.0,0,0.0,0,11.0,636,0.0,0
1791388970,0.0,3.0,3.0,2.0,2.0,3.0,1.0,0.0,0.0,0.0,1082,0,12,233,236,4,0,0,0,0.0,0,0.0,0,15.0,636,0.0,0
1791388971,0.0,2.0,4.0,2.0,2.0,1.0,0.0,4.0,0.0,0.0,1082,0,0,235,237,4,0,0,0,0.0,0,0.0,0,13.0,636,0.0,0
1791388972,2.0,2.0,2.0,0.0,2.0,3.0,0.0,3.0,0.0,0.0,1082,0,4,236,238,4,0,0,0,0.0,0,0.0,0,14.0,636,0.0,0
1791388973,0.0,2.0,3.1,2.0,0.0,2.0,0.0,3.0,0.0,0.0,1082,0,0,235,238,4,0,0,0,0.0,0,0.0,0,13.0,636,0.0,0
1791388974,1.0,3.0,3.0,2.0,0.0,3.0,0.0,4.0,0.0,0.0,1082,0,0,234,237,4,0,0,0,0.0,0,0.0,0,13.0,636,0.0,0
1791388975,0.0,2.0,5.0,3.0,1.0,2.0,0.0,2.0,0.0,0.0,1082,0,304,233,236,4,0,0,0,0.0,0,0.0,0,13.0,636,0.0,0
1791388976,7.0,11.2,5.2,7.0,7.9,7.1,5.2,7.1,0.0,0.0,1082,0,24,235,236,4,0,0,0,0.0,0,0.0,0,59.0,636,0.0,0
1791388977,0.0,3.9,0.0,4.0,2.0,2.0,2.0,1.0,0.0,0.0,1082,0,0,236,238,4,0,0,0,0.0,0,0.0,0,12.0,636,0.0,0
1791388978,0.0,3.0,1.0,2.0,2.0,2.0,2.0,0.0,0.0,0.0,1082,0,8,233,237,4,0,0,0,0.0,0,0.0,0,13.0,636,0.0,0
1791388979,1.0,1.0,0.0,2.0,3.0,2.0,3.0,2.0,0.0,0.0,1082,0,0,232,235,4,0,0,0,0.0,0,0.0,0,15.0,636,0.0,0
1791388980,1.0,3.0,0.0,3.0,3.0,0.0,2.0,3.0,0.0,0.0,1082,0,0,233,236,4,0,0,0,0.0,0,0.0,0,15.0,636,0.0,0
1791388981,0.0,2.0,1.0,2.0,3.0,0.0,3.0,3.0,0.0,0.0,1083,0,40,232,235,4,0,0,0,0.0,0,0.0,0,16.0,636,0.0,0
1791388982,0.0,3.0,6.0,0.0,1.0,3.0,2.0,2.0,0.0,0.0,1083,0,0,234,236,4,0,0,0,0.0,0,0.0,0,17.0,636,0.0,0
1791388983,0.0,3.0,1.0,0.0,4.0,3.0,3.0,0.0,0.0,0.0,1083,0,0,234,237,4,0,0,0,0.0,0,0.0,0,14.0,636,0.0,0
1791388984,2.0,2.0,5.0,0.0,2.0,1.0,3.0,1.0,0.0,0.0,1083,0,4,235,236,4,0,0,0,0.0,0,0.0,0,13.0,636,0.0,0
1791388985,0.0,3.0,3.0,0.0,2.0,0.0,2.0,3.0,0.0,0.0,1083,0,0,234,236,4,0,0,0,0.0,0,0.0,0,15.0,636,0.0,0
1791388986,0.0,2.0,2.0,0.0,0.0,2.0,3.0,1.0,0.0,0.0,1083,0,0,234,237,4,0,0,0,0.0,0,0.0,0,12.0,636,0.0,0
1791388987,1.0,2.0,5.0,0.0,2.0,2.0,0.0,1.0,0.0,0.0,1083,0,12,233,236,4,0,0,0,0.0,0,0.0,0,14.0,636,0.0,0
1791388988,2.0,3.0,4.0,2.0,0.0,3.0,1.0,1.0,0.0,0.0,1083,0,0,234,237,4,0,0,0,0.0,0,0.0,0,13.0,636,0.0,0
1791388989,2.0,3.0,2.0,1.0,0.0,3.0,3.0,0.0,0.0,0.0,1083,0,0,233,236,4,0,0,0,0.0,0,0.0,0,14.0,636,0.0,0
1791388990,0.0,2.0,4.0,2.0,0.0,2.0,1.0,3.0,0.0,0.0,1083,0,4,236,237,4,0,0,0,0.0,0,0.0,0,13.0,636,0.0,0
1791388991,2.0,2.0,4.0,2.0,0.0,2.0,3.0,1.0,0.0,0.0,1083,0,0,234,236,4,0,0,0,0.0,0,0.0,0,14.0,636,0.0,0
1791388992,8.1,10.0,12.0,9.0,6.1,7.1,7.1,7.0,0.0,0.0,1083,0,12,233,236,4,0,0,0,0.0,0,0.0,0,65.0,636,0.0,0
1791388993,2.0,0.0,2.0,0.0,0.0,3.0,3.0,0.0,0.0,0.0,1083,0,0,235,237,4,0,0,0,0.0,0,0.0,0,12.0,636,0.0,0
1791388994,2.0,1.0,4.0,0.0,0.0,3.0,1.0,2.0,0.0,0.0,1083,0,0,235,238,5,0,0,0,0.0,0,0.0,0,12.0,636,0.0,0
1791388995,3.0,1.0,4.0,3.0,0.0,2.0,3.0,0.0,0.0,0.0,1083,0,0,233,236,4,0,0,0,0.0,0,0.0,0,15.0,636,0.0,0
1791388996,2.0,0.0,1.0,1.0,0.0,3.0,3.0,2.0,0.0,0.0,1083,0,4,233,237,4,0,0,0,0.0,0,0.0,0,13.0,636,0.0,0
1791388997,3.0,0.0,0.0,3.0,3.0,1.0,3.0,4.0,0.0,0.0,1083,0,0,234,237,4,0,0,0,0.0,0,0.0,0,15.0,636,0.0,0
1791388998,3.0,0.0,0.0,2.0,3.0,0.0,3.0,2.0,0.0,0.0,1083,0,12,231,235,4,0,0,0,0.0,0,0.0,0,13.0,636,0.0,0
1791388999,2.0,1.0,3.0,3.0,0.0,0.0,2.0,1.0,0.0,0.0,1083,0,0,234,237,4,0,0,0,0.0,0,0.0,0,15.0,636,0.0,0
1791389000,3.0,2.0,4.0,2.0,3.0,0.0,3.0,0.0,0.0,0.0,1084,0,0,232,235,4,0,0,0,0.0,0,0.0,0,16.0,636,0.0,0
1791389001,2.0,2.0,4.0,3.0,2.0,0.0,2.0,3.0,0.0,0.0,1084,0,0,234,237,4,0,0,0,0.0,0,0.0,0,14.0,636,0.0,0
1791389002,5.0,3.0,2.0,0.0,0.0,0.0,0.0,2.0,0.0,0.0,1084,0,4,233,236,5,0,0,0,0.0,0,0.0,0,14.0,636,0.0,0
1791389003,1.0,3.0,5.0,1.0,2.0,0.0,3.0,1.0,0.0,0.0,1084,0,16,234,236,4,0,0,0,0.0,0,0.0,0,15.0,636,0.0,0
1791389004,3.0,1.0,3.0,0.0,2.0,0.0,2.0,2.0,0.0,0.0,1084,0,0,233,236,4,0,0,0,0.0,0,0.0,0,14.0,636,0.0,0
1791389005,5.9,0.0,3.0,2.0,1.0,0.0,0.0,2.0,0.0,0.0,1084,0,0,234,237,4,0,0,0,0.0,0,0.0,0,12.0,636,0.0,0
1791389006,3.0,1.0,3.1,0.0,2.0,0.0,3.0,3.0,0.0,0.0,1084,0,0,232,235,4,0,0,0,0.0,0,0.0,0,13.0,636,0.0,0
1791389007,2.0,3.0,1.0,1.0,1.0,0.0,2.0,1.0,0.0,0.0,1084,0,304,233,236,4,0,0,0,0.0,0,0.0,0,11.0,636,0.0,0
1791389008,12.0,6.1,8.1,8.9,6.0,6.9,10.0,6.9,0.0,0.0,1084,0,4,232,234,4,0,0,0,0.0,0,0.0,0,59.0,636,0.0,0
1791389009,4.0,1.0,3.1,2.0,1.0,0.0,3.0,0.0,0.0,0.0,1084,0,28,233,236,4,0,0,0,0.0,0,0.0,0,16.0,636,0.0,0
1791389010,2.0,0.0,3.0,2.0,3.0,0.0,3.0,0.0,0.0,0.0,1084,0,0,233,236,4,0,0,0,0.0,0,0.0,0,14.0,636,0.0,0
1791389011,3.0,1.0,2.0,3.0,1.0,0.0,3.0,2.0,0.0,0.0,1084,0,0,232,236,4,0,0,0,0.0,0,0.0,0,15.0,636,0.0,0
1791389012,2.0,1.0,4.0,3.0,0.0,0.0,1.0,4.0,0.0,0.0,1084,0,0,233,237,4,0,0,0,0.0,0,0.0,0,15.0,636,0.0,0
1791389013,2.0,0.0,2.0,2.0,4.0,0.0,4.0,3.0,0.0,0.0,1085,0,0,232,235,4,0,0,0,0.0,0,0.0,0,15.0,636,0.0,0
1791389014,3.0,1.0,1.0,3.0,3.0,0.0,2.0,3.0,0.0,0.0,1085,0,36,232,235,4,0,0,0,0.0,0,0.0,0,16.0,636,0.0,0
1791389015,2.0,1.0,2.0,2.0,3.0,0.0,3.0,3.0,0.0,0.0,1085,0,0,235,238,4,0,0,0,0.0,0,0.0,0,14.0,636,0.0,0
1791389016,2.0,0.0,1.0,3.0,3.0,0.0,3.0,3.0,0.0,0.0,1085,0,0,235,237,4,0,0,0,0.0,0,0.0,0,13.0,636,0.0,0
1791389017,3.0,2.0,2.0,2.0,2.0,0.0,2.0,4.0,0.0,0.0,1085,0,0,233,236,5,0,0,0,0.0,0,0.0,0,14.0,636,0.0,0
1791389018,2.0,1.0,3.0,3.0,3.0,1.0,3.0,0.0,0.0,0.0,1085,0,0,234,237,4,0,0,0,0.0,0,0.0,0,14.0,636,0.0,0
1791389019,15.0,0.0,3.0,3.0,1.0,1.0,0.0,0.0,0.0,0.0,470,0,24,107,106,3,1,0,0,0.0,0,0.0,0,-14411.0,0,0.0,0
1791389020,2.0,0.0,0.0,1.0,0.0,0.0,0.0,0.0,0.0,0.0,473,0,4,0,0,4,1,0,0,0.0,0,0.0,0,0.0,0,0.0,0
1791389021,3.0,15.0,1.0,0.0,0.0,0.0,0.0,1.0,0.0,0.0,498,0,0,5,4,4,1,0,0,0.0,0,0.0,0,0.0,0,0.0,0
