code,url
6LAzf,https://made.example.invalid/e08-02/3-0?utm_source=share&ref=6e0zf7jt
6LAzg,https://made.example.invalid/e08-02/5-1?utm_source=share&ref=gc940uyz
6LAzj,https://made.example.invalid/e08-02/10-4?utm_source=share&ref=02jo0esf
6LAzk,https://made.example.invalid/e08-02/12-5?utm_source=share&ref=tlj12zik
6LAzm,https://made.example.invalid/e08-02/22-7?utm_source=share&ref=cukpedzl
6LAzl,https://made.example.invalid/e08-02/17-6?utm_source=share&ref=ei56iiif
6LAzo,https://made.example.invalid/e08-02/21-9?utm_source=share&ref=n5z3jwhk
6LAzr,https://made.example.invalid/e08-02/513-12?utm_source=share&ref=4eak3asa
6LAzi,https://made.example.invalid/e08-02/2-3?utm_source=share&ref=3ydpn7a8
6LAzn,https://made.example.invalid/e08-02/24-8?utm_source=share&ref=ubzfv5rt
6LAzp,https://made.example.invalid/e08-02/511-10?utm_source=share&ref=21xqk619
6LAzh,https://made.example.invalid/e08-02/13-2?utm_source=share&ref=c9rx3shy
6LAzq,https://made.example.invalid/e08-02/512-11?utm_source=share&ref=1ak2ot0b
6LAzs,https://made.example.invalid/e08-02/514-13?utm_source=share&ref=izkkl6xr
6LAzv,https://made.example.invalid/e08-02/517-16?utm_source=share&ref=wvmy3ge9
6LAzB,https://made.example.invalid/e08-02/523-22?utm_source=share&ref=xfe83ovr
6LAzz,https://made.example.invalid/e08-02/521-20?utm_source=share&ref=fnjhl74j
6LAzt,https://made.example.invalid/e08-02/515-14?utm_source=share&ref=8sy23t5h
6LAzG,https://made.example.invalid/e08-02/528-27?utm_source=share&ref=jlkygy4f
6LAzw,https://made.example.invalid/e08-02/518-17?utm_source=share&ref=5y0rx701
6LAzu,https://made.example.invalid/e08-02/516-15?utm_source=share&ref=qq17xbe6
6LAzD,https://made.example.invalid/e08-02/525-24?utm_source=share&ref=rk46z01g
6LAzy,https://made.example.invalid/e08-02/520-19?utm_source=share&ref=yls30uti
6LAzF,https://made.example.invalid/e08-02/527-26?utm_source=share&ref=9zbmbu82
6LAzx,https://made.example.invalid/e08-02/519-18?utm_source=share&ref=mp8teomh
6LAzE,https://made.example.invalid/e08-02/526-25?utm_source=share&ref=sxg17js9
6LAzC,https://made.example.invalid/e08-02/524-23?utm_source=share&ref=cr5r9wqg
6LAzA,https://made.example.invalid/e08-02/522-21?utm_source=share&ref=a51m0chm
6LAzK,https://made.example.invalid/e08-02/532-31?utm_source=share&ref=m924d9pr
6LAzH,https://made.example.invalid/e08-02/529-28?utm_source=share&ref=vsfne6q1
6LAzI,https://made.example.invalid/e08-02/530-29?utm_source=share&ref=t3xg8kim
6LAzJ,https://made.example.invalid/e08-02/531-30?utm_source=share&ref=m2o0lu0l
6LAzM,https://made.example.invalid/e08-02/534-33?utm_source=share&ref=tbv5hane
6LAzO,https://made.example.invalid/e08-02/536-35?utm_source=share&ref=vyaf1bt7
6LAzP,https://made.example.invalid/e08-02/537-36?utm_source=share&ref=td6nl1pz
6LAzL,https://made.example.invalid/e08-02/533-32?utm_source=share&ref=4kzimwb5
6LAzW,https://made.example.invalid/e08-02/544-43?utm_source=share&ref=fakqu9t2
6LAzN,https://made.example.invalid/e08-02/535-34?utm_source=share&ref=pflkvwqb
6LAzQ,https://made.example.invalid/e08-02/538-37?utm_source=share&ref=t4bal3qi
6LAzV,https://made.example.invalid/e08-02/543-42?utm_source=share&ref=k6q9uvnd
6LAzS,https://made.example.invalid/e08-02/540-39?utm_source=share&ref=ejtmibam
6LAzR,https://made.example.invalid/e08-02/539-38?utm_source=share&ref=7u5jgy3x
6LAzT,https://made.example.invalid/e08-02/541-40?utm_source=share&ref=jd7qzqdm
6LAzU,https://made.example.invalid/e08-02/542-41?utm_source=share&ref=ej491rcg
6LAzX,https://made.example.invalid/e08-02/545-44?utm_source=share&ref=9dkh3qpl
6LAzY,https://made.example.invalid/e08-02/546-45?utm_source=share&ref=o7qr2fwm
6LAA1,https://made.example.invalid/e08-02/549-48?utm_source=share&ref=2erivxdv
6LAA0,https://made.example.invalid/e08-02/548-47?utm_source=share&ref=8dh9bx2k
6LAA2,https://made.example.invalid/e08-02/550-49?utm_source=share&ref=q7qu5ei3
6LAzZ,https://made.example.invalid/e08-02/547-46?utm_source=share&ref=qhtbfbqu
6LAA3,https://made.example.invalid/e08-02/3-50?utm_source=share&ref=fq5p87cf
6LAA4,https://made.example.invalid/e08-02/5-51?utm_source=share&ref=5bhfr6w1
6LAA5,https://made.example.invalid/e08-02/10-52?utm_source=share&ref=v97ho8g5
6LAA6,https://made.example.invalid/e08-02/12-53?utm_source=share&ref=g9wsmib1
6LAA7,https://made.example.invalid/e08-02/22-54?utm_source=share&ref=nehnzsh1
6LAA8,https://made.example.invalid/e08-02/17-55?utm_source=share&ref=qn8ae3cc
6LAA9,https://made.example.invalid/e08-02/21-56?utm_source=share&ref=f11yyii1
6LAAa,https://made.example.invalid/e08-02/513-57?utm_source=share&ref=7xes9zzw
6LAAb,https://made.example.invalid/e08-02/2-58?utm_source=share&ref=cak3jiuw
6LAAc,https://made.example.invalid/e08-02/24-59?utm_source=share&ref=3dmaikty
6LAAd,https://made.example.invalid/e08-02/511-60?utm_source=share&ref=tic08gll
6LAAe,https://made.example.invalid/e08-02/13-61?utm_source=share&ref=wy6eerz7
6LAAf,https://made.example.invalid/e08-02/512-62?utm_source=share&ref=9sdc9hse
6LAAg,https://made.example.invalid/e08-02/514-63?utm_source=share&ref=qx4or3yu
6LAAh,https://made.example.invalid/e08-02/517-64?utm_source=share&ref=qrr1fzau
6LAAi,https://made.example.invalid/e08-02/523-65?utm_source=share&ref=7gstduuz
6LAAj,https://made.example.invalid/e08-02/515-66?utm_source=share&ref=7t7ce761
6LAAk,https://made.example.invalid/e08-02/521-67?utm_source=share&ref=cwtsrbag
6LAAl,https://made.example.invalid/e08-02/528-68?utm_source=share&ref=tdddvzaf
6LAAm,https://made.example.invalid/e08-02/518-69?utm_source=share&ref=rjuvsmz2
6LAAn,https://made.example.invalid/e08-02/516-70?utm_source=share&ref=23pcu44g
6LAAo,https://made.example.invalid/e08-02/525-71?utm_source=share&ref=nctaifnf
6LAAp,https://made.example.invalid/e08-02/520-72?utm_source=share&ref=p94fxjde
6LAAq,https://made.example.invalid/e08-02/527-73?utm_source=share&ref=2bgttnz4
6LAAr,https://made.example.invalid/e08-02/519-74?utm_source=share&ref=dkczoikv
6LAAs,https://made.example.invalid/e08-02/526-75?utm_source=share&ref=mas3q42r
6LAAt,https://made.example.invalid/e08-02/524-76?utm_source=share&ref=yebgps95
6LAAu,https://made.example.invalid/e08-02/522-77?utm_source=share&ref=e5msq93x
6LAAv,https://made.example.invalid/e08-02/532-78?utm_source=share&ref=yame8f45
6LAAw,https://made.example.invalid/e08-02/529-79?utm_source=share&ref=lmhjvvkd
6LAAx,https://made.example.invalid/e08-02/530-80?utm_source=share&ref=083i07jn
6LAAy,https://made.example.invalid/e08-02/531-81?utm_source=share&ref=k1mq9ju6
6LAAz,https://made.example.invalid/e08-02/534-82?utm_source=share&ref=aryp6sfs
6LAAA,https://made.example.invalid/e08-02/536-83?utm_source=share&ref=oill1wjk
6LAAB,https://made.example.invalid/e08-02/537-84?utm_source=share&ref=s6es12sw
6LAAC,https://made.example.invalid/e08-02/533-85?utm_source=share&ref=lf21muky
6LAAD,https://made.example.invalid/e08-02/544-86?utm_source=share&ref=20zk6nrs
6LAAE,https://made.example.invalid/e08-02/535-87?utm_source=share&ref=m9jbg2co
6LAAF,https://made.example.invalid/e08-02/538-88?utm_source=share&ref=ja1x891i
6LAAG,https://made.example.invalid/e08-02/543-89?utm_source=share&ref=rdiy4xgh
6LAAH,https://made.example.invalid/e08-02/540-90?utm_source=share&ref=zro63rj2
6LAAI,https://made.example.invalid/e08-02/541-91?utm_source=share&ref=677itqxk
6LAAJ,https://made.example.invalid/e08-02/542-92?utm_source=share&ref=9evermnj
6LAAK,https://made.example.invalid/e08-02/539-93?utm_source=share&ref=q21b85f5
6LAAL,https://made.example.invalid/e08-02/545-94?utm_source=share&ref=vvijxatn
6LAAM,https://made.example.invalid/e08-02/546-95?utm_source=share&ref=bb8d877n
6LAAN,https://made.example.invalid/e08-02/549-96?utm_source=share&ref=2o5efrdn
6LAAO,https://made.example.invalid/e08-02/548-97?utm_source=share&ref=3sxmbmkd
6LAAP,https://made.example.invalid/e08-02/550-98?utm_source=share&ref=opykez52
6LAAQ,https://made.example.invalid/e08-02/547-99?utm_source=share&ref=me0cxxqh
6LAAR,https://made.example.invalid/e08-02/3-100?utm_source=share&ref=zrci1vuk
6LAAS,https://made.example.invalid/e08-02/5-101?utm_source=share&ref=z8c54lcl
6LAAT,https://made.example.invalid/e08-02/10-102?utm_source=share&ref=c9ik5crz
6LAAU,https://made.example.invalid/e08-02/12-103?utm_source=share&ref=w09031p1
6LAAV,https://made.example.invalid/e08-02/22-104?utm_source=share&ref=wx7i9ang
6LAAW,https://made.example.invalid/e08-02/17-105?utm_source=share&ref=mvzcppqn
6LAAX,https://made.example.invalid/e08-02/21-106?utm_source=share&ref=zgzzuxqc
6LAAY,https://made.example.invalid/e08-02/513-107?utm_source=share&ref=qrqauqh8
6LAAZ,https://made.example.invalid/e08-02/2-108?utm_source=share&ref=c5kessd5
6LAB0,https://made.example.invalid/e08-02/24-109?utm_source=share&ref=3vif036w
6LAB1,https://made.example.invalid/e08-02/511-110?utm_source=share&ref=u738twzp
6LAB2,https://made.example.invalid/e08-02/13-111?utm_source=share&ref=w6g48cm7
6LAB3,https://made.example.invalid/e08-02/512-112?utm_source=share&ref=ausohhj0
6LAB4,https://made.example.invalid/e08-02/514-113?utm_source=share&ref=yn15hx54
6LAB5,https://made.example.invalid/e08-02/517-114?utm_source=share&ref=uv01rnkb
6LAB6,https://made.example.invalid/e08-02/523-115?utm_source=share&ref=kwh9dc9g
6LAB7,https://made.example.invalid/e08-02/515-116?utm_source=share&ref=mdvsafcv
6LAB8,https://made.example.invalid/e08-02/521-117?utm_source=share&ref=jqgxps8f
6LAB9,https://made.example.invalid/e08-02/528-118?utm_source=share&ref=m79om8nj
6LABa,https://made.example.invalid/e08-02/518-119?utm_source=share&ref=aou6b8sq
6LABb,https://made.example.invalid/e08-02/516-120?utm_source=share&ref=3m6ul3eu
6LABc,https://made.example.invalid/e08-02/525-121?utm_source=share&ref=i1t5ppmp
6LABd,https://made.example.invalid/e08-02/520-122?utm_source=share&ref=ktwybu9i
6LABe,https://made.example.invalid/e08-02/527-123?utm_source=share&ref=prq2ctxp
6LABf,https://made.example.invalid/e08-02/519-124?utm_source=share&ref=8hfzb26g
6LABg,https://made.example.invalid/e08-02/526-125?utm_source=share&ref=vcpjw615
6LABh,https://made.example.invalid/e08-02/524-126?utm_source=share&ref=52nrsf4q
6LABi,https://made.example.invalid/e08-02/522-127?utm_source=share&ref=djjnqb6f
6LABj,https://made.example.invalid/e08-02/532-128?utm_source=share&ref=t2trq810
6LABk,https://made.example.invalid/e08-02/529-129?utm_source=share&ref=6law5xta
6LABl,https://made.example.invalid/e08-02/530-130?utm_source=share&ref=uhoase70
6LABm,https://made.example.invalid/e08-02/531-131?utm_source=share&ref=tddasm7c
6LABn,https://made.example.invalid/e08-02/534-132?utm_source=share&ref=e648q4ja
6LABo,https://made.example.invalid/e08-02/536-133?utm_source=share&ref=qrsey9an
6LABp,https://made.example.invalid/e08-02/537-134?utm_source=share&ref=aqebr380
6LABq,https://made.example.invalid/e08-02/533-135?utm_source=share&ref=agmzukro
6LABr,https://made.example.invalid/e08-02/544-136?utm_source=share&ref=gyy8xi1b
6LABs,https://made.example.invalid/e08-02/535-137?utm_source=share&ref=xoc3js8n
6LABt,https://made.example.invalid/e08-02/538-138?utm_source=share&ref=756tr0j5
6LABu,https://made.example.invalid/e08-02/543-139?utm_source=share&ref=j1phy18w
6LABv,https://made.example.invalid/e08-02/540-140?utm_source=share&ref=ay1tfoqr
6LABw,https://made.example.invalid/e08-02/541-141?utm_source=share&ref=fvzalmgd
6LABx,https://made.example.invalid/e08-02/542-142?utm_source=share&ref=s8ze8ick
6LABy,https://made.example.invalid/e08-02/539-143?utm_source=share&ref=nttpzy6f
6LABz,https://made.example.invalid/e08-02/545-144?utm_source=share&ref=c6t0gwzn
6LABA,https://made.example.invalid/e08-02/546-145?utm_source=share&ref=2a7w1ks3
6LABB,https://made.example.invalid/e08-02/549-146?utm_source=share&ref=8coq0u8k
6LABC,https://made.example.invalid/e08-02/548-147?utm_source=share&ref=ojcium72
6LABD,https://made.example.invalid/e08-02/550-148?utm_source=share&ref=0jyq4xsc
6LABE,https://made.example.invalid/e08-02/547-149?utm_source=share&ref=95e2enai
6LABF,https://made.example.invalid/e08-02/3-150?utm_source=share&ref=e2pcow9d
6LABG,https://made.example.invalid/e08-02/5-151?utm_source=share&ref=gx1hr62v
6LABH,https://made.example.invalid/e08-02/10-152?utm_source=share&ref=ggzl5u2x
6LABI,https://made.example.invalid/e08-02/12-153?utm_source=share&ref=9xwoe0s2
6LABJ,https://made.example.invalid/e08-02/22-154?utm_source=share&ref=cox7rlwy
6LABK,https://made.example.invalid/e08-02/17-155?utm_source=share&ref=y713l2q3
6LABL,https://made.example.invalid/e08-02/21-156?utm_source=share&ref=c0yxxk3o
6LABM,https://made.example.invalid/e08-02/513-157?utm_source=share&ref=7p9ha021
6LABN,https://made.example.invalid/e08-02/2-158?utm_source=share&ref=i1dgnggw
6LABO,https://made.example.invalid/e08-02/24-159?utm_source=share&ref=tupjzm4y
6LABP,https://made.example.invalid/e08-02/511-160?utm_source=share&ref=utud494u
6LABQ,https://made.example.invalid/e08-02/13-161?utm_source=share&ref=zqvs5uwm
6LABR,https://made.example.invalid/e08-02/512-162?utm_source=share&ref=8da95jtc
6LABS,https://made.example.invalid/e08-02/514-163?utm_source=share&ref=q49f9lik
6LABT,https://made.example.invalid/e08-02/517-164?utm_source=share&ref=18fx1nq7
6LABU,https://made.example.invalid/e08-02/523-165?utm_source=share&ref=xubyw558
6LABV,https://made.example.invalid/e08-02/515-166?utm_source=share&ref=5775bkah
6LABW,https://made.example.invalid/e08-02/521-167?utm_source=share&ref=ddyfsx6f
6LABX,https://made.example.invalid/e08-02/528-168?utm_source=share&ref=idxw63y4
6LABY,https://made.example.invalid/e08-02/518-169?utm_source=share&ref=vhgfb6k3
6LABZ,https://made.example.invalid/e08-02/516-170?utm_source=share&ref=8ggfrzr6
6LAC0,https://made.example.invalid/e08-02/525-171?utm_source=share&ref=2z5ivclm
6LAC1,https://made.example.invalid/e08-02/520-172?utm_source=share&ref=7q4t60wr
6LAC2,https://made.example.invalid/e08-02/527-173?utm_source=share&ref=rimg07d5
6LAC3,https://made.example.invalid/e08-02/519-174?utm_source=share&ref=hl639m1c
6LAC4,https://made.example.invalid/e08-02/526-175?utm_source=share&ref=vbcbm08l
6LAC5,https://made.example.invalid/e08-02/524-176?utm_source=share&ref=9m98zf4w
6LAC6,https://made.example.invalid/e08-02/522-177?utm_source=share&ref=mekxccvd
6LAC7,https://made.example.invalid/e08-02/532-178?utm_source=share&ref=0z1m90xj
6LAC8,https://made.example.invalid/e08-02/529-179?utm_source=share&ref=i7o7uhap
6LAC9,https://made.example.invalid/e08-02/530-180?utm_source=share&ref=w1jbwqku
6LACa,https://made.example.invalid/e08-02/531-181?utm_source=share&ref=qahasdd3
6LACb,https://made.example.invalid/e08-02/534-182?utm_source=share&ref=4w66mbu5
6LACc,https://made.example.invalid/e08-02/536-183?utm_source=share&ref=wse5jbno
6LACd,https://made.example.invalid/e08-02/537-184?utm_source=share&ref=ebc1tsr4
6LACe,https://made.example.invalid/e08-02/533-185?utm_source=share&ref=pfw7ygtn
6LACf,https://made.example.invalid/e08-02/544-186?utm_source=share&ref=2badaj11
6LACg,https://made.example.invalid/e08-02/535-187?utm_source=share&ref=nbxx08cp
6LACh,https://made.example.invalid/e08-02/538-188?utm_source=share&ref=ofxh7nix
6LACi,https://made.example.invalid/e08-02/543-189?utm_source=share&ref=c25orxa9
6LACj,https://made.example.invalid/e08-02/540-190?utm_source=share&ref=tuhv59rq
6LACk,https://made.example.invalid/e08-02/541-191?utm_source=share&ref=ceg1h8zx
6LACl,https://made.example.invalid/e08-02/542-192?utm_source=share&ref=g2dxtmti
6LACm,https://made.example.invalid/e08-02/539-193?utm_source=share&ref=983ndd7k
6LACn,https://made.example.invalid/e08-02/545-194?utm_source=share&ref=ivqjo4ib
6LACo,https://made.example.invalid/e08-02/546-195?utm_source=share&ref=ars0flwg
6LACq,https://made.example.invalid/e08-02/548-197?utm_source=share&ref=5ajyb211
6LACr,https://made.example.invalid/e08-02/550-198?utm_source=share&ref=as73tqnf
6LACp,https://made.example.invalid/e08-02/549-196?utm_source=share&ref=eif4lzjv
6LACs,https://made.example.invalid/e08-02/547-199?utm_source=share&ref=simubq3h
6LACt,https://made.example.invalid/e08-02/3-200?utm_source=share&ref=9haspau5
6LACu,https://made.example.invalid/e08-02/5-201?utm_source=share&ref=si2n1ygx
6LACv,https://made.example.invalid/e08-02/10-202?utm_source=share&ref=5tjqleva
6LACw,https://made.example.invalid/e08-02/12-203?utm_source=share&ref=ou5l1zqv
6LACx,https://made.example.invalid/e08-02/22-204?utm_source=share&ref=cfkn6tao
6LACy,https://made.example.invalid/e08-02/17-205?utm_source=share&ref=rfu22odf
6LACz,https://made.example.invalid/e08-02/21-206?utm_source=share&ref=b1jer1oi
6LACA,https://made.example.invalid/e08-02/513-207?utm_source=share&ref=pcgp2dc2
6LACB,https://made.example.invalid/e08-02/2-208?utm_source=share&ref=26m63o4a
6LACC,https://made.example.invalid/e08-02/24-209?utm_source=share&ref=8bfcl27m
6LACD,https://made.example.invalid/e08-02/511-210?utm_source=share&ref=kzuo8u1y
6LACE,https://made.example.invalid/e08-02/13-211?utm_source=share&ref=2itnjzzz
6LACF,https://made.example.invalid/e08-02/512-212?utm_source=share&ref=jv8mp0qu
6LACG,https://made.example.invalid/e08-02/514-213?utm_source=share&ref=4yo2h8at
6LACH,https://made.example.invalid/e08-02/517-214?utm_source=share&ref=tz3cpkj1
6LACI,https://made.example.invalid/e08-02/523-215?utm_source=share&ref=geff5rpc
6LACJ,https://made.example.invalid/e08-02/515-216?utm_source=share&ref=bnwpm914
6LACK,https://made.example.invalid/e08-02/521-217?utm_source=share&ref=ieliskkc
6LACL,https://made.example.invalid/e08-02/528-218?utm_source=share&ref=jmplpx4j
6LACM,https://made.example.invalid/e08-02/518-219?utm_source=share&ref=82hbtkag
6LACN,https://made.example.invalid/e08-02/516-220?utm_source=share&ref=g6kl2kpy
6LACO,https://made.example.invalid/e08-02/525-221?utm_source=share&ref=p38rwmwa
6LACP,https://made.example.invalid/e08-02/520-222?utm_source=share&ref=dq11ljp9
6LACQ,https://made.example.invalid/e08-02/527-223?utm_source=share&ref=rwdxptym
6LACR,https://made.example.invalid/e08-02/519-224?utm_source=share&ref=zxgrom56
6LACS,https://made.example.invalid/e08-02/526-225?utm_source=share&ref=n5p3e1fm
6LACT,https://made.example.invalid/e08-02/524-226?utm_source=share&ref=5a7jc3w0
6LACU,https://made.example.invalid/e08-02/522-227?utm_source=share&ref=munpge0m
6LACV,https://made.example.invalid/e08-02/532-228?utm_source=share&ref=8f1ir020
6LACW,https://made.example.invalid/e08-02/529-229?utm_source=share&ref=7s1msjao
6LACX,https://made.example.invalid/e08-02/530-230?utm_source=share&ref=51bpn18v
6LACY,https://made.example.invalid/e08-02/531-231?utm_source=share&ref=ycdu36d9
6LACZ,https://made.example.invalid/e08-02/534-232?utm_source=share&ref=2ywd1yqt
6LAD0,https://made.example.invalid/e08-02/536-233?utm_source=share&ref=xpc0uqb8
6LAD1,https://made.example.invalid/e08-02/537-234?utm_source=share&ref=b703gtqb
6LAD2,https://made.example.invalid/e08-02/533-235?utm_source=share&ref=8ry6q6jb
6LAD3,https://made.example.invalid/e08-02/544-236?utm_source=share&ref=yudh2bue
6LAD4,https://made.example.invalid/e08-02/535-237?utm_source=share&ref=9ck60xkq
6LAD5,https://made.example.invalid/e08-02/538-238?utm_source=share&ref=79vz4ndv
6LAD6,https://made.example.invalid/e08-02/543-239?utm_source=share&ref=h9ikx6ef
6LAD7,https://made.example.invalid/e08-02/540-240?utm_source=share&ref=y10chbxj
6LAD8,https://made.example.invalid/e08-02/541-241?utm_source=share&ref=e9xv6yqp
6LAD9,https://made.example.invalid/e08-02/542-242?utm_source=share&ref=xptqu6xl
6LADa,https://made.example.invalid/e08-02/539-243?utm_source=share&ref=hlcu35me
6LADb,https://made.example.invalid/e08-02/545-244?utm_source=share&ref=7g09fzkf
6LADc,https://made.example.invalid/e08-02/546-245?utm_source=share&ref=z5thmybj
6LADd,https://made.example.invalid/e08-02/548-246?utm_source=share&ref=bxncca8y
6LADe,https://made.example.invalid/e08-02/550-247?utm_source=share&ref=uel7y337
6LADf,https://made.example.invalid/e08-02/549-248?utm_source=share&ref=qn3yt81x
6LADg,https://made.example.invalid/e08-02/547-249?utm_source=share&ref=2x2nfcj7
6LADh,https://made.example.invalid/e08-02/3-250?utm_source=share&ref=crkhv896
6LADi,https://made.example.invalid/e08-02/5-251?utm_source=share&ref=e1hurbo4
6LADj,https://made.example.invalid/e08-02/10-252?utm_source=share&ref=i77qb5i4
6LADk,https://made.example.invalid/e08-02/12-253?utm_source=share&ref=83saa1xn
6LADl,https://made.example.invalid/e08-02/22-254?utm_source=share&ref=mzi8tgir
6LADm,https://made.example.invalid/e08-02/17-255?utm_source=share&ref=6qn7jf62
6LADn,https://made.example.invalid/e08-02/21-256?utm_source=share&ref=f7ux3wrn
6LADo,https://made.example.invalid/e08-02/513-257?utm_source=share&ref=2sn0c1ot
6LADp,https://made.example.invalid/e08-02/2-258?utm_source=share&ref=mwxz7k13
6LADq,https://made.example.invalid/e08-02/24-259?utm_source=share&ref=iwyjn220
6LADr,https://made.example.invalid/e08-02/511-260?utm_source=share&ref=24g4s3ex
6LADs,https://made.example.invalid/e08-02/13-261?utm_source=share&ref=cyhh300g
6LADt,https://made.example.invalid/e08-02/512-262?utm_source=share&ref=he3szlmc
6LADu,https://made.example.invalid/e08-02/514-263?utm_source=share&ref=xnh8f8ab
6LADv,https://made.example.invalid/e08-02/517-264?utm_source=share&ref=108yia39
6LADw,https://made.example.invalid/e08-02/523-265?utm_source=share&ref=c06svwlj
6LADx,https://made.example.invalid/e08-02/515-266?utm_source=share&ref=rxtl4uh4
6LADy,https://made.example.invalid/e08-02/521-267?utm_source=share&ref=e1y5piqo
6LADz,https://made.example.invalid/e08-02/528-268?utm_source=share&ref=pckxf58f
6LADA,https://made.example.invalid/e08-02/518-269?utm_source=share&ref=5h8moeix
6LADB,https://made.example.invalid/e08-02/516-270?utm_source=share&ref=qkgcf9y5
6LADC,https://made.example.invalid/e08-02/525-271?utm_source=share&ref=gm5yprkt
6LADD,https://made.example.invalid/e08-02/520-272?utm_source=share&ref=u7lno281
6LADE,https://made.example.invalid/e08-02/527-273?utm_source=share&ref=33vxlcn6
6LADF,https://made.example.invalid/e08-02/519-274?utm_source=share&ref=pmptjmtl
6LADG,https://made.example.invalid/e08-02/526-275?utm_source=share&ref=8dtb6tad
6LADH,https://made.example.invalid/e08-02/524-276?utm_source=share&ref=tyb732p3
6LADI,https://made.example.invalid/e08-02/522-277?utm_source=share&ref=anjhf1y0
6LADJ,https://made.example.invalid/e08-02/532-278?utm_source=share&ref=xksu0a0w
6LADK,https://made.example.invalid/e08-02/529-279?utm_source=share&ref=hbka8126
6LADL,https://made.example.invalid/e08-02/530-280?utm_source=share&ref=h21tixxo
6LADM,https://made.example.invalid/e08-02/531-281?utm_source=share&ref=vhnf85uz
6LADN,https://made.example.invalid/e08-02/534-282?utm_source=share&ref=3l5h2t1d
6LADO,https://made.example.invalid/e08-02/536-283?utm_source=share&ref=pbti1egx
6LADP,https://made.example.invalid/e08-02/537-284?utm_source=share&ref=0275zi9h
6LADQ,https://made.example.invalid/e08-02/533-285?utm_source=share&ref=wanrijfo
6LADR,https://made.example.invalid/e08-02/544-286?utm_source=share&ref=6vjh5w2i
6LADS,https://made.example.invalid/e08-02/535-287?utm_source=share&ref=pl4ii04e
6LADT,https://made.example.invalid/e08-02/538-288?utm_source=share&ref=w76ffmit
6LADU,https://made.example.invalid/e08-02/543-289?utm_source=share&ref=7er4vz6a
6LADV,https://made.example.invalid/e08-02/540-290?utm_source=share&ref=ecvh4xji
6LADW,https://made.example.invalid/e08-02/541-291?utm_source=share&ref=b216ipw5
6LADX,https://made.example.invalid/e08-02/542-292?utm_source=share&ref=qr7fqkhj
6LADY,https://made.example.invalid/e08-02/539-293?utm_source=share&ref=wxd2k9o1
6LADZ,https://made.example.invalid/e08-02/545-294?utm_source=share&ref=vem9x1wy
6LAE0,https://made.example.invalid/e08-02/546-295?utm_source=share&ref=8rk2x0xe
6LAE1,https://made.example.invalid/e08-02/548-296?utm_source=share&ref=drozg1kl
6LAE2,https://made.example.invalid/e08-02/550-297?utm_source=share&ref=hi9h183p
6LAE3,https://made.example.invalid/e08-02/549-298?utm_source=share&ref=w2k6l7a9
6LAE4,https://made.example.invalid/e08-02/547-299?utm_source=share&ref=ye3vv2bw
6LAE5,https://made.example.invalid/e08-02/3-300?utm_source=share&ref=6wqlqaat
6LAE6,https://made.example.invalid/e08-02/5-301?utm_source=share&ref=1cdoce6r
6LAE7,https://made.example.invalid/e08-02/10-302?utm_source=share&ref=5dk48tkk
6LAE8,https://made.example.invalid/e08-02/12-303?utm_source=share&ref=mpsbbw59
6LAE9,https://made.example.invalid/e08-02/22-304?utm_source=share&ref=ft4faut8
6LAEa,https://made.example.invalid/e08-02/17-305?utm_source=share&ref=3qsvsjtc
6LAEb,https://made.example.invalid/e08-02/21-306?utm_source=share&ref=9l29xca6
6LAEc,https://made.example.invalid/e08-02/513-307?utm_source=share&ref=9m83va9t
6LAEd,https://made.example.invalid/e08-02/2-308?utm_source=share&ref=ofutxygu
6LAEe,https://made.example.invalid/e08-02/24-309?utm_source=share&ref=l0wbtjfj
6LAEf,https://made.example.invalid/e08-02/511-310?utm_source=share&ref=t8iu9pht
6LAEg,https://made.example.invalid/e08-02/13-311?utm_source=share&ref=0bpj4hzz
6LAEh,https://made.example.invalid/e08-02/512-312?utm_source=share&ref=993xjur8
6LAEi,https://made.example.invalid/e08-02/514-313?utm_source=share&ref=48s7rbj5
6LAEj,https://made.example.invalid/e08-02/517-314?utm_source=share&ref=xgx9dlao
6LAEk,https://made.example.invalid/e08-02/523-315?utm_source=share&ref=92lsys0d
6LAEl,https://made.example.invalid/e08-02/515-316?utm_source=share&ref=sb81pzbx
6LAEm,https://made.example.invalid/e08-02/521-317?utm_source=share&ref=8ls3jdin
6LAEn,https://made.example.invalid/e08-02/528-318?utm_source=share&ref=ezrjj3my
6LAEo,https://made.example.invalid/e08-02/518-319?utm_source=share&ref=so1r0o1j
6LAEp,https://made.example.invalid/e08-02/516-320?utm_source=share&ref=xovh4bal
6LAEq,https://made.example.invalid/e08-02/525-321?utm_source=share&ref=tmqmf983
6LAEr,https://made.example.invalid/e08-02/520-322?utm_source=share&ref=ryjg2fm3
6LAEs,https://made.example.invalid/e08-02/527-323?utm_source=share&ref=yq76rd14
6LAEt,https://made.example.invalid/e08-02/519-324?utm_source=share&ref=2wtowp7e
6LAEu,https://made.example.invalid/e08-02/526-325?utm_source=share&ref=wl3149lp
6LAEv,https://made.example.invalid/e08-02/524-326?utm_source=share&ref=5j7t0aqb
6LAEw,https://made.example.invalid/e08-02/522-327?utm_source=share&ref=05ubfkxw
6LAEx,https://made.example.invalid/e08-02/532-328?utm_source=share&ref=03whqob2
6LAEy,https://made.example.invalid/e08-02/529-329?utm_source=share&ref=dvoaj338
6LAEz,https://made.example.invalid/e08-02/530-330?utm_source=share&ref=zajkkzrl
6LAEA,https://made.example.invalid/e08-02/531-331?utm_source=share&ref=nqbcavpk
6LAEB,https://made.example.invalid/e08-02/534-332?utm_source=share&ref=pmnus2zy
6LAEC,https://made.example.invalid/e08-02/536-333?utm_source=share&ref=oss27o78
6LAED,https://made.example.invalid/e08-02/537-334?utm_source=share&ref=feraa8gg
6LAEE,https://made.example.invalid/e08-02/533-335?utm_source=share&ref=yx5j7i6x
6LAEF,https://made.example.invalid/e08-02/544-336?utm_source=share&ref=pmkmgwk1
6LAEG,https://made.example.invalid/e08-02/535-337?utm_source=share&ref=gopws2kx
6LAEH,https://made.example.invalid/e08-02/538-338?utm_source=share&ref=esuk0s0q
6LAEI,https://made.example.invalid/e08-02/543-339?utm_source=share&ref=pr7284wa
6LAEJ,https://made.example.invalid/e08-02/540-340?utm_source=share&ref=4u48cxl2
6LAEK,https://made.example.invalid/e08-02/541-341?utm_source=share&ref=28379ged
6LAEL,https://made.example.invalid/e08-02/542-342?utm_source=share&ref=iause58n
6LAEM,https://made.example.invalid/e08-02/539-343?utm_source=share&ref=da9w9fxs
6LAEN,https://made.example.invalid/e08-02/545-344?utm_source=share&ref=ijv5yuq8
6LAEO,https://made.example.invalid/e08-02/546-345?utm_source=share&ref=ogium3m8
6LAEP,https://made.example.invalid/e08-02/548-346?utm_source=share&ref=xdrn7i4d
6LAEQ,https://made.example.invalid/e08-02/550-347?utm_source=share&ref=ipm6oker
6LAER,https://made.example.invalid/e08-02/549-348?utm_source=share&ref=wnqel5zb
6LAES,https://made.example.invalid/e08-02/547-349?utm_source=share&ref=c777cdyk
6LAET,https://made.example.invalid/e08-02/3-350?utm_source=share&ref=l58v2pz0
6LAEU,https://made.example.invalid/e08-02/5-351?utm_source=share&ref=9jpkvb57
6LAEV,https://made.example.invalid/e08-02/10-352?utm_source=share&ref=vurco3wu
6LAEW,https://made.example.invalid/e08-02/12-353?utm_source=share&ref=imzj8c4f
6LAEX,https://made.example.invalid/e08-02/22-354?utm_source=share&ref=lxyzh46v
6LAEY,https://made.example.invalid/e08-02/17-355?utm_source=share&ref=0hoxyglz
6LAEZ,https://made.example.invalid/e08-02/21-356?utm_source=share&ref=aod2qoqo
6LAF0,https://made.example.invalid/e08-02/513-357?utm_source=share&ref=m4lltmvs
6LAF1,https://made.example.invalid/e08-02/2-358?utm_source=share&ref=vtth7qcz
6LAF2,https://made.example.invalid/e08-02/24-359?utm_source=share&ref=3hjj6hvb
6LAF3,https://made.example.invalid/e08-02/511-360?utm_source=share&ref=d4tjtiui
6LAF4,https://made.example.invalid/e08-02/13-361?utm_source=share&ref=ajdudoj6
6LAF5,https://made.example.invalid/e08-02/512-362?utm_source=share&ref=ylyfuzai
6LAF6,https://made.example.invalid/e08-02/514-363?utm_source=share&ref=cv9vdmao
6LAF7,https://made.example.invalid/e08-02/517-364?utm_source=share&ref=1l94itbv
6LAF8,https://made.example.invalid/e08-02/523-365?utm_source=share&ref=i6hmflno
6LAF9,https://made.example.invalid/e08-02/515-366?utm_source=share&ref=t4gvb0w6
6LAFa,https://made.example.invalid/e08-02/521-367?utm_source=share&ref=amdighsb
6LAFb,https://made.example.invalid/e08-02/528-368?utm_source=share&ref=hpyanlsa
6LAFc,https://made.example.invalid/e08-02/518-369?utm_source=share&ref=ngytdd4l
6LAFd,https://made.example.invalid/e08-02/516-370?utm_source=share&ref=c285cxah
6LAFe,https://made.example.invalid/e08-02/525-371?utm_source=share&ref=me8auzsy
6LAFf,https://made.example.invalid/e08-02/520-372?utm_source=share&ref=l7un3yzo
6LAFg,https://made.example.invalid/e08-02/527-373?utm_source=share&ref=jec30g35
6LAFh,https://made.example.invalid/e08-02/519-374?utm_source=share&ref=kdw7pryt
6LAFi,https://made.example.invalid/e08-02/526-375?utm_source=share&ref=4zk68bi9
6LAFj,https://made.example.invalid/e08-02/524-376?utm_source=share&ref=i76tkm9c
6LAFk,https://made.example.invalid/e08-02/522-377?utm_source=share&ref=k86lus2h
6LAFl,https://made.example.invalid/e08-02/532-378?utm_source=share&ref=tlj47oc5
6LAFm,https://made.example.invalid/e08-02/529-379?utm_source=share&ref=vppaemww
6LAFn,https://made.example.invalid/e08-02/530-380?utm_source=share&ref=jqy4n0fg
6LAFo,https://made.example.invalid/e08-02/531-381?utm_source=share&ref=n83cbj9m
6LAFp,https://made.example.invalid/e08-02/534-382?utm_source=share&ref=ovuatdau
6LAFq,https://made.example.invalid/e08-02/536-383?utm_source=share&ref=g6kqz0tk
6LAFr,https://made.example.invalid/e08-02/537-384?utm_source=share&ref=9dav4gs0
6LAFs,https://made.example.invalid/e08-02/533-385?utm_source=share&ref=o3tpi1zl
6LAFt,https://made.example.invalid/e08-02/544-386?utm_source=share&ref=9jfsed3t
6LAFu,https://made.example.invalid/e08-02/535-387?utm_source=share&ref=rmodb1lz
6LAFv,https://made.example.invalid/e08-02/538-388?utm_source=share&ref=53nlxccx
6LAFw,https://made.example.invalid/e08-02/543-389?utm_source=share&ref=coygxhuf
6LAFx,https://made.example.invalid/e08-02/540-390?utm_source=share&ref=ff80hoty
6LAFy,https://made.example.invalid/e08-02/541-391?utm_source=share&ref=71utup0w
6LAFz,https://made.example.invalid/e08-02/542-392?utm_source=share&ref=ku82s6ae
6LAFA,https://made.example.invalid/e08-02/539-393?utm_source=share&ref=vnlkha4s
6LAFB,https://made.example.invalid/e08-02/545-394?utm_source=share&ref=ehiq54i0
6LAFC,https://made.example.invalid/e08-02/546-395?utm_source=share&ref=cywztv1u
6LAFD,https://made.example.invalid/e08-02/548-396?utm_source=share&ref=whfr07cs
6LAFE,https://made.example.invalid/e08-02/550-397?utm_source=share&ref=5l0rkvqe
6LAFF,https://made.example.invalid/e08-02/549-398?utm_source=share&ref=u6tclb2p
6LAFG,https://made.example.invalid/e08-02/547-399?utm_source=share&ref=jxqzqvlo
6LAFH,https://made.example.invalid/e08-02/3-400?utm_source=share&ref=iqxfp6q7
6LAFI,https://made.example.invalid/e08-02/5-401?utm_source=share&ref=350inrph
6LAFJ,https://made.example.invalid/e08-02/10-402?utm_source=share&ref=yzvuijh6
6LAFK,https://made.example.invalid/e08-02/12-403?utm_source=share&ref=knm278jw
6LAFL,https://made.example.invalid/e08-02/22-404?utm_source=share&ref=xybpuvpq
6LAFM,https://made.example.invalid/e08-02/17-405?utm_source=share&ref=50vmcls6
6LAFN,https://made.example.invalid/e08-02/21-406?utm_source=share&ref=xy5gpc5y
6LAFO,https://made.example.invalid/e08-02/513-407?utm_source=share&ref=n73khm6h
6LAFP,https://made.example.invalid/e08-02/2-408?utm_source=share&ref=4xwcpb2c
6LAFQ,https://made.example.invalid/e08-02/24-409?utm_source=share&ref=klren70x
6LAFR,https://made.example.invalid/e08-02/511-410?utm_source=share&ref=djydf1rt
6LAFS,https://made.example.invalid/e08-02/13-411?utm_source=share&ref=n262rf8p
6LAFT,https://made.example.invalid/e08-02/512-412?utm_source=share&ref=xs2rlbz7
6LAFU,https://made.example.invalid/e08-02/514-413?utm_source=share&ref=jvsgzvwj
6LAFV,https://made.example.invalid/e08-02/517-414?utm_source=share&ref=zvtk9za9
6LAFW,https://made.example.invalid/e08-02/523-415?utm_source=share&ref=g6fwr54x
6LAFX,https://made.example.invalid/e08-02/515-416?utm_source=share&ref=w1yihznu
6LAFY,https://made.example.invalid/e08-02/521-417?utm_source=share&ref=io2625ub
6LAFZ,https://made.example.invalid/e08-02/528-418?utm_source=share&ref=635w9j20
6LAG0,https://made.example.invalid/e08-02/518-419?utm_source=share&ref=h7svbjgm
6LAG1,https://made.example.invalid/e08-02/516-420?utm_source=share&ref=hwol8mnd
6LAG2,https://made.example.invalid/e08-02/525-421?utm_source=share&ref=88s1hl9c
6LAG3,https://made.example.invalid/e08-02/520-422?utm_source=share&ref=ds097k56
6LAG4,https://made.example.invalid/e08-02/527-423?utm_source=share&ref=3rmx6259
6LAG5,https://made.example.invalid/e08-02/519-424?utm_source=share&ref=kosxpexw
6LAG6,https://made.example.invalid/e08-02/526-425?utm_source=share&ref=maimoa0z
6LAG7,https://made.example.invalid/e08-02/524-426?utm_source=share&ref=s1itmtyd
6LAG8,https://made.example.invalid/e08-02/522-427?utm_source=share&ref=6lsx37cr
6LAG9,https://made.example.invalid/e08-02/532-428?utm_source=share&ref=2b1bpye1
6LAGa,https://made.example.invalid/e08-02/529-429?utm_source=share&ref=sv0vuyze
6LAGb,https://made.example.invalid/e08-02/530-430?utm_source=share&ref=csi8cin9
6LAGc,https://made.example.invalid/e08-02/531-431?utm_source=share&ref=jtv2yxzn
6LAGd,https://made.example.invalid/e08-02/534-432?utm_source=share&ref=iaxct6dr
6LAGe,https://made.example.invalid/e08-02/536-433?utm_source=share&ref=u3drht16
6LAGf,https://made.example.invalid/e08-02/537-434?utm_source=share&ref=3h6fuqti
6LAGg,https://made.example.invalid/e08-02/533-435?utm_source=share&ref=ohcvopsp
6LAGh,https://made.example.invalid/e08-02/544-436?utm_source=share&ref=nirp98d0
6LAGi,https://made.example.invalid/e08-02/535-437?utm_source=share&ref=oo4tteq1
6LAGj,https://made.example.invalid/e08-02/538-438?utm_source=share&ref=fva2frkd
6LAGk,https://made.example.invalid/e08-02/543-439?utm_source=share&ref=zp1ak1o1
6LAGl,https://made.example.invalid/e08-02/540-440?utm_source=share&ref=uo812274
6LAGm,https://made.example.invalid/e08-02/541-441?utm_source=share&ref=37k13a6z
6LAGn,https://made.example.invalid/e08-02/542-442?utm_source=share&ref=kwgl2b8j
6LAGo,https://made.example.invalid/e08-02/539-443?utm_source=share&ref=w9jl76xr
6LAGp,https://made.example.invalid/e08-02/545-444?utm_source=share&ref=yztj0a75
6LAGq,https://made.example.invalid/e08-02/546-445?utm_source=share&ref=i3c5ljbu
6LAGr,https://made.example.invalid/e08-02/548-446?utm_source=share&ref=6j6qey8a
6LAGs,https://made.example.invalid/e08-02/550-447?utm_source=share&ref=t3y9og8h
6LAGt,https://made.example.invalid/e08-02/549-448?utm_source=share&ref=qy8vjy11
6LAGu,https://made.example.invalid/e08-02/547-449?utm_source=share&ref=6pzpcmz3
6LAGv,https://made.example.invalid/e08-02/3-450?utm_source=share&ref=5w8e3c1r
6LAGw,https://made.example.invalid/e08-02/5-451?utm_source=share&ref=ditsly3f
6LAGx,https://made.example.invalid/e08-02/10-452?utm_source=share&ref=vrph8cvw
6LAGy,https://made.example.invalid/e08-02/12-453?utm_source=share&ref=gsg3mqhb
6LAGz,https://made.example.invalid/e08-02/22-454?utm_source=share&ref=0cq0p4j8
6LAGA,https://made.example.invalid/e08-02/17-455?utm_source=share&ref=75rcz216
6LAGB,https://made.example.invalid/e08-02/21-456?utm_source=share&ref=evwq7jpt
6LAGC,https://made.example.invalid/e08-02/513-457?utm_source=share&ref=4h68zdil
6LAGD,https://made.example.invalid/e08-02/2-458?utm_source=share&ref=nzi13jee
6LAGE,https://made.example.invalid/e08-02/24-459?utm_source=share&ref=65ekto0h
6LAGF,https://made.example.invalid/e08-02/511-460?utm_source=share&ref=dt34k6br
6LAGG,https://made.example.invalid/e08-02/13-461?utm_source=share&ref=v2nix8rs
6LAGH,https://made.example.invalid/e08-02/512-462?utm_source=share&ref=i27jfw6b
6LAGI,https://made.example.invalid/e08-02/514-463?utm_source=share&ref=77a82n51
6LAGJ,https://made.example.invalid/e08-02/517-464?utm_source=share&ref=gke8zcsw
6LAGK,https://made.example.invalid/e08-02/523-465?utm_source=share&ref=hvll5c9i
6LAGL,https://made.example.invalid/e08-02/515-466?utm_source=share&ref=2zowzqe8
6LAGM,https://made.example.invalid/e08-02/521-467?utm_source=share&ref=8wh33gdq
6LAGN,https://made.example.invalid/e08-02/528-468?utm_source=share&ref=vp89tp6l
6LAGO,https://made.example.invalid/e08-02/518-469?utm_source=share&ref=clwog0dj
6LAGP,https://made.example.invalid/e08-02/516-470?utm_source=share&ref=fnxc1dhe
6LAGQ,https://made.example.invalid/e08-02/525-471?utm_source=share&ref=3m8fcy39
6LAGR,https://made.example.invalid/e08-02/520-472?utm_source=share&ref=hnmimod0
6LAGS,https://made.example.invalid/e08-02/527-473?utm_source=share&ref=2tg0goxp
6LAGT,https://made.example.invalid/e08-02/519-474?utm_source=share&ref=ng8s7sbs
6LAGU,https://made.example.invalid/e08-02/526-475?utm_source=share&ref=wtkiowln
6LAGV,https://made.example.invalid/e08-02/524-476?utm_source=share&ref=tinzwywo
6LAGW,https://made.example.invalid/e08-02/522-477?utm_source=share&ref=yey2xghd
6LAGX,https://made.example.invalid/e08-02/532-478?utm_source=share&ref=57dd8ayz
6LAGY,https://made.example.invalid/e08-02/529-479?utm_source=share&ref=9sbq9mls
6LAGZ,https://made.example.invalid/e08-02/530-480?utm_source=share&ref=dmtwjqwm
6LAH0,https://made.example.invalid/e08-02/531-481?utm_source=share&ref=6m7ildq9
6LAH1,https://made.example.invalid/e08-02/534-482?utm_source=share&ref=pgkeizpr
6LAH2,https://made.example.invalid/e08-02/536-483?utm_source=share&ref=pngncj2f
6LAH3,https://made.example.invalid/e08-02/537-484?utm_source=share&ref=a75qtti5
6LAH4,https://made.example.invalid/e08-02/533-485?utm_source=share&ref=5m54z0ty
6LAH5,https://made.example.invalid/e08-02/544-486?utm_source=share&ref=xb1qz7ai
6LAH6,https://made.example.invalid/e08-02/535-487?utm_source=share&ref=ggl1nrj7
6LAH7,https://made.example.invalid/e08-02/538-488?utm_source=share&ref=ljrrcmm0
6LAH8,https://made.example.invalid/e08-02/543-489?utm_source=share&ref=n33tk9pf
6LAH9,https://made.example.invalid/e08-02/540-490?utm_source=share&ref=wwe2hfye
6LAHa,https://made.example.invalid/e08-02/541-491?utm_source=share&ref=u9p5jhe6
6LAHb,https://made.example.invalid/e08-02/542-492?utm_source=share&ref=fg0qie7u
6LAHc,https://made.example.invalid/e08-02/539-493?utm_source=share&ref=muybeve8
6LAHd,https://made.example.invalid/e08-02/545-494?utm_source=share&ref=wy5zhz0w
6LAHe,https://made.example.invalid/e08-02/546-495?utm_source=share&ref=bcbdqgcy
6LAHf,https://made.example.invalid/e08-02/548-496?utm_source=share&ref=8imexzgg
6LAHg,https://made.example.invalid/e08-02/550-497?utm_source=share&ref=w7mcp69n
6LAHh,https://made.example.invalid/e08-02/549-498?utm_source=share&ref=nt9g6v4f
6LAHi,https://made.example.invalid/e08-02/547-499?utm_source=share&ref=5a2pba6v
6LAHj,https://made.example.invalid/e08-02/3-500?utm_source=share&ref=dxevx823
6LAHk,https://made.example.invalid/e08-02/5-501?utm_source=share&ref=5ktpnbc7
6LAHl,https://made.example.invalid/e08-02/10-502?utm_source=share&ref=4btny3vr
6LAHm,https://made.example.invalid/e08-02/12-503?utm_source=share&ref=4x91isqv
6LAHn,https://made.example.invalid/e08-02/22-504?utm_source=share&ref=uzijfsfg
6LAHo,https://made.example.invalid/e08-02/17-505?utm_source=share&ref=f017yw9d
6LAHp,https://made.example.invalid/e08-02/21-506?utm_source=share&ref=a49u1l6y
6LAHq,https://made.example.invalid/e08-02/513-507?utm_source=share&ref=3pq6f51h
6LAHr,https://made.example.invalid/e08-02/2-508?utm_source=share&ref=rneaagek
6LAHs,https://made.example.invalid/e08-02/24-509?utm_source=share&ref=ktpmz3k7
6LAHt,https://made.example.invalid/e08-02/511-510?utm_source=share&ref=bmbplvxe
6LAHu,https://made.example.invalid/e08-02/13-511?utm_source=share&ref=0sv0h7t8
6LAHv,https://made.example.invalid/e08-02/512-512?utm_source=share&ref=unyx3r96
6LAHw,https://made.example.invalid/e08-02/514-513?utm_source=share&ref=dhvq4reg
6LAHx,https://made.example.invalid/e08-02/517-514?utm_source=share&ref=1r2x0gyh
6LAHy,https://made.example.invalid/e08-02/523-515?utm_source=share&ref=tgihv7s5
6LAHz,https://made.example.invalid/e08-02/515-516?utm_source=share&ref=2icidwmc
6LAHA,https://made.example.invalid/e08-02/521-517?utm_source=share&ref=fbq7igtv
6LAHB,https://made.example.invalid/e08-02/528-518?utm_source=share&ref=7xf3wr72
6LAHC,https://made.example.invalid/e08-02/518-519?utm_source=share&ref=ios78qrg
6LAHD,https://made.example.invalid/e08-02/516-520?utm_source=share&ref=ee6ditk7
6LAHE,https://made.example.invalid/e08-02/525-521?utm_source=share&ref=zrqiwswy
6LAHF,https://made.example.invalid/e08-02/520-522?utm_source=share&ref=n196g3xz
6LAHG,https://made.example.invalid/e08-02/527-523?utm_source=share&ref=38mdu3qg
6LAHH,https://made.example.invalid/e08-02/519-524?utm_source=share&ref=k6u6jbtd
6LAHI,https://made.example.invalid/e08-02/526-525?utm_source=share&ref=s4yyf2os
6LAHJ,https://made.example.invalid/e08-02/524-526?utm_source=share&ref=0817y0ex
6LAHK,https://made.example.invalid/e08-02/522-527?utm_source=share&ref=99nh5qhm
6LAHL,https://made.example.invalid/e08-02/532-528?utm_source=share&ref=6w9gjx27
6LAHM,https://made.example.invalid/e08-02/529-529?utm_source=share&ref=ls6bdxgj
6LAHN,https://made.example.invalid/e08-02/530-530?utm_source=share&ref=oec54ktn
6LAHO,https://made.example.invalid/e08-02/531-531?utm_source=share&ref=9szrnbj2
6LAHP,https://made.example.invalid/e08-02/534-532?utm_source=share&ref=p80f2dzr
6LAHQ,https://made.example.invalid/e08-02/536-533?utm_source=share&ref=i4lxcrhx
6LAHR,https://made.example.invalid/e08-02/537-534?utm_source=share&ref=4r59lepa
6LAHS,https://made.example.invalid/e08-02/533-535?utm_source=share&ref=h90b7g86
6LAHT,https://made.example.invalid/e08-02/544-536?utm_source=share&ref=qplxvhah
6LAHU,https://made.example.invalid/e08-02/535-537?utm_source=share&ref=e9ckxvj1
6LAHV,https://made.example.invalid/e08-02/538-538?utm_source=share&ref=jgbm7088
6LAHW,https://made.example.invalid/e08-02/543-539?utm_source=share&ref=an35rymh
6LAHX,https://made.example.invalid/e08-02/540-540?utm_source=share&ref=s9loqvpn
6LAHY,https://made.example.invalid/e08-02/541-541?utm_source=share&ref=w5lsoib8
6LAHZ,https://made.example.invalid/e08-02/542-542?utm_source=share&ref=hhu50y3e
6LAI0,https://made.example.invalid/e08-02/539-543?utm_source=share&ref=md523wti
6LAI1,https://made.example.invalid/e08-02/545-544?utm_source=share&ref=gko0so9z
6LAI2,https://made.example.invalid/e08-02/546-545?utm_source=share&ref=6cakctm4
6LAI3,https://made.example.invalid/e08-02/548-546?utm_source=share&ref=1t4rwyoz
6LAI4,https://made.example.invalid/e08-02/550-547?utm_source=share&ref=00y07yyz
6LAI5,https://made.example.invalid/e08-02/549-548?utm_source=share&ref=wuo4c3xc
6LAI6,https://made.example.invalid/e08-02/547-549?utm_source=share&ref=iumnrw9x
6LAI7,https://made.example.invalid/e08-02/3-550?utm_source=share&ref=7p3z54rz
6LAI8,https://made.example.invalid/e08-02/5-551?utm_source=share&ref=yv134da3
6LAI9,https://made.example.invalid/e08-02/10-552?utm_source=share&ref=47az4rn9
6LAIa,https://made.example.invalid/e08-02/12-553?utm_source=share&ref=0pp50vy6
6LAIb,https://made.example.invalid/e08-02/22-554?utm_source=share&ref=ouw7s3rw
6LAIc,https://made.example.invalid/e08-02/17-555?utm_source=share&ref=0o9ex9vu
6LAId,https://made.example.invalid/e08-02/21-556?utm_source=share&ref=9v0ms2ph
6LAIe,https://made.example.invalid/e08-02/513-557?utm_source=share&ref=9g16oej3
6LAIf,https://made.example.invalid/e08-02/2-558?utm_source=share&ref=8r9m2xee
6LAIg,https://made.example.invalid/e08-02/24-559?utm_source=share&ref=enxikzl1
6LAIh,https://made.example.invalid/e08-02/511-560?utm_source=share&ref=jmgqia5i
6LAIi,https://made.example.invalid/e08-02/13-561?utm_source=share&ref=agplkqbg
6LAIj,https://made.example.invalid/e08-02/512-562?utm_source=share&ref=5qknolif
6LAIk,https://made.example.invalid/e08-02/514-563?utm_source=share&ref=ixeo34i7
6LAIl,https://made.example.invalid/e08-02/517-564?utm_source=share&ref=8xbpj949
6LAIm,https://made.example.invalid/e08-02/523-565?utm_source=share&ref=vn8t6vlq
6LAIn,https://made.example.invalid/e08-02/515-566?utm_source=share&ref=q52hcvb9
6LAIo,https://made.example.invalid/e08-02/521-567?utm_source=share&ref=mxuwyi7p
6LAIp,https://made.example.invalid/e08-02/528-568?utm_source=share&ref=i65x17w8
6LAIq,https://made.example.invalid/e08-02/518-569?utm_source=share&ref=lu0v2i8z
6LAIr,https://made.example.invalid/e08-02/516-570?utm_source=share&ref=wssz01le
6LAIs,https://made.example.invalid/e08-02/525-571?utm_source=share&ref=hq94uhsz
6LAIt,https://made.example.invalid/e08-02/520-572?utm_source=share&ref=ib68lzpy
6LAIu,https://made.example.invalid/e08-02/527-573?utm_source=share&ref=ut21t3xt
6LAIv,https://made.example.invalid/e08-02/519-574?utm_source=share&ref=uf22ibor
6LAIw,https://made.example.invalid/e08-02/526-575?utm_source=share&ref=xmkqownp
6LAIx,https://made.example.invalid/e08-02/524-576?utm_source=share&ref=3nyojz4m
6LAIy,https://made.example.invalid/e08-02/522-577?utm_source=share&ref=ydnjxm8d
6LAIz,https://made.example.invalid/e08-02/532-578?utm_source=share&ref=0tru1vy1
6LAIA,https://made.example.invalid/e08-02/529-579?utm_source=share&ref=tj39avp6
6LAIB,https://made.example.invalid/e08-02/530-580?utm_source=share&ref=ge585ns3
6LAIC,https://made.example.invalid/e08-02/531-581?utm_source=share&ref=blxl7igf
6LAID,https://made.example.invalid/e08-02/534-582?utm_source=share&ref=jf9iecs7
6LAIE,https://made.example.invalid/e08-02/536-583?utm_source=share&ref=rxbverdz
6LAIF,https://made.example.invalid/e08-02/537-584?utm_source=share&ref=hl6c4uor
6LAIG,https://made.example.invalid/e08-02/533-585?utm_source=share&ref=p61wzvw8
6LAIH,https://made.example.invalid/e08-02/544-586?utm_source=share&ref=rq4t4m19
6LAII,https://made.example.invalid/e08-02/535-587?utm_source=share&ref=vzdb4ivc
6LAIJ,https://made.example.invalid/e08-02/538-588?utm_source=share&ref=9kbu5of2
6LAIK,https://made.example.invalid/e08-02/543-589?utm_source=share&ref=e0ve4r2l
6LAIL,https://made.example.invalid/e08-02/540-590?utm_source=share&ref=f0ia4a0t
6LAIM,https://made.example.invalid/e08-02/541-591?utm_source=share&ref=cw6b0mct
6LAIN,https://made.example.invalid/e08-02/542-592?utm_source=share&ref=expakvp4
6LAIO,https://made.example.invalid/e08-02/539-593?utm_source=share&ref=8i0m8pio
6LAIP,https://made.example.invalid/e08-02/545-594?utm_source=share&ref=fyioix0k
6LAIQ,https://made.example.invalid/e08-02/546-595?utm_source=share&ref=m5y3cgee
6LAIR,https://made.example.invalid/e08-02/548-596?utm_source=share&ref=4ydum0j5
6LAIS,https://made.example.invalid/e08-02/550-597?utm_source=share&ref=8dk2hl8x
6LAIT,https://made.example.invalid/e08-02/549-598?utm_source=share&ref=bnoln6jj
6LAIU,https://made.example.invalid/e08-02/547-599?utm_source=share&ref=ajzmj9k5
6LAIV,https://made.example.invalid/e08-02/3-600?utm_source=share&ref=gjimyq3l
6LAIW,https://made.example.invalid/e08-02/5-601?utm_source=share&ref=robrf3fg
6LAIX,https://made.example.invalid/e08-02/10-602?utm_source=share&ref=f880jqnw
6LAIY,https://made.example.invalid/e08-02/12-603?utm_source=share&ref=x2czmgkc
6LAIZ,https://made.example.invalid/e08-02/22-604?utm_source=share&ref=b5ez4d3f
6LAJ0,https://made.example.invalid/e08-02/17-605?utm_source=share&ref=igtx0p8b
6LAJ1,https://made.example.invalid/e08-02/21-606?utm_source=share&ref=efao0mdc
6LAJ2,https://made.example.invalid/e08-02/513-607?utm_source=share&ref=vny0b84p
6LAJ3,https://made.example.invalid/e08-02/2-608?utm_source=share&ref=7f8k7yah
6LAJ4,https://made.example.invalid/e08-02/24-609?utm_source=share&ref=1ior8e6f
6LAJ5,https://made.example.invalid/e08-02/511-610?utm_source=share&ref=1etuj6zq
6LAJ6,https://made.example.invalid/e08-02/13-611?utm_source=share&ref=oq4910bu
6LAJ7,https://made.example.invalid/e08-02/512-612?utm_source=share&ref=k30nm6tg
6LAJ8,https://made.example.invalid/e08-02/514-613?utm_source=share&ref=fwucp5xp
6LAJ9,https://made.example.invalid/e08-02/517-614?utm_source=share&ref=6leqy8jl
6LAJa,https://made.example.invalid/e08-02/523-615?utm_source=share&ref=lvtzoxp2
6LAJb,https://made.example.invalid/e08-02/515-616?utm_source=share&ref=ccy4k0bc
6LAJc,https://made.example.invalid/e08-02/521-617?utm_source=share&ref=ky1kal6n
6LAJd,https://made.example.invalid/e08-02/528-618?utm_source=share&ref=cfucwsdf
6LAJe,https://made.example.invalid/e08-02/518-619?utm_source=share&ref=nk17n3d6
6LAJf,https://made.example.invalid/e08-02/516-620?utm_source=share&ref=g75jds1d
6LAJg,https://made.example.invalid/e08-02/525-621?utm_source=share&ref=eq0rt7th
6LAJh,https://made.example.invalid/e08-02/520-622?utm_source=share&ref=w6w2dm5q
6LAJi,https://made.example.invalid/e08-02/527-623?utm_source=share&ref=a92u6ul3
6LAJj,https://made.example.invalid/e08-02/519-624?utm_source=share&ref=x29r853n
6LAJk,https://made.example.invalid/e08-02/526-625?utm_source=share&ref=7h26j81e
6LAJl,https://made.example.invalid/e08-02/524-626?utm_source=share&ref=8uwt65nh
6LAJm,https://made.example.invalid/e08-02/522-627?utm_source=share&ref=iudj3c10
6LAJn,https://made.example.invalid/e08-02/532-628?utm_source=share&ref=tng4m313
6LAJo,https://made.example.invalid/e08-02/529-629?utm_source=share&ref=ud0akfls
6LAJp,https://made.example.invalid/e08-02/530-630?utm_source=share&ref=x4487xnj
6LAJq,https://made.example.invalid/e08-02/531-631?utm_source=share&ref=igxzru4e
6LAJr,https://made.example.invalid/e08-02/534-632?utm_source=share&ref=u2a20fm4
6LAJs,https://made.example.invalid/e08-02/536-633?utm_source=share&ref=zcs7yhgt
6LAJt,https://made.example.invalid/e08-02/537-634?utm_source=share&ref=zbq3k631
6LAJu,https://made.example.invalid/e08-02/533-635?utm_source=share&ref=lp2m6zbw
6LAJv,https://made.example.invalid/e08-02/544-636?utm_source=share&ref=k7zbv99n
6LAJw,https://made.example.invalid/e08-02/535-637?utm_source=share&ref=qngc6yer
6LAJx,https://made.example.invalid/e08-02/538-638?utm_source=share&ref=0h8ewceh
6LAJy,https://made.example.invalid/e08-02/543-639?utm_source=share&ref=tdtcnev1
6LAJz,https://made.example.invalid/e08-02/540-640?utm_source=share&ref=gmptq374
6LAJA,https://made.example.invalid/e08-02/541-641?utm_source=share&ref=wgc0s7hq
6LAJB,https://made.example.invalid/e08-02/542-642?utm_source=share&ref=thhoggvi
6LAJC,https://made.example.invalid/e08-02/539-643?utm_source=share&ref=w8a4eex1
6LAJD,https://made.example.invalid/e08-02/545-644?utm_source=share&ref=ct73nduk
6LAJE,https://made.example.invalid/e08-02/546-645?utm_source=share&ref=bhidiml4
6LAJF,https://made.example.invalid/e08-02/548-646?utm_source=share&ref=df3vksk7
6LAJG,https://made.example.invalid/e08-02/550-647?utm_source=share&ref=ch7u8xy9
6LAJH,https://made.example.invalid/e08-02/549-648?utm_source=share&ref=nsan2v7e
6LAJI,https://made.example.invalid/e08-02/547-649?utm_source=share&ref=vy99uc98
6LAJJ,https://made.example.invalid/e08-02/3-650?utm_source=share&ref=ho99gy3c
6LAJK,https://made.example.invalid/e08-02/5-651?utm_source=share&ref=awx5d7pp
6LAJL,https://made.example.invalid/e08-02/10-652?utm_source=share&ref=ivfowk3u
6LAJM,https://made.example.invalid/e08-02/12-653?utm_source=share&ref=cpe3kn3g
6LAJN,https://made.example.invalid/e08-02/22-654?utm_source=share&ref=suf6xt66
6LAJO,https://made.example.invalid/e08-02/17-655?utm_source=share&ref=h6fdmcqs
6LAJP,https://made.example.invalid/e08-02/21-656?utm_source=share&ref=03ci27o3
6LAJQ,https://made.example.invalid/e08-02/513-657?utm_source=share&ref=xdsnmhcl
6LAJR,https://made.example.invalid/e08-02/2-658?utm_source=share&ref=1gwrqta3
6LAJS,https://made.example.invalid/e08-02/24-659?utm_source=share&ref=e7gx7m0t
6LAJT,https://made.example.invalid/e08-02/511-660?utm_source=share&ref=5drf0qnf
6LAJU,https://made.example.invalid/e08-02/13-661?utm_source=share&ref=c4a9fq84
6LAJV,https://made.example.invalid/e08-02/512-662?utm_source=share&ref=uar8b3rn
6LAJW,https://made.example.invalid/e08-02/514-663?utm_source=share&ref=rncr7n81
6LAJX,https://made.example.invalid/e08-02/517-664?utm_source=share&ref=viyf7kod
6LAJY,https://made.example.invalid/e08-02/523-665?utm_source=share&ref=c1zvmvtp
6LAJZ,https://made.example.invalid/e08-02/515-666?utm_source=share&ref=mevyba5z
6LAK0,https://made.example.invalid/e08-02/521-667?utm_source=share&ref=gmzulih9
6LAK1,https://made.example.invalid/e08-02/528-668?utm_source=share&ref=p7ml7r2c
6LAK2,https://made.example.invalid/e08-02/518-669?utm_source=share&ref=unv1c65j
6LAK3,https://made.example.invalid/e08-02/516-670?utm_source=share&ref=9ke1mkdy
6LAK4,https://made.example.invalid/e08-02/525-671?utm_source=share&ref=sj3k2twi
6LAK5,https://made.example.invalid/e08-02/520-672?utm_source=share&ref=n765xy0t
6LAK6,https://made.example.invalid/e08-02/527-673?utm_source=share&ref=k18bmiwm
6LAK7,https://made.example.invalid/e08-02/519-674?utm_source=share&ref=megbksqg
6LAK8,https://made.example.invalid/e08-02/526-675?utm_source=share&ref=6h9hbdmv
6LAK9,https://made.example.invalid/e08-02/524-676?utm_source=share&ref=zjgt6j1n
6LAKa,https://made.example.invalid/e08-02/522-677?utm_source=share&ref=49tyd9di
6LAKb,https://made.example.invalid/e08-02/532-678?utm_source=share&ref=06a11cnn
6LAKc,https://made.example.invalid/e08-02/529-679?utm_source=share&ref=jmghqqpz
6LAKd,https://made.example.invalid/e08-02/530-680?utm_source=share&ref=jcbt1m9w
6LAKe,https://made.example.invalid/e08-02/531-681?utm_source=share&ref=eesq9rda
6LAKf,https://made.example.invalid/e08-02/534-682?utm_source=share&ref=y5wo19oo
6LAKg,https://made.example.invalid/e08-02/536-683?utm_source=share&ref=0j1xd8aj
6LAKh,https://made.example.invalid/e08-02/537-684?utm_source=share&ref=xxi8fzha
6LAKi,https://made.example.invalid/e08-02/533-685?utm_source=share&ref=ih68hbuh
6LAKj,https://made.example.invalid/e08-02/544-686?utm_source=share&ref=911ntdui
6LAKk,https://made.example.invalid/e08-02/535-687?utm_source=share&ref=ghl4gwdu
6LAKl,https://made.example.invalid/e08-02/538-688?utm_source=share&ref=swli5qma
6LAKm,https://made.example.invalid/e08-02/543-689?utm_source=share&ref=wsefnd8o
6LAKn,https://made.example.invalid/e08-02/540-690?utm_source=share&ref=xwst22vj
6LAKo,https://made.example.invalid/e08-02/541-691?utm_source=share&ref=p7tih36r
6LAKp,https://made.example.invalid/e08-02/542-692?utm_source=share&ref=mt3kqcbl
6LAKq,https://made.example.invalid/e08-02/539-693?utm_source=share&ref=vw611801
6LAKr,https://made.example.invalid/e08-02/545-694?utm_source=share&ref=23e58e7d
6LAKs,https://made.example.invalid/e08-02/546-695?utm_source=share&ref=3h0fkmn2
6LAKt,https://made.example.invalid/e08-02/548-696?utm_source=share&ref=bwe2r62q
6LAKu,https://made.example.invalid/e08-02/550-697?utm_source=share&ref=gp8wkdnc
6LAKv,https://made.example.invalid/e08-02/549-698?utm_source=share&ref=xnoz69q6
6LAKw,https://made.example.invalid/e08-02/547-699?utm_source=share&ref=8dc59g1s
6LAKx,https://made.example.invalid/e08-02/3-700?utm_source=share&ref=6yfi6v4p
6LAKy,https://made.example.invalid/e08-02/5-701?utm_source=share&ref=9i23gj7q
6LAKz,https://made.example.invalid/e08-02/10-702?utm_source=share&ref=fev0hwc0
6LAKA,https://made.example.invalid/e08-02/12-703?utm_source=share&ref=3rurkqss
6LAKB,https://made.example.invalid/e08-02/22-704?utm_source=share&ref=om11z2t8
6LAKC,https://made.example.invalid/e08-02/17-705?utm_source=share&ref=ynrvxcj3
6LAKD,https://made.example.invalid/e08-02/21-706?utm_source=share&ref=9vs6x28i
6LAKE,https://made.example.invalid/e08-02/513-707?utm_source=share&ref=ev5n9id1
6LAKF,https://made.example.invalid/e08-02/2-708?utm_source=share&ref=hgofuf5k
6LAKG,https://made.example.invalid/e08-02/24-709?utm_source=share&ref=i7jzv7mv
6LAKH,https://made.example.invalid/e08-02/511-710?utm_source=share&ref=bo1u9lvt
6LAKI,https://made.example.invalid/e08-02/13-711?utm_source=share&ref=1abhaohp
6LAKJ,https://made.example.invalid/e08-02/512-712?utm_source=share&ref=zkxqtcp2
6LAKK,https://made.example.invalid/e08-02/514-713?utm_source=share&ref=4h6n38z6
6LAKL,https://made.example.invalid/e08-02/517-714?utm_source=share&ref=603i712o
6LAKM,https://made.example.invalid/e08-02/523-715?utm_source=share&ref=byzns01d
6LAKN,https://made.example.invalid/e08-02/515-716?utm_source=share&ref=j8gs9y52
6LAKO,https://made.example.invalid/e08-02/521-717?utm_source=share&ref=i4sgluek
6LAKP,https://made.example.invalid/e08-02/528-718?utm_source=share&ref=irnbrpkw
6LAKQ,https://made.example.invalid/e08-02/518-719?utm_source=share&ref=ldjxv5bx
6LAKR,https://made.example.invalid/e08-02/516-720?utm_source=share&ref=alm8ad2d
6LAKS,https://made.example.invalid/e08-02/525-721?utm_source=share&ref=evzeqovj
6LAKT,https://made.example.invalid/e08-02/520-722?utm_source=share&ref=a91riht0
6LAKU,https://made.example.invalid/e08-02/527-723?utm_source=share&ref=o9lqhs0x
6LAKV,https://made.example.invalid/e08-02/519-724?utm_source=share&ref=5eltthk1
6LAKW,https://made.example.invalid/e08-02/526-725?utm_source=share&ref=0pazjsvf
6LAKX,https://made.example.invalid/e08-02/524-726?utm_source=share&ref=f0dwdhds
6LAKY,https://made.example.invalid/e08-02/522-727?utm_source=share&ref=bwklk8p3
6LAKZ,https://made.example.invalid/e08-02/532-728?utm_source=share&ref=ahyv6zi7
6LAL0,https://made.example.invalid/e08-02/529-729?utm_source=share&ref=02oag7bd
6LAL1,https://made.example.invalid/e08-02/530-730?utm_source=share&ref=p8qkob9o
6LAL2,https://made.example.invalid/e08-02/531-731?utm_source=share&ref=adqj7066
6LAL3,https://made.example.invalid/e08-02/534-732?utm_source=share&ref=2ae4unlw
6LAL4,https://made.example.invalid/e08-02/536-733?utm_source=share&ref=57o7b1xn
6LAL5,https://made.example.invalid/e08-02/537-734?utm_source=share&ref=af52otql
6LAL6,https://made.example.invalid/e08-02/533-735?utm_source=share&ref=pf9jae4e
6LAL7,https://made.example.invalid/e08-02/544-736?utm_source=share&ref=ru7es4pi
6LAL8,https://made.example.invalid/e08-02/535-737?utm_source=share&ref=kkz89mv2
6LAL9,https://made.example.invalid/e08-02/538-738?utm_source=share&ref=afa3gmdr
6LALa,https://made.example.invalid/e08-02/543-739?utm_source=share&ref=yoa2t3ha
6LALb,https://made.example.invalid/e08-02/540-740?utm_source=share&ref=76dbfcxk
6LALc,https://made.example.invalid/e08-02/541-741?utm_source=share&ref=n4fp857e
6LALd,https://made.example.invalid/e08-02/542-742?utm_source=share&ref=c5oshzt1
6LALe,https://made.example.invalid/e08-02/539-743?utm_source=share&ref=bohkc21r
6LALf,https://made.example.invalid/e08-02/545-744?utm_source=share&ref=g7sjtpmn
6LALg,https://made.example.invalid/e08-02/546-745?utm_source=share&ref=y2kmbiif
6LALh,https://made.example.invalid/e08-02/548-746?utm_source=share&ref=if677qah
6LALi,https://made.example.invalid/e08-02/550-747?utm_source=share&ref=mkhrz2h3
6LALj,https://made.example.invalid/e08-02/549-748?utm_source=share&ref=zykqwi1j
6LALk,https://made.example.invalid/e08-02/547-749?utm_source=share&ref=mjoibyfo
6LALl,https://made.example.invalid/e08-02/3-750?utm_source=share&ref=8cvk4tkd
6LALm,https://made.example.invalid/e08-02/5-751?utm_source=share&ref=rsav549e
6LALn,https://made.example.invalid/e08-02/10-752?utm_source=share&ref=4iczx4fe
6LALo,https://made.example.invalid/e08-02/12-753?utm_source=share&ref=8aay4ebp
6LALp,https://made.example.invalid/e08-02/22-754?utm_source=share&ref=4zwqkdou
6LALq,https://made.example.invalid/e08-02/17-755?utm_source=share&ref=586nar0z
6LALr,https://made.example.invalid/e08-02/21-756?utm_source=share&ref=dqvt2y2c
6LALs,https://made.example.invalid/e08-02/513-757?utm_source=share&ref=932lc7uy
6LALt,https://made.example.invalid/e08-02/2-758?utm_source=share&ref=e2g65r74
6LALu,https://made.example.invalid/e08-02/24-759?utm_source=share&ref=miuq2c40
6LALv,https://made.example.invalid/e08-02/511-760?utm_source=share&ref=gcg045b3
6LALw,https://made.example.invalid/e08-02/13-761?utm_source=share&ref=y1v30qg1
6LALx,https://made.example.invalid/e08-02/512-762?utm_source=share&ref=2kwp97zw
6LALy,https://made.example.invalid/e08-02/514-763?utm_source=share&ref=34kg18ld
6LALz,https://made.example.invalid/e08-02/517-764?utm_source=share&ref=dqxxukil
6LALA,https://made.example.invalid/e08-02/523-765?utm_source=share&ref=mgaygf7k
6LALB,https://made.example.invalid/e08-02/515-766?utm_source=share&ref=1fngetyu
6LALC,https://made.example.invalid/e08-02/521-767?utm_source=share&ref=5mluyvy3
6LALD,https://made.example.invalid/e08-02/528-768?utm_source=share&ref=lnj4c27j
6LALE,https://made.example.invalid/e08-02/518-769?utm_source=share&ref=5rpcalli
6LALF,https://made.example.invalid/e08-02/516-770?utm_source=share&ref=x2pe6u5q
6LALG,https://made.example.invalid/e08-02/525-771?utm_source=share&ref=iq99c7on
6LALH,https://made.example.invalid/e08-02/520-772?utm_source=share&ref=he53ig8u
6LALI,https://made.example.invalid/e08-02/527-773?utm_source=share&ref=uw2eu20b
6LALJ,https://made.example.invalid/e08-02/519-774?utm_source=share&ref=9hnttjr6
6LALK,https://made.example.invalid/e08-02/526-775?utm_source=share&ref=n04my0rs
6LALL,https://made.example.invalid/e08-02/524-776?utm_source=share&ref=qcrtbtxd
6LALM,https://made.example.invalid/e08-02/522-777?utm_source=share&ref=888923c1
6LALN,https://made.example.invalid/e08-02/532-778?utm_source=share&ref=93h8qjwb
6LALO,https://made.example.invalid/e08-02/529-779?utm_source=share&ref=m6zv4hhj
6LALP,https://made.example.invalid/e08-02/530-780?utm_source=share&ref=u7eg3pgj
6LALQ,https://made.example.invalid/e08-02/531-781?utm_source=share&ref=3kivxwre
6LALR,https://made.example.invalid/e08-02/534-782?utm_source=share&ref=0y96j5y5
6LALS,https://made.example.invalid/e08-02/536-783?utm_source=share&ref=vc8d4ab8
6LALT,https://made.example.invalid/e08-02/537-784?utm_source=share&ref=bkrv58um
6LALU,https://made.example.invalid/e08-02/533-785?utm_source=share&ref=fphjb1h7
6LALV,https://made.example.invalid/e08-02/544-786?utm_source=share&ref=lgyleg0k
6LALW,https://made.example.invalid/e08-02/535-787?utm_source=share&ref=4lgyz6zo
6LALX,https://made.example.invalid/e08-02/538-788?utm_source=share&ref=n4zy6gbl
6LALY,https://made.example.invalid/e08-02/543-789?utm_source=share&ref=s6w4den2
6LALZ,https://made.example.invalid/e08-02/540-790?utm_source=share&ref=c0s494u6
6LAM0,https://made.example.invalid/e08-02/541-791?utm_source=share&ref=9tghy24q
6LAM1,https://made.example.invalid/e08-02/542-792?utm_source=share&ref=aji1fzss
6LAM2,https://made.example.invalid/e08-02/539-793?utm_source=share&ref=jd3uk6er
6LAM3,https://made.example.invalid/e08-02/545-794?utm_source=share&ref=begseuny
6LAM4,https://made.example.invalid/e08-02/546-795?utm_source=share&ref=5wz4fuhd
6LAM5,https://made.example.invalid/e08-02/548-796?utm_source=share&ref=4flgjar9
6LAM6,https://made.example.invalid/e08-02/550-797?utm_source=share&ref=ynq2dnp3
6LAM7,https://made.example.invalid/e08-02/549-798?utm_source=share&ref=zm8wya4t
6LAM8,https://made.example.invalid/e08-02/547-799?utm_source=share&ref=f1mouwvn
6LAM9,https://made.example.invalid/e08-02/3-800?utm_source=share&ref=lkbd22tn
6LAMa,https://made.example.invalid/e08-02/5-801?utm_source=share&ref=ozsgh3he
6LAMb,https://made.example.invalid/e08-02/10-802?utm_source=share&ref=r1xll5l2
6LAMc,https://made.example.invalid/e08-02/12-803?utm_source=share&ref=nqbgqsfb
6LAMd,https://made.example.invalid/e08-02/22-804?utm_source=share&ref=vihhrwb1
6LAMe,https://made.example.invalid/e08-02/17-805?utm_source=share&ref=112mu229
6LAMf,https://made.example.invalid/e08-02/21-806?utm_source=share&ref=wcrmfuyl
6LAMg,https://made.example.invalid/e08-02/513-807?utm_source=share&ref=hf9d4sj9
6LAMh,https://made.example.invalid/e08-02/2-808?utm_source=share&ref=oo3pemur
6LAMi,https://made.example.invalid/e08-02/24-809?utm_source=share&ref=5pmmp6mw
6LAMj,https://made.example.invalid/e08-02/511-810?utm_source=share&ref=hfctblpm
6LAMk,https://made.example.invalid/e08-02/13-811?utm_source=share&ref=iz1uj969
6LAMl,https://made.example.invalid/e08-02/512-812?utm_source=share&ref=q8lbqjea
6LAMm,https://made.example.invalid/e08-02/514-813?utm_source=share&ref=gdfofo6o
6LAMn,https://made.example.invalid/e08-02/517-814?utm_source=share&ref=4aeppyyb
6LAMo,https://made.example.invalid/e08-02/523-815?utm_source=share&ref=5aup6axs
6LAMp,https://made.example.invalid/e08-02/515-816?utm_source=share&ref=3z6rsbza
6LAMq,https://made.example.invalid/e08-02/521-817?utm_source=share&ref=90lp2868
6LAMr,https://made.example.invalid/e08-02/528-818?utm_source=share&ref=4zx8zd69
6LAMs,https://made.example.invalid/e08-02/518-819?utm_source=share&ref=ios5106c
6LAMt,https://made.example.invalid/e08-02/516-820?utm_source=share&ref=14so08b9
6LAMu,https://made.example.invalid/e08-02/525-821?utm_source=share&ref=f1n95pl5
6LAMv,https://made.example.invalid/e08-02/520-822?utm_source=share&ref=a86s1mi0
6LAMw,https://made.example.invalid/e08-02/527-823?utm_source=share&ref=4afv0n4t
6LAMx,https://made.example.invalid/e08-02/519-824?utm_source=share&ref=0xzsz0bl
6LAMy,https://made.example.invalid/e08-02/526-825?utm_source=share&ref=bo6aak34
6LAMz,https://made.example.invalid/e08-02/524-826?utm_source=share&ref=x5m0mvb7
6LAMA,https://made.example.invalid/e08-02/522-827?utm_source=share&ref=4kiznhkg
6LAMB,https://made.example.invalid/e08-02/532-828?utm_source=share&ref=z5765aj2
6LAMC,https://made.example.invalid/e08-02/529-829?utm_source=share&ref=dilkcl31
6LAMD,https://made.example.invalid/e08-02/530-830?utm_source=share&ref=sbx2a5my
6LAME,https://made.example.invalid/e08-02/531-831?utm_source=share&ref=ms1pw9d4
6LAMF,https://made.example.invalid/e08-02/534-832?utm_source=share&ref=xhcp51qj
6LAMG,https://made.example.invalid/e08-02/536-833?utm_source=share&ref=94fh8loc
6LAMH,https://made.example.invalid/e08-02/537-834?utm_source=share&ref=zsgc651o
6LAMI,https://made.example.invalid/e08-02/533-835?utm_source=share&ref=iu3k73r1
6LAMJ,https://made.example.invalid/e08-02/544-836?utm_source=share&ref=c9c0bkv1
6LAMK,https://made.example.invalid/e08-02/535-837?utm_source=share&ref=0hev1kra
6LAML,https://made.example.invalid/e08-02/538-838?utm_source=share&ref=ieksb976
6LAMM,https://made.example.invalid/e08-02/543-839?utm_source=share&ref=oc51ajcb
6LAMN,https://made.example.invalid/e08-02/540-840?utm_source=share&ref=kwucnrb8
6LAMO,https://made.example.invalid/e08-02/541-841?utm_source=share&ref=9712sst9
6LAMP,https://made.example.invalid/e08-02/542-842?utm_source=share&ref=5i0jclei
6LAMQ,https://made.example.invalid/e08-02/539-843?utm_source=share&ref=t556as2j
6LAMR,https://made.example.invalid/e08-02/545-844?utm_source=share&ref=iq2hppxy
6LAMS,https://made.example.invalid/e08-02/546-845?utm_source=share&ref=7j3xghhg
6LAMT,https://made.example.invalid/e08-02/548-846?utm_source=share&ref=fxypwjvk
6LAMU,https://made.example.invalid/e08-02/550-847?utm_source=share&ref=qtlcb8qy
6LAMV,https://made.example.invalid/e08-02/549-848?utm_source=share&ref=32t99qqv
6LAMW,https://made.example.invalid/e08-02/547-849?utm_source=share&ref=ee5bb6q4
6LAMX,https://made.example.invalid/e08-02/3-850?utm_source=share&ref=226t7wsz
6LAMY,https://made.example.invalid/e08-02/5-851?utm_source=share&ref=nz0m8t7l
6LAMZ,https://made.example.invalid/e08-02/10-852?utm_source=share&ref=sf1aozbe
6LAN0,https://made.example.invalid/e08-02/12-853?utm_source=share&ref=i1yqjpwi
6LAN1,https://made.example.invalid/e08-02/22-854?utm_source=share&ref=b7bf5obc
6LAN2,https://made.example.invalid/e08-02/17-855?utm_source=share&ref=hk4vkmzg
6LAN3,https://made.example.invalid/e08-02/21-856?utm_source=share&ref=obgeynrj
6LAN4,https://made.example.invalid/e08-02/513-857?utm_source=share&ref=daw58xgw
6LAN5,https://made.example.invalid/e08-02/2-858?utm_source=share&ref=to9tqrjq
6LAN6,https://made.example.invalid/e08-02/24-859?utm_source=share&ref=u0epycg5
6LAN7,https://made.example.invalid/e08-02/511-860?utm_source=share&ref=8w0531pw
6LAN8,https://made.example.invalid/e08-02/13-861?utm_source=share&ref=dldj8ajo
6LAN9,https://made.example.invalid/e08-02/512-862?utm_source=share&ref=hu30hlqx
6LANa,https://made.example.invalid/e08-02/514-863?utm_source=share&ref=x446ig3l
6LANb,https://made.example.invalid/e08-02/517-864?utm_source=share&ref=zzd8iob2
6LANc,https://made.example.invalid/e08-02/523-865?utm_source=share&ref=pgh8iss5
6LANd,https://made.example.invalid/e08-02/515-866?utm_source=share&ref=njmu9uei
6LANe,https://made.example.invalid/e08-02/521-867?utm_source=share&ref=4dv8dtch
6LANf,https://made.example.invalid/e08-02/528-868?utm_source=share&ref=y18sx9jf
6LANg,https://made.example.invalid/e08-02/518-869?utm_source=share&ref=xl25qtdk
6LANh,https://made.example.invalid/e08-02/516-870?utm_source=share&ref=hyk37vfy
6LANi,https://made.example.invalid/e08-02/525-871?utm_source=share&ref=sm8ncs9i
6LANj,https://made.example.invalid/e08-02/520-872?utm_source=share&ref=yeht2rqu
6LANk,https://made.example.invalid/e08-02/527-873?utm_source=share&ref=66j65sg0
6LANl,https://made.example.invalid/e08-02/519-874?utm_source=share&ref=zpinypxp
6LANm,https://made.example.invalid/e08-02/526-875?utm_source=share&ref=xty7tryi
6LANn,https://made.example.invalid/e08-02/524-876?utm_source=share&ref=26n0m0fn
6LANo,https://made.example.invalid/e08-02/522-877?utm_source=share&ref=gd8qz6jj
6LANp,https://made.example.invalid/e08-02/532-878?utm_source=share&ref=uzpnx1h7
6LANq,https://made.example.invalid/e08-02/529-879?utm_source=share&ref=r37dqni5
6LANr,https://made.example.invalid/e08-02/530-880?utm_source=share&ref=tjszx2mb
6LANs,https://made.example.invalid/e08-02/531-881?utm_source=share&ref=35ltrr1e
6LANt,https://made.example.invalid/e08-02/534-882?utm_source=share&ref=gcc2ucp4
6LANu,https://made.example.invalid/e08-02/536-883?utm_source=share&ref=urnrn0ge
6LANv,https://made.example.invalid/e08-02/537-884?utm_source=share&ref=ivt7b9wa
6LANw,https://made.example.invalid/e08-02/533-885?utm_source=share&ref=odnxpnqu
6LANx,https://made.example.invalid/e08-02/544-886?utm_source=share&ref=bmd7qfna
6LANy,https://made.example.invalid/e08-02/535-887?utm_source=share&ref=l5xwph7d
6LANz,https://made.example.invalid/e08-02/538-888?utm_source=share&ref=4ak2q58b
6LANA,https://made.example.invalid/e08-02/543-889?utm_source=share&ref=2uhaswny
6LANB,https://made.example.invalid/e08-02/540-890?utm_source=share&ref=pso4010z
6LANC,https://made.example.invalid/e08-02/541-891?utm_source=share&ref=30ufye32
6LAND,https://made.example.invalid/e08-02/542-892?utm_source=share&ref=ddnwz8v8
6LANE,https://made.example.invalid/e08-02/539-893?utm_source=share&ref=bjrt6ah1
6LANF,https://made.example.invalid/e08-02/545-894?utm_source=share&ref=6v41l6ga
6LANG,https://made.example.invalid/e08-02/546-895?utm_source=share&ref=bdbv7s0o
6LANH,https://made.example.invalid/e08-02/548-896?utm_source=share&ref=d0yl76u1
6LANI,https://made.example.invalid/e08-02/550-897?utm_source=share&ref=h4b8jwbq
6LANJ,https://made.example.invalid/e08-02/549-898?utm_source=share&ref=igzt59ge
6LANK,https://made.example.invalid/e08-02/547-899?utm_source=share&ref=6338sric
6LANL,https://made.example.invalid/e08-02/3-900?utm_source=share&ref=hp6fwh46
6LANM,https://made.example.invalid/e08-02/5-901?utm_source=share&ref=8salcbm2
6LANN,https://made.example.invalid/e08-02/10-902?utm_source=share&ref=8q75arf9
6LANO,https://made.example.invalid/e08-02/12-903?utm_source=share&ref=oumee6t5
6LANP,https://made.example.invalid/e08-02/22-904?utm_source=share&ref=xhtyx67s
6LANQ,https://made.example.invalid/e08-02/17-905?utm_source=share&ref=cxljgmen
6LANR,https://made.example.invalid/e08-02/21-906?utm_source=share&ref=vsizjtlk
6LANS,https://made.example.invalid/e08-02/513-907?utm_source=share&ref=isu2eyvm
6LANT,https://made.example.invalid/e08-02/2-908?utm_source=share&ref=qq45jx5w
6LANU,https://made.example.invalid/e08-02/24-909?utm_source=share&ref=bnenjccx
6LANV,https://made.example.invalid/e08-02/511-910?utm_source=share&ref=g1kwodxz
6LANW,https://made.example.invalid/e08-02/13-911?utm_source=share&ref=hm9zam6c
6LANX,https://made.example.invalid/e08-02/512-912?utm_source=share&ref=pcrdw5w9
6LANY,https://made.example.invalid/e08-02/514-913?utm_source=share&ref=xh7xrype
6LANZ,https://made.example.invalid/e08-02/517-914?utm_source=share&ref=a3umda13
6LAO0,https://made.example.invalid/e08-02/523-915?utm_source=share&ref=9tgaoz15
6LAO1,https://made.example.invalid/e08-02/515-916?utm_source=share&ref=wrybdm8l
6LAO2,https://made.example.invalid/e08-02/521-917?utm_source=share&ref=3gybsaq2
6LAO3,https://made.example.invalid/e08-02/528-918?utm_source=share&ref=7nd3vnq0
6LAO4,https://made.example.invalid/e08-02/518-919?utm_source=share&ref=me9drpvw
6LAO5,https://made.example.invalid/e08-02/516-920?utm_source=share&ref=bc29md6w
6LAO6,https://made.example.invalid/e08-02/525-921?utm_source=share&ref=vws07fh6
6LAO7,https://made.example.invalid/e08-02/520-922?utm_source=share&ref=rlcwmg4b
6LAO8,https://made.example.invalid/e08-02/527-923?utm_source=share&ref=9k19bkzc
6LAO9,https://made.example.invalid/e08-02/519-924?utm_source=share&ref=dx02pjsy
6LAOa,https://made.example.invalid/e08-02/526-925?utm_source=share&ref=bhakjmhw
6LAOb,https://made.example.invalid/e08-02/524-926?utm_source=share&ref=2r2n7fg3
6LAOc,https://made.example.invalid/e08-02/522-927?utm_source=share&ref=x1v799io
6LAOd,https://made.example.invalid/e08-02/532-928?utm_source=share&ref=7md0apqo
6LAOe,https://made.example.invalid/e08-02/529-929?utm_source=share&ref=l05lnd42
6LAOf,https://made.example.invalid/e08-02/530-930?utm_source=share&ref=5hbyfnta
6LAOg,https://made.example.invalid/e08-02/531-931?utm_source=share&ref=tvxcohko
6LAOh,https://made.example.invalid/e08-02/534-932?utm_source=share&ref=66g4m0pf
6LAOi,https://made.example.invalid/e08-02/536-933?utm_source=share&ref=iutdk1dw
6LAOj,https://made.example.invalid/e08-02/537-934?utm_source=share&ref=fmsr311y
6LAOk,https://made.example.invalid/e08-02/533-935?utm_source=share&ref=0y8xeuzn
6LAOl,https://made.example.invalid/e08-02/544-936?utm_source=share&ref=rheiywy6
6LAOm,https://made.example.invalid/e08-02/535-937?utm_source=share&ref=1ncb0yp0
6LAOn,https://made.example.invalid/e08-02/538-938?utm_source=share&ref=xsuy1xvt
6LAOo,https://made.example.invalid/e08-02/543-939?utm_source=share&ref=gx42jepg
6LAOp,https://made.example.invalid/e08-02/540-940?utm_source=share&ref=chyalkq7
6LAOq,https://made.example.invalid/e08-02/541-941?utm_source=share&ref=5kox2wem
6LAOr,https://made.example.invalid/e08-02/542-942?utm_source=share&ref=9lmpi99y
6LAOs,https://made.example.invalid/e08-02/539-943?utm_source=share&ref=wxh2d7jd
6LAOt,https://made.example.invalid/e08-02/545-944?utm_source=share&ref=5fau66b8
6LAOu,https://made.example.invalid/e08-02/546-945?utm_source=share&ref=7krm88ps
6LAOv,https://made.example.invalid/e08-02/548-946?utm_source=share&ref=05m1h0in
6LAOw,https://made.example.invalid/e08-02/550-947?utm_source=share&ref=t8ewderf
6LAOx,https://made.example.invalid/e08-02/549-948?utm_source=share&ref=k13dt0vv
6LAOy,https://made.example.invalid/e08-02/547-949?utm_source=share&ref=rc3eudi3
6LAOz,https://made.example.invalid/e08-02/3-950?utm_source=share&ref=4dd27d9s
6LAOA,https://made.example.invalid/e08-02/5-951?utm_source=share&ref=b1ud2kcp
6LAOB,https://made.example.invalid/e08-02/10-952?utm_source=share&ref=rn7odf5f
6LAOC,https://made.example.invalid/e08-02/12-953?utm_source=share&ref=lefwd5nx
6LAOD,https://made.example.invalid/e08-02/22-954?utm_source=share&ref=g7jf84x2
6LAOE,https://made.example.invalid/e08-02/17-955?utm_source=share&ref=ealm3b2e
6LAOF,https://made.example.invalid/e08-02/21-956?utm_source=share&ref=jrgrjh99
6LAOG,https://made.example.invalid/e08-02/513-957?utm_source=share&ref=0e2nuuyn
6LAOH,https://made.example.invalid/e08-02/2-958?utm_source=share&ref=htglg3xt
6LAOI,https://made.example.invalid/e08-02/24-959?utm_source=share&ref=wcr1m8dk
6LAOJ,https://made.example.invalid/e08-02/511-960?utm_source=share&ref=l8dg9fsl
6LAOK,https://made.example.invalid/e08-02/13-961?utm_source=share&ref=tcoo6tst
6LAOL,https://made.example.invalid/e08-02/512-962?utm_source=share&ref=swtp4ith
6LAOM,https://made.example.invalid/e08-02/514-963?utm_source=share&ref=y79q6vyi
6LAON,https://made.example.invalid/e08-02/517-964?utm_source=share&ref=jhiuwq42
6LAOO,https://made.example.invalid/e08-02/523-965?utm_source=share&ref=pt7dtwaz
6LAOP,https://made.example.invalid/e08-02/515-966?utm_source=share&ref=s3zbkrri
6LAOQ,https://made.example.invalid/e08-02/521-967?utm_source=share&ref=vdz4nuog
6LAOR,https://made.example.invalid/e08-02/528-968?utm_source=share&ref=lhg62d20
6LAOS,https://made.example.invalid/e08-02/518-969?utm_source=share&ref=zkta2w8d
6LAOT,https://made.example.invalid/e08-02/516-970?utm_source=share&ref=0l06l60m
6LAOU,https://made.example.invalid/e08-02/525-971?utm_source=share&ref=q753qhkn
6LAOV,https://made.example.invalid/e08-02/520-972?utm_source=share&ref=zayns95q
6LAOW,https://made.example.invalid/e08-02/527-973?utm_source=share&ref=saj4sx26
6LAOX,https://made.example.invalid/e08-02/519-974?utm_source=share&ref=v5ize54g
6LAOY,https://made.example.invalid/e08-02/526-975?utm_source=share&ref=zv0okbp5
6LAOZ,https://made.example.invalid/e08-02/524-976?utm_source=share&ref=7rzq75qh
6LAP0,https://made.example.invalid/e08-02/522-977?utm_source=share&ref=che7qq4n
6LAP1,https://made.example.invalid/e08-02/532-978?utm_source=share&ref=4suesy54
6LAP2,https://made.example.invalid/e08-02/529-979?utm_source=share&ref=svsqbrv2
6LAP3,https://made.example.invalid/e08-02/530-980?utm_source=share&ref=590q0dyp
6LAP4,https://made.example.invalid/e08-02/531-981?utm_source=share&ref=e550keer
6LAP5,https://made.example.invalid/e08-02/534-982?utm_source=share&ref=64ma870q
6LAP6,https://made.example.invalid/e08-02/536-983?utm_source=share&ref=mmb56yxr
6LAP7,https://made.example.invalid/e08-02/537-984?utm_source=share&ref=g0k27try
6LAP8,https://made.example.invalid/e08-02/533-985?utm_source=share&ref=luudwlt0
6LAP9,https://made.example.invalid/e08-02/544-986?utm_source=share&ref=soh2rn0k
6LAPa,https://made.example.invalid/e08-02/535-987?utm_source=share&ref=c13s87sf
6LAPb,https://made.example.invalid/e08-02/538-988?utm_source=share&ref=wuct4trk
6LAPc,https://made.example.invalid/e08-02/543-989?utm_source=share&ref=yo1x9e5y
6LAPd,https://made.example.invalid/e08-02/540-990?utm_source=share&ref=f1g9r1fl
6LAPe,https://made.example.invalid/e08-02/541-991?utm_source=share&ref=3c2xg5ck
6LAPf,https://made.example.invalid/e08-02/542-992?utm_source=share&ref=rusalydk
6LAPg,https://made.example.invalid/e08-02/539-993?utm_source=share&ref=ooybry2c
6LAPh,https://made.example.invalid/e08-02/545-994?utm_source=share&ref=3ho88grt
6LAPi,https://made.example.invalid/e08-02/546-995?utm_source=share&ref=0vjwc9oa
6LAPj,https://made.example.invalid/e08-02/548-996?utm_source=share&ref=11exfi55
6LAPk,https://made.example.invalid/e08-02/550-997?utm_source=share&ref=sveef5q6
6LAPl,https://made.example.invalid/e08-02/549-998?utm_source=share&ref=yzwxvrai
6LAPm,https://made.example.invalid/e08-02/547-999?utm_source=share&ref=60w9d55g
6LAPn,https://made.example.invalid/e08-02/3-1000?utm_source=share&ref=at9cv1ce
6LAPo,https://made.example.invalid/e08-02/5-1001?utm_source=share&ref=he9uj0tk
6LAPp,https://made.example.invalid/e08-02/10-1002?utm_source=share&ref=o8z5c7e3
6LAPq,https://made.example.invalid/e08-02/12-1003?utm_source=share&ref=6oalch85
6LAPr,https://made.example.invalid/e08-02/22-1004?utm_source=share&ref=yzzh8o7p
6LAPs,https://made.example.invalid/e08-02/17-1005?utm_source=share&ref=mr76h7zf
6LAPt,https://made.example.invalid/e08-02/21-1006?utm_source=share&ref=d57kr67p
6LAPu,https://made.example.invalid/e08-02/513-1007?utm_source=share&ref=mvdffwmi
6LAPv,https://made.example.invalid/e08-02/2-1008?utm_source=share&ref=9xnsnvpx
6LAPw,https://made.example.invalid/e08-02/24-1009?utm_source=share&ref=ncf07yzj
6LAPx,https://made.example.invalid/e08-02/511-1010?utm_source=share&ref=isdelk20
6LAPy,https://made.example.invalid/e08-02/13-1011?utm_source=share&ref=r8micy7l
6LAPz,https://made.example.invalid/e08-02/512-1012?utm_source=share&ref=pzfis72z
6LAPA,https://made.example.invalid/e08-02/514-1013?utm_source=share&ref=kg9hnxyt
6LAPB,https://made.example.invalid/e08-02/517-1014?utm_source=share&ref=jpw1fler
6LAPC,https://made.example.invalid/e08-02/523-1015?utm_source=share&ref=1c56i83e
6LAPD,https://made.example.invalid/e08-02/515-1016?utm_source=share&ref=icao21tv
6LAPE,https://made.example.invalid/e08-02/521-1017?utm_source=share&ref=qghbso13
6LAPF,https://made.example.invalid/e08-02/528-1018?utm_source=share&ref=23krn2k1
6LAPG,https://made.example.invalid/e08-02/518-1019?utm_source=share&ref=dd0vo47v
6LAPH,https://made.example.invalid/e08-02/516-1020?utm_source=share&ref=qy8nyr1b
6LAPI,https://made.example.invalid/e08-02/525-1021?utm_source=share&ref=bx0vf26f
6LAPJ,https://made.example.invalid/e08-02/520-1022?utm_source=share&ref=9l8bi8td
6LAPK,https://made.example.invalid/e08-02/527-1023?utm_source=share&ref=uiztk4bf
6LAPL,https://made.example.invalid/e08-02/519-1024?utm_source=share&ref=ls67h5oc
6LAPM,https://made.example.invalid/e08-02/526-1025?utm_source=share&ref=2u61tfyr
6LAPN,https://made.example.invalid/e08-02/524-1026?utm_source=share&ref=7x7mdij8
6LAPO,https://made.example.invalid/e08-02/522-1027?utm_source=share&ref=sjwuel5f
6LAPP,https://made.example.invalid/e08-02/532-1028?utm_source=share&ref=y1uopvn2
6LAPQ,https://made.example.invalid/e08-02/529-1029?utm_source=share&ref=uyfgvjis
6LAPR,https://made.example.invalid/e08-02/530-1030?utm_source=share&ref=vs6sj4xj
6LAPS,https://made.example.invalid/e08-02/531-1031?utm_source=share&ref=oclx6rl2
6LAPT,https://made.example.invalid/e08-02/534-1032?utm_source=share&ref=01f8wd8v
6LAPU,https://made.example.invalid/e08-02/536-1033?utm_source=share&ref=vnx0ydqy
6LAPV,https://made.example.invalid/e08-02/537-1034?utm_source=share&ref=a47yw5op
6LAPW,https://made.example.invalid/e08-02/533-1035?utm_source=share&ref=eoe7ndo2
6LAPX,https://made.example.invalid/e08-02/544-1036?utm_source=share&ref=8pi0kye9
6LAPY,https://made.example.invalid/e08-02/535-1037?utm_source=share&ref=xz2kj5yy
6LAPZ,https://made.example.invalid/e08-02/538-1038?utm_source=share&ref=3xyc02o4
6LAQ0,https://made.example.invalid/e08-02/543-1039?utm_source=share&ref=koz020ua
6LAQ1,https://made.example.invalid/e08-02/540-1040?utm_source=share&ref=l2bt2njd
6LAQ2,https://made.example.invalid/e08-02/541-1041?utm_source=share&ref=eno5mj0s
6LAQ3,https://made.example.invalid/e08-02/542-1042?utm_source=share&ref=ate5yi5g
6LAQ4,https://made.example.invalid/e08-02/539-1043?utm_source=share&ref=xrxax2i1
6LAQ5,https://made.example.invalid/e08-02/545-1044?utm_source=share&ref=jwv60awa
6LAQ6,https://made.example.invalid/e08-02/546-1045?utm_source=share&ref=zr2wnfdr
6LAQ7,https://made.example.invalid/e08-02/548-1046?utm_source=share&ref=c6nx7135
6LAQ8,https://made.example.invalid/e08-02/550-1047?utm_source=share&ref=px17tqsr
6LAQ9,https://made.example.invalid/e08-02/549-1048?utm_source=share&ref=f5r1ffvy
6LAQa,https://made.example.invalid/e08-02/547-1049?utm_source=share&ref=44yv6ji3
6LAQb,https://made.example.invalid/e08-02/3-1050?utm_source=share&ref=ugvrraxl
6LAQc,https://made.example.invalid/e08-02/5-1051?utm_source=share&ref=iivx3lkl
6LAQd,https://made.example.invalid/e08-02/10-1052?utm_source=share&ref=8h4hoopu
6LAQe,https://made.example.invalid/e08-02/12-1053?utm_source=share&ref=l01adjl1
6LAQf,https://made.example.invalid/e08-02/22-1054?utm_source=share&ref=dhwgqqyt
6LAQg,https://made.example.invalid/e08-02/17-1055?utm_source=share&ref=ss8dystt
6LAQh,https://made.example.invalid/e08-02/21-1056?utm_source=share&ref=d18d54d6
6LAQi,https://made.example.invalid/e08-02/513-1057?utm_source=share&ref=8fe1u5ps
6LAQj,https://made.example.invalid/e08-02/2-1058?utm_source=share&ref=mhgrm7j9
6LAQk,https://made.example.invalid/e08-02/24-1059?utm_source=share&ref=55n2q1k5
6LAQl,https://made.example.invalid/e08-02/511-1060?utm_source=share&ref=dza4n1gm
6LAQm,https://made.example.invalid/e08-02/13-1061?utm_source=share&ref=55jllbcj
6LAQn,https://made.example.invalid/e08-02/512-1062?utm_source=share&ref=9dbr22fd
6LAQo,https://made.example.invalid/e08-02/514-1063?utm_source=share&ref=gt0q9bgw
6LAQp,https://made.example.invalid/e08-02/517-1064?utm_source=share&ref=a4om0br6
6LAQq,https://made.example.invalid/e08-02/523-1065?utm_source=share&ref=p6nultfd
6LAQr,https://made.example.invalid/e08-02/515-1066?utm_source=share&ref=hprexdsz
6LAQs,https://made.example.invalid/e08-02/521-1067?utm_source=share&ref=44rlvpi4
6LAQt,https://made.example.invalid/e08-02/528-1068?utm_source=share&ref=msd6pmff
6LAQu,https://made.example.invalid/e08-02/518-1069?utm_source=share&ref=gx4w6dkd
6LAQv,https://made.example.invalid/e08-02/516-1070?utm_source=share&ref=yw0xvvb3
6LAQw,https://made.example.invalid/e08-02/525-1071?utm_source=share&ref=btzh0f54
6LAQx,https://made.example.invalid/e08-02/520-1072?utm_source=share&ref=yjsvotru
6LAQy,https://made.example.invalid/e08-02/527-1073?utm_source=share&ref=2nxw3lhj
6LAQz,https://made.example.invalid/e08-02/519-1074?utm_source=share&ref=6vc1fe78
6LAQA,https://made.example.invalid/e08-02/526-1075?utm_source=share&ref=nxx0mdj7
6LAQB,https://made.example.invalid/e08-02/524-1076?utm_source=share&ref=jqyrk76n
6LAQC,https://made.example.invalid/e08-02/522-1077?utm_source=share&ref=k3oyf0pw
6LAQD,https://made.example.invalid/e08-02/532-1078?utm_source=share&ref=xzjysl6z
6LAQE,https://made.example.invalid/e08-02/529-1079?utm_source=share&ref=f6i4ikst
6LAQF,https://made.example.invalid/e08-02/530-1080?utm_source=share&ref=as5uh1j7
6LAQG,https://made.example.invalid/e08-02/531-1081?utm_source=share&ref=vvi8w5wq
6LAQH,https://made.example.invalid/e08-02/534-1082?utm_source=share&ref=1ooakx4g
6LAQI,https://made.example.invalid/e08-02/536-1083?utm_source=share&ref=f8dezqvb
6LAQJ,https://made.example.invalid/e08-02/537-1084?utm_source=share&ref=re6xrwg3
6LAQK,https://made.example.invalid/e08-02/533-1085?utm_source=share&ref=ej7h0l7o
6LAQL,https://made.example.invalid/e08-02/544-1086?utm_source=share&ref=sm70ouq7
6LAQM,https://made.example.invalid/e08-02/535-1087?utm_source=share&ref=0edn4c37
6LAQN,https://made.example.invalid/e08-02/538-1088?utm_source=share&ref=3o4tw3z6
6LAQO,https://made.example.invalid/e08-02/543-1089?utm_source=share&ref=211xzpux
6LAQP,https://made.example.invalid/e08-02/540-1090?utm_source=share&ref=zdc7omsq
6LAQQ,https://made.example.invalid/e08-02/541-1091?utm_source=share&ref=2s164f0i
6LAQR,https://made.example.invalid/e08-02/542-1092?utm_source=share&ref=oqwc1ofi
6LAQS,https://made.example.invalid/e08-02/539-1093?utm_source=share&ref=16mcyep5
6LAQT,https://made.example.invalid/e08-02/545-1094?utm_source=share&ref=cvs9hzvb
6LAQU,https://made.example.invalid/e08-02/546-1095?utm_source=share&ref=iajc3wr9
6LAQV,https://made.example.invalid/e08-02/548-1096?utm_source=share&ref=20sy904r
6LAQW,https://made.example.invalid/e08-02/550-1097?utm_source=share&ref=iwzcu54y
6LAQX,https://made.example.invalid/e08-02/549-1098?utm_source=share&ref=60jdzzsr
6LAQY,https://made.example.invalid/e08-02/547-1099?utm_source=share&ref=naj26s2m
6LAQZ,https://made.example.invalid/e08-02/3-1100?utm_source=share&ref=upcq11qg
6LAR0,https://made.example.invalid/e08-02/5-1101?utm_source=share&ref=ndjpagfl
6LAR1,https://made.example.invalid/e08-02/10-1102?utm_source=share&ref=uykky2yu
6LAR2,https://made.example.invalid/e08-02/12-1103?utm_source=share&ref=gnwdc8s7
6LAR3,https://made.example.invalid/e08-02/22-1104?utm_source=share&ref=2uywnjjd
6LAR4,https://made.example.invalid/e08-02/17-1105?utm_source=share&ref=4r0424u6
6LAR5,https://made.example.invalid/e08-02/21-1106?utm_source=share&ref=uzzbgdw6
6LAR6,https://made.example.invalid/e08-02/513-1107?utm_source=share&ref=7zomibg4
6LAR7,https://made.example.invalid/e08-02/2-1108?utm_source=share&ref=cuyqowcb
6LAR8,https://made.example.invalid/e08-02/24-1109?utm_source=share&ref=5o0g6v16
6LAR9,https://made.example.invalid/e08-02/511-1110?utm_source=share&ref=1jewzif0
6LARa,https://made.example.invalid/e08-02/13-1111?utm_source=share&ref=q7z5mroz
6LARb,https://made.example.invalid/e08-02/512-1112?utm_source=share&ref=cubnruth
6LARc,https://made.example.invalid/e08-02/514-1113?utm_source=share&ref=afuy6oiy
6LARd,https://made.example.invalid/e08-02/517-1114?utm_source=share&ref=j83z4un4
6LARe,https://made.example.invalid/e08-02/523-1115?utm_source=share&ref=cmao6exc
6LARf,https://made.example.invalid/e08-02/515-1116?utm_source=share&ref=5rlro0p1
6LARg,https://made.example.invalid/e08-02/521-1117?utm_source=share&ref=cok3g5qt
6LARh,https://made.example.invalid/e08-02/528-1118?utm_source=share&ref=shia6pe3
6LARi,https://made.example.invalid/e08-02/518-1119?utm_source=share&ref=o7daz9cl
6LARj,https://made.example.invalid/e08-02/516-1120?utm_source=share&ref=jqxw8h9t
6LARk,https://made.example.invalid/e08-02/525-1121?utm_source=share&ref=m2fzldio
6LARl,https://made.example.invalid/e08-02/520-1122?utm_source=share&ref=qq56jbvo
6LARm,https://made.example.invalid/e08-02/527-1123?utm_source=share&ref=5jjhunqd
6LARn,https://made.example.invalid/e08-02/519-1124?utm_source=share&ref=bf6126a0
6LARo,https://made.example.invalid/e08-02/526-1125?utm_source=share&ref=x0abepi2
6LARp,https://made.example.invalid/e08-02/524-1126?utm_source=share&ref=0jgph5g1
6LARq,https://made.example.invalid/e08-02/522-1127?utm_source=share&ref=hgii3goh
6LARr,https://made.example.invalid/e08-02/532-1128?utm_source=share&ref=wtn39fpa
6LARs,https://made.example.invalid/e08-02/529-1129?utm_source=share&ref=d3gvv97l
6LARt,https://made.example.invalid/e08-02/530-1130?utm_source=share&ref=rvqdd1f1
6LARu,https://made.example.invalid/e08-02/531-1131?utm_source=share&ref=jijt0r2u
6LARv,https://made.example.invalid/e08-02/534-1132?utm_source=share&ref=uy3ech84
6LARw,https://made.example.invalid/e08-02/536-1133?utm_source=share&ref=rdtj8gbm
6LARx,https://made.example.invalid/e08-02/537-1134?utm_source=share&ref=b1luoauj
6LARy,https://made.example.invalid/e08-02/533-1135?utm_source=share&ref=wwhnl0pi
6LARz,https://made.example.invalid/e08-02/544-1136?utm_source=share&ref=p5zd6adh
6LARA,https://made.example.invalid/e08-02/535-1137?utm_source=share&ref=csrpxfm6
6LARB,https://made.example.invalid/e08-02/538-1138?utm_source=share&ref=71b5zslb
6LARC,https://made.example.invalid/e08-02/543-1139?utm_source=share&ref=rvx1e9tc
6LARD,https://made.example.invalid/e08-02/540-1140?utm_source=share&ref=k5fs9i0k
6LARE,https://made.example.invalid/e08-02/541-1141?utm_source=share&ref=4094xagg
6LARF,https://made.example.invalid/e08-02/542-1142?utm_source=share&ref=oep7xxwx
6LARG,https://made.example.invalid/e08-02/539-1143?utm_source=share&ref=hlu58sdo
6LARH,https://made.example.invalid/e08-02/545-1144?utm_source=share&ref=dl6rtvb2
6LARI,https://made.example.invalid/e08-02/546-1145?utm_source=share&ref=mxjw246q
6LARJ,https://made.example.invalid/e08-02/548-1146?utm_source=share&ref=4y2uo2ff
6LARK,https://made.example.invalid/e08-02/550-1147?utm_source=share&ref=sb0d18t4
6LARL,https://made.example.invalid/e08-02/549-1148?utm_source=share&ref=cd1a6yrm
6LARO,https://made.example.invalid/e08-02/5-1151?utm_source=share&ref=ownb5gff
6LARN,https://made.example.invalid/e08-02/3-1150?utm_source=share&ref=5j56ofko
6LARM,https://made.example.invalid/e08-02/547-1149?utm_source=share&ref=mrizm54b
6LARP,https://made.example.invalid/e08-02/10-1152?utm_source=share&ref=toga0xoj
6LARQ,https://made.example.invalid/e08-02/12-1153?utm_source=share&ref=xinf9cin
6LARS,https://made.example.invalid/e08-02/17-1155?utm_source=share&ref=o0b20grw
6LART,https://made.example.invalid/e08-02/21-1156?utm_source=share&ref=n2npmqvn
6LARU,https://made.example.invalid/e08-02/513-1157?utm_source=share&ref=dm2ncuho
6LARR,https://made.example.invalid/e08-02/22-1154?utm_source=share&ref=sg9pr74r
6LARW,https://made.example.invalid/e08-02/24-1159?utm_source=share&ref=c6w0hk4n
6LARV,https://made.example.invalid/e08-02/2-1158?utm_source=share&ref=3tyhkcvz
6LAS1,https://made.example.invalid/e08-02/517-1164?utm_source=share&ref=v055pdfn
6LAS0,https://made.example.invalid/e08-02/514-1163?utm_source=share&ref=5t1zj5oo
6LARX,https://made.example.invalid/e08-02/511-1160?utm_source=share&ref=a1jttgc8
6LAS3,https://made.example.invalid/e08-02/515-1166?utm_source=share&ref=hj5l0r1j
6LARZ,https://made.example.invalid/e08-02/512-1162?utm_source=share&ref=p8ttj0lf
6LARY,https://made.example.invalid/e08-02/13-1161?utm_source=share&ref=1o2f851u
6LAS2,https://made.example.invalid/e08-02/523-1165?utm_source=share&ref=4h1lag5l
6LAS4,https://made.example.invalid/e08-02/521-1167?utm_source=share&ref=sei9u6ip
6LAS5,https://made.example.invalid/e08-02/528-1168?utm_source=share&ref=ua3z5nzn
6LAS6,https://made.example.invalid/e08-02/518-1169?utm_source=share&ref=b6vz1wut
6LAS7,https://made.example.invalid/e08-02/516-1170?utm_source=share&ref=7zeh5mzp
6LAS8,https://made.example.invalid/e08-02/525-1171?utm_source=share&ref=9hszhk0y
6LAS9,https://made.example.invalid/e08-02/520-1172?utm_source=share&ref=n3ondzj6
6LASa,https://made.example.invalid/e08-02/527-1173?utm_source=share&ref=vn9x1wqr
6LASb,https://made.example.invalid/e08-02/519-1174?utm_source=share&ref=x0cx5ct8
6LASc,https://made.example.invalid/e08-02/526-1175?utm_source=share&ref=jntv5jon
6LASd,https://made.example.invalid/e08-02/524-1176?utm_source=share&ref=6n613jc1
6LASe,https://made.example.invalid/e08-02/522-1177?utm_source=share&ref=fz2t7eqf
6LASf,https://made.example.invalid/e08-02/532-1178?utm_source=share&ref=ne6tt32c
6LASg,https://made.example.invalid/e08-02/529-1179?utm_source=share&ref=dsnhgrvc
6LASh,https://made.example.invalid/e08-02/530-1180?utm_source=share&ref=s5uft2v4
6LASi,https://made.example.invalid/e08-02/531-1181?utm_source=share&ref=z6s7vmrd
6LASj,https://made.example.invalid/e08-02/534-1182?utm_source=share&ref=ewqz040l
6LASk,https://made.example.invalid/e08-02/536-1183?utm_source=share&ref=1yv2n91z
6LASl,https://made.example.invalid/e08-02/537-1184?utm_source=share&ref=lkm10eci
6LASm,https://made.example.invalid/e08-02/533-1185?utm_source=share&ref=xh8io23f
6LASn,https://made.example.invalid/e08-02/544-1186?utm_source=share&ref=25i3hixj
6LASo,https://made.example.invalid/e08-02/535-1187?utm_source=share&ref=v79iqblu
6LASp,https://made.example.invalid/e08-02/538-1188?utm_source=share&ref=1xpk7zov
6LASq,https://made.example.invalid/e08-02/543-1189?utm_source=share&ref=ou4k1zvd
6LASr,https://made.example.invalid/e08-02/540-1190?utm_source=share&ref=n88lkhue
6LASs,https://made.example.invalid/e08-02/541-1191?utm_source=share&ref=s9ndmy0x
6LASt,https://made.example.invalid/e08-02/542-1192?utm_source=share&ref=7y0schz3
6LASu,https://made.example.invalid/e08-02/539-1193?utm_source=share&ref=iqafp6si
6LASv,https://made.example.invalid/e08-02/545-1194?utm_source=share&ref=fljdo0jp
6LASw,https://made.example.invalid/e08-02/546-1195?utm_source=share&ref=sin7tj4u
6LASx,https://made.example.invalid/e08-02/548-1196?utm_source=share&ref=iifrop81
6LASy,https://made.example.invalid/e08-02/550-1197?utm_source=share&ref=3fj4e7ws
6LASz,https://made.example.invalid/e08-02/549-1198?utm_source=share&ref=zra1lp1v
6LASA,https://made.example.invalid/e08-02/5-1199?utm_source=share&ref=z4wlq536
6LASB,https://made.example.invalid/e08-02/3-1200?utm_source=share&ref=ss8mta83
6LASC,https://made.example.invalid/e08-02/547-1201?utm_source=share&ref=quuxyj09
6LASD,https://made.example.invalid/e08-02/10-1202?utm_source=share&ref=4fwxc948
6LASE,https://made.example.invalid/e08-02/12-1203?utm_source=share&ref=b3z0usnq
6LASF,https://made.example.invalid/e08-02/17-1204?utm_source=share&ref=i5upocgl
6LASG,https://made.example.invalid/e08-02/21-1205?utm_source=share&ref=ab4nyslx
6LASH,https://made.example.invalid/e08-02/513-1206?utm_source=share&ref=kve5c5vh
6LASI,https://made.example.invalid/e08-02/22-1207?utm_source=share&ref=q8ivdjig
6LASJ,https://made.example.invalid/e08-02/24-1208?utm_source=share&ref=9padck42
6LASK,https://made.example.invalid/e08-02/2-1209?utm_source=share&ref=179hhp6k
6LASL,https://made.example.invalid/e08-02/517-1210?utm_source=share&ref=0i4ec5ix
6LASM,https://made.example.invalid/e08-02/514-1211?utm_source=share&ref=k4tu7u85
6LASN,https://made.example.invalid/e08-02/511-1212?utm_source=share&ref=4gju1k0a
6LASO,https://made.example.invalid/e08-02/515-1213?utm_source=share&ref=93el2xir
6LASP,https://made.example.invalid/e08-02/512-1214?utm_source=share&ref=29fnpcsf
6LASQ,https://made.example.invalid/e08-02/13-1215?utm_source=share&ref=ev3grvpo
6LASR,https://made.example.invalid/e08-02/523-1216?utm_source=share&ref=y289gpc7
6LASS,https://made.example.invalid/e08-02/521-1217?utm_source=share&ref=7rbvgg9e
6LAST,https://made.example.invalid/e08-02/528-1218?utm_source=share&ref=frzf7f41
6LASU,https://made.example.invalid/e08-02/518-1219?utm_source=share&ref=fgqk4vkx
6LASV,https://made.example.invalid/e08-02/516-1220?utm_source=share&ref=plnwpkqr
6LASW,https://made.example.invalid/e08-02/525-1221?utm_source=share&ref=mek8hcvk
6LASX,https://made.example.invalid/e08-02/520-1222?utm_source=share&ref=cdgs89gf
6LASY,https://made.example.invalid/e08-02/527-1223?utm_source=share&ref=u1x7kp8i
6LASZ,https://made.example.invalid/e08-02/519-1224?utm_source=share&ref=fnxeab4y
6LAT0,https://made.example.invalid/e08-02/526-1225?utm_source=share&ref=q1xfr0xi
6LAT1,https://made.example.invalid/e08-02/524-1226?utm_source=share&ref=v8c15tb1
6LAT2,https://made.example.invalid/e08-02/522-1227?utm_source=share&ref=y4kk9e1j
6LAT3,https://made.example.invalid/e08-02/532-1228?utm_source=share&ref=w1zv2qtl
6LAT4,https://made.example.invalid/e08-02/529-1229?utm_source=share&ref=g5jnem9y
6LAT5,https://made.example.invalid/e08-02/530-1230?utm_source=share&ref=tuie9yzb
6LAT6,https://made.example.invalid/e08-02/531-1231?utm_source=share&ref=q1klgmzw
6LAT7,https://made.example.invalid/e08-02/534-1232?utm_source=share&ref=d1c0dowt
6LAT8,https://made.example.invalid/e08-02/536-1233?utm_source=share&ref=s1eiuami
6LAT9,https://made.example.invalid/e08-02/537-1234?utm_source=share&ref=gl0oxfmg
6LATa,https://made.example.invalid/e08-02/533-1235?utm_source=share&ref=iyu5fpk1
6LATb,https://made.example.invalid/e08-02/544-1236?utm_source=share&ref=yx9v4ttl
6LATc,https://made.example.invalid/e08-02/535-1237?utm_source=share&ref=5jwp5awa
6LATd,https://made.example.invalid/e08-02/538-1238?utm_source=share&ref=ggkrzwoy
6LATe,https://made.example.invalid/e08-02/543-1239?utm_source=share&ref=3arjwxeg
6LATf,https://made.example.invalid/e08-02/540-1240?utm_source=share&ref=rj1uyv9e
6LATg,https://made.example.invalid/e08-02/541-1241?utm_source=share&ref=91mmk3v2
6LATh,https://made.example.invalid/e08-02/542-1242?utm_source=share&ref=oecs2e8n
6LATi,https://made.example.invalid/e08-02/539-1243?utm_source=share&ref=rtler7k9
6LATj,https://made.example.invalid/e08-02/545-1244?utm_source=share&ref=fjtwb2ry
6LATk,https://made.example.invalid/e08-02/546-1245?utm_source=share&ref=9t0n9yty
6LATl,https://made.example.invalid/e08-02/548-1246?utm_source=share&ref=7a65xcgz
6LATm,https://made.example.invalid/e08-02/550-1247?utm_source=share&ref=vvd0g9cj
6LATn,https://made.example.invalid/e08-02/549-1248?utm_source=share&ref=czbgtg6h
6LATo,https://made.example.invalid/e08-02/5-1249?utm_source=share&ref=u13nnmur
6LATp,https://made.example.invalid/e08-02/3-1250?utm_source=share&ref=0a9214mz
6LATq,https://made.example.invalid/e08-02/547-1251?utm_source=share&ref=ygelnisj
6LATr,https://made.example.invalid/e08-02/10-1252?utm_source=share&ref=iixqklgz
6LATs,https://made.example.invalid/e08-02/12-1253?utm_source=share&ref=1vyeern6
6LATt,https://made.example.invalid/e08-02/17-1254?utm_source=share&ref=at6r799z
6LATu,https://made.example.invalid/e08-02/21-1255?utm_source=share&ref=voapucxf
6LATv,https://made.example.invalid/e08-02/513-1256?utm_source=share&ref=5xzi6rbm
6LATw,https://made.example.invalid/e08-02/22-1257?utm_source=share&ref=qncjk0ag
6LATx,https://made.example.invalid/e08-02/24-1258?utm_source=share&ref=f3oi0hq7
6LATy,https://made.example.invalid/e08-02/2-1259?utm_source=share&ref=zqdzqwpm
6LATz,https://made.example.invalid/e08-02/517-1260?utm_source=share&ref=muvos01f
6LATA,https://made.example.invalid/e08-02/514-1261?utm_source=share&ref=1a3kigsf
6LATB,https://made.example.invalid/e08-02/511-1262?utm_source=share&ref=taf0nbpo
6LATC,https://made.example.invalid/e08-02/515-1263?utm_source=share&ref=4bsdvgq0
6LATD,https://made.example.invalid/e08-02/512-1264?utm_source=share&ref=yktwewe0
6LATE,https://made.example.invalid/e08-02/13-1265?utm_source=share&ref=dsekd3qf
6LATF,https://made.example.invalid/e08-02/523-1266?utm_source=share&ref=hnhfngxp
6LATG,https://made.example.invalid/e08-02/521-1267?utm_source=share&ref=2d0nsxfo
6LATH,https://made.example.invalid/e08-02/528-1268?utm_source=share&ref=lmor5y39
6LATJ,https://made.example.invalid/e08-02/516-1270?utm_source=share&ref=d8tlldk9
6LATI,https://made.example.invalid/e08-02/518-1269?utm_source=share&ref=px9n7l8a
6LATK,https://made.example.invalid/e08-02/525-1271?utm_source=share&ref=sxddxmmk
6LATL,https://made.example.invalid/e08-02/520-1272?utm_source=share&ref=eh2wcknf
6LATM,https://made.example.invalid/e08-02/527-1273?utm_source=share&ref=eqjm9ena
6LATN,https://made.example.invalid/e08-02/519-1274?utm_source=share&ref=2raoxdz7
6LATO,https://made.example.invalid/e08-02/526-1275?utm_source=share&ref=s7bpburq
6LATP,https://made.example.invalid/e08-02/524-1276?utm_source=share&ref=lfggosz7
6LATQ,https://made.example.invalid/e08-02/522-1277?utm_source=share&ref=duv1zcwk
6LATR,https://made.example.invalid/e08-02/532-1278?utm_source=share&ref=ljhjvefc
6LATS,https://made.example.invalid/e08-02/529-1279?utm_source=share&ref=1i3p9upt
6LATT,https://made.example.invalid/e08-02/530-1280?utm_source=share&ref=gyvi6gtk
6LATU,https://made.example.invalid/e08-02/531-1281?utm_source=share&ref=ve3v7kjx
6LATV,https://made.example.invalid/e08-02/534-1282?utm_source=share&ref=x89p8vjc
6LATW,https://made.example.invalid/e08-02/536-1283?utm_source=share&ref=let2lkaw
6LATX,https://made.example.invalid/e08-02/537-1284?utm_source=share&ref=nmwtuqai
6LATY,https://made.example.invalid/e08-02/533-1285?utm_source=share&ref=fe5q4p6i
6LATZ,https://made.example.invalid/e08-02/544-1286?utm_source=share&ref=68vo3iwt
6LAU0,https://made.example.invalid/e08-02/535-1287?utm_source=share&ref=ibjmql5n
6LAU1,https://made.example.invalid/e08-02/538-1288?utm_source=share&ref=xo90g86b
6LAU2,https://made.example.invalid/e08-02/543-1289?utm_source=share&ref=lvu3c5li
6LAU3,https://made.example.invalid/e08-02/540-1290?utm_source=share&ref=vaa509t2
6LAU4,https://made.example.invalid/e08-02/541-1291?utm_source=share&ref=p07mpgs3
6LAU5,https://made.example.invalid/e08-02/542-1292?utm_source=share&ref=0fjv79jd
6LAU6,https://made.example.invalid/e08-02/539-1293?utm_source=share&ref=siu141yo
6LAU7,https://made.example.invalid/e08-02/545-1294?utm_source=share&ref=r314je7s
6LAU8,https://made.example.invalid/e08-02/546-1295?utm_source=share&ref=kbz07ikg
6LAU9,https://made.example.invalid/e08-02/548-1296?utm_source=share&ref=jios3hcc
6LAUa,https://made.example.invalid/e08-02/550-1297?utm_source=share&ref=0dqj3423
6LAUb,https://made.example.invalid/e08-02/549-1298?utm_source=share&ref=ctg75cwg
6LAUc,https://made.example.invalid/e08-02/5-1299?utm_source=share&ref=5ti5sd1h
6LAUd,https://made.example.invalid/e08-02/3-1300?utm_source=share&ref=at0dl54k
6LAUe,https://made.example.invalid/e08-02/547-1301?utm_source=share&ref=twtr4ymw
6LAUf,https://made.example.invalid/e08-02/10-1302?utm_source=share&ref=5rwa9t9e
6LAUg,https://made.example.invalid/e08-02/12-1303?utm_source=share&ref=q3s7rzkk
6LAUh,https://made.example.invalid/e08-02/17-1304?utm_source=share&ref=486a1hyw
6LAUi,https://made.example.invalid/e08-02/21-1305?utm_source=share&ref=ytbqmwgc
6LAUj,https://made.example.invalid/e08-02/513-1306?utm_source=share&ref=dxvcr7hc
6LAUk,https://made.example.invalid/e08-02/22-1307?utm_source=share&ref=zrmis60y
6LAUl,https://made.example.invalid/e08-02/24-1308?utm_source=share&ref=qcbux9zb
6LAUm,https://made.example.invalid/e08-02/2-1309?utm_source=share&ref=hpdwj3rd
6LAUn,https://made.example.invalid/e08-02/517-1310?utm_source=share&ref=4go0bphu
6LAUo,https://made.example.invalid/e08-02/514-1311?utm_source=share&ref=rslsxz5f
6LAUp,https://made.example.invalid/e08-02/511-1312?utm_source=share&ref=yo7sf0ql
6LAUq,https://made.example.invalid/e08-02/515-1313?utm_source=share&ref=2aijd083
6LAUr,https://made.example.invalid/e08-02/512-1314?utm_source=share&ref=cwecawsg
6LAUs,https://made.example.invalid/e08-02/13-1315?utm_source=share&ref=w4wa1zhj
6LAUt,https://made.example.invalid/e08-02/523-1316?utm_source=share&ref=qkysse9l
6LAUu,https://made.example.invalid/e08-02/521-1317?utm_source=share&ref=2vsh91fq
6LAUv,https://made.example.invalid/e08-02/528-1318?utm_source=share&ref=kiqjrun3
6LAUw,https://made.example.invalid/e08-02/516-1319?utm_source=share&ref=chu2ef9g
6LAUx,https://made.example.invalid/e08-02/518-1320?utm_source=share&ref=0q78rio6
6LAUy,https://made.example.invalid/e08-02/525-1321?utm_source=share&ref=050gjn3a
6LAUz,https://made.example.invalid/e08-02/520-1322?utm_source=share&ref=xhmg475k
6LAUA,https://made.example.invalid/e08-02/527-1323?utm_source=share&ref=l0x260b5
6LAUB,https://made.example.invalid/e08-02/519-1324?utm_source=share&ref=tl3jly2f
6LAUC,https://made.example.invalid/e08-02/526-1325?utm_source=share&ref=8uq9hoyr
6LAUD,https://made.example.invalid/e08-02/524-1326?utm_source=share&ref=mdiytm2x
6LAUE,https://made.example.invalid/e08-02/522-1327?utm_source=share&ref=tj8skiqk
6LAUF,https://made.example.invalid/e08-02/532-1328?utm_source=share&ref=374tsof3
6LAUG,https://made.example.invalid/e08-02/529-1329?utm_source=share&ref=vf9jwwqe
6LAUH,https://made.example.invalid/e08-02/530-1330?utm_source=share&ref=4w0yex8a
6LAUI,https://made.example.invalid/e08-02/531-1331?utm_source=share&ref=ujebqdyt
6LAUJ,https://made.example.invalid/e08-02/534-1332?utm_source=share&ref=py94u7lc
6LAUK,https://made.example.invalid/e08-02/536-1333?utm_source=share&ref=qwvxszsc
6LAUL,https://made.example.invalid/e08-02/537-1334?utm_source=share&ref=fubmahu8
6LAUM,https://made.example.invalid/e08-02/533-1335?utm_source=share&ref=utiwa6s6
6LAUN,https://made.example.invalid/e08-02/544-1336?utm_source=share&ref=y72gg2lh
6LAUO,https://made.example.invalid/e08-02/535-1337?utm_source=share&ref=ogq4e9x0
6LAUP,https://made.example.invalid/e08-02/538-1338?utm_source=share&ref=wnw3l9cs
6LAUQ,https://made.example.invalid/e08-02/543-1339?utm_source=share&ref=ns0ms7lx
6LAUR,https://made.example.invalid/e08-02/540-1340?utm_source=share&ref=7fb1kvmo
6LAUS,https://made.example.invalid/e08-02/541-1341?utm_source=share&ref=lapiai5d
6LAUT,https://made.example.invalid/e08-02/542-1342?utm_source=share&ref=dwx7oprg
6LAUU,https://made.example.invalid/e08-02/539-1343?utm_source=share&ref=xkm0pfer
6LAUV,https://made.example.invalid/e08-02/545-1344?utm_source=share&ref=m33wtec2
6LAUW,https://made.example.invalid/e08-02/546-1345?utm_source=share&ref=ecienejs
6LAUX,https://made.example.invalid/e08-02/548-1346?utm_source=share&ref=ynet0wpj
6LAUY,https://made.example.invalid/e08-02/550-1347?utm_source=share&ref=trr4jqs8
6LAUZ,https://made.example.invalid/e08-02/549-1348?utm_source=share&ref=aevwwnlv
6LAV0,https://made.example.invalid/e08-02/5-1349?utm_source=share&ref=ofv3xiiq
6LAV1,https://made.example.invalid/e08-02/3-1350?utm_source=share&ref=k0a7z31u
6LAV2,https://made.example.invalid/e08-02/547-1351?utm_source=share&ref=flgxiqug
6LAV3,https://made.example.invalid/e08-02/10-1352?utm_source=share&ref=enrqiy0c
6LAV4,https://made.example.invalid/e08-02/12-1353?utm_source=share&ref=z63iyllt
6LAV5,https://made.example.invalid/e08-02/17-1354?utm_source=share&ref=e4ixzzx0
6LAV6,https://made.example.invalid/e08-02/21-1355?utm_source=share&ref=n559bjth
6LAV7,https://made.example.invalid/e08-02/513-1356?utm_source=share&ref=644lrp3j
6LAV8,https://made.example.invalid/e08-02/22-1357?utm_source=share&ref=mkq1u6hw
6LAV9,https://made.example.invalid/e08-02/24-1358?utm_source=share&ref=5930pfx5
6LAVa,https://made.example.invalid/e08-02/2-1359?utm_source=share&ref=5qlp9qoi
6LAVb,https://made.example.invalid/e08-02/517-1360?utm_source=share&ref=dybyr9fl
6LAVc,https://made.example.invalid/e08-02/514-1361?utm_source=share&ref=sc415gdn
6LAVd,https://made.example.invalid/e08-02/511-1362?utm_source=share&ref=6g9g345k
6LAVe,https://made.example.invalid/e08-02/515-1363?utm_source=share&ref=u9719cej
6LAVf,https://made.example.invalid/e08-02/512-1364?utm_source=share&ref=ghrev54k
6LAVg,https://made.example.invalid/e08-02/13-1365?utm_source=share&ref=ijjjpft3
6LAVh,https://made.example.invalid/e08-02/523-1366?utm_source=share&ref=t9wqpy8r
6LAVi,https://made.example.invalid/e08-02/521-1367?utm_source=share&ref=233521h3
6LAVj,https://made.example.invalid/e08-02/528-1368?utm_source=share&ref=9yz58s24
6LAVk,https://made.example.invalid/e08-02/516-1369?utm_source=share&ref=p8da1omj
6LAVl,https://made.example.invalid/e08-02/518-1370?utm_source=share&ref=rxzfdn5g
6LAVm,https://made.example.invalid/e08-02/525-1371?utm_source=share&ref=loxnnuv1
6LAVn,https://made.example.invalid/e08-02/520-1372?utm_source=share&ref=nz8z3wk2
6LAVo,https://made.example.invalid/e08-02/527-1373?utm_source=share&ref=3ocmm17t
6LAVp,https://made.example.invalid/e08-02/519-1374?utm_source=share&ref=3zfvuqg7
6LAVq,https://made.example.invalid/e08-02/526-1375?utm_source=share&ref=oxkngumu
6LAVr,https://made.example.invalid/e08-02/524-1376?utm_source=share&ref=9jcmbvvh
6LAVs,https://made.example.invalid/e08-02/522-1377?utm_source=share&ref=xt40a250
6LAVt,https://made.example.invalid/e08-02/532-1378?utm_source=share&ref=f769o4v8
6LAVu,https://made.example.invalid/e08-02/529-1379?utm_source=share&ref=h1apd37f
6LAVv,https://made.example.invalid/e08-02/530-1380?utm_source=share&ref=gxcnz8du
6LAVw,https://made.example.invalid/e08-02/531-1381?utm_source=share&ref=yagauw2i
6LAVx,https://made.example.invalid/e08-02/534-1382?utm_source=share&ref=1z8pamje
6LAVy,https://made.example.invalid/e08-02/536-1383?utm_source=share&ref=ib7rovwh
6LAVz,https://made.example.invalid/e08-02/537-1384?utm_source=share&ref=xipmpehn
6LAVA,https://made.example.invalid/e08-02/533-1385?utm_source=share&ref=4hklohtq
6LAVB,https://made.example.invalid/e08-02/544-1386?utm_source=share&ref=taafr5a5
6LAVC,https://made.example.invalid/e08-02/535-1387?utm_source=share&ref=l1hgrvr9
6LAVD,https://made.example.invalid/e08-02/538-1388?utm_source=share&ref=iwfi93bh
6LAVF,https://made.example.invalid/e08-02/540-1390?utm_source=share&ref=mck2jabh
6LAVE,https://made.example.invalid/e08-02/543-1389?utm_source=share&ref=3rmuxb40
6LAVG,https://made.example.invalid/e08-02/541-1391?utm_source=share&ref=tezzk0ko
6LAVH,https://made.example.invalid/e08-02/542-1392?utm_source=share&ref=9h1jhqkk
6LAVI,https://made.example.invalid/e08-02/539-1393?utm_source=share&ref=9fp5qj5c
6LAVJ,https://made.example.invalid/e08-02/545-1394?utm_source=share&ref=w1g1edkw
6LAVK,https://made.example.invalid/e08-02/546-1395?utm_source=share&ref=2e9f6hlx
6LAVL,https://made.example.invalid/e08-02/548-1396?utm_source=share&ref=yqke3vmu
6LAVM,https://made.example.invalid/e08-02/550-1397?utm_source=share&ref=jaom9msx
6LAVN,https://made.example.invalid/e08-02/549-1398?utm_source=share&ref=hed6g9ym
6LAVO,https://made.example.invalid/e08-02/5-1399?utm_source=share&ref=81x41m85
6LAVP,https://made.example.invalid/e08-02/3-1400?utm_source=share&ref=4ynii32e
6LAVQ,https://made.example.invalid/e08-02/547-1401?utm_source=share&ref=ceuz20g6
6LAVR,https://made.example.invalid/e08-02/10-1402?utm_source=share&ref=onm3734f
6LAVS,https://made.example.invalid/e08-02/12-1403?utm_source=share&ref=3dnm33ff
6LAVT,https://made.example.invalid/e08-02/17-1404?utm_source=share&ref=4l4w8nh3
6LAVU,https://made.example.invalid/e08-02/21-1405?utm_source=share&ref=a0x23xs8
6LAVV,https://made.example.invalid/e08-02/513-1406?utm_source=share&ref=httemzvr
6LAVW,https://made.example.invalid/e08-02/22-1407?utm_source=share&ref=o27at1jf
6LAVX,https://made.example.invalid/e08-02/24-1408?utm_source=share&ref=oowrqo0d
6LAVY,https://made.example.invalid/e08-02/2-1409?utm_source=share&ref=zsi9t6jw
6LAVZ,https://made.example.invalid/e08-02/517-1410?utm_source=share&ref=67kic2qz
6LAW0,https://made.example.invalid/e08-02/514-1411?utm_source=share&ref=6vgkj93r
6LAW1,https://made.example.invalid/e08-02/511-1412?utm_source=share&ref=5ca3tjhf
6LAW2,https://made.example.invalid/e08-02/515-1413?utm_source=share&ref=6d2auch4
6LAW3,https://made.example.invalid/e08-02/512-1414?utm_source=share&ref=f4t7iwro
6LAW4,https://made.example.invalid/e08-02/13-1415?utm_source=share&ref=73ha5xhn
6LAW5,https://made.example.invalid/e08-02/523-1416?utm_source=share&ref=4vtvyhhd
6LAW6,https://made.example.invalid/e08-02/521-1417?utm_source=share&ref=92r6nleb
6LAW7,https://made.example.invalid/e08-02/528-1418?utm_source=share&ref=gc5sw35x
6LAW8,https://made.example.invalid/e08-02/516-1419?utm_source=share&ref=npgbavyf
6LAW9,https://made.example.invalid/e08-02/518-1420?utm_source=share&ref=i8xrz88y
6LAWa,https://made.example.invalid/e08-02/525-1421?utm_source=share&ref=mb9bmjpb
6LAWb,https://made.example.invalid/e08-02/520-1422?utm_source=share&ref=zi2ktrjc
6LAWc,https://made.example.invalid/e08-02/527-1423?utm_source=share&ref=6y9ydioq
6LAWd,https://made.example.invalid/e08-02/519-1424?utm_source=share&ref=1j8f3wcx
6LAWe,https://made.example.invalid/e08-02/526-1425?utm_source=share&ref=byycdd2b
6LAWf,https://made.example.invalid/e08-02/524-1426?utm_source=share&ref=y9fxunbk
6LAWg,https://made.example.invalid/e08-02/522-1427?utm_source=share&ref=iwpsiryb
6LAWh,https://made.example.invalid/e08-02/532-1428?utm_source=share&ref=xhfz1o1u
6LAWi,https://made.example.invalid/e08-02/529-1429?utm_source=share&ref=niencmrl
6LAWj,https://made.example.invalid/e08-02/530-1430?utm_source=share&ref=ptwy5jdw
6LAWk,https://made.example.invalid/e08-02/531-1431?utm_source=share&ref=euq9sy1i
6LAWl,https://made.example.invalid/e08-02/534-1432?utm_source=share&ref=qsqbsmg4
6LAWm,https://made.example.invalid/e08-02/536-1433?utm_source=share&ref=em07rzi5
6LAWn,https://made.example.invalid/e08-02/537-1434?utm_source=share&ref=hgybiajz
6LAWo,https://made.example.invalid/e08-02/533-1435?utm_source=share&ref=nh4ukdnx
6LAWp,https://made.example.invalid/e08-02/544-1436?utm_source=share&ref=3picxrjt
6LAWq,https://made.example.invalid/e08-02/535-1437?utm_source=share&ref=zdi5lm3z
6LAWr,https://made.example.invalid/e08-02/538-1438?utm_source=share&ref=t0p1l7vc
6LAWs,https://made.example.invalid/e08-02/540-1439?utm_source=share&ref=nqt8jl2f
6LAWt,https://made.example.invalid/e08-02/543-1440?utm_source=share&ref=8gi9itpn
6LAWu,https://made.example.invalid/e08-02/541-1441?utm_source=share&ref=jkke93ia
6LAWv,https://made.example.invalid/e08-02/542-1442?utm_source=share&ref=xsnlj5s0
6LAWw,https://made.example.invalid/e08-02/539-1443?utm_source=share&ref=8elx8uy2
6LAWx,https://made.example.invalid/e08-02/545-1444?utm_source=share&ref=cqayxw6y
6LAWy,https://made.example.invalid/e08-02/546-1445?utm_source=share&ref=uobn5xll
6LAWz,https://made.example.invalid/e08-02/548-1446?utm_source=share&ref=nah9g5nb
6LAWA,https://made.example.invalid/e08-02/550-1447?utm_source=share&ref=vasvazi4
6LAWB,https://made.example.invalid/e08-02/549-1448?utm_source=share&ref=5gacpmlm
6LAWC,https://made.example.invalid/e08-02/5-1449?utm_source=share&ref=y0j5i8wd
6LAWD,https://made.example.invalid/e08-02/3-1450?utm_source=share&ref=90n5zs36
6LAWE,https://made.example.invalid/e08-02/547-1451?utm_source=share&ref=p5alqqah
6LAWF,https://made.example.invalid/e08-02/10-1452?utm_source=share&ref=arv5ssnl
6LAWG,https://made.example.invalid/e08-02/12-1453?utm_source=share&ref=9rhcga9r
6LAWH,https://made.example.invalid/e08-02/17-1454?utm_source=share&ref=y4n8ap9s
6LAWI,https://made.example.invalid/e08-02/21-1455?utm_source=share&ref=2w9vg7ez
6LAWJ,https://made.example.invalid/e08-02/513-1456?utm_source=share&ref=g1zfn5cu
6LAWK,https://made.example.invalid/e08-02/22-1457?utm_source=share&ref=q95j0s5o
6LAWL,https://made.example.invalid/e08-02/24-1458?utm_source=share&ref=wqkgu06y
6LAWM,https://made.example.invalid/e08-02/2-1459?utm_source=share&ref=8igmydkn
6LAWN,https://made.example.invalid/e08-02/517-1460?utm_source=share&ref=xx3usc6v
6LAWO,https://made.example.invalid/e08-02/514-1461?utm_source=share&ref=4dwjqqkd
6LAWP,https://made.example.invalid/e08-02/511-1462?utm_source=share&ref=u3riu2l8
6LAWQ,https://made.example.invalid/e08-02/515-1463?utm_source=share&ref=peorkr05
6LAWR,https://made.example.invalid/e08-02/512-1464?utm_source=share&ref=3u7p4rwd
6LAWS,https://made.example.invalid/e08-02/13-1465?utm_source=share&ref=j5w2npw3
6LAWT,https://made.example.invalid/e08-02/523-1466?utm_source=share&ref=z78toa4u
6LAWU,https://made.example.invalid/e08-02/521-1467?utm_source=share&ref=ugs5kol3
6LAWV,https://made.example.invalid/e08-02/528-1468?utm_source=share&ref=xyde75gh
6LAWW,https://made.example.invalid/e08-02/516-1469?utm_source=share&ref=svsiqny1
6LAWX,https://made.example.invalid/e08-02/518-1470?utm_source=share&ref=jueg6ce8
6LAWY,https://made.example.invalid/e08-02/525-1471?utm_source=share&ref=3pcntldw
6LAWZ,https://made.example.invalid/e08-02/520-1472?utm_source=share&ref=3srf35z3
6LAX0,https://made.example.invalid/e08-02/527-1473?utm_source=share&ref=ebvcoumb
6LAX1,https://made.example.invalid/e08-02/519-1474?utm_source=share&ref=g51kf56o
6LAX2,https://made.example.invalid/e08-02/526-1475?utm_source=share&ref=t03bbyne
6LAX3,https://made.example.invalid/e08-02/524-1476?utm_source=share&ref=c0sp7rak
6LAX4,https://made.example.invalid/e08-02/522-1477?utm_source=share&ref=uk383w6l
6LAX5,https://made.example.invalid/e08-02/532-1478?utm_source=share&ref=qmkrow61
6LAX6,https://made.example.invalid/e08-02/529-1479?utm_source=share&ref=qnuxnsd9
6LAX7,https://made.example.invalid/e08-02/530-1480?utm_source=share&ref=em2hjnj1
6LAX8,https://made.example.invalid/e08-02/531-1481?utm_source=share&ref=8qu4ok3g
6LAX9,https://made.example.invalid/e08-02/534-1482?utm_source=share&ref=cophmhfz
6LAXa,https://made.example.invalid/e08-02/536-1483?utm_source=share&ref=833r0313
6LAXb,https://made.example.invalid/e08-02/537-1484?utm_source=share&ref=zdyeth7o
6LAXc,https://made.example.invalid/e08-02/533-1485?utm_source=share&ref=t5q6i31a
6LAXd,https://made.example.invalid/e08-02/544-1486?utm_source=share&ref=7igfbvlh
6LAXe,https://made.example.invalid/e08-02/535-1487?utm_source=share&ref=aj9iwt68
6LAXf,https://made.example.invalid/e08-02/538-1488?utm_source=share&ref=mvw2l609
6LAXg,https://made.example.invalid/e08-02/540-1489?utm_source=share&ref=jbrzrt6h
6LAXh,https://made.example.invalid/e08-02/543-1490?utm_source=share&ref=6mnknkt8
6LAXi,https://made.example.invalid/e08-02/541-1491?utm_source=share&ref=94ufxilc
6LAXj,https://made.example.invalid/e08-02/542-1492?utm_source=share&ref=evvcao2k
6LAXk,https://made.example.invalid/e08-02/539-1493?utm_source=share&ref=jb3yyydl
6LAXl,https://made.example.invalid/e08-02/545-1494?utm_source=share&ref=2errngls
6LAXm,https://made.example.invalid/e08-02/546-1495?utm_source=share&ref=x3q55mcp
6LAXn,https://made.example.invalid/e08-02/548-1496?utm_source=share&ref=6boojo6j
6LAXo,https://made.example.invalid/e08-02/550-1497?utm_source=share&ref=5e0se0v6
6LAXp,https://made.example.invalid/e08-02/549-1498?utm_source=share&ref=vcn1g9lu
6LAXq,https://made.example.invalid/e08-02/5-1499?utm_source=share&ref=26ryvh2s
6LAXr,https://made.example.invalid/e08-02/3-1500?utm_source=share&ref=slbfuo5p
6LAXs,https://made.example.invalid/e08-02/547-1501?utm_source=share&ref=k6j2hz91
6LAXt,https://made.example.invalid/e08-02/10-1502?utm_source=share&ref=ed1x6qiv
6LAXu,https://made.example.invalid/e08-02/12-1503?utm_source=share&ref=vmr4g6vw
6LAXv,https://made.example.invalid/e08-02/17-1504?utm_source=share&ref=s8a4p1uz
6LAXw,https://made.example.invalid/e08-02/21-1505?utm_source=share&ref=07lycw44
6LAXx,https://made.example.invalid/e08-02/513-1506?utm_source=share&ref=b4mclz36
6LAXy,https://made.example.invalid/e08-02/22-1507?utm_source=share&ref=y3ks778d
6LAXz,https://made.example.invalid/e08-02/24-1508?utm_source=share&ref=owgnnbg5
6LAXA,https://made.example.invalid/e08-02/2-1509?utm_source=share&ref=kuc7p67z
6LAXB,https://made.example.invalid/e08-02/517-1510?utm_source=share&ref=dzcufkch
6LAXC,https://made.example.invalid/e08-02/514-1511?utm_source=share&ref=9r15818a
6LAXD,https://made.example.invalid/e08-02/511-1512?utm_source=share&ref=01c457ic
6LAXE,https://made.example.invalid/e08-02/515-1513?utm_source=share&ref=0eslpji7
6LAXF,https://made.example.invalid/e08-02/512-1514?utm_source=share&ref=e61z5p97
6LAXG,https://made.example.invalid/e08-02/13-1515?utm_source=share&ref=6mfvqxpz
6LAXH,https://made.example.invalid/e08-02/523-1516?utm_source=share&ref=t91wht9m
6LAXI,https://made.example.invalid/e08-02/521-1517?utm_source=share&ref=me8agga2
6LAXJ,https://made.example.invalid/e08-02/528-1518?utm_source=share&ref=7rmgd1pa
6LAXK,https://made.example.invalid/e08-02/516-1519?utm_source=share&ref=xg356s9l
6LAXL,https://made.example.invalid/e08-02/518-1520?utm_source=share&ref=fx800ank
6LAXM,https://made.example.invalid/e08-02/525-1521?utm_source=share&ref=q0b1bpsc
6LAXN,https://made.example.invalid/e08-02/520-1522?utm_source=share&ref=kj70fhhy
6LAXO,https://made.example.invalid/e08-02/527-1523?utm_source=share&ref=hdp2fifz
6LAXP,https://made.example.invalid/e08-02/519-1524?utm_source=share&ref=tkk9ldff
6LAXQ,https://made.example.invalid/e08-02/526-1525?utm_source=share&ref=ba8c4kh4
6LAXR,https://made.example.invalid/e08-02/524-1526?utm_source=share&ref=rlg2yzm5
6LAXS,https://made.example.invalid/e08-02/522-1527?utm_source=share&ref=tdyzux36
6LAXT,https://made.example.invalid/e08-02/532-1528?utm_source=share&ref=c76hr53m
6LAXU,https://made.example.invalid/e08-02/529-1529?utm_source=share&ref=clkwo3ev
6LAXV,https://made.example.invalid/e08-02/530-1530?utm_source=share&ref=86tcecq3
6LAXW,https://made.example.invalid/e08-02/531-1531?utm_source=share&ref=sonun35g
6LAXX,https://made.example.invalid/e08-02/534-1532?utm_source=share&ref=4sdxqhiq
6LAXY,https://made.example.invalid/e08-02/536-1533?utm_source=share&ref=ht3dopa1
6LAXZ,https://made.example.invalid/e08-02/537-1534?utm_source=share&ref=gsjsi073
6LAY0,https://made.example.invalid/e08-02/533-1535?utm_source=share&ref=ced2narc
6LAY1,https://made.example.invalid/e08-02/544-1536?utm_source=share&ref=6t74rskm
6LAY2,https://made.example.invalid/e08-02/535-1537?utm_source=share&ref=am4guzy9
6LAY3,https://made.example.invalid/e08-02/538-1538?utm_source=share&ref=b6h6z70m
6LAY4,https://made.example.invalid/e08-02/540-1539?utm_source=share&ref=8e71csnk
6LAY5,https://made.example.invalid/e08-02/543-1540?utm_source=share&ref=vrjeblvh
6LAY6,https://made.example.invalid/e08-02/541-1541?utm_source=share&ref=ak3utg9r
6LAY7,https://made.example.invalid/e08-02/542-1542?utm_source=share&ref=dcuj7lo6
6LAY8,https://made.example.invalid/e08-02/539-1543?utm_source=share&ref=k5b60xdy
6LAY9,https://made.example.invalid/e08-02/545-1544?utm_source=share&ref=wyx174le
6LAYa,https://made.example.invalid/e08-02/546-1545?utm_source=share&ref=25g2s224
6LAYb,https://made.example.invalid/e08-02/548-1546?utm_source=share&ref=py6e48wk
6LAYc,https://made.example.invalid/e08-02/550-1547?utm_source=share&ref=geg16qsa
6LAYd,https://made.example.invalid/e08-02/549-1548?utm_source=share&ref=o2e4esf2
6LAYe,https://made.example.invalid/e08-02/5-1549?utm_source=share&ref=yb79cznc
6LAYf,https://made.example.invalid/e08-02/3-1550?utm_source=share&ref=37elfuk0
6LAYg,https://made.example.invalid/e08-02/547-1551?utm_source=share&ref=jzoflp14
6LAYh,https://made.example.invalid/e08-02/10-1552?utm_source=share&ref=1321t3jo
6LAYi,https://made.example.invalid/e08-02/12-1553?utm_source=share&ref=fj6zvqmc
6LAYj,https://made.example.invalid/e08-02/17-1554?utm_source=share&ref=1ezsgybr
6LAYk,https://made.example.invalid/e08-02/21-1555?utm_source=share&ref=du5sjgej
6LAYl,https://made.example.invalid/e08-02/513-1556?utm_source=share&ref=v30vf1qz
6LAYm,https://made.example.invalid/e08-02/22-1557?utm_source=share&ref=0zb730b9
6LAYn,https://made.example.invalid/e08-02/24-1558?utm_source=share&ref=fp4qkun4
6LAYo,https://made.example.invalid/e08-02/2-1559?utm_source=share&ref=02xd71iy
6LAYp,https://made.example.invalid/e08-02/517-1560?utm_source=share&ref=9byzu4yf
6LAYq,https://made.example.invalid/e08-02/514-1561?utm_source=share&ref=iafcz6zr
6LAYr,https://made.example.invalid/e08-02/511-1562?utm_source=share&ref=5w9upv45
6LAYs,https://made.example.invalid/e08-02/515-1563?utm_source=share&ref=92ydr2xq
6LAYt,https://made.example.invalid/e08-02/512-1564?utm_source=share&ref=8ovn90dw
6LAYu,https://made.example.invalid/e08-02/13-1565?utm_source=share&ref=rvvywfbl
6LAYv,https://made.example.invalid/e08-02/523-1566?utm_source=share&ref=qt5536gd
6LAYw,https://made.example.invalid/e08-02/521-1567?utm_source=share&ref=l6eu67ij
6LAYx,https://made.example.invalid/e08-02/528-1568?utm_source=share&ref=rqc9phmn
6LAYy,https://made.example.invalid/e08-02/516-1569?utm_source=share&ref=4nbdulw7
6LAYA,https://made.example.invalid/e08-02/525-1571?utm_source=share&ref=vj2r2qkb
6LAYz,https://made.example.invalid/e08-02/518-1570?utm_source=share&ref=84hwsdmt
6LAYB,https://made.example.invalid/e08-02/520-1572?utm_source=share&ref=albeq9x5
6LAYC,https://made.example.invalid/e08-02/527-1573?utm_source=share&ref=003ratst
6LAYD,https://made.example.invalid/e08-02/519-1574?utm_source=share&ref=ifrm97jo
6LAYE,https://made.example.invalid/e08-02/526-1575?utm_source=share&ref=jcxcmblb
6LAYF,https://made.example.invalid/e08-02/524-1576?utm_source=share&ref=xmo9xamf
6LAYG,https://made.example.invalid/e08-02/522-1577?utm_source=share&ref=2ph3o6p6
6LAYH,https://made.example.invalid/e08-02/532-1578?utm_source=share&ref=ajmgo51v
6LAYI,https://made.example.invalid/e08-02/529-1579?utm_source=share&ref=ded49u6b
6LAYJ,https://made.example.invalid/e08-02/530-1580?utm_source=share&ref=z0r6mte6
6LAYK,https://made.example.invalid/e08-02/531-1581?utm_source=share&ref=ckabxa3c
6LAYL,https://made.example.invalid/e08-02/534-1582?utm_source=share&ref=xob5tlho
6LAYM,https://made.example.invalid/e08-02/536-1583?utm_source=share&ref=5ime7d46
6LAYN,https://made.example.invalid/e08-02/537-1584?utm_source=share&ref=0obuzp6m
6LAYO,https://made.example.invalid/e08-02/533-1585?utm_source=share&ref=lzjcvn8m
6LAYP,https://made.example.invalid/e08-02/544-1586?utm_source=share&ref=stodvn2j
6LAYQ,https://made.example.invalid/e08-02/535-1587?utm_source=share&ref=43gv0ahw
6LAYR,https://made.example.invalid/e08-02/538-1588?utm_source=share&ref=y380mplq
6LAYS,https://made.example.invalid/e08-02/540-1589?utm_source=share&ref=hz7qg1is
6LAYT,https://made.example.invalid/e08-02/543-1590?utm_source=share&ref=fg4wkfe8
6LAYU,https://made.example.invalid/e08-02/541-1591?utm_source=share&ref=yr1woczp
6LAYV,https://made.example.invalid/e08-02/542-1592?utm_source=share&ref=yec5yn8w
6LAYW,https://made.example.invalid/e08-02/539-1593?utm_source=share&ref=si1pke19
6LAYX,https://made.example.invalid/e08-02/545-1594?utm_source=share&ref=450i8cna
6LAYY,https://made.example.invalid/e08-02/546-1595?utm_source=share&ref=02cdo6ou
6LAYZ,https://made.example.invalid/e08-02/548-1596?utm_source=share&ref=nwa3ob0i
6LAZ0,https://made.example.invalid/e08-02/550-1597?utm_source=share&ref=lu8pd9sm
6LAZ1,https://made.example.invalid/e08-02/549-1598?utm_source=share&ref=g83ttgv2
6LAZ2,https://made.example.invalid/e08-02/5-1599?utm_source=share&ref=lixs8uls
6LAZ3,https://made.example.invalid/e08-02/3-1600?utm_source=share&ref=az18fqjl
6LAZ4,https://made.example.invalid/e08-02/547-1601?utm_source=share&ref=8h01por4
6LAZ5,https://made.example.invalid/e08-02/10-1602?utm_source=share&ref=v83y2y0h
6LAZ6,https://made.example.invalid/e08-02/12-1603?utm_source=share&ref=z0fwk8ja
6LAZ7,https://made.example.invalid/e08-02/17-1604?utm_source=share&ref=ogo9ysvp
6LAZ8,https://made.example.invalid/e08-02/21-1605?utm_source=share&ref=si7qxjo9
6LAZ9,https://made.example.invalid/e08-02/513-1606?utm_source=share&ref=lofh7m56
6LAZa,https://made.example.invalid/e08-02/22-1607?utm_source=share&ref=5npc036k
6LAZb,https://made.example.invalid/e08-02/24-1608?utm_source=share&ref=mclf0p8q
6LAZc,https://made.example.invalid/e08-02/2-1609?utm_source=share&ref=vhgkt7ol
6LAZd,https://made.example.invalid/e08-02/517-1610?utm_source=share&ref=vwuu0xj3
6LAZe,https://made.example.invalid/e08-02/514-1611?utm_source=share&ref=h1hbcctl
6LAZf,https://made.example.invalid/e08-02/511-1612?utm_source=share&ref=e4hqiu6s
6LAZg,https://made.example.invalid/e08-02/515-1613?utm_source=share&ref=2h9pr2u6
6LAZh,https://made.example.invalid/e08-02/512-1614?utm_source=share&ref=lidr9php
6LAZi,https://made.example.invalid/e08-02/13-1615?utm_source=share&ref=mxj3h1ms
6LAZj,https://made.example.invalid/e08-02/523-1616?utm_source=share&ref=dsyj5piu
6LAZk,https://made.example.invalid/e08-02/521-1617?utm_source=share&ref=m63juk8c
6LAZl,https://made.example.invalid/e08-02/528-1618?utm_source=share&ref=7vzx5u7z
6LAZm,https://made.example.invalid/e08-02/516-1619?utm_source=share&ref=hhqvajw0
6LAZn,https://made.example.invalid/e08-02/525-1620?utm_source=share&ref=wgs2bvu1
6LAZo,https://made.example.invalid/e08-02/518-1621?utm_source=share&ref=wrf4e55h
6LAZp,https://made.example.invalid/e08-02/520-1622?utm_source=share&ref=vg2ruv6g
6LAZq,https://made.example.invalid/e08-02/527-1623?utm_source=share&ref=1jnfleul
6LAZr,https://made.example.invalid/e08-02/519-1624?utm_source=share&ref=54jo74ov
6LAZs,https://made.example.invalid/e08-02/526-1625?utm_source=share&ref=htza4658
6LAZt,https://made.example.invalid/e08-02/524-1626?utm_source=share&ref=jqtlz0kz
6LAZu,https://made.example.invalid/e08-02/522-1627?utm_source=share&ref=fi6q17ll
6LAZv,https://made.example.invalid/e08-02/532-1628?utm_source=share&ref=g8p4nj2t
6LAZw,https://made.example.invalid/e08-02/529-1629?utm_source=share&ref=4prglrb7
6LAZx,https://made.example.invalid/e08-02/530-1630?utm_source=share&ref=y5uzbxz5
6LAZy,https://made.example.invalid/e08-02/531-1631?utm_source=share&ref=sts02hkd
6LAZz,https://made.example.invalid/e08-02/534-1632?utm_source=share&ref=bra3py2b
6LAZA,https://made.example.invalid/e08-02/536-1633?utm_source=share&ref=c7gxnfyz
6LAZB,https://made.example.invalid/e08-02/537-1634?utm_source=share&ref=iwrfsd09
6LAZC,https://made.example.invalid/e08-02/533-1635?utm_source=share&ref=oobfzxl0
6LAZD,https://made.example.invalid/e08-02/544-1636?utm_source=share&ref=aigfz7pe
6LAZE,https://made.example.invalid/e08-02/535-1637?utm_source=share&ref=apht8u2m
6LAZF,https://made.example.invalid/e08-02/538-1638?utm_source=share&ref=b5b03a87
6LAZG,https://made.example.invalid/e08-02/540-1639?utm_source=share&ref=yki1o8a8
6LAZH,https://made.example.invalid/e08-02/543-1640?utm_source=share&ref=cly3cu57
6LAZI,https://made.example.invalid/e08-02/541-1641?utm_source=share&ref=vtwx633l
6LAZJ,https://made.example.invalid/e08-02/542-1642?utm_source=share&ref=6uy1lvoq
6LAZK,https://made.example.invalid/e08-02/539-1643?utm_source=share&ref=kw2r0sh6
6LAZL,https://made.example.invalid/e08-02/545-1644?utm_source=share&ref=wn8sx2gq
6LAZM,https://made.example.invalid/e08-02/546-1645?utm_source=share&ref=g4urig6h
6LAZN,https://made.example.invalid/e08-02/548-1646?utm_source=share&ref=gvp2rxre
6LAZO,https://made.example.invalid/e08-02/550-1647?utm_source=share&ref=aqstjnn4
6LAZP,https://made.example.invalid/e08-02/549-1648?utm_source=share&ref=b3tvs2uy
6LAZQ,https://made.example.invalid/e08-02/5-1649?utm_source=share&ref=vfjs3hv0
6LAZR,https://made.example.invalid/e08-02/3-1650?utm_source=share&ref=woyjcach
6LAZS,https://made.example.invalid/e08-02/547-1651?utm_source=share&ref=93rq44p4
6LAZT,https://made.example.invalid/e08-02/10-1652?utm_source=share&ref=aabhmjjp
6LAZU,https://made.example.invalid/e08-02/12-1653?utm_source=share&ref=r66b1byl
6LAZV,https://made.example.invalid/e08-02/17-1654?utm_source=share&ref=ux4e6ebx
6LAZW,https://made.example.invalid/e08-02/21-1655?utm_source=share&ref=y68s2q2t
6LAZX,https://made.example.invalid/e08-02/513-1656?utm_source=share&ref=hvtvs1cs
6LAZY,https://made.example.invalid/e08-02/22-1657?utm_source=share&ref=ht24gfif
6LAZZ,https://made.example.invalid/e08-02/24-1658?utm_source=share&ref=e31ldx21
6LB00,https://made.example.invalid/e08-02/2-1659?utm_source=share&ref=behypm4b
6LB01,https://made.example.invalid/e08-02/517-1660?utm_source=share&ref=6z2e8fkz
6LB02,https://made.example.invalid/e08-02/514-1661?utm_source=share&ref=rnjt1kft
6LB03,https://made.example.invalid/e08-02/511-1662?utm_source=share&ref=mydepeob
6LB04,https://made.example.invalid/e08-02/515-1663?utm_source=share&ref=u69l0gk5
6LB05,https://made.example.invalid/e08-02/512-1664?utm_source=share&ref=axd550rq
6LB06,https://made.example.invalid/e08-02/13-1665?utm_source=share&ref=cf5g6edg
6LB07,https://made.example.invalid/e08-02/523-1666?utm_source=share&ref=uzzg5k96
6LB08,https://made.example.invalid/e08-02/521-1667?utm_source=share&ref=gfb4l5k8
6LB09,https://made.example.invalid/e08-02/528-1668?utm_source=share&ref=yhtyof8b
6LB0a,https://made.example.invalid/e08-02/516-1669?utm_source=share&ref=gnd3mytl
6LB0b,https://made.example.invalid/e08-02/525-1670?utm_source=share&ref=vhpoaw0e
6LB0c,https://made.example.invalid/e08-02/518-1671?utm_source=share&ref=zeho8pk5
6LB0d,https://made.example.invalid/e08-02/520-1672?utm_source=share&ref=jf3w2q0m
6LB0e,https://made.example.invalid/e08-02/527-1673?utm_source=share&ref=npulfgay
6LB0f,https://made.example.invalid/e08-02/519-1674?utm_source=share&ref=3nsp5ya0
6LB0g,https://made.example.invalid/e08-02/526-1675?utm_source=share&ref=a2jijn25
6LB0h,https://made.example.invalid/e08-02/524-1676?utm_source=share&ref=djf0zh64
6LB0i,https://made.example.invalid/e08-02/522-1677?utm_source=share&ref=mpj5he9d
6LB0j,https://made.example.invalid/e08-02/532-1678?utm_source=share&ref=g9ax39ne
6LB0k,https://made.example.invalid/e08-02/529-1679?utm_source=share&ref=32sh3x8p
6LB0l,https://made.example.invalid/e08-02/530-1680?utm_source=share&ref=rs8yzh47
6LB0m,https://made.example.invalid/e08-02/531-1681?utm_source=share&ref=tx53zd6x
6LB0n,https://made.example.invalid/e08-02/534-1682?utm_source=share&ref=8vimph59
6LB0o,https://made.example.invalid/e08-02/536-1683?utm_source=share&ref=e0oq4e36
6LB0p,https://made.example.invalid/e08-02/537-1684?utm_source=share&ref=s6y79uz8
6LB0q,https://made.example.invalid/e08-02/533-1685?utm_source=share&ref=tgmpzh3i
6LB0r,https://made.example.invalid/e08-02/544-1686?utm_source=share&ref=nem9h9ok
6LB0s,https://made.example.invalid/e08-02/535-1687?utm_source=share&ref=82xi4nxh
6LB0t,https://made.example.invalid/e08-02/538-1688?utm_source=share&ref=rhryty4e
6LB0u,https://made.example.invalid/e08-02/540-1689?utm_source=share&ref=8syckqoa
6LB0v,https://made.example.invalid/e08-02/543-1690?utm_source=share&ref=35cq5kl8
6LB0w,https://made.example.invalid/e08-02/541-1691?utm_source=share&ref=rb119qps
6LB0x,https://made.example.invalid/e08-02/542-1692?utm_source=share&ref=bhyg8wuf
6LB0y,https://made.example.invalid/e08-02/539-1693?utm_source=share&ref=feqrvksk
6LB0z,https://made.example.invalid/e08-02/545-1694?utm_source=share&ref=igor7n83
6LB0A,https://made.example.invalid/e08-02/546-1695?utm_source=share&ref=ykm96ou7
6LB0B,https://made.example.invalid/e08-02/548-1696?utm_source=share&ref=oispn5zw
6LB0C,https://made.example.invalid/e08-02/550-1697?utm_source=share&ref=1gmropf3
6LB0D,https://made.example.invalid/e08-02/549-1698?utm_source=share&ref=5bo1w8zy
6LB0E,https://made.example.invalid/e08-02/5-1699?utm_source=share&ref=mc4s2o62
6LB0F,https://made.example.invalid/e08-02/3-1700?utm_source=share&ref=6pi8ohhm
6LB0G,https://made.example.invalid/e08-02/547-1701?utm_source=share&ref=mmgsetcs
6LB0H,https://made.example.invalid/e08-02/10-1702?utm_source=share&ref=vq44nli6
6LB0I,https://made.example.invalid/e08-02/12-1703?utm_source=share&ref=sl4kdcic
6LB0J,https://made.example.invalid/e08-02/17-1704?utm_source=share&ref=za0x223g
6LB0K,https://made.example.invalid/e08-02/21-1705?utm_source=share&ref=2ewt2v12
6LB0L,https://made.example.invalid/e08-02/513-1706?utm_source=share&ref=l76kfsh3
6LB0M,https://made.example.invalid/e08-02/22-1707?utm_source=share&ref=jhp542dv
6LB0N,https://made.example.invalid/e08-02/24-1708?utm_source=share&ref=2ogw4nck
6LB0O,https://made.example.invalid/e08-02/2-1709?utm_source=share&ref=24i8k0v6
6LB0P,https://made.example.invalid/e08-02/517-1710?utm_source=share&ref=qcnops7f
6LB0Q,https://made.example.invalid/e08-02/514-1711?utm_source=share&ref=q6ec1ah4
6LB0R,https://made.example.invalid/e08-02/511-1712?utm_source=share&ref=9dzjddtn
6LB0S,https://made.example.invalid/e08-02/515-1713?utm_source=share&ref=thvod2c8
6LB0T,https://made.example.invalid/e08-02/512-1714?utm_source=share&ref=6vg4e78c
6LB0U,https://made.example.invalid/e08-02/13-1715?utm_source=share&ref=ss0h6baq
6LB0V,https://made.example.invalid/e08-02/523-1716?utm_source=share&ref=6ryocyzp
6LB0W,https://made.example.invalid/e08-02/521-1717?utm_source=share&ref=zrohywxo
6LB0X,https://made.example.invalid/e08-02/528-1718?utm_source=share&ref=jkxppdmz
6LB0Y,https://made.example.invalid/e08-02/516-1719?utm_source=share&ref=bbg62l88
6LB0Z,https://made.example.invalid/e08-02/525-1720?utm_source=share&ref=0a74x590
6LB10,https://made.example.invalid/e08-02/518-1721?utm_source=share&ref=zzbujxhi
6LB11,https://made.example.invalid/e08-02/520-1722?utm_source=share&ref=d3ei1kgf
6LB12,https://made.example.invalid/e08-02/527-1723?utm_source=share&ref=r7mg4dok
6LB13,https://made.example.invalid/e08-02/519-1724?utm_source=share&ref=er8o67qj
6LB14,https://made.example.invalid/e08-02/526-1725?utm_source=share&ref=93usx188
6LB15,https://made.example.invalid/e08-02/524-1726?utm_source=share&ref=i8cl7nzm
6LB16,https://made.example.invalid/e08-02/522-1727?utm_source=share&ref=r9kqlp8a
6LB17,https://made.example.invalid/e08-02/532-1728?utm_source=share&ref=b2xwciuc
6LB18,https://made.example.invalid/e08-02/529-1729?utm_source=share&ref=4w0wyc3l
6LB19,https://made.example.invalid/e08-02/530-1730?utm_source=share&ref=osq8bptx
6LB1a,https://made.example.invalid/e08-02/531-1731?utm_source=share&ref=cielv4dt
6LB1b,https://made.example.invalid/e08-02/534-1732?utm_source=share&ref=m7nuhvvc
6LB1c,https://made.example.invalid/e08-02/536-1733?utm_source=share&ref=d99eiiql
6LB1d,https://made.example.invalid/e08-02/537-1734?utm_source=share&ref=qrb4pwvf
6LB1e,https://made.example.invalid/e08-02/533-1735?utm_source=share&ref=32lsrdjm
6LB1f,https://made.example.invalid/e08-02/544-1736?utm_source=share&ref=x6p4o571
6LB1g,https://made.example.invalid/e08-02/535-1737?utm_source=share&ref=u2ysbtda
6LB1h,https://made.example.invalid/e08-02/538-1738?utm_source=share&ref=bgun3bbg
6LB1i,https://made.example.invalid/e08-02/540-1739?utm_source=share&ref=7qoog48j
6LB1j,https://made.example.invalid/e08-02/543-1740?utm_source=share&ref=pvz2q95q
6LB1k,https://made.example.invalid/e08-02/541-1741?utm_source=share&ref=54xgyp16
6LB1l,https://made.example.invalid/e08-02/542-1742?utm_source=share&ref=pkz3j2d2
6LB1m,https://made.example.invalid/e08-02/539-1743?utm_source=share&ref=kvga93v4
6LB1n,https://made.example.invalid/e08-02/545-1744?utm_source=share&ref=f03e96ye
6LB1o,https://made.example.invalid/e08-02/546-1745?utm_source=share&ref=s0jyzvlm
6LB1p,https://made.example.invalid/e08-02/548-1746?utm_source=share&ref=1na78nmf
6LB1q,https://made.example.invalid/e08-02/550-1747?utm_source=share&ref=6ur70tio
6LB1r,https://made.example.invalid/e08-02/549-1748?utm_source=share&ref=6cioif64
6LB1s,https://made.example.invalid/e08-02/5-1749?utm_source=share&ref=fxysk5rk
6LB1t,https://made.example.invalid/e08-02/3-1750?utm_source=share&ref=7ju5mopi
6LB1u,https://made.example.invalid/e08-02/547-1751?utm_source=share&ref=2n97jhhw
6LB1v,https://made.example.invalid/e08-02/10-1752?utm_source=share&ref=9zngtrq3
6LB1w,https://made.example.invalid/e08-02/12-1753?utm_source=share&ref=z9qw0f19
6LB1x,https://made.example.invalid/e08-02/17-1754?utm_source=share&ref=suerhuos
6LB1y,https://made.example.invalid/e08-02/21-1755?utm_source=share&ref=mxmhbb2s
6LB1z,https://made.example.invalid/e08-02/513-1756?utm_source=share&ref=0lann3x9
6LB1A,https://made.example.invalid/e08-02/22-1757?utm_source=share&ref=b6nlp41p
6LB1B,https://made.example.invalid/e08-02/24-1758?utm_source=share&ref=px7vhjgr
6LB1C,https://made.example.invalid/e08-02/2-1759?utm_source=share&ref=qr4fbwep
6LB1D,https://made.example.invalid/e08-02/517-1760?utm_source=share&ref=sy2w9f8p
6LB1E,https://made.example.invalid/e08-02/514-1761?utm_source=share&ref=nrsiu89y
6LB1F,https://made.example.invalid/e08-02/511-1762?utm_source=share&ref=z8nux1a1
6LB1G,https://made.example.invalid/e08-02/515-1763?utm_source=share&ref=ct1p1mpt
6LB1H,https://made.example.invalid/e08-02/512-1764?utm_source=share&ref=vz77v8m9
6LB1I,https://made.example.invalid/e08-02/13-1765?utm_source=share&ref=0ptvfo45
6LB1J,https://made.example.invalid/e08-02/523-1766?utm_source=share&ref=dgy6gza2
6LB1K,https://made.example.invalid/e08-02/521-1767?utm_source=share&ref=5x67zxh0
6LB1L,https://made.example.invalid/e08-02/528-1768?utm_source=share&ref=rp2wzsjj
6LB1M,https://made.example.invalid/e08-02/516-1769?utm_source=share&ref=n7izpx7r
6LB1N,https://made.example.invalid/e08-02/525-1770?utm_source=share&ref=59dk8um8
6LB1O,https://made.example.invalid/e08-02/518-1771?utm_source=share&ref=w4crzkaq
6LB1P,https://made.example.invalid/e08-02/520-1772?utm_source=share&ref=2ghevz9z
6LB1Q,https://made.example.invalid/e08-02/527-1773?utm_source=share&ref=tvzy45ek
6LB1R,https://made.example.invalid/e08-02/519-1774?utm_source=share&ref=1re09btd
6LB1S,https://made.example.invalid/e08-02/526-1775?utm_source=share&ref=domtj9c4
6LB1T,https://made.example.invalid/e08-02/524-1776?utm_source=share&ref=966tmp4b
6LB1U,https://made.example.invalid/e08-02/522-1777?utm_source=share&ref=3cxxcp8h
6LB1V,https://made.example.invalid/e08-02/532-1778?utm_source=share&ref=8rthq9vg
6LB1W,https://made.example.invalid/e08-02/529-1779?utm_source=share&ref=c71jkobe
6LB1X,https://made.example.invalid/e08-02/530-1780?utm_source=share&ref=zg0ibzhv
6LB1Y,https://made.example.invalid/e08-02/531-1781?utm_source=share&ref=ia3akviz
6LB1Z,https://made.example.invalid/e08-02/534-1782?utm_source=share&ref=gvwv58ec
6LB20,https://made.example.invalid/e08-02/536-1783?utm_source=share&ref=psn1ar66
6LB21,https://made.example.invalid/e08-02/537-1784?utm_source=share&ref=asrw346g
6LB22,https://made.example.invalid/e08-02/533-1785?utm_source=share&ref=ze46pvwp
6LB23,https://made.example.invalid/e08-02/544-1786?utm_source=share&ref=4rrkj3tg
6LB24,https://made.example.invalid/e08-02/535-1787?utm_source=share&ref=omaogpo8
6LB25,https://made.example.invalid/e08-02/538-1788?utm_source=share&ref=xc22ih4g
6LB26,https://made.example.invalid/e08-02/540-1789?utm_source=share&ref=4ar35uyx
6LB27,https://made.example.invalid/e08-02/543-1790?utm_source=share&ref=m5r3v68s
6LB28,https://made.example.invalid/e08-02/541-1791?utm_source=share&ref=t4lhw0sl
6LB29,https://made.example.invalid/e08-02/542-1792?utm_source=share&ref=6b7wzg7j
6LB2a,https://made.example.invalid/e08-02/539-1793?utm_source=share&ref=76k1g9cd
6LB2b,https://made.example.invalid/e08-02/545-1794?utm_source=share&ref=9fvqcor7
6LB2c,https://made.example.invalid/e08-02/546-1795?utm_source=share&ref=bxwik6t0
6LB2d,https://made.example.invalid/e08-02/548-1796?utm_source=share&ref=oz16l5jy
6LB2e,https://made.example.invalid/e08-02/550-1797?utm_source=share&ref=sp9xikdx
6LB2f,https://made.example.invalid/e08-02/549-1798?utm_source=share&ref=2opa47j9
6LB2g,https://made.example.invalid/e08-02/5-1799?utm_source=share&ref=4hoy32t9
6LB2h,https://made.example.invalid/e08-02/3-1800?utm_source=share&ref=wey7xqyn
6LB2i,https://made.example.invalid/e08-02/547-1801?utm_source=share&ref=9b84yrn6
6LB2j,https://made.example.invalid/e08-02/10-1802?utm_source=share&ref=1qggibf8
6LB2k,https://made.example.invalid/e08-02/12-1803?utm_source=share&ref=7am71yws
6LB2l,https://made.example.invalid/e08-02/17-1804?utm_source=share&ref=e4phfs5s
6LB2m,https://made.example.invalid/e08-02/21-1805?utm_source=share&ref=klzwjuf5
6LB2n,https://made.example.invalid/e08-02/513-1806?utm_source=share&ref=qyrsvbnp
6LB2o,https://made.example.invalid/e08-02/22-1807?utm_source=share&ref=3d71541d
6LB2p,https://made.example.invalid/e08-02/24-1808?utm_source=share&ref=wkfvdvtx
6LB2q,https://made.example.invalid/e08-02/2-1809?utm_source=share&ref=owe8g1kl
6LB2r,https://made.example.invalid/e08-02/517-1810?utm_source=share&ref=biynu8ld
6LB2s,https://made.example.invalid/e08-02/514-1811?utm_source=share&ref=nhv3twrx
6LB2t,https://made.example.invalid/e08-02/511-1812?utm_source=share&ref=dshgldm0
6LB2u,https://made.example.invalid/e08-02/515-1813?utm_source=share&ref=qbcu9i2u
6LB2v,https://made.example.invalid/e08-02/512-1814?utm_source=share&ref=35x6fx2g
6LB2w,https://made.example.invalid/e08-02/13-1815?utm_source=share&ref=gl840so8
6LB2x,https://made.example.invalid/e08-02/523-1816?utm_source=share&ref=swmhu043
6LB2y,https://made.example.invalid/e08-02/521-1817?utm_source=share&ref=x2yeb9z1
6LB2z,https://made.example.invalid/e08-02/528-1818?utm_source=share&ref=52560cqa
6LB2A,https://made.example.invalid/e08-02/516-1819?utm_source=share&ref=4rv2l52s
6LB2B,https://made.example.invalid/e08-02/525-1820?utm_source=share&ref=5c3ynop2
6LB2C,https://made.example.invalid/e08-02/518-1821?utm_source=share&ref=171l8nrh
6LB2D,https://made.example.invalid/e08-02/520-1822?utm_source=share&ref=hjy4mliq
6LB2E,https://made.example.invalid/e08-02/527-1823?utm_source=share&ref=ua6byq70
6LB2F,https://made.example.invalid/e08-02/519-1824?utm_source=share&ref=kmi2uixg
6LB2G,https://made.example.invalid/e08-02/526-1825?utm_source=share&ref=133cogce
6LB2H,https://made.example.invalid/e08-02/524-1826?utm_source=share&ref=7pjcywzq
6LB2I,https://made.example.invalid/e08-02/522-1827?utm_source=share&ref=ztx6s1r2
6LB2J,https://made.example.invalid/e08-02/532-1828?utm_source=share&ref=lm9f4ibr
6LB2K,https://made.example.invalid/e08-02/529-1829?utm_source=share&ref=4vcbtioi
6LB2L,https://made.example.invalid/e08-02/530-1830?utm_source=share&ref=9ysk4m2u
6LB2M,https://made.example.invalid/e08-02/531-1831?utm_source=share&ref=bt8agmdv
6LB2N,https://made.example.invalid/e08-02/534-1832?utm_source=share&ref=k7li97jn
6LB2O,https://made.example.invalid/e08-02/536-1833?utm_source=share&ref=037mwpoh
6LB2P,https://made.example.invalid/e08-02/537-1834?utm_source=share&ref=c2w8sesr
6LB2Q,https://made.example.invalid/e08-02/533-1835?utm_source=share&ref=njw4b8xu
6LB2R,https://made.example.invalid/e08-02/544-1836?utm_source=share&ref=61yq82p3
6LB2S,https://made.example.invalid/e08-02/535-1837?utm_source=share&ref=xcoq6y3j
6LB2T,https://made.example.invalid/e08-02/538-1838?utm_source=share&ref=c00vsslh
6LB2U,https://made.example.invalid/e08-02/540-1839?utm_source=share&ref=jadrcj4b
6LB2V,https://made.example.invalid/e08-02/543-1840?utm_source=share&ref=qoo2t085
6LB2W,https://made.example.invalid/e08-02/541-1841?utm_source=share&ref=38x4iecv
6LB2X,https://made.example.invalid/e08-02/542-1842?utm_source=share&ref=cvnbo1tr
6LB2Y,https://made.example.invalid/e08-02/539-1843?utm_source=share&ref=u0728lkf
6LB2Z,https://made.example.invalid/e08-02/545-1844?utm_source=share&ref=l4etkr5s
6LB30,https://made.example.invalid/e08-02/546-1845?utm_source=share&ref=38c4i25k
6LB31,https://made.example.invalid/e08-02/548-1846?utm_source=share&ref=fdft7oap
6LB32,https://made.example.invalid/e08-02/550-1847?utm_source=share&ref=zr83sz17
6LB33,https://made.example.invalid/e08-02/549-1848?utm_source=share&ref=u4556x4e
6LB34,https://made.example.invalid/e08-02/5-1849?utm_source=share&ref=94cgmjim
6LB35,https://made.example.invalid/e08-02/3-1850?utm_source=share&ref=vo34e2kr
6LB36,https://made.example.invalid/e08-02/547-1851?utm_source=share&ref=1pt80y23
6LB37,https://made.example.invalid/e08-02/10-1852?utm_source=share&ref=pcmnn799
6LB38,https://made.example.invalid/e08-02/12-1853?utm_source=share&ref=gab28yck
6LB39,https://made.example.invalid/e08-02/17-1854?utm_source=share&ref=v4gwlv2v
6LB3a,https://made.example.invalid/e08-02/21-1855?utm_source=share&ref=a8tbcj2f
6LB3b,https://made.example.invalid/e08-02/513-1856?utm_source=share&ref=r5s5xnka
6LB3c,https://made.example.invalid/e08-02/22-1857?utm_source=share&ref=obmhmlea
6LB3d,https://made.example.invalid/e08-02/24-1858?utm_source=share&ref=mg40uute
6LB3e,https://made.example.invalid/e08-02/2-1859?utm_source=share&ref=yd8cb01a
6LB3f,https://made.example.invalid/e08-02/517-1860?utm_source=share&ref=8brt1cgl
6LB3g,https://made.example.invalid/e08-02/514-1861?utm_source=share&ref=a22m7jkl
6LB3h,https://made.example.invalid/e08-02/511-1862?utm_source=share&ref=edvf3i6f
6LB3i,https://made.example.invalid/e08-02/515-1863?utm_source=share&ref=hy5uccfq
6LB3j,https://made.example.invalid/e08-02/512-1864?utm_source=share&ref=d7156ka9
6LB3k,https://made.example.invalid/e08-02/13-1865?utm_source=share&ref=80pq93mq
6LB3l,https://made.example.invalid/e08-02/523-1866?utm_source=share&ref=w6fz8za6
6LB3m,https://made.example.invalid/e08-02/521-1867?utm_source=share&ref=n2uwqm9z
6LB3n,https://made.example.invalid/e08-02/528-1868?utm_source=share&ref=5ejy4ybs
6LB3o,https://made.example.invalid/e08-02/516-1869?utm_source=share&ref=2nnj77iv
6LB3p,https://made.example.invalid/e08-02/525-1870?utm_source=share&ref=17ey9zm0
6LB3q,https://made.example.invalid/e08-02/518-1871?utm_source=share&ref=jux1qtn0
6LB3r,https://made.example.invalid/e08-02/520-1872?utm_source=share&ref=cmnbj5wr
6LB3s,https://made.example.invalid/e08-02/527-1873?utm_source=share&ref=t0w3dj01
6LB3t,https://made.example.invalid/e08-02/519-1874?utm_source=share&ref=b6gfn6x9
6LB3u,https://made.example.invalid/e08-02/526-1875?utm_source=share&ref=4xo20gx9
6LB3v,https://made.example.invalid/e08-02/524-1876?utm_source=share&ref=fm19a8uc
6LB3w,https://made.example.invalid/e08-02/522-1877?utm_source=share&ref=qysaxaar
6LB3x,https://made.example.invalid/e08-02/532-1878?utm_source=share&ref=mhjx2qfd
6LB3y,https://made.example.invalid/e08-02/529-1879?utm_source=share&ref=00iiff29
6LB3z,https://made.example.invalid/e08-02/530-1880?utm_source=share&ref=ktkqeit5
6LB3A,https://made.example.invalid/e08-02/531-1881?utm_source=share&ref=pkjzmfqn
6LB3B,https://made.example.invalid/e08-02/534-1882?utm_source=share&ref=wjs80skd
6LB3C,https://made.example.invalid/e08-02/536-1883?utm_source=share&ref=opftj4yv
6LB3D,https://made.example.invalid/e08-02/537-1884?utm_source=share&ref=h7239zar
6LB3E,https://made.example.invalid/e08-02/533-1885?utm_source=share&ref=19m8b8of
6LB3F,https://made.example.invalid/e08-02/544-1886?utm_source=share&ref=nz8q62v4
6LB3G,https://made.example.invalid/e08-02/535-1887?utm_source=share&ref=4szl2y24
6LB3H,https://made.example.invalid/e08-02/538-1888?utm_source=share&ref=hu89xu1c
6LB3I,https://made.example.invalid/e08-02/540-1889?utm_source=share&ref=at889axf
6LB3J,https://made.example.invalid/e08-02/543-1890?utm_source=share&ref=9jvgqj9v
6LB3K,https://made.example.invalid/e08-02/541-1891?utm_source=share&ref=1058pcs3
6LB3L,https://made.example.invalid/e08-02/542-1892?utm_source=share&ref=nn3lizm0
6LB3M,https://made.example.invalid/e08-02/539-1893?utm_source=share&ref=9x9w0um4
6LB3N,https://made.example.invalid/e08-02/545-1894?utm_source=share&ref=et4ygtn5
6LB3O,https://made.example.invalid/e08-02/546-1895?utm_source=share&ref=0ss6sp0j
6LB3P,https://made.example.invalid/e08-02/548-1896?utm_source=share&ref=amvbzpn3
6LB3Q,https://made.example.invalid/e08-02/550-1897?utm_source=share&ref=u3uxqmsh
6LB3R,https://made.example.invalid/e08-02/549-1898?utm_source=share&ref=4iwsyfsm
6LB3S,https://made.example.invalid/e08-02/5-1899?utm_source=share&ref=bfdq14tg
6LB3T,https://made.example.invalid/e08-02/3-1900?utm_source=share&ref=5hkv82im
6LB3U,https://made.example.invalid/e08-02/547-1901?utm_source=share&ref=cot3k4l1
6LB3V,https://made.example.invalid/e08-02/10-1902?utm_source=share&ref=ci83p1c8
6LB3W,https://made.example.invalid/e08-02/12-1903?utm_source=share&ref=0coe6ifw
6LB3X,https://made.example.invalid/e08-02/17-1904?utm_source=share&ref=oml9j0cd
6LB3Y,https://made.example.invalid/e08-02/21-1905?utm_source=share&ref=2fjpw9ch
6LB3Z,https://made.example.invalid/e08-02/513-1906?utm_source=share&ref=vvqgs4wc
6LB40,https://made.example.invalid/e08-02/22-1907?utm_source=share&ref=9ue97cnx
6LB41,https://made.example.invalid/e08-02/24-1908?utm_source=share&ref=g8fpf0yn
6LB42,https://made.example.invalid/e08-02/2-1909?utm_source=share&ref=2vjofcpr
6LB43,https://made.example.invalid/e08-02/517-1910?utm_source=share&ref=asa99j5c
6LB44,https://made.example.invalid/e08-02/514-1911?utm_source=share&ref=ktake2tv
6LB45,https://made.example.invalid/e08-02/511-1912?utm_source=share&ref=z89ujnhj
6LB46,https://made.example.invalid/e08-02/515-1913?utm_source=share&ref=lb7vws2y
6LB47,https://made.example.invalid/e08-02/512-1914?utm_source=share&ref=d62bnhji
6LB48,https://made.example.invalid/e08-02/13-1915?utm_source=share&ref=07sn0jeu
6LB49,https://made.example.invalid/e08-02/523-1916?utm_source=share&ref=3pgaxef0
6LB4a,https://made.example.invalid/e08-02/521-1917?utm_source=share&ref=l0m1yyvo
6LB4b,https://made.example.invalid/e08-02/528-1918?utm_source=share&ref=zluewsby
6LB4c,https://made.example.invalid/e08-02/516-1919?utm_source=share&ref=08yoi9ko
6LB4d,https://made.example.invalid/e08-02/525-1920?utm_source=share&ref=w4ozjd9l
6LB4e,https://made.example.invalid/e08-02/518-1921?utm_source=share&ref=zotr5hh0
6LB4f,https://made.example.invalid/e08-02/520-1922?utm_source=share&ref=ad1dpuv1
6LB4g,https://made.example.invalid/e08-02/527-1923?utm_source=share&ref=9lgllf2h
6LB4h,https://made.example.invalid/e08-02/519-1924?utm_source=share&ref=cg0i4u6v
6LB4i,https://made.example.invalid/e08-02/526-1925?utm_source=share&ref=82vrxxwy
6LB4j,https://made.example.invalid/e08-02/524-1926?utm_source=share&ref=4yg53zlp
6LB4k,https://made.example.invalid/e08-02/522-1927?utm_source=share&ref=yjt014m8
6LB4l,https://made.example.invalid/e08-02/532-1928?utm_source=share&ref=tez0v8nb
6LB4n,https://made.example.invalid/e08-02/530-1930?utm_source=share&ref=s7nmgspq
6LB4m,https://made.example.invalid/e08-02/529-1929?utm_source=share&ref=rrgtzosm
6LB4o,https://made.example.invalid/e08-02/531-1931?utm_source=share&ref=rkn3d8p0
6LB4p,https://made.example.invalid/e08-02/534-1932?utm_source=share&ref=vxwc8a9r
6LB4q,https://made.example.invalid/e08-02/536-1933?utm_source=share&ref=7qkw83fv
6LB4r,https://made.example.invalid/e08-02/537-1934?utm_source=share&ref=weattje5
6LB4s,https://made.example.invalid/e08-02/533-1935?utm_source=share&ref=t5jat29f
6LB4t,https://made.example.invalid/e08-02/544-1936?utm_source=share&ref=ptg98btw
6LB4u,https://made.example.invalid/e08-02/535-1937?utm_source=share&ref=afza2cqb
6LB4v,https://made.example.invalid/e08-02/538-1938?utm_source=share&ref=t1eqzm4j
6LB4w,https://made.example.invalid/e08-02/540-1939?utm_source=share&ref=wu214wb9
6LB4x,https://made.example.invalid/e08-02/543-1940?utm_source=share&ref=2giaezok
6LB4y,https://made.example.invalid/e08-02/541-1941?utm_source=share&ref=8brizzbu
6LB4z,https://made.example.invalid/e08-02/542-1942?utm_source=share&ref=q6fepf4y
6LB4A,https://made.example.invalid/e08-02/539-1943?utm_source=share&ref=4hgm6pp8
6LB4B,https://made.example.invalid/e08-02/545-1944?utm_source=share&ref=4gv4e1e4
6LB4C,https://made.example.invalid/e08-02/546-1945?utm_source=share&ref=omzizjwy
6LB4D,https://made.example.invalid/e08-02/548-1946?utm_source=share&ref=3nmive6e
6LB4E,https://made.example.invalid/e08-02/550-1947?utm_source=share&ref=e6et80rw
6LB4F,https://made.example.invalid/e08-02/549-1948?utm_source=share&ref=ihoiv1jo
6LB4G,https://made.example.invalid/e08-02/5-1949?utm_source=share&ref=vrtldryz
6LB4H,https://made.example.invalid/e08-02/3-1950?utm_source=share&ref=trwytkvv
6LB4I,https://made.example.invalid/e08-02/547-1951?utm_source=share&ref=88r41qdi
6LB4J,https://made.example.invalid/e08-02/10-1952?utm_source=share&ref=rvbcv2r6
6LB4K,https://made.example.invalid/e08-02/12-1953?utm_source=share&ref=x607g1ra
6LB4L,https://made.example.invalid/e08-02/17-1954?utm_source=share&ref=gg6zk2nf
6LB4M,https://made.example.invalid/e08-02/21-1955?utm_source=share&ref=s3bqism2
6LB4N,https://made.example.invalid/e08-02/513-1956?utm_source=share&ref=f131g1xm
6LB4O,https://made.example.invalid/e08-02/22-1957?utm_source=share&ref=gg7b730a
6LB4P,https://made.example.invalid/e08-02/24-1958?utm_source=share&ref=gift91sk
6LB4Q,https://made.example.invalid/e08-02/2-1959?utm_source=share&ref=mlbzy65a
6LB4R,https://made.example.invalid/e08-02/517-1960?utm_source=share&ref=pot64yuc
6LB4S,https://made.example.invalid/e08-02/514-1961?utm_source=share&ref=4eep0g9j
6LB4T,https://made.example.invalid/e08-02/511-1962?utm_source=share&ref=52oelgu0
6LB4U,https://made.example.invalid/e08-02/515-1963?utm_source=share&ref=tojny4u6
6LB4V,https://made.example.invalid/e08-02/512-1964?utm_source=share&ref=x6w4ht4i
6LB4W,https://made.example.invalid/e08-02/13-1965?utm_source=share&ref=ecfsuwbb
6LB4X,https://made.example.invalid/e08-02/523-1966?utm_source=share&ref=w4gmyw6n
6LB4Y,https://made.example.invalid/e08-02/521-1967?utm_source=share&ref=abav350n
6LB4Z,https://made.example.invalid/e08-02/528-1968?utm_source=share&ref=w4795zuz
6LB50,https://made.example.invalid/e08-02/516-1969?utm_source=share&ref=zz93b4em
6LB51,https://made.example.invalid/e08-02/525-1970?utm_source=share&ref=k30vefa3
6LB52,https://made.example.invalid/e08-02/518-1971?utm_source=share&ref=hv7jht1i
6LB53,https://made.example.invalid/e08-02/520-1972?utm_source=share&ref=vjqt1in4
6LB54,https://made.example.invalid/e08-02/527-1973?utm_source=share&ref=dplq4ayc
6LB55,https://made.example.invalid/e08-02/519-1974?utm_source=share&ref=c0l4lxke
6LB56,https://made.example.invalid/e08-02/526-1975?utm_source=share&ref=l5spdb2o
6LB57,https://made.example.invalid/e08-02/524-1976?utm_source=share&ref=mzea25ae
6LB58,https://made.example.invalid/e08-02/522-1977?utm_source=share&ref=5vqp1cpg
6LB59,https://made.example.invalid/e08-02/532-1978?utm_source=share&ref=ofdj0hx5
6LB5a,https://made.example.invalid/e08-02/530-1979?utm_source=share&ref=2s4md2gh
6LB5b,https://made.example.invalid/e08-02/529-1980?utm_source=share&ref=36jft93p
6LB5c,https://made.example.invalid/e08-02/531-1981?utm_source=share&ref=0svsl2ly
6LB5d,https://made.example.invalid/e08-02/534-1982?utm_source=share&ref=syh3zfra
6LB5e,https://made.example.invalid/e08-02/536-1983?utm_source=share&ref=5p1r61lq
6LB5f,https://made.example.invalid/e08-02/537-1984?utm_source=share&ref=17tpl61d
6LB5g,https://made.example.invalid/e08-02/533-1985?utm_source=share&ref=wy7xisg2
6LB5h,https://made.example.invalid/e08-02/544-1986?utm_source=share&ref=mwa9wr5d
6LB5i,https://made.example.invalid/e08-02/535-1987?utm_source=share&ref=e4d4v8q8
6LB5j,https://made.example.invalid/e08-02/538-1988?utm_source=share&ref=chv4gzcj
6LB5k,https://made.example.invalid/e08-02/540-1989?utm_source=share&ref=sm91d5lq
6LB5l,https://made.example.invalid/e08-02/543-1990?utm_source=share&ref=1e2kbe8n
6LB5m,https://made.example.invalid/e08-02/541-1991?utm_source=share&ref=el9c8bd8
6LB5n,https://made.example.invalid/e08-02/542-1992?utm_source=share&ref=xziw1yvs
6LB5o,https://made.example.invalid/e08-02/539-1993?utm_source=share&ref=gbcl6hb3
6LB5p,https://made.example.invalid/e08-02/545-1994?utm_source=share&ref=4ytgoxaf
6LB5q,https://made.example.invalid/e08-02/546-1995?utm_source=share&ref=wnllj5d8
6LB5r,https://made.example.invalid/e08-02/548-1996?utm_source=share&ref=vdw6fde9
6LB5s,https://made.example.invalid/e08-02/550-1997?utm_source=share&ref=ax2tz8uc
6LB5t,https://made.example.invalid/e08-02/549-1998?utm_source=share&ref=cs3vpv0n
6LB5u,https://made.example.invalid/e08-02/5-1999?utm_source=share&ref=ijhxd7g8
6LB5v,https://made.example.invalid/e08-02/3-2000?utm_source=share&ref=oauuwusn
6LB5w,https://made.example.invalid/e08-02/547-2001?utm_source=share&ref=e21h963f
6LB5x,https://made.example.invalid/e08-02/10-2002?utm_source=share&ref=b78hdsuj
6LB5y,https://made.example.invalid/e08-02/12-2003?utm_source=share&ref=794cg0fm
6LB5z,https://made.example.invalid/e08-02/17-2004?utm_source=share&ref=1pc6li7q
6LB5A,https://made.example.invalid/e08-02/21-2005?utm_source=share&ref=y22bkaob
6LB5B,https://made.example.invalid/e08-02/513-2006?utm_source=share&ref=6tm92bc9
6LB5C,https://made.example.invalid/e08-02/22-2007?utm_source=share&ref=m5c6w1k9
6LB5D,https://made.example.invalid/e08-02/24-2008?utm_source=share&ref=kpp2ryvy
6LB5E,https://made.example.invalid/e08-02/2-2009?utm_source=share&ref=gbyizzi9
6LB5F,https://made.example.invalid/e08-02/517-2010?utm_source=share&ref=jkl5nh05
6LB5G,https://made.example.invalid/e08-02/514-2011?utm_source=share&ref=ea6st8x1
6LB5H,https://made.example.invalid/e08-02/511-2012?utm_source=share&ref=7dzqzgmp
6LB5I,https://made.example.invalid/e08-02/515-2013?utm_source=share&ref=gp834ixy
6LB5J,https://made.example.invalid/e08-02/512-2014?utm_source=share&ref=sckz5g5c
6LB5K,https://made.example.invalid/e08-02/13-2015?utm_source=share&ref=8ikawa8f
6LB5L,https://made.example.invalid/e08-02/523-2016?utm_source=share&ref=pwls3oxs
6LB5M,https://made.example.invalid/e08-02/521-2017?utm_source=share&ref=6moa2ugt
6LB5N,https://made.example.invalid/e08-02/528-2018?utm_source=share&ref=ovqx1kno
6LB5O,https://made.example.invalid/e08-02/516-2019?utm_source=share&ref=9xoff2k1
6LB5P,https://made.example.invalid/e08-02/525-2020?utm_source=share&ref=bexal6gn
6LB5Q,https://made.example.invalid/e08-02/518-2021?utm_source=share&ref=hlw9edj1
6LB5R,https://made.example.invalid/e08-02/520-2022?utm_source=share&ref=e3b7ocwr
6LB5S,https://made.example.invalid/e08-02/527-2023?utm_source=share&ref=28rel47j
6LB5T,https://made.example.invalid/e08-02/519-2024?utm_source=share&ref=3s6xaq2v
6LB5U,https://made.example.invalid/e08-02/526-2025?utm_source=share&ref=w6j8u60j
6LB5V,https://made.example.invalid/e08-02/524-2026?utm_source=share&ref=xdvjzmbl
6LB5W,https://made.example.invalid/e08-02/522-2027?utm_source=share&ref=vbwgbsho
6LB5X,https://made.example.invalid/e08-02/532-2028?utm_source=share&ref=abno390r
6LB5Y,https://made.example.invalid/e08-02/530-2029?utm_source=share&ref=08k2akhb
6LB5Z,https://made.example.invalid/e08-02/529-2030?utm_source=share&ref=qvqhfwn8
6LB60,https://made.example.invalid/e08-02/531-2031?utm_source=share&ref=zx7sp4wi
6LB61,https://made.example.invalid/e08-02/534-2032?utm_source=share&ref=1afsnctg
6LB62,https://made.example.invalid/e08-02/536-2033?utm_source=share&ref=7mbk8wdp
6LB63,https://made.example.invalid/e08-02/537-2034?utm_source=share&ref=rke9cxwk
6LB64,https://made.example.invalid/e08-02/533-2035?utm_source=share&ref=80czq7gq
6LB65,https://made.example.invalid/e08-02/544-2036?utm_source=share&ref=hq2kyyb9
6LB66,https://made.example.invalid/e08-02/535-2037?utm_source=share&ref=ez4sgv6w
6LB67,https://made.example.invalid/e08-02/538-2038?utm_source=share&ref=c9c0o329
6LB68,https://made.example.invalid/e08-02/540-2039?utm_source=share&ref=ttw6917x
6LB69,https://made.example.invalid/e08-02/543-2040?utm_source=share&ref=p86kr89x
6LB6a,https://made.example.invalid/e08-02/541-2041?utm_source=share&ref=dvupc1ii
6LB6b,https://made.example.invalid/e08-02/542-2042?utm_source=share&ref=l6lxdsa0
6LB6c,https://made.example.invalid/e08-02/539-2043?utm_source=share&ref=tnd7wtqc
6LB6d,https://made.example.invalid/e08-02/545-2044?utm_source=share&ref=cl6nlhuy
6LB6e,https://made.example.invalid/e08-02/546-2045?utm_source=share&ref=pja6dldp
6LB6f,https://made.example.invalid/e08-02/548-2046?utm_source=share&ref=fvrf7v0w
6LB6g,https://made.example.invalid/e08-02/550-2047?utm_source=share&ref=h5mvb7kn
6LB6h,https://made.example.invalid/e08-02/549-2048?utm_source=share&ref=pqbc47p6
6LB6i,https://made.example.invalid/e08-02/5-2049?utm_source=share&ref=nq4bxgsv
6LB6j,https://made.example.invalid/e08-02/3-2050?utm_source=share&ref=2ab414b1
6LB6k,https://made.example.invalid/e08-02/547-2051?utm_source=share&ref=x1z72g4f
6LB6l,https://made.example.invalid/e08-02/10-2052?utm_source=share&ref=pjiiow8n
6LB6m,https://made.example.invalid/e08-02/12-2053?utm_source=share&ref=1zwcmmea
6LB6n,https://made.example.invalid/e08-02/17-2054?utm_source=share&ref=m8sbvv9v
6LB6o,https://made.example.invalid/e08-02/21-2055?utm_source=share&ref=zzd9dxyg
6LB6p,https://made.example.invalid/e08-02/513-2056?utm_source=share&ref=8g4qhoiw
6LB6q,https://made.example.invalid/e08-02/22-2057?utm_source=share&ref=04v4nq4x
6LB6r,https://made.example.invalid/e08-02/24-2058?utm_source=share&ref=8rbx2q5a
6LB6s,https://made.example.invalid/e08-02/2-2059?utm_source=share&ref=ttix0hkc
6LB6t,https://made.example.invalid/e08-02/517-2060?utm_source=share&ref=par6qztl
6LB6u,https://made.example.invalid/e08-02/514-2061?utm_source=share&ref=6i2wv348
6LB6v,https://made.example.invalid/e08-02/511-2062?utm_source=share&ref=x0bj34z8
6LB6w,https://made.example.invalid/e08-02/515-2063?utm_source=share&ref=komfsnni
6LB6x,https://made.example.invalid/e08-02/512-2064?utm_source=share&ref=aj2iwc30
6LB6y,https://made.example.invalid/e08-02/13-2065?utm_source=share&ref=f4mq6nam
6LB6z,https://made.example.invalid/e08-02/523-2066?utm_source=share&ref=hptgi9go
6LB6A,https://made.example.invalid/e08-02/521-2067?utm_source=share&ref=iadqqfdz
6LB6B,https://made.example.invalid/e08-02/528-2068?utm_source=share&ref=5h7nzdl3
6LB6C,https://made.example.invalid/e08-02/516-2069?utm_source=share&ref=1x7cz39c
6LB6D,https://made.example.invalid/e08-02/525-2070?utm_source=share&ref=deb5ii1e
6LB6E,https://made.example.invalid/e08-02/518-2071?utm_source=share&ref=lunc6f9p
6LB6F,https://made.example.invalid/e08-02/520-2072?utm_source=share&ref=qj3hi8jq
6LB6G,https://made.example.invalid/e08-02/527-2073?utm_source=share&ref=52a2c35x
6LB6H,https://made.example.invalid/e08-02/519-2074?utm_source=share&ref=1mqn5a3r
6LB6I,https://made.example.invalid/e08-02/526-2075?utm_source=share&ref=86h0ni9g
6LB6J,https://made.example.invalid/e08-02/524-2076?utm_source=share&ref=cypvfqww
6LB6K,https://made.example.invalid/e08-02/522-2077?utm_source=share&ref=czyw6fwz
6LB6L,https://made.example.invalid/e08-02/532-2078?utm_source=share&ref=v3at80kr
6LB6M,https://made.example.invalid/e08-02/530-2079?utm_source=share&ref=gisuoglt
6LB6N,https://made.example.invalid/e08-02/529-2080?utm_source=share&ref=z4vl98q5
6LB6O,https://made.example.invalid/e08-02/531-2081?utm_source=share&ref=z9zbi1a6
6LB6P,https://made.example.invalid/e08-02/534-2082?utm_source=share&ref=mllok5t5
6LB6Q,https://made.example.invalid/e08-02/536-2083?utm_source=share&ref=kekxkg4b
6LB6R,https://made.example.invalid/e08-02/537-2084?utm_source=share&ref=nybxmo9i
6LB6S,https://made.example.invalid/e08-02/533-2085?utm_source=share&ref=fztzm1if
6LB6T,https://made.example.invalid/e08-02/544-2086?utm_source=share&ref=br4msgeg
6LB6U,https://made.example.invalid/e08-02/535-2087?utm_source=share&ref=exwxxu6t
6LB6V,https://made.example.invalid/e08-02/538-2088?utm_source=share&ref=8n2xhjb5
6LB6W,https://made.example.invalid/e08-02/540-2089?utm_source=share&ref=2bp9a3vb
6LB6X,https://made.example.invalid/e08-02/543-2090?utm_source=share&ref=llq3hywg
6LB6Y,https://made.example.invalid/e08-02/541-2091?utm_source=share&ref=p1d97heo
6LB6Z,https://made.example.invalid/e08-02/542-2092?utm_source=share&ref=9h071o7e
6LB70,https://made.example.invalid/e08-02/539-2093?utm_source=share&ref=kv5dgzyr
6LB71,https://made.example.invalid/e08-02/545-2094?utm_source=share&ref=94aad1sr
6LB72,https://made.example.invalid/e08-02/546-2095?utm_source=share&ref=v04mhlig
6LB73,https://made.example.invalid/e08-02/548-2096?utm_source=share&ref=s3i5sk50
6LB74,https://made.example.invalid/e08-02/550-2097?utm_source=share&ref=xhgdg1k0
6LB75,https://made.example.invalid/e08-02/549-2098?utm_source=share&ref=7ngicbng
6LB76,https://made.example.invalid/e08-02/5-2099?utm_source=share&ref=6p4qv44o
6LB77,https://made.example.invalid/e08-02/3-2100?utm_source=share&ref=yr7c9v86
6LB78,https://made.example.invalid/e08-02/547-2101?utm_source=share&ref=out82cwx
6LB79,https://made.example.invalid/e08-02/10-2102?utm_source=share&ref=bph5gn5f
6LB7a,https://made.example.invalid/e08-02/12-2103?utm_source=share&ref=dn6g4y9a
6LB7b,https://made.example.invalid/e08-02/17-2104?utm_source=share&ref=rod8ra5d
6LB7c,https://made.example.invalid/e08-02/21-2105?utm_source=share&ref=s5ku6o9c
6LB7e,https://made.example.invalid/e08-02/22-2107?utm_source=share&ref=y7eo2ndk
6LB7d,https://made.example.invalid/e08-02/513-2106?utm_source=share&ref=ky7d9khh
6LB7g,https://made.example.invalid/e08-02/2-2109?utm_source=share&ref=bplwa6fy
6LB7f,https://made.example.invalid/e08-02/24-2108?utm_source=share&ref=527lr9p4
6LB7i,https://made.example.invalid/e08-02/514-2111?utm_source=share&ref=yv7a9qlg
6LB7h,https://made.example.invalid/e08-02/517-2110?utm_source=share&ref=gx1fyaip
6LB7l,https://made.example.invalid/e08-02/512-2114?utm_source=share&ref=cyd3tmyy
6LB7j,https://made.example.invalid/e08-02/511-2112?utm_source=share&ref=535mc610
6LB7k,https://made.example.invalid/e08-02/515-2113?utm_source=share&ref=iy0xs34h
6LB7p,https://made.example.invalid/e08-02/528-2118?utm_source=share&ref=3na0v3mr
6LB7q,https://made.example.invalid/e08-02/516-2119?utm_source=share&ref=nzwr8cfc
6LB7n,https://made.example.invalid/e08-02/523-2116?utm_source=share&ref=8exbbrgz
6LB7m,https://made.example.invalid/e08-02/13-2115?utm_source=share&ref=fwshelb8
6LB7r,https://made.example.invalid/e08-02/525-2120?utm_source=share&ref=veekrsja
6LB7o,https://made.example.invalid/e08-02/521-2117?utm_source=share&ref=qxmguzz9
6LB7s,https://made.example.invalid/e08-02/518-2121?utm_source=share&ref=aarwjbut
6LB7t,https://made.example.invalid/e08-02/520-2122?utm_source=share&ref=679mwktv
6LB7u,https://made.example.invalid/e08-02/527-2123?utm_source=share&ref=um6umdgt
6LB7v,https://made.example.invalid/e08-02/519-2124?utm_source=share&ref=q76wjyfl
6LB7w,https://made.example.invalid/e08-02/526-2125?utm_source=share&ref=hura3tef
6LB7x,https://made.example.invalid/e08-02/524-2126?utm_source=share&ref=lp3dd8ax
6LB7y,https://made.example.invalid/e08-02/522-2127?utm_source=share&ref=r5f16sgh
6LB7z,https://made.example.invalid/e08-02/532-2128?utm_source=share&ref=6xthl6vt
6LB7A,https://made.example.invalid/e08-02/530-2129?utm_source=share&ref=5pdh96a1
6LB7B,https://made.example.invalid/e08-02/529-2130?utm_source=share&ref=sut3lxzk
6LB7C,https://made.example.invalid/e08-02/531-2131?utm_source=share&ref=lxeaql9p
6LB7D,https://made.example.invalid/e08-02/534-2132?utm_source=share&ref=4wjxqv4e
6LB7E,https://made.example.invalid/e08-02/536-2133?utm_source=share&ref=akpud3s5
6LB7F,https://made.example.invalid/e08-02/537-2134?utm_source=share&ref=ncugcxug
6LB7G,https://made.example.invalid/e08-02/533-2135?utm_source=share&ref=js7508bk
6LB7H,https://made.example.invalid/e08-02/544-2136?utm_source=share&ref=4e8j9nf5
6LB7I,https://made.example.invalid/e08-02/535-2137?utm_source=share&ref=6nkwe13z
6LB7J,https://made.example.invalid/e08-02/538-2138?utm_source=share&ref=et7z903r
6LB7K,https://made.example.invalid/e08-02/540-2139?utm_source=share&ref=wbxtzgah
6LB7L,https://made.example.invalid/e08-02/543-2140?utm_source=share&ref=kpzxaleg
6LB7M,https://made.example.invalid/e08-02/541-2141?utm_source=share&ref=o7aolyjn
6LB7N,https://made.example.invalid/e08-02/542-2142?utm_source=share&ref=cgcdsk40
6LB7O,https://made.example.invalid/e08-02/539-2143?utm_source=share&ref=v6kq9f78
6LB7P,https://made.example.invalid/e08-02/545-2144?utm_source=share&ref=blmdpcug
6LB7Q,https://made.example.invalid/e08-02/546-2145?utm_source=share&ref=zbahfhdt
6LB7R,https://made.example.invalid/e08-02/548-2146?utm_source=share&ref=db18qpfo
6LB7S,https://made.example.invalid/e08-02/550-2147?utm_source=share&ref=o7mzypxp
6LB7T,https://made.example.invalid/e08-02/549-2148?utm_source=share&ref=da8c5lp9
6LB7U,https://made.example.invalid/e08-02/5-2149?utm_source=share&ref=5e0s9b3d
6LB7V,https://made.example.invalid/e08-02/3-2150?utm_source=share&ref=nes11sn2
6LB7W,https://made.example.invalid/e08-02/547-2151?utm_source=share&ref=lxjuxsfe
6LB7X,https://made.example.invalid/e08-02/10-2152?utm_source=share&ref=mhsnpr15
6LB7Y,https://made.example.invalid/e08-02/12-2153?utm_source=share&ref=u7s43v2j
6LB7Z,https://made.example.invalid/e08-02/17-2154?utm_source=share&ref=fhr8lm30
6LB80,https://made.example.invalid/e08-02/21-2155?utm_source=share&ref=0usfpd8v
6LB81,https://made.example.invalid/e08-02/22-2156?utm_source=share&ref=rs5u89mr
6LB82,https://made.example.invalid/e08-02/513-2157?utm_source=share&ref=lp3ow2kk
6LB83,https://made.example.invalid/e08-02/2-2158?utm_source=share&ref=p7h5vhgk
6LB84,https://made.example.invalid/e08-02/24-2159?utm_source=share&ref=xn4po3y8
6LB85,https://made.example.invalid/e08-02/514-2160?utm_source=share&ref=vz059i49
6LB86,https://made.example.invalid/e08-02/517-2161?utm_source=share&ref=x5waezrr
6LB87,https://made.example.invalid/e08-02/512-2162?utm_source=share&ref=2sqwk71b
6LB88,https://made.example.invalid/e08-02/511-2163?utm_source=share&ref=eqs0upil
6LB89,https://made.example.invalid/e08-02/515-2164?utm_source=share&ref=mqz04m5e
6LB8a,https://made.example.invalid/e08-02/528-2165?utm_source=share&ref=mq3pxuod
6LB8b,https://made.example.invalid/e08-02/516-2166?utm_source=share&ref=23bydzlk
6LB8c,https://made.example.invalid/e08-02/523-2167?utm_source=share&ref=qr324xks
6LB8d,https://made.example.invalid/e08-02/13-2168?utm_source=share&ref=oi9hxomk
6LB8e,https://made.example.invalid/e08-02/525-2169?utm_source=share&ref=p047kgub
6LB8f,https://made.example.invalid/e08-02/521-2170?utm_source=share&ref=37h2hmpl
6LB8g,https://made.example.invalid/e08-02/518-2171?utm_source=share&ref=yotbr4ey
6LB8h,https://made.example.invalid/e08-02/520-2172?utm_source=share&ref=z7tqo790
6LB8i,https://made.example.invalid/e08-02/527-2173?utm_source=share&ref=rssgqpw3
6LB8j,https://made.example.invalid/e08-02/519-2174?utm_source=share&ref=c8n41xpq
6LB8k,https://made.example.invalid/e08-02/526-2175?utm_source=share&ref=pmq4aw30
6LB8l,https://made.example.invalid/e08-02/524-2176?utm_source=share&ref=oq0ragnl
6LB8m,https://made.example.invalid/e08-02/522-2177?utm_source=share&ref=semj76a7
6LB8n,https://made.example.invalid/e08-02/532-2178?utm_source=share&ref=2oupehxa
6LB8o,https://made.example.invalid/e08-02/530-2179?utm_source=share&ref=caf3shdy
6LB8p,https://made.example.invalid/e08-02/529-2180?utm_source=share&ref=xm4f9mkq
6LB8q,https://made.example.invalid/e08-02/531-2181?utm_source=share&ref=rsrs94cd
6LB8r,https://made.example.invalid/e08-02/534-2182?utm_source=share&ref=lhpxvdne
6LB8s,https://made.example.invalid/e08-02/536-2183?utm_source=share&ref=e2pxsl0k
6LB8t,https://made.example.invalid/e08-02/537-2184?utm_source=share&ref=ieqmf8g9
6LB8u,https://made.example.invalid/e08-02/533-2185?utm_source=share&ref=col0cs7g
6LB8v,https://made.example.invalid/e08-02/544-2186?utm_source=share&ref=r9ebhncv
6LB8w,https://made.example.invalid/e08-02/535-2187?utm_source=share&ref=1w6q9zqt
6LB8x,https://made.example.invalid/e08-02/538-2188?utm_source=share&ref=em5ga7i6
6LB8y,https://made.example.invalid/e08-02/540-2189?utm_source=share&ref=fks5bb5u
6LB8z,https://made.example.invalid/e08-02/543-2190?utm_source=share&ref=eeh3rzob
6LB8A,https://made.example.invalid/e08-02/541-2191?utm_source=share&ref=k4vn0fjy
6LB8B,https://made.example.invalid/e08-02/542-2192?utm_source=share&ref=ctpji4un
6LB8C,https://made.example.invalid/e08-02/539-2193?utm_source=share&ref=kroc6kq7
6LB8D,https://made.example.invalid/e08-02/545-2194?utm_source=share&ref=whkvnuy8
6LB8E,https://made.example.invalid/e08-02/546-2195?utm_source=share&ref=hlxcllpp
6LB8F,https://made.example.invalid/e08-02/548-2196?utm_source=share&ref=cut5gigw
6LB8G,https://made.example.invalid/e08-02/550-2197?utm_source=share&ref=yylp35s8
6LB8H,https://made.example.invalid/e08-02/549-2198?utm_source=share&ref=pa714qkx
6LB8I,https://made.example.invalid/e08-02/5-2199?utm_source=share&ref=ocxygd28
6LB8J,https://made.example.invalid/e08-02/3-2200?utm_source=share&ref=iemknj5v
6LB8K,https://made.example.invalid/e08-02/547-2201?utm_source=share&ref=jjqsdp6a
6LB8L,https://made.example.invalid/e08-02/10-2202?utm_source=share&ref=1fnag6kh
6LB8M,https://made.example.invalid/e08-02/12-2203?utm_source=share&ref=ubzh4r83
6LB8N,https://made.example.invalid/e08-02/17-2204?utm_source=share&ref=tb4jbbld
6LB8O,https://made.example.invalid/e08-02/21-2205?utm_source=share&ref=y1m7ljw5
6LB8P,https://made.example.invalid/e08-02/22-2206?utm_source=share&ref=rjvbeza2
6LB8Q,https://made.example.invalid/e08-02/513-2207?utm_source=share&ref=nf8rh37u
6LB8R,https://made.example.invalid/e08-02/2-2208?utm_source=share&ref=qik43imw
6LB8S,https://made.example.invalid/e08-02/24-2209?utm_source=share&ref=o89ruvxz
6LB8T,https://made.example.invalid/e08-02/514-2210?utm_source=share&ref=a2eu7ysx
6LB8U,https://made.example.invalid/e08-02/517-2211?utm_source=share&ref=7v9f5rf3
6LB8V,https://made.example.invalid/e08-02/512-2212?utm_source=share&ref=s8a5suj1
6LB8W,https://made.example.invalid/e08-02/511-2213?utm_source=share&ref=6sc1mae7
6LB8X,https://made.example.invalid/e08-02/515-2214?utm_source=share&ref=sbjt8i4v
6LB8Y,https://made.example.invalid/e08-02/528-2215?utm_source=share&ref=pi5kgw6t
6LB8Z,https://made.example.invalid/e08-02/516-2216?utm_source=share&ref=m4g5m4pq
6LB90,https://made.example.invalid/e08-02/523-2217?utm_source=share&ref=slfdjdfp
6LB91,https://made.example.invalid/e08-02/13-2218?utm_source=share&ref=9edp03av
6LB92,https://made.example.invalid/e08-02/525-2219?utm_source=share&ref=y1elggmk
6LB93,https://made.example.invalid/e08-02/521-2220?utm_source=share&ref=i8g87erz
6LB94,https://made.example.invalid/e08-02/518-2221?utm_source=share&ref=v95zi0g0
6LB95,https://made.example.invalid/e08-02/520-2222?utm_source=share&ref=mrxvkek0
6LB96,https://made.example.invalid/e08-02/527-2223?utm_source=share&ref=lpitw3hr
6LB97,https://made.example.invalid/e08-02/519-2224?utm_source=share&ref=y3q8pytt
6LB98,https://made.example.invalid/e08-02/526-2225?utm_source=share&ref=2l8rhloe
6LB99,https://made.example.invalid/e08-02/524-2226?utm_source=share&ref=kiwroznc
6LB9a,https://made.example.invalid/e08-02/522-2227?utm_source=share&ref=59md5qfm
6LB9b,https://made.example.invalid/e08-02/532-2228?utm_source=share&ref=4ztxutf8
6LB9c,https://made.example.invalid/e08-02/530-2229?utm_source=share&ref=p0cdke4h
6LB9d,https://made.example.invalid/e08-02/529-2230?utm_source=share&ref=1vsk1qpd
6LB9e,https://made.example.invalid/e08-02/531-2231?utm_source=share&ref=4y3d1mp0
6LB9f,https://made.example.invalid/e08-02/534-2232?utm_source=share&ref=7uyrdw7t
6LB9g,https://made.example.invalid/e08-02/536-2233?utm_source=share&ref=2yvqrc8u
6LB9h,https://made.example.invalid/e08-02/537-2234?utm_source=share&ref=iawvkygb
6LB9i,https://made.example.invalid/e08-02/533-2235?utm_source=share&ref=yfb1jxnv
6LB9j,https://made.example.invalid/e08-02/544-2236?utm_source=share&ref=5zmxhvl1
6LB9k,https://made.example.invalid/e08-02/535-2237?utm_source=share&ref=fsxlh9k0
6LB9l,https://made.example.invalid/e08-02/538-2238?utm_source=share&ref=buuwjcr0
6LB9m,https://made.example.invalid/e08-02/540-2239?utm_source=share&ref=2l9zf4bc
6LB9n,https://made.example.invalid/e08-02/543-2240?utm_source=share&ref=0qghjx84
6LB9o,https://made.example.invalid/e08-02/541-2241?utm_source=share&ref=46icinwf
6LB9p,https://made.example.invalid/e08-02/542-2242?utm_source=share&ref=ry56j5yw
6LB9q,https://made.example.invalid/e08-02/539-2243?utm_source=share&ref=xnnuto4l
6LB9r,https://made.example.invalid/e08-02/545-2244?utm_source=share&ref=cbj0v9jw
6LB9s,https://made.example.invalid/e08-02/546-2245?utm_source=share&ref=szlkaiig
6LB9t,https://made.example.invalid/e08-02/548-2246?utm_source=share&ref=zzfm22zq
6LB9u,https://made.example.invalid/e08-02/550-2247?utm_source=share&ref=x98q1xlw
6LB9v,https://made.example.invalid/e08-02/549-2248?utm_source=share&ref=5pfx2yyn
6LB9w,https://made.example.invalid/e08-02/5-2249?utm_source=share&ref=p8jpwxt7
6LB9x,https://made.example.invalid/e08-02/3-2250?utm_source=share&ref=z65wvhmu
6LB9y,https://made.example.invalid/e08-02/547-2251?utm_source=share&ref=jqt7tb27
6LB9z,https://made.example.invalid/e08-02/10-2252?utm_source=share&ref=vsqoog2g
6LB9A,https://made.example.invalid/e08-02/12-2253?utm_source=share&ref=aiokqzuj
6LB9B,https://made.example.invalid/e08-02/17-2254?utm_source=share&ref=yecw53c8
6LB9C,https://made.example.invalid/e08-02/21-2255?utm_source=share&ref=ryzd1k3o
6LB9D,https://made.example.invalid/e08-02/22-2256?utm_source=share&ref=yjxwadxb
6LB9E,https://made.example.invalid/e08-02/513-2257?utm_source=share&ref=25stsgqr
6LB9F,https://made.example.invalid/e08-02/2-2258?utm_source=share&ref=9acjckcv
6LB9G,https://made.example.invalid/e08-02/24-2259?utm_source=share&ref=r88z01r8
6LB9H,https://made.example.invalid/e08-02/514-2260?utm_source=share&ref=gjlyioaw
6LB9I,https://made.example.invalid/e08-02/517-2261?utm_source=share&ref=5sraxoi8
6LB9J,https://made.example.invalid/e08-02/512-2262?utm_source=share&ref=6lc69wwr
6LB9K,https://made.example.invalid/e08-02/511-2263?utm_source=share&ref=begyrqvg
6LB9L,https://made.example.invalid/e08-02/515-2264?utm_source=share&ref=p1dgobxy
6LB9M,https://made.example.invalid/e08-02/528-2265?utm_source=share&ref=oly7mj64
6LB9N,https://made.example.invalid/e08-02/516-2266?utm_source=share&ref=exle4kz7
6LB9O,https://made.example.invalid/e08-02/523-2267?utm_source=share&ref=oj3f177s
6LB9P,https://made.example.invalid/e08-02/13-2268?utm_source=share&ref=kmabbn3b
6LB9Q,https://made.example.invalid/e08-02/525-2269?utm_source=share&ref=k6hnjvmq
6LB9R,https://made.example.invalid/e08-02/521-2270?utm_source=share&ref=xx1y719q
6LB9S,https://made.example.invalid/e08-02/518-2271?utm_source=share&ref=5x5wnctz
6LB9T,https://made.example.invalid/e08-02/520-2272?utm_source=share&ref=2vyh3abz
6LB9U,https://made.example.invalid/e08-02/527-2273?utm_source=share&ref=el2uw7om
6LB9V,https://made.example.invalid/e08-02/519-2274?utm_source=share&ref=9ico69a3
6LB9W,https://made.example.invalid/e08-02/526-2275?utm_source=share&ref=076eejzp
6LB9X,https://made.example.invalid/e08-02/524-2276?utm_source=share&ref=7pq3te1p
6LB9Y,https://made.example.invalid/e08-02/522-2277?utm_source=share&ref=0h6cmujb
6LB9Z,https://made.example.invalid/e08-02/532-2278?utm_source=share&ref=tgflwy40
6LBa0,https://made.example.invalid/e08-02/530-2279?utm_source=share&ref=eryk7tbq
6LBa1,https://made.example.invalid/e08-02/529-2280?utm_source=share&ref=vettcxlu
6LBa2,https://made.example.invalid/e08-02/531-2281?utm_source=share&ref=kvhgll0g
6LBa3,https://made.example.invalid/e08-02/534-2282?utm_source=share&ref=sr8kv3hs
6LBa4,https://made.example.invalid/e08-02/536-2283?utm_source=share&ref=afyov09z
6LBa5,https://made.example.invalid/e08-02/537-2284?utm_source=share&ref=1zpek521
6LBa6,https://made.example.invalid/e08-02/533-2285?utm_source=share&ref=ij4anlp1
6LBa7,https://made.example.invalid/e08-02/544-2286?utm_source=share&ref=sc2yeklr
6LBa8,https://made.example.invalid/e08-02/535-2287?utm_source=share&ref=iocv465h
6LBa9,https://made.example.invalid/e08-02/538-2288?utm_source=share&ref=ztrdira8
6LBaa,https://made.example.invalid/e08-02/540-2289?utm_source=share&ref=ov0o0pj3
6LBab,https://made.example.invalid/e08-02/543-2290?utm_source=share&ref=2zjv8wpd
6LBac,https://made.example.invalid/e08-02/541-2291?utm_source=share&ref=3zolrwy4
6LBad,https://made.example.invalid/e08-02/542-2292?utm_source=share&ref=nj9wr4ia
6LBae,https://made.example.invalid/e08-02/539-2293?utm_source=share&ref=fuo526bo
6LBaf,https://made.example.invalid/e08-02/545-2294?utm_source=share&ref=fh4jftmb
6LBag,https://made.example.invalid/e08-02/546-2295?utm_source=share&ref=hl6q97xg
6LBah,https://made.example.invalid/e08-02/548-2296?utm_source=share&ref=b1095owv
6LBai,https://made.example.invalid/e08-02/550-2297?utm_source=share&ref=dlac36zw
6LBaj,https://made.example.invalid/e08-02/549-2298?utm_source=share&ref=gn20tyvl
6LBak,https://made.example.invalid/e08-02/5-2299?utm_source=share&ref=d4ot8vnv
6LBal,https://made.example.invalid/e08-02/3-2300?utm_source=share&ref=psxou7wo
6LBam,https://made.example.invalid/e08-02/547-2301?utm_source=share&ref=3x11tjvp
6LBan,https://made.example.invalid/e08-02/10-2302?utm_source=share&ref=bxsh3e9l
6LBao,https://made.example.invalid/e08-02/12-2303?utm_source=share&ref=fsd9otl2
6LBap,https://made.example.invalid/e08-02/17-2304?utm_source=share&ref=0fbip6os
6LBaq,https://made.example.invalid/e08-02/21-2305?utm_source=share&ref=s30gz1fg
6LBar,https://made.example.invalid/e08-02/22-2306?utm_source=share&ref=2p8okhjj
6LBas,https://made.example.invalid/e08-02/513-2307?utm_source=share&ref=5tu8n4e8
6LBat,https://made.example.invalid/e08-02/2-2308?utm_source=share&ref=g2xfjpbx
6LBau,https://made.example.invalid/e08-02/24-2309?utm_source=share&ref=al2q8lwa
6LBav,https://made.example.invalid/e08-02/514-2310?utm_source=share&ref=f4gpt3oc
6LBaw,https://made.example.invalid/e08-02/517-2311?utm_source=share&ref=vfex5b25
6LBax,https://made.example.invalid/e08-02/512-2312?utm_source=share&ref=nq28mxfg
6LBay,https://made.example.invalid/e08-02/511-2313?utm_source=share&ref=195blfb7
6LBaz,https://made.example.invalid/e08-02/515-2314?utm_source=share&ref=7h0d4p2d
6LBaA,https://made.example.invalid/e08-02/528-2315?utm_source=share&ref=9u44qoxq
6LBaB,https://made.example.invalid/e08-02/516-2316?utm_source=share&ref=w20hkdbh
6LBaC,https://made.example.invalid/e08-02/523-2317?utm_source=share&ref=zmwbdupe
6LBaD,https://made.example.invalid/e08-02/13-2318?utm_source=share&ref=8biiumtk
6LBaE,https://made.example.invalid/e08-02/525-2319?utm_source=share&ref=xuj8k1cp
6LBaF,https://made.example.invalid/e08-02/521-2320?utm_source=share&ref=t0k2gyha
6LBaG,https://made.example.invalid/e08-02/518-2321?utm_source=share&ref=ltwcyfuv
6LBaH,https://made.example.invalid/e08-02/520-2322?utm_source=share&ref=vcun702x
6LBaI,https://made.example.invalid/e08-02/527-2323?utm_source=share&ref=nyihumyx
6LBaJ,https://made.example.invalid/e08-02/519-2324?utm_source=share&ref=1q10g7kg
6LBaK,https://made.example.invalid/e08-02/526-2325?utm_source=share&ref=yvifcypa
6LBaL,https://made.example.invalid/e08-02/524-2326?utm_source=share&ref=ifq3d85d
6LBaM,https://made.example.invalid/e08-02/522-2327?utm_source=share&ref=p273ppd4
6LBaN,https://made.example.invalid/e08-02/532-2328?utm_source=share&ref=8fw5lvlg
6LBaO,https://made.example.invalid/e08-02/530-2329?utm_source=share&ref=bd1ahtsh
6LBaP,https://made.example.invalid/e08-02/529-2330?utm_source=share&ref=0ghq8hiv
6LBaQ,https://made.example.invalid/e08-02/531-2331?utm_source=share&ref=81gb02s8
6LBaR,https://made.example.invalid/e08-02/534-2332?utm_source=share&ref=r5jmpad7
6LBaS,https://made.example.invalid/e08-02/536-2333?utm_source=share&ref=2vkrvobb
6LBaT,https://made.example.invalid/e08-02/537-2334?utm_source=share&ref=r9m3ns6s
6LBaU,https://made.example.invalid/e08-02/533-2335?utm_source=share&ref=rophtlxx
6LBaV,https://made.example.invalid/e08-02/544-2336?utm_source=share&ref=3i7j2rjo
6LBaW,https://made.example.invalid/e08-02/535-2337?utm_source=share&ref=eqm1omrw
6LBaX,https://made.example.invalid/e08-02/538-2338?utm_source=share&ref=wlqostob
6LBaY,https://made.example.invalid/e08-02/540-2339?utm_source=share&ref=4v3ryu72
6LBaZ,https://made.example.invalid/e08-02/543-2340?utm_source=share&ref=3vxvwvfl
6LBb0,https://made.example.invalid/e08-02/541-2341?utm_source=share&ref=bxqytvzo
6LBb1,https://made.example.invalid/e08-02/542-2342?utm_source=share&ref=usm8hsb3
6LBb2,https://made.example.invalid/e08-02/539-2343?utm_source=share&ref=1ggjtyt1
6LBb3,https://made.example.invalid/e08-02/545-2344?utm_source=share&ref=xh4bulr5
6LBb4,https://made.example.invalid/e08-02/546-2345?utm_source=share&ref=244zne90
6LBb5,https://made.example.invalid/e08-02/548-2346?utm_source=share&ref=5yovnvsg
6LBb6,https://made.example.invalid/e08-02/550-2347?utm_source=share&ref=26myuo1u
6LBb7,https://made.example.invalid/e08-02/549-2348?utm_source=share&ref=toufjtcf
6LBb8,https://made.example.invalid/e08-02/5-2349?utm_source=share&ref=ez4r3x75
6LBb9,https://made.example.invalid/e08-02/3-2350?utm_source=share&ref=zf8n6vjo
6LBba,https://made.example.invalid/e08-02/547-2351?utm_source=share&ref=zxw5qsoc
6LBbb,https://made.example.invalid/e08-02/10-2352?utm_source=share&ref=s4dtfqni
6LBbc,https://made.example.invalid/e08-02/12-2353?utm_source=share&ref=9oo58wvu
6LBbd,https://made.example.invalid/e08-02/17-2354?utm_source=share&ref=fni3krsn
6LBbe,https://made.example.invalid/e08-02/21-2355?utm_source=share&ref=qbyo404r
6LBbf,https://made.example.invalid/e08-02/22-2356?utm_source=share&ref=636dwvu9
6LBbg,https://made.example.invalid/e08-02/513-2357?utm_source=share&ref=rtnqx5u7
6LBbh,https://made.example.invalid/e08-02/2-2358?utm_source=share&ref=kpjifcil
6LBbi,https://made.example.invalid/e08-02/24-2359?utm_source=share&ref=6u7am4im
6LBbj,https://made.example.invalid/e08-02/514-2360?utm_source=share&ref=0juyz48h
6LBbk,https://made.example.invalid/e08-02/517-2361?utm_source=share&ref=e671r3ph
6LBbl,https://made.example.invalid/e08-02/512-2362?utm_source=share&ref=067m1jxf
6LBbm,https://made.example.invalid/e08-02/511-2363?utm_source=share&ref=6ltey7k8
6LBbn,https://made.example.invalid/e08-02/515-2364?utm_source=share&ref=zreh4kie
6LBbo,https://made.example.invalid/e08-02/528-2365?utm_source=share&ref=prv00ssg
6LBbp,https://made.example.invalid/e08-02/516-2366?utm_source=share&ref=r1o0ygsa
6LBbq,https://made.example.invalid/e08-02/523-2367?utm_source=share&ref=c9wf1qv4
6LBbr,https://made.example.invalid/e08-02/13-2368?utm_source=share&ref=2b4ichdd
6LBbs,https://made.example.invalid/e08-02/525-2369?utm_source=share&ref=0efcwvlw
6LBbt,https://made.example.invalid/e08-02/521-2370?utm_source=share&ref=mbuk1ese
6LBbu,https://made.example.invalid/e08-02/518-2371?utm_source=share&ref=pkh99vaz
6LBbv,https://made.example.invalid/e08-02/520-2372?utm_source=share&ref=605lrn18
6LBbw,https://made.example.invalid/e08-02/527-2373?utm_source=share&ref=7z2c6g14
6LBbx,https://made.example.invalid/e08-02/519-2374?utm_source=share&ref=b6h3powy
6LBby,https://made.example.invalid/e08-02/526-2375?utm_source=share&ref=mwwcg31a
6LBbz,https://made.example.invalid/e08-02/524-2376?utm_source=share&ref=q4xrsjs5
6LBbA,https://made.example.invalid/e08-02/522-2377?utm_source=share&ref=wsc1no6m
6LBbB,https://made.example.invalid/e08-02/532-2378?utm_source=share&ref=j10wogem
6LBbC,https://made.example.invalid/e08-02/530-2379?utm_source=share&ref=a80febah
6LBbD,https://made.example.invalid/e08-02/529-2380?utm_source=share&ref=cew8vqge
6LBbE,https://made.example.invalid/e08-02/531-2381?utm_source=share&ref=wcb1wsid
6LBbF,https://made.example.invalid/e08-02/534-2382?utm_source=share&ref=ipty4u3z
6LBbG,https://made.example.invalid/e08-02/536-2383?utm_source=share&ref=v1dcb8xo
6LBbH,https://made.example.invalid/e08-02/537-2384?utm_source=share&ref=277jtylx
6LBbI,https://made.example.invalid/e08-02/533-2385?utm_source=share&ref=4l2xm6r0
6LBbJ,https://made.example.invalid/e08-02/544-2386?utm_source=share&ref=shnsqz03
6LBbK,https://made.example.invalid/e08-02/535-2387?utm_source=share&ref=y7rcavcx
6LBbL,https://made.example.invalid/e08-02/538-2388?utm_source=share&ref=zt3r5kws
6LBbM,https://made.example.invalid/e08-02/540-2389?utm_source=share&ref=juhk6fp1
6LBbN,https://made.example.invalid/e08-02/543-2390?utm_source=share&ref=l0hu45qv
6LBbO,https://made.example.invalid/e08-02/541-2391?utm_source=share&ref=yxob4p1x
6LBbP,https://made.example.invalid/e08-02/542-2392?utm_source=share&ref=89katpmv
6LBbQ,https://made.example.invalid/e08-02/539-2393?utm_source=share&ref=4vlz2e2b
6LBbR,https://made.example.invalid/e08-02/545-2394?utm_source=share&ref=u0ukzko4
6LBbS,https://made.example.invalid/e08-02/546-2395?utm_source=share&ref=gi98nh6v
6LBbT,https://made.example.invalid/e08-02/548-2396?utm_source=share&ref=g8c47zff
6LBbU,https://made.example.invalid/e08-02/550-2397?utm_source=share&ref=7kiggto1
6LBbV,https://made.example.invalid/e08-02/549-2398?utm_source=share&ref=5mh2s7l0
6LBbW,https://made.example.invalid/e08-02/5-2399?utm_source=share&ref=qogvas5e
6LBbX,https://made.example.invalid/e08-02/3-2400?utm_source=share&ref=axecmsg3
6LBbY,https://made.example.invalid/e08-02/547-2401?utm_source=share&ref=i5odgudb
6LBbZ,https://made.example.invalid/e08-02/10-2402?utm_source=share&ref=6m0b3drp
6LBc0,https://made.example.invalid/e08-02/12-2403?utm_source=share&ref=8e5p9gq9
6LBc1,https://made.example.invalid/e08-02/17-2404?utm_source=share&ref=4jj6k9ir
6LBc2,https://made.example.invalid/e08-02/21-2405?utm_source=share&ref=bvb40lpj
6LBc3,https://made.example.invalid/e08-02/22-2406?utm_source=share&ref=gxryor04
6LBc4,https://made.example.invalid/e08-02/513-2407?utm_source=share&ref=ch7gfe27
6LBc5,https://made.example.invalid/e08-02/2-2408?utm_source=share&ref=p2tahnl3
6LBc6,https://made.example.invalid/e08-02/24-2409?utm_source=share&ref=8bqa68bn
6LBc7,https://made.example.invalid/e08-02/514-2410?utm_source=share&ref=huq8k9t4
6LBc8,https://made.example.invalid/e08-02/517-2411?utm_source=share&ref=sgqxd3fb
6LBc9,https://made.example.invalid/e08-02/512-2412?utm_source=share&ref=x8iybnpt
6LBca,https://made.example.invalid/e08-02/511-2413?utm_source=share&ref=iz577aqk
6LBcb,https://made.example.invalid/e08-02/515-2414?utm_source=share&ref=ftxmdmbw
6LBcc,https://made.example.invalid/e08-02/528-2415?utm_source=share&ref=5u1lkrt1
6LBcd,https://made.example.invalid/e08-02/516-2416?utm_source=share&ref=oerad7vx
6LBce,https://made.example.invalid/e08-02/523-2417?utm_source=share&ref=83wdw6gp
6LBcf,https://made.example.invalid/e08-02/13-2418?utm_source=share&ref=un75u6d5
6LBcg,https://made.example.invalid/e08-02/525-2419?utm_source=share&ref=7ru1hkms
6LBch,https://made.example.invalid/e08-02/521-2420?utm_source=share&ref=z1zej4py
6LBci,https://made.example.invalid/e08-02/518-2421?utm_source=share&ref=9o03uwur
6LBcj,https://made.example.invalid/e08-02/520-2422?utm_source=share&ref=7k4qsi8b
6LBck,https://made.example.invalid/e08-02/527-2423?utm_source=share&ref=cnj4a8do
6LBcl,https://made.example.invalid/e08-02/519-2424?utm_source=share&ref=ag8b1w01
6LBcm,https://made.example.invalid/e08-02/526-2425?utm_source=share&ref=rbbjshx5
6LBcn,https://made.example.invalid/e08-02/524-2426?utm_source=share&ref=od3p9h70
6LBco,https://made.example.invalid/e08-02/522-2427?utm_source=share&ref=ulthzsn9
6LBcp,https://made.example.invalid/e08-02/532-2428?utm_source=share&ref=h8x77e4g
6LBcq,https://made.example.invalid/e08-02/530-2429?utm_source=share&ref=ojo6u4k2
6LBcr,https://made.example.invalid/e08-02/529-2430?utm_source=share&ref=s43qwuz8
6LBcs,https://made.example.invalid/e08-02/531-2431?utm_source=share&ref=qioy6gjc
6LBct,https://made.example.invalid/e08-02/534-2432?utm_source=share&ref=nt4f1lcm
6LBcu,https://made.example.invalid/e08-02/536-2433?utm_source=share&ref=2x8he70p
6LBcv,https://made.example.invalid/e08-02/537-2434?utm_source=share&ref=amjpnfac
6LBcw,https://made.example.invalid/e08-02/533-2435?utm_source=share&ref=vrq9zcdc
6LBcx,https://made.example.invalid/e08-02/544-2436?utm_source=share&ref=bavdchoz
6LBcy,https://made.example.invalid/e08-02/535-2437?utm_source=share&ref=q0z1k0q0
6LBcz,https://made.example.invalid/e08-02/538-2438?utm_source=share&ref=werqhcp9
6LBcA,https://made.example.invalid/e08-02/540-2439?utm_source=share&ref=9rm1769y
6LBcB,https://made.example.invalid/e08-02/543-2440?utm_source=share&ref=t8tjui9t
6LBcC,https://made.example.invalid/e08-02/541-2441?utm_source=share&ref=15pg9ifh
6LBcD,https://made.example.invalid/e08-02/542-2442?utm_source=share&ref=9uh9az7g
6LBcE,https://made.example.invalid/e08-02/539-2443?utm_source=share&ref=3w32tl7z
6LBcF,https://made.example.invalid/e08-02/545-2444?utm_source=share&ref=2jbe8dzz
6LBcG,https://made.example.invalid/e08-02/546-2445?utm_source=share&ref=ajxljxw7
6LBcH,https://made.example.invalid/e08-02/548-2446?utm_source=share&ref=pxwm0muc
6LBcI,https://made.example.invalid/e08-02/550-2447?utm_source=share&ref=07y5ugnx
6LBcJ,https://made.example.invalid/e08-02/549-2448?utm_source=share&ref=v0acu0au
6LBcK,https://made.example.invalid/e08-02/5-2449?utm_source=share&ref=bng8ifjy
6LBcL,https://made.example.invalid/e08-02/3-2450?utm_source=share&ref=qr884r9c
6LBcM,https://made.example.invalid/e08-02/547-2451?utm_source=share&ref=afyo5m2b
6LBcN,https://made.example.invalid/e08-02/10-2452?utm_source=share&ref=eensgof6
6LBcO,https://made.example.invalid/e08-02/12-2453?utm_source=share&ref=6pepfrwv
6LBcP,https://made.example.invalid/e08-02/17-2454?utm_source=share&ref=jgn7clo9
6LBcQ,https://made.example.invalid/e08-02/21-2455?utm_source=share&ref=zcwi2wxj
6LBcR,https://made.example.invalid/e08-02/22-2456?utm_source=share&ref=hu4lqc0p
6LBcS,https://made.example.invalid/e08-02/513-2457?utm_source=share&ref=w2psaskk
6LBcT,https://made.example.invalid/e08-02/2-2458?utm_source=share&ref=az3vgsou
6LBcU,https://made.example.invalid/e08-02/24-2459?utm_source=share&ref=5rod554q
6LBcV,https://made.example.invalid/e08-02/514-2460?utm_source=share&ref=mvlnqrl2
6LBcW,https://made.example.invalid/e08-02/517-2461?utm_source=share&ref=1pn7hmyw
6LBcX,https://made.example.invalid/e08-02/512-2462?utm_source=share&ref=wo6uo85z
6LBcY,https://made.example.invalid/e08-02/511-2463?utm_source=share&ref=n6yoprup
6LBcZ,https://made.example.invalid/e08-02/515-2464?utm_source=share&ref=5p2t1qrg
6LBd0,https://made.example.invalid/e08-02/528-2465?utm_source=share&ref=svhoxyp0
6LBd1,https://made.example.invalid/e08-02/516-2466?utm_source=share&ref=3fnpnh02
6LBd2,https://made.example.invalid/e08-02/523-2467?utm_source=share&ref=hhn6fdzy
6LBd3,https://made.example.invalid/e08-02/13-2468?utm_source=share&ref=n6jsjd7e
6LBd4,https://made.example.invalid/e08-02/525-2469?utm_source=share&ref=kbztqdde
6LBd5,https://made.example.invalid/e08-02/521-2470?utm_source=share&ref=6z0ia3v9
6LBd6,https://made.example.invalid/e08-02/518-2471?utm_source=share&ref=d31yfcdw
6LBd7,https://made.example.invalid/e08-02/520-2472?utm_source=share&ref=418qfddu
6LBd8,https://made.example.invalid/e08-02/527-2473?utm_source=share&ref=tiajtzsq
6LBd9,https://made.example.invalid/e08-02/519-2474?utm_source=share&ref=ezl9u9ef
6LBda,https://made.example.invalid/e08-02/526-2475?utm_source=share&ref=s5kz3xux
6LBdb,https://made.example.invalid/e08-02/524-2476?utm_source=share&ref=qgvwlpxr
6LBdc,https://made.example.invalid/e08-02/522-2477?utm_source=share&ref=xjn9vai7
6LBdd,https://made.example.invalid/e08-02/532-2478?utm_source=share&ref=0qzi8xrl
6LBde,https://made.example.invalid/e08-02/530-2479?utm_source=share&ref=55bxp2ox
6LBdf,https://made.example.invalid/e08-02/529-2480?utm_source=share&ref=xa9zt6sy
6LBdg,https://made.example.invalid/e08-02/531-2481?utm_source=share&ref=4ighmkyd
6LBdh,https://made.example.invalid/e08-02/534-2482?utm_source=share&ref=sac208ts
6LBdi,https://made.example.invalid/e08-02/536-2483?utm_source=share&ref=cwzeqpc6
6LBdj,https://made.example.invalid/e08-02/537-2484?utm_source=share&ref=kq201qzy
6LBdk,https://made.example.invalid/e08-02/533-2485?utm_source=share&ref=k1i16e1z
6LBdl,https://made.example.invalid/e08-02/544-2486?utm_source=share&ref=j3ip88wb
6LBdm,https://made.example.invalid/e08-02/535-2487?utm_source=share&ref=s94fq7cx
6LBdn,https://made.example.invalid/e08-02/538-2488?utm_source=share&ref=vwtfi2ny
6LBdo,https://made.example.invalid/e08-02/540-2489?utm_source=share&ref=58fqv9mj
6LBdp,https://made.example.invalid/e08-02/543-2490?utm_source=share&ref=vye283wk
6LBdq,https://made.example.invalid/e08-02/541-2491?utm_source=share&ref=oj040x7x
6LBdr,https://made.example.invalid/e08-02/542-2492?utm_source=share&ref=qc3zvt45
6LBds,https://made.example.invalid/e08-02/539-2493?utm_source=share&ref=1rc8gfec
6LBdu,https://made.example.invalid/e08-02/546-2495?utm_source=share&ref=lz3uvqet
6LBdt,https://made.example.invalid/e08-02/545-2494?utm_source=share&ref=gl6z3gqh
6LBdv,https://made.example.invalid/e08-02/548-2496?utm_source=share&ref=mhjnx9hw
6LBdw,https://made.example.invalid/e08-02/550-2497?utm_source=share&ref=96mio29i
6LBdy,https://made.example.invalid/e08-02/5-2499?utm_source=share&ref=z3xt368i
6LBdx,https://made.example.invalid/e08-02/549-2498?utm_source=share&ref=1nqyzyub
6LBdz,https://made.example.invalid/e08-02/3-2500?utm_source=share&ref=yikfvrqo
6LBdA,https://made.example.invalid/e08-02/547-2501?utm_source=share&ref=d5zujphw
6LBdB,https://made.example.invalid/e08-02/10-2502?utm_source=share&ref=3zfwo6sm
6LBdC,https://made.example.invalid/e08-02/12-2503?utm_source=share&ref=962fa0mo
6LBdD,https://made.example.invalid/e08-02/17-2504?utm_source=share&ref=itbeb766
6LBdK,https://made.example.invalid/e08-02/517-2511?utm_source=share&ref=rb9jiswk
6LBdH,https://made.example.invalid/e08-02/2-2508?utm_source=share&ref=pah7d086
6LBdI,https://made.example.invalid/e08-02/24-2509?utm_source=share&ref=r2zjgkft
6LBdE,https://made.example.invalid/e08-02/21-2505?utm_source=share&ref=iipuxdkh
6LBdJ,https://made.example.invalid/e08-02/514-2510?utm_source=share&ref=sgsyqohp
6LBdF,https://made.example.invalid/e08-02/22-2506?utm_source=share&ref=njs0b6z0
6LBdL,https://made.example.invalid/e08-02/512-2512?utm_source=share&ref=yurw7h4a
6LBdG,https://made.example.invalid/e08-02/513-2507?utm_source=share&ref=6loyp2wp
6LBdM,https://made.example.invalid/e08-02/511-2513?utm_source=share&ref=xil9gfdr
6LBdN,https://made.example.invalid/e08-02/515-2514?utm_source=share&ref=7uejqwqh
6LBdO,https://made.example.invalid/e08-02/528-2515?utm_source=share&ref=bq5ecb8y
6LBdP,https://made.example.invalid/e08-02/516-2516?utm_source=share&ref=uivky3t5
6LBdQ,https://made.example.invalid/e08-02/523-2517?utm_source=share&ref=zs1tne6h
6LBdR,https://made.example.invalid/e08-02/13-2518?utm_source=share&ref=4v7ldtgu
6LBdS,https://made.example.invalid/e08-02/525-2519?utm_source=share&ref=kgotr9uz
6LBdT,https://made.example.invalid/e08-02/521-2520?utm_source=share&ref=gr6g8hpc
6LBdU,https://made.example.invalid/e08-02/518-2521?utm_source=share&ref=up32lzjg
6LBdV,https://made.example.invalid/e08-02/520-2522?utm_source=share&ref=79ijoirq
6LBdW,https://made.example.invalid/e08-02/527-2523?utm_source=share&ref=60xjhbbx
6LBdX,https://made.example.invalid/e08-02/519-2524?utm_source=share&ref=8sm3hcmk
6LBdY,https://made.example.invalid/e08-02/526-2525?utm_source=share&ref=27wr9afa
6LBdZ,https://made.example.invalid/e08-02/524-2526?utm_source=share&ref=yi9e0uw7
6LBe0,https://made.example.invalid/e08-02/522-2527?utm_source=share&ref=ml9ga6qg
6LBe1,https://made.example.invalid/e08-02/532-2528?utm_source=share&ref=jertacyx
6LBe2,https://made.example.invalid/e08-02/530-2529?utm_source=share&ref=mi60r56f
6LBe3,https://made.example.invalid/e08-02/529-2530?utm_source=share&ref=5krluv2n
6LBe4,https://made.example.invalid/e08-02/531-2531?utm_source=share&ref=lwwrzlbh
6LBe5,https://made.example.invalid/e08-02/534-2532?utm_source=share&ref=37yymhsd
6LBe6,https://made.example.invalid/e08-02/536-2533?utm_source=share&ref=auzjog31
6LBe7,https://made.example.invalid/e08-02/537-2534?utm_source=share&ref=d5ljriu2
6LBe8,https://made.example.invalid/e08-02/533-2535?utm_source=share&ref=ys18fbls
6LBe9,https://made.example.invalid/e08-02/544-2536?utm_source=share&ref=xghysgpe
6LBea,https://made.example.invalid/e08-02/535-2537?utm_source=share&ref=5l8u8iim
6LBeb,https://made.example.invalid/e08-02/538-2538?utm_source=share&ref=q90q0kei
6LBec,https://made.example.invalid/e08-02/540-2539?utm_source=share&ref=h95znof4
6LBed,https://made.example.invalid/e08-02/543-2540?utm_source=share&ref=bgwf68lz
6LBee,https://made.example.invalid/e08-02/541-2541?utm_source=share&ref=1g6ly03r
6LBef,https://made.example.invalid/e08-02/542-2542?utm_source=share&ref=n38x1yjb
6LBeg,https://made.example.invalid/e08-02/539-2543?utm_source=share&ref=a72s4xii
6LBeh,https://made.example.invalid/e08-02/546-2544?utm_source=share&ref=y2l8y8y6
6LBei,https://made.example.invalid/e08-02/545-2545?utm_source=share&ref=z4hlksqd
6LBej,https://made.example.invalid/e08-02/548-2546?utm_source=share&ref=n82ivxdi
6LBek,https://made.example.invalid/e08-02/550-2547?utm_source=share&ref=l1fhxbtp
6LBel,https://made.example.invalid/e08-02/5-2548?utm_source=share&ref=g3tdpfbb
6LBem,https://made.example.invalid/e08-02/549-2549?utm_source=share&ref=hizk6hs6
6LBen,https://made.example.invalid/e08-02/3-2550?utm_source=share&ref=qiln5b7k
6LBeo,https://made.example.invalid/e08-02/547-2551?utm_source=share&ref=5eifr3pa
6LBep,https://made.example.invalid/e08-02/10-2552?utm_source=share&ref=zriimzif
6LBeq,https://made.example.invalid/e08-02/12-2553?utm_source=share&ref=a1vta1b0
6LBer,https://made.example.invalid/e08-02/17-2554?utm_source=share&ref=bbqhiyd3
6LBes,https://made.example.invalid/e08-02/517-2555?utm_source=share&ref=2fmskc30
6LBet,https://made.example.invalid/e08-02/2-2556?utm_source=share&ref=e8z1b3ce
6LBeu,https://made.example.invalid/e08-02/24-2557?utm_source=share&ref=ucbg1834
6LBev,https://made.example.invalid/e08-02/21-2558?utm_source=share&ref=9x2jm9ug
6LBew,https://made.example.invalid/e08-02/514-2559?utm_source=share&ref=5lp12xod
6LBex,https://made.example.invalid/e08-02/22-2560?utm_source=share&ref=5akj366i
6LBey,https://made.example.invalid/e08-02/512-2561?utm_source=share&ref=570lp7u3
6LBez,https://made.example.invalid/e08-02/513-2562?utm_source=share&ref=wdjsky45
6LBeA,https://made.example.invalid/e08-02/511-2563?utm_source=share&ref=d5aeq1vp
6LBeB,https://made.example.invalid/e08-02/515-2564?utm_source=share&ref=jsdl5cwo
6LBeC,https://made.example.invalid/e08-02/528-2565?utm_source=share&ref=7kftl8i1
6LBeD,https://made.example.invalid/e08-02/516-2566?utm_source=share&ref=y0tyw7o4
6LBeE,https://made.example.invalid/e08-02/523-2567?utm_source=share&ref=disrg05g
6LBeF,https://made.example.invalid/e08-02/13-2568?utm_source=share&ref=f7oql39d
6LBeG,https://made.example.invalid/e08-02/525-2569?utm_source=share&ref=jeqe9ogk
6LBeH,https://made.example.invalid/e08-02/521-2570?utm_source=share&ref=yyq5zt6y
6LBeI,https://made.example.invalid/e08-02/518-2571?utm_source=share&ref=ct3k3t5r
6LBeJ,https://made.example.invalid/e08-02/520-2572?utm_source=share&ref=lotuduql
6LBeK,https://made.example.invalid/e08-02/527-2573?utm_source=share&ref=5l8f0000
6LBeL,https://made.example.invalid/e08-02/519-2574?utm_source=share&ref=cyz0kp1b
6LBeM,https://made.example.invalid/e08-02/526-2575?utm_source=share&ref=eup1cnms
6LBeN,https://made.example.invalid/e08-02/524-2576?utm_source=share&ref=839rqx2l
6LBeO,https://made.example.invalid/e08-02/522-2577?utm_source=share&ref=ji0fz1em
6LBeP,https://made.example.invalid/e08-02/532-2578?utm_source=share&ref=gulfjhof
6LBeQ,https://made.example.invalid/e08-02/530-2579?utm_source=share&ref=s9xy7xro
6LBeR,https://made.example.invalid/e08-02/529-2580?utm_source=share&ref=bl4kzenj
6LBeS,https://made.example.invalid/e08-02/531-2581?utm_source=share&ref=kbkzgv8x
6LBeT,https://made.example.invalid/e08-02/534-2582?utm_source=share&ref=cxmnpnhp
6LBeU,https://made.example.invalid/e08-02/536-2583?utm_source=share&ref=1xk3cwh6
6LBeV,https://made.example.invalid/e08-02/537-2584?utm_source=share&ref=k9zusqa7
6LBeW,https://made.example.invalid/e08-02/533-2585?utm_source=share&ref=fz8ekizy
6LBeX,https://made.example.invalid/e08-02/544-2586?utm_source=share&ref=9g5q8f4g
6LBeY,https://made.example.invalid/e08-02/535-2587?utm_source=share&ref=92lhacv2
6LBeZ,https://made.example.invalid/e08-02/538-2588?utm_source=share&ref=vfjbj7qe
6LBf0,https://made.example.invalid/e08-02/540-2589?utm_source=share&ref=so2v7iuv
6LBf2,https://made.example.invalid/e08-02/541-2591?utm_source=share&ref=rfdw9whr
6LBf1,https://made.example.invalid/e08-02/543-2590?utm_source=share&ref=25ilyzzw
6LBf3,https://made.example.invalid/e08-02/542-2592?utm_source=share&ref=87j8tcia
6LBf4,https://made.example.invalid/e08-02/539-2593?utm_source=share&ref=ue85yocz
6LBf5,https://made.example.invalid/e08-02/546-2594?utm_source=share&ref=fph1xsxo
6LBf6,https://made.example.invalid/e08-02/545-2595?utm_source=share&ref=ltqhux1b
6LBf7,https://made.example.invalid/e08-02/548-2596?utm_source=share&ref=or30n6sa
6LBf8,https://made.example.invalid/e08-02/550-2597?utm_source=share&ref=rmr7ubam
6LBf9,https://made.example.invalid/e08-02/5-2598?utm_source=share&ref=qheb48f5
6LBfa,https://made.example.invalid/e08-02/549-2599?utm_source=share&ref=infoi9v3
6LBfb,https://made.example.invalid/e08-02/3-2600?utm_source=share&ref=s9gc5nby
6LBfc,https://made.example.invalid/e08-02/547-2601?utm_source=share&ref=co3z03iv
6LBfd,https://made.example.invalid/e08-02/10-2602?utm_source=share&ref=mkfr0cnq
6LBfe,https://made.example.invalid/e08-02/12-2603?utm_source=share&ref=v5gcakxm
6LBff,https://made.example.invalid/e08-02/17-2604?utm_source=share&ref=6kz3om2s
6LBfg,https://made.example.invalid/e08-02/517-2605?utm_source=share&ref=3feig7br
6LBfh,https://made.example.invalid/e08-02/2-2606?utm_source=share&ref=a8xwnxq1
6LBfi,https://made.example.invalid/e08-02/24-2607?utm_source=share&ref=nm9epehf
6LBfj,https://made.example.invalid/e08-02/21-2608?utm_source=share&ref=pywgo21x
6LBfk,https://made.example.invalid/e08-02/514-2609?utm_source=share&ref=qn74poso
6LBfl,https://made.example.invalid/e08-02/22-2610?utm_source=share&ref=gmtc8ymg
6LBfm,https://made.example.invalid/e08-02/512-2611?utm_source=share&ref=chtn2lpf
6LBfn,https://made.example.invalid/e08-02/513-2612?utm_source=share&ref=nzv2sm87
6LBfo,https://made.example.invalid/e08-02/511-2613?utm_source=share&ref=crvl5jp2
6LBfp,https://made.example.invalid/e08-02/515-2614?utm_source=share&ref=dpakrarj
6LBfq,https://made.example.invalid/e08-02/528-2615?utm_source=share&ref=lskxnvnp
6LBfr,https://made.example.invalid/e08-02/516-2616?utm_source=share&ref=hh75zjm6
6LBfs,https://made.example.invalid/e08-02/523-2617?utm_source=share&ref=koh979fe
6LBft,https://made.example.invalid/e08-02/13-2618?utm_source=share&ref=hbiqn9rn
6LBfu,https://made.example.invalid/e08-02/525-2619?utm_source=share&ref=s7y1qi0d
6LBfv,https://made.example.invalid/e08-02/521-2620?utm_source=share&ref=sdp3kq00
6LBfw,https://made.example.invalid/e08-02/518-2621?utm_source=share&ref=pym30lvf
6LBfx,https://made.example.invalid/e08-02/520-2622?utm_source=share&ref=a1sjo3ut
6LBfy,https://made.example.invalid/e08-02/527-2623?utm_source=share&ref=0qvirhl7
6LBfz,https://made.example.invalid/e08-02/519-2624?utm_source=share&ref=clkd8lak
6LBfA,https://made.example.invalid/e08-02/526-2625?utm_source=share&ref=m1yv967b
6LBfB,https://made.example.invalid/e08-02/524-2626?utm_source=share&ref=x7uoc98m
6LBfC,https://made.example.invalid/e08-02/522-2627?utm_source=share&ref=o1pp3suy
6LBfD,https://made.example.invalid/e08-02/532-2628?utm_source=share&ref=hwbhra6c
6LBfE,https://made.example.invalid/e08-02/530-2629?utm_source=share&ref=vcjpy031
6LBfF,https://made.example.invalid/e08-02/529-2630?utm_source=share&ref=wrl2s7wr
6LBfG,https://made.example.invalid/e08-02/531-2631?utm_source=share&ref=e1ib8kqo
6LBfH,https://made.example.invalid/e08-02/534-2632?utm_source=share&ref=i5phn9d6
6LBfI,https://made.example.invalid/e08-02/536-2633?utm_source=share&ref=v741lnx5
6LBfJ,https://made.example.invalid/e08-02/537-2634?utm_source=share&ref=ztn05id1
6LBfK,https://made.example.invalid/e08-02/533-2635?utm_source=share&ref=6ca309j2
6LBfL,https://made.example.invalid/e08-02/544-2636?utm_source=share&ref=brejp38y
6LBfM,https://made.example.invalid/e08-02/535-2637?utm_source=share&ref=9z8jyeg6
6LBfN,https://made.example.invalid/e08-02/538-2638?utm_source=share&ref=1fmomuxt
6LBfP,https://made.example.invalid/e08-02/541-2640?utm_source=share&ref=2bo705or
6LBfO,https://made.example.invalid/e08-02/540-2639?utm_source=share&ref=whgmbh9d
6LBfQ,https://made.example.invalid/e08-02/543-2641?utm_source=share&ref=ljs1ymz9
6LBfR,https://made.example.invalid/e08-02/542-2642?utm_source=share&ref=b323q74c
6LBfS,https://made.example.invalid/e08-02/539-2643?utm_source=share&ref=fidb2pfr
6LBfU,https://made.example.invalid/e08-02/545-2645?utm_source=share&ref=rg52w7yt
6LBfY,https://made.example.invalid/e08-02/549-2649?utm_source=share&ref=f3s2w83v
6LBfT,https://made.example.invalid/e08-02/546-2644?utm_source=share&ref=dacma5sj
6LBfW,https://made.example.invalid/e08-02/550-2647?utm_source=share&ref=dyiielgs
6LBfV,https://made.example.invalid/e08-02/548-2646?utm_source=share&ref=1ji9bx60
6LBfX,https://made.example.invalid/e08-02/5-2648?utm_source=share&ref=6nx8iyv4
6LBfZ,https://made.example.invalid/e08-02/3-2650?utm_source=share&ref=gtuus4aq
6LBg0,https://made.example.invalid/e08-02/547-2651?utm_source=share&ref=6q5llayc
6LBg1,https://made.example.invalid/e08-02/10-2652?utm_source=share&ref=cqhhgrfo
6LBg2,https://made.example.invalid/e08-02/12-2653?utm_source=share&ref=mofgorg9
6LBg3,https://made.example.invalid/e08-02/17-2654?utm_source=share&ref=eivjfbcv
6LBg7,https://made.example.invalid/e08-02/21-2658?utm_source=share&ref=3l5smtms
6LBg8,https://made.example.invalid/e08-02/514-2659?utm_source=share&ref=bxk87h0a
6LBg4,https://made.example.invalid/e08-02/517-2655?utm_source=share&ref=bz3uodx7
6LBg5,https://made.example.invalid/e08-02/2-2656?utm_source=share&ref=vxttqbox
6LBg6,https://made.example.invalid/e08-02/24-2657?utm_source=share&ref=49szvtu8
6LBga,https://made.example.invalid/e08-02/512-2661?utm_source=share&ref=og0mu1lv
6LBg9,https://made.example.invalid/e08-02/22-2660?utm_source=share&ref=c525masn
6LBgb,https://made.example.invalid/e08-02/513-2662?utm_source=share&ref=2x8si2t5
6LBgc,https://made.example.invalid/e08-02/511-2663?utm_source=share&ref=h3x04bdv
6LBgd,https://made.example.invalid/e08-02/515-2664?utm_source=share&ref=ncno0v1k
6LBge,https://made.example.invalid/e08-02/528-2665?utm_source=share&ref=pacvw094
6LBgf,https://made.example.invalid/e08-02/516-2666?utm_source=share&ref=9sex1zud
6LBgg,https://made.example.invalid/e08-02/523-2667?utm_source=share&ref=xj4pe1pn
6LBgh,https://made.example.invalid/e08-02/13-2668?utm_source=share&ref=85lgaukm
6LBgi,https://made.example.invalid/e08-02/525-2669?utm_source=share&ref=my7tgh8d
6LBgj,https://made.example.invalid/e08-02/521-2670?utm_source=share&ref=5zt20ab8
6LBgk,https://made.example.invalid/e08-02/518-2671?utm_source=share&ref=hfow606j
6LBgl,https://made.example.invalid/e08-02/520-2672?utm_source=share&ref=bi50hqvf
6LBgm,https://made.example.invalid/e08-02/527-2673?utm_source=share&ref=0op5rqj2
6LBgn,https://made.example.invalid/e08-02/519-2674?utm_source=share&ref=76szvq29
6LBgo,https://made.example.invalid/e08-02/526-2675?utm_source=share&ref=v0cyy2q5
6LBgp,https://made.example.invalid/e08-02/524-2676?utm_source=share&ref=s7xeyp3a
6LBgq,https://made.example.invalid/e08-02/522-2677?utm_source=share&ref=aeepuu8n
6LBgr,https://made.example.invalid/e08-02/532-2678?utm_source=share&ref=rvhd6gpw
6LBgs,https://made.example.invalid/e08-02/530-2679?utm_source=share&ref=m4yqwge3
6LBgt,https://made.example.invalid/e08-02/529-2680?utm_source=share&ref=cp55m2kx
6LBgu,https://made.example.invalid/e08-02/531-2681?utm_source=share&ref=p2coahzu
6LBgv,https://made.example.invalid/e08-02/534-2682?utm_source=share&ref=cu9x5jp2
6LBgw,https://made.example.invalid/e08-02/536-2683?utm_source=share&ref=gve88dzq
6LBgx,https://made.example.invalid/e08-02/537-2684?utm_source=share&ref=x2hhoig4
6LBgy,https://made.example.invalid/e08-02/533-2685?utm_source=share&ref=4er70i9q
6LBgz,https://made.example.invalid/e08-02/544-2686?utm_source=share&ref=f23qt46a
6LBgA,https://made.example.invalid/e08-02/535-2687?utm_source=share&ref=vso20a2m
6LBgB,https://made.example.invalid/e08-02/538-2688?utm_source=share&ref=iey1pjnb
6LBgC,https://made.example.invalid/e08-02/541-2689?utm_source=share&ref=dvjsd25p
6LBgD,https://made.example.invalid/e08-02/540-2690?utm_source=share&ref=klb0gfdq
6LBgE,https://made.example.invalid/e08-02/543-2691?utm_source=share&ref=1wj42899
6LBgF,https://made.example.invalid/e08-02/542-2692?utm_source=share&ref=noe6ztnt
6LBgG,https://made.example.invalid/e08-02/539-2693?utm_source=share&ref=andvtmva
6LBgH,https://made.example.invalid/e08-02/545-2694?utm_source=share&ref=k5j55eac
6LBgI,https://made.example.invalid/e08-02/549-2695?utm_source=share&ref=1amvthy2
6LBgJ,https://made.example.invalid/e08-02/546-2696?utm_source=share&ref=ryxrrd0p
6LBgK,https://made.example.invalid/e08-02/550-2697?utm_source=share&ref=obangwsc
6LBgL,https://made.example.invalid/e08-02/548-2698?utm_source=share&ref=jkc7vfhu
6LBgM,https://made.example.invalid/e08-02/5-2699?utm_source=share&ref=a005a3al
6LBgN,https://made.example.invalid/e08-02/3-2700?utm_source=share&ref=o51bjkpa
6LBgO,https://made.example.invalid/e08-02/547-2701?utm_source=share&ref=w8cq8lo3
6LBgP,https://made.example.invalid/e08-02/10-2702?utm_source=share&ref=btr43gcy
6LBgQ,https://made.example.invalid/e08-02/12-2703?utm_source=share&ref=pse86seu
6LBgR,https://made.example.invalid/e08-02/17-2704?utm_source=share&ref=amx5fifl
6LBgS,https://made.example.invalid/e08-02/21-2705?utm_source=share&ref=rk5fmjl1
6LBgT,https://made.example.invalid/e08-02/514-2706?utm_source=share&ref=oqzu6j4d
6LBgU,https://made.example.invalid/e08-02/517-2707?utm_source=share&ref=05nbw8sn
6LBgV,https://made.example.invalid/e08-02/2-2708?utm_source=share&ref=88rn2h7r
6LBgW,https://made.example.invalid/e08-02/24-2709?utm_source=share&ref=th93ec2m
6LBgX,https://made.example.invalid/e08-02/512-2710?utm_source=share&ref=wk2k2y7g
6LBgY,https://made.example.invalid/e08-02/22-2711?utm_source=share&ref=3u9qp6zm
6LBgZ,https://made.example.invalid/e08-02/513-2712?utm_source=share&ref=bo572wwj
6LBh0,https://made.example.invalid/e08-02/511-2713?utm_source=share&ref=n2u32mba
6LBh1,https://made.example.invalid/e08-02/515-2714?utm_source=share&ref=o6x7kmek
6LBh2,https://made.example.invalid/e08-02/528-2715?utm_source=share&ref=34kon3ho
6LBh3,https://made.example.invalid/e08-02/516-2716?utm_source=share&ref=etjzbc7h
6LBh4,https://made.example.invalid/e08-02/523-2717?utm_source=share&ref=ja70c31i
6LBh5,https://made.example.invalid/e08-02/13-2718?utm_source=share&ref=zh35afa7
6LBh6,https://made.example.invalid/e08-02/525-2719?utm_source=share&ref=avv5tp3j
6LBh7,https://made.example.invalid/e08-02/521-2720?utm_source=share&ref=ibns2jgn
6LBh8,https://made.example.invalid/e08-02/518-2721?utm_source=share&ref=p5lxdup8
6LBh9,https://made.example.invalid/e08-02/520-2722?utm_source=share&ref=9flpqp4z
6LBha,https://made.example.invalid/e08-02/527-2723?utm_source=share&ref=9glsinz5
6LBhb,https://made.example.invalid/e08-02/519-2724?utm_source=share&ref=krf1hqb9
6LBhc,https://made.example.invalid/e08-02/526-2725?utm_source=share&ref=p8n3e99r
6LBhd,https://made.example.invalid/e08-02/524-2726?utm_source=share&ref=f6kd9vi1
6LBhe,https://made.example.invalid/e08-02/522-2727?utm_source=share&ref=ky3d4l75
6LBhf,https://made.example.invalid/e08-02/532-2728?utm_source=share&ref=qjie2t17
6LBhg,https://made.example.invalid/e08-02/530-2729?utm_source=share&ref=hwz1sr3k
6LBhh,https://made.example.invalid/e08-02/529-2730?utm_source=share&ref=x8mrdu8v
6LBhi,https://made.example.invalid/e08-02/531-2731?utm_source=share&ref=cyjc7o2s
6LBhj,https://made.example.invalid/e08-02/534-2732?utm_source=share&ref=flgmrsy6
6LBhk,https://made.example.invalid/e08-02/536-2733?utm_source=share&ref=heatxwb7
6LBhl,https://made.example.invalid/e08-02/537-2734?utm_source=share&ref=htr350oe
6LBhm,https://made.example.invalid/e08-02/533-2735?utm_source=share&ref=34jyiwj3
6LBhn,https://made.example.invalid/e08-02/544-2736?utm_source=share&ref=svc58m8h
6LBho,https://made.example.invalid/e08-02/535-2737?utm_source=share&ref=7h9uqtbr
6LBhp,https://made.example.invalid/e08-02/538-2738?utm_source=share&ref=gxakqd1x
6LBhq,https://made.example.invalid/e08-02/541-2739?utm_source=share&ref=onm9l85g
6LBhr,https://made.example.invalid/e08-02/540-2740?utm_source=share&ref=5he53i40
6LBhs,https://made.example.invalid/e08-02/543-2741?utm_source=share&ref=rd3mkyv0
6LBht,https://made.example.invalid/e08-02/542-2742?utm_source=share&ref=bncbinuj
6LBhu,https://made.example.invalid/e08-02/539-2743?utm_source=share&ref=vydf9r0p
6LBhv,https://made.example.invalid/e08-02/545-2744?utm_source=share&ref=adzedfk5
6LBhw,https://made.example.invalid/e08-02/549-2745?utm_source=share&ref=8lkrujjw
6LBhx,https://made.example.invalid/e08-02/546-2746?utm_source=share&ref=3ilj670a
6LBhy,https://made.example.invalid/e08-02/550-2747?utm_source=share&ref=i98tsn1d
6LBhz,https://made.example.invalid/e08-02/548-2748?utm_source=share&ref=n0orhbas
6LBhA,https://made.example.invalid/e08-02/5-2749?utm_source=share&ref=5g48a72p
6LBhB,https://made.example.invalid/e08-02/3-2750?utm_source=share&ref=j7d6tipo
6LBhC,https://made.example.invalid/e08-02/547-2751?utm_source=share&ref=1z272hp6
6LBhD,https://made.example.invalid/e08-02/10-2752?utm_source=share&ref=majs3ewt
6LBhE,https://made.example.invalid/e08-02/12-2753?utm_source=share&ref=typrk5do
6LBhF,https://made.example.invalid/e08-02/17-2754?utm_source=share&ref=e9fus2hw
6LBhG,https://made.example.invalid/e08-02/21-2755?utm_source=share&ref=7rkk8ukd
6LBhH,https://made.example.invalid/e08-02/514-2756?utm_source=share&ref=grynxknt
6LBhI,https://made.example.invalid/e08-02/517-2757?utm_source=share&ref=gtwi0868
6LBhJ,https://made.example.invalid/e08-02/2-2758?utm_source=share&ref=ytao1dh2
6LBhK,https://made.example.invalid/e08-02/24-2759?utm_source=share&ref=ihrob8vn
6LBhL,https://made.example.invalid/e08-02/512-2760?utm_source=share&ref=wlngy4kd
6LBhM,https://made.example.invalid/e08-02/22-2761?utm_source=share&ref=tdnp0zgm
6LBhN,https://made.example.invalid/e08-02/513-2762?utm_source=share&ref=5h5u0wl5
6LBhO,https://made.example.invalid/e08-02/511-2763?utm_source=share&ref=1vp1lfow
6LBhP,https://made.example.invalid/e08-02/515-2764?utm_source=share&ref=ocwf7d70
6LBhQ,https://made.example.invalid/e08-02/528-2765?utm_source=share&ref=h5oov9e4
6LBhR,https://made.example.invalid/e08-02/516-2766?utm_source=share&ref=xg9ruspx
6LBhS,https://made.example.invalid/e08-02/523-2767?utm_source=share&ref=9v6xx40w
6LBhT,https://made.example.invalid/e08-02/13-2768?utm_source=share&ref=m4249j05
6LBhU,https://made.example.invalid/e08-02/525-2769?utm_source=share&ref=tu6gsv2d
6LBhV,https://made.example.invalid/e08-02/521-2770?utm_source=share&ref=y4tjkq9w
6LBhW,https://made.example.invalid/e08-02/518-2771?utm_source=share&ref=y2283z6q
6LBhX,https://made.example.invalid/e08-02/520-2772?utm_source=share&ref=c1kv1k9k
6LBhY,https://made.example.invalid/e08-02/527-2773?utm_source=share&ref=1nwwok2s
6LBhZ,https://made.example.invalid/e08-02/519-2774?utm_source=share&ref=nrjemgwv
6LBi0,https://made.example.invalid/e08-02/526-2775?utm_source=share&ref=b1iyakh5
6LBi3,https://made.example.invalid/e08-02/532-2778?utm_source=share&ref=phvhmki8
6LBi1,https://made.example.invalid/e08-02/524-2776?utm_source=share&ref=oc3pvvo2
6LBi2,https://made.example.invalid/e08-02/522-2777?utm_source=share&ref=gjk1yma7
6LBi4,https://made.example.invalid/e08-02/530-2779?utm_source=share&ref=m21o0gzq
6LBi6,https://made.example.invalid/e08-02/531-2781?utm_source=share&ref=4tex8qkv
6LBi5,https://made.example.invalid/e08-02/529-2780?utm_source=share&ref=ex4jyozu
6LBi7,https://made.example.invalid/e08-02/534-2782?utm_source=share&ref=67yspyek
6LBi9,https://made.example.invalid/e08-02/537-2784?utm_source=share&ref=a5gy01pm
6LBi8,https://made.example.invalid/e08-02/536-2783?utm_source=share&ref=joolfoyx
6LBia,https://made.example.invalid/e08-02/533-2785?utm_source=share&ref=qodnl6kf
6LBib,https://made.example.invalid/e08-02/544-2786?utm_source=share&ref=tkce8thk
6LBic,https://made.example.invalid/e08-02/535-2787?utm_source=share&ref=nuo2aaxu
6LBid,https://made.example.invalid/e08-02/538-2788?utm_source=share&ref=nbsdbbzr
6LBie,https://made.example.invalid/e08-02/541-2789?utm_source=share&ref=af8zhhql
6LBif,https://made.example.invalid/e08-02/540-2790?utm_source=share&ref=ygc9ekzo
6LBig,https://made.example.invalid/e08-02/543-2791?utm_source=share&ref=3mjf3yhh
6LBih,https://made.example.invalid/e08-02/542-2792?utm_source=share&ref=wtmjb1r3
6LBii,https://made.example.invalid/e08-02/539-2793?utm_source=share&ref=dgu4qb6u
6LBij,https://made.example.invalid/e08-02/545-2794?utm_source=share&ref=dq7klwr5
6LBik,https://made.example.invalid/e08-02/549-2795?utm_source=share&ref=bv0frv0c
6LBil,https://made.example.invalid/e08-02/546-2796?utm_source=share&ref=zsdkvnqq
6LBim,https://made.example.invalid/e08-02/550-2797?utm_source=share&ref=078oupqc
6LBin,https://made.example.invalid/e08-02/548-2798?utm_source=share&ref=sgls3tu5
6LBio,https://made.example.invalid/e08-02/5-2799?utm_source=share&ref=etxu45o5
6LBip,https://made.example.invalid/e08-02/3-2800?utm_source=share&ref=lz61vzec
6LBiq,https://made.example.invalid/e08-02/547-2801?utm_source=share&ref=0ttegw8y
6LBir,https://made.example.invalid/e08-02/10-2802?utm_source=share&ref=9psv8uch
6LBis,https://made.example.invalid/e08-02/12-2803?utm_source=share&ref=cqt41auq
6LBit,https://made.example.invalid/e08-02/17-2804?utm_source=share&ref=1avqt5ga
6LBiu,https://made.example.invalid/e08-02/21-2805?utm_source=share&ref=vzaj7hgx
6LBiv,https://made.example.invalid/e08-02/514-2806?utm_source=share&ref=pu8iksnz
6LBiw,https://made.example.invalid/e08-02/517-2807?utm_source=share&ref=d3n8sv3a
6LBix,https://made.example.invalid/e08-02/2-2808?utm_source=share&ref=8oiybxi3
6LBiy,https://made.example.invalid/e08-02/24-2809?utm_source=share&ref=jxtksalt
6LBiz,https://made.example.invalid/e08-02/512-2810?utm_source=share&ref=93rs3lm6
6LBiA,https://made.example.invalid/e08-02/22-2811?utm_source=share&ref=irudxiyj
6LBiB,https://made.example.invalid/e08-02/513-2812?utm_source=share&ref=h8v6fuj7
6LBiC,https://made.example.invalid/e08-02/511-2813?utm_source=share&ref=axutbf05
6LBiD,https://made.example.invalid/e08-02/515-2814?utm_source=share&ref=h3ltt7wy
6LBiE,https://made.example.invalid/e08-02/528-2815?utm_source=share&ref=s9yjsne4
6LBiF,https://made.example.invalid/e08-02/516-2816?utm_source=share&ref=kz2rf7hl
6LBiG,https://made.example.invalid/e08-02/523-2817?utm_source=share&ref=dzcnjagp
6LBiH,https://made.example.invalid/e08-02/13-2818?utm_source=share&ref=m5yqwipm
6LBiI,https://made.example.invalid/e08-02/525-2819?utm_source=share&ref=q4554kse
6LBiJ,https://made.example.invalid/e08-02/521-2820?utm_source=share&ref=7avn6yd1
6LBiK,https://made.example.invalid/e08-02/518-2821?utm_source=share&ref=192wlb0t
6LBiL,https://made.example.invalid/e08-02/520-2822?utm_source=share&ref=mj5pkyi0
6LBiM,https://made.example.invalid/e08-02/527-2823?utm_source=share&ref=luuux4bk
6LBiN,https://made.example.invalid/e08-02/519-2824?utm_source=share&ref=ee3ykjp4
6LBiO,https://made.example.invalid/e08-02/526-2825?utm_source=share&ref=lui7u0fn
6LBiP,https://made.example.invalid/e08-02/532-2826?utm_source=share&ref=dma77e5l
6LBiQ,https://made.example.invalid/e08-02/524-2827?utm_source=share&ref=brenz35o
6LBiR,https://made.example.invalid/e08-02/522-2828?utm_source=share&ref=fhbjkuih
6LBiS,https://made.example.invalid/e08-02/530-2829?utm_source=share&ref=mjgzw261
6LBiT,https://made.example.invalid/e08-02/531-2830?utm_source=share&ref=0bgs7gct
6LBiU,https://made.example.invalid/e08-02/529-2831?utm_source=share&ref=igchpzss
6LBiV,https://made.example.invalid/e08-02/534-2832?utm_source=share&ref=puf7200d
6LBiW,https://made.example.invalid/e08-02/537-2833?utm_source=share&ref=ff15y5t1
6LBiX,https://made.example.invalid/e08-02/536-2834?utm_source=share&ref=iod2g45t
6LBiY,https://made.example.invalid/e08-02/533-2835?utm_source=share&ref=upe5u2iq
6LBiZ,https://made.example.invalid/e08-02/544-2836?utm_source=share&ref=664lkwee
6LBj0,https://made.example.invalid/e08-02/535-2837?utm_source=share&ref=p8lsw0lt
6LBj1,https://made.example.invalid/e08-02/538-2838?utm_source=share&ref=4asga8ie
6LBj2,https://made.example.invalid/e08-02/541-2839?utm_source=share&ref=4apjbzh4
6LBj3,https://made.example.invalid/e08-02/540-2840?utm_source=share&ref=1htmt4je
6LBj4,https://made.example.invalid/e08-02/543-2841?utm_source=share&ref=n2gogzee
6LBj5,https://made.example.invalid/e08-02/542-2842?utm_source=share&ref=rvag5wrj
6LBj6,https://made.example.invalid/e08-02/539-2843?utm_source=share&ref=i71bqsju
6LBj7,https://made.example.invalid/e08-02/545-2844?utm_source=share&ref=qugb6e6r
6LBj8,https://made.example.invalid/e08-02/549-2845?utm_source=share&ref=egdf1xue
6LBj9,https://made.example.invalid/e08-02/546-2846?utm_source=share&ref=1itxgtpz
6LBja,https://made.example.invalid/e08-02/550-2847?utm_source=share&ref=cyge789t
6LBjb,https://made.example.invalid/e08-02/548-2848?utm_source=share&ref=7lkg9az7
6LBjc,https://made.example.invalid/e08-02/5-2849?utm_source=share&ref=owrwedid
6LBjd,https://made.example.invalid/e08-02/3-2850?utm_source=share&ref=4v17ln7v
6LBje,https://made.example.invalid/e08-02/547-2851?utm_source=share&ref=8jxkwqj5
6LBjf,https://made.example.invalid/e08-02/10-2852?utm_source=share&ref=auscrkoi
6LBjg,https://made.example.invalid/e08-02/12-2853?utm_source=share&ref=9fffgvyg
6LBjh,https://made.example.invalid/e08-02/17-2854?utm_source=share&ref=6tjzr3nz
6LBji,https://made.example.invalid/e08-02/21-2855?utm_source=share&ref=483h45fi
6LBjj,https://made.example.invalid/e08-02/514-2856?utm_source=share&ref=p9x3dk5w
6LBjk,https://made.example.invalid/e08-02/517-2857?utm_source=share&ref=34s2zi7a
6LBjl,https://made.example.invalid/e08-02/2-2858?utm_source=share&ref=nzxbq8d4
6LBjm,https://made.example.invalid/e08-02/24-2859?utm_source=share&ref=mj4vc5py
6LBjn,https://made.example.invalid/e08-02/512-2860?utm_source=share&ref=gb2sg4yr
6LBjo,https://made.example.invalid/e08-02/22-2861?utm_source=share&ref=b0kqwe02
6LBjp,https://made.example.invalid/e08-02/513-2862?utm_source=share&ref=s6dtxm64
6LBjq,https://made.example.invalid/e08-02/511-2863?utm_source=share&ref=cpa7nkgo
6LBjr,https://made.example.invalid/e08-02/515-2864?utm_source=share&ref=txbjtzyd
6LBjs,https://made.example.invalid/e08-02/528-2865?utm_source=share&ref=4r977ijk
6LBjt,https://made.example.invalid/e08-02/516-2866?utm_source=share&ref=937rwmvh
6LBju,https://made.example.invalid/e08-02/523-2867?utm_source=share&ref=wcxg93h9
6LBjv,https://made.example.invalid/e08-02/13-2868?utm_source=share&ref=iuwj99do
6LBjw,https://made.example.invalid/e08-02/525-2869?utm_source=share&ref=xwo140gv
6LBjx,https://made.example.invalid/e08-02/521-2870?utm_source=share&ref=uqkmncpd
6LBjy,https://made.example.invalid/e08-02/518-2871?utm_source=share&ref=yayw4gmi
6LBjz,https://made.example.invalid/e08-02/520-2872?utm_source=share&ref=l8k1ujy8
6LBjA,https://made.example.invalid/e08-02/527-2873?utm_source=share&ref=2mfel64j
6LBjB,https://made.example.invalid/e08-02/519-2874?utm_source=share&ref=o79bc0be
6LBjC,https://made.example.invalid/e08-02/526-2875?utm_source=share&ref=z0f0hzv7
6LBjD,https://made.example.invalid/e08-02/532-2876?utm_source=share&ref=43sylxqv
6LBjE,https://made.example.invalid/e08-02/524-2877?utm_source=share&ref=h14hg85r
6LBjF,https://made.example.invalid/e08-02/522-2878?utm_source=share&ref=fz5p6sji
6LBjG,https://made.example.invalid/e08-02/530-2879?utm_source=share&ref=m9n71agq
6LBjH,https://made.example.invalid/e08-02/531-2880?utm_source=share&ref=pnm3b1jd
6LBjI,https://made.example.invalid/e08-02/529-2881?utm_source=share&ref=kk3do85s
6LBjJ,https://made.example.invalid/e08-02/534-2882?utm_source=share&ref=oe7y7von
6LBjK,https://made.example.invalid/e08-02/537-2883?utm_source=share&ref=ndmzxky7
6LBjL,https://made.example.invalid/e08-02/536-2884?utm_source=share&ref=yzslwz4j
6LBjM,https://made.example.invalid/e08-02/533-2885?utm_source=share&ref=piis358e
6LBjN,https://made.example.invalid/e08-02/544-2886?utm_source=share&ref=hpq988jx
6LBjO,https://made.example.invalid/e08-02/535-2887?utm_source=share&ref=8iwvthda
6LBjP,https://made.example.invalid/e08-02/538-2888?utm_source=share&ref=bjiew93b
6LBjQ,https://made.example.invalid/e08-02/541-2889?utm_source=share&ref=795upbhw
6LBjR,https://made.example.invalid/e08-02/540-2890?utm_source=share&ref=njez1lbs
6LBjS,https://made.example.invalid/e08-02/543-2891?utm_source=share&ref=2b935zmm
6LBjT,https://made.example.invalid/e08-02/542-2892?utm_source=share&ref=rak3g7jc
6LBjU,https://made.example.invalid/e08-02/539-2893?utm_source=share&ref=utegszil
6LBjV,https://made.example.invalid/e08-02/545-2894?utm_source=share&ref=pxbckfaz
6LBjW,https://made.example.invalid/e08-02/549-2895?utm_source=share&ref=verfhxng
6LBjX,https://made.example.invalid/e08-02/546-2896?utm_source=share&ref=v0exwgyu
6LBjY,https://made.example.invalid/e08-02/550-2897?utm_source=share&ref=a1z5yr7h
6LBjZ,https://made.example.invalid/e08-02/548-2898?utm_source=share&ref=l7sd7sig
6LBk0,https://made.example.invalid/e08-02/5-2899?utm_source=share&ref=h7b4yfhs
6LBk1,https://made.example.invalid/e08-02/3-2900?utm_source=share&ref=ird543op
6LBk2,https://made.example.invalid/e08-02/547-2901?utm_source=share&ref=magkstpy
6LBk3,https://made.example.invalid/e08-02/10-2902?utm_source=share&ref=ftcgzl1f
6LBk4,https://made.example.invalid/e08-02/12-2903?utm_source=share&ref=cyqd296d
6LBk5,https://made.example.invalid/e08-02/17-2904?utm_source=share&ref=r1jhd2wf
6LBk6,https://made.example.invalid/e08-02/21-2905?utm_source=share&ref=yroxp135
6LBk7,https://made.example.invalid/e08-02/514-2906?utm_source=share&ref=z2q19iki
6LBk8,https://made.example.invalid/e08-02/517-2907?utm_source=share&ref=tc3llo80
6LBk9,https://made.example.invalid/e08-02/2-2908?utm_source=share&ref=kgeibfv3
6LBka,https://made.example.invalid/e08-02/24-2909?utm_source=share&ref=n5mgz2za
6LBkb,https://made.example.invalid/e08-02/512-2910?utm_source=share&ref=56n636x1
6LBkc,https://made.example.invalid/e08-02/22-2911?utm_source=share&ref=djvro0dp
6LBkd,https://made.example.invalid/e08-02/513-2912?utm_source=share&ref=75oalscj
6LBke,https://made.example.invalid/e08-02/511-2913?utm_source=share&ref=9e4w9npk
6LBkf,https://made.example.invalid/e08-02/515-2914?utm_source=share&ref=zwcqit1z
6LBkg,https://made.example.invalid/e08-02/528-2915?utm_source=share&ref=sti1vqxh
6LBkh,https://made.example.invalid/e08-02/516-2916?utm_source=share&ref=9r3o8ly7
6LBki,https://made.example.invalid/e08-02/523-2917?utm_source=share&ref=aa7yfbw8
6LBkj,https://made.example.invalid/e08-02/13-2918?utm_source=share&ref=9kaz0qmd
6LBkk,https://made.example.invalid/e08-02/525-2919?utm_source=share&ref=hl0j13a9
6LBkl,https://made.example.invalid/e08-02/521-2920?utm_source=share&ref=m8l1wari
6LBkm,https://made.example.invalid/e08-02/518-2921?utm_source=share&ref=hk019czn
6LBkn,https://made.example.invalid/e08-02/520-2922?utm_source=share&ref=8qdijklm
6LBko,https://made.example.invalid/e08-02/527-2923?utm_source=share&ref=d1ei1bo2
6LBkp,https://made.example.invalid/e08-02/519-2924?utm_source=share&ref=wx2z6ef0
6LBkq,https://made.example.invalid/e08-02/526-2925?utm_source=share&ref=vr5xrbvs
6LBkr,https://made.example.invalid/e08-02/532-2926?utm_source=share&ref=ri7v96k6
6LBks,https://made.example.invalid/e08-02/524-2927?utm_source=share&ref=661gmzb6
6LBkt,https://made.example.invalid/e08-02/522-2928?utm_source=share&ref=eymnburi
6LBku,https://made.example.invalid/e08-02/530-2929?utm_source=share&ref=5b9ezvf4
6LBkv,https://made.example.invalid/e08-02/531-2930?utm_source=share&ref=y6rwepos
6LBkw,https://made.example.invalid/e08-02/529-2931?utm_source=share&ref=ah0hgodq
6LBkx,https://made.example.invalid/e08-02/534-2932?utm_source=share&ref=mmc4lnxg
6LBky,https://made.example.invalid/e08-02/537-2933?utm_source=share&ref=80dbadk4
6LBkz,https://made.example.invalid/e08-02/536-2934?utm_source=share&ref=g0nhd4vc
6LBkA,https://made.example.invalid/e08-02/533-2935?utm_source=share&ref=5u7jqgge
6LBkB,https://made.example.invalid/e08-02/544-2936?utm_source=share&ref=bcngnchx
6LBkC,https://made.example.invalid/e08-02/535-2937?utm_source=share&ref=ps4x7yu9
6LBkD,https://made.example.invalid/e08-02/538-2938?utm_source=share&ref=lkps882c
6LBkE,https://made.example.invalid/e08-02/541-2939?utm_source=share&ref=wo58pckh
6LBkF,https://made.example.invalid/e08-02/540-2940?utm_source=share&ref=r08fxfub
6LBkG,https://made.example.invalid/e08-02/543-2941?utm_source=share&ref=l4hox2w0
6LBkH,https://made.example.invalid/e08-02/542-2942?utm_source=share&ref=5lvnmo6x
6LBkI,https://made.example.invalid/e08-02/539-2943?utm_source=share&ref=bvr0j62y
6LBkJ,https://made.example.invalid/e08-02/545-2944?utm_source=share&ref=ge4q9l6k
6LBkK,https://made.example.invalid/e08-02/549-2945?utm_source=share&ref=c5bi31yt
6LBkL,https://made.example.invalid/e08-02/546-2946?utm_source=share&ref=r7l6894d
6LBkM,https://made.example.invalid/e08-02/550-2947?utm_source=share&ref=foh0enkm
6LBkN,https://made.example.invalid/e08-02/548-2948?utm_source=share&ref=etbv00zp
6LBkO,https://made.example.invalid/e08-02/5-2949?utm_source=share&ref=61m49r72
6LBkP,https://made.example.invalid/e08-02/3-2950?utm_source=share&ref=uq21gzyj
6LBkQ,https://made.example.invalid/e08-02/547-2951?utm_source=share&ref=fgvzitq4
6LBkR,https://made.example.invalid/e08-02/10-2952?utm_source=share&ref=gpelj9gg
6LBkS,https://made.example.invalid/e08-02/12-2953?utm_source=share&ref=ng9wibpr
6LBkT,https://made.example.invalid/e08-02/17-2954?utm_source=share&ref=ibx4gwe8
6LBkU,https://made.example.invalid/e08-02/21-2955?utm_source=share&ref=vn0mq1kn
6LBkV,https://made.example.invalid/e08-02/514-2956?utm_source=share&ref=ew1l3kro
6LBkW,https://made.example.invalid/e08-02/517-2957?utm_source=share&ref=8lu5abkz
6LBkX,https://made.example.invalid/e08-02/2-2958?utm_source=share&ref=kuek006m
6LBkY,https://made.example.invalid/e08-02/24-2959?utm_source=share&ref=rieygewk
6LBkZ,https://made.example.invalid/e08-02/512-2960?utm_source=share&ref=tk3xtfc3
6LBl0,https://made.example.invalid/e08-02/22-2961?utm_source=share&ref=gn7xz2m5
6LBl1,https://made.example.invalid/e08-02/513-2962?utm_source=share&ref=km4ewh5w
6LBl2,https://made.example.invalid/e08-02/511-2963?utm_source=share&ref=rcawfc90
6LBl3,https://made.example.invalid/e08-02/515-2964?utm_source=share&ref=sp9ch0vg
6LBl4,https://made.example.invalid/e08-02/528-2965?utm_source=share&ref=iuy8kjdy
6LBl5,https://made.example.invalid/e08-02/516-2966?utm_source=share&ref=e8bmzf63
6LBl6,https://made.example.invalid/e08-02/523-2967?utm_source=share&ref=5kqb7nh8
6LBl7,https://made.example.invalid/e08-02/13-2968?utm_source=share&ref=gglyrpwo
6LBl8,https://made.example.invalid/e08-02/525-2969?utm_source=share&ref=1wmbuedr
6LBl9,https://made.example.invalid/e08-02/521-2970?utm_source=share&ref=2xc2d3e7
6LBla,https://made.example.invalid/e08-02/518-2971?utm_source=share&ref=4xuk6l4f
6LBlb,https://made.example.invalid/e08-02/520-2972?utm_source=share&ref=499jw6pu
6LBlc,https://made.example.invalid/e08-02/527-2973?utm_source=share&ref=q2n5ea0o
6LBld,https://made.example.invalid/e08-02/519-2974?utm_source=share&ref=7e3vdv1f
6LBle,https://made.example.invalid/e08-02/526-2975?utm_source=share&ref=sasnk4ct
6LBlf,https://made.example.invalid/e08-02/532-2976?utm_source=share&ref=1chezyss
6LBlg,https://made.example.invalid/e08-02/524-2977?utm_source=share&ref=tbhbcbvv
6LBlh,https://made.example.invalid/e08-02/522-2978?utm_source=share&ref=t01wmg84
6LBli,https://made.example.invalid/e08-02/530-2979?utm_source=share&ref=1o6t41kr
6LBlj,https://made.example.invalid/e08-02/531-2980?utm_source=share&ref=94gwgdwe
6LBlk,https://made.example.invalid/e08-02/529-2981?utm_source=share&ref=dkgmzfup
6LBll,https://made.example.invalid/e08-02/534-2982?utm_source=share&ref=6iw7b3z5
6LBlm,https://made.example.invalid/e08-02/537-2983?utm_source=share&ref=9v5dq7xm
6LBln,https://made.example.invalid/e08-02/536-2984?utm_source=share&ref=9rfkkspy
6LBlo,https://made.example.invalid/e08-02/533-2985?utm_source=share&ref=sdxni88p
6LBlp,https://made.example.invalid/e08-02/544-2986?utm_source=share&ref=r0at2w3l
6LBlq,https://made.example.invalid/e08-02/535-2987?utm_source=share&ref=tfrot3gk
6LBlr,https://made.example.invalid/e08-02/538-2988?utm_source=share&ref=8uqycw51
6LBls,https://made.example.invalid/e08-02/541-2989?utm_source=share&ref=pncsxinm
6LBlt,https://made.example.invalid/e08-02/540-2990?utm_source=share&ref=93ofofod
6LBlu,https://made.example.invalid/e08-02/543-2991?utm_source=share&ref=svhi0q29
6LBlv,https://made.example.invalid/e08-02/542-2992?utm_source=share&ref=70agieib
6LBlw,https://made.example.invalid/e08-02/539-2993?utm_source=share&ref=35sdfoga
6LBlx,https://made.example.invalid/e08-02/545-2994?utm_source=share&ref=u4sn6las
6LBly,https://made.example.invalid/e08-02/549-2995?utm_source=share&ref=7qdtwmjk
6LBlz,https://made.example.invalid/e08-02/546-2996?utm_source=share&ref=lp276d3f
6LBlA,https://made.example.invalid/e08-02/550-2997?utm_source=share&ref=tkl106uz
6LBlB,https://made.example.invalid/e08-02/548-2998?utm_source=share&ref=sxbabqlx
6LBlC,https://made.example.invalid/e08-02/5-2999?utm_source=share&ref=kju3vy3m
6LBlD,https://made.example.invalid/e08-02/3-3000?utm_source=share&ref=jl5l5iip
6LBlE,https://made.example.invalid/e08-02/547-3001?utm_source=share&ref=ludar6op
6LBlF,https://made.example.invalid/e08-02/10-3002?utm_source=share&ref=xc2j5kzg
6LBlG,https://made.example.invalid/e08-02/12-3003?utm_source=share&ref=tmvn4ty8
6LBlH,https://made.example.invalid/e08-02/17-3004?utm_source=share&ref=zzyytjpa
6LBlI,https://made.example.invalid/e08-02/21-3005?utm_source=share&ref=b2meagfm
6LBlJ,https://made.example.invalid/e08-02/514-3006?utm_source=share&ref=axlxetwz
6LBlK,https://made.example.invalid/e08-02/517-3007?utm_source=share&ref=mkspsyy7
6LBlL,https://made.example.invalid/e08-02/2-3008?utm_source=share&ref=dvaj4v06
6LBlM,https://made.example.invalid/e08-02/24-3009?utm_source=share&ref=gfyb2x65
6LBlN,https://made.example.invalid/e08-02/512-3010?utm_source=share&ref=vpofoqh0
6LBlO,https://made.example.invalid/e08-02/22-3011?utm_source=share&ref=f39mp28b
6LBlP,https://made.example.invalid/e08-02/513-3012?utm_source=share&ref=hs52kyde
6LBlQ,https://made.example.invalid/e08-02/511-3013?utm_source=share&ref=wwxoe8ai
6LBlR,https://made.example.invalid/e08-02/515-3014?utm_source=share&ref=b0uzkvsy
6LBlS,https://made.example.invalid/e08-02/528-3015?utm_source=share&ref=1g5yvp7i
6LBlT,https://made.example.invalid/e08-02/516-3016?utm_source=share&ref=neu8jm6i
6LBlU,https://made.example.invalid/e08-02/523-3017?utm_source=share&ref=nucf8h6j
6LBlV,https://made.example.invalid/e08-02/13-3018?utm_source=share&ref=d90ef4c8
6LBlW,https://made.example.invalid/e08-02/525-3019?utm_source=share&ref=z65frahb
6LBlX,https://made.example.invalid/e08-02/521-3020?utm_source=share&ref=h17vtjow
6LBlY,https://made.example.invalid/e08-02/518-3021?utm_source=share&ref=c32e4l0l
6LBlZ,https://made.example.invalid/e08-02/520-3022?utm_source=share&ref=5xxiz11t
6LBm0,https://made.example.invalid/e08-02/527-3023?utm_source=share&ref=4k9acuqb
6LBm1,https://made.example.invalid/e08-02/519-3024?utm_source=share&ref=ob8pfy2n
6LBm2,https://made.example.invalid/e08-02/526-3025?utm_source=share&ref=6pzwgyyy
6LBm3,https://made.example.invalid/e08-02/532-3026?utm_source=share&ref=q5v6gd5n
6LBm4,https://made.example.invalid/e08-02/524-3027?utm_source=share&ref=prruvq9v
6LBm5,https://made.example.invalid/e08-02/522-3028?utm_source=share&ref=en7osqs3
6LBm6,https://made.example.invalid/e08-02/530-3029?utm_source=share&ref=sevopcho
6LBm7,https://made.example.invalid/e08-02/531-3030?utm_source=share&ref=5ifh1pdu
6LBm8,https://made.example.invalid/e08-02/529-3031?utm_source=share&ref=s0jv9tk2
6LBm9,https://made.example.invalid/e08-02/534-3032?utm_source=share&ref=q80hazfy
6LBma,https://made.example.invalid/e08-02/537-3033?utm_source=share&ref=iumlvlz4
6LBmb,https://made.example.invalid/e08-02/536-3034?utm_source=share&ref=x9yyzgh2
6LBmc,https://made.example.invalid/e08-02/533-3035?utm_source=share&ref=6xx6lmw3
6LBmd,https://made.example.invalid/e08-02/544-3036?utm_source=share&ref=xolfo3mu
6LBme,https://made.example.invalid/e08-02/535-3037?utm_source=share&ref=xq8gbi8g
6LBmf,https://made.example.invalid/e08-02/538-3038?utm_source=share&ref=lv5uloe3
6LBmg,https://made.example.invalid/e08-02/541-3039?utm_source=share&ref=uld9pfuh
6LBmh,https://made.example.invalid/e08-02/540-3040?utm_source=share&ref=m3p1n9ps
6LBmi,https://made.example.invalid/e08-02/543-3041?utm_source=share&ref=zsmiy7eo
6LBmj,https://made.example.invalid/e08-02/542-3042?utm_source=share&ref=uh45kguo
6LBmk,https://made.example.invalid/e08-02/539-3043?utm_source=share&ref=algejwqc
6LBml,https://made.example.invalid/e08-02/545-3044?utm_source=share&ref=66im676j
6LBmm,https://made.example.invalid/e08-02/549-3045?utm_source=share&ref=5u4fm1rq
6LBmn,https://made.example.invalid/e08-02/546-3046?utm_source=share&ref=8a0n7bb7
6LBmo,https://made.example.invalid/e08-02/550-3047?utm_source=share&ref=dzigoltt
6LBmp,https://made.example.invalid/e08-02/548-3048?utm_source=share&ref=w71dfdl5
6LBmq,https://made.example.invalid/e08-02/5-3049?utm_source=share&ref=ampjrio4
6LBmr,https://made.example.invalid/e08-02/3-3050?utm_source=share&ref=ec7mhzwh
6LBms,https://made.example.invalid/e08-02/547-3051?utm_source=share&ref=6689p79e
6LBmt,https://made.example.invalid/e08-02/10-3052?utm_source=share&ref=p880xx23
6LBmu,https://made.example.invalid/e08-02/12-3053?utm_source=share&ref=lm2ee53j
6LBmv,https://made.example.invalid/e08-02/17-3054?utm_source=share&ref=hal3fc2s
6LBmw,https://made.example.invalid/e08-02/21-3055?utm_source=share&ref=gubhefq2
6LBmx,https://made.example.invalid/e08-02/514-3056?utm_source=share&ref=9giolnkm
6LBmy,https://made.example.invalid/e08-02/517-3057?utm_source=share&ref=cjfk2c8y
6LBmz,https://made.example.invalid/e08-02/2-3058?utm_source=share&ref=3ml186u1
6LBmA,https://made.example.invalid/e08-02/24-3059?utm_source=share&ref=7racqc5x
6LBmB,https://made.example.invalid/e08-02/512-3060?utm_source=share&ref=9xyt8we8
6LBmC,https://made.example.invalid/e08-02/22-3061?utm_source=share&ref=eiz4zsie
6LBmD,https://made.example.invalid/e08-02/513-3062?utm_source=share&ref=4qee64l3
6LBmE,https://made.example.invalid/e08-02/511-3063?utm_source=share&ref=c7cwuf6d
6LBmF,https://made.example.invalid/e08-02/515-3064?utm_source=share&ref=ua8w0rt1
6LBmG,https://made.example.invalid/e08-02/528-3065?utm_source=share&ref=r4qma4xm
6LBmH,https://made.example.invalid/e08-02/516-3066?utm_source=share&ref=8a5inlnp
6LBmI,https://made.example.invalid/e08-02/523-3067?utm_source=share&ref=obbzkm9r
6LBmJ,https://made.example.invalid/e08-02/13-3068?utm_source=share&ref=o3rvhjbg
6LBmK,https://made.example.invalid/e08-02/525-3069?utm_source=share&ref=rpw5mem0
6LBmL,https://made.example.invalid/e08-02/521-3070?utm_source=share&ref=pigg2nbx
6LBmM,https://made.example.invalid/e08-02/518-3071?utm_source=share&ref=tq76tnfv
6LBmN,https://made.example.invalid/e08-02/520-3072?utm_source=share&ref=sscj3dqz
6LBmO,https://made.example.invalid/e08-02/527-3073?utm_source=share&ref=df9oos52
6LBmP,https://made.example.invalid/e08-02/519-3074?utm_source=share&ref=5ls05t1m
6LBmR,https://made.example.invalid/e08-02/532-3076?utm_source=share&ref=ts5v5ixe
6LBmQ,https://made.example.invalid/e08-02/526-3075?utm_source=share&ref=ronb8w0x
6LBmS,https://made.example.invalid/e08-02/524-3077?utm_source=share&ref=n2ob29er
6LBmT,https://made.example.invalid/e08-02/522-3078?utm_source=share&ref=8svoqlp9
6LBmU,https://made.example.invalid/e08-02/530-3079?utm_source=share&ref=c4ejb39q
6LBmV,https://made.example.invalid/e08-02/531-3080?utm_source=share&ref=pkslh8on
6LBmW,https://made.example.invalid/e08-02/529-3081?utm_source=share&ref=m3ka9zfb
6LBmX,https://made.example.invalid/e08-02/534-3082?utm_source=share&ref=3euu05w1
6LBmY,https://made.example.invalid/e08-02/537-3083?utm_source=share&ref=hfcgjf5r
6LBmZ,https://made.example.invalid/e08-02/536-3084?utm_source=share&ref=79fngf93
6LBn0,https://made.example.invalid/e08-02/533-3085?utm_source=share&ref=06dirv57
6LBn1,https://made.example.invalid/e08-02/544-3086?utm_source=share&ref=7boylhdy
6LBn2,https://made.example.invalid/e08-02/535-3087?utm_source=share&ref=0xk5tnse
6LBn3,https://made.example.invalid/e08-02/538-3088?utm_source=share&ref=b718zj87
6LBn4,https://made.example.invalid/e08-02/541-3089?utm_source=share&ref=tcwmhjyf
6LBn5,https://made.example.invalid/e08-02/540-3090?utm_source=share&ref=4e6gz152
6LBn6,https://made.example.invalid/e08-02/543-3091?utm_source=share&ref=m3t0ljxh
6LBn7,https://made.example.invalid/e08-02/542-3092?utm_source=share&ref=1b46wkq7
6LBn8,https://made.example.invalid/e08-02/539-3093?utm_source=share&ref=1lowrgav
6LBn9,https://made.example.invalid/e08-02/545-3094?utm_source=share&ref=r0pr3kch
6LBna,https://made.example.invalid/e08-02/549-3095?utm_source=share&ref=7r6b33f8
6LBnb,https://made.example.invalid/e08-02/546-3096?utm_source=share&ref=b7ah1nd8
6LBnc,https://made.example.invalid/e08-02/550-3097?utm_source=share&ref=5j019x64
6LBnd,https://made.example.invalid/e08-02/548-3098?utm_source=share&ref=9ateenl4
6LBne,https://made.example.invalid/e08-02/5-3099?utm_source=share&ref=6hnzfi8k
6LBnf,https://made.example.invalid/e08-02/3-3100?utm_source=share&ref=bfrhmajo
6LBng,https://made.example.invalid/e08-02/547-3101?utm_source=share&ref=1luxx62s
6LBnh,https://made.example.invalid/e08-02/10-3102?utm_source=share&ref=hrta9efn
6LBni,https://made.example.invalid/e08-02/12-3103?utm_source=share&ref=flmvwlrv
6LBnj,https://made.example.invalid/e08-02/17-3104?utm_source=share&ref=07i4gxm5
6LBnk,https://made.example.invalid/e08-02/21-3105?utm_source=share&ref=h9ex45ql
6LBnl,https://made.example.invalid/e08-02/514-3106?utm_source=share&ref=khz2yjth
6LBnm,https://made.example.invalid/e08-02/517-3107?utm_source=share&ref=2my6nit5
6LBnn,https://made.example.invalid/e08-02/2-3108?utm_source=share&ref=l75xbsit
6LBnp,https://made.example.invalid/e08-02/512-3110?utm_source=share&ref=3pwzmfl7
6LBno,https://made.example.invalid/e08-02/24-3109?utm_source=share&ref=v1wsqgrk
6LBnq,https://made.example.invalid/e08-02/22-3111?utm_source=share&ref=b34e61tl
6LBnr,https://made.example.invalid/e08-02/513-3112?utm_source=share&ref=dl2iq913
6LBns,https://made.example.invalid/e08-02/511-3113?utm_source=share&ref=8fbf5zdj
6LBnt,https://made.example.invalid/e08-02/515-3114?utm_source=share&ref=18bwqg1b
6LBnu,https://made.example.invalid/e08-02/528-3115?utm_source=share&ref=7k4v9ioz
6LBnv,https://made.example.invalid/e08-02/516-3116?utm_source=share&ref=zd770xt8
6LBnw,https://made.example.invalid/e08-02/523-3117?utm_source=share&ref=8qdwgwlb
6LBnx,https://made.example.invalid/e08-02/13-3118?utm_source=share&ref=0bsuhwn4
6LBny,https://made.example.invalid/e08-02/525-3119?utm_source=share&ref=upvk2rig
6LBnz,https://made.example.invalid/e08-02/521-3120?utm_source=share&ref=yufq0dgy
6LBnA,https://made.example.invalid/e08-02/518-3121?utm_source=share&ref=ud8fuvkd
6LBnB,https://made.example.invalid/e08-02/520-3122?utm_source=share&ref=plfijos0
6LBnC,https://made.example.invalid/e08-02/527-3123?utm_source=share&ref=7jcr7rkt
6LBnD,https://made.example.invalid/e08-02/519-3124?utm_source=share&ref=v5bvptb7
6LBnE,https://made.example.invalid/e08-02/532-3125?utm_source=share&ref=9dqc238l
6LBnF,https://made.example.invalid/e08-02/526-3126?utm_source=share&ref=exp7m1kh
6LBnG,https://made.example.invalid/e08-02/524-3127?utm_source=share&ref=2ajj0hda
6LBnH,https://made.example.invalid/e08-02/522-3128?utm_source=share&ref=1vj2hfy6
6LBnI,https://made.example.invalid/e08-02/530-3129?utm_source=share&ref=zo9ugedl
6LBnJ,https://made.example.invalid/e08-02/531-3130?utm_source=share&ref=4228rx0z
6LBnK,https://made.example.invalid/e08-02/529-3131?utm_source=share&ref=k3iejgdt
6LBnL,https://made.example.invalid/e08-02/534-3132?utm_source=share&ref=ui50gnii
6LBnM,https://made.example.invalid/e08-02/537-3133?utm_source=share&ref=6v1j69v5
6LBnN,https://made.example.invalid/e08-02/536-3134?utm_source=share&ref=tmc58vbn
6LBnO,https://made.example.invalid/e08-02/533-3135?utm_source=share&ref=p4q9g7h7
6LBnP,https://made.example.invalid/e08-02/544-3136?utm_source=share&ref=8vqwgaob
6LBnQ,https://made.example.invalid/e08-02/535-3137?utm_source=share&ref=ukg214zl
6LBnR,https://made.example.invalid/e08-02/538-3138?utm_source=share&ref=dxoqah9t
6LBnS,https://made.example.invalid/e08-02/541-3139?utm_source=share&ref=bre28zsw
6LBnT,https://made.example.invalid/e08-02/540-3140?utm_source=share&ref=4u3qxzvc
6LBnU,https://made.example.invalid/e08-02/543-3141?utm_source=share&ref=3zjvthor
6LBnV,https://made.example.invalid/e08-02/542-3142?utm_source=share&ref=lab7nxkc
6LBnW,https://made.example.invalid/e08-02/539-3143?utm_source=share&ref=7gyg6l0y
6LBnX,https://made.example.invalid/e08-02/545-3144?utm_source=share&ref=jhgmpurx
6LBnY,https://made.example.invalid/e08-02/549-3145?utm_source=share&ref=5qu6ggkl
6LBnZ,https://made.example.invalid/e08-02/546-3146?utm_source=share&ref=agku2plt
6LBo0,https://made.example.invalid/e08-02/550-3147?utm_source=share&ref=2d3zqvzr
6LBo1,https://made.example.invalid/e08-02/548-3148?utm_source=share&ref=je7lfz1r
6LBo2,https://made.example.invalid/e08-02/5-3149?utm_source=share&ref=o623ph4j
6LBo3,https://made.example.invalid/e08-02/3-3150?utm_source=share&ref=5fi8kc36
6LBo4,https://made.example.invalid/e08-02/547-3151?utm_source=share&ref=no0g0ztb
6LBo5,https://made.example.invalid/e08-02/10-3152?utm_source=share&ref=000qtu88
6LBo6,https://made.example.invalid/e08-02/12-3153?utm_source=share&ref=91o9b3se
6LBo7,https://made.example.invalid/e08-02/17-3154?utm_source=share&ref=fwsm39f6
6LBo8,https://made.example.invalid/e08-02/21-3155?utm_source=share&ref=oc65flga
6LBo9,https://made.example.invalid/e08-02/514-3156?utm_source=share&ref=u35fo24h
6LBoa,https://made.example.invalid/e08-02/517-3157?utm_source=share&ref=2ho6vy1u
6LBob,https://made.example.invalid/e08-02/2-3158?utm_source=share&ref=r6bdj4q1
6LBoc,https://made.example.invalid/e08-02/512-3159?utm_source=share&ref=l23i58ww
6LBod,https://made.example.invalid/e08-02/24-3160?utm_source=share&ref=gmwnlm5m
6LBoe,https://made.example.invalid/e08-02/22-3161?utm_source=share&ref=8cqo28ug
6LBof,https://made.example.invalid/e08-02/513-3162?utm_source=share&ref=si733lwg
6LBog,https://made.example.invalid/e08-02/511-3163?utm_source=share&ref=z9uuh78w
6LBoh,https://made.example.invalid/e08-02/515-3164?utm_source=share&ref=pkdsjpa8
6LBoi,https://made.example.invalid/e08-02/528-3165?utm_source=share&ref=ignil1ha
6LBoj,https://made.example.invalid/e08-02/516-3166?utm_source=share&ref=1al4v9ki
6LBok,https://made.example.invalid/e08-02/523-3167?utm_source=share&ref=pnw9f984
6LBol,https://made.example.invalid/e08-02/13-3168?utm_source=share&ref=budod7l6
6LBom,https://made.example.invalid/e08-02/525-3169?utm_source=share&ref=jxixc4mt
6LBon,https://made.example.invalid/e08-02/521-3170?utm_source=share&ref=twlfqjo7
6LBoo,https://made.example.invalid/e08-02/518-3171?utm_source=share&ref=iw9v7fwj
6LBop,https://made.example.invalid/e08-02/520-3172?utm_source=share&ref=0xwvzgmm
6LBoq,https://made.example.invalid/e08-02/527-3173?utm_source=share&ref=lb7xnejn
6LBor,https://made.example.invalid/e08-02/519-3174?utm_source=share&ref=muys5xnu
6LBos,https://made.example.invalid/e08-02/532-3175?utm_source=share&ref=x5h0b7hp
6LBot,https://made.example.invalid/e08-02/526-3176?utm_source=share&ref=kl44j07w
6LBou,https://made.example.invalid/e08-02/524-3177?utm_source=share&ref=h0uutmvy
6LBov,https://made.example.invalid/e08-02/522-3178?utm_source=share&ref=d1iaepzr
6LBow,https://made.example.invalid/e08-02/530-3179?utm_source=share&ref=korf44vz
6LBox,https://made.example.invalid/e08-02/531-3180?utm_source=share&ref=9am027ki
6LBoy,https://made.example.invalid/e08-02/529-3181?utm_source=share&ref=yaesv34d
6LBoA,https://made.example.invalid/e08-02/537-3183?utm_source=share&ref=55ehq7b0
6LBoz,https://made.example.invalid/e08-02/534-3182?utm_source=share&ref=x3kv1f7r
6LBoB,https://made.example.invalid/e08-02/536-3184?utm_source=share&ref=2mqbg7wc
6LBoC,https://made.example.invalid/e08-02/533-3185?utm_source=share&ref=s17jw537
6LBoD,https://made.example.invalid/e08-02/544-3186?utm_source=share&ref=9v1j97m5
6LBoG,https://made.example.invalid/e08-02/541-3189?utm_source=share&ref=slc3taij
6LBoF,https://made.example.invalid/e08-02/538-3188?utm_source=share&ref=9vtifa2w
6LBoE,https://made.example.invalid/e08-02/535-3187?utm_source=share&ref=n17usu2p
6LBoJ,https://made.example.invalid/e08-02/542-3192?utm_source=share&ref=0y9ps68k
6LBoI,https://made.example.invalid/e08-02/543-3191?utm_source=share&ref=y46tbiye
6LBoH,https://made.example.invalid/e08-02/540-3190?utm_source=share&ref=if0x1j8f
6LBoK,https://made.example.invalid/e08-02/539-3193?utm_source=share&ref=7rqf1mxy
6LBoM,https://made.example.invalid/e08-02/549-3195?utm_source=share&ref=7aels421
6LBoN,https://made.example.invalid/e08-02/546-3196?utm_source=share&ref=cw2a3zhy
6LBoL,https://made.example.invalid/e08-02/545-3194?utm_source=share&ref=n8t33925
6LBoO,https://made.example.invalid/e08-02/550-3197?utm_source=share&ref=j17q8ezd
6LBoR,https://made.example.invalid/e08-02/3-3200?utm_source=share&ref=pyir0pgt
6LBoQ,https://made.example.invalid/e08-02/5-3199?utm_source=share&ref=ki2etryz
6LBoP,https://made.example.invalid/e08-02/548-3198?utm_source=share&ref=bchjdla5
6LBoV,https://made.example.invalid/e08-02/17-3204?utm_source=share&ref=lfj034s0
6LBoW,https://made.example.invalid/e08-02/21-3205?utm_source=share&ref=z76gg3yt
6LBoS,https://made.example.invalid/e08-02/547-3201?utm_source=share&ref=oe3j2eqj
6LBoU,https://made.example.invalid/e08-02/12-3203?utm_source=share&ref=wh12iu0r
6LBoT,https://made.example.invalid/e08-02/10-3202?utm_source=share&ref=d6gqre8z
6LBoX,https://made.example.invalid/e08-02/514-3206?utm_source=share&ref=kr7zw6jr
6LBoY,https://made.example.invalid/e08-02/517-3207?utm_source=share&ref=cx8obfyr
6LBoZ,https://made.example.invalid/e08-02/2-3208?utm_source=share&ref=6xqgqsvr
6LBp0,https://made.example.invalid/e08-02/512-3209?utm_source=share&ref=yzdp7qgy
6LBp1,https://made.example.invalid/e08-02/24-3210?utm_source=share&ref=m6k91exr
6LBp2,https://made.example.invalid/e08-02/22-3211?utm_source=share&ref=h12k4gjp
6LBp3,https://made.example.invalid/e08-02/513-3212?utm_source=share&ref=8sxo5op4
6LBp4,https://made.example.invalid/e08-02/511-3213?utm_source=share&ref=xas7f4od
6LBp5,https://made.example.invalid/e08-02/515-3214?utm_source=share&ref=sc8qzxa1
6LBp6,https://made.example.invalid/e08-02/528-3215?utm_source=share&ref=0y51ay7z
6LBp7,https://made.example.invalid/e08-02/516-3216?utm_source=share&ref=5ndw08je
6LBp8,https://made.example.invalid/e08-02/523-3217?utm_source=share&ref=0jif9t3u
6LBp9,https://made.example.invalid/e08-02/13-3218?utm_source=share&ref=7gm2paqk
6LBpa,https://made.example.invalid/e08-02/525-3219?utm_source=share&ref=d9miqmzl
6LBpb,https://made.example.invalid/e08-02/521-3220?utm_source=share&ref=dylo4qyb
6LBpc,https://made.example.invalid/e08-02/518-3221?utm_source=share&ref=8u709rvt
6LBpd,https://made.example.invalid/e08-02/520-3222?utm_source=share&ref=my3sa445
6LBpe,https://made.example.invalid/e08-02/527-3223?utm_source=share&ref=wqz4eocg
6LBpf,https://made.example.invalid/e08-02/519-3224?utm_source=share&ref=gmzcb6dl
6LBpg,https://made.example.invalid/e08-02/532-3225?utm_source=share&ref=qmbygtnj
6LBph,https://made.example.invalid/e08-02/526-3226?utm_source=share&ref=hi6yua68
6LBpi,https://made.example.invalid/e08-02/524-3227?utm_source=share&ref=a64ged1i
6LBpj,https://made.example.invalid/e08-02/522-3228?utm_source=share&ref=s8vfqxnt
6LBpk,https://made.example.invalid/e08-02/530-3229?utm_source=share&ref=kpo6y6qm
6LBpl,https://made.example.invalid/e08-02/531-3230?utm_source=share&ref=tmpu85we
6LBpm,https://made.example.invalid/e08-02/529-3231?utm_source=share&ref=f3w44d2i
6LBpn,https://made.example.invalid/e08-02/537-3232?utm_source=share&ref=8scic6fg
6LBpo,https://made.example.invalid/e08-02/534-3233?utm_source=share&ref=mnwhgqqe
6LBpp,https://made.example.invalid/e08-02/536-3234?utm_source=share&ref=9zor9ary
6LBpq,https://made.example.invalid/e08-02/533-3235?utm_source=share&ref=95734g78
6LBpr,https://made.example.invalid/e08-02/544-3236?utm_source=share&ref=eek58sw8
6LBps,https://made.example.invalid/e08-02/541-3237?utm_source=share&ref=e7xfz84m
6LBpt,https://made.example.invalid/e08-02/538-3238?utm_source=share&ref=zezwp9ht
6LBpu,https://made.example.invalid/e08-02/535-3239?utm_source=share&ref=rjisgqwm
6LBpv,https://made.example.invalid/e08-02/542-3240?utm_source=share&ref=zya1wmcp
6LBpw,https://made.example.invalid/e08-02/543-3241?utm_source=share&ref=ll8x53z6
6LBpx,https://made.example.invalid/e08-02/540-3242?utm_source=share&ref=h3qqnr84
6LBpy,https://made.example.invalid/e08-02/539-3243?utm_source=share&ref=mm3ylgqc
6LBpz,https://made.example.invalid/e08-02/549-3244?utm_source=share&ref=7bu24uwd
6LBpA,https://made.example.invalid/e08-02/546-3245?utm_source=share&ref=0xw7z9z9
6LBpB,https://made.example.invalid/e08-02/545-3246?utm_source=share&ref=ifnbqkce
6LBpC,https://made.example.invalid/e08-02/550-3247?utm_source=share&ref=3qip7wn1
6LBpD,https://made.example.invalid/e08-02/3-3248?utm_source=share&ref=9nmk4t2n
6LBpE,https://made.example.invalid/e08-02/5-3249?utm_source=share&ref=riveax1b
6LBpF,https://made.example.invalid/e08-02/548-3250?utm_source=share&ref=0kjqquha
6LBpG,https://made.example.invalid/e08-02/17-3251?utm_source=share&ref=smh50sdu
6LBpH,https://made.example.invalid/e08-02/21-3252?utm_source=share&ref=lbef61u5
6LBpI,https://made.example.invalid/e08-02/547-3253?utm_source=share&ref=uklo7fiv
6LBpJ,https://made.example.invalid/e08-02/12-3254?utm_source=share&ref=q6qw3c99
6LBpK,https://made.example.invalid/e08-02/10-3255?utm_source=share&ref=8ohkqf7j
6LBpL,https://made.example.invalid/e08-02/514-3256?utm_source=share&ref=czsusm1p
6LBpM,https://made.example.invalid/e08-02/517-3257?utm_source=share&ref=4wzhjxo2
6LBpN,https://made.example.invalid/e08-02/2-3258?utm_source=share&ref=3kkco2ds
6LBpO,https://made.example.invalid/e08-02/512-3259?utm_source=share&ref=qpm9etd3
6LBpP,https://made.example.invalid/e08-02/24-3260?utm_source=share&ref=eq6wosn5
6LBpQ,https://made.example.invalid/e08-02/22-3261?utm_source=share&ref=vkqw0vca
6LBpR,https://made.example.invalid/e08-02/513-3262?utm_source=share&ref=08yvoaa3
6LBpS,https://made.example.invalid/e08-02/511-3263?utm_source=share&ref=h9cf3zix
6LBpT,https://made.example.invalid/e08-02/515-3264?utm_source=share&ref=qgzfthte
6LBpU,https://made.example.invalid/e08-02/528-3265?utm_source=share&ref=zswora1k
6LBpV,https://made.example.invalid/e08-02/516-3266?utm_source=share&ref=4rgj5eyw
6LBpW,https://made.example.invalid/e08-02/523-3267?utm_source=share&ref=a8w1hv4g
6LBpX,https://made.example.invalid/e08-02/13-3268?utm_source=share&ref=64xr1xco
6LBpY,https://made.example.invalid/e08-02/525-3269?utm_source=share&ref=1g3rgau3
6LBpZ,https://made.example.invalid/e08-02/521-3270?utm_source=share&ref=wnljcgah
6LBq0,https://made.example.invalid/e08-02/518-3271?utm_source=share&ref=mjxo94qj
6LBq1,https://made.example.invalid/e08-02/520-3272?utm_source=share&ref=dupj01fv
6LBq2,https://made.example.invalid/e08-02/527-3273?utm_source=share&ref=30dsgqs4
6LBq3,https://made.example.invalid/e08-02/519-3274?utm_source=share&ref=gk44y9pv
6LBq4,https://made.example.invalid/e08-02/532-3275?utm_source=share&ref=dm1abnmk
6LBq5,https://made.example.invalid/e08-02/526-3276?utm_source=share&ref=1bwitob3
6LBq6,https://made.example.invalid/e08-02/524-3277?utm_source=share&ref=olrd54oa
6LBq7,https://made.example.invalid/e08-02/522-3278?utm_source=share&ref=qnlogcfi
6LBq8,https://made.example.invalid/e08-02/530-3279?utm_source=share&ref=lz97cp3b
6LBq9,https://made.example.invalid/e08-02/531-3280?utm_source=share&ref=okzv9o6v
6LBqa,https://made.example.invalid/e08-02/529-3281?utm_source=share&ref=qyi64t48
6LBqb,https://made.example.invalid/e08-02/537-3282?utm_source=share&ref=9x5sdhfd
6LBqc,https://made.example.invalid/e08-02/534-3283?utm_source=share&ref=n3tgz916
6LBqd,https://made.example.invalid/e08-02/536-3284?utm_source=share&ref=le9h1fyh
6LBqe,https://made.example.invalid/e08-02/533-3285?utm_source=share&ref=lsc8glhy
6LBqf,https://made.example.invalid/e08-02/544-3286?utm_source=share&ref=yz4pkbkb
6LBqg,https://made.example.invalid/e08-02/541-3287?utm_source=share&ref=xadafe3d
6LBqh,https://made.example.invalid/e08-02/538-3288?utm_source=share&ref=flr78060
6LBqi,https://made.example.invalid/e08-02/535-3289?utm_source=share&ref=if1awf43
6LBqj,https://made.example.invalid/e08-02/542-3290?utm_source=share&ref=qmpu99p6
6LBqk,https://made.example.invalid/e08-02/543-3291?utm_source=share&ref=0phbwa8x
6LBql,https://made.example.invalid/e08-02/540-3292?utm_source=share&ref=gvoqmm0n
6LBqm,https://made.example.invalid/e08-02/539-3293?utm_source=share&ref=j928lwsw
6LBqn,https://made.example.invalid/e08-02/549-3294?utm_source=share&ref=yj0ic5jx
6LBqo,https://made.example.invalid/e08-02/546-3295?utm_source=share&ref=0alj96nv
6LBqp,https://made.example.invalid/e08-02/545-3296?utm_source=share&ref=ndgq8dlx
6LBqq,https://made.example.invalid/e08-02/550-3297?utm_source=share&ref=42nquzlv
6LBqr,https://made.example.invalid/e08-02/3-3298?utm_source=share&ref=isv2nvj4
6LBqs,https://made.example.invalid/e08-02/5-3299?utm_source=share&ref=d54vbbv0
6LBqt,https://made.example.invalid/e08-02/548-3300?utm_source=share&ref=ykqtt08r
6LBqu,https://made.example.invalid/e08-02/17-3301?utm_source=share&ref=n3l84jzj
6LBqv,https://made.example.invalid/e08-02/21-3302?utm_source=share&ref=u1i3hjog
6LBqw,https://made.example.invalid/e08-02/547-3303?utm_source=share&ref=m0j1lzng
6LBqx,https://made.example.invalid/e08-02/12-3304?utm_source=share&ref=axd9dadz
6LBqy,https://made.example.invalid/e08-02/10-3305?utm_source=share&ref=luwla4eg
6LBqz,https://made.example.invalid/e08-02/514-3306?utm_source=share&ref=z8qw61sd
6LBqA,https://made.example.invalid/e08-02/517-3307?utm_source=share&ref=jzjnv9hn
6LBqB,https://made.example.invalid/e08-02/2-3308?utm_source=share&ref=dqf1nbhm
6LBqC,https://made.example.invalid/e08-02/512-3309?utm_source=share&ref=9fuwnmp0
6LBqD,https://made.example.invalid/e08-02/24-3310?utm_source=share&ref=5nrhfkkx
6LBqF,https://made.example.invalid/e08-02/513-3312?utm_source=share&ref=z593ycg4
6LBqE,https://made.example.invalid/e08-02/22-3311?utm_source=share&ref=yy1cvmpy
6LBqG,https://made.example.invalid/e08-02/511-3313?utm_source=share&ref=wu8g7gy6
6LBqH,https://made.example.invalid/e08-02/515-3314?utm_source=share&ref=q3dok3z0
6LBqI,https://made.example.invalid/e08-02/528-3315?utm_source=share&ref=q31mqm9c
6LBqJ,https://made.example.invalid/e08-02/516-3316?utm_source=share&ref=1q2hnna8
6LBqK,https://made.example.invalid/e08-02/523-3317?utm_source=share&ref=tt9a7shm
6LBqL,https://made.example.invalid/e08-02/13-3318?utm_source=share&ref=mxfk3tk2
6LBqM,https://made.example.invalid/e08-02/525-3319?utm_source=share&ref=8e4pcm3x
6LBqN,https://made.example.invalid/e08-02/521-3320?utm_source=share&ref=kndktlea
6LBqO,https://made.example.invalid/e08-02/518-3321?utm_source=share&ref=ht1spjor
6LBqP,https://made.example.invalid/e08-02/520-3322?utm_source=share&ref=sxesqnfw
6LBqQ,https://made.example.invalid/e08-02/527-3323?utm_source=share&ref=fqzed4pu
6LBqR,https://made.example.invalid/e08-02/519-3324?utm_source=share&ref=ax00fyto
6LBqS,https://made.example.invalid/e08-02/532-3325?utm_source=share&ref=6l2h8bys
6LBqT,https://made.example.invalid/e08-02/526-3326?utm_source=share&ref=w2zlz67z
6LBqU,https://made.example.invalid/e08-02/524-3327?utm_source=share&ref=22v88dge
6LBqV,https://made.example.invalid/e08-02/522-3328?utm_source=share&ref=7n6svuwg
6LBqW,https://made.example.invalid/e08-02/530-3329?utm_source=share&ref=38zhuqdt
6LBqX,https://made.example.invalid/e08-02/531-3330?utm_source=share&ref=mkofkexh
6LBqY,https://made.example.invalid/e08-02/529-3331?utm_source=share&ref=y2re4gtl
6LBqZ,https://made.example.invalid/e08-02/537-3332?utm_source=share&ref=39ibfeto
6LBr0,https://made.example.invalid/e08-02/534-3333?utm_source=share&ref=wfqtrald
6LBr1,https://made.example.invalid/e08-02/536-3334?utm_source=share&ref=uo30u9go
6LBr2,https://made.example.invalid/e08-02/533-3335?utm_source=share&ref=hvz33g82
6LBr3,https://made.example.invalid/e08-02/544-3336?utm_source=share&ref=b167swrr
6LBr4,https://made.example.invalid/e08-02/541-3337?utm_source=share&ref=0y4htt6v
6LBr5,https://made.example.invalid/e08-02/538-3338?utm_source=share&ref=k1fxlof9
6LBr6,https://made.example.invalid/e08-02/535-3339?utm_source=share&ref=h5ez61lp
6LBr7,https://made.example.invalid/e08-02/542-3340?utm_source=share&ref=krw0ncpb
6LBr8,https://made.example.invalid/e08-02/543-3341?utm_source=share&ref=25uo06sf
6LBr9,https://made.example.invalid/e08-02/540-3342?utm_source=share&ref=slo9ewwo
6LBra,https://made.example.invalid/e08-02/539-3343?utm_source=share&ref=352t14dm
6LBrb,https://made.example.invalid/e08-02/549-3344?utm_source=share&ref=9tlogdj1
6LBrc,https://made.example.invalid/e08-02/546-3345?utm_source=share&ref=sqhotdc5
6LBrd,https://made.example.invalid/e08-02/545-3346?utm_source=share&ref=6yeh9u4y
6LBre,https://made.example.invalid/e08-02/550-3347?utm_source=share&ref=18vyykr5
6LBrf,https://made.example.invalid/e08-02/3-3348?utm_source=share&ref=71qgu36b
6LBrg,https://made.example.invalid/e08-02/5-3349?utm_source=share&ref=t9kdzyfq
6LBrh,https://made.example.invalid/e08-02/548-3350?utm_source=share&ref=bp71627r
6LBri,https://made.example.invalid/e08-02/17-3351?utm_source=share&ref=9h9q2vtp
6LBrj,https://made.example.invalid/e08-02/21-3352?utm_source=share&ref=v1dy1g7j
6LBrk,https://made.example.invalid/e08-02/547-3353?utm_source=share&ref=e4gwqyo7
6LBrl,https://made.example.invalid/e08-02/12-3354?utm_source=share&ref=q1e5uosu
6LBrm,https://made.example.invalid/e08-02/10-3355?utm_source=share&ref=1yebf2mr
6LBrn,https://made.example.invalid/e08-02/514-3356?utm_source=share&ref=d8xs75dc
6LBro,https://made.example.invalid/e08-02/517-3357?utm_source=share&ref=fv7ga4ok
6LBrp,https://made.example.invalid/e08-02/2-3358?utm_source=share&ref=it9gsuhp
6LBrq,https://made.example.invalid/e08-02/512-3359?utm_source=share&ref=wqvzad1w
6LBrr,https://made.example.invalid/e08-02/24-3360?utm_source=share&ref=20p354o4
6LBrs,https://made.example.invalid/e08-02/513-3361?utm_source=share&ref=wzjdnced
6LBrt,https://made.example.invalid/e08-02/22-3362?utm_source=share&ref=vd746nsh
6LBru,https://made.example.invalid/e08-02/511-3363?utm_source=share&ref=dd4ubjvb
6LBrv,https://made.example.invalid/e08-02/515-3364?utm_source=share&ref=3od63t39
6LBrw,https://made.example.invalid/e08-02/528-3365?utm_source=share&ref=a1e01no9
6LBrx,https://made.example.invalid/e08-02/516-3366?utm_source=share&ref=ccdqzn0l
6LBry,https://made.example.invalid/e08-02/523-3367?utm_source=share&ref=ydajnse9
6LBrz,https://made.example.invalid/e08-02/13-3368?utm_source=share&ref=inzjigmc
6LBrA,https://made.example.invalid/e08-02/525-3369?utm_source=share&ref=rsslhfe6
6LBrB,https://made.example.invalid/e08-02/521-3370?utm_source=share&ref=nrkjtclt
6LBrC,https://made.example.invalid/e08-02/518-3371?utm_source=share&ref=uoqvu48t
6LBrD,https://made.example.invalid/e08-02/520-3372?utm_source=share&ref=0zqhwlxh
6LBrE,https://made.example.invalid/e08-02/527-3373?utm_source=share&ref=20i6lw2z
6LBrF,https://made.example.invalid/e08-02/519-3374?utm_source=share&ref=90mid9w5
6LBrG,https://made.example.invalid/e08-02/532-3375?utm_source=share&ref=ezptav3m
6LBrH,https://made.example.invalid/e08-02/526-3376?utm_source=share&ref=dnr2vnm8
6LBrI,https://made.example.invalid/e08-02/524-3377?utm_source=share&ref=ji4nh3xy
6LBrJ,https://made.example.invalid/e08-02/522-3378?utm_source=share&ref=bdylf74u
6LBrK,https://made.example.invalid/e08-02/530-3379?utm_source=share&ref=ak3nkh3v
6LBrL,https://made.example.invalid/e08-02/531-3380?utm_source=share&ref=hjti37pe
6LBrM,https://made.example.invalid/e08-02/529-3381?utm_source=share&ref=17ljjnc7
6LBrN,https://made.example.invalid/e08-02/537-3382?utm_source=share&ref=rkr9ha8s
6LBrO,https://made.example.invalid/e08-02/534-3383?utm_source=share&ref=newuwpu8
6LBrP,https://made.example.invalid/e08-02/536-3384?utm_source=share&ref=tpj4n20w
6LBrQ,https://made.example.invalid/e08-02/533-3385?utm_source=share&ref=m6tmd90m
6LBrR,https://made.example.invalid/e08-02/544-3386?utm_source=share&ref=pv49h8ax
6LBrS,https://made.example.invalid/e08-02/541-3387?utm_source=share&ref=q17bygk5
6LBrT,https://made.example.invalid/e08-02/538-3388?utm_source=share&ref=ajzy6fkh
6LBrU,https://made.example.invalid/e08-02/535-3389?utm_source=share&ref=dp3n1hm1
6LBrV,https://made.example.invalid/e08-02/542-3390?utm_source=share&ref=9983lt4q
6LBrW,https://made.example.invalid/e08-02/543-3391?utm_source=share&ref=w1qlw53q
6LBrX,https://made.example.invalid/e08-02/540-3392?utm_source=share&ref=b3kdlebw
6LBrY,https://made.example.invalid/e08-02/539-3393?utm_source=share&ref=zvxa1pch
6LBrZ,https://made.example.invalid/e08-02/549-3394?utm_source=share&ref=pabog5xx
6LBs0,https://made.example.invalid/e08-02/546-3395?utm_source=share&ref=dps7yyil
6LBs1,https://made.example.invalid/e08-02/545-3396?utm_source=share&ref=trf3bq98
6LBs2,https://made.example.invalid/e08-02/550-3397?utm_source=share&ref=icbrbws1
6LBs3,https://made.example.invalid/e08-02/3-3398?utm_source=share&ref=ehj1upkl
6LBs4,https://made.example.invalid/e08-02/5-3399?utm_source=share&ref=y4lm0h9a
6LBs5,https://made.example.invalid/e08-02/548-3400?utm_source=share&ref=w5zy1yrw
6LBs6,https://made.example.invalid/e08-02/17-3401?utm_source=share&ref=eors7zpx
6LBs7,https://made.example.invalid/e08-02/21-3402?utm_source=share&ref=ohx7lyrs
6LBs8,https://made.example.invalid/e08-02/547-3403?utm_source=share&ref=ciqs99zp
6LBs9,https://made.example.invalid/e08-02/12-3404?utm_source=share&ref=t3sfgq4e
6LBsa,https://made.example.invalid/e08-02/10-3405?utm_source=share&ref=rqmpm6x0
6LBsb,https://made.example.invalid/e08-02/514-3406?utm_source=share&ref=voxky9yr
6LBsc,https://made.example.invalid/e08-02/517-3407?utm_source=share&ref=qefndtre
6LBsd,https://made.example.invalid/e08-02/2-3408?utm_source=share&ref=3cu0c7e4
6LBse,https://made.example.invalid/e08-02/512-3409?utm_source=share&ref=c9dagzou
6LBsf,https://made.example.invalid/e08-02/24-3410?utm_source=share&ref=9o8rnp3e
6LBsg,https://made.example.invalid/e08-02/513-3411?utm_source=share&ref=a658galu
6LBsh,https://made.example.invalid/e08-02/22-3412?utm_source=share&ref=gvq66kmv
6LBsi,https://made.example.invalid/e08-02/511-3413?utm_source=share&ref=nqzq25oj
6LBsj,https://made.example.invalid/e08-02/515-3414?utm_source=share&ref=et8hbr8e
6LBsk,https://made.example.invalid/e08-02/528-3415?utm_source=share&ref=bzl5k1r0
6LBsl,https://made.example.invalid/e08-02/516-3416?utm_source=share&ref=457sjhjt
6LBsm,https://made.example.invalid/e08-02/523-3417?utm_source=share&ref=jkghrefp
6LBsn,https://made.example.invalid/e08-02/13-3418?utm_source=share&ref=29ts4r41
6LBso,https://made.example.invalid/e08-02/525-3419?utm_source=share&ref=ptw1xy4g
6LBsp,https://made.example.invalid/e08-02/521-3420?utm_source=share&ref=lhn2jsgl
6LBsq,https://made.example.invalid/e08-02/518-3421?utm_source=share&ref=yohd1imk
6LBsr,https://made.example.invalid/e08-02/520-3422?utm_source=share&ref=j248a6ty
6LBss,https://made.example.invalid/e08-02/527-3423?utm_source=share&ref=c7sozsii
6LBst,https://made.example.invalid/e08-02/519-3424?utm_source=share&ref=phkhkigy
6LBsu,https://made.example.invalid/e08-02/532-3425?utm_source=share&ref=mu5glx69
6LBsv,https://made.example.invalid/e08-02/526-3426?utm_source=share&ref=wlz2bl4u
6LBsw,https://made.example.invalid/e08-02/524-3427?utm_source=share&ref=uuuqejjd
6LBsx,https://made.example.invalid/e08-02/522-3428?utm_source=share&ref=yfyilj48
6LBsz,https://made.example.invalid/e08-02/531-3430?utm_source=share&ref=jokim2th
6LBsy,https://made.example.invalid/e08-02/530-3429?utm_source=share&ref=35dk7qtn
6LBsA,https://made.example.invalid/e08-02/529-3431?utm_source=share&ref=faicovhq
6LBsB,https://made.example.invalid/e08-02/537-3432?utm_source=share&ref=2i4djctr
6LBsC,https://made.example.invalid/e08-02/534-3433?utm_source=share&ref=iw92dttq
6LBsD,https://made.example.invalid/e08-02/536-3434?utm_source=share&ref=49utet4a
6LBsE,https://made.example.invalid/e08-02/533-3435?utm_source=share&ref=p8vl9l9s
6LBsF,https://made.example.invalid/e08-02/544-3436?utm_source=share&ref=y59n3zb6
6LBsG,https://made.example.invalid/e08-02/541-3437?utm_source=share&ref=6udzevkn
6LBsH,https://made.example.invalid/e08-02/538-3438?utm_source=share&ref=vs25vj99
6LBsI,https://made.example.invalid/e08-02/535-3439?utm_source=share&ref=h0r6dnhc
6LBsJ,https://made.example.invalid/e08-02/542-3440?utm_source=share&ref=lanfwmv7
6LBsK,https://made.example.invalid/e08-02/543-3441?utm_source=share&ref=7x2q39l0
6LBsL,https://made.example.invalid/e08-02/540-3442?utm_source=share&ref=ztr1xdms
6LBsM,https://made.example.invalid/e08-02/539-3443?utm_source=share&ref=u6rym0u9
6LBsN,https://made.example.invalid/e08-02/549-3444?utm_source=share&ref=891kvcbn
6LBsO,https://made.example.invalid/e08-02/546-3445?utm_source=share&ref=z1rw88zq
6LBsP,https://made.example.invalid/e08-02/545-3446?utm_source=share&ref=0yep0ll4
6LBsQ,https://made.example.invalid/e08-02/550-3447?utm_source=share&ref=ov2kmyy6
6LBsR,https://made.example.invalid/e08-02/3-3448?utm_source=share&ref=kvy5vdrj
6LBsS,https://made.example.invalid/e08-02/5-3449?utm_source=share&ref=06117fl4
6LBsT,https://made.example.invalid/e08-02/548-3450?utm_source=share&ref=you3kqj5
6LBsU,https://made.example.invalid/e08-02/17-3451?utm_source=share&ref=f0fhmq90
6LBsV,https://made.example.invalid/e08-02/21-3452?utm_source=share&ref=6hv1qid6
6LBsW,https://made.example.invalid/e08-02/547-3453?utm_source=share&ref=47utoyrc
6LBsX,https://made.example.invalid/e08-02/12-3454?utm_source=share&ref=wb5470dp
6LBsY,https://made.example.invalid/e08-02/10-3455?utm_source=share&ref=m0nx2vpe
6LBsZ,https://made.example.invalid/e08-02/514-3456?utm_source=share&ref=9fvmongx
6LBt0,https://made.example.invalid/e08-02/517-3457?utm_source=share&ref=0brlt6pm
6LBt1,https://made.example.invalid/e08-02/2-3458?utm_source=share&ref=nmf0h6wx
6LBt2,https://made.example.invalid/e08-02/512-3459?utm_source=share&ref=14c3nazg
6LBt3,https://made.example.invalid/e08-02/24-3460?utm_source=share&ref=8oev5ze0
6LBt4,https://made.example.invalid/e08-02/513-3461?utm_source=share&ref=tvcjpmuv
6LBt5,https://made.example.invalid/e08-02/22-3462?utm_source=share&ref=9o6393we
6LBt6,https://made.example.invalid/e08-02/511-3463?utm_source=share&ref=s86jz48j
6LBt7,https://made.example.invalid/e08-02/515-3464?utm_source=share&ref=7ou2tqpj
6LBt8,https://made.example.invalid/e08-02/528-3465?utm_source=share&ref=4ekmi7pr
6LBt9,https://made.example.invalid/e08-02/516-3466?utm_source=share&ref=jc6sfida
6LBta,https://made.example.invalid/e08-02/523-3467?utm_source=share&ref=4y4e8j3c
6LBtb,https://made.example.invalid/e08-02/13-3468?utm_source=share&ref=qdalpgnt
6LBtc,https://made.example.invalid/e08-02/525-3469?utm_source=share&ref=ybk4zitp
6LBte,https://made.example.invalid/e08-02/518-3471?utm_source=share&ref=yns90ait
6LBtd,https://made.example.invalid/e08-02/521-3470?utm_source=share&ref=9s5cumsx
6LBtf,https://made.example.invalid/e08-02/520-3472?utm_source=share&ref=fupoc56k
6LBtg,https://made.example.invalid/e08-02/527-3473?utm_source=share&ref=um1puy58
6LBth,https://made.example.invalid/e08-02/519-3474?utm_source=share&ref=egr5874z
6LBti,https://made.example.invalid/e08-02/532-3475?utm_source=share&ref=x6gxodzl
6LBtj,https://made.example.invalid/e08-02/526-3476?utm_source=share&ref=llyw0o4p
6LBtk,https://made.example.invalid/e08-02/524-3477?utm_source=share&ref=udaxitjd
6LBtl,https://made.example.invalid/e08-02/522-3478?utm_source=share&ref=twohl8a2
6LBtm,https://made.example.invalid/e08-02/531-3479?utm_source=share&ref=90wtht47
6LBtn,https://made.example.invalid/e08-02/530-3480?utm_source=share&ref=3thrmz5p
6LBto,https://made.example.invalid/e08-02/529-3481?utm_source=share&ref=niwo3k2s
6LBtp,https://made.example.invalid/e08-02/537-3482?utm_source=share&ref=i50e4nsx
6LBtq,https://made.example.invalid/e08-02/534-3483?utm_source=share&ref=6fkoi700
6LBtr,https://made.example.invalid/e08-02/536-3484?utm_source=share&ref=bhagcyi7
6LBts,https://made.example.invalid/e08-02/533-3485?utm_source=share&ref=zd3ridm0
6LBtt,https://made.example.invalid/e08-02/544-3486?utm_source=share&ref=5wvj49qo
6LBtu,https://made.example.invalid/e08-02/541-3487?utm_source=share&ref=6clp8ghv
6LBtv,https://made.example.invalid/e08-02/538-3488?utm_source=share&ref=l3ei14b9
6LBtw,https://made.example.invalid/e08-02/535-3489?utm_source=share&ref=xgso5bjl
6LBtx,https://made.example.invalid/e08-02/542-3490?utm_source=share&ref=rn2knkyc
6LBty,https://made.example.invalid/e08-02/543-3491?utm_source=share&ref=wtlnylmp
6LBtz,https://made.example.invalid/e08-02/540-3492?utm_source=share&ref=wm76l28l
6LBtA,https://made.example.invalid/e08-02/539-3493?utm_source=share&ref=79mt8mfs
6LBtB,https://made.example.invalid/e08-02/549-3494?utm_source=share&ref=s2xnkpnp
6LBtC,https://made.example.invalid/e08-02/546-3495?utm_source=share&ref=7ty7liq4
6LBtD,https://made.example.invalid/e08-02/545-3496?utm_source=share&ref=vdhokz8y
6LBtE,https://made.example.invalid/e08-02/550-3497?utm_source=share&ref=hsarf9x1
6LBtF,https://made.example.invalid/e08-02/3-3498?utm_source=share&ref=n5wpq64j
6LBtG,https://made.example.invalid/e08-02/5-3499?utm_source=share&ref=uapa9hu5
6LBtH,https://made.example.invalid/e08-02/548-3500?utm_source=share&ref=n51al6az
6LBtI,https://made.example.invalid/e08-02/17-3501?utm_source=share&ref=1t9nuha9
6LBtJ,https://made.example.invalid/e08-02/21-3502?utm_source=share&ref=ris7qogv
6LBtK,https://made.example.invalid/e08-02/547-3503?utm_source=share&ref=u7588fkm
6LBtL,https://made.example.invalid/e08-02/12-3504?utm_source=share&ref=9uks63tz
6LBtM,https://made.example.invalid/e08-02/10-3505?utm_source=share&ref=2ehei3ma
6LBtN,https://made.example.invalid/e08-02/514-3506?utm_source=share&ref=ily0ijyq
6LBtO,https://made.example.invalid/e08-02/517-3507?utm_source=share&ref=2rfyo042
6LBtP,https://made.example.invalid/e08-02/2-3508?utm_source=share&ref=fwmg9u1m
6LBtQ,https://made.example.invalid/e08-02/512-3509?utm_source=share&ref=xenwi9no
6LBtR,https://made.example.invalid/e08-02/24-3510?utm_source=share&ref=d55n185w
6LBtS,https://made.example.invalid/e08-02/513-3511?utm_source=share&ref=kwcgusjr
6LBtT,https://made.example.invalid/e08-02/22-3512?utm_source=share&ref=w2xdd33y
6LBtU,https://made.example.invalid/e08-02/511-3513?utm_source=share&ref=ec5uig8s
6LBtV,https://made.example.invalid/e08-02/515-3514?utm_source=share&ref=n1vu2r97
6LBtW,https://made.example.invalid/e08-02/528-3515?utm_source=share&ref=dywyq42x
6LBtX,https://made.example.invalid/e08-02/516-3516?utm_source=share&ref=0cxx4pfn
6LBtY,https://made.example.invalid/e08-02/523-3517?utm_source=share&ref=szezyhmi
6LBtZ,https://made.example.invalid/e08-02/13-3518?utm_source=share&ref=dc4z5f3q
6LBu0,https://made.example.invalid/e08-02/525-3519?utm_source=share&ref=uvknys3d
6LBu1,https://made.example.invalid/e08-02/518-3520?utm_source=share&ref=lzmwoh9x
6LBu2,https://made.example.invalid/e08-02/521-3521?utm_source=share&ref=02t7utq8
6LBu3,https://made.example.invalid/e08-02/520-3522?utm_source=share&ref=vhdrr73a
6LBu4,https://made.example.invalid/e08-02/527-3523?utm_source=share&ref=m2ffq66h
6LBu5,https://made.example.invalid/e08-02/519-3524?utm_source=share&ref=jex7szrk
6LBu6,https://made.example.invalid/e08-02/532-3525?utm_source=share&ref=wlw2deeo
6LBu7,https://made.example.invalid/e08-02/526-3526?utm_source=share&ref=q6vymlb9
6LBu8,https://made.example.invalid/e08-02/524-3527?utm_source=share&ref=acuwh4go
6LBu9,https://made.example.invalid/e08-02/522-3528?utm_source=share&ref=vvqokw3w
6LBua,https://made.example.invalid/e08-02/531-3529?utm_source=share&ref=ebx89o5o
6LBub,https://made.example.invalid/e08-02/530-3530?utm_source=share&ref=oog1dxrp
6LBuc,https://made.example.invalid/e08-02/529-3531?utm_source=share&ref=om247on0
6LBud,https://made.example.invalid/e08-02/537-3532?utm_source=share&ref=oh3fl9zu
6LBue,https://made.example.invalid/e08-02/534-3533?utm_source=share&ref=jma2qcdj
6LBuf,https://made.example.invalid/e08-02/536-3534?utm_source=share&ref=7f2inoes
6LBug,https://made.example.invalid/e08-02/533-3535?utm_source=share&ref=xxhp8ggj
6LBuh,https://made.example.invalid/e08-02/544-3536?utm_source=share&ref=jvlscv7w
6LBui,https://made.example.invalid/e08-02/541-3537?utm_source=share&ref=iww3fm4r
6LBuj,https://made.example.invalid/e08-02/538-3538?utm_source=share&ref=5kkt1stn
6LBuk,https://made.example.invalid/e08-02/535-3539?utm_source=share&ref=fg1s3wgm
6LBul,https://made.example.invalid/e08-02/542-3540?utm_source=share&ref=sfen3mpw
6LBum,https://made.example.invalid/e08-02/543-3541?utm_source=share&ref=at0lu9ha
6LBun,https://made.example.invalid/e08-02/540-3542?utm_source=share&ref=ykeltiw7
6LBuo,https://made.example.invalid/e08-02/539-3543?utm_source=share&ref=y3695h2x
6LBup,https://made.example.invalid/e08-02/549-3544?utm_source=share&ref=jc8l964m
6LBuq,https://made.example.invalid/e08-02/546-3545?utm_source=share&ref=sezmjbph
6LBur,https://made.example.invalid/e08-02/545-3546?utm_source=share&ref=e0wxn5k3
6LBus,https://made.example.invalid/e08-02/550-3547?utm_source=share&ref=i6964apz
6LBut,https://made.example.invalid/e08-02/3-3548?utm_source=share&ref=kweioufw
6LBuu,https://made.example.invalid/e08-02/5-3549?utm_source=share&ref=hfsj2cml
6LBuv,https://made.example.invalid/e08-02/548-3550?utm_source=share&ref=4n6gtobz
6LBuw,https://made.example.invalid/e08-02/17-3551?utm_source=share&ref=lrlrgslc
6LBux,https://made.example.invalid/e08-02/21-3552?utm_source=share&ref=lf8n9fxt
6LBuy,https://made.example.invalid/e08-02/547-3553?utm_source=share&ref=sghy2bgt
6LBuz,https://made.example.invalid/e08-02/12-3554?utm_source=share&ref=m9rvc4xq
6LBuA,https://made.example.invalid/e08-02/10-3555?utm_source=share&ref=okcdl03r
6LBuB,https://made.example.invalid/e08-02/514-3556?utm_source=share&ref=qcav1m24
6LBuC,https://made.example.invalid/e08-02/517-3557?utm_source=share&ref=l3gni0wm
6LBuD,https://made.example.invalid/e08-02/2-3558?utm_source=share&ref=lk4k719r
6LBuE,https://made.example.invalid/e08-02/512-3559?utm_source=share&ref=8mv0zl3v
6LBuF,https://made.example.invalid/e08-02/24-3560?utm_source=share&ref=jyzyqg9y
6LBuG,https://made.example.invalid/e08-02/513-3561?utm_source=share&ref=rgxsmlvo
6LBuH,https://made.example.invalid/e08-02/22-3562?utm_source=share&ref=jihawge3
6LBuI,https://made.example.invalid/e08-02/511-3563?utm_source=share&ref=279daa0l
6LBuJ,https://made.example.invalid/e08-02/515-3564?utm_source=share&ref=ecgl8u66
6LBuK,https://made.example.invalid/e08-02/528-3565?utm_source=share&ref=167yswv1
6LBuL,https://made.example.invalid/e08-02/516-3566?utm_source=share&ref=0k4qtigc
6LBuM,https://made.example.invalid/e08-02/523-3567?utm_source=share&ref=x6dl2kuu
6LBuN,https://made.example.invalid/e08-02/13-3568?utm_source=share&ref=639q4m0o
6LBuO,https://made.example.invalid/e08-02/525-3569?utm_source=share&ref=yk2z4if8
6LBuP,https://made.example.invalid/e08-02/518-3570?utm_source=share&ref=vxyys6xz
6LBuQ,https://made.example.invalid/e08-02/521-3571?utm_source=share&ref=6sbwas0n
6LBuR,https://made.example.invalid/e08-02/520-3572?utm_source=share&ref=xqngn0h4
6LBuS,https://made.example.invalid/e08-02/527-3573?utm_source=share&ref=8900s2nm
6LBuT,https://made.example.invalid/e08-02/519-3574?utm_source=share&ref=6yd3fd9u
6LBuU,https://made.example.invalid/e08-02/532-3575?utm_source=share&ref=7dyi8xbn
6LBuV,https://made.example.invalid/e08-02/526-3576?utm_source=share&ref=x9sosacw
6LBuW,https://made.example.invalid/e08-02/524-3577?utm_source=share&ref=2ylxombg
6LBuX,https://made.example.invalid/e08-02/522-3578?utm_source=share&ref=3rdahk69
6LBuY,https://made.example.invalid/e08-02/531-3579?utm_source=share&ref=51rplhy6
6LBuZ,https://made.example.invalid/e08-02/530-3580?utm_source=share&ref=h7jbso5o
6LBv0,https://made.example.invalid/e08-02/529-3581?utm_source=share&ref=qqgar7ow
6LBv1,https://made.example.invalid/e08-02/537-3582?utm_source=share&ref=bzhunz7m
6LBv2,https://made.example.invalid/e08-02/534-3583?utm_source=share&ref=ozl2hm0b
6LBv3,https://made.example.invalid/e08-02/536-3584?utm_source=share&ref=gdxu9mzp
6LBv4,https://made.example.invalid/e08-02/533-3585?utm_source=share&ref=gqg5citn
6LBv5,https://made.example.invalid/e08-02/544-3586?utm_source=share&ref=nbvcu720
6LBv6,https://made.example.invalid/e08-02/541-3587?utm_source=share&ref=ilxgw953
6LBv7,https://made.example.invalid/e08-02/538-3588?utm_source=share&ref=39efiu1o
6LBv8,https://made.example.invalid/e08-02/535-3589?utm_source=share&ref=opv6jy9s
6LBv9,https://made.example.invalid/e08-02/542-3590?utm_source=share&ref=gw07699k
6LBva,https://made.example.invalid/e08-02/543-3591?utm_source=share&ref=h4nvpiy7
6LBvb,https://made.example.invalid/e08-02/540-3592?utm_source=share&ref=a23ykqu8
6LBvc,https://made.example.invalid/e08-02/539-3593?utm_source=share&ref=t86c396j
6LBvd,https://made.example.invalid/e08-02/549-3594?utm_source=share&ref=ijbi8xc1
6LBve,https://made.example.invalid/e08-02/546-3595?utm_source=share&ref=xnalohr9
6LBvf,https://made.example.invalid/e08-02/545-3596?utm_source=share&ref=9epmgcgt
6LBvg,https://made.example.invalid/e08-02/550-3597?utm_source=share&ref=5531vrxp
6LBvh,https://made.example.invalid/e08-02/3-3598?utm_source=share&ref=0cxe1saw
6LBvi,https://made.example.invalid/e08-02/5-3599?utm_source=share&ref=vyy5vhy9
6LBvj,https://made.example.invalid/e08-02/548-3600?utm_source=share&ref=quuk252n
6LBvk,https://made.example.invalid/e08-02/17-3601?utm_source=share&ref=eag0m9py
6LBvl,https://made.example.invalid/e08-02/21-3602?utm_source=share&ref=xmeingud
6LBvm,https://made.example.invalid/e08-02/547-3603?utm_source=share&ref=nom77c7w
6LBvn,https://made.example.invalid/e08-02/12-3604?utm_source=share&ref=o1zamygi
6LBvo,https://made.example.invalid/e08-02/10-3605?utm_source=share&ref=ts5f6q1d
6LBvp,https://made.example.invalid/e08-02/514-3606?utm_source=share&ref=4d05xeip
6LBvq,https://made.example.invalid/e08-02/517-3607?utm_source=share&ref=7umc1uzu
6LBvr,https://made.example.invalid/e08-02/2-3608?utm_source=share&ref=lmwqbrks
6LBvs,https://made.example.invalid/e08-02/512-3609?utm_source=share&ref=j4is5ufq
6LBvt,https://made.example.invalid/e08-02/24-3610?utm_source=share&ref=pvvi9t9s
6LBvu,https://made.example.invalid/e08-02/513-3611?utm_source=share&ref=nfzbzs1f
6LBvv,https://made.example.invalid/e08-02/22-3612?utm_source=share&ref=5mo57kuo
6LBvw,https://made.example.invalid/e08-02/511-3613?utm_source=share&ref=56jj773p
6LBvx,https://made.example.invalid/e08-02/515-3614?utm_source=share&ref=zumwfrdx
6LBvy,https://made.example.invalid/e08-02/528-3615?utm_source=share&ref=hp7hq9hs
6LBvz,https://made.example.invalid/e08-02/516-3616?utm_source=share&ref=c5io2540
6LBvA,https://made.example.invalid/e08-02/523-3617?utm_source=share&ref=ro7f0q8d
6LBvB,https://made.example.invalid/e08-02/13-3618?utm_source=share&ref=lxvq1zfn
6LBvC,https://made.example.invalid/e08-02/525-3619?utm_source=share&ref=mll3jyvp
6LBvD,https://made.example.invalid/e08-02/518-3620?utm_source=share&ref=cyba7ovk
6LBvE,https://made.example.invalid/e08-02/521-3621?utm_source=share&ref=1k9sgeqx
6LBvF,https://made.example.invalid/e08-02/520-3622?utm_source=share&ref=btylmv29
6LBvG,https://made.example.invalid/e08-02/527-3623?utm_source=share&ref=gu8akroa
6LBvH,https://made.example.invalid/e08-02/519-3624?utm_source=share&ref=zvscuhm8
6LBvI,https://made.example.invalid/e08-02/532-3625?utm_source=share&ref=nllw5o5g
6LBvJ,https://made.example.invalid/e08-02/526-3626?utm_source=share&ref=ar5pe55y
6LBvK,https://made.example.invalid/e08-02/524-3627?utm_source=share&ref=7w4clazn
6LBvL,https://made.example.invalid/e08-02/522-3628?utm_source=share&ref=js8ape4a
6LBvM,https://made.example.invalid/e08-02/531-3629?utm_source=share&ref=3aixdwjv
6LBvN,https://made.example.invalid/e08-02/530-3630?utm_source=share&ref=eypnt6eo
6LBvP,https://made.example.invalid/e08-02/537-3632?utm_source=share&ref=maypg4d5
6LBvO,https://made.example.invalid/e08-02/529-3631?utm_source=share&ref=ilsccwcc
6LBvQ,https://made.example.invalid/e08-02/534-3633?utm_source=share&ref=hnsfpg1d
6LBvR,https://made.example.invalid/e08-02/536-3634?utm_source=share&ref=5yfqgmhn
6LBvS,https://made.example.invalid/e08-02/533-3635?utm_source=share&ref=jujg85nv
6LBvT,https://made.example.invalid/e08-02/544-3636?utm_source=share&ref=317rqv0v
6LBvU,https://made.example.invalid/e08-02/541-3637?utm_source=share&ref=8ell9kq2
6LBvV,https://made.example.invalid/e08-02/538-3638?utm_source=share&ref=66nrjmbf
6LBvW,https://made.example.invalid/e08-02/535-3639?utm_source=share&ref=v8crlt4n
6LBvX,https://made.example.invalid/e08-02/542-3640?utm_source=share&ref=11nrud2c
6LBvY,https://made.example.invalid/e08-02/543-3641?utm_source=share&ref=r66lmy65
6LBvZ,https://made.example.invalid/e08-02/540-3642?utm_source=share&ref=8qudh2sq
6LBw0,https://made.example.invalid/e08-02/539-3643?utm_source=share&ref=vxtfvooi
6LBw1,https://made.example.invalid/e08-02/549-3644?utm_source=share&ref=z0vkjyvm
6LBw2,https://made.example.invalid/e08-02/546-3645?utm_source=share&ref=zzx33y5b
6LBw3,https://made.example.invalid/e08-02/545-3646?utm_source=share&ref=axqtsi7e
6LBw4,https://made.example.invalid/e08-02/550-3647?utm_source=share&ref=na8f9bgu
6LBw5,https://made.example.invalid/e08-02/3-3648?utm_source=share&ref=9mokgs98
6LBw6,https://made.example.invalid/e08-02/5-3649?utm_source=share&ref=hrfltexx
6LBw7,https://made.example.invalid/e08-02/548-3650?utm_source=share&ref=uahmd3nf
6LBw8,https://made.example.invalid/e08-02/17-3651?utm_source=share&ref=9q8kn4ru
6LBw9,https://made.example.invalid/e08-02/21-3652?utm_source=share&ref=qjasx3ty
6LBwa,https://made.example.invalid/e08-02/547-3653?utm_source=share&ref=o8ovu99p
6LBwb,https://made.example.invalid/e08-02/12-3654?utm_source=share&ref=i0u1tfpb
6LBwc,https://made.example.invalid/e08-02/10-3655?utm_source=share&ref=vby90wwv
6LBwd,https://made.example.invalid/e08-02/514-3656?utm_source=share&ref=dwd7miwv
6LBwe,https://made.example.invalid/e08-02/517-3657?utm_source=share&ref=0bo86z79
6LBwf,https://made.example.invalid/e08-02/2-3658?utm_source=share&ref=63z6x6n4
6LBwg,https://made.example.invalid/e08-02/512-3659?utm_source=share&ref=l6e1fj4q
6LBwh,https://made.example.invalid/e08-02/24-3660?utm_source=share&ref=n66ymqzc
6LBwi,https://made.example.invalid/e08-02/513-3661?utm_source=share&ref=c01n97kp
6LBwj,https://made.example.invalid/e08-02/22-3662?utm_source=share&ref=ftqrsvhb
6LBwk,https://made.example.invalid/e08-02/511-3663?utm_source=share&ref=a3ehftyt
6LBwl,https://made.example.invalid/e08-02/515-3664?utm_source=share&ref=d6o3c6dy
6LBwm,https://made.example.invalid/e08-02/528-3665?utm_source=share&ref=zi6gggs0
6LBwn,https://made.example.invalid/e08-02/516-3666?utm_source=share&ref=stbb5d0j
6LBwo,https://made.example.invalid/e08-02/523-3667?utm_source=share&ref=n4tyr188
6LBwp,https://made.example.invalid/e08-02/13-3668?utm_source=share&ref=a20sn2ag
6LBwq,https://made.example.invalid/e08-02/525-3669?utm_source=share&ref=ofkd5cmz
6LBwr,https://made.example.invalid/e08-02/518-3670?utm_source=share&ref=2e0jeknf
6LBws,https://made.example.invalid/e08-02/521-3671?utm_source=share&ref=gy5h4g0w
6LBwt,https://made.example.invalid/e08-02/520-3672?utm_source=share&ref=q6obmigu
6LBwu,https://made.example.invalid/e08-02/527-3673?utm_source=share&ref=1bfmxqr0
6LBwv,https://made.example.invalid/e08-02/519-3674?utm_source=share&ref=nlyjjyk4
6LBww,https://made.example.invalid/e08-02/532-3675?utm_source=share&ref=oq6lxtfq
6LBwx,https://made.example.invalid/e08-02/526-3676?utm_source=share&ref=s1h8jurv
6LBwy,https://made.example.invalid/e08-02/524-3677?utm_source=share&ref=va7azu5u
6LBwz,https://made.example.invalid/e08-02/522-3678?utm_source=share&ref=d9gr30oa
6LBwA,https://made.example.invalid/e08-02/531-3679?utm_source=share&ref=xm9ll3pd
6LBwB,https://made.example.invalid/e08-02/530-3680?utm_source=share&ref=cewr2qyh
6LBwC,https://made.example.invalid/e08-02/537-3681?utm_source=share&ref=yzu281ox
6LBwD,https://made.example.invalid/e08-02/529-3682?utm_source=share&ref=zcbp0snx
6LBwE,https://made.example.invalid/e08-02/534-3683?utm_source=share&ref=38ahuyd3
6LBwF,https://made.example.invalid/e08-02/536-3684?utm_source=share&ref=r34hh2fn
6LBwG,https://made.example.invalid/e08-02/533-3685?utm_source=share&ref=65s4i4oi
6LBwH,https://made.example.invalid/e08-02/544-3686?utm_source=share&ref=w6lqyaap
6LBwI,https://made.example.invalid/e08-02/541-3687?utm_source=share&ref=p169yks4
6LBwJ,https://made.example.invalid/e08-02/538-3688?utm_source=share&ref=7tfz1x74
6LBwK,https://made.example.invalid/e08-02/535-3689?utm_source=share&ref=oilxmf4d
6LBwL,https://made.example.invalid/e08-02/542-3690?utm_source=share&ref=yva53s4r
6LBwM,https://made.example.invalid/e08-02/543-3691?utm_source=share&ref=bp01suh0
6LBwN,https://made.example.invalid/e08-02/540-3692?utm_source=share&ref=8ztmwut7
6LBwO,https://made.example.invalid/e08-02/539-3693?utm_source=share&ref=xcauosvs
6LBwP,https://made.example.invalid/e08-02/549-3694?utm_source=share&ref=r64toqrj
6LBwQ,https://made.example.invalid/e08-02/546-3695?utm_source=share&ref=ii8qt6lo
6LBwR,https://made.example.invalid/e08-02/545-3696?utm_source=share&ref=a0yk0qt0
6LBwS,https://made.example.invalid/e08-02/550-3697?utm_source=share&ref=21il2akz
6LBwT,https://made.example.invalid/e08-02/3-3698?utm_source=share&ref=rfhxvfmf
6LBwU,https://made.example.invalid/e08-02/5-3699?utm_source=share&ref=1vqqyt91
6LBwV,https://made.example.invalid/e08-02/548-3700?utm_source=share&ref=edfuh77z
6LBwW,https://made.example.invalid/e08-02/17-3701?utm_source=share&ref=gzee5y1x
6LBwX,https://made.example.invalid/e08-02/21-3702?utm_source=share&ref=353k2jvp
6LBwY,https://made.example.invalid/e08-02/547-3703?utm_source=share&ref=jqsg6azo
6LBwZ,https://made.example.invalid/e08-02/12-3704?utm_source=share&ref=5n4dcess
6LBx0,https://made.example.invalid/e08-02/10-3705?utm_source=share&ref=zzg6mshr
6LBx1,https://made.example.invalid/e08-02/514-3706?utm_source=share&ref=o116o92g
6LBx2,https://made.example.invalid/e08-02/517-3707?utm_source=share&ref=fssir4vr
6LBx3,https://made.example.invalid/e08-02/2-3708?utm_source=share&ref=fhkn8201
6LBx4,https://made.example.invalid/e08-02/512-3709?utm_source=share&ref=2yiu0bc7
6LBx5,https://made.example.invalid/e08-02/24-3710?utm_source=share&ref=0g029s95
6LBx6,https://made.example.invalid/e08-02/513-3711?utm_source=share&ref=kq529uc1
6LBx7,https://made.example.invalid/e08-02/22-3712?utm_source=share&ref=l7duqzr4
6LBx8,https://made.example.invalid/e08-02/511-3713?utm_source=share&ref=snmf2x0k
6LBx9,https://made.example.invalid/e08-02/515-3714?utm_source=share&ref=7phi111x
6LBxa,https://made.example.invalid/e08-02/528-3715?utm_source=share&ref=my32e9kx
6LBxb,https://made.example.invalid/e08-02/516-3716?utm_source=share&ref=7f975zbg
6LBxc,https://made.example.invalid/e08-02/523-3717?utm_source=share&ref=c65n11jl
6LBxd,https://made.example.invalid/e08-02/13-3718?utm_source=share&ref=6bufmzgv
6LBxe,https://made.example.invalid/e08-02/525-3719?utm_source=share&ref=5xg92wej
6LBxf,https://made.example.invalid/e08-02/518-3720?utm_source=share&ref=wlt27z3d
6LBxg,https://made.example.invalid/e08-02/521-3721?utm_source=share&ref=3pe3dpee
6LBxh,https://made.example.invalid/e08-02/520-3722?utm_source=share&ref=swkn598y
6LBxj,https://made.example.invalid/e08-02/519-3724?utm_source=share&ref=itjsf4z8
6LBxy,https://made.example.invalid/e08-02/535-3739?utm_source=share&ref=md4jr12p
6LBxx,https://made.example.invalid/e08-02/538-3738?utm_source=share&ref=qdxuz5u5
6LBxA,https://made.example.invalid/e08-02/543-3741?utm_source=share&ref=m3r86qef
6LBxE,https://made.example.invalid/e08-02/546-3745?utm_source=share&ref=am2ii40d
6LBxD,https://made.example.invalid/e08-02/549-3744?utm_source=share&ref=zbah5uh8
6LBxr,https://made.example.invalid/e08-02/529-3732?utm_source=share&ref=r1141bug
6LBxw,https://made.example.invalid/e08-02/541-3737?utm_source=share&ref=taadi37r
6LBxz,https://made.example.invalid/e08-02/542-3740?utm_source=share&ref=u0uezbfr
6LBxk,https://made.example.invalid/e08-02/532-3725?utm_source=share&ref=b9ocbn7s
6LBxl,https://made.example.invalid/e08-02/526-3726?utm_source=share&ref=ok68te4w
6LBxF,https://made.example.invalid/e08-02/545-3746?utm_source=share&ref=rkl207iv
6LBxs,https://made.example.invalid/e08-02/534-3733?utm_source=share&ref=6jfs6lkk
6LBxp,https://made.example.invalid/e08-02/530-3730?utm_source=share&ref=xafkhqnm
6LBxG,https://made.example.invalid/e08-02/550-3747?utm_source=share&ref=rco54x30
6LBxq,https://made.example.invalid/e08-02/537-3731?utm_source=share&ref=558k8ima
6LBxt,https://made.example.invalid/e08-02/536-3734?utm_source=share&ref=zvcuj768
6LBxm,https://made.example.invalid/e08-02/524-3727?utm_source=share&ref=5v4fad84
6LBxu,https://made.example.invalid/e08-02/533-3735?utm_source=share&ref=ct9iesgj
6LBxv,https://made.example.invalid/e08-02/544-3736?utm_source=share&ref=vtgymryj
6LBxH,https://made.example.invalid/e08-02/3-3748?utm_source=share&ref=dmn12vyk
6LBxB,https://made.example.invalid/e08-02/540-3742?utm_source=share&ref=n8q87s59
6LBxo,https://made.example.invalid/e08-02/531-3729?utm_source=share&ref=yc7q0awd
6LBxn,https://made.example.invalid/e08-02/522-3728?utm_source=share&ref=t199p8bh
6LBxi,https://made.example.invalid/e08-02/527-3723?utm_source=share&ref=a4lm1saa
6LBxC,https://made.example.invalid/e08-02/539-3743?utm_source=share&ref=iqyplt2a
6LBxI,https://made.example.invalid/e08-02/5-3749?utm_source=share&ref=iqsjuwy8
6LBxJ,https://made.example.invalid/e08-02/548-3750?utm_source=share&ref=0aff5nyu
6LBxK,https://made.example.invalid/e08-02/17-3751?utm_source=share&ref=9mkqownu
6LBxM,https://made.example.invalid/e08-02/547-3753?utm_source=share&ref=gbb6wa03
6LBxL,https://made.example.invalid/e08-02/21-3752?utm_source=share&ref=ydbmlcmf
6LBxN,https://made.example.invalid/e08-02/12-3754?utm_source=share&ref=26pp21cf
6LBxO,https://made.example.invalid/e08-02/10-3755?utm_source=share&ref=wbqkavof
6LBxP,https://made.example.invalid/e08-02/514-3756?utm_source=share&ref=isnjabcy
6LBxQ,https://made.example.invalid/e08-02/517-3757?utm_source=share&ref=wxl6fnn0
6LBxR,https://made.example.invalid/e08-02/2-3758?utm_source=share&ref=8tyxnfx9
6LBxS,https://made.example.invalid/e08-02/512-3759?utm_source=share&ref=al9pbs3a
6LBxT,https://made.example.invalid/e08-02/24-3760?utm_source=share&ref=1s7afdwb
6LBxU,https://made.example.invalid/e08-02/513-3761?utm_source=share&ref=dz3kdmw2
6LBxV,https://made.example.invalid/e08-02/22-3762?utm_source=share&ref=dr4xd6al
6LBxW,https://made.example.invalid/e08-02/511-3763?utm_source=share&ref=9r8z9xex
6LBxX,https://made.example.invalid/e08-02/515-3764?utm_source=share&ref=b88qbv4x
6LBxY,https://made.example.invalid/e08-02/528-3765?utm_source=share&ref=5r4ylj4v
6LBxZ,https://made.example.invalid/e08-02/516-3766?utm_source=share&ref=d550z3gn
6LBy0,https://made.example.invalid/e08-02/523-3767?utm_source=share&ref=4drh0fo2
6LBy1,https://made.example.invalid/e08-02/13-3768?utm_source=share&ref=22wqxr27
6LBy2,https://made.example.invalid/e08-02/525-3769?utm_source=share&ref=4x2vph79
6LBy3,https://made.example.invalid/e08-02/518-3770?utm_source=share&ref=25kbli9x
6LBy4,https://made.example.invalid/e08-02/521-3771?utm_source=share&ref=orx2fp8y
6LBy5,https://made.example.invalid/e08-02/520-3772?utm_source=share&ref=pesndfyz
6LBy6,https://made.example.invalid/e08-02/519-3773?utm_source=share&ref=ih2nntxm
6LBy7,https://made.example.invalid/e08-02/535-3774?utm_source=share&ref=8cr7qf75
6LBy8,https://made.example.invalid/e08-02/538-3775?utm_source=share&ref=asv6ns5v
6LBy9,https://made.example.invalid/e08-02/543-3776?utm_source=share&ref=rrfsk947
6LBya,https://made.example.invalid/e08-02/546-3777?utm_source=share&ref=rhh3uzmy
6LByb,https://made.example.invalid/e08-02/549-3778?utm_source=share&ref=jwn9mtci
6LByc,https://made.example.invalid/e08-02/529-3779?utm_source=share&ref=3b5g636z
6LByd,https://made.example.invalid/e08-02/541-3780?utm_source=share&ref=vjfus6za
6LBye,https://made.example.invalid/e08-02/542-3781?utm_source=share&ref=6hpius7r
6LByf,https://made.example.invalid/e08-02/532-3782?utm_source=share&ref=xyx1czsn
6LByg,https://made.example.invalid/e08-02/526-3783?utm_source=share&ref=mjqhs7ov
6LByh,https://made.example.invalid/e08-02/545-3784?utm_source=share&ref=7mpppq4i
6LByi,https://made.example.invalid/e08-02/534-3785?utm_source=share&ref=x10bl0bq
6LByj,https://made.example.invalid/e08-02/530-3786?utm_source=share&ref=0hvpwjrd
6LByk,https://made.example.invalid/e08-02/550-3787?utm_source=share&ref=toedm455
6LByl,https://made.example.invalid/e08-02/537-3788?utm_source=share&ref=kkll3ft6
6LBym,https://made.example.invalid/e08-02/536-3789?utm_source=share&ref=war0pnwy
6LByn,https://made.example.invalid/e08-02/524-3790?utm_source=share&ref=etm9lz5a
6LByo,https://made.example.invalid/e08-02/533-3791?utm_source=share&ref=jo2o1ex5
6LByp,https://made.example.invalid/e08-02/544-3792?utm_source=share&ref=bmxqeep8
6LByq,https://made.example.invalid/e08-02/3-3793?utm_source=share&ref=p561w19a
6LByr,https://made.example.invalid/e08-02/540-3794?utm_source=share&ref=xet4czjv
6LBys,https://made.example.invalid/e08-02/531-3795?utm_source=share&ref=04xddx3j
6LByt,https://made.example.invalid/e08-02/522-3796?utm_source=share&ref=5jb485db
6LByu,https://made.example.invalid/e08-02/527-3797?utm_source=share&ref=mx0yfsz8
6LByv,https://made.example.invalid/e08-02/539-3798?utm_source=share&ref=8g77pz6j
6LByw,https://made.example.invalid/e08-02/5-3799?utm_source=share&ref=11js7vyi
6LByx,https://made.example.invalid/e08-02/548-3800?utm_source=share&ref=iedkxntb
6LByy,https://made.example.invalid/e08-02/17-3801?utm_source=share&ref=57c0t7q7
6LByz,https://made.example.invalid/e08-02/547-3802?utm_source=share&ref=chbhigww
6LByA,https://made.example.invalid/e08-02/21-3803?utm_source=share&ref=x55edmoe
6LByB,https://made.example.invalid/e08-02/12-3804?utm_source=share&ref=0yqfzu0b
6LByC,https://made.example.invalid/e08-02/10-3805?utm_source=share&ref=9qf6y3zw
6LByD,https://made.example.invalid/e08-02/514-3806?utm_source=share&ref=ma17metw
6LByE,https://made.example.invalid/e08-02/517-3807?utm_source=share&ref=suxz7qql
6LByF,https://made.example.invalid/e08-02/2-3808?utm_source=share&ref=sok7scia
6LByG,https://made.example.invalid/e08-02/512-3809?utm_source=share&ref=o8j95xre
6LByH,https://made.example.invalid/e08-02/24-3810?utm_source=share&ref=0cwqf4g2
6LByI,https://made.example.invalid/e08-02/513-3811?utm_source=share&ref=kgtlbd33
6LByJ,https://made.example.invalid/e08-02/22-3812?utm_source=share&ref=09b8cp7t
6LByK,https://made.example.invalid/e08-02/511-3813?utm_source=share&ref=grzmvu00
6LByL,https://made.example.invalid/e08-02/515-3814?utm_source=share&ref=aufj0v8b
6LByM,https://made.example.invalid/e08-02/528-3815?utm_source=share&ref=q4gqqxwy
6LByN,https://made.example.invalid/e08-02/516-3816?utm_source=share&ref=hv4hhu7f
6LByO,https://made.example.invalid/e08-02/523-3817?utm_source=share&ref=z9yn90lj
6LByP,https://made.example.invalid/e08-02/13-3818?utm_source=share&ref=c2p4cdgi
6LByQ,https://made.example.invalid/e08-02/525-3819?utm_source=share&ref=7bi7rk4m
6LByR,https://made.example.invalid/e08-02/518-3820?utm_source=share&ref=aqhqk1i2
6LByS,https://made.example.invalid/e08-02/521-3821?utm_source=share&ref=xea6tffh
6LByT,https://made.example.invalid/e08-02/520-3822?utm_source=share&ref=invq3gsp
6LByU,https://made.example.invalid/e08-02/519-3823?utm_source=share&ref=r0y3rrqc
6LByV,https://made.example.invalid/e08-02/535-3824?utm_source=share&ref=ypr78w7j
6LByW,https://made.example.invalid/e08-02/538-3825?utm_source=share&ref=8iquzaxh
6LByX,https://made.example.invalid/e08-02/543-3826?utm_source=share&ref=f2ltu9ps
6LByY,https://made.example.invalid/e08-02/546-3827?utm_source=share&ref=mm6252e3
6LByZ,https://made.example.invalid/e08-02/549-3828?utm_source=share&ref=pd8v6qyn
6LBz0,https://made.example.invalid/e08-02/529-3829?utm_source=share&ref=p2fx3w94
6LBz1,https://made.example.invalid/e08-02/541-3830?utm_source=share&ref=8fugb7f7
6LBz2,https://made.example.invalid/e08-02/542-3831?utm_source=share&ref=okril0w3
6LBz3,https://made.example.invalid/e08-02/532-3832?utm_source=share&ref=jf10q13q
6LBz4,https://made.example.invalid/e08-02/526-3833?utm_source=share&ref=00ucl967
6LBz5,https://made.example.invalid/e08-02/545-3834?utm_source=share&ref=d3fuhbdh
6LBz6,https://made.example.invalid/e08-02/534-3835?utm_source=share&ref=a737gcn6
6LBz7,https://made.example.invalid/e08-02/530-3836?utm_source=share&ref=ipaq1ee0
6LBz8,https://made.example.invalid/e08-02/550-3837?utm_source=share&ref=oufrchjf
6LBz9,https://made.example.invalid/e08-02/537-3838?utm_source=share&ref=owzqcql0
6LBza,https://made.example.invalid/e08-02/536-3839?utm_source=share&ref=6vyqy4sy
6LBzb,https://made.example.invalid/e08-02/524-3840?utm_source=share&ref=pd86iayw
6LBzc,https://made.example.invalid/e08-02/533-3841?utm_source=share&ref=fhoi1x1z
6LBzd,https://made.example.invalid/e08-02/544-3842?utm_source=share&ref=cicoxiqy
6LBze,https://made.example.invalid/e08-02/3-3843?utm_source=share&ref=afwf6co0
6LBzf,https://made.example.invalid/e08-02/540-3844?utm_source=share&ref=3haz8wt8
6LBzg,https://made.example.invalid/e08-02/531-3845?utm_source=share&ref=myycu644
6LBzh,https://made.example.invalid/e08-02/522-3846?utm_source=share&ref=fgiakh8e
6LBzi,https://made.example.invalid/e08-02/527-3847?utm_source=share&ref=sufno5yy
6LBzj,https://made.example.invalid/e08-02/539-3848?utm_source=share&ref=8gx4ule3
6LBzk,https://made.example.invalid/e08-02/5-3849?utm_source=share&ref=w37aa2y1
6LBzl,https://made.example.invalid/e08-02/548-3850?utm_source=share&ref=9g9fjd73
6LBzm,https://made.example.invalid/e08-02/17-3851?utm_source=share&ref=1j813r73
6LBzn,https://made.example.invalid/e08-02/547-3852?utm_source=share&ref=8wr2ag5p
6LBzo,https://made.example.invalid/e08-02/21-3853?utm_source=share&ref=0wqh5ze5
6LBzp,https://made.example.invalid/e08-02/12-3854?utm_source=share&ref=oqacjl7g
6LBzq,https://made.example.invalid/e08-02/10-3855?utm_source=share&ref=hbwdieha
6LBzr,https://made.example.invalid/e08-02/514-3856?utm_source=share&ref=rgdsyerr
6LBzs,https://made.example.invalid/e08-02/517-3857?utm_source=share&ref=mde1iu02
6LBzt,https://made.example.invalid/e08-02/2-3858?utm_source=share&ref=lkbjnwiz
6LBzu,https://made.example.invalid/e08-02/512-3859?utm_source=share&ref=wqor1rli
6LBzv,https://made.example.invalid/e08-02/24-3860?utm_source=share&ref=cp7nermo
6LBzw,https://made.example.invalid/e08-02/513-3861?utm_source=share&ref=33lthk0x
6LBzx,https://made.example.invalid/e08-02/22-3862?utm_source=share&ref=om11bgjm
6LBzy,https://made.example.invalid/e08-02/511-3863?utm_source=share&ref=8bsjiepg
6LBzz,https://made.example.invalid/e08-02/515-3864?utm_source=share&ref=odeepg9a
6LBzA,https://made.example.invalid/e08-02/528-3865?utm_source=share&ref=o9we012s
6LBzB,https://made.example.invalid/e08-02/516-3866?utm_source=share&ref=3sgxbhw7
6LBzC,https://made.example.invalid/e08-02/523-3867?utm_source=share&ref=5fzsr4tt
6LBzD,https://made.example.invalid/e08-02/13-3868?utm_source=share&ref=ze62p206
6LBzE,https://made.example.invalid/e08-02/525-3869?utm_source=share&ref=dtt1q6hw
6LBzF,https://made.example.invalid/e08-02/518-3870?utm_source=share&ref=tm8ube4d
6LBzG,https://made.example.invalid/e08-02/521-3871?utm_source=share&ref=7enszj4j
6LBzH,https://made.example.invalid/e08-02/520-3872?utm_source=share&ref=fup73w0e
6LBzI,https://made.example.invalid/e08-02/519-3873?utm_source=share&ref=vflauyi2
6LBzJ,https://made.example.invalid/e08-02/535-3874?utm_source=share&ref=52xo5crh
6LBzK,https://made.example.invalid/e08-02/538-3875?utm_source=share&ref=cchvw3wr
6LBzL,https://made.example.invalid/e08-02/543-3876?utm_source=share&ref=6aphk12b
6LBzM,https://made.example.invalid/e08-02/546-3877?utm_source=share&ref=39olvh0v
6LBzN,https://made.example.invalid/e08-02/549-3878?utm_source=share&ref=ry32tqpb
6LBzO,https://made.example.invalid/e08-02/529-3879?utm_source=share&ref=y8ok7eoe
6LBzP,https://made.example.invalid/e08-02/541-3880?utm_source=share&ref=nlf22wxd
6LBzQ,https://made.example.invalid/e08-02/542-3881?utm_source=share&ref=cg714occ
6LBzR,https://made.example.invalid/e08-02/532-3882?utm_source=share&ref=80yvxs1l
6LBzS,https://made.example.invalid/e08-02/526-3883?utm_source=share&ref=9o6ljirl
6LBzT,https://made.example.invalid/e08-02/545-3884?utm_source=share&ref=ywwiqtp9
6LBzU,https://made.example.invalid/e08-02/534-3885?utm_source=share&ref=vla9p9bt
6LBzV,https://made.example.invalid/e08-02/530-3886?utm_source=share&ref=jtbqrb60
6LBzW,https://made.example.invalid/e08-02/550-3887?utm_source=share&ref=eduubppy
6LBzX,https://made.example.invalid/e08-02/537-3888?utm_source=share&ref=guyyri4n
6LBzY,https://made.example.invalid/e08-02/536-3889?utm_source=share&ref=jp834whx
6LBzZ,https://made.example.invalid/e08-02/524-3890?utm_source=share&ref=ibh7fsei
6LBA0,https://made.example.invalid/e08-02/533-3891?utm_source=share&ref=gjajkkdl
6LBA1,https://made.example.invalid/e08-02/544-3892?utm_source=share&ref=x4h5jda5
6LBA2,https://made.example.invalid/e08-02/3-3893?utm_source=share&ref=4ltbo8tn
6LBA3,https://made.example.invalid/e08-02/540-3894?utm_source=share&ref=d9txug70
6LBA4,https://made.example.invalid/e08-02/531-3895?utm_source=share&ref=ib6u64qr
6LBA5,https://made.example.invalid/e08-02/522-3896?utm_source=share&ref=ci591rtc
6LBA6,https://made.example.invalid/e08-02/527-3897?utm_source=share&ref=c5rh2224
6LBA7,https://made.example.invalid/e08-02/539-3898?utm_source=share&ref=1rauyxjm
6LBA8,https://made.example.invalid/e08-02/5-3899?utm_source=share&ref=l8q1yk2w
6LBA9,https://made.example.invalid/e08-02/548-3900?utm_source=share&ref=jl9w6bgo
6LBAa,https://made.example.invalid/e08-02/17-3901?utm_source=share&ref=360dmn7h
6LBAb,https://made.example.invalid/e08-02/547-3902?utm_source=share&ref=l7dw69g9
6LBAc,https://made.example.invalid/e08-02/21-3903?utm_source=share&ref=0axp7kqd
6LBAd,https://made.example.invalid/e08-02/12-3904?utm_source=share&ref=kbarurf9
6LBAe,https://made.example.invalid/e08-02/10-3905?utm_source=share&ref=di3ppcwm
6LBAf,https://made.example.invalid/e08-02/514-3906?utm_source=share&ref=ooth1k1a
6LBAg,https://made.example.invalid/e08-02/517-3907?utm_source=share&ref=lo9h7kcz
6LBAh,https://made.example.invalid/e08-02/2-3908?utm_source=share&ref=8ja5nz09
6LBAi,https://made.example.invalid/e08-02/512-3909?utm_source=share&ref=9a8zxfh4
6LBAj,https://made.example.invalid/e08-02/24-3910?utm_source=share&ref=q5ho6zhr
6LBAk,https://made.example.invalid/e08-02/513-3911?utm_source=share&ref=rg7pmwje
6LBAl,https://made.example.invalid/e08-02/22-3912?utm_source=share&ref=exjyne4g
6LBAm,https://made.example.invalid/e08-02/511-3913?utm_source=share&ref=7bb2j5f5
6LBAn,https://made.example.invalid/e08-02/515-3914?utm_source=share&ref=yqbz3891
6LBAo,https://made.example.invalid/e08-02/528-3915?utm_source=share&ref=bzzjgo22
6LBAp,https://made.example.invalid/e08-02/516-3916?utm_source=share&ref=kojceeuv
6LBAq,https://made.example.invalid/e08-02/523-3917?utm_source=share&ref=5a2czjfo
6LBAr,https://made.example.invalid/e08-02/13-3918?utm_source=share&ref=pjt7rnu4
6LBAs,https://made.example.invalid/e08-02/525-3919?utm_source=share&ref=liwka75u
6LBAt,https://made.example.invalid/e08-02/518-3920?utm_source=share&ref=yqebjj96
6LBAu,https://made.example.invalid/e08-02/521-3921?utm_source=share&ref=9792qz7p
6LBAv,https://made.example.invalid/e08-02/520-3922?utm_source=share&ref=7owcwxug
6LBAw,https://made.example.invalid/e08-02/519-3923?utm_source=share&ref=v2050e3k
6LBAx,https://made.example.invalid/e08-02/535-3924?utm_source=share&ref=74d2j6cv
6LBAy,https://made.example.invalid/e08-02/538-3925?utm_source=share&ref=y3m2ixj2
6LBAz,https://made.example.invalid/e08-02/543-3926?utm_source=share&ref=vwvm24qx
6LBAA,https://made.example.invalid/e08-02/546-3927?utm_source=share&ref=bkq34y3c
6LBAB,https://made.example.invalid/e08-02/549-3928?utm_source=share&ref=32sm8myq
6LBAC,https://made.example.invalid/e08-02/529-3929?utm_source=share&ref=wqco7m0k
6LBAD,https://made.example.invalid/e08-02/541-3930?utm_source=share&ref=nz7glndb
6LBAE,https://made.example.invalid/e08-02/542-3931?utm_source=share&ref=8bcay08n
6LBAF,https://made.example.invalid/e08-02/532-3932?utm_source=share&ref=kcxo4u7e
6LBAG,https://made.example.invalid/e08-02/526-3933?utm_source=share&ref=vs0lmsvd
6LBAH,https://made.example.invalid/e08-02/545-3934?utm_source=share&ref=fxaxd770
6LBAI,https://made.example.invalid/e08-02/534-3935?utm_source=share&ref=rqwfskcx
6LBAJ,https://made.example.invalid/e08-02/530-3936?utm_source=share&ref=dvrunxhd
6LBAK,https://made.example.invalid/e08-02/550-3937?utm_source=share&ref=joj4xdr1
6LBAL,https://made.example.invalid/e08-02/537-3938?utm_source=share&ref=qqdbhuo4
6LBAM,https://made.example.invalid/e08-02/536-3939?utm_source=share&ref=qi8i2njx
6LBAN,https://made.example.invalid/e08-02/524-3940?utm_source=share&ref=cqyyjaq5
6LBAO,https://made.example.invalid/e08-02/533-3941?utm_source=share&ref=5qaxyoxm
6LBAP,https://made.example.invalid/e08-02/544-3942?utm_source=share&ref=6qlkfgyh
6LBAQ,https://made.example.invalid/e08-02/3-3943?utm_source=share&ref=837ccavf
6LBAR,https://made.example.invalid/e08-02/540-3944?utm_source=share&ref=u1e1gg0b
6LBAS,https://made.example.invalid/e08-02/531-3945?utm_source=share&ref=dnav5f66
6LBAT,https://made.example.invalid/e08-02/522-3946?utm_source=share&ref=928rffry
6LBAU,https://made.example.invalid/e08-02/527-3947?utm_source=share&ref=kns0yk6r
6LBAV,https://made.example.invalid/e08-02/539-3948?utm_source=share&ref=iolmvxcv
6LBAW,https://made.example.invalid/e08-02/5-3949?utm_source=share&ref=uddrrj15
6LBAX,https://made.example.invalid/e08-02/548-3950?utm_source=share&ref=ioe3unr9
6LBAY,https://made.example.invalid/e08-02/17-3951?utm_source=share&ref=g386qw65
6LBAZ,https://made.example.invalid/e08-02/547-3952?utm_source=share&ref=ephbtep3
6LBB0,https://made.example.invalid/e08-02/21-3953?utm_source=share&ref=tyyphunw
6LBB1,https://made.example.invalid/e08-02/12-3954?utm_source=share&ref=0hc5vq9u
6LBB2,https://made.example.invalid/e08-02/10-3955?utm_source=share&ref=19pr393e
6LBB3,https://made.example.invalid/e08-02/514-3956?utm_source=share&ref=avecxnfp
6LBB4,https://made.example.invalid/e08-02/517-3957?utm_source=share&ref=dd1sakl6
6LBB5,https://made.example.invalid/e08-02/2-3958?utm_source=share&ref=z1h878x9
6LBB6,https://made.example.invalid/e08-02/512-3959?utm_source=share&ref=uhi632gn
6LBB7,https://made.example.invalid/e08-02/24-3960?utm_source=share&ref=y0mum1fa
6LBB8,https://made.example.invalid/e08-02/513-3961?utm_source=share&ref=pjmwok6v
6LBB9,https://made.example.invalid/e08-02/22-3962?utm_source=share&ref=ybc0zm4r
6LBBa,https://made.example.invalid/e08-02/511-3963?utm_source=share&ref=b3ya79t3
6LBBb,https://made.example.invalid/e08-02/515-3964?utm_source=share&ref=rnzouiif
6LBBc,https://made.example.invalid/e08-02/528-3965?utm_source=share&ref=av9fv9kw
6LBBd,https://made.example.invalid/e08-02/516-3966?utm_source=share&ref=cylje2g8
6LBBe,https://made.example.invalid/e08-02/523-3967?utm_source=share&ref=h98n82c2
6LBBf,https://made.example.invalid/e08-02/13-3968?utm_source=share&ref=l6vngl2s
6LBBg,https://made.example.invalid/e08-02/525-3969?utm_source=share&ref=zkut68yr
6LBBh,https://made.example.invalid/e08-02/518-3970?utm_source=share&ref=ilugump6
6LBBi,https://made.example.invalid/e08-02/521-3971?utm_source=share&ref=bfro6h9f
6LBBj,https://made.example.invalid/e08-02/520-3972?utm_source=share&ref=n5p4jqh8
6LBBk,https://made.example.invalid/e08-02/519-3973?utm_source=share&ref=w3vjekh1
6LBBl,https://made.example.invalid/e08-02/535-3974?utm_source=share&ref=3axl7hj1
6LBBm,https://made.example.invalid/e08-02/538-3975?utm_source=share&ref=h6rqgd01
6LBBn,https://made.example.invalid/e08-02/543-3976?utm_source=share&ref=qjdxzod6
6LBBo,https://made.example.invalid/e08-02/546-3977?utm_source=share&ref=az8gdrgt
6LBBp,https://made.example.invalid/e08-02/549-3978?utm_source=share&ref=0zga71pn
6LBBq,https://made.example.invalid/e08-02/529-3979?utm_source=share&ref=afnhj50e
6LBBr,https://made.example.invalid/e08-02/541-3980?utm_source=share&ref=q3zw8vtf
6LBBs,https://made.example.invalid/e08-02/542-3981?utm_source=share&ref=28ydwe8x
6LBBt,https://made.example.invalid/e08-02/532-3982?utm_source=share&ref=sjimxrw0
6LBBu,https://made.example.invalid/e08-02/526-3983?utm_source=share&ref=0hvogv16
6LBBv,https://made.example.invalid/e08-02/545-3984?utm_source=share&ref=7lrdsszb
6LBBw,https://made.example.invalid/e08-02/534-3985?utm_source=share&ref=2kndowsn
6LBBx,https://made.example.invalid/e08-02/530-3986?utm_source=share&ref=347y0pk7
6LBBy,https://made.example.invalid/e08-02/550-3987?utm_source=share&ref=knxsbqim
6LBBz,https://made.example.invalid/e08-02/537-3988?utm_source=share&ref=bgqyoymk
6LBBA,https://made.example.invalid/e08-02/536-3989?utm_source=share&ref=ig4ci7by
6LBBC,https://made.example.invalid/e08-02/533-3991?utm_source=share&ref=bab7axg9
6LBBB,https://made.example.invalid/e08-02/524-3990?utm_source=share&ref=ehtdvv3v
6LBBD,https://made.example.invalid/e08-02/544-3992?utm_source=share&ref=del22hdp
6LBBE,https://made.example.invalid/e08-02/3-3993?utm_source=share&ref=2jbmxmja
6LBBF,https://made.example.invalid/e08-02/540-3994?utm_source=share&ref=kmedtqdx
6LBBG,https://made.example.invalid/e08-02/531-3995?utm_source=share&ref=0ttiovca
6LBBH,https://made.example.invalid/e08-02/522-3996?utm_source=share&ref=vgpprl1g
6LBBI,https://made.example.invalid/e08-02/527-3997?utm_source=share&ref=mchxc6i5
6LBBJ,https://made.example.invalid/e08-02/539-3998?utm_source=share&ref=ds7uhuqf
6LBBK,https://made.example.invalid/e08-02/5-3999?utm_source=share&ref=ksnyaffz
6LBBL,https://made.example.invalid/e08-02/548-4000?utm_source=share&ref=3umcni06
6LBBM,https://made.example.invalid/e08-02/17-4001?utm_source=share&ref=d8vd5m93
6LBBN,https://made.example.invalid/e08-02/547-4002?utm_source=share&ref=iv0y13b3
6LBBO,https://made.example.invalid/e08-02/21-4003?utm_source=share&ref=eu3zna25
6LBBP,https://made.example.invalid/e08-02/12-4004?utm_source=share&ref=xr47qnh4
6LBBQ,https://made.example.invalid/e08-02/10-4005?utm_source=share&ref=6j7iy6da
6LBBR,https://made.example.invalid/e08-02/514-4006?utm_source=share&ref=9c3r1nbk
6LBBS,https://made.example.invalid/e08-02/517-4007?utm_source=share&ref=ubu9a0z4
6LBBT,https://made.example.invalid/e08-02/2-4008?utm_source=share&ref=fl1ahjbc
6LBBU,https://made.example.invalid/e08-02/512-4009?utm_source=share&ref=qm8e4bwf
6LBBV,https://made.example.invalid/e08-02/24-4010?utm_source=share&ref=bxbuhtmw
6LBBW,https://made.example.invalid/e08-02/513-4011?utm_source=share&ref=lck7ktrt
6LBBX,https://made.example.invalid/e08-02/22-4012?utm_source=share&ref=agqal5yp
6LBBY,https://made.example.invalid/e08-02/511-4013?utm_source=share&ref=xabzp0ha
6LBBZ,https://made.example.invalid/e08-02/515-4014?utm_source=share&ref=72jjvvft
6LBC0,https://made.example.invalid/e08-02/528-4015?utm_source=share&ref=ypudqovo
6LBC1,https://made.example.invalid/e08-02/516-4016?utm_source=share&ref=yhgzp786
6LBC2,https://made.example.invalid/e08-02/523-4017?utm_source=share&ref=06eg9yru
6LBC3,https://made.example.invalid/e08-02/13-4018?utm_source=share&ref=4r5rul9w
6LBC4,https://made.example.invalid/e08-02/525-4019?utm_source=share&ref=g929y8ar
6LBC5,https://made.example.invalid/e08-02/518-4020?utm_source=share&ref=4tju6ari
6LBC6,https://made.example.invalid/e08-02/521-4021?utm_source=share&ref=ij97hcfc
6LBC7,https://made.example.invalid/e08-02/520-4022?utm_source=share&ref=cbcrokis
6LBC8,https://made.example.invalid/e08-02/519-4023?utm_source=share&ref=dc3uzov6
6LBC9,https://made.example.invalid/e08-02/535-4024?utm_source=share&ref=ms0bbhwp
6LBCa,https://made.example.invalid/e08-02/538-4025?utm_source=share&ref=qyalahgy
6LBCb,https://made.example.invalid/e08-02/543-4026?utm_source=share&ref=8k171mwy
6LBCc,https://made.example.invalid/e08-02/546-4027?utm_source=share&ref=fjlcvujs
6LBCd,https://made.example.invalid/e08-02/549-4028?utm_source=share&ref=ob395i7s
6LBCe,https://made.example.invalid/e08-02/529-4029?utm_source=share&ref=sxhxjx9o
6LBCg,https://made.example.invalid/e08-02/542-4031?utm_source=share&ref=izw4j5s9
6LBCf,https://made.example.invalid/e08-02/541-4030?utm_source=share&ref=p24hckd3
6LBCh,https://made.example.invalid/e08-02/532-4032?utm_source=share&ref=e99gm2da
6LBCi,https://made.example.invalid/e08-02/526-4033?utm_source=share&ref=n1fi6zc7
6LBCj,https://made.example.invalid/e08-02/545-4034?utm_source=share&ref=dy3w3f9x
6LBCk,https://made.example.invalid/e08-02/534-4035?utm_source=share&ref=2prg5xmt
6LBCl,https://made.example.invalid/e08-02/530-4036?utm_source=share&ref=qq6hgat7
6LBCm,https://made.example.invalid/e08-02/550-4037?utm_source=share&ref=uk947y7y
6LBCn,https://made.example.invalid/e08-02/537-4038?utm_source=share&ref=qwkjmlwa
6LBCo,https://made.example.invalid/e08-02/536-4039?utm_source=share&ref=jcu9evhj
6LBCp,https://made.example.invalid/e08-02/533-4040?utm_source=share&ref=2cm4itoi
6LBCq,https://made.example.invalid/e08-02/524-4041?utm_source=share&ref=a7n8wb01
6LBCr,https://made.example.invalid/e08-02/544-4042?utm_source=share&ref=bu5cq7vm
6LBCs,https://made.example.invalid/e08-02/3-4043?utm_source=share&ref=ntla4o8x
6LBCt,https://made.example.invalid/e08-02/540-4044?utm_source=share&ref=qvpuejpy
6LBCu,https://made.example.invalid/e08-02/531-4045?utm_source=share&ref=fydw57rf
6LBCv,https://made.example.invalid/e08-02/522-4046?utm_source=share&ref=0cnadjrs
6LBCw,https://made.example.invalid/e08-02/527-4047?utm_source=share&ref=pu07g1lv
6LBCx,https://made.example.invalid/e08-02/539-4048?utm_source=share&ref=gwv8j5l8
6LBCy,https://made.example.invalid/e08-02/5-4049?utm_source=share&ref=lu40y64w
6LBCz,https://made.example.invalid/e08-02/548-4050?utm_source=share&ref=exe867r5
6LBCA,https://made.example.invalid/e08-02/17-4051?utm_source=share&ref=pqpt5q9q
6LBCB,https://made.example.invalid/e08-02/547-4052?utm_source=share&ref=el9bgnde
6LBCC,https://made.example.invalid/e08-02/21-4053?utm_source=share&ref=t9jahzed
6LBCD,https://made.example.invalid/e08-02/12-4054?utm_source=share&ref=cv7cwa12
6LBCE,https://made.example.invalid/e08-02/10-4055?utm_source=share&ref=337kmgsx
6LBCF,https://made.example.invalid/e08-02/514-4056?utm_source=share&ref=7rdc4cc2
6LBCG,https://made.example.invalid/e08-02/517-4057?utm_source=share&ref=9hdald8j
6LBCH,https://made.example.invalid/e08-02/2-4058?utm_source=share&ref=bumw4dcm
6LBCI,https://made.example.invalid/e08-02/512-4059?utm_source=share&ref=hj0m0f2g
6LBCJ,https://made.example.invalid/e08-02/24-4060?utm_source=share&ref=ki3ka4dw
6LBCK,https://made.example.invalid/e08-02/513-4061?utm_source=share&ref=9i7ac8eu
6LBCL,https://made.example.invalid/e08-02/22-4062?utm_source=share&ref=scpjnc9t
6LBCM,https://made.example.invalid/e08-02/511-4063?utm_source=share&ref=nhjf0tjd
6LBCN,https://made.example.invalid/e08-02/515-4064?utm_source=share&ref=reldxnn3
6LBCO,https://made.example.invalid/e08-02/528-4065?utm_source=share&ref=81scum7d
6LBCP,https://made.example.invalid/e08-02/516-4066?utm_source=share&ref=85qd5u62
6LBCQ,https://made.example.invalid/e08-02/523-4067?utm_source=share&ref=xgjweg9a
6LBCR,https://made.example.invalid/e08-02/13-4068?utm_source=share&ref=lvi6gi2g
6LBCS,https://made.example.invalid/e08-02/525-4069?utm_source=share&ref=k6496kax
6LBCT,https://made.example.invalid/e08-02/518-4070?utm_source=share&ref=0f4rgi10
6LBCU,https://made.example.invalid/e08-02/521-4071?utm_source=share&ref=dksm9slx
6LBCV,https://made.example.invalid/e08-02/520-4072?utm_source=share&ref=qdfj7vxk
6LBCW,https://made.example.invalid/e08-02/519-4073?utm_source=share&ref=wmzamakx
6LBCX,https://made.example.invalid/e08-02/535-4074?utm_source=share&ref=gm1xw2dj
6LBCY,https://made.example.invalid/e08-02/538-4075?utm_source=share&ref=g8psli7a
6LBCZ,https://made.example.invalid/e08-02/543-4076?utm_source=share&ref=u46ksco4
6LBD0,https://made.example.invalid/e08-02/546-4077?utm_source=share&ref=k2v03kpo
6LBD1,https://made.example.invalid/e08-02/549-4078?utm_source=share&ref=za3qdr1y
6LBD2,https://made.example.invalid/e08-02/529-4079?utm_source=share&ref=hyzc990d
6LBD3,https://made.example.invalid/e08-02/542-4080?utm_source=share&ref=pfjuv0pf
6LBD4,https://made.example.invalid/e08-02/541-4081?utm_source=share&ref=zk8yy046
6LBD5,https://made.example.invalid/e08-02/532-4082?utm_source=share&ref=3iwhctxh
6LBD6,https://made.example.invalid/e08-02/526-4083?utm_source=share&ref=ucm23ctz
6LBD7,https://made.example.invalid/e08-02/545-4084?utm_source=share&ref=4k16di70
6LBD8,https://made.example.invalid/e08-02/534-4085?utm_source=share&ref=z0s1ypcl
6LBD9,https://made.example.invalid/e08-02/530-4086?utm_source=share&ref=pwt51via
6LBDa,https://made.example.invalid/e08-02/550-4087?utm_source=share&ref=nikev6la
6LBDb,https://made.example.invalid/e08-02/537-4088?utm_source=share&ref=mva4orl8
6LBDc,https://made.example.invalid/e08-02/536-4089?utm_source=share&ref=9ev7xhhd
6LBDd,https://made.example.invalid/e08-02/533-4090?utm_source=share&ref=9cdnzunv
6LBDe,https://made.example.invalid/e08-02/524-4091?utm_source=share&ref=ta4ssu6b
6LBDf,https://made.example.invalid/e08-02/544-4092?utm_source=share&ref=36tkhydj
6LBDg,https://made.example.invalid/e08-02/3-4093?utm_source=share&ref=yowx3l1t
6LBDh,https://made.example.invalid/e08-02/540-4094?utm_source=share&ref=e2ikkwwj
6LBDi,https://made.example.invalid/e08-02/531-4095?utm_source=share&ref=kr951s4y
6LBDj,https://made.example.invalid/e08-02/522-4096?utm_source=share&ref=d9ccsrpv
6LBDk,https://made.example.invalid/e08-02/527-4097?utm_source=share&ref=oiqb6076
6LBDl,https://made.example.invalid/e08-02/539-4098?utm_source=share&ref=fktbosa9
6LBDm,https://made.example.invalid/e08-02/5-4099?utm_source=share&ref=c3fwx20y
6LBDn,https://made.example.invalid/e08-02/548-4100?utm_source=share&ref=ricdzz75
6LBDo,https://made.example.invalid/e08-02/17-4101?utm_source=share&ref=guv5bw6o
6LBDp,https://made.example.invalid/e08-02/547-4102?utm_source=share&ref=v5niadhm
6LBDq,https://made.example.invalid/e08-02/21-4103?utm_source=share&ref=aj2g7yos
6LBDr,https://made.example.invalid/e08-02/12-4104?utm_source=share&ref=zhymubbc
6LBDs,https://made.example.invalid/e08-02/10-4105?utm_source=share&ref=1vicy8ai
6LBDt,https://made.example.invalid/e08-02/514-4106?utm_source=share&ref=cqnshpvn
6LBDu,https://made.example.invalid/e08-02/517-4107?utm_source=share&ref=9k7gz1zo
6LBDv,https://made.example.invalid/e08-02/2-4108?utm_source=share&ref=4qc2wts3
6LBDw,https://made.example.invalid/e08-02/512-4109?utm_source=share&ref=yux4vidn
6LBDx,https://made.example.invalid/e08-02/24-4110?utm_source=share&ref=9ly011qz
6LBDy,https://made.example.invalid/e08-02/513-4111?utm_source=share&ref=f6x9hw35
6LBDz,https://made.example.invalid/e08-02/22-4112?utm_source=share&ref=2yg9splo
6LBDA,https://made.example.invalid/e08-02/511-4113?utm_source=share&ref=svdvftly
6LBDB,https://made.example.invalid/e08-02/515-4114?utm_source=share&ref=ib2hjwf5
6LBDC,https://made.example.invalid/e08-02/528-4115?utm_source=share&ref=ic7btyz3
6LBDD,https://made.example.invalid/e08-02/516-4116?utm_source=share&ref=4xa1ybf2
6LBDE,https://made.example.invalid/e08-02/523-4117?utm_source=share&ref=lo0w12ik
6LBDF,https://made.example.invalid/e08-02/13-4118?utm_source=share&ref=2o3e7n7k
6LBDG,https://made.example.invalid/e08-02/525-4119?utm_source=share&ref=pog889gt
6LBDH,https://made.example.invalid/e08-02/518-4120?utm_source=share&ref=tuygwek1
6LBDI,https://made.example.invalid/e08-02/521-4121?utm_source=share&ref=gbdbj364
6LBDJ,https://made.example.invalid/e08-02/520-4122?utm_source=share&ref=nbehyf13
6LBDK,https://made.example.invalid/e08-02/519-4123?utm_source=share&ref=hczmt5m1
6LBDL,https://made.example.invalid/e08-02/535-4124?utm_source=share&ref=dmnvpm5k
6LBDM,https://made.example.invalid/e08-02/538-4125?utm_source=share&ref=e1xfe8nt
6LBDN,https://made.example.invalid/e08-02/543-4126?utm_source=share&ref=v2hatrf1
6LBDO,https://made.example.invalid/e08-02/546-4127?utm_source=share&ref=ttp3tzh7
6LBDP,https://made.example.invalid/e08-02/549-4128?utm_source=share&ref=xoz51rja
6LBDQ,https://made.example.invalid/e08-02/529-4129?utm_source=share&ref=2pos6ohe
6LBDR,https://made.example.invalid/e08-02/542-4130?utm_source=share&ref=rly24e1r
6LBDS,https://made.example.invalid/e08-02/541-4131?utm_source=share&ref=ixmhswzq
6LBDT,https://made.example.invalid/e08-02/532-4132?utm_source=share&ref=pber8vh9
6LBDU,https://made.example.invalid/e08-02/526-4133?utm_source=share&ref=h9n8olwl
6LBDV,https://made.example.invalid/e08-02/545-4134?utm_source=share&ref=8bw2yhgn
6LBDW,https://made.example.invalid/e08-02/534-4135?utm_source=share&ref=ks1mbptm
6LBDX,https://made.example.invalid/e08-02/530-4136?utm_source=share&ref=d7h2r4lm
6LBDY,https://made.example.invalid/e08-02/550-4137?utm_source=share&ref=ornimjgq
6LBDZ,https://made.example.invalid/e08-02/537-4138?utm_source=share&ref=5ob2zvh9
6LBE0,https://made.example.invalid/e08-02/536-4139?utm_source=share&ref=ismi9mro
6LBE1,https://made.example.invalid/e08-02/533-4140?utm_source=share&ref=1bvmalfw
6LBE2,https://made.example.invalid/e08-02/524-4141?utm_source=share&ref=vh6motyw
6LBE3,https://made.example.invalid/e08-02/544-4142?utm_source=share&ref=97nlxcms
6LBE4,https://made.example.invalid/e08-02/3-4143?utm_source=share&ref=gywbqi0p
6LBE5,https://made.example.invalid/e08-02/540-4144?utm_source=share&ref=otm9qqly
6LBE6,https://made.example.invalid/e08-02/531-4145?utm_source=share&ref=u039o2cg
6LBE7,https://made.example.invalid/e08-02/522-4146?utm_source=share&ref=3wpshm3o
6LBE8,https://made.example.invalid/e08-02/527-4147?utm_source=share&ref=qrd1zaa0
6LBE9,https://made.example.invalid/e08-02/539-4148?utm_source=share&ref=udldlsj6
6LBEa,https://made.example.invalid/e08-02/5-4149?utm_source=share&ref=nt4y76ts
6LBEb,https://made.example.invalid/e08-02/548-4150?utm_source=share&ref=eb81cmgh
6LBEd,https://made.example.invalid/e08-02/547-4152?utm_source=share&ref=dyzrh7yh
6LBEc,https://made.example.invalid/e08-02/17-4151?utm_source=share&ref=9khbbiaf
6LBEe,https://made.example.invalid/e08-02/21-4153?utm_source=share&ref=ett9re11
6LBEf,https://made.example.invalid/e08-02/12-4154?utm_source=share&ref=hi9g6sno
6LBEg,https://made.example.invalid/e08-02/10-4155?utm_source=share&ref=juzehguh
6LBEh,https://made.example.invalid/e08-02/514-4156?utm_source=share&ref=9qarvb28
6LBEi,https://made.example.invalid/e08-02/517-4157?utm_source=share&ref=2iu4utmk
6LBEj,https://made.example.invalid/e08-02/2-4158?utm_source=share&ref=fi6ej2m9
6LBEk,https://made.example.invalid/e08-02/512-4159?utm_source=share&ref=r20r6srg
6LBEl,https://made.example.invalid/e08-02/24-4160?utm_source=share&ref=te0jq057
6LBEm,https://made.example.invalid/e08-02/513-4161?utm_source=share&ref=orjnd4na
6LBEn,https://made.example.invalid/e08-02/22-4162?utm_source=share&ref=vpsalcrl
6LBEo,https://made.example.invalid/e08-02/511-4163?utm_source=share&ref=qcu6qk0z
6LBEp,https://made.example.invalid/e08-02/515-4164?utm_source=share&ref=gxhyf56d
6LBEq,https://made.example.invalid/e08-02/528-4165?utm_source=share&ref=aod1e893
6LBEr,https://made.example.invalid/e08-02/516-4166?utm_source=share&ref=mtf1v81n
6LBEs,https://made.example.invalid/e08-02/523-4167?utm_source=share&ref=b1i86i3j
6LBEt,https://made.example.invalid/e08-02/13-4168?utm_source=share&ref=c4xx1sgw
6LBEu,https://made.example.invalid/e08-02/525-4169?utm_source=share&ref=u2jijizo
6LBEv,https://made.example.invalid/e08-02/518-4170?utm_source=share&ref=oxruudb2
6LBEw,https://made.example.invalid/e08-02/521-4171?utm_source=share&ref=93238h9c
6LBEx,https://made.example.invalid/e08-02/520-4172?utm_source=share&ref=83mnvzkd
6LBEy,https://made.example.invalid/e08-02/519-4173?utm_source=share&ref=dsegjws1
6LBEz,https://made.example.invalid/e08-02/535-4174?utm_source=share&ref=7ig0aucu
6LBEA,https://made.example.invalid/e08-02/538-4175?utm_source=share&ref=loridmkt
6LBEB,https://made.example.invalid/e08-02/543-4176?utm_source=share&ref=5v5rj2j2
6LBEC,https://made.example.invalid/e08-02/546-4177?utm_source=share&ref=8ocilgl3
6LBED,https://made.example.invalid/e08-02/549-4178?utm_source=share&ref=2ra4ei1s
6LBEE,https://made.example.invalid/e08-02/529-4179?utm_source=share&ref=rdxbl2ou
6LBEF,https://made.example.invalid/e08-02/542-4180?utm_source=share&ref=icoibgd7
6LBEG,https://made.example.invalid/e08-02/541-4181?utm_source=share&ref=cejjf8d8
6LBEH,https://made.example.invalid/e08-02/532-4182?utm_source=share&ref=xkkav4qz
6LBEI,https://made.example.invalid/e08-02/526-4183?utm_source=share&ref=tg82jgg1
6LBEJ,https://made.example.invalid/e08-02/545-4184?utm_source=share&ref=f3bx44ax
6LBEK,https://made.example.invalid/e08-02/534-4185?utm_source=share&ref=fqxesb8l
6LBEL,https://made.example.invalid/e08-02/530-4186?utm_source=share&ref=sgdk656w
6LBEM,https://made.example.invalid/e08-02/550-4187?utm_source=share&ref=1tqrrxek
6LBEN,https://made.example.invalid/e08-02/537-4188?utm_source=share&ref=sz9h0pf7
6LBEO,https://made.example.invalid/e08-02/536-4189?utm_source=share&ref=7ohh5dfj
6LBEP,https://made.example.invalid/e08-02/533-4190?utm_source=share&ref=h6p6y244
6LBEQ,https://made.example.invalid/e08-02/524-4191?utm_source=share&ref=odul4rss
6LBER,https://made.example.invalid/e08-02/544-4192?utm_source=share&ref=d32fq7hb
6LBES,https://made.example.invalid/e08-02/3-4193?utm_source=share&ref=10xx5foq
6LBET,https://made.example.invalid/e08-02/540-4194?utm_source=share&ref=sjrzwub6
6LBEU,https://made.example.invalid/e08-02/531-4195?utm_source=share&ref=1rrragjf
6LBEV,https://made.example.invalid/e08-02/522-4196?utm_source=share&ref=469rku4a
6LBEW,https://made.example.invalid/e08-02/527-4197?utm_source=share&ref=vyy8e26o
6LBEX,https://made.example.invalid/e08-02/539-4198?utm_source=share&ref=sz57m559
6LBEY,https://made.example.invalid/e08-02/5-4199?utm_source=share&ref=p7pl6f1v
6LBEZ,https://made.example.invalid/e08-02/548-4200?utm_source=share&ref=i25b5s5d
6LBF0,https://made.example.invalid/e08-02/547-4201?utm_source=share&ref=j3d3699v
6LBF1,https://made.example.invalid/e08-02/17-4202?utm_source=share&ref=8vv9bjvh
6LBF2,https://made.example.invalid/e08-02/21-4203?utm_source=share&ref=867ggo8o
6LBF3,https://made.example.invalid/e08-02/12-4204?utm_source=share&ref=paj079gw
6LBF4,https://made.example.invalid/e08-02/10-4205?utm_source=share&ref=9x1ba85t
6LBF5,https://made.example.invalid/e08-02/514-4206?utm_source=share&ref=ddugogmr
6LBF6,https://made.example.invalid/e08-02/517-4207?utm_source=share&ref=8yag0m08
6LBF7,https://made.example.invalid/e08-02/2-4208?utm_source=share&ref=7zpzsl42
6LBF8,https://made.example.invalid/e08-02/512-4209?utm_source=share&ref=pad1lq50
6LBF9,https://made.example.invalid/e08-02/24-4210?utm_source=share&ref=9vu2r38m
6LBFa,https://made.example.invalid/e08-02/513-4211?utm_source=share&ref=u5153iql
6LBFb,https://made.example.invalid/e08-02/22-4212?utm_source=share&ref=byliq1pn
6LBFc,https://made.example.invalid/e08-02/511-4213?utm_source=share&ref=vn7f9geb
6LBFd,https://made.example.invalid/e08-02/515-4214?utm_source=share&ref=flnmy8kj
6LBFe,https://made.example.invalid/e08-02/528-4215?utm_source=share&ref=uda33w1s
6LBFf,https://made.example.invalid/e08-02/516-4216?utm_source=share&ref=9srpq5j3
6LBFg,https://made.example.invalid/e08-02/523-4217?utm_source=share&ref=nqakg344
6LBFh,https://made.example.invalid/e08-02/13-4218?utm_source=share&ref=i1pekqsy
6LBFi,https://made.example.invalid/e08-02/525-4219?utm_source=share&ref=po41g401
6LBFj,https://made.example.invalid/e08-02/518-4220?utm_source=share&ref=fnlp8zjq
6LBFk,https://made.example.invalid/e08-02/521-4221?utm_source=share&ref=ay12mi9n
6LBFl,https://made.example.invalid/e08-02/520-4222?utm_source=share&ref=wsvlp0aq
6LBFm,https://made.example.invalid/e08-02/519-4223?utm_source=share&ref=dz6bvm0b
6LBFn,https://made.example.invalid/e08-02/535-4224?utm_source=share&ref=5pfs47rn
6LBFo,https://made.example.invalid/e08-02/538-4225?utm_source=share&ref=spv6uxsq
6LBFp,https://made.example.invalid/e08-02/543-4226?utm_source=share&ref=3gi3zeng
6LBFq,https://made.example.invalid/e08-02/546-4227?utm_source=share&ref=2cktlnnh
6LBFr,https://made.example.invalid/e08-02/549-4228?utm_source=share&ref=oetbiam5
6LBFs,https://made.example.invalid/e08-02/529-4229?utm_source=share&ref=79tazjlr
6LBFt,https://made.example.invalid/e08-02/542-4230?utm_source=share&ref=w218iokv
6LBFu,https://made.example.invalid/e08-02/541-4231?utm_source=share&ref=ohisjhmd
6LBFv,https://made.example.invalid/e08-02/532-4232?utm_source=share&ref=a8xxqjeo
6LBFw,https://made.example.invalid/e08-02/526-4233?utm_source=share&ref=1af4atvo
6LBFx,https://made.example.invalid/e08-02/545-4234?utm_source=share&ref=r1o52x4r
6LBFy,https://made.example.invalid/e08-02/534-4235?utm_source=share&ref=g6maaknn
6LBFz,https://made.example.invalid/e08-02/530-4236?utm_source=share&ref=emmp4mc1
6LBFA,https://made.example.invalid/e08-02/550-4237?utm_source=share&ref=xq0714qx
6LBFB,https://made.example.invalid/e08-02/537-4238?utm_source=share&ref=9pwla336
6LBFC,https://made.example.invalid/e08-02/536-4239?utm_source=share&ref=8ns1pi4j
6LBFD,https://made.example.invalid/e08-02/533-4240?utm_source=share&ref=nwve1fc6
6LBFE,https://made.example.invalid/e08-02/524-4241?utm_source=share&ref=5h9h3o3g
6LBFF,https://made.example.invalid/e08-02/544-4242?utm_source=share&ref=x5ffio7o
6LBFG,https://made.example.invalid/e08-02/3-4243?utm_source=share&ref=f5ivbmvw
6LBFH,https://made.example.invalid/e08-02/540-4244?utm_source=share&ref=6thr83sr
6LBFI,https://made.example.invalid/e08-02/531-4245?utm_source=share&ref=gjagvcja
6LBFJ,https://made.example.invalid/e08-02/522-4246?utm_source=share&ref=9u0o3yi2
6LBFK,https://made.example.invalid/e08-02/527-4247?utm_source=share&ref=kjkl5mq7
6LBFL,https://made.example.invalid/e08-02/539-4248?utm_source=share&ref=vs57ig3p
6LBFM,https://made.example.invalid/e08-02/5-4249?utm_source=share&ref=oufmhn38
6LBFN,https://made.example.invalid/e08-02/548-4250?utm_source=share&ref=r2au0796
6LBFO,https://made.example.invalid/e08-02/547-4251?utm_source=share&ref=p0rwafp8
6LBFP,https://made.example.invalid/e08-02/17-4252?utm_source=share&ref=bldj55nt
6LBFQ,https://made.example.invalid/e08-02/21-4253?utm_source=share&ref=vy43vh4p
6LBFR,https://made.example.invalid/e08-02/12-4254?utm_source=share&ref=lef298pq
6LBFS,https://made.example.invalid/e08-02/10-4255?utm_source=share&ref=owfkr9zb
6LBFT,https://made.example.invalid/e08-02/514-4256?utm_source=share&ref=vb2qq4sg
6LBFU,https://made.example.invalid/e08-02/517-4257?utm_source=share&ref=dzv2a0oe
6LBFV,https://made.example.invalid/e08-02/2-4258?utm_source=share&ref=4otrc26s
6LBFW,https://made.example.invalid/e08-02/512-4259?utm_source=share&ref=70ccjo21
6LBFX,https://made.example.invalid/e08-02/24-4260?utm_source=share&ref=vo89o28i
6LBFY,https://made.example.invalid/e08-02/513-4261?utm_source=share&ref=8zb7vszu
6LBFZ,https://made.example.invalid/e08-02/22-4262?utm_source=share&ref=ksbs8aex
6LBG0,https://made.example.invalid/e08-02/511-4263?utm_source=share&ref=ror7tzt6
6LBG1,https://made.example.invalid/e08-02/515-4264?utm_source=share&ref=t554m6k0
6LBG2,https://made.example.invalid/e08-02/528-4265?utm_source=share&ref=xw3c8fv9
6LBG3,https://made.example.invalid/e08-02/516-4266?utm_source=share&ref=66gi5gw2
6LBG4,https://made.example.invalid/e08-02/523-4267?utm_source=share&ref=raenlyji
6LBG5,https://made.example.invalid/e08-02/13-4268?utm_source=share&ref=xgyx7x0e
6LBG6,https://made.example.invalid/e08-02/525-4269?utm_source=share&ref=q8l853x7
6LBG7,https://made.example.invalid/e08-02/518-4270?utm_source=share&ref=72hjrl4x
6LBG8,https://made.example.invalid/e08-02/521-4271?utm_source=share&ref=8l78di4h
6LBG9,https://made.example.invalid/e08-02/520-4272?utm_source=share&ref=y1qbe6lz
6LBGa,https://made.example.invalid/e08-02/519-4273?utm_source=share&ref=4nc49aq3
6LBGb,https://made.example.invalid/e08-02/535-4274?utm_source=share&ref=nliftj7t
6LBGc,https://made.example.invalid/e08-02/538-4275?utm_source=share&ref=10531xlp
6LBGd,https://made.example.invalid/e08-02/543-4276?utm_source=share&ref=3x641ha8
6LBGe,https://made.example.invalid/e08-02/546-4277?utm_source=share&ref=n58jt0f6
6LBGf,https://made.example.invalid/e08-02/549-4278?utm_source=share&ref=1obgsppk
6LBGg,https://made.example.invalid/e08-02/529-4279?utm_source=share&ref=6t5tc39d
6LBGh,https://made.example.invalid/e08-02/542-4280?utm_source=share&ref=apigrgwt
6LBGi,https://made.example.invalid/e08-02/541-4281?utm_source=share&ref=5jx38pph
6LBGj,https://made.example.invalid/e08-02/532-4282?utm_source=share&ref=duinuj8y
6LBGk,https://made.example.invalid/e08-02/526-4283?utm_source=share&ref=i44xar94
6LBGl,https://made.example.invalid/e08-02/545-4284?utm_source=share&ref=mal9rh4t
6LBGm,https://made.example.invalid/e08-02/534-4285?utm_source=share&ref=sz087u72
6LBGn,https://made.example.invalid/e08-02/530-4286?utm_source=share&ref=es9bsreb
6LBGo,https://made.example.invalid/e08-02/550-4287?utm_source=share&ref=th1375pc
6LBGp,https://made.example.invalid/e08-02/537-4288?utm_source=share&ref=j5g37bkq
6LBGq,https://made.example.invalid/e08-02/536-4289?utm_source=share&ref=w8fl5ksq
6LBGr,https://made.example.invalid/e08-02/533-4290?utm_source=share&ref=hg02pkhc
6LBGs,https://made.example.invalid/e08-02/524-4291?utm_source=share&ref=wfv77363
6LBGt,https://made.example.invalid/e08-02/544-4292?utm_source=share&ref=a6mfjm6q
6LBGu,https://made.example.invalid/e08-02/3-4293?utm_source=share&ref=34qwtgvd
6LBGv,https://made.example.invalid/e08-02/540-4294?utm_source=share&ref=o4rdsheb
6LBGw,https://made.example.invalid/e08-02/531-4295?utm_source=share&ref=iybtsb6b
6LBGx,https://made.example.invalid/e08-02/522-4296?utm_source=share&ref=fgtte5gh
6LBGy,https://made.example.invalid/e08-02/527-4297?utm_source=share&ref=06iccdbt
6LBGz,https://made.example.invalid/e08-02/539-4298?utm_source=share&ref=l5kegl5x
6LBGA,https://made.example.invalid/e08-02/5-4299?utm_source=share&ref=r0n4v5vs
6LBGB,https://made.example.invalid/e08-02/548-4300?utm_source=share&ref=9su8cqa0
6LBGC,https://made.example.invalid/e08-02/547-4301?utm_source=share&ref=pqkt2cjn
6LBGD,https://made.example.invalid/e08-02/17-4302?utm_source=share&ref=g4cehsci
6LBGE,https://made.example.invalid/e08-02/21-4303?utm_source=share&ref=n8omzw6w
6LBGF,https://made.example.invalid/e08-02/12-4304?utm_source=share&ref=qs7hjs1j
6LBGG,https://made.example.invalid/e08-02/10-4305?utm_source=share&ref=kylea5e8
6LBGH,https://made.example.invalid/e08-02/514-4306?utm_source=share&ref=gz6tc9tj
6LBGI,https://made.example.invalid/e08-02/517-4307?utm_source=share&ref=7c11uu5h
6LBGJ,https://made.example.invalid/e08-02/2-4308?utm_source=share&ref=3ltk9c26
6LBGK,https://made.example.invalid/e08-02/512-4309?utm_source=share&ref=w9zzjta1
6LBGL,https://made.example.invalid/e08-02/24-4310?utm_source=share&ref=z4v8v8yx
6LBGM,https://made.example.invalid/e08-02/513-4311?utm_source=share&ref=1arj91h0
6LBGN,https://made.example.invalid/e08-02/22-4312?utm_source=share&ref=ka9u49hz
6LBGO,https://made.example.invalid/e08-02/511-4313?utm_source=share&ref=x90wmbxh
6LBGP,https://made.example.invalid/e08-02/515-4314?utm_source=share&ref=0k829qx3
6LBGQ,https://made.example.invalid/e08-02/528-4315?utm_source=share&ref=b1bzyspn
6LBGR,https://made.example.invalid/e08-02/516-4316?utm_source=share&ref=mbpudx72
6LBGS,https://made.example.invalid/e08-02/523-4317?utm_source=share&ref=k76egbi4
6LBGT,https://made.example.invalid/e08-02/13-4318?utm_source=share&ref=9yvrqzbj
6LBGU,https://made.example.invalid/e08-02/525-4319?utm_source=share&ref=wp2zg9zc
6LBGV,https://made.example.invalid/e08-02/518-4320?utm_source=share&ref=2guti7ls
6LBGW,https://made.example.invalid/e08-02/521-4321?utm_source=share&ref=nha4xtl4
6LBGX,https://made.example.invalid/e08-02/520-4322?utm_source=share&ref=emc3riia
6LBGY,https://made.example.invalid/e08-02/519-4323?utm_source=share&ref=eqmpr6zi
6LBGZ,https://made.example.invalid/e08-02/535-4324?utm_source=share&ref=6ztugm9u
6LBH0,https://made.example.invalid/e08-02/538-4325?utm_source=share&ref=c4g89d3i
6LBH1,https://made.example.invalid/e08-02/543-4326?utm_source=share&ref=blp2k9el
6LBH2,https://made.example.invalid/e08-02/546-4327?utm_source=share&ref=tm950szd
6LBH3,https://made.example.invalid/e08-02/549-4328?utm_source=share&ref=o4kuiq15
6LBH4,https://made.example.invalid/e08-02/529-4329?utm_source=share&ref=u9n6v1j6
6LBH5,https://made.example.invalid/e08-02/542-4330?utm_source=share&ref=x0o9eihm
6LBH6,https://made.example.invalid/e08-02/541-4331?utm_source=share&ref=qpgk57ey
6LBH7,https://made.example.invalid/e08-02/532-4332?utm_source=share&ref=jgpoh7r9
6LBH8,https://made.example.invalid/e08-02/526-4333?utm_source=share&ref=9x8qi213
6LBH9,https://made.example.invalid/e08-02/545-4334?utm_source=share&ref=0nzwadnd
6LBHa,https://made.example.invalid/e08-02/534-4335?utm_source=share&ref=009mh48i
6LBHb,https://made.example.invalid/e08-02/530-4336?utm_source=share&ref=lwyi02du
6LBHc,https://made.example.invalid/e08-02/550-4337?utm_source=share&ref=ips58w40
6LBHd,https://made.example.invalid/e08-02/537-4338?utm_source=share&ref=dkzlp2zi
6LBHe,https://made.example.invalid/e08-02/536-4339?utm_source=share&ref=8keh5cbv
6LBHf,https://made.example.invalid/e08-02/533-4340?utm_source=share&ref=4vy1hpe6
6LBHg,https://made.example.invalid/e08-02/524-4341?utm_source=share&ref=90srvhph
6LBHh,https://made.example.invalid/e08-02/544-4342?utm_source=share&ref=kmja6ecg
6LBHi,https://made.example.invalid/e08-02/3-4343?utm_source=share&ref=5cnrssh8
6LBHj,https://made.example.invalid/e08-02/540-4344?utm_source=share&ref=e5uy1ddo
6LBHk,https://made.example.invalid/e08-02/531-4345?utm_source=share&ref=k9r817us
6LBHl,https://made.example.invalid/e08-02/522-4346?utm_source=share&ref=m4r5pm63
6LBHm,https://made.example.invalid/e08-02/527-4347?utm_source=share&ref=v3ldm0oe
6LBHn,https://made.example.invalid/e08-02/539-4348?utm_source=share&ref=72730fuq
6LBHo,https://made.example.invalid/e08-02/5-4349?utm_source=share&ref=kdk905kn
6LBHp,https://made.example.invalid/e08-02/548-4350?utm_source=share&ref=r7el1clz
6LBHq,https://made.example.invalid/e08-02/547-4351?utm_source=share&ref=vs9j1hlg
6LBHr,https://made.example.invalid/e08-02/17-4352?utm_source=share&ref=ho3kql80
6LBHs,https://made.example.invalid/e08-02/21-4353?utm_source=share&ref=dt6f226j
6LBHt,https://made.example.invalid/e08-02/12-4354?utm_source=share&ref=kskz4i77
6LBHu,https://made.example.invalid/e08-02/10-4355?utm_source=share&ref=9o4sabhp
6LBHv,https://made.example.invalid/e08-02/514-4356?utm_source=share&ref=6f0kii86
6LBHw,https://made.example.invalid/e08-02/517-4357?utm_source=share&ref=90w29xd9
6LBHx,https://made.example.invalid/e08-02/2-4358?utm_source=share&ref=4qt3qbr4
6LBHy,https://made.example.invalid/e08-02/512-4359?utm_source=share&ref=i9qve2by
6LBHz,https://made.example.invalid/e08-02/24-4360?utm_source=share&ref=hxdv7acd
6LBHA,https://made.example.invalid/e08-02/513-4361?utm_source=share&ref=haizj3ru
6LBHB,https://made.example.invalid/e08-02/22-4362?utm_source=share&ref=5shq621b
6LBHC,https://made.example.invalid/e08-02/511-4363?utm_source=share&ref=u2s6yyxn
6LBHD,https://made.example.invalid/e08-02/515-4364?utm_source=share&ref=b08r9850
6LBHE,https://made.example.invalid/e08-02/528-4365?utm_source=share&ref=27lkj4kf
6LBHF,https://made.example.invalid/e08-02/516-4366?utm_source=share&ref=d57vib5l
6LBHG,https://made.example.invalid/e08-02/523-4367?utm_source=share&ref=1auxnlc9
6LBHH,https://made.example.invalid/e08-02/13-4368?utm_source=share&ref=zoowh2r7
6LBHI,https://made.example.invalid/e08-02/525-4369?utm_source=share&ref=vh7nit45
6LBHJ,https://made.example.invalid/e08-02/518-4370?utm_source=share&ref=283hd8ek
6LBHK,https://made.example.invalid/e08-02/521-4371?utm_source=share&ref=g0xdgkfz
6LBHL,https://made.example.invalid/e08-02/520-4372?utm_source=share&ref=ymsmtlna
6LBHM,https://made.example.invalid/e08-02/519-4373?utm_source=share&ref=gcru84i1
6LBHN,https://made.example.invalid/e08-02/535-4374?utm_source=share&ref=l4a8dobw
6LBHO,https://made.example.invalid/e08-02/538-4375?utm_source=share&ref=b5hm46ce
6LBHP,https://made.example.invalid/e08-02/543-4376?utm_source=share&ref=1ke26pfq
6LBHQ,https://made.example.invalid/e08-02/546-4377?utm_source=share&ref=jfpwvsd9
6LBHR,https://made.example.invalid/e08-02/549-4378?utm_source=share&ref=k7mpcz9d
6LBHS,https://made.example.invalid/e08-02/529-4379?utm_source=share&ref=bxct6sqp
6LBHT,https://made.example.invalid/e08-02/542-4380?utm_source=share&ref=5237onmd
6LBHU,https://made.example.invalid/e08-02/541-4381?utm_source=share&ref=0h5zyhi0
6LBHV,https://made.example.invalid/e08-02/532-4382?utm_source=share&ref=859cznv2
6LBHW,https://made.example.invalid/e08-02/526-4383?utm_source=share&ref=j8d5pcq6
6LBHX,https://made.example.invalid/e08-02/545-4384?utm_source=share&ref=po97nucd
6LBHY,https://made.example.invalid/e08-02/534-4385?utm_source=share&ref=iirjaogo
6LBHZ,https://made.example.invalid/e08-02/530-4386?utm_source=share&ref=qibsezys
6LBI0,https://made.example.invalid/e08-02/550-4387?utm_source=share&ref=m58u8pbf
6LBI1,https://made.example.invalid/e08-02/537-4388?utm_source=share&ref=xjnbzfs6
6LBI2,https://made.example.invalid/e08-02/536-4389?utm_source=share&ref=dmv152c8
6LBI3,https://made.example.invalid/e08-02/533-4390?utm_source=share&ref=3k7mryps
6LBI4,https://made.example.invalid/e08-02/524-4391?utm_source=share&ref=9kp9a4os
6LBI5,https://made.example.invalid/e08-02/544-4392?utm_source=share&ref=4cbd4z4n
6LBI6,https://made.example.invalid/e08-02/3-4393?utm_source=share&ref=ywnmymsp
6LBI7,https://made.example.invalid/e08-02/540-4394?utm_source=share&ref=2f0kjizb
6LBI8,https://made.example.invalid/e08-02/531-4395?utm_source=share&ref=k2bbyi7c
6LBI9,https://made.example.invalid/e08-02/522-4396?utm_source=share&ref=fb8er9vh
6LBIa,https://made.example.invalid/e08-02/527-4397?utm_source=share&ref=twmz74zl
6LBIb,https://made.example.invalid/e08-02/539-4398?utm_source=share&ref=wev5kjaw
6LBIc,https://made.example.invalid/e08-02/5-4399?utm_source=share&ref=nf9067vc
6LBId,https://made.example.invalid/e08-02/548-4400?utm_source=share&ref=atiluv0r
6LBIe,https://made.example.invalid/e08-02/547-4401?utm_source=share&ref=ceune8z3
6LBIf,https://made.example.invalid/e08-02/17-4402?utm_source=share&ref=d8oysy6d
6LBIg,https://made.example.invalid/e08-02/21-4403?utm_source=share&ref=m0r7a8cd
6LBIh,https://made.example.invalid/e08-02/12-4404?utm_source=share&ref=7rq1e6h0
6LBIi,https://made.example.invalid/e08-02/10-4405?utm_source=share&ref=mh8yoyq6
6LBIj,https://made.example.invalid/e08-02/514-4406?utm_source=share&ref=d6oi72al
6LBIk,https://made.example.invalid/e08-02/517-4407?utm_source=share&ref=whi2dun8
6LBIl,https://made.example.invalid/e08-02/2-4408?utm_source=share&ref=0p8pnsgu
6LBIm,https://made.example.invalid/e08-02/512-4409?utm_source=share&ref=q78vav1f
6LBIn,https://made.example.invalid/e08-02/24-4410?utm_source=share&ref=803k80hf
6LBIo,https://made.example.invalid/e08-02/513-4411?utm_source=share&ref=ondt3egy
6LBIp,https://made.example.invalid/e08-02/22-4412?utm_source=share&ref=ugll0hcn
6LBIq,https://made.example.invalid/e08-02/511-4413?utm_source=share&ref=06e8gou9
6LBIr,https://made.example.invalid/e08-02/515-4414?utm_source=share&ref=uoyz70s6
6LBIs,https://made.example.invalid/e08-02/528-4415?utm_source=share&ref=x097axqm
6LBIt,https://made.example.invalid/e08-02/516-4416?utm_source=share&ref=f7aun3tv
6LBIu,https://made.example.invalid/e08-02/523-4417?utm_source=share&ref=mb3fjlno
6LBIv,https://made.example.invalid/e08-02/13-4418?utm_source=share&ref=j0o38k62
6LBIw,https://made.example.invalid/e08-02/525-4419?utm_source=share&ref=itt0w2fg
6LBIx,https://made.example.invalid/e08-02/518-4420?utm_source=share&ref=f2hzw91j
6LBIy,https://made.example.invalid/e08-02/521-4421?utm_source=share&ref=nir353gr
6LBIz,https://made.example.invalid/e08-02/520-4422?utm_source=share&ref=guebfewf
6LBIA,https://made.example.invalid/e08-02/519-4423?utm_source=share&ref=45887o1z
6LBIB,https://made.example.invalid/e08-02/535-4424?utm_source=share&ref=3onpbcs9
6LBIC,https://made.example.invalid/e08-02/538-4425?utm_source=share&ref=cffykrht
6LBID,https://made.example.invalid/e08-02/543-4426?utm_source=share&ref=mdvlakq6
6LBIE,https://made.example.invalid/e08-02/546-4427?utm_source=share&ref=ill84ry3
6LBIF,https://made.example.invalid/e08-02/549-4428?utm_source=share&ref=ue4hpwgb
6LBIG,https://made.example.invalid/e08-02/529-4429?utm_source=share&ref=u6e0dnly
6LBIH,https://made.example.invalid/e08-02/542-4430?utm_source=share&ref=b5cbxucj
6LBIJ,https://made.example.invalid/e08-02/532-4432?utm_source=share&ref=uvgg9ydk
6LBII,https://made.example.invalid/e08-02/541-4431?utm_source=share&ref=w6ypx672
6LBIK,https://made.example.invalid/e08-02/526-4433?utm_source=share&ref=khyx0cr8
6LBIL,https://made.example.invalid/e08-02/545-4434?utm_source=share&ref=x7vhw1rm
6LBIM,https://made.example.invalid/e08-02/534-4435?utm_source=share&ref=h5lfmvwr
6LBIN,https://made.example.invalid/e08-02/530-4436?utm_source=share&ref=j66lbrab
6LBIO,https://made.example.invalid/e08-02/550-4437?utm_source=share&ref=1kuw9c16
6LBIP,https://made.example.invalid/e08-02/537-4438?utm_source=share&ref=kcha25nb
6LBIQ,https://made.example.invalid/e08-02/536-4439?utm_source=share&ref=itl7atge
6LBIR,https://made.example.invalid/e08-02/533-4440?utm_source=share&ref=qx7efxg4
6LBIS,https://made.example.invalid/e08-02/524-4441?utm_source=share&ref=kcxbf1ds
6LBIT,https://made.example.invalid/e08-02/544-4442?utm_source=share&ref=jrddncqu
6LBIU,https://made.example.invalid/e08-02/3-4443?utm_source=share&ref=2addoltv
6LBIV,https://made.example.invalid/e08-02/540-4444?utm_source=share&ref=uzwb3q2e
6LBIW,https://made.example.invalid/e08-02/531-4445?utm_source=share&ref=ms2vfhs3
6LBIX,https://made.example.invalid/e08-02/522-4446?utm_source=share&ref=dgtn083k
6LBIY,https://made.example.invalid/e08-02/527-4447?utm_source=share&ref=cxjt703p
6LBIZ,https://made.example.invalid/e08-02/539-4448?utm_source=share&ref=r9f7z8go
6LBJ0,https://made.example.invalid/e08-02/5-4449?utm_source=share&ref=4dfplzxy
6LBJ1,https://made.example.invalid/e08-02/548-4450?utm_source=share&ref=8lzvg96j
6LBJ2,https://made.example.invalid/e08-02/547-4451?utm_source=share&ref=gikhlin2
6LBJ3,https://made.example.invalid/e08-02/17-4452?utm_source=share&ref=fg7rb80d
6LBJ4,https://made.example.invalid/e08-02/21-4453?utm_source=share&ref=pkmlc4wl
6LBJ5,https://made.example.invalid/e08-02/12-4454?utm_source=share&ref=mnuxhexj
6LBJ6,https://made.example.invalid/e08-02/10-4455?utm_source=share&ref=ma4ip8v6
6LBJ7,https://made.example.invalid/e08-02/514-4456?utm_source=share&ref=hzqqof2h
6LBJ8,https://made.example.invalid/e08-02/517-4457?utm_source=share&ref=6yyqsega
6LBJ9,https://made.example.invalid/e08-02/2-4458?utm_source=share&ref=1gm3p1t7
6LBJa,https://made.example.invalid/e08-02/512-4459?utm_source=share&ref=8g6vcjsv
6LBJb,https://made.example.invalid/e08-02/24-4460?utm_source=share&ref=znmupw70
6LBJc,https://made.example.invalid/e08-02/513-4461?utm_source=share&ref=zov8yeyh
6LBJd,https://made.example.invalid/e08-02/22-4462?utm_source=share&ref=jwnx7l0k
6LBJe,https://made.example.invalid/e08-02/511-4463?utm_source=share&ref=55uyjnr3
6LBJf,https://made.example.invalid/e08-02/515-4464?utm_source=share&ref=7nbn3tqw
6LBJg,https://made.example.invalid/e08-02/528-4465?utm_source=share&ref=6s4vbbqd
6LBJh,https://made.example.invalid/e08-02/516-4466?utm_source=share&ref=nyzk8e4y
6LBJi,https://made.example.invalid/e08-02/523-4467?utm_source=share&ref=9zmcvx09
6LBJj,https://made.example.invalid/e08-02/13-4468?utm_source=share&ref=a2rlqin1
6LBJk,https://made.example.invalid/e08-02/525-4469?utm_source=share&ref=khp8556q
6LBJl,https://made.example.invalid/e08-02/518-4470?utm_source=share&ref=uzs9gzy2
6LBJn,https://made.example.invalid/e08-02/520-4472?utm_source=share&ref=nk7zxleg
6LBJm,https://made.example.invalid/e08-02/521-4471?utm_source=share&ref=lo995xkz
6LBJo,https://made.example.invalid/e08-02/519-4473?utm_source=share&ref=qmvho8if
6LBJp,https://made.example.invalid/e08-02/535-4474?utm_source=share&ref=f6um1wni
6LBJq,https://made.example.invalid/e08-02/538-4475?utm_source=share&ref=5wk5cjnt
6LBJr,https://made.example.invalid/e08-02/543-4476?utm_source=share&ref=a49myd3q
6LBJs,https://made.example.invalid/e08-02/546-4477?utm_source=share&ref=mr9v8owr
6LBJt,https://made.example.invalid/e08-02/549-4478?utm_source=share&ref=0pg2uz7x
6LBJu,https://made.example.invalid/e08-02/529-4479?utm_source=share&ref=m9w5i89g
6LBJv,https://made.example.invalid/e08-02/542-4480?utm_source=share&ref=2u9puqmy
6LBJw,https://made.example.invalid/e08-02/532-4481?utm_source=share&ref=p080w8yb
6LBJx,https://made.example.invalid/e08-02/541-4482?utm_source=share&ref=umth3doe
6LBJy,https://made.example.invalid/e08-02/526-4483?utm_source=share&ref=tys8eud0
6LBJz,https://made.example.invalid/e08-02/545-4484?utm_source=share&ref=lat26ad6
6LBJA,https://made.example.invalid/e08-02/534-4485?utm_source=share&ref=bb4dvvrz
6LBJB,https://made.example.invalid/e08-02/530-4486?utm_source=share&ref=jmvuz6i3
6LBJC,https://made.example.invalid/e08-02/550-4487?utm_source=share&ref=g1iwg27u
6LBJD,https://made.example.invalid/e08-02/537-4488?utm_source=share&ref=2g70q80t
6LBJE,https://made.example.invalid/e08-02/536-4489?utm_source=share&ref=42gzjko2
6LBJF,https://made.example.invalid/e08-02/533-4490?utm_source=share&ref=5vf47air
6LBJG,https://made.example.invalid/e08-02/524-4491?utm_source=share&ref=sd2e317z
6LBJH,https://made.example.invalid/e08-02/544-4492?utm_source=share&ref=kjocmycv
6LBJI,https://made.example.invalid/e08-02/3-4493?utm_source=share&ref=9mv3ahju
6LBJJ,https://made.example.invalid/e08-02/540-4494?utm_source=share&ref=q11cdvb3
6LBJK,https://made.example.invalid/e08-02/531-4495?utm_source=share&ref=kiqb7kcd
6LBJL,https://made.example.invalid/e08-02/522-4496?utm_source=share&ref=vaxdbtl2
6LBJM,https://made.example.invalid/e08-02/527-4497?utm_source=share&ref=3poq5awk
6LBJN,https://made.example.invalid/e08-02/539-4498?utm_source=share&ref=y5am9v4b
6LBJO,https://made.example.invalid/e08-02/5-4499?utm_source=share&ref=hm5vat5w
6LBJP,https://made.example.invalid/e08-02/548-4500?utm_source=share&ref=jdnd3cnc
6LBJQ,https://made.example.invalid/e08-02/547-4501?utm_source=share&ref=nwt4b7zp
6LBJR,https://made.example.invalid/e08-02/17-4502?utm_source=share&ref=76vxhseg
6LBJS,https://made.example.invalid/e08-02/21-4503?utm_source=share&ref=m9a6f8cy
6LBJT,https://made.example.invalid/e08-02/12-4504?utm_source=share&ref=gkfw9zbp
6LBJU,https://made.example.invalid/e08-02/10-4505?utm_source=share&ref=cw0vafmm
6LBJV,https://made.example.invalid/e08-02/514-4506?utm_source=share&ref=y0d8pnsz
6LBJW,https://made.example.invalid/e08-02/517-4507?utm_source=share&ref=upxksc2k
6LBJX,https://made.example.invalid/e08-02/2-4508?utm_source=share&ref=50l0ti1s
6LBJY,https://made.example.invalid/e08-02/512-4509?utm_source=share&ref=594kfo4m
6LBJZ,https://made.example.invalid/e08-02/24-4510?utm_source=share&ref=n0cxe08x
6LBK0,https://made.example.invalid/e08-02/513-4511?utm_source=share&ref=qrzbc2ub
6LBK1,https://made.example.invalid/e08-02/22-4512?utm_source=share&ref=leygche0
6LBK2,https://made.example.invalid/e08-02/511-4513?utm_source=share&ref=gbv401am
6LBK3,https://made.example.invalid/e08-02/515-4514?utm_source=share&ref=u8ozr89v
6LBK4,https://made.example.invalid/e08-02/528-4515?utm_source=share&ref=piosml7j
6LBK5,https://made.example.invalid/e08-02/516-4516?utm_source=share&ref=0s8kgirq
6LBK6,https://made.example.invalid/e08-02/523-4517?utm_source=share&ref=3ot9bfyr
6LBK7,https://made.example.invalid/e08-02/13-4518?utm_source=share&ref=c48v1d2s
6LBK8,https://made.example.invalid/e08-02/525-4519?utm_source=share&ref=75tjaclt
6LBK9,https://made.example.invalid/e08-02/518-4520?utm_source=share&ref=fu7ohgl8
6LBKa,https://made.example.invalid/e08-02/520-4521?utm_source=share&ref=p3ol4cb6
6LBKb,https://made.example.invalid/e08-02/521-4522?utm_source=share&ref=jdfh5pq5
6LBKc,https://made.example.invalid/e08-02/519-4523?utm_source=share&ref=acdpi7mp
6LBKd,https://made.example.invalid/e08-02/535-4524?utm_source=share&ref=3ynt6baf
6LBKe,https://made.example.invalid/e08-02/538-4525?utm_source=share&ref=japhxnb7
6LBKf,https://made.example.invalid/e08-02/543-4526?utm_source=share&ref=n88cvm7v
6LBKg,https://made.example.invalid/e08-02/546-4527?utm_source=share&ref=delsae9i
6LBKh,https://made.example.invalid/e08-02/549-4528?utm_source=share&ref=wgo2i1qw
6LBKi,https://made.example.invalid/e08-02/529-4529?utm_source=share&ref=8002dusr
6LBKj,https://made.example.invalid/e08-02/542-4530?utm_source=share&ref=odm89frh
6LBKk,https://made.example.invalid/e08-02/532-4531?utm_source=share&ref=1xbhitxu
6LBKl,https://made.example.invalid/e08-02/541-4532?utm_source=share&ref=0lrd5kfu
6LBKm,https://made.example.invalid/e08-02/526-4533?utm_source=share&ref=ve1zvxke
6LBKn,https://made.example.invalid/e08-02/545-4534?utm_source=share&ref=euthi2a4
6LBKo,https://made.example.invalid/e08-02/534-4535?utm_source=share&ref=as7iw3wy
6LBKp,https://made.example.invalid/e08-02/530-4536?utm_source=share&ref=sixpj76l
6LBKq,https://made.example.invalid/e08-02/550-4537?utm_source=share&ref=u2xmedhk
6LBKr,https://made.example.invalid/e08-02/537-4538?utm_source=share&ref=l6v0tzgi
6LBKs,https://made.example.invalid/e08-02/536-4539?utm_source=share&ref=rekfze53
6LBKt,https://made.example.invalid/e08-02/533-4540?utm_source=share&ref=z1gazqh8
6LBKu,https://made.example.invalid/e08-02/524-4541?utm_source=share&ref=pfs4yfsm
6LBKv,https://made.example.invalid/e08-02/544-4542?utm_source=share&ref=0h5rbw57
6LBKw,https://made.example.invalid/e08-02/3-4543?utm_source=share&ref=q5oar5c6
6LBKx,https://made.example.invalid/e08-02/540-4544?utm_source=share&ref=skilaiwn
6LBKy,https://made.example.invalid/e08-02/531-4545?utm_source=share&ref=de6ixcxe
6LBKz,https://made.example.invalid/e08-02/522-4546?utm_source=share&ref=r4elt89u
6LBKA,https://made.example.invalid/e08-02/527-4547?utm_source=share&ref=jvjsyvxb
6LBKB,https://made.example.invalid/e08-02/539-4548?utm_source=share&ref=pjefedx1
6LBKC,https://made.example.invalid/e08-02/5-4549?utm_source=share&ref=3nptvbls
6LBKD,https://made.example.invalid/e08-02/548-4550?utm_source=share&ref=vjebifgq
6LBKE,https://made.example.invalid/e08-02/547-4551?utm_source=share&ref=zri4mudx
6LBKF,https://made.example.invalid/e08-02/17-4552?utm_source=share&ref=j9xowsmp
6LBKG,https://made.example.invalid/e08-02/21-4553?utm_source=share&ref=hukhskyo
6LBKH,https://made.example.invalid/e08-02/12-4554?utm_source=share&ref=6ujfyf1x
6LBKI,https://made.example.invalid/e08-02/10-4555?utm_source=share&ref=1bv6qdc6
6LBKJ,https://made.example.invalid/e08-02/514-4556?utm_source=share&ref=v3469q6a
6LBKK,https://made.example.invalid/e08-02/517-4557?utm_source=share&ref=mervf9sv
6LBKL,https://made.example.invalid/e08-02/2-4558?utm_source=share&ref=u9hd6whd
6LBKM,https://made.example.invalid/e08-02/512-4559?utm_source=share&ref=277c7nag
6LBKN,https://made.example.invalid/e08-02/24-4560?utm_source=share&ref=5rihbxh7
6LBKO,https://made.example.invalid/e08-02/513-4561?utm_source=share&ref=4s15s2a1
6LBKP,https://made.example.invalid/e08-02/22-4562?utm_source=share&ref=zfh01new
6LBKQ,https://made.example.invalid/e08-02/511-4563?utm_source=share&ref=o9ld901g
6LBKR,https://made.example.invalid/e08-02/515-4564?utm_source=share&ref=yc6wno61
6LBKS,https://made.example.invalid/e08-02/528-4565?utm_source=share&ref=0xwfw447
6LBKT,https://made.example.invalid/e08-02/516-4566?utm_source=share&ref=84rpl7rk
6LBKU,https://made.example.invalid/e08-02/523-4567?utm_source=share&ref=wye8rnar
6LBKV,https://made.example.invalid/e08-02/13-4568?utm_source=share&ref=d5nw0v7u
6LBKW,https://made.example.invalid/e08-02/525-4569?utm_source=share&ref=xa0f8sd4
6LBKX,https://made.example.invalid/e08-02/518-4570?utm_source=share&ref=aeyo8z80
6LBKY,https://made.example.invalid/e08-02/520-4571?utm_source=share&ref=4vpxba8f
6LBKZ,https://made.example.invalid/e08-02/521-4572?utm_source=share&ref=hp5e2qqz
6LBL0,https://made.example.invalid/e08-02/519-4573?utm_source=share&ref=4vyjtyhy
6LBL1,https://made.example.invalid/e08-02/535-4574?utm_source=share&ref=6asin0w9
6LBL2,https://made.example.invalid/e08-02/538-4575?utm_source=share&ref=g0yss5fk
6LBL3,https://made.example.invalid/e08-02/543-4576?utm_source=share&ref=a5ip84h0
6LBL4,https://made.example.invalid/e08-02/546-4577?utm_source=share&ref=lapbeq0h
6LBL5,https://made.example.invalid/e08-02/549-4578?utm_source=share&ref=xzb1tihf
6LBL6,https://made.example.invalid/e08-02/529-4579?utm_source=share&ref=a43ev7jg
6LBL7,https://made.example.invalid/e08-02/542-4580?utm_source=share&ref=oc6ctqp0
6LBL8,https://made.example.invalid/e08-02/532-4581?utm_source=share&ref=jotvvi0k
6LBL9,https://made.example.invalid/e08-02/541-4582?utm_source=share&ref=osbl5qb9
6LBLa,https://made.example.invalid/e08-02/526-4583?utm_source=share&ref=meyp9dkb
6LBLb,https://made.example.invalid/e08-02/545-4584?utm_source=share&ref=xcencoa0
6LBLc,https://made.example.invalid/e08-02/534-4585?utm_source=share&ref=sa11zniq
6LBLd,https://made.example.invalid/e08-02/530-4586?utm_source=share&ref=tg8g0oa3
6LBLe,https://made.example.invalid/e08-02/550-4587?utm_source=share&ref=oc65vfuz
6LBLf,https://made.example.invalid/e08-02/537-4588?utm_source=share&ref=4ybmp5r5
6LBLg,https://made.example.invalid/e08-02/536-4589?utm_source=share&ref=9s4pws7v
6LBLh,https://made.example.invalid/e08-02/533-4590?utm_source=share&ref=5rnkhcl4
6LBLj,https://made.example.invalid/e08-02/544-4592?utm_source=share&ref=bm61ltku
6LBLi,https://made.example.invalid/e08-02/524-4591?utm_source=share&ref=2l68s0yc
6LBLk,https://made.example.invalid/e08-02/3-4593?utm_source=share&ref=gpfu4xqh
6LBLl,https://made.example.invalid/e08-02/540-4594?utm_source=share&ref=v73yg4yg
6LBLm,https://made.example.invalid/e08-02/531-4595?utm_source=share&ref=zri5q9mc
6LBLn,https://made.example.invalid/e08-02/522-4596?utm_source=share&ref=aficojo8
6LBLo,https://made.example.invalid/e08-02/527-4597?utm_source=share&ref=s6o55ny9
6LBLp,https://made.example.invalid/e08-02/539-4598?utm_source=share&ref=z7l63uzt
6LBLq,https://made.example.invalid/e08-02/5-4599?utm_source=share&ref=q5pfqrli
6LBLr,https://made.example.invalid/e08-02/548-4600?utm_source=share&ref=wslo8s00
6LBLs,https://made.example.invalid/e08-02/547-4601?utm_source=share&ref=27oqq179
6LBLt,https://made.example.invalid/e08-02/17-4602?utm_source=share&ref=ph8lhot9
6LBLu,https://made.example.invalid/e08-02/21-4603?utm_source=share&ref=oom435so
6LBLv,https://made.example.invalid/e08-02/12-4604?utm_source=share&ref=kqwzb6to
6LBLw,https://made.example.invalid/e08-02/10-4605?utm_source=share&ref=63vy6u1o
6LBLx,https://made.example.invalid/e08-02/514-4606?utm_source=share&ref=esmnjmw5
6LBLy,https://made.example.invalid/e08-02/517-4607?utm_source=share&ref=phjs28ec
6LBLz,https://made.example.invalid/e08-02/2-4608?utm_source=share&ref=y0fb7qv7
6LBLA,https://made.example.invalid/e08-02/512-4609?utm_source=share&ref=jtvwc47j
6LBLB,https://made.example.invalid/e08-02/24-4610?utm_source=share&ref=xnbl2mgi
6LBLC,https://made.example.invalid/e08-02/513-4611?utm_source=share&ref=fvkjm7f8
6LBLD,https://made.example.invalid/e08-02/22-4612?utm_source=share&ref=330bppx2
6LBLE,https://made.example.invalid/e08-02/511-4613?utm_source=share&ref=t654nlas
6LBLF,https://made.example.invalid/e08-02/515-4614?utm_source=share&ref=lzhaahyp
6LBLG,https://made.example.invalid/e08-02/528-4615?utm_source=share&ref=seq79qfu
6LBLH,https://made.example.invalid/e08-02/516-4616?utm_source=share&ref=ghg74om9
6LBLI,https://made.example.invalid/e08-02/523-4617?utm_source=share&ref=1u8nj2ds
6LBLJ,https://made.example.invalid/e08-02/13-4618?utm_source=share&ref=cz5ui62h
6LBLK,https://made.example.invalid/e08-02/525-4619?utm_source=share&ref=rifgr7bv
6LBLL,https://made.example.invalid/e08-02/518-4620?utm_source=share&ref=0rn0ltim
6LBLM,https://made.example.invalid/e08-02/520-4621?utm_source=share&ref=8i4tb28q
6LBLN,https://made.example.invalid/e08-02/521-4622?utm_source=share&ref=tnivdac5
6LBLO,https://made.example.invalid/e08-02/519-4623?utm_source=share&ref=g66hrz4p
6LBLP,https://made.example.invalid/e08-02/535-4624?utm_source=share&ref=f7h3knkl
6LBLQ,https://made.example.invalid/e08-02/538-4625?utm_source=share&ref=jrlc8qgd
6LBLR,https://made.example.invalid/e08-02/543-4626?utm_source=share&ref=0525jew9
6LBLS,https://made.example.invalid/e08-02/546-4627?utm_source=share&ref=igjszib0
6LBLT,https://made.example.invalid/e08-02/549-4628?utm_source=share&ref=u1wrvj7c
6LBLU,https://made.example.invalid/e08-02/529-4629?utm_source=share&ref=dgntsp53
6LBLW,https://made.example.invalid/e08-02/532-4631?utm_source=share&ref=1sxoxz5j
6LBLX,https://made.example.invalid/e08-02/541-4632?utm_source=share&ref=42ys6yv2
6LBLV,https://made.example.invalid/e08-02/542-4630?utm_source=share&ref=orrx50c3
6LBLY,https://made.example.invalid/e08-02/526-4633?utm_source=share&ref=cvpk6wqq
6LBLZ,https://made.example.invalid/e08-02/545-4634?utm_source=share&ref=4d65npuh
6LBM0,https://made.example.invalid/e08-02/534-4635?utm_source=share&ref=he47bw76
6LBM1,https://made.example.invalid/e08-02/530-4636?utm_source=share&ref=nrhgeh96
6LBM2,https://made.example.invalid/e08-02/550-4637?utm_source=share&ref=3zu49hao
6LBM3,https://made.example.invalid/e08-02/537-4638?utm_source=share&ref=me5lgsif
6LBM4,https://made.example.invalid/e08-02/536-4639?utm_source=share&ref=9sried91
6LBM5,https://made.example.invalid/e08-02/533-4640?utm_source=share&ref=u18k2xge
6LBM6,https://made.example.invalid/e08-02/544-4641?utm_source=share&ref=fd5ua0up
6LBM7,https://made.example.invalid/e08-02/524-4642?utm_source=share&ref=yxo7q42g
6LBM8,https://made.example.invalid/e08-02/3-4643?utm_source=share&ref=58283gp6
6LBM9,https://made.example.invalid/e08-02/540-4644?utm_source=share&ref=34bz3zg1
6LBMa,https://made.example.invalid/e08-02/531-4645?utm_source=share&ref=6qdqmdiq
6LBMb,https://made.example.invalid/e08-02/522-4646?utm_source=share&ref=dzrdb2p5
6LBMc,https://made.example.invalid/e08-02/527-4647?utm_source=share&ref=24jhq8tq
6LBMd,https://made.example.invalid/e08-02/539-4648?utm_source=share&ref=tuts9oqm
6LBMe,https://made.example.invalid/e08-02/5-4649?utm_source=share&ref=x5oyyx0c
6LBMf,https://made.example.invalid/e08-02/548-4650?utm_source=share&ref=l5zrx1yd
6LBMg,https://made.example.invalid/e08-02/547-4651?utm_source=share&ref=j0vyrrhr
6LBMh,https://made.example.invalid/e08-02/17-4652?utm_source=share&ref=76ch0xce
6LBMi,https://made.example.invalid/e08-02/21-4653?utm_source=share&ref=7cevcnte
6LBMj,https://made.example.invalid/e08-02/12-4654?utm_source=share&ref=enkexrdj
6LBMk,https://made.example.invalid/e08-02/10-4655?utm_source=share&ref=4f87rmrz
6LBMl,https://made.example.invalid/e08-02/514-4656?utm_source=share&ref=uosoo6ie
6LBMm,https://made.example.invalid/e08-02/517-4657?utm_source=share&ref=7twouuq4
6LBMn,https://made.example.invalid/e08-02/2-4658?utm_source=share&ref=sx3uo8lj
6LBMo,https://made.example.invalid/e08-02/512-4659?utm_source=share&ref=6zrvidkj
6LBMp,https://made.example.invalid/e08-02/24-4660?utm_source=share&ref=ke6yxnar
6LBMq,https://made.example.invalid/e08-02/513-4661?utm_source=share&ref=zao18eag
6LBMr,https://made.example.invalid/e08-02/22-4662?utm_source=share&ref=et788e0p
6LBMs,https://made.example.invalid/e08-02/511-4663?utm_source=share&ref=vupzpj26
6LBMt,https://made.example.invalid/e08-02/515-4664?utm_source=share&ref=bjojxbgh
6LBMu,https://made.example.invalid/e08-02/528-4665?utm_source=share&ref=w40u6h22
6LBMv,https://made.example.invalid/e08-02/516-4666?utm_source=share&ref=rwc725rv
6LBMw,https://made.example.invalid/e08-02/523-4667?utm_source=share&ref=9vynv8xi
6LBMx,https://made.example.invalid/e08-02/13-4668?utm_source=share&ref=un8ezf3a
6LBMy,https://made.example.invalid/e08-02/525-4669?utm_source=share&ref=ks0z4uy7
6LBMz,https://made.example.invalid/e08-02/518-4670?utm_source=share&ref=humiu3kz
6LBMA,https://made.example.invalid/e08-02/520-4671?utm_source=share&ref=oynt0ssp
6LBMB,https://made.example.invalid/e08-02/521-4672?utm_source=share&ref=on8hhk8u
6LBMC,https://made.example.invalid/e08-02/519-4673?utm_source=share&ref=otgbex69
6LBMD,https://made.example.invalid/e08-02/535-4674?utm_source=share&ref=c6qqhhfd
6LBME,https://made.example.invalid/e08-02/538-4675?utm_source=share&ref=aee9fc13
6LBMF,https://made.example.invalid/e08-02/543-4676?utm_source=share&ref=sb5vapwd
6LBMG,https://made.example.invalid/e08-02/546-4677?utm_source=share&ref=qmfdf1kq
6LBMH,https://made.example.invalid/e08-02/549-4678?utm_source=share&ref=160024id
6LBMI,https://made.example.invalid/e08-02/529-4679?utm_source=share&ref=kcoe0kdn
6LBMJ,https://made.example.invalid/e08-02/532-4680?utm_source=share&ref=6on5zo12
6LBMK,https://made.example.invalid/e08-02/541-4681?utm_source=share&ref=uoq897i6
6LBML,https://made.example.invalid/e08-02/542-4682?utm_source=share&ref=vt4ygfcv
6LBMM,https://made.example.invalid/e08-02/526-4683?utm_source=share&ref=tjbljkjd
6LBMN,https://made.example.invalid/e08-02/545-4684?utm_source=share&ref=57xpe4ov
6LBMO,https://made.example.invalid/e08-02/534-4685?utm_source=share&ref=x2d51tas
6LBMP,https://made.example.invalid/e08-02/530-4686?utm_source=share&ref=9w91oxou
6LBMQ,https://made.example.invalid/e08-02/550-4687?utm_source=share&ref=tdvial4a
6LBMR,https://made.example.invalid/e08-02/537-4688?utm_source=share&ref=v9hddynl
6LBMS,https://made.example.invalid/e08-02/536-4689?utm_source=share&ref=hohctgef
6LBMT,https://made.example.invalid/e08-02/533-4690?utm_source=share&ref=a2i722ir
6LBMU,https://made.example.invalid/e08-02/544-4691?utm_source=share&ref=7jhp1jqg
6LBMV,https://made.example.invalid/e08-02/524-4692?utm_source=share&ref=6349suzk
6LBMW,https://made.example.invalid/e08-02/3-4693?utm_source=share&ref=g1ui5161
6LBMX,https://made.example.invalid/e08-02/540-4694?utm_source=share&ref=5f0wt7eg
6LBMY,https://made.example.invalid/e08-02/531-4695?utm_source=share&ref=n5bek2uf
6LBMZ,https://made.example.invalid/e08-02/522-4696?utm_source=share&ref=dl72dldp
6LBN0,https://made.example.invalid/e08-02/527-4697?utm_source=share&ref=ubasfrzo
6LBN1,https://made.example.invalid/e08-02/539-4698?utm_source=share&ref=zxt91bbz
6LBN2,https://made.example.invalid/e08-02/5-4699?utm_source=share&ref=hiv38q6e
6LBN3,https://made.example.invalid/e08-02/548-4700?utm_source=share&ref=ni5rlsx2
6LBN4,https://made.example.invalid/e08-02/547-4701?utm_source=share&ref=5nyfd9oa
6LBN5,https://made.example.invalid/e08-02/17-4702?utm_source=share&ref=8gax9js3
6LBN6,https://made.example.invalid/e08-02/21-4703?utm_source=share&ref=ftgdwtsx
6LBN7,https://made.example.invalid/e08-02/12-4704?utm_source=share&ref=zsafheqx
6LBN8,https://made.example.invalid/e08-02/10-4705?utm_source=share&ref=1c3b0b77
6LBN9,https://made.example.invalid/e08-02/514-4706?utm_source=share&ref=ebupks64
6LBNa,https://made.example.invalid/e08-02/517-4707?utm_source=share&ref=hufmc5zn
6LBNb,https://made.example.invalid/e08-02/2-4708?utm_source=share&ref=aycyrq9c
6LBNc,https://made.example.invalid/e08-02/512-4709?utm_source=share&ref=36wqfakk
6LBNe,https://made.example.invalid/e08-02/513-4711?utm_source=share&ref=n8znregc
6LBNd,https://made.example.invalid/e08-02/24-4710?utm_source=share&ref=odm0bco4
6LBNf,https://made.example.invalid/e08-02/22-4712?utm_source=share&ref=a0wha2k9
6LBNg,https://made.example.invalid/e08-02/511-4713?utm_source=share&ref=lf528gu9
6LBNh,https://made.example.invalid/e08-02/515-4714?utm_source=share&ref=qx5s0i5s
6LBNi,https://made.example.invalid/e08-02/528-4715?utm_source=share&ref=cje5rhkl
6LBNj,https://made.example.invalid/e08-02/516-4716?utm_source=share&ref=7136dwpt
6LBNk,https://made.example.invalid/e08-02/523-4717?utm_source=share&ref=b10ewltn
6LBNl,https://made.example.invalid/e08-02/13-4718?utm_source=share&ref=7ho6c6b5
6LBNm,https://made.example.invalid/e08-02/525-4719?utm_source=share&ref=i4db6kvk
6LBNn,https://made.example.invalid/e08-02/518-4720?utm_source=share&ref=oismmolf
6LBNo,https://made.example.invalid/e08-02/520-4721?utm_source=share&ref=gcwqfplh
6LBNp,https://made.example.invalid/e08-02/521-4722?utm_source=share&ref=8kq4gg58
6LBNq,https://made.example.invalid/e08-02/519-4723?utm_source=share&ref=3ttrfem4
6LBNr,https://made.example.invalid/e08-02/535-4724?utm_source=share&ref=lck7nouy
6LBNs,https://made.example.invalid/e08-02/538-4725?utm_source=share&ref=8w5xxmk2
6LBNt,https://made.example.invalid/e08-02/543-4726?utm_source=share&ref=u1szv0qe
6LBNu,https://made.example.invalid/e08-02/546-4727?utm_source=share&ref=rcd819yd
6LBNv,https://made.example.invalid/e08-02/549-4728?utm_source=share&ref=pqlfzsu5
6LBNw,https://made.example.invalid/e08-02/529-4729?utm_source=share&ref=mcey414c
6LBNx,https://made.example.invalid/e08-02/532-4730?utm_source=share&ref=pvqv9xm9
6LBNy,https://made.example.invalid/e08-02/541-4731?utm_source=share&ref=tt6z7l35
6LBNz,https://made.example.invalid/e08-02/542-4732?utm_source=share&ref=ovhpmd92
6LBNA,https://made.example.invalid/e08-02/526-4733?utm_source=share&ref=zz25pc5i
6LBNB,https://made.example.invalid/e08-02/545-4734?utm_source=share&ref=nnnhhl8q
6LBNC,https://made.example.invalid/e08-02/534-4735?utm_source=share&ref=jvagxlpz
6LBND,https://made.example.invalid/e08-02/530-4736?utm_source=share&ref=m0olhizz
6LBNE,https://made.example.invalid/e08-02/550-4737?utm_source=share&ref=3o2leuku
6LBNF,https://made.example.invalid/e08-02/537-4738?utm_source=share&ref=8g9k6d0d
6LBNG,https://made.example.invalid/e08-02/536-4739?utm_source=share&ref=hzku1qtb
6LBNH,https://made.example.invalid/e08-02/533-4740?utm_source=share&ref=4jjjzvbx
6LBNI,https://made.example.invalid/e08-02/544-4741?utm_source=share&ref=341wp761
6LBNJ,https://made.example.invalid/e08-02/524-4742?utm_source=share&ref=y4pnv0fr
6LBNK,https://made.example.invalid/e08-02/3-4743?utm_source=share&ref=bt5qag91
6LBNL,https://made.example.invalid/e08-02/540-4744?utm_source=share&ref=1tu0tyg9
6LBNM,https://made.example.invalid/e08-02/531-4745?utm_source=share&ref=m4p2ja76
6LBNN,https://made.example.invalid/e08-02/522-4746?utm_source=share&ref=xos8kojs
6LBNO,https://made.example.invalid/e08-02/527-4747?utm_source=share&ref=66jk6skf
6LBNP,https://made.example.invalid/e08-02/539-4748?utm_source=share&ref=5pcsg59j
6LBNQ,https://made.example.invalid/e08-02/5-4749?utm_source=share&ref=1thmmjsl
6LBNR,https://made.example.invalid/e08-02/548-4750?utm_source=share&ref=43cfp7jg
6LBNT,https://made.example.invalid/e08-02/17-4752?utm_source=share&ref=b32ljris
6LBNS,https://made.example.invalid/e08-02/547-4751?utm_source=share&ref=m8e8c3ys
6LBNU,https://made.example.invalid/e08-02/21-4753?utm_source=share&ref=alyjrrti
6LBNV,https://made.example.invalid/e08-02/12-4754?utm_source=share&ref=1n326vrl
6LBNW,https://made.example.invalid/e08-02/10-4755?utm_source=share&ref=6p1if342
6LBNX,https://made.example.invalid/e08-02/514-4756?utm_source=share&ref=36objqui
6LBNY,https://made.example.invalid/e08-02/517-4757?utm_source=share&ref=r9kk6b3l
6LBNZ,https://made.example.invalid/e08-02/2-4758?utm_source=share&ref=i45njd89
6LBO0,https://made.example.invalid/e08-02/512-4759?utm_source=share&ref=8rmgeeeb
6LBO1,https://made.example.invalid/e08-02/513-4760?utm_source=share&ref=z6tjrr8n
6LBO2,https://made.example.invalid/e08-02/24-4761?utm_source=share&ref=csqrpahx
6LBO3,https://made.example.invalid/e08-02/22-4762?utm_source=share&ref=0ih01iyd
6LBO4,https://made.example.invalid/e08-02/511-4763?utm_source=share&ref=eycwmlkf
6LBO5,https://made.example.invalid/e08-02/515-4764?utm_source=share&ref=3sqhv9dn
6LBO6,https://made.example.invalid/e08-02/528-4765?utm_source=share&ref=z6kkg5rf
6LBO7,https://made.example.invalid/e08-02/516-4766?utm_source=share&ref=y75q4gns
6LBO8,https://made.example.invalid/e08-02/523-4767?utm_source=share&ref=e78vgkmj
6LBO9,https://made.example.invalid/e08-02/13-4768?utm_source=share&ref=4euszm7u
6LBOa,https://made.example.invalid/e08-02/525-4769?utm_source=share&ref=hrxmjvfq
6LBOb,https://made.example.invalid/e08-02/518-4770?utm_source=share&ref=4kt0dyfe
6LBOc,https://made.example.invalid/e08-02/520-4771?utm_source=share&ref=nhyupy6u
6LBOd,https://made.example.invalid/e08-02/521-4772?utm_source=share&ref=gy1u02dk
6LBOe,https://made.example.invalid/e08-02/519-4773?utm_source=share&ref=o28ilt4b
6LBOf,https://made.example.invalid/e08-02/535-4774?utm_source=share&ref=to7soli1
6LBOg,https://made.example.invalid/e08-02/538-4775?utm_source=share&ref=9der1pfc
6LBOh,https://made.example.invalid/e08-02/543-4776?utm_source=share&ref=2rbg9ey7
6LBOi,https://made.example.invalid/e08-02/546-4777?utm_source=share&ref=0lbo3h49
6LBOj,https://made.example.invalid/e08-02/549-4778?utm_source=share&ref=tdgdpdoa
6LBOk,https://made.example.invalid/e08-02/529-4779?utm_source=share&ref=j8dc9sak
6LBOl,https://made.example.invalid/e08-02/532-4780?utm_source=share&ref=hf46w17m
6LBOm,https://made.example.invalid/e08-02/541-4781?utm_source=share&ref=3lio9pif
6LBOn,https://made.example.invalid/e08-02/542-4782?utm_source=share&ref=ommujy98
6LBOo,https://made.example.invalid/e08-02/526-4783?utm_source=share&ref=kbo22jvm
6LBOp,https://made.example.invalid/e08-02/545-4784?utm_source=share&ref=nuqkl7dj
6LBOq,https://made.example.invalid/e08-02/534-4785?utm_source=share&ref=kd89isbg
6LBOr,https://made.example.invalid/e08-02/530-4786?utm_source=share&ref=w9sqpuoa
6LBOs,https://made.example.invalid/e08-02/550-4787?utm_source=share&ref=7not79y9
6LBOt,https://made.example.invalid/e08-02/537-4788?utm_source=share&ref=hsk03pgf
6LBOu,https://made.example.invalid/e08-02/536-4789?utm_source=share&ref=epgttnyw
6LBOv,https://made.example.invalid/e08-02/533-4790?utm_source=share&ref=2fad6dzr
6LBOx,https://made.example.invalid/e08-02/524-4792?utm_source=share&ref=4hiclaff
6LBOw,https://made.example.invalid/e08-02/544-4791?utm_source=share&ref=gub8epyr
6LBOy,https://made.example.invalid/e08-02/3-4793?utm_source=share&ref=9dee1f3b
6LBOz,https://made.example.invalid/e08-02/540-4794?utm_source=share&ref=p0e2k95g
6LBOA,https://made.example.invalid/e08-02/531-4795?utm_source=share&ref=fuf0c2w5
6LBOB,https://made.example.invalid/e08-02/522-4796?utm_source=share&ref=kgm37dkc
6LBOC,https://made.example.invalid/e08-02/527-4797?utm_source=share&ref=0w64iew0
6LBOD,https://made.example.invalid/e08-02/539-4798?utm_source=share&ref=azsmn7iy
6LBOE,https://made.example.invalid/e08-02/5-4799?utm_source=share&ref=ulcsguak
6LBOF,https://made.example.invalid/e08-02/548-4800?utm_source=share&ref=skadq88x
6LBOG,https://made.example.invalid/e08-02/17-4801?utm_source=share&ref=obf0fiis
6LBOH,https://made.example.invalid/e08-02/547-4802?utm_source=share&ref=bijtdc0s
6LBOI,https://made.example.invalid/e08-02/21-4803?utm_source=share&ref=u950yuli
6LBOJ,https://made.example.invalid/e08-02/12-4804?utm_source=share&ref=tbftsw7m
6LBOK,https://made.example.invalid/e08-02/10-4805?utm_source=share&ref=n3s7xknb
6LBOL,https://made.example.invalid/e08-02/514-4806?utm_source=share&ref=haasl54k
6LBOM,https://made.example.invalid/e08-02/517-4807?utm_source=share&ref=ya147x9a
6LBON,https://made.example.invalid/e08-02/2-4808?utm_source=share&ref=c3kafoxn
6LBOO,https://made.example.invalid/e08-02/512-4809?utm_source=share&ref=ez3wh1dt
6LBOP,https://made.example.invalid/e08-02/513-4810?utm_source=share&ref=7t2w0e67
6LBOQ,https://made.example.invalid/e08-02/24-4811?utm_source=share&ref=68nt8it6
6LBOR,https://made.example.invalid/e08-02/22-4812?utm_source=share&ref=vlp55y8j
6LBOS,https://made.example.invalid/e08-02/511-4813?utm_source=share&ref=vryv8owt
6LBOT,https://made.example.invalid/e08-02/515-4814?utm_source=share&ref=txa4t3lq
6LBOU,https://made.example.invalid/e08-02/528-4815?utm_source=share&ref=ir2a5q4e
6LBOV,https://made.example.invalid/e08-02/516-4816?utm_source=share&ref=fryw770p
6LBOW,https://made.example.invalid/e08-02/523-4817?utm_source=share&ref=xiq6d575
6LBOX,https://made.example.invalid/e08-02/13-4818?utm_source=share&ref=tokqo5ev
6LBOY,https://made.example.invalid/e08-02/525-4819?utm_source=share&ref=qehf1x0q
6LBOZ,https://made.example.invalid/e08-02/518-4820?utm_source=share&ref=1qy8jsww
6LBP0,https://made.example.invalid/e08-02/520-4821?utm_source=share&ref=3cg4lxz8
6LBP1,https://made.example.invalid/e08-02/521-4822?utm_source=share&ref=dkdkqnz2
6LBP2,https://made.example.invalid/e08-02/519-4823?utm_source=share&ref=4bmahwyo
6LBP3,https://made.example.invalid/e08-02/535-4824?utm_source=share&ref=ruvphq0s
6LBP4,https://made.example.invalid/e08-02/538-4825?utm_source=share&ref=zx8kbfs2
6LBP5,https://made.example.invalid/e08-02/543-4826?utm_source=share&ref=gh6m10ph
6LBP6,https://made.example.invalid/e08-02/546-4827?utm_source=share&ref=0sg66n0p
6LBP7,https://made.example.invalid/e08-02/549-4828?utm_source=share&ref=px1n21qt
6LBP8,https://made.example.invalid/e08-02/529-4829?utm_source=share&ref=ed5cfjs3
6LBP9,https://made.example.invalid/e08-02/532-4830?utm_source=share&ref=mzu3v25y
6LBPa,https://made.example.invalid/e08-02/541-4831?utm_source=share&ref=39vfmnsi
6LBPb,https://made.example.invalid/e08-02/542-4832?utm_source=share&ref=jyf391sq
6LBPc,https://made.example.invalid/e08-02/526-4833?utm_source=share&ref=gl66hcxi
6LBPd,https://made.example.invalid/e08-02/545-4834?utm_source=share&ref=ga0whijt
6LBPe,https://made.example.invalid/e08-02/534-4835?utm_source=share&ref=qbbiceqt
6LBPf,https://made.example.invalid/e08-02/530-4836?utm_source=share&ref=qbqix8hq
6LBPg,https://made.example.invalid/e08-02/550-4837?utm_source=share&ref=0oma7axp
6LBPh,https://made.example.invalid/e08-02/537-4838?utm_source=share&ref=ra19pguj
6LBPi,https://made.example.invalid/e08-02/536-4839?utm_source=share&ref=edg1tp4x
6LBPj,https://made.example.invalid/e08-02/533-4840?utm_source=share&ref=u06vma6l
6LBPk,https://made.example.invalid/e08-02/524-4841?utm_source=share&ref=wynstg6q
6LBPl,https://made.example.invalid/e08-02/544-4842?utm_source=share&ref=k2hfy2cb
6LBPm,https://made.example.invalid/e08-02/3-4843?utm_source=share&ref=dz0mvgxf
6LBPn,https://made.example.invalid/e08-02/540-4844?utm_source=share&ref=5a9wizqh
6LBPo,https://made.example.invalid/e08-02/531-4845?utm_source=share&ref=69s26n5n
6LBPp,https://made.example.invalid/e08-02/522-4846?utm_source=share&ref=qwy04cy5
6LBPq,https://made.example.invalid/e08-02/527-4847?utm_source=share&ref=x79jly55
6LBPr,https://made.example.invalid/e08-02/539-4848?utm_source=share&ref=fjzrkxgz
6LBPs,https://made.example.invalid/e08-02/5-4849?utm_source=share&ref=mzmg2jhz
6LBPt,https://made.example.invalid/e08-02/548-4850?utm_source=share&ref=hn3ehr98
6LBPu,https://made.example.invalid/e08-02/17-4851?utm_source=share&ref=d6uh5uo1
6LBPv,https://made.example.invalid/e08-02/547-4852?utm_source=share&ref=97h7txx5
6LBPw,https://made.example.invalid/e08-02/21-4853?utm_source=share&ref=4u8wdxhb
6LBPx,https://made.example.invalid/e08-02/12-4854?utm_source=share&ref=bbvor079
6LBPy,https://made.example.invalid/e08-02/10-4855?utm_source=share&ref=79xwrsfc
6LBPz,https://made.example.invalid/e08-02/514-4856?utm_source=share&ref=7xdak9jq
6LBPA,https://made.example.invalid/e08-02/517-4857?utm_source=share&ref=vizjuo3h
6LBPB,https://made.example.invalid/e08-02/2-4858?utm_source=share&ref=4j0taz29
6LBPC,https://made.example.invalid/e08-02/512-4859?utm_source=share&ref=h1txe931
6LBPD,https://made.example.invalid/e08-02/513-4860?utm_source=share&ref=16j4ebdr
6LBPE,https://made.example.invalid/e08-02/24-4861?utm_source=share&ref=e9erkvub
6LBPF,https://made.example.invalid/e08-02/22-4862?utm_source=share&ref=alzln2sh
6LBPG,https://made.example.invalid/e08-02/511-4863?utm_source=share&ref=wxiwi1jm
6LBPH,https://made.example.invalid/e08-02/515-4864?utm_source=share&ref=uopjutva
6LBPI,https://made.example.invalid/e08-02/528-4865?utm_source=share&ref=ie6va03m
6LBPJ,https://made.example.invalid/e08-02/516-4866?utm_source=share&ref=xs27v4p3
6LBPK,https://made.example.invalid/e08-02/523-4867?utm_source=share&ref=asc657ze
6LBPL,https://made.example.invalid/e08-02/13-4868?utm_source=share&ref=nh8msr5u
6LBPM,https://made.example.invalid/e08-02/525-4869?utm_source=share&ref=ya8xhund
6LBPN,https://made.example.invalid/e08-02/518-4870?utm_source=share&ref=r49cgz2l
6LBPO,https://made.example.invalid/e08-02/520-4871?utm_source=share&ref=o9fuh0z7
6LBPP,https://made.example.invalid/e08-02/521-4872?utm_source=share&ref=elf8pqz0
6LBPQ,https://made.example.invalid/e08-02/519-4873?utm_source=share&ref=2ka5xh2g
6LBPR,https://made.example.invalid/e08-02/535-4874?utm_source=share&ref=ykvwcq0n
6LBPS,https://made.example.invalid/e08-02/538-4875?utm_source=share&ref=ty0gthpe
6LBPT,https://made.example.invalid/e08-02/543-4876?utm_source=share&ref=4m4v9wxz
6LBPU,https://made.example.invalid/e08-02/546-4877?utm_source=share&ref=0lxlp1y9
6LBPV,https://made.example.invalid/e08-02/549-4878?utm_source=share&ref=qaytyfqn
6LBPW,https://made.example.invalid/e08-02/529-4879?utm_source=share&ref=odlp97h2
6LBPX,https://made.example.invalid/e08-02/532-4880?utm_source=share&ref=hhx96b79
6LBPY,https://made.example.invalid/e08-02/541-4881?utm_source=share&ref=oj7lkq0x
6LBPZ,https://made.example.invalid/e08-02/542-4882?utm_source=share&ref=jubwy8h4
6LBQ0,https://made.example.invalid/e08-02/526-4883?utm_source=share&ref=hfp5vkoc
6LBQ1,https://made.example.invalid/e08-02/545-4884?utm_source=share&ref=m5rw1d3o
6LBQ2,https://made.example.invalid/e08-02/534-4885?utm_source=share&ref=inavx647
6LBQ3,https://made.example.invalid/e08-02/530-4886?utm_source=share&ref=2sckgf7s
6LBQ4,https://made.example.invalid/e08-02/550-4887?utm_source=share&ref=lpt9xejz
6LBQ5,https://made.example.invalid/e08-02/537-4888?utm_source=share&ref=wqcwoeyf
6LBQ6,https://made.example.invalid/e08-02/536-4889?utm_source=share&ref=ctxnk6rs
6LBQ7,https://made.example.invalid/e08-02/533-4890?utm_source=share&ref=tw964y49
6LBQ8,https://made.example.invalid/e08-02/524-4891?utm_source=share&ref=ke6h0wld
6LBQ9,https://made.example.invalid/e08-02/544-4892?utm_source=share&ref=aneam60d
6LBQa,https://made.example.invalid/e08-02/3-4893?utm_source=share&ref=zx92bxy8
6LBQb,https://made.example.invalid/e08-02/540-4894?utm_source=share&ref=i15wvi90
6LBQc,https://made.example.invalid/e08-02/531-4895?utm_source=share&ref=k0axclf3
6LBQd,https://made.example.invalid/e08-02/522-4896?utm_source=share&ref=og5fubxt
6LBQe,https://made.example.invalid/e08-02/527-4897?utm_source=share&ref=damhiqgw
6LBQf,https://made.example.invalid/e08-02/539-4898?utm_source=share&ref=5lyfna5x
6LBQg,https://made.example.invalid/e08-02/5-4899?utm_source=share&ref=gvy7d1f1
6LBQh,https://made.example.invalid/e08-02/548-4900?utm_source=share&ref=a3bxu3dr
6LBQi,https://made.example.invalid/e08-02/17-4901?utm_source=share&ref=o8ildc5m
6LBQj,https://made.example.invalid/e08-02/547-4902?utm_source=share&ref=3h1g67sz
6LBQk,https://made.example.invalid/e08-02/21-4903?utm_source=share&ref=7fkrjfd7
6LBQl,https://made.example.invalid/e08-02/12-4904?utm_source=share&ref=wf4cp44j
6LBQm,https://made.example.invalid/e08-02/10-4905?utm_source=share&ref=c2hji57q
6LBQn,https://made.example.invalid/e08-02/514-4906?utm_source=share&ref=c7r6ss4u
6LBQo,https://made.example.invalid/e08-02/517-4907?utm_source=share&ref=2iuu3qq8
6LBQp,https://made.example.invalid/e08-02/2-4908?utm_source=share&ref=m8z06lxd
6LBQq,https://made.example.invalid/e08-02/512-4909?utm_source=share&ref=37ft7rzn
6LBQr,https://made.example.invalid/e08-02/513-4910?utm_source=share&ref=icnyjraj
6LBQs,https://made.example.invalid/e08-02/24-4911?utm_source=share&ref=swd62tjq
6LBQt,https://made.example.invalid/e08-02/22-4912?utm_source=share&ref=rbobo73h
6LBQu,https://made.example.invalid/e08-02/511-4913?utm_source=share&ref=wf0222x5
6LBQv,https://made.example.invalid/e08-02/515-4914?utm_source=share&ref=q7ffsigq
6LBQw,https://made.example.invalid/e08-02/528-4915?utm_source=share&ref=5yrythir
6LBQx,https://made.example.invalid/e08-02/516-4916?utm_source=share&ref=674n50jb
6LBQy,https://made.example.invalid/e08-02/523-4917?utm_source=share&ref=ocy82lj5
6LBQz,https://made.example.invalid/e08-02/13-4918?utm_source=share&ref=1zmb3swv
6LBQA,https://made.example.invalid/e08-02/525-4919?utm_source=share&ref=5b9jk1rg
6LBQB,https://made.example.invalid/e08-02/518-4920?utm_source=share&ref=lad8mqia
6LBQC,https://made.example.invalid/e08-02/520-4921?utm_source=share&ref=moqu7vo9
6LBQD,https://made.example.invalid/e08-02/521-4922?utm_source=share&ref=ecz36bg2
6LBQE,https://made.example.invalid/e08-02/519-4923?utm_source=share&ref=7o832p1l
6LBQF,https://made.example.invalid/e08-02/535-4924?utm_source=share&ref=qm0wotzb
6LBQG,https://made.example.invalid/e08-02/538-4925?utm_source=share&ref=sztbnjky
6LBQH,https://made.example.invalid/e08-02/543-4926?utm_source=share&ref=pke3zulc
6LBQI,https://made.example.invalid/e08-02/546-4927?utm_source=share&ref=cek5jvy3
6LBQJ,https://made.example.invalid/e08-02/549-4928?utm_source=share&ref=ebmndl4j
6LBQK,https://made.example.invalid/e08-02/529-4929?utm_source=share&ref=li9cgz51
6LBQL,https://made.example.invalid/e08-02/532-4930?utm_source=share&ref=j8xqoox7
6LBQM,https://made.example.invalid/e08-02/541-4931?utm_source=share&ref=tv3d3u6m
6LBQN,https://made.example.invalid/e08-02/542-4932?utm_source=share&ref=ksu5kpdv
6LBQO,https://made.example.invalid/e08-02/526-4933?utm_source=share&ref=oe56xsvu
6LBQP,https://made.example.invalid/e08-02/545-4934?utm_source=share&ref=x9uzdz3s
6LBQQ,https://made.example.invalid/e08-02/534-4935?utm_source=share&ref=0x2st4x0
6LBQR,https://made.example.invalid/e08-02/530-4936?utm_source=share&ref=3kyvtmq1
6LBQS,https://made.example.invalid/e08-02/550-4937?utm_source=share&ref=arz4jsaq
6LBQT,https://made.example.invalid/e08-02/537-4938?utm_source=share&ref=uebsfquc
6LBQU,https://made.example.invalid/e08-02/536-4939?utm_source=share&ref=asugoa57
6LBQV,https://made.example.invalid/e08-02/533-4940?utm_source=share&ref=5hpbt4gk
6LBQW,https://made.example.invalid/e08-02/524-4941?utm_source=share&ref=xue7vpdo
6LBQX,https://made.example.invalid/e08-02/544-4942?utm_source=share&ref=d1nsy7ko
6LBQY,https://made.example.invalid/e08-02/3-4943?utm_source=share&ref=qrwqme0o
6LBQZ,https://made.example.invalid/e08-02/540-4944?utm_source=share&ref=br4porsj
6LBR0,https://made.example.invalid/e08-02/531-4945?utm_source=share&ref=0y2zuefh
6LBR1,https://made.example.invalid/e08-02/522-4946?utm_source=share&ref=jl9mivco
6LBR2,https://made.example.invalid/e08-02/527-4947?utm_source=share&ref=tczgm2v1
6LBR3,https://made.example.invalid/e08-02/539-4948?utm_source=share&ref=gxpp5xq6
6LBR4,https://made.example.invalid/e08-02/5-4949?utm_source=share&ref=zgjakrbh
6LBR5,https://made.example.invalid/e08-02/548-4950?utm_source=share&ref=mrq3luhx
6LBR7,https://made.example.invalid/e08-02/547-4952?utm_source=share&ref=68e82ox2
6LBR6,https://made.example.invalid/e08-02/17-4951?utm_source=share&ref=ibxa893b
6LBR8,https://made.example.invalid/e08-02/21-4953?utm_source=share&ref=vlxi22br
6LBR9,https://made.example.invalid/e08-02/12-4954?utm_source=share&ref=9f8wwemg
6LBRa,https://made.example.invalid/e08-02/10-4955?utm_source=share&ref=hc8f13uf
6LBRb,https://made.example.invalid/e08-02/514-4956?utm_source=share&ref=4yxmb4c3
6LBRc,https://made.example.invalid/e08-02/517-4957?utm_source=share&ref=qdg18dsa
6LBRd,https://made.example.invalid/e08-02/2-4958?utm_source=share&ref=3z8giwso
6LBRe,https://made.example.invalid/e08-02/512-4959?utm_source=share&ref=k03uumr7
6LBRf,https://made.example.invalid/e08-02/513-4960?utm_source=share&ref=ue1jdzwv
6LBRg,https://made.example.invalid/e08-02/24-4961?utm_source=share&ref=6y31ho2t
6LBRh,https://made.example.invalid/e08-02/22-4962?utm_source=share&ref=vs45utpo
6LBRi,https://made.example.invalid/e08-02/511-4963?utm_source=share&ref=nahvzu6o
6LBRj,https://made.example.invalid/e08-02/515-4964?utm_source=share&ref=wruylbcf
6LBRk,https://made.example.invalid/e08-02/528-4965?utm_source=share&ref=dqlkot1z
6LBRl,https://made.example.invalid/e08-02/516-4966?utm_source=share&ref=71lkuhc8
6LBRm,https://made.example.invalid/e08-02/523-4967?utm_source=share&ref=0umzah6k
6LBRn,https://made.example.invalid/e08-02/13-4968?utm_source=share&ref=qaywat93
6LBRo,https://made.example.invalid/e08-02/525-4969?utm_source=share&ref=zmg9by1n
6LBRp,https://made.example.invalid/e08-02/518-4970?utm_source=share&ref=452qdg28
6LBRq,https://made.example.invalid/e08-02/520-4971?utm_source=share&ref=g3wat0b7
6LBRr,https://made.example.invalid/e08-02/521-4972?utm_source=share&ref=ijxf589u
6LBRs,https://made.example.invalid/e08-02/519-4973?utm_source=share&ref=ciby9kwd
6LBRt,https://made.example.invalid/e08-02/535-4974?utm_source=share&ref=f2ei09iw
6LBRu,https://made.example.invalid/e08-02/538-4975?utm_source=share&ref=r3dj3e0w
6LBRv,https://made.example.invalid/e08-02/543-4976?utm_source=share&ref=03dok8j2
6LBRw,https://made.example.invalid/e08-02/546-4977?utm_source=share&ref=he9mn57j
6LBRx,https://made.example.invalid/e08-02/549-4978?utm_source=share&ref=scpl3zlx
6LBRy,https://made.example.invalid/e08-02/529-4979?utm_source=share&ref=5cdktido
6LBRz,https://made.example.invalid/e08-02/532-4980?utm_source=share&ref=qjpv2abm
6LBRA,https://made.example.invalid/e08-02/541-4981?utm_source=share&ref=bhsz62le
6LBRB,https://made.example.invalid/e08-02/542-4982?utm_source=share&ref=7hfm788b
6LBRC,https://made.example.invalid/e08-02/526-4983?utm_source=share&ref=qdycdi6j
6LBRD,https://made.example.invalid/e08-02/545-4984?utm_source=share&ref=ha59nibw
6LBRE,https://made.example.invalid/e08-02/534-4985?utm_source=share&ref=sobgkpq3
6LBRF,https://made.example.invalid/e08-02/530-4986?utm_source=share&ref=2hxjht5d
6LBRG,https://made.example.invalid/e08-02/550-4987?utm_source=share&ref=d3u28h7e
6LBRH,https://made.example.invalid/e08-02/537-4988?utm_source=share&ref=lxyy2oi1
6LBRI,https://made.example.invalid/e08-02/536-4989?utm_source=share&ref=x0u2xm5t
6LBRJ,https://made.example.invalid/e08-02/533-4990?utm_source=share&ref=7u4h8azi
6LBRL,https://made.example.invalid/e08-02/544-4992?utm_source=share&ref=1dsneyte
6LBRK,https://made.example.invalid/e08-02/524-4991?utm_source=share&ref=wr4k3ra6
6LBRM,https://made.example.invalid/e08-02/3-4993?utm_source=share&ref=qrcomy6h
6LBRN,https://made.example.invalid/e08-02/540-4994?utm_source=share&ref=8auuegrm
6LBRO,https://made.example.invalid/e08-02/531-4995?utm_source=share&ref=zm949g1m
6LBRP,https://made.example.invalid/e08-02/522-4996?utm_source=share&ref=cder0210
6LBRQ,https://made.example.invalid/e08-02/527-4997?utm_source=share&ref=jq8yfkwu
6LBRR,https://made.example.invalid/e08-02/539-4998?utm_source=share&ref=lnnnrhxa
6LBRS,https://made.example.invalid/e08-02/5-4999?utm_source=share&ref=y9hwnxv7
6LBRT,https://made.example.invalid/e08-02/548-5000?utm_source=share&ref=wzlu99rb
6LBRU,https://made.example.invalid/e08-02/547-5001?utm_source=share&ref=sd9f5kta
6LBRV,https://made.example.invalid/e08-02/17-5002?utm_source=share&ref=sr7jkub2
6LBRW,https://made.example.invalid/e08-02/21-5003?utm_source=share&ref=76e24wzt
6LBRX,https://made.example.invalid/e08-02/12-5004?utm_source=share&ref=sy8jmfra
6LBRY,https://made.example.invalid/e08-02/10-5005?utm_source=share&ref=0863olrn
6LBRZ,https://made.example.invalid/e08-02/514-5006?utm_source=share&ref=bvjxc5d0
6LBS0,https://made.example.invalid/e08-02/517-5007?utm_source=share&ref=knbx9npb
6LBS1,https://made.example.invalid/e08-02/2-5008?utm_source=share&ref=yyhkqb3c
6LBS2,https://made.example.invalid/e08-02/512-5009?utm_source=share&ref=bp20b9df
6LBS3,https://made.example.invalid/e08-02/513-5010?utm_source=share&ref=n7lm2nnh
6LBS4,https://made.example.invalid/e08-02/24-5011?utm_source=share&ref=s239llse
6LBS5,https://made.example.invalid/e08-02/22-5012?utm_source=share&ref=mtthpsxy
6LBS6,https://made.example.invalid/e08-02/511-5013?utm_source=share&ref=qim8j3ly
6LBS7,https://made.example.invalid/e08-02/515-5014?utm_source=share&ref=fbnqz1dc
6LBS8,https://made.example.invalid/e08-02/528-5015?utm_source=share&ref=dpt8o4hr
6LBS9,https://made.example.invalid/e08-02/516-5016?utm_source=share&ref=ozzw0xbw
6LBSa,https://made.example.invalid/e08-02/523-5017?utm_source=share&ref=qtj4g2bb
6LBSb,https://made.example.invalid/e08-02/13-5018?utm_source=share&ref=scdwayvw
6LBSc,https://made.example.invalid/e08-02/525-5019?utm_source=share&ref=uewjh6pt
6LBSd,https://made.example.invalid/e08-02/518-5020?utm_source=share&ref=zuccx8el
6LBSe,https://made.example.invalid/e08-02/520-5021?utm_source=share&ref=ldplrqvl
6LBSf,https://made.example.invalid/e08-02/521-5022?utm_source=share&ref=ful40tx3
6LBSg,https://made.example.invalid/e08-02/519-5023?utm_source=share&ref=u427ekzj
6LBSh,https://made.example.invalid/e08-02/535-5024?utm_source=share&ref=lngisecm
6LBSi,https://made.example.invalid/e08-02/538-5025?utm_source=share&ref=4thhn90q
6LBSj,https://made.example.invalid/e08-02/543-5026?utm_source=share&ref=o91sfrgk
6LBSk,https://made.example.invalid/e08-02/546-5027?utm_source=share&ref=4y6dy8zk
6LBSl,https://made.example.invalid/e08-02/549-5028?utm_source=share&ref=9mdggslh
6LBSm,https://made.example.invalid/e08-02/529-5029?utm_source=share&ref=sxwj885m
6LBSn,https://made.example.invalid/e08-02/532-5030?utm_source=share&ref=icts4nv9
6LBSo,https://made.example.invalid/e08-02/541-5031?utm_source=share&ref=qfmdqtnq
6LBSp,https://made.example.invalid/e08-02/542-5032?utm_source=share&ref=n2v94wjr
6LBSq,https://made.example.invalid/e08-02/526-5033?utm_source=share&ref=86riokrp
6LBSr,https://made.example.invalid/e08-02/545-5034?utm_source=share&ref=a5bndv94
6LBSs,https://made.example.invalid/e08-02/534-5035?utm_source=share&ref=py7uzzq3
6LBSt,https://made.example.invalid/e08-02/530-5036?utm_source=share&ref=g7zvf2wq
6LBSu,https://made.example.invalid/e08-02/550-5037?utm_source=share&ref=gbygvn58
6LBSv,https://made.example.invalid/e08-02/537-5038?utm_source=share&ref=0ez6bt6n
6LBSw,https://made.example.invalid/e08-02/536-5039?utm_source=share&ref=77ehj2br
6LBSx,https://made.example.invalid/e08-02/533-5040?utm_source=share&ref=zpx1o9a4
6LBSy,https://made.example.invalid/e08-02/544-5041?utm_source=share&ref=pcl90sp0
6LBSz,https://made.example.invalid/e08-02/524-5042?utm_source=share&ref=tahn2xfp
6LBSA,https://made.example.invalid/e08-02/3-5043?utm_source=share&ref=erilqjin
6LBSB,https://made.example.invalid/e08-02/540-5044?utm_source=share&ref=557arw2a
6LBSC,https://made.example.invalid/e08-02/531-5045?utm_source=share&ref=4bjyj93j
6LBSD,https://made.example.invalid/e08-02/522-5046?utm_source=share&ref=fx9s8qgh
6LBSE,https://made.example.invalid/e08-02/527-5047?utm_source=share&ref=459p3x45
6LBSF,https://made.example.invalid/e08-02/539-5048?utm_source=share&ref=s6lgk143
6LBSG,https://made.example.invalid/e08-02/5-5049?utm_source=share&ref=qw4mseui
6LBSH,https://made.example.invalid/e08-02/548-5050?utm_source=share&ref=zwv8qk3s
6LBSI,https://made.example.invalid/e08-02/547-5051?utm_source=share&ref=vo005mu3
6LBSJ,https://made.example.invalid/e08-02/17-5052?utm_source=share&ref=44kacs3y
6LBSK,https://made.example.invalid/e08-02/21-5053?utm_source=share&ref=djmes67c
6LBSL,https://made.example.invalid/e08-02/12-5054?utm_source=share&ref=6ezx32yw
6LBSM,https://made.example.invalid/e08-02/10-5055?utm_source=share&ref=7eouwc8t
6LBSN,https://made.example.invalid/e08-02/514-5056?utm_source=share&ref=lpiu8vaf
6LBSO,https://made.example.invalid/e08-02/517-5057?utm_source=share&ref=uhbexpie
6LBSP,https://made.example.invalid/e08-02/2-5058?utm_source=share&ref=8346v2la
6LBSQ,https://made.example.invalid/e08-02/512-5059?utm_source=share&ref=28va7j8b
6LBSR,https://made.example.invalid/e08-02/513-5060?utm_source=share&ref=5ik3fyae
6LBSS,https://made.example.invalid/e08-02/24-5061?utm_source=share&ref=l7uzn4k5
6LBST,https://made.example.invalid/e08-02/22-5062?utm_source=share&ref=rltiyuuw
6LBSU,https://made.example.invalid/e08-02/511-5063?utm_source=share&ref=ka2pltw8
6LBSV,https://made.example.invalid/e08-02/515-5064?utm_source=share&ref=f2a3ggak
6LBSW,https://made.example.invalid/e08-02/528-5065?utm_source=share&ref=hq1cw0kv
6LBSX,https://made.example.invalid/e08-02/516-5066?utm_source=share&ref=8wvmpohr
6LBSY,https://made.example.invalid/e08-02/523-5067?utm_source=share&ref=04a1siyt
6LBSZ,https://made.example.invalid/e08-02/13-5068?utm_source=share&ref=ovil8tyu
6LBT0,https://made.example.invalid/e08-02/525-5069?utm_source=share&ref=u7k2sxw8
6LBT1,https://made.example.invalid/e08-02/518-5070?utm_source=share&ref=gfzoh7dv
6LBT3,https://made.example.invalid/e08-02/521-5072?utm_source=share&ref=qa5jv4t6
6LBT2,https://made.example.invalid/e08-02/520-5071?utm_source=share&ref=8b2lakpu
6LBT4,https://made.example.invalid/e08-02/519-5073?utm_source=share&ref=mq4egxk5
6LBT5,https://made.example.invalid/e08-02/535-5074?utm_source=share&ref=eredb25x
6LBT6,https://made.example.invalid/e08-02/538-5075?utm_source=share&ref=1k3o2a8h
6LBT7,https://made.example.invalid/e08-02/543-5076?utm_source=share&ref=nn7wdg7u
6LBT8,https://made.example.invalid/e08-02/546-5077?utm_source=share&ref=h015vlu8
6LBT9,https://made.example.invalid/e08-02/549-5078?utm_source=share&ref=6uhlf88n
6LBTa,https://made.example.invalid/e08-02/529-5079?utm_source=share&ref=s2tyohwm
6LBTb,https://made.example.invalid/e08-02/532-5080?utm_source=share&ref=h2g6ww57
6LBTc,https://made.example.invalid/e08-02/541-5081?utm_source=share&ref=18lepszl
6LBTd,https://made.example.invalid/e08-02/542-5082?utm_source=share&ref=ffrj7cu6
6LBTe,https://made.example.invalid/e08-02/526-5083?utm_source=share&ref=xheds6xr
6LBTf,https://made.example.invalid/e08-02/545-5084?utm_source=share&ref=w9mtause
6LBTg,https://made.example.invalid/e08-02/534-5085?utm_source=share&ref=xy8s5sp9
6LBTh,https://made.example.invalid/e08-02/530-5086?utm_source=share&ref=tnldezbj
6LBTi,https://made.example.invalid/e08-02/550-5087?utm_source=share&ref=9r084o8r
6LBTj,https://made.example.invalid/e08-02/537-5088?utm_source=share&ref=n66yvxy1
6LBTk,https://made.example.invalid/e08-02/536-5089?utm_source=share&ref=znnoakaz
6LBTl,https://made.example.invalid/e08-02/533-5090?utm_source=share&ref=xl9qw780
6LBTm,https://made.example.invalid/e08-02/544-5091?utm_source=share&ref=sxx8w3wn
6LBTn,https://made.example.invalid/e08-02/524-5092?utm_source=share&ref=m460b368
6LBTo,https://made.example.invalid/e08-02/3-5093?utm_source=share&ref=cfglcubl
6LBTp,https://made.example.invalid/e08-02/540-5094?utm_source=share&ref=wgw2qs00
6LBTq,https://made.example.invalid/e08-02/531-5095?utm_source=share&ref=frqlmxyy
6LBTr,https://made.example.invalid/e08-02/522-5096?utm_source=share&ref=i16jt120
6LBTs,https://made.example.invalid/e08-02/527-5097?utm_source=share&ref=4le313mg
6LBTt,https://made.example.invalid/e08-02/539-5098?utm_source=share&ref=zewmwgpg
6LBTu,https://made.example.invalid/e08-02/5-5099?utm_source=share&ref=xsjhje83
6LBTv,https://made.example.invalid/e08-02/548-5100?utm_source=share&ref=6bmhm25h
6LBTw,https://made.example.invalid/e08-02/547-5101?utm_source=share&ref=p026tiq4
6LBTx,https://made.example.invalid/e08-02/17-5102?utm_source=share&ref=lkf91w09
6LBTy,https://made.example.invalid/e08-02/21-5103?utm_source=share&ref=lfsfq24i
6LBTz,https://made.example.invalid/e08-02/12-5104?utm_source=share&ref=zakmn8yj
6LBTA,https://made.example.invalid/e08-02/10-5105?utm_source=share&ref=v9f9hydc
6LBTB,https://made.example.invalid/e08-02/514-5106?utm_source=share&ref=uy7yx9q7
6LBTC,https://made.example.invalid/e08-02/517-5107?utm_source=share&ref=42i6475b
6LBTD,https://made.example.invalid/e08-02/2-5108?utm_source=share&ref=hc0g4ja2
6LBTE,https://made.example.invalid/e08-02/512-5109?utm_source=share&ref=k9i53e03
6LBTF,https://made.example.invalid/e08-02/513-5110?utm_source=share&ref=l25ijinq
6LBTH,https://made.example.invalid/e08-02/22-5112?utm_source=share&ref=raw687m1
6LBTG,https://made.example.invalid/e08-02/24-5111?utm_source=share&ref=knmmfgum
6LBTI,https://made.example.invalid/e08-02/511-5113?utm_source=share&ref=xycbsjgu
6LBTJ,https://made.example.invalid/e08-02/515-5114?utm_source=share&ref=8wih1097
6LBTK,https://made.example.invalid/e08-02/528-5115?utm_source=share&ref=2zesg5cc
6LBTL,https://made.example.invalid/e08-02/516-5116?utm_source=share&ref=g069zstd
6LBTM,https://made.example.invalid/e08-02/523-5117?utm_source=share&ref=35hpssed
6LBTN,https://made.example.invalid/e08-02/13-5118?utm_source=share&ref=kq9q3zt5
6LBTO,https://made.example.invalid/e08-02/525-5119?utm_source=share&ref=m1mr5x5s
6LBTP,https://made.example.invalid/e08-02/518-5120?utm_source=share&ref=ujny3o1p
6LBTQ,https://made.example.invalid/e08-02/521-5121?utm_source=share&ref=wg2kp0e9
6LBTR,https://made.example.invalid/e08-02/520-5122?utm_source=share&ref=za7ljvlg
6LBTS,https://made.example.invalid/e08-02/519-5123?utm_source=share&ref=6cmdjgz4
6LBTT,https://made.example.invalid/e08-02/535-5124?utm_source=share&ref=ep7hyixf
6LBTU,https://made.example.invalid/e08-02/538-5125?utm_source=share&ref=vkwv95rb
6LBTV,https://made.example.invalid/e08-02/543-5126?utm_source=share&ref=iuz3vr8p
6LBTW,https://made.example.invalid/e08-02/546-5127?utm_source=share&ref=dm0fz2q3
6LBTX,https://made.example.invalid/e08-02/549-5128?utm_source=share&ref=hw8nmni3
6LBTY,https://made.example.invalid/e08-02/529-5129?utm_source=share&ref=odywxyen
6LBTZ,https://made.example.invalid/e08-02/532-5130?utm_source=share&ref=ryy74njr
6LBU0,https://made.example.invalid/e08-02/541-5131?utm_source=share&ref=tsdosaa5
6LBU1,https://made.example.invalid/e08-02/542-5132?utm_source=share&ref=tf2noi8o
6LBU2,https://made.example.invalid/e08-02/526-5133?utm_source=share&ref=bdiuk0mj
6LBU3,https://made.example.invalid/e08-02/545-5134?utm_source=share&ref=byud43ws
6LBU4,https://made.example.invalid/e08-02/534-5135?utm_source=share&ref=38fl1goi
6LBU5,https://made.example.invalid/e08-02/530-5136?utm_source=share&ref=s6zzo41l
6LBU6,https://made.example.invalid/e08-02/550-5137?utm_source=share&ref=idby3o3y
6LBU7,https://made.example.invalid/e08-02/537-5138?utm_source=share&ref=4k4sfi10
6LBU8,https://made.example.invalid/e08-02/536-5139?utm_source=share&ref=m4k71zkj
6LBU9,https://made.example.invalid/e08-02/533-5140?utm_source=share&ref=erx1lazi
6LBUa,https://made.example.invalid/e08-02/544-5141?utm_source=share&ref=z3iyxoma
6LBUb,https://made.example.invalid/e08-02/524-5142?utm_source=share&ref=uqktab4o
6LBUc,https://made.example.invalid/e08-02/3-5143?utm_source=share&ref=1xnulvwy
6LBUd,https://made.example.invalid/e08-02/540-5144?utm_source=share&ref=rvr716fb
6LBUe,https://made.example.invalid/e08-02/531-5145?utm_source=share&ref=0bqh2bkl
6LBUf,https://made.example.invalid/e08-02/522-5146?utm_source=share&ref=2u812x07
6LBUg,https://made.example.invalid/e08-02/527-5147?utm_source=share&ref=7atmpj2a
6LBUh,https://made.example.invalid/e08-02/539-5148?utm_source=share&ref=vahynml0
6LBUi,https://made.example.invalid/e08-02/5-5149?utm_source=share&ref=lc3o78uk
6LBUj,https://made.example.invalid/e08-02/548-5150?utm_source=share&ref=mkymvj8k
6LBUk,https://made.example.invalid/e08-02/547-5151?utm_source=share&ref=s26gpijc
6LBUm,https://made.example.invalid/e08-02/21-5153?utm_source=share&ref=57ofrflo
6LBUl,https://made.example.invalid/e08-02/17-5152?utm_source=share&ref=brb9va45
6LBUn,https://made.example.invalid/e08-02/12-5154?utm_source=share&ref=5pg0aoll
6LBUo,https://made.example.invalid/e08-02/10-5155?utm_source=share&ref=vqcpi4x8
6LBUp,https://made.example.invalid/e08-02/514-5156?utm_source=share&ref=j17gn388
6LBUq,https://made.example.invalid/e08-02/517-5157?utm_source=share&ref=gh28fowv
6LBUr,https://made.example.invalid/e08-02/2-5158?utm_source=share&ref=wb5i63wd
6LBUs,https://made.example.invalid/e08-02/512-5159?utm_source=share&ref=f54efjf1
6LBUt,https://made.example.invalid/e08-02/513-5160?utm_source=share&ref=kyeqeg3o
6LBUu,https://made.example.invalid/e08-02/22-5161?utm_source=share&ref=0cbdadl5
6LBUv,https://made.example.invalid/e08-02/24-5162?utm_source=share&ref=cpvobmfq
6LBUw,https://made.example.invalid/e08-02/511-5163?utm_source=share&ref=0nu0zuzp
6LBUx,https://made.example.invalid/e08-02/515-5164?utm_source=share&ref=edy0nkft
6LBUy,https://made.example.invalid/e08-02/528-5165?utm_source=share&ref=fpq8x9oy
6LBUz,https://made.example.invalid/e08-02/516-5166?utm_source=share&ref=u2yq8rcy
6LBUA,https://made.example.invalid/e08-02/523-5167?utm_source=share&ref=e6ju3xih
6LBUB,https://made.example.invalid/e08-02/13-5168?utm_source=share&ref=m93aklul
6LBUC,https://made.example.invalid/e08-02/525-5169?utm_source=share&ref=slyxhbt0
6LBUD,https://made.example.invalid/e08-02/518-5170?utm_source=share&ref=7fv8t739
6LBUE,https://made.example.invalid/e08-02/521-5171?utm_source=share&ref=od15wazu
6LBUF,https://made.example.invalid/e08-02/520-5172?utm_source=share&ref=hlid0rvu
6LBUG,https://made.example.invalid/e08-02/519-5173?utm_source=share&ref=q4c4j0b8
6LBUH,https://made.example.invalid/e08-02/535-5174?utm_source=share&ref=zqf15vpz
6LBUI,https://made.example.invalid/e08-02/538-5175?utm_source=share&ref=mbptdi4l
6LBUJ,https://made.example.invalid/e08-02/543-5176?utm_source=share&ref=lny0fo2s
6LBUK,https://made.example.invalid/e08-02/546-5177?utm_source=share&ref=hdgeu8yq
6LBUL,https://made.example.invalid/e08-02/549-5178?utm_source=share&ref=dqe50w7w
6LBUM,https://made.example.invalid/e08-02/529-5179?utm_source=share&ref=z69b801n
6LBUN,https://made.example.invalid/e08-02/532-5180?utm_source=share&ref=goezw3l3
6LBUO,https://made.example.invalid/e08-02/541-5181?utm_source=share&ref=go6s5p7n
6LBUP,https://made.example.invalid/e08-02/542-5182?utm_source=share&ref=xms7v61n
6LBUQ,https://made.example.invalid/e08-02/526-5183?utm_source=share&ref=zmv42592
6LBUR,https://made.example.invalid/e08-02/545-5184?utm_source=share&ref=784rlrn9
6LBUS,https://made.example.invalid/e08-02/534-5185?utm_source=share&ref=w3zzj1dy
6LBUT,https://made.example.invalid/e08-02/530-5186?utm_source=share&ref=nxzam0ap
6LBUU,https://made.example.invalid/e08-02/550-5187?utm_source=share&ref=ne2yyhoa
6LBUV,https://made.example.invalid/e08-02/537-5188?utm_source=share&ref=twvdzt9b
6LBUW,https://made.example.invalid/e08-02/536-5189?utm_source=share&ref=i2xujler
6LBUX,https://made.example.invalid/e08-02/533-5190?utm_source=share&ref=88a1rh00
6LBUY,https://made.example.invalid/e08-02/544-5191?utm_source=share&ref=qg4chkiz
6LBV0,https://made.example.invalid/e08-02/3-5193?utm_source=share&ref=hpar9w4b
6LBUZ,https://made.example.invalid/e08-02/524-5192?utm_source=share&ref=pwbg7wjt
6LBV1,https://made.example.invalid/e08-02/540-5194?utm_source=share&ref=ophwev70
6LBV2,https://made.example.invalid/e08-02/531-5195?utm_source=share&ref=r50loju0
6LBV3,https://made.example.invalid/e08-02/522-5196?utm_source=share&ref=9da8ewun
6LBV4,https://made.example.invalid/e08-02/527-5197?utm_source=share&ref=6qqmpvxy
6LBV5,https://made.example.invalid/e08-02/539-5198?utm_source=share&ref=a46ceyfz
6LBV6,https://made.example.invalid/e08-02/5-5199?utm_source=share&ref=bs7v861q
6LBV7,https://made.example.invalid/e08-02/548-5200?utm_source=share&ref=cuiljra5
6LBV8,https://made.example.invalid/e08-02/547-5201?utm_source=share&ref=wa2e4o7w
6LBV9,https://made.example.invalid/e08-02/21-5202?utm_source=share&ref=havyhm0i
6LBVa,https://made.example.invalid/e08-02/17-5203?utm_source=share&ref=50nngja7
6LBVb,https://made.example.invalid/e08-02/12-5204?utm_source=share&ref=wcw0i8x5
6LBVc,https://made.example.invalid/e08-02/10-5205?utm_source=share&ref=se968j3i
6LBVd,https://made.example.invalid/e08-02/514-5206?utm_source=share&ref=2ne2o6z1
6LBVe,https://made.example.invalid/e08-02/517-5207?utm_source=share&ref=3x7tvxmw
6LBVf,https://made.example.invalid/e08-02/2-5208?utm_source=share&ref=taaf2x8x
6LBVg,https://made.example.invalid/e08-02/512-5209?utm_source=share&ref=vtxb2bbc
6LBVh,https://made.example.invalid/e08-02/513-5210?utm_source=share&ref=qh38vwha
6LBVi,https://made.example.invalid/e08-02/22-5211?utm_source=share&ref=vy7nwz26
6LBVj,https://made.example.invalid/e08-02/24-5212?utm_source=share&ref=hru9vp8c
6LBVk,https://made.example.invalid/e08-02/511-5213?utm_source=share&ref=8rq8zqvz
6LBVl,https://made.example.invalid/e08-02/515-5214?utm_source=share&ref=xjjw6wdf
6LBVm,https://made.example.invalid/e08-02/528-5215?utm_source=share&ref=avzrraut
6LBVn,https://made.example.invalid/e08-02/516-5216?utm_source=share&ref=2qunctyj
6LBVo,https://made.example.invalid/e08-02/523-5217?utm_source=share&ref=k938habs
6LBVp,https://made.example.invalid/e08-02/13-5218?utm_source=share&ref=rz1yh4p6
6LBVq,https://made.example.invalid/e08-02/525-5219?utm_source=share&ref=ut0clhy1
6LBVr,https://made.example.invalid/e08-02/518-5220?utm_source=share&ref=udlka2yg
6LBVs,https://made.example.invalid/e08-02/521-5221?utm_source=share&ref=se8x46vy
6LBVt,https://made.example.invalid/e08-02/520-5222?utm_source=share&ref=mpcxt8hk
6LBVu,https://made.example.invalid/e08-02/519-5223?utm_source=share&ref=wzlex5ss
6LBVv,https://made.example.invalid/e08-02/535-5224?utm_source=share&ref=m0sb1tp9
6LBVw,https://made.example.invalid/e08-02/538-5225?utm_source=share&ref=vb1hxhi5
6LBVx,https://made.example.invalid/e08-02/543-5226?utm_source=share&ref=3yaxsoc3
6LBVy,https://made.example.invalid/e08-02/546-5227?utm_source=share&ref=oaxblkp2
6LBVz,https://made.example.invalid/e08-02/549-5228?utm_source=share&ref=atoadwxa
6LBVA,https://made.example.invalid/e08-02/529-5229?utm_source=share&ref=eaxwv69p
6LBVB,https://made.example.invalid/e08-02/532-5230?utm_source=share&ref=4fqa8srd
6LBVC,https://made.example.invalid/e08-02/541-5231?utm_source=share&ref=5bzbxyfw
6LBVD,https://made.example.invalid/e08-02/542-5232?utm_source=share&ref=mkewsyku
6LBVE,https://made.example.invalid/e08-02/526-5233?utm_source=share&ref=qi442v5j
6LBVF,https://made.example.invalid/e08-02/545-5234?utm_source=share&ref=a2et7qgq
6LBVG,https://made.example.invalid/e08-02/534-5235?utm_source=share&ref=95n0dxc3
6LBVH,https://made.example.invalid/e08-02/530-5236?utm_source=share&ref=0mo8tpji
6LBVI,https://made.example.invalid/e08-02/550-5237?utm_source=share&ref=gvq581kp
6LBVJ,https://made.example.invalid/e08-02/537-5238?utm_source=share&ref=7reqcett
6LBVK,https://made.example.invalid/e08-02/536-5239?utm_source=share&ref=wl1i8ge6
6LBVL,https://made.example.invalid/e08-02/533-5240?utm_source=share&ref=v8leze33
6LBVM,https://made.example.invalid/e08-02/544-5241?utm_source=share&ref=a3r7jlxl
6LBVN,https://made.example.invalid/e08-02/3-5242?utm_source=share&ref=jj5gk5b0
6LBVO,https://made.example.invalid/e08-02/524-5243?utm_source=share&ref=5dtad771
6LBVP,https://made.example.invalid/e08-02/540-5244?utm_source=share&ref=imsjaz7k
6LBVQ,https://made.example.invalid/e08-02/531-5245?utm_source=share&ref=hc6mq0xz
6LBVR,https://made.example.invalid/e08-02/522-5246?utm_source=share&ref=0c52ivms
6LBVS,https://made.example.invalid/e08-02/527-5247?utm_source=share&ref=ilzc8nkx
6LBVT,https://made.example.invalid/e08-02/539-5248?utm_source=share&ref=3u5um8an
6LBVU,https://made.example.invalid/e08-02/5-5249?utm_source=share&ref=ioy3deqd
6LBVV,https://made.example.invalid/e08-02/548-5250?utm_source=share&ref=y1otbtfa
6LBVW,https://made.example.invalid/e08-02/547-5251?utm_source=share&ref=b2tadhj2
6LBVX,https://made.example.invalid/e08-02/21-5252?utm_source=share&ref=tyoudbxx
6LBVY,https://made.example.invalid/e08-02/17-5253?utm_source=share&ref=4e52mqv0
6LBVZ,https://made.example.invalid/e08-02/12-5254?utm_source=share&ref=82fh34jx
6LBW0,https://made.example.invalid/e08-02/10-5255?utm_source=share&ref=rpe1eljg
6LBW1,https://made.example.invalid/e08-02/514-5256?utm_source=share&ref=68k0t9fl
6LBW2,https://made.example.invalid/e08-02/517-5257?utm_source=share&ref=zxgz0l4q
6LBW3,https://made.example.invalid/e08-02/2-5258?utm_source=share&ref=ey1nuidr
6LBW4,https://made.example.invalid/e08-02/512-5259?utm_source=share&ref=po8zvqr7
6LBW5,https://made.example.invalid/e08-02/513-5260?utm_source=share&ref=84xghpwf
6LBW6,https://made.example.invalid/e08-02/22-5261?utm_source=share&ref=iyiv5y6g
6LBW7,https://made.example.invalid/e08-02/24-5262?utm_source=share&ref=mpscwtir
6LBW8,https://made.example.invalid/e08-02/511-5263?utm_source=share&ref=300wtfbw
6LBW9,https://made.example.invalid/e08-02/515-5264?utm_source=share&ref=72m1nr49
6LBWa,https://made.example.invalid/e08-02/528-5265?utm_source=share&ref=6iptjh9z
6LBWb,https://made.example.invalid/e08-02/516-5266?utm_source=share&ref=xbruk0ny
6LBWc,https://made.example.invalid/e08-02/523-5267?utm_source=share&ref=oxbmn03m
6LBWd,https://made.example.invalid/e08-02/13-5268?utm_source=share&ref=ccumh6qx
6LBWe,https://made.example.invalid/e08-02/525-5269?utm_source=share&ref=5dmvl6uq
6LBWf,https://made.example.invalid/e08-02/518-5270?utm_source=share&ref=zn9861r1
6LBWg,https://made.example.invalid/e08-02/521-5271?utm_source=share&ref=405bypt5
6LBWh,https://made.example.invalid/e08-02/520-5272?utm_source=share&ref=18m8309m
6LBWi,https://made.example.invalid/e08-02/519-5273?utm_source=share&ref=vus21ihv
6LBWj,https://made.example.invalid/e08-02/535-5274?utm_source=share&ref=o3vzo5xt
6LBWk,https://made.example.invalid/e08-02/538-5275?utm_source=share&ref=bves60u5
6LBWl,https://made.example.invalid/e08-02/543-5276?utm_source=share&ref=bl3qb663
6LBWm,https://made.example.invalid/e08-02/546-5277?utm_source=share&ref=3ghcoog7
6LBWn,https://made.example.invalid/e08-02/549-5278?utm_source=share&ref=684932iw
6LBWo,https://made.example.invalid/e08-02/529-5279?utm_source=share&ref=q77juf2b
6LBWp,https://made.example.invalid/e08-02/532-5280?utm_source=share&ref=lzrljznc
6LBWq,https://made.example.invalid/e08-02/541-5281?utm_source=share&ref=8sxvxhps
6LBWr,https://made.example.invalid/e08-02/542-5282?utm_source=share&ref=c3v27656
6LBWs,https://made.example.invalid/e08-02/526-5283?utm_source=share&ref=j2mvurrn
6LBWt,https://made.example.invalid/e08-02/545-5284?utm_source=share&ref=ong1pn1n
6LBWu,https://made.example.invalid/e08-02/534-5285?utm_source=share&ref=0xivexee
6LBWv,https://made.example.invalid/e08-02/530-5286?utm_source=share&ref=zq2vaxnm
6LBWw,https://made.example.invalid/e08-02/550-5287?utm_source=share&ref=856971wg
6LBWx,https://made.example.invalid/e08-02/537-5288?utm_source=share&ref=azxp3f1j
6LBWy,https://made.example.invalid/e08-02/536-5289?utm_source=share&ref=9fynjjm7
6LBWz,https://made.example.invalid/e08-02/533-5290?utm_source=share&ref=3wff4a23
6LBWA,https://made.example.invalid/e08-02/544-5291?utm_source=share&ref=vv0ee4cd
6LBWB,https://made.example.invalid/e08-02/3-5292?utm_source=share&ref=s7ztcift
6LBWC,https://made.example.invalid/e08-02/524-5293?utm_source=share&ref=k8wjrxu8
6LBWD,https://made.example.invalid/e08-02/540-5294?utm_source=share&ref=732c6067
6LBWE,https://made.example.invalid/e08-02/531-5295?utm_source=share&ref=2vlun6zf
6LBWF,https://made.example.invalid/e08-02/522-5296?utm_source=share&ref=ahvt14v6
6LBWG,https://made.example.invalid/e08-02/527-5297?utm_source=share&ref=xr4928mh
6LBWH,https://made.example.invalid/e08-02/539-5298?utm_source=share&ref=di6gwyn6
6LBWI,https://made.example.invalid/e08-02/5-5299?utm_source=share&ref=hqo33igj
6LBWJ,https://made.example.invalid/e08-02/548-5300?utm_source=share&ref=d6dxmnpm
6LBWK,https://made.example.invalid/e08-02/547-5301?utm_source=share&ref=gdnj0n1h
6LBWL,https://made.example.invalid/e08-02/21-5302?utm_source=share&ref=6y91iykq
6LBWM,https://made.example.invalid/e08-02/17-5303?utm_source=share&ref=g5k4l8rn
6LBWN,https://made.example.invalid/e08-02/12-5304?utm_source=share&ref=i6072y31
6LBWO,https://made.example.invalid/e08-02/10-5305?utm_source=share&ref=uq372h5b
6LBWP,https://made.example.invalid/e08-02/514-5306?utm_source=share&ref=prk3fmqm
6LBWQ,https://made.example.invalid/e08-02/517-5307?utm_source=share&ref=ugkgoi37
6LBWR,https://made.example.invalid/e08-02/2-5308?utm_source=share&ref=dt4qde8v
6LBWS,https://made.example.invalid/e08-02/512-5309?utm_source=share&ref=61vwq6rg
6LBWT,https://made.example.invalid/e08-02/513-5310?utm_source=share&ref=li50g5tv
6LBWU,https://made.example.invalid/e08-02/22-5311?utm_source=share&ref=0rij84tn
6LBWV,https://made.example.invalid/e08-02/24-5312?utm_source=share&ref=helq3e6k
6LBWW,https://made.example.invalid/e08-02/511-5313?utm_source=share&ref=mxriti5f
6LBWX,https://made.example.invalid/e08-02/515-5314?utm_source=share&ref=hxtwsird
6LBWY,https://made.example.invalid/e08-02/528-5315?utm_source=share&ref=4md2idgr
6LBWZ,https://made.example.invalid/e08-02/516-5316?utm_source=share&ref=zuhmmfg1
6LBX0,https://made.example.invalid/e08-02/523-5317?utm_source=share&ref=kd6ml0ui
6LBX1,https://made.example.invalid/e08-02/13-5318?utm_source=share&ref=6cobw2a8
6LBX2,https://made.example.invalid/e08-02/525-5319?utm_source=share&ref=pl5i9e4f
6LBX3,https://made.example.invalid/e08-02/518-5320?utm_source=share&ref=hfzjwqaz
6LBX4,https://made.example.invalid/e08-02/521-5321?utm_source=share&ref=7a4w8scv
6LBX5,https://made.example.invalid/e08-02/520-5322?utm_source=share&ref=hwug3eu8
6LBX6,https://made.example.invalid/e08-02/519-5323?utm_source=share&ref=39hpbgdx
6LBX7,https://made.example.invalid/e08-02/535-5324?utm_source=share&ref=4nklg4ji
6LBX8,https://made.example.invalid/e08-02/538-5325?utm_source=share&ref=hmjzz3ww
6LBX9,https://made.example.invalid/e08-02/543-5326?utm_source=share&ref=ioizhuol
6LBXa,https://made.example.invalid/e08-02/546-5327?utm_source=share&ref=64mlsu1h
6LBXb,https://made.example.invalid/e08-02/549-5328?utm_source=share&ref=0utn3sjz
6LBXc,https://made.example.invalid/e08-02/529-5329?utm_source=share&ref=sg5j3dda
6LBXd,https://made.example.invalid/e08-02/532-5330?utm_source=share&ref=gstcdty2
6LBXe,https://made.example.invalid/e08-02/541-5331?utm_source=share&ref=m81m8338
6LBXf,https://made.example.invalid/e08-02/542-5332?utm_source=share&ref=39dqrvq5
6LBXg,https://made.example.invalid/e08-02/526-5333?utm_source=share&ref=ix8xi119
6LBXh,https://made.example.invalid/e08-02/545-5334?utm_source=share&ref=anokk98s
6LBXi,https://made.example.invalid/e08-02/534-5335?utm_source=share&ref=unc9szix
6LBXj,https://made.example.invalid/e08-02/530-5336?utm_source=share&ref=johqlolr
6LBXk,https://made.example.invalid/e08-02/550-5337?utm_source=share&ref=0v5oqxq7
6LBXl,https://made.example.invalid/e08-02/537-5338?utm_source=share&ref=ojhywxod
6LBXm,https://made.example.invalid/e08-02/536-5339?utm_source=share&ref=ugne1s1j
6LBXn,https://made.example.invalid/e08-02/533-5340?utm_source=share&ref=k181ko84
6LBXo,https://made.example.invalid/e08-02/544-5341?utm_source=share&ref=yxfs5u72
6LBXp,https://made.example.invalid/e08-02/3-5342?utm_source=share&ref=h721gsue
6LBXq,https://made.example.invalid/e08-02/524-5343?utm_source=share&ref=7ch7dwcu
6LBXr,https://made.example.invalid/e08-02/540-5344?utm_source=share&ref=g8wjk3gw
6LBXs,https://made.example.invalid/e08-02/531-5345?utm_source=share&ref=h9n390es
6LBXt,https://made.example.invalid/e08-02/522-5346?utm_source=share&ref=2d1r6int
6LBXu,https://made.example.invalid/e08-02/527-5347?utm_source=share&ref=ovq7r4od
6LBXv,https://made.example.invalid/e08-02/539-5348?utm_source=share&ref=tapqfxrp
6LBXw,https://made.example.invalid/e08-02/5-5349?utm_source=share&ref=sixheylz
6LBXx,https://made.example.invalid/e08-02/548-5350?utm_source=share&ref=yyipatbt
6LBXy,https://made.example.invalid/e08-02/547-5351?utm_source=share&ref=y5hhmp15
6LBXz,https://made.example.invalid/e08-02/21-5352?utm_source=share&ref=e3ets7sg
6LBXA,https://made.example.invalid/e08-02/17-5353?utm_source=share&ref=sjvk3gcw
6LBXB,https://made.example.invalid/e08-02/12-5354?utm_source=share&ref=50bzcleg
6LBXC,https://made.example.invalid/e08-02/10-5355?utm_source=share&ref=t2jlbgmn
6LBXD,https://made.example.invalid/e08-02/514-5356?utm_source=share&ref=7y1og4a6
6LBXE,https://made.example.invalid/e08-02/517-5357?utm_source=share&ref=pq2cxflj
6LBXF,https://made.example.invalid/e08-02/2-5358?utm_source=share&ref=qr4xtebq
6LBXG,https://made.example.invalid/e08-02/512-5359?utm_source=share&ref=ppqd9fsz
6LBXH,https://made.example.invalid/e08-02/513-5360?utm_source=share&ref=kw19kw5f
6LBXI,https://made.example.invalid/e08-02/22-5361?utm_source=share&ref=yd19vjc2
6LBXJ,https://made.example.invalid/e08-02/24-5362?utm_source=share&ref=iamt1217
6LBXK,https://made.example.invalid/e08-02/511-5363?utm_source=share&ref=sbhrxb3z
6LBXL,https://made.example.invalid/e08-02/515-5364?utm_source=share&ref=hz9c06ln
6LBXM,https://made.example.invalid/e08-02/528-5365?utm_source=share&ref=hkh9ro7w
6LBXN,https://made.example.invalid/e08-02/516-5366?utm_source=share&ref=i5dx977k
6LBXO,https://made.example.invalid/e08-02/523-5367?utm_source=share&ref=t7ijh748
6LBXP,https://made.example.invalid/e08-02/13-5368?utm_source=share&ref=pepq8l99
6LBXQ,https://made.example.invalid/e08-02/525-5369?utm_source=share&ref=7qpwp3ru
6LBXR,https://made.example.invalid/e08-02/518-5370?utm_source=share&ref=9ls9j1jv
6LBXS,https://made.example.invalid/e08-02/521-5371?utm_source=share&ref=acw4yz0i
6LBXT,https://made.example.invalid/e08-02/520-5372?utm_source=share&ref=cum7s9wv
6LBXU,https://made.example.invalid/e08-02/519-5373?utm_source=share&ref=thgfh0u9
6LBXV,https://made.example.invalid/e08-02/535-5374?utm_source=share&ref=uqoq2ii0
6LBXW,https://made.example.invalid/e08-02/538-5375?utm_source=share&ref=tm18bljt
6LBXX,https://made.example.invalid/e08-02/543-5376?utm_source=share&ref=wpd3nqfe
6LBXY,https://made.example.invalid/e08-02/546-5377?utm_source=share&ref=21wuko99
6LBXZ,https://made.example.invalid/e08-02/549-5378?utm_source=share&ref=sm53um9i
6LBY0,https://made.example.invalid/e08-02/529-5379?utm_source=share&ref=wyz63qyu
6LBY1,https://made.example.invalid/e08-02/532-5380?utm_source=share&ref=iqu980h0
6LBY2,https://made.example.invalid/e08-02/541-5381?utm_source=share&ref=kwpl94mu
6LBY3,https://made.example.invalid/e08-02/542-5382?utm_source=share&ref=5gjbun9q
6LBY4,https://made.example.invalid/e08-02/526-5383?utm_source=share&ref=cjc2ol2k
6LBY5,https://made.example.invalid/e08-02/545-5384?utm_source=share&ref=w7sim62d
6LBY6,https://made.example.invalid/e08-02/534-5385?utm_source=share&ref=0qvv2u0s
6LBY7,https://made.example.invalid/e08-02/530-5386?utm_source=share&ref=uu1atmp1
6LBY8,https://made.example.invalid/e08-02/550-5387?utm_source=share&ref=ux2v7hd8
6LBY9,https://made.example.invalid/e08-02/537-5388?utm_source=share&ref=hb5hj2pc
6LBYa,https://made.example.invalid/e08-02/536-5389?utm_source=share&ref=g9gtf8xg
6LBYb,https://made.example.invalid/e08-02/533-5390?utm_source=share&ref=c6g73umk
6LBYd,https://made.example.invalid/e08-02/3-5392?utm_source=share&ref=94siwyl5
6LBYc,https://made.example.invalid/e08-02/544-5391?utm_source=share&ref=3efgi37x
6LBYe,https://made.example.invalid/e08-02/524-5393?utm_source=share&ref=bdzf5dq0
6LBYf,https://made.example.invalid/e08-02/540-5394?utm_source=share&ref=gbg6yhq8
6LBYg,https://made.example.invalid/e08-02/531-5395?utm_source=share&ref=zndzd9am
6LBYh,https://made.example.invalid/e08-02/522-5396?utm_source=share&ref=y1bnlye5
6LBYi,https://made.example.invalid/e08-02/527-5397?utm_source=share&ref=cad0mn3w
6LBYj,https://made.example.invalid/e08-02/539-5398?utm_source=share&ref=bdy7vwmw
6LBYk,https://made.example.invalid/e08-02/5-5399?utm_source=share&ref=gx7tfa0l
6LBYl,https://made.example.invalid/e08-02/548-5400?utm_source=share&ref=op3dj18o
6LBYm,https://made.example.invalid/e08-02/547-5401?utm_source=share&ref=eyr3bytc
6LBYn,https://made.example.invalid/e08-02/21-5402?utm_source=share&ref=s1hz4onz
6LBYo,https://made.example.invalid/e08-02/17-5403?utm_source=share&ref=utamrhqj
6LBYp,https://made.example.invalid/e08-02/12-5404?utm_source=share&ref=16rzms8f
6LBYq,https://made.example.invalid/e08-02/10-5405?utm_source=share&ref=al4i0yo4
6LBYr,https://made.example.invalid/e08-02/514-5406?utm_source=share&ref=vkvadev4
6LBYs,https://made.example.invalid/e08-02/517-5407?utm_source=share&ref=lbvk2aki
6LBYt,https://made.example.invalid/e08-02/2-5408?utm_source=share&ref=wcd68alh
6LBYu,https://made.example.invalid/e08-02/512-5409?utm_source=share&ref=588snvco
6LBYv,https://made.example.invalid/e08-02/513-5410?utm_source=share&ref=daj6foja
6LBYw,https://made.example.invalid/e08-02/22-5411?utm_source=share&ref=0vafvol5
6LBYx,https://made.example.invalid/e08-02/24-5412?utm_source=share&ref=rzq4cehn
6LBYy,https://made.example.invalid/e08-02/511-5413?utm_source=share&ref=1kumsrbq
6LBYz,https://made.example.invalid/e08-02/515-5414?utm_source=share&ref=8prv8p13
6LBYA,https://made.example.invalid/e08-02/528-5415?utm_source=share&ref=z11go9sg
6LBYB,https://made.example.invalid/e08-02/516-5416?utm_source=share&ref=xaavly7z
6LBYC,https://made.example.invalid/e08-02/523-5417?utm_source=share&ref=2gy5yxs9
6LBYD,https://made.example.invalid/e08-02/13-5418?utm_source=share&ref=bhls90f6
6LBYE,https://made.example.invalid/e08-02/525-5419?utm_source=share&ref=jbx8rx7p
6LBYF,https://made.example.invalid/e08-02/518-5420?utm_source=share&ref=u13i3o3r
6LBYG,https://made.example.invalid/e08-02/521-5421?utm_source=share&ref=r2d4rakv
6LBYH,https://made.example.invalid/e08-02/520-5422?utm_source=share&ref=aolvkm36
6LBYI,https://made.example.invalid/e08-02/519-5423?utm_source=share&ref=77ey1812
6LBYJ,https://made.example.invalid/e08-02/535-5424?utm_source=share&ref=eqpobho4
6LBYK,https://made.example.invalid/e08-02/538-5425?utm_source=share&ref=z17435xv
6LBYL,https://made.example.invalid/e08-02/543-5426?utm_source=share&ref=7je2mr4v
6LBYM,https://made.example.invalid/e08-02/546-5427?utm_source=share&ref=057y8hca
6LBYN,https://made.example.invalid/e08-02/549-5428?utm_source=share&ref=vqdixg95
6LBYO,https://made.example.invalid/e08-02/529-5429?utm_source=share&ref=6xtxssar
6LBYP,https://made.example.invalid/e08-02/532-5430?utm_source=share&ref=rzgahin8
6LBYQ,https://made.example.invalid/e08-02/541-5431?utm_source=share&ref=0muyiq1k
6LBYR,https://made.example.invalid/e08-02/542-5432?utm_source=share&ref=snyv67df
6LBYS,https://made.example.invalid/e08-02/526-5433?utm_source=share&ref=zyc5gr3y
6LBYT,https://made.example.invalid/e08-02/545-5434?utm_source=share&ref=i7gbs7nf
6LBYU,https://made.example.invalid/e08-02/534-5435?utm_source=share&ref=n2j5iak3
6LBYV,https://made.example.invalid/e08-02/530-5436?utm_source=share&ref=ne1yg98c
6LBYW,https://made.example.invalid/e08-02/550-5437?utm_source=share&ref=dpbjdxcc
6LBYX,https://made.example.invalid/e08-02/537-5438?utm_source=share&ref=zqgtxn8y
6LBYY,https://made.example.invalid/e08-02/536-5439?utm_source=share&ref=qlylnzkg
6LBYZ,https://made.example.invalid/e08-02/533-5440?utm_source=share&ref=3mseltam
6LBZ0,https://made.example.invalid/e08-02/3-5441?utm_source=share&ref=elfz1kg3
6LBZ1,https://made.example.invalid/e08-02/544-5442?utm_source=share&ref=r9nh1ocm
6LBZ2,https://made.example.invalid/e08-02/524-5443?utm_source=share&ref=7fvr8ba7
6LBZ3,https://made.example.invalid/e08-02/540-5444?utm_source=share&ref=exk29ixe
6LBZ4,https://made.example.invalid/e08-02/531-5445?utm_source=share&ref=020dv3r2
6LBZ5,https://made.example.invalid/e08-02/522-5446?utm_source=share&ref=l2fha875
6LBZ6,https://made.example.invalid/e08-02/527-5447?utm_source=share&ref=03w6zgh9
6LBZ7,https://made.example.invalid/e08-02/539-5448?utm_source=share&ref=5th79c2p
6LBZ8,https://made.example.invalid/e08-02/5-5449?utm_source=share&ref=eijseykb
6LBZ9,https://made.example.invalid/e08-02/548-5450?utm_source=share&ref=vrx0ypfk
6LBZa,https://made.example.invalid/e08-02/547-5451?utm_source=share&ref=ytg8mvp4
6LBZb,https://made.example.invalid/e08-02/21-5452?utm_source=share&ref=kzgkfb29
6LBZc,https://made.example.invalid/e08-02/17-5453?utm_source=share&ref=4a2x2mym
6LBZd,https://made.example.invalid/e08-02/12-5454?utm_source=share&ref=w08v9w1v
6LBZe,https://made.example.invalid/e08-02/10-5455?utm_source=share&ref=zro17nkb
6LBZf,https://made.example.invalid/e08-02/514-5456?utm_source=share&ref=iv7931yf
6LBZg,https://made.example.invalid/e08-02/517-5457?utm_source=share&ref=0hmvplhf
6LBZh,https://made.example.invalid/e08-02/2-5458?utm_source=share&ref=dxzxcd0w
6LBZi,https://made.example.invalid/e08-02/512-5459?utm_source=share&ref=9nbb8umq
6LBZj,https://made.example.invalid/e08-02/513-5460?utm_source=share&ref=p5z1ydml
6LBZk,https://made.example.invalid/e08-02/22-5461?utm_source=share&ref=grkhc79h
6LBZl,https://made.example.invalid/e08-02/24-5462?utm_source=share&ref=uvvg82iu
6LBZm,https://made.example.invalid/e08-02/511-5463?utm_source=share&ref=z0ta331q
6LBZn,https://made.example.invalid/e08-02/515-5464?utm_source=share&ref=ut8l3xcs
6LBZo,https://made.example.invalid/e08-02/528-5465?utm_source=share&ref=fit0kh03
6LBZp,https://made.example.invalid/e08-02/516-5466?utm_source=share&ref=f6np2ipa
6LBZq,https://made.example.invalid/e08-02/523-5467?utm_source=share&ref=ceag8o1u
6LBZr,https://made.example.invalid/e08-02/13-5468?utm_source=share&ref=t564zlwa
6LBZs,https://made.example.invalid/e08-02/525-5469?utm_source=share&ref=bjlbk4bn
6LBZu,https://made.example.invalid/e08-02/521-5471?utm_source=share&ref=aissui39
6LBZt,https://made.example.invalid/e08-02/518-5470?utm_source=share&ref=orwseald
6LBZv,https://made.example.invalid/e08-02/520-5472?utm_source=share&ref=5umbxbdo
6LBZw,https://made.example.invalid/e08-02/519-5473?utm_source=share&ref=avw78vkq
6LBZx,https://made.example.invalid/e08-02/535-5474?utm_source=share&ref=uw25jvam
6LBZy,https://made.example.invalid/e08-02/538-5475?utm_source=share&ref=jwc793bz
6LBZz,https://made.example.invalid/e08-02/543-5476?utm_source=share&ref=o9ughc5k
6LBZA,https://made.example.invalid/e08-02/546-5477?utm_source=share&ref=2sx5ef4p
6LBZB,https://made.example.invalid/e08-02/549-5478?utm_source=share&ref=dt9ninr4
6LBZC,https://made.example.invalid/e08-02/529-5479?utm_source=share&ref=52eefv1i
6LBZD,https://made.example.invalid/e08-02/532-5480?utm_source=share&ref=nyi17dfg
6LBZE,https://made.example.invalid/e08-02/541-5481?utm_source=share&ref=xoquz795
6LBZF,https://made.example.invalid/e08-02/542-5482?utm_source=share&ref=kanutbhj
6LBZG,https://made.example.invalid/e08-02/526-5483?utm_source=share&ref=m2wgraew
6LBZH,https://made.example.invalid/e08-02/545-5484?utm_source=share&ref=lczhglal
6LBZI,https://made.example.invalid/e08-02/534-5485?utm_source=share&ref=xvo4sjg3
6LBZJ,https://made.example.invalid/e08-02/530-5486?utm_source=share&ref=if1guhzx
6LBZK,https://made.example.invalid/e08-02/550-5487?utm_source=share&ref=fn0kdov4
6LBZL,https://made.example.invalid/e08-02/537-5488?utm_source=share&ref=d1a4pmzy
6LBZM,https://made.example.invalid/e08-02/536-5489?utm_source=share&ref=ium7v0sz
6LBZN,https://made.example.invalid/e08-02/533-5490?utm_source=share&ref=8ay8etgl
6LBZO,https://made.example.invalid/e08-02/3-5491?utm_source=share&ref=r8rb2oab
6LBZP,https://made.example.invalid/e08-02/544-5492?utm_source=share&ref=p05zd6l0
6LBZQ,https://made.example.invalid/e08-02/524-5493?utm_source=share&ref=5xr3if6b
6LBZR,https://made.example.invalid/e08-02/540-5494?utm_source=share&ref=mp3ga4ca
6LBZS,https://made.example.invalid/e08-02/531-5495?utm_source=share&ref=kwm6ip20
6LBZT,https://made.example.invalid/e08-02/522-5496?utm_source=share&ref=5yyfeh8t
6LBZU,https://made.example.invalid/e08-02/527-5497?utm_source=share&ref=m6skjky5
6LBZV,https://made.example.invalid/e08-02/539-5498?utm_source=share&ref=dnxtcpkm
6LBZW,https://made.example.invalid/e08-02/5-5499?utm_source=share&ref=uwcjhyy6
6LBZX,https://made.example.invalid/e08-02/548-5500?utm_source=share&ref=xe589mg0
6LBZY,https://made.example.invalid/e08-02/547-5501?utm_source=share&ref=tsx4iu3b
6LBZZ,https://made.example.invalid/e08-02/21-5502?utm_source=share&ref=0n8xt14l
6LC00,https://made.example.invalid/e08-02/17-5503?utm_source=share&ref=qbl4eapr
6LC01,https://made.example.invalid/e08-02/12-5504?utm_source=share&ref=50ufogmr
6LC02,https://made.example.invalid/e08-02/10-5505?utm_source=share&ref=c76875ix
6LC03,https://made.example.invalid/e08-02/514-5506?utm_source=share&ref=j9mew9yt
6LC04,https://made.example.invalid/e08-02/517-5507?utm_source=share&ref=9ln2ca42
6LC05,https://made.example.invalid/e08-02/2-5508?utm_source=share&ref=74vewuut
6LC06,https://made.example.invalid/e08-02/512-5509?utm_source=share&ref=wijtjnj7
6LC07,https://made.example.invalid/e08-02/513-5510?utm_source=share&ref=u7m25ivu
6LC08,https://made.example.invalid/e08-02/22-5511?utm_source=share&ref=8vtivu1c
6LC09,https://made.example.invalid/e08-02/24-5512?utm_source=share&ref=g8ajrbmd
6LC0a,https://made.example.invalid/e08-02/511-5513?utm_source=share&ref=0ymhlxha
6LC0b,https://made.example.invalid/e08-02/515-5514?utm_source=share&ref=80i1shjb
6LC0c,https://made.example.invalid/e08-02/528-5515?utm_source=share&ref=5k6215ig
6LC0d,https://made.example.invalid/e08-02/516-5516?utm_source=share&ref=sdpzs3ra
6LC0e,https://made.example.invalid/e08-02/523-5517?utm_source=share&ref=rhukfxrn
6LC0f,https://made.example.invalid/e08-02/13-5518?utm_source=share&ref=kmnqnp7m
6LC0g,https://made.example.invalid/e08-02/525-5519?utm_source=share&ref=2aw607nh
6LC0h,https://made.example.invalid/e08-02/521-5520?utm_source=share&ref=q0x2cctd
6LC0i,https://made.example.invalid/e08-02/518-5521?utm_source=share&ref=oiwuunlj
6LC0j,https://made.example.invalid/e08-02/520-5522?utm_source=share&ref=xbpblpzk
6LC0k,https://made.example.invalid/e08-02/519-5523?utm_source=share&ref=3euyd50k
6LC0l,https://made.example.invalid/e08-02/535-5524?utm_source=share&ref=00xkoez5
6LC0m,https://made.example.invalid/e08-02/538-5525?utm_source=share&ref=airycdb1
6LC0n,https://made.example.invalid/e08-02/543-5526?utm_source=share&ref=tlxugek3
6LC0o,https://made.example.invalid/e08-02/546-5527?utm_source=share&ref=1p1yy7vv
6LC0p,https://made.example.invalid/e08-02/549-5528?utm_source=share&ref=jtg9whqf
6LC0q,https://made.example.invalid/e08-02/529-5529?utm_source=share&ref=nfu6nfvx
6LC0r,https://made.example.invalid/e08-02/532-5530?utm_source=share&ref=upkepm1m
6LC0s,https://made.example.invalid/e08-02/541-5531?utm_source=share&ref=mwo05hs4
6LC0t,https://made.example.invalid/e08-02/542-5532?utm_source=share&ref=ku3zki46
6LC0u,https://made.example.invalid/e08-02/526-5533?utm_source=share&ref=fimhnzd8
6LC0v,https://made.example.invalid/e08-02/545-5534?utm_source=share&ref=7c0e3kx4
6LC0w,https://made.example.invalid/e08-02/534-5535?utm_source=share&ref=n7icpmdf
6LC0x,https://made.example.invalid/e08-02/530-5536?utm_source=share&ref=h386o4uf
6LC0y,https://made.example.invalid/e08-02/550-5537?utm_source=share&ref=0bt4am7p
6LC0z,https://made.example.invalid/e08-02/537-5538?utm_source=share&ref=f3ir0y8n
6LC0A,https://made.example.invalid/e08-02/536-5539?utm_source=share&ref=169r97o9
6LC0B,https://made.example.invalid/e08-02/533-5540?utm_source=share&ref=9uvocumj
6LC0C,https://made.example.invalid/e08-02/3-5541?utm_source=share&ref=kv0h1yh5
6LC0D,https://made.example.invalid/e08-02/544-5542?utm_source=share&ref=zijhwh4w
6LC0E,https://made.example.invalid/e08-02/524-5543?utm_source=share&ref=cnn6ve9s
6LC0F,https://made.example.invalid/e08-02/540-5544?utm_source=share&ref=4ay5r818
6LC0G,https://made.example.invalid/e08-02/531-5545?utm_source=share&ref=i38s2zc7
6LC0H,https://made.example.invalid/e08-02/522-5546?utm_source=share&ref=tnir2hzu
6LC0I,https://made.example.invalid/e08-02/527-5547?utm_source=share&ref=p87xmb6m
6LC0J,https://made.example.invalid/e08-02/539-5548?utm_source=share&ref=f2tuw26o
6LC0K,https://made.example.invalid/e08-02/5-5549?utm_source=share&ref=05s2m3lk
6LC0L,https://made.example.invalid/e08-02/548-5550?utm_source=share&ref=efrzvsan
6LC0M,https://made.example.invalid/e08-02/547-5551?utm_source=share&ref=9pq90g6y
6LC0N,https://made.example.invalid/e08-02/21-5552?utm_source=share&ref=gy4mfl7v
6LC0O,https://made.example.invalid/e08-02/17-5553?utm_source=share&ref=qccujza8
6LC0P,https://made.example.invalid/e08-02/12-5554?utm_source=share&ref=tozvsfow
6LC0Q,https://made.example.invalid/e08-02/10-5555?utm_source=share&ref=pvxvrcco
6LC0R,https://made.example.invalid/e08-02/514-5556?utm_source=share&ref=hkuzz69y
6LC0S,https://made.example.invalid/e08-02/517-5557?utm_source=share&ref=2woq14bs
6LC0T,https://made.example.invalid/e08-02/2-5558?utm_source=share&ref=gcr3bt4s
6LC0U,https://made.example.invalid/e08-02/512-5559?utm_source=share&ref=oki0hb86
6LC0V,https://made.example.invalid/e08-02/513-5560?utm_source=share&ref=od73kgm3
6LC0W,https://made.example.invalid/e08-02/22-5561?utm_source=share&ref=81k0879l
6LC0X,https://made.example.invalid/e08-02/24-5562?utm_source=share&ref=ep03vrek
6LC0Y,https://made.example.invalid/e08-02/511-5563?utm_source=share&ref=7sdsogqh
6LC0Z,https://made.example.invalid/e08-02/515-5564?utm_source=share&ref=okoxt31d
6LC10,https://made.example.invalid/e08-02/528-5565?utm_source=share&ref=dxuvz7w4
6LC11,https://made.example.invalid/e08-02/516-5566?utm_source=share&ref=hqpw3hp5
6LC12,https://made.example.invalid/e08-02/523-5567?utm_source=share&ref=hnbhm5rd
6LC13,https://made.example.invalid/e08-02/13-5568?utm_source=share&ref=mucclxum
6LC14,https://made.example.invalid/e08-02/525-5569?utm_source=share&ref=pgaxssvw
6LC15,https://made.example.invalid/e08-02/521-5570?utm_source=share&ref=p7vgkixa
6LC16,https://made.example.invalid/e08-02/518-5571?utm_source=share&ref=2296a8y3
6LC17,https://made.example.invalid/e08-02/520-5572?utm_source=share&ref=6i3x8qgp
6LC18,https://made.example.invalid/e08-02/519-5573?utm_source=share&ref=0ht8ok44
6LC19,https://made.example.invalid/e08-02/535-5574?utm_source=share&ref=p2rggh4l
6LC1a,https://made.example.invalid/e08-02/538-5575?utm_source=share&ref=vfqszqb3
6LC1b,https://made.example.invalid/e08-02/543-5576?utm_source=share&ref=poo4p7bg
6LC1c,https://made.example.invalid/e08-02/546-5577?utm_source=share&ref=ynkzje8j
6LC1d,https://made.example.invalid/e08-02/549-5578?utm_source=share&ref=bca7nwld
6LC1e,https://made.example.invalid/e08-02/529-5579?utm_source=share&ref=lu4v19om
6LC1f,https://made.example.invalid/e08-02/532-5580?utm_source=share&ref=5f788xfd
6LC1g,https://made.example.invalid/e08-02/541-5581?utm_source=share&ref=k6v7fcoo
6LC1h,https://made.example.invalid/e08-02/542-5582?utm_source=share&ref=evr2gn23
6LC1i,https://made.example.invalid/e08-02/526-5583?utm_source=share&ref=mndbc68d
6LC1j,https://made.example.invalid/e08-02/545-5584?utm_source=share&ref=87hmf1tc
6LC1k,https://made.example.invalid/e08-02/534-5585?utm_source=share&ref=zsoj2g46
6LC1l,https://made.example.invalid/e08-02/530-5586?utm_source=share&ref=gwlagwv1
6LC1m,https://made.example.invalid/e08-02/550-5587?utm_source=share&ref=ixabmfjl
6LC1n,https://made.example.invalid/e08-02/537-5588?utm_source=share&ref=4jejvy0v
6LC1o,https://made.example.invalid/e08-02/536-5589?utm_source=share&ref=vubu51rz
6LC1q,https://made.example.invalid/e08-02/3-5591?utm_source=share&ref=hhvh6n9u
6LC1p,https://made.example.invalid/e08-02/533-5590?utm_source=share&ref=pyn1udss
6LC1r,https://made.example.invalid/e08-02/544-5592?utm_source=share&ref=qxvioyt4
6LC1s,https://made.example.invalid/e08-02/524-5593?utm_source=share&ref=qec4j54p
6LC1t,https://made.example.invalid/e08-02/540-5594?utm_source=share&ref=nf70skp1
6LC1u,https://made.example.invalid/e08-02/531-5595?utm_source=share&ref=utpnossm
6LC1v,https://made.example.invalid/e08-02/522-5596?utm_source=share&ref=gn00uokg
6LC1w,https://made.example.invalid/e08-02/527-5597?utm_source=share&ref=i07gpcdu
6LC1x,https://made.example.invalid/e08-02/539-5598?utm_source=share&ref=y1tsfwt1
6LC1y,https://made.example.invalid/e08-02/5-5599?utm_source=share&ref=jct7rwnl
6LC1z,https://made.example.invalid/e08-02/548-5600?utm_source=share&ref=ms9kgqzh
6LC1A,https://made.example.invalid/e08-02/547-5601?utm_source=share&ref=p2yf9v82
6LC1B,https://made.example.invalid/e08-02/21-5602?utm_source=share&ref=6or12ei0
6LC1C,https://made.example.invalid/e08-02/17-5603?utm_source=share&ref=35z9j6ys
6LC1D,https://made.example.invalid/e08-02/12-5604?utm_source=share&ref=d74kq47b
6LC1E,https://made.example.invalid/e08-02/10-5605?utm_source=share&ref=owqk02sb
6LC1F,https://made.example.invalid/e08-02/514-5606?utm_source=share&ref=tnzqespg
6LC1G,https://made.example.invalid/e08-02/517-5607?utm_source=share&ref=p7cm8bu2
6LC1H,https://made.example.invalid/e08-02/2-5608?utm_source=share&ref=ms6uoffg
6LC1I,https://made.example.invalid/e08-02/512-5609?utm_source=share&ref=9jsychu8
6LC1J,https://made.example.invalid/e08-02/513-5610?utm_source=share&ref=qc212wbb
6LC1K,https://made.example.invalid/e08-02/22-5611?utm_source=share&ref=a3g1c70p
6LC1L,https://made.example.invalid/e08-02/24-5612?utm_source=share&ref=aazbcjce
6LC1M,https://made.example.invalid/e08-02/511-5613?utm_source=share&ref=7cy4zzoz
6LC1N,https://made.example.invalid/e08-02/515-5614?utm_source=share&ref=bil728og
6LC1O,https://made.example.invalid/e08-02/528-5615?utm_source=share&ref=2kny3467
6LC1P,https://made.example.invalid/e08-02/516-5616?utm_source=share&ref=ftg4uda5
6LC1Q,https://made.example.invalid/e08-02/523-5617?utm_source=share&ref=vskgh9h7
6LC1R,https://made.example.invalid/e08-02/13-5618?utm_source=share&ref=fmlvena7
6LC1S,https://made.example.invalid/e08-02/525-5619?utm_source=share&ref=ah86peye
6LC1T,https://made.example.invalid/e08-02/521-5620?utm_source=share&ref=ri3pio6w
6LC1U,https://made.example.invalid/e08-02/518-5621?utm_source=share&ref=g23dwxpn
6LC1V,https://made.example.invalid/e08-02/520-5622?utm_source=share&ref=rgulgbun
6LC1W,https://made.example.invalid/e08-02/519-5623?utm_source=share&ref=19bcv79z
6LC1X,https://made.example.invalid/e08-02/535-5624?utm_source=share&ref=qpdb8hbw
6LC1Y,https://made.example.invalid/e08-02/538-5625?utm_source=share&ref=9zfs4m0a
6LC1Z,https://made.example.invalid/e08-02/543-5626?utm_source=share&ref=qi0dqe56
6LC20,https://made.example.invalid/e08-02/546-5627?utm_source=share&ref=5o4jpp7g
6LC21,https://made.example.invalid/e08-02/549-5628?utm_source=share&ref=j2n288hu
6LC22,https://made.example.invalid/e08-02/529-5629?utm_source=share&ref=3hax6hii
6LC23,https://made.example.invalid/e08-02/532-5630?utm_source=share&ref=wamdp9h7
6LC25,https://made.example.invalid/e08-02/542-5632?utm_source=share&ref=uq43dz8u
6LC24,https://made.example.invalid/e08-02/541-5631?utm_source=share&ref=i9gam75d
6LC26,https://made.example.invalid/e08-02/526-5633?utm_source=share&ref=ayt3nuci
6LC27,https://made.example.invalid/e08-02/545-5634?utm_source=share&ref=rpo58mgg
6LC28,https://made.example.invalid/e08-02/534-5635?utm_source=share&ref=luf0188n
6LC29,https://made.example.invalid/e08-02/530-5636?utm_source=share&ref=khavkpg0
6LC2a,https://made.example.invalid/e08-02/550-5637?utm_source=share&ref=jdr2wwe6
6LC2b,https://made.example.invalid/e08-02/537-5638?utm_source=share&ref=b4cqxbkb
6LC2c,https://made.example.invalid/e08-02/536-5639?utm_source=share&ref=zb92f6dt
6LC2d,https://made.example.invalid/e08-02/3-5640?utm_source=share&ref=e6abvasl
6LC2e,https://made.example.invalid/e08-02/533-5641?utm_source=share&ref=em1xyfl0
6LC2f,https://made.example.invalid/e08-02/544-5642?utm_source=share&ref=p96ygjis
6LC2g,https://made.example.invalid/e08-02/524-5643?utm_source=share&ref=wmyimbwe
6LC2h,https://made.example.invalid/e08-02/540-5644?utm_source=share&ref=ztihehtt
6LC2i,https://made.example.invalid/e08-02/531-5645?utm_source=share&ref=2e5wfxcl
6LC2j,https://made.example.invalid/e08-02/522-5646?utm_source=share&ref=v7myyeho
6LC2k,https://made.example.invalid/e08-02/527-5647?utm_source=share&ref=r2u0870z
6LC2l,https://made.example.invalid/e08-02/539-5648?utm_source=share&ref=v4ipgmpv
6LC2m,https://made.example.invalid/e08-02/5-5649?utm_source=share&ref=o82hlwtl
6LC2n,https://made.example.invalid/e08-02/548-5650?utm_source=share&ref=8ycerxfx
6LC2o,https://made.example.invalid/e08-02/547-5651?utm_source=share&ref=4vlrwvjg
6LC2p,https://made.example.invalid/e08-02/21-5652?utm_source=share&ref=aqfqbbx7
6LC2q,https://made.example.invalid/e08-02/17-5653?utm_source=share&ref=19wpii6z
6LC2r,https://made.example.invalid/e08-02/12-5654?utm_source=share&ref=a27l2dg8
6LC2s,https://made.example.invalid/e08-02/10-5655?utm_source=share&ref=oogdauzk
6LC2t,https://made.example.invalid/e08-02/514-5656?utm_source=share&ref=ng4v0x9x
6LC2u,https://made.example.invalid/e08-02/517-5657?utm_source=share&ref=h8xeejhe
6LC2v,https://made.example.invalid/e08-02/2-5658?utm_source=share&ref=p2gagqh5
6LC2w,https://made.example.invalid/e08-02/512-5659?utm_source=share&ref=y6kkthjc
6LC2x,https://made.example.invalid/e08-02/513-5660?utm_source=share&ref=sfpr2s3c
6LC2y,https://made.example.invalid/e08-02/22-5661?utm_source=share&ref=l7vfz2d1
6LC2z,https://made.example.invalid/e08-02/24-5662?utm_source=share&ref=2zc2np67
6LC2A,https://made.example.invalid/e08-02/511-5663?utm_source=share&ref=qhqxso6r
6LC2B,https://made.example.invalid/e08-02/515-5664?utm_source=share&ref=30tgjgnj
6LC2C,https://made.example.invalid/e08-02/528-5665?utm_source=share&ref=kpill1fo
6LC2D,https://made.example.invalid/e08-02/516-5666?utm_source=share&ref=no9cbvxe
6LC2E,https://made.example.invalid/e08-02/523-5667?utm_source=share&ref=ujibxctd
6LC2F,https://made.example.invalid/e08-02/13-5668?utm_source=share&ref=944kdhw2
6LC2G,https://made.example.invalid/e08-02/525-5669?utm_source=share&ref=uzuhxcla
6LC2H,https://made.example.invalid/e08-02/521-5670?utm_source=share&ref=uf63m133
6LC2I,https://made.example.invalid/e08-02/518-5671?utm_source=share&ref=gs8ld1fl
6LC2J,https://made.example.invalid/e08-02/520-5672?utm_source=share&ref=awgrrak5
6LC2K,https://made.example.invalid/e08-02/519-5673?utm_source=share&ref=9w7yikhr
6LC2L,https://made.example.invalid/e08-02/535-5674?utm_source=share&ref=3sfsfe0b
6LC2M,https://made.example.invalid/e08-02/538-5675?utm_source=share&ref=0zlcv353
6LC2N,https://made.example.invalid/e08-02/543-5676?utm_source=share&ref=p97s60hg
6LC2O,https://made.example.invalid/e08-02/546-5677?utm_source=share&ref=qlp42brf
6LC2P,https://made.example.invalid/e08-02/549-5678?utm_source=share&ref=g5n35kpg
6LC2Q,https://made.example.invalid/e08-02/529-5679?utm_source=share&ref=xrng9drd
6LC2R,https://made.example.invalid/e08-02/532-5680?utm_source=share&ref=l9gj4z0t
6LC2S,https://made.example.invalid/e08-02/542-5681?utm_source=share&ref=drzbwdnw
6LC2T,https://made.example.invalid/e08-02/541-5682?utm_source=share&ref=bclzhu69
6LC2U,https://made.example.invalid/e08-02/526-5683?utm_source=share&ref=2v9xa6xz
6LC2V,https://made.example.invalid/e08-02/545-5684?utm_source=share&ref=i8j2sxs4
6LC2W,https://made.example.invalid/e08-02/534-5685?utm_source=share&ref=arbmz2wv
6LC2X,https://made.example.invalid/e08-02/530-5686?utm_source=share&ref=tcslcozg
6LC2Y,https://made.example.invalid/e08-02/550-5687?utm_source=share&ref=qrs2e5qe
6LC2Z,https://made.example.invalid/e08-02/537-5688?utm_source=share&ref=xun9yjfe
6LC30,https://made.example.invalid/e08-02/536-5689?utm_source=share&ref=5kibeagc
6LC31,https://made.example.invalid/e08-02/3-5690?utm_source=share&ref=3eqxovem
6LC32,https://made.example.invalid/e08-02/533-5691?utm_source=share&ref=ih53k8u0
6LC33,https://made.example.invalid/e08-02/544-5692?utm_source=share&ref=ev6hwflt
6LC34,https://made.example.invalid/e08-02/524-5693?utm_source=share&ref=zwg391gt
6LC35,https://made.example.invalid/e08-02/540-5694?utm_source=share&ref=b7pnjx40
6LC36,https://made.example.invalid/e08-02/531-5695?utm_source=share&ref=gsdx4kp9
6LC37,https://made.example.invalid/e08-02/522-5696?utm_source=share&ref=etnaiett
6LC38,https://made.example.invalid/e08-02/527-5697?utm_source=share&ref=6qb7t2bz
6LC39,https://made.example.invalid/e08-02/539-5698?utm_source=share&ref=x3kiqi5x
6LC3a,https://made.example.invalid/e08-02/5-5699?utm_source=share&ref=f9cbitfh
6LC3b,https://made.example.invalid/e08-02/548-5700?utm_source=share&ref=nq0lvrlv
6LC3c,https://made.example.invalid/e08-02/547-5701?utm_source=share&ref=sirwxg2r
6LC3d,https://made.example.invalid/e08-02/21-5702?utm_source=share&ref=0sz2vfi4
6LC3e,https://made.example.invalid/e08-02/17-5703?utm_source=share&ref=jl57rg2z
6LC3f,https://made.example.invalid/e08-02/12-5704?utm_source=share&ref=tjvaol3x
6LC3g,https://made.example.invalid/e08-02/10-5705?utm_source=share&ref=ad6x00rt
6LC3h,https://made.example.invalid/e08-02/514-5706?utm_source=share&ref=lgew2ir8
6LC3i,https://made.example.invalid/e08-02/517-5707?utm_source=share&ref=m9a046i6
6LC3j,https://made.example.invalid/e08-02/2-5708?utm_source=share&ref=umztpmas
6LC3k,https://made.example.invalid/e08-02/512-5709?utm_source=share&ref=n5y7ls6b
6LC3n,https://made.example.invalid/e08-02/24-5712?utm_source=share&ref=vqing78f
6LC3m,https://made.example.invalid/e08-02/22-5711?utm_source=share&ref=8gqdx64c
6LC3l,https://made.example.invalid/e08-02/513-5710?utm_source=share&ref=osqadp3k
6LC3o,https://made.example.invalid/e08-02/511-5713?utm_source=share&ref=odn4qs7u
6LC3p,https://made.example.invalid/e08-02/515-5714?utm_source=share&ref=52ye48i2
6LC3q,https://made.example.invalid/e08-02/528-5715?utm_source=share&ref=tl4c6q43
6LC3r,https://made.example.invalid/e08-02/516-5716?utm_source=share&ref=2ut9gwfg
6LC3s,https://made.example.invalid/e08-02/523-5717?utm_source=share&ref=rt07b68p
6LC3t,https://made.example.invalid/e08-02/13-5718?utm_source=share&ref=7a5ycg6x
6LC3u,https://made.example.invalid/e08-02/525-5719?utm_source=share&ref=kli7lq7r
6LC3v,https://made.example.invalid/e08-02/521-5720?utm_source=share&ref=hknyx9al
6LC3w,https://made.example.invalid/e08-02/518-5721?utm_source=share&ref=ztlf72a2
6LC3x,https://made.example.invalid/e08-02/520-5722?utm_source=share&ref=tvzhwn8w
6LC3y,https://made.example.invalid/e08-02/519-5723?utm_source=share&ref=g25ao9td
6LC3z,https://made.example.invalid/e08-02/535-5724?utm_source=share&ref=zdj1w2xx
6LC3A,https://made.example.invalid/e08-02/538-5725?utm_source=share&ref=wfxg83m8
6LC3B,https://made.example.invalid/e08-02/543-5726?utm_source=share&ref=u5xnhdgr
6LC3C,https://made.example.invalid/e08-02/546-5727?utm_source=share&ref=uq6b1j46
6LC3D,https://made.example.invalid/e08-02/549-5728?utm_source=share&ref=fetjfcqq
6LC3E,https://made.example.invalid/e08-02/529-5729?utm_source=share&ref=zmgicqf2
6LC3F,https://made.example.invalid/e08-02/532-5730?utm_source=share&ref=owu1jsmr
6LC3G,https://made.example.invalid/e08-02/542-5731?utm_source=share&ref=9dtr8miw
6LC3H,https://made.example.invalid/e08-02/541-5732?utm_source=share&ref=o8rc19jr
6LC3I,https://made.example.invalid/e08-02/526-5733?utm_source=share&ref=lkahmhlo
6LC3J,https://made.example.invalid/e08-02/545-5734?utm_source=share&ref=78z6tss8
6LC3K,https://made.example.invalid/e08-02/534-5735?utm_source=share&ref=m1v3rova
6LC3L,https://made.example.invalid/e08-02/530-5736?utm_source=share&ref=psyddsg2
6LC3M,https://made.example.invalid/e08-02/550-5737?utm_source=share&ref=6nkdzkt0
6LC3N,https://made.example.invalid/e08-02/537-5738?utm_source=share&ref=up3eg2o9
6LC3O,https://made.example.invalid/e08-02/536-5739?utm_source=share&ref=uknhytlo
6LC3P,https://made.example.invalid/e08-02/3-5740?utm_source=share&ref=gpc82o7o
6LC3Q,https://made.example.invalid/e08-02/533-5741?utm_source=share&ref=sc2bhmf8
6LC3R,https://made.example.invalid/e08-02/544-5742?utm_source=share&ref=ljealbfc
6LC3S,https://made.example.invalid/e08-02/524-5743?utm_source=share&ref=keddj6ys
6LC3T,https://made.example.invalid/e08-02/540-5744?utm_source=share&ref=i7gb1a5h
6LC3U,https://made.example.invalid/e08-02/531-5745?utm_source=share&ref=khtb69tl
6LC3V,https://made.example.invalid/e08-02/522-5746?utm_source=share&ref=ylsvlubl
6LC3W,https://made.example.invalid/e08-02/527-5747?utm_source=share&ref=h4maj01y
6LC3X,https://made.example.invalid/e08-02/539-5748?utm_source=share&ref=zu75jqe2
6LC3Y,https://made.example.invalid/e08-02/5-5749?utm_source=share&ref=riim5bnj
6LC3Z,https://made.example.invalid/e08-02/548-5750?utm_source=share&ref=1v7fxpov
6LC41,https://made.example.invalid/e08-02/21-5752?utm_source=share&ref=t10rg7tv
6LC40,https://made.example.invalid/e08-02/547-5751?utm_source=share&ref=a6irq9bb
6LC42,https://made.example.invalid/e08-02/17-5753?utm_source=share&ref=5nu7g61i
6LC43,https://made.example.invalid/e08-02/12-5754?utm_source=share&ref=yefrk5az
6LC44,https://made.example.invalid/e08-02/10-5755?utm_source=share&ref=8uti835j
6LC45,https://made.example.invalid/e08-02/514-5756?utm_source=share&ref=9c5ajsdi
6LC46,https://made.example.invalid/e08-02/517-5757?utm_source=share&ref=hu8p52tf
6LC47,https://made.example.invalid/e08-02/2-5758?utm_source=share&ref=vseugrxo
6LC48,https://made.example.invalid/e08-02/512-5759?utm_source=share&ref=uo21oh36
6LC49,https://made.example.invalid/e08-02/24-5760?utm_source=share&ref=jdzukgiz
6LC4a,https://made.example.invalid/e08-02/22-5761?utm_source=share&ref=aacydgyx
6LC4b,https://made.example.invalid/e08-02/513-5762?utm_source=share&ref=oqve6psf
6LC4c,https://made.example.invalid/e08-02/511-5763?utm_source=share&ref=lp7yn15s
6LC4d,https://made.example.invalid/e08-02/515-5764?utm_source=share&ref=fbl632vy
6LC4e,https://made.example.invalid/e08-02/528-5765?utm_source=share&ref=ofepz1qm
6LC4f,https://made.example.invalid/e08-02/516-5766?utm_source=share&ref=m4bbkm6j
6LC4g,https://made.example.invalid/e08-02/523-5767?utm_source=share&ref=h8sm8riu
6LC4h,https://made.example.invalid/e08-02/13-5768?utm_source=share&ref=3y2gdsx2
6LC4i,https://made.example.invalid/e08-02/525-5769?utm_source=share&ref=jjns0f3g
6LC4j,https://made.example.invalid/e08-02/521-5770?utm_source=share&ref=frwwtv90
6LC4k,https://made.example.invalid/e08-02/518-5771?utm_source=share&ref=wtv3zgpx
6LC4l,https://made.example.invalid/e08-02/520-5772?utm_source=share&ref=qiow973l
6LC4m,https://made.example.invalid/e08-02/519-5773?utm_source=share&ref=37efnmf5
6LC4n,https://made.example.invalid/e08-02/535-5774?utm_source=share&ref=rz4m796z
6LC4o,https://made.example.invalid/e08-02/538-5775?utm_source=share&ref=ba5llb26
6LC4p,https://made.example.invalid/e08-02/543-5776?utm_source=share&ref=meofs5en
6LC4q,https://made.example.invalid/e08-02/546-5777?utm_source=share&ref=tz8i9jhz
6LC4r,https://made.example.invalid/e08-02/549-5778?utm_source=share&ref=52uu517k
6LC4s,https://made.example.invalid/e08-02/529-5779?utm_source=share&ref=j2pgbwvh
6LC4t,https://made.example.invalid/e08-02/532-5780?utm_source=share&ref=uz5gvh05
6LC4u,https://made.example.invalid/e08-02/542-5781?utm_source=share&ref=vb8e0sap
6LC4v,https://made.example.invalid/e08-02/541-5782?utm_source=share&ref=od1vz680
6LC4w,https://made.example.invalid/e08-02/526-5783?utm_source=share&ref=an0wwo4a
6LC4x,https://made.example.invalid/e08-02/545-5784?utm_source=share&ref=e75yeuv2
6LC4y,https://made.example.invalid/e08-02/534-5785?utm_source=share&ref=2ukttz18
6LC4z,https://made.example.invalid/e08-02/530-5786?utm_source=share&ref=k8yxcxyt
6LC4A,https://made.example.invalid/e08-02/550-5787?utm_source=share&ref=t3qs26ov
6LC4B,https://made.example.invalid/e08-02/537-5788?utm_source=share&ref=pm575960
6LC4C,https://made.example.invalid/e08-02/536-5789?utm_source=share&ref=80g2c6x3
6LC4D,https://made.example.invalid/e08-02/3-5790?utm_source=share&ref=9421gb7q
6LC4F,https://made.example.invalid/e08-02/544-5792?utm_source=share&ref=u8cwbua6
6LC4E,https://made.example.invalid/e08-02/533-5791?utm_source=share&ref=975klk1b
6LC4G,https://made.example.invalid/e08-02/524-5793?utm_source=share&ref=3qz3j6vr
6LC4H,https://made.example.invalid/e08-02/540-5794?utm_source=share&ref=5dltfcme
6LC4I,https://made.example.invalid/e08-02/531-5795?utm_source=share&ref=qm763oxw
6LC4J,https://made.example.invalid/e08-02/522-5796?utm_source=share&ref=b163te7d
6LC4K,https://made.example.invalid/e08-02/527-5797?utm_source=share&ref=6jj8vfyu
6LC4L,https://made.example.invalid/e08-02/539-5798?utm_source=share&ref=r3jkbrld
6LC4M,https://made.example.invalid/e08-02/5-5799?utm_source=share&ref=5ouu194o
6LC4N,https://made.example.invalid/e08-02/548-5800?utm_source=share&ref=igjeim89
6LC4O,https://made.example.invalid/e08-02/21-5801?utm_source=share&ref=1vcr8ecw
6LC4P,https://made.example.invalid/e08-02/547-5802?utm_source=share&ref=bxrgr19f
6LC4Q,https://made.example.invalid/e08-02/17-5803?utm_source=share&ref=j6s39506
6LC4R,https://made.example.invalid/e08-02/12-5804?utm_source=share&ref=njvtqcz5
6LC4S,https://made.example.invalid/e08-02/10-5805?utm_source=share&ref=2gvds56q
6LC4T,https://made.example.invalid/e08-02/514-5806?utm_source=share&ref=65qwub9t
6LC4U,https://made.example.invalid/e08-02/517-5807?utm_source=share&ref=sxpesn6s
6LC4V,https://made.example.invalid/e08-02/2-5808?utm_source=share&ref=8mf8sto3
6LC4W,https://made.example.invalid/e08-02/512-5809?utm_source=share&ref=mv6zim7q
6LC4X,https://made.example.invalid/e08-02/24-5810?utm_source=share&ref=53i93yz1
6LC4Y,https://made.example.invalid/e08-02/22-5811?utm_source=share&ref=16tknu15
6LC4Z,https://made.example.invalid/e08-02/513-5812?utm_source=share&ref=p47astan
6LC50,https://made.example.invalid/e08-02/511-5813?utm_source=share&ref=u9kiuspv
6LC51,https://made.example.invalid/e08-02/515-5814?utm_source=share&ref=gp3h1zog
6LC52,https://made.example.invalid/e08-02/528-5815?utm_source=share&ref=3pti7idl
6LC53,https://made.example.invalid/e08-02/516-5816?utm_source=share&ref=mb86vpt1
6LC54,https://made.example.invalid/e08-02/523-5817?utm_source=share&ref=seodrv0w
6LC55,https://made.example.invalid/e08-02/13-5818?utm_source=share&ref=3vvbkk3u
6LC56,https://made.example.invalid/e08-02/525-5819?utm_source=share&ref=7hmhrhde
6LC57,https://made.example.invalid/e08-02/521-5820?utm_source=share&ref=2zxt88n4
6LC58,https://made.example.invalid/e08-02/518-5821?utm_source=share&ref=d9yzrtgc
6LC59,https://made.example.invalid/e08-02/520-5822?utm_source=share&ref=xxczwo1e
6LC5a,https://made.example.invalid/e08-02/519-5823?utm_source=share&ref=d99kcefy
6LC5b,https://made.example.invalid/e08-02/535-5824?utm_source=share&ref=c1x9mj7a
6LC5c,https://made.example.invalid/e08-02/538-5825?utm_source=share&ref=c4wka0wv
6LC5d,https://made.example.invalid/e08-02/543-5826?utm_source=share&ref=a4i3lzub
6LC5e,https://made.example.invalid/e08-02/546-5827?utm_source=share&ref=yj2ooet4
6LC5f,https://made.example.invalid/e08-02/549-5828?utm_source=share&ref=qj32kfvy
6LC5g,https://made.example.invalid/e08-02/529-5829?utm_source=share&ref=blk24jb4
6LC5h,https://made.example.invalid/e08-02/532-5830?utm_source=share&ref=1vrzzih7
6LC5i,https://made.example.invalid/e08-02/542-5831?utm_source=share&ref=rroyd0hg
6LC5j,https://made.example.invalid/e08-02/541-5832?utm_source=share&ref=n60m5kvo
6LC5k,https://made.example.invalid/e08-02/526-5833?utm_source=share&ref=kkm2ijho
6LC5l,https://made.example.invalid/e08-02/545-5834?utm_source=share&ref=g7o43589
6LC5m,https://made.example.invalid/e08-02/534-5835?utm_source=share&ref=4j3o9phw
6LC5n,https://made.example.invalid/e08-02/530-5836?utm_source=share&ref=90sgrmmk
6LC5o,https://made.example.invalid/e08-02/550-5837?utm_source=share&ref=jzudsr65
6LC5p,https://made.example.invalid/e08-02/537-5838?utm_source=share&ref=le6ah945
6LC5q,https://made.example.invalid/e08-02/536-5839?utm_source=share&ref=3elw7cna
6LC5r,https://made.example.invalid/e08-02/3-5840?utm_source=share&ref=1h6vlohi
6LC5s,https://made.example.invalid/e08-02/544-5841?utm_source=share&ref=ppaggn40
6LC5t,https://made.example.invalid/e08-02/533-5842?utm_source=share&ref=1xxe2bqn
6LC5u,https://made.example.invalid/e08-02/524-5843?utm_source=share&ref=21bnr2g2
6LC5v,https://made.example.invalid/e08-02/540-5844?utm_source=share&ref=qdjtslck
6LC5w,https://made.example.invalid/e08-02/531-5845?utm_source=share&ref=7bl6t08j
6LC5x,https://made.example.invalid/e08-02/522-5846?utm_source=share&ref=6hoqnhvb
6LC5y,https://made.example.invalid/e08-02/527-5847?utm_source=share&ref=3pb8mu3y
6LC5z,https://made.example.invalid/e08-02/539-5848?utm_source=share&ref=hrdijjmj
6LC5A,https://made.example.invalid/e08-02/5-5849?utm_source=share&ref=e99cfovi
6LC5B,https://made.example.invalid/e08-02/548-5850?utm_source=share&ref=nh8wlh99
6LC5C,https://made.example.invalid/e08-02/21-5851?utm_source=share&ref=cbcay8u9
6LC5D,https://made.example.invalid/e08-02/547-5852?utm_source=share&ref=ljsfb1b5
6LC5E,https://made.example.invalid/e08-02/17-5853?utm_source=share&ref=vo957i9v
6LC5F,https://made.example.invalid/e08-02/12-5854?utm_source=share&ref=goek8kol
6LC5G,https://made.example.invalid/e08-02/10-5855?utm_source=share&ref=wsg8mu27
6LC5H,https://made.example.invalid/e08-02/514-5856?utm_source=share&ref=hg0yx2kt
6LC5I,https://made.example.invalid/e08-02/517-5857?utm_source=share&ref=0sdcpjgc
6LC5J,https://made.example.invalid/e08-02/2-5858?utm_source=share&ref=pvs9lga7
6LC5K,https://made.example.invalid/e08-02/512-5859?utm_source=share&ref=btwgd7rh
6LC5L,https://made.example.invalid/e08-02/24-5860?utm_source=share&ref=41urt5ro
6LC5M,https://made.example.invalid/e08-02/22-5861?utm_source=share&ref=eda69v0x
6LC5N,https://made.example.invalid/e08-02/513-5862?utm_source=share&ref=dtrb1yrx
6LC5O,https://made.example.invalid/e08-02/511-5863?utm_source=share&ref=5z4qb4cx
6LC5P,https://made.example.invalid/e08-02/515-5864?utm_source=share&ref=ipilm9mk
6LC5Q,https://made.example.invalid/e08-02/528-5865?utm_source=share&ref=zb0hrmlu
6LC5R,https://made.example.invalid/e08-02/516-5866?utm_source=share&ref=nopkeb76
6LC5S,https://made.example.invalid/e08-02/523-5867?utm_source=share&ref=8bxw81if
6LC5T,https://made.example.invalid/e08-02/13-5868?utm_source=share&ref=hm9sd50f
6LC5U,https://made.example.invalid/e08-02/525-5869?utm_source=share&ref=5f0132qp
6LC5V,https://made.example.invalid/e08-02/521-5870?utm_source=share&ref=1ln70jqi
6LC5W,https://made.example.invalid/e08-02/518-5871?utm_source=share&ref=7ibf903z
6LC5X,https://made.example.invalid/e08-02/520-5872?utm_source=share&ref=gpzmli7p
6LC5Y,https://made.example.invalid/e08-02/519-5873?utm_source=share&ref=drcs7ul3
6LC5Z,https://made.example.invalid/e08-02/535-5874?utm_source=share&ref=04vfcivx
6LC60,https://made.example.invalid/e08-02/538-5875?utm_source=share&ref=y3qqxdj2
6LC61,https://made.example.invalid/e08-02/543-5876?utm_source=share&ref=9mddxvs4
6LC62,https://made.example.invalid/e08-02/546-5877?utm_source=share&ref=85oehe6d
6LC63,https://made.example.invalid/e08-02/549-5878?utm_source=share&ref=v59nlyv6
6LC64,https://made.example.invalid/e08-02/529-5879?utm_source=share&ref=z1m9tf9n
6LC65,https://made.example.invalid/e08-02/532-5880?utm_source=share&ref=gelx2zky
6LC66,https://made.example.invalid/e08-02/542-5881?utm_source=share&ref=b2jso5k2
6LC67,https://made.example.invalid/e08-02/541-5882?utm_source=share&ref=n671i4kk
6LC68,https://made.example.invalid/e08-02/526-5883?utm_source=share&ref=c1kj2142
6LC69,https://made.example.invalid/e08-02/545-5884?utm_source=share&ref=i9gaj4rj
6LC6a,https://made.example.invalid/e08-02/534-5885?utm_source=share&ref=7klzghpn
6LC6b,https://made.example.invalid/e08-02/530-5886?utm_source=share&ref=0r7za609
6LC6c,https://made.example.invalid/e08-02/550-5887?utm_source=share&ref=9b6ogsj1
6LC6d,https://made.example.invalid/e08-02/537-5888?utm_source=share&ref=rqo9a6dx
6LC6e,https://made.example.invalid/e08-02/536-5889?utm_source=share&ref=umw6f6aq
6LC6f,https://made.example.invalid/e08-02/3-5890?utm_source=share&ref=rufeu14q
6LC6g,https://made.example.invalid/e08-02/544-5891?utm_source=share&ref=54lutvzu
6LC6h,https://made.example.invalid/e08-02/533-5892?utm_source=share&ref=g8i55o8x
6LC6i,https://made.example.invalid/e08-02/524-5893?utm_source=share&ref=zj24wjs5
6LC6j,https://made.example.invalid/e08-02/540-5894?utm_source=share&ref=s8mjzmw8
6LC6k,https://made.example.invalid/e08-02/531-5895?utm_source=share&ref=d8gvkdhp
6LC6l,https://made.example.invalid/e08-02/522-5896?utm_source=share&ref=bfy8rgok
6LC6m,https://made.example.invalid/e08-02/527-5897?utm_source=share&ref=k48xvp44
6LC6n,https://made.example.invalid/e08-02/539-5898?utm_source=share&ref=0n5kjl7g
6LC6o,https://made.example.invalid/e08-02/5-5899?utm_source=share&ref=tbdw3aez
6LC6p,https://made.example.invalid/e08-02/548-5900?utm_source=share&ref=gfic9h3e
6LC6q,https://made.example.invalid/e08-02/21-5901?utm_source=share&ref=13mvrq9p
6LC6r,https://made.example.invalid/e08-02/547-5902?utm_source=share&ref=pt290bv4
6LC6s,https://made.example.invalid/e08-02/17-5903?utm_source=share&ref=o2h5zbfl
6LC6t,https://made.example.invalid/e08-02/12-5904?utm_source=share&ref=e8hyc24z
6LC6u,https://made.example.invalid/e08-02/10-5905?utm_source=share&ref=axs0iu7a
6LC6v,https://made.example.invalid/e08-02/514-5906?utm_source=share&ref=ggz24d0q
6LC6w,https://made.example.invalid/e08-02/517-5907?utm_source=share&ref=b5rq65tb
6LC6x,https://made.example.invalid/e08-02/2-5908?utm_source=share&ref=3f4dtice
6LC6y,https://made.example.invalid/e08-02/512-5909?utm_source=share&ref=4vv1pfuv
6LC6z,https://made.example.invalid/e08-02/24-5910?utm_source=share&ref=lkipjd5f
6LC6A,https://made.example.invalid/e08-02/22-5911?utm_source=share&ref=vaixlzmt
6LC6B,https://made.example.invalid/e08-02/513-5912?utm_source=share&ref=0twq2nkt
6LC6C,https://made.example.invalid/e08-02/511-5913?utm_source=share&ref=8dehb990
6LC6D,https://made.example.invalid/e08-02/515-5914?utm_source=share&ref=dwtvr1i3
6LC6E,https://made.example.invalid/e08-02/528-5915?utm_source=share&ref=fx6uk2g7
6LC6F,https://made.example.invalid/e08-02/516-5916?utm_source=share&ref=z8str97n
6LC6G,https://made.example.invalid/e08-02/523-5917?utm_source=share&ref=18u686cc
6LC6H,https://made.example.invalid/e08-02/13-5918?utm_source=share&ref=smuz60u2
6LC6I,https://made.example.invalid/e08-02/525-5919?utm_source=share&ref=70vwnwp4
6LC6J,https://made.example.invalid/e08-02/521-5920?utm_source=share&ref=bt1pwgra
6LC6K,https://made.example.invalid/e08-02/518-5921?utm_source=share&ref=csgm7mw9
6LC6L,https://made.example.invalid/e08-02/520-5922?utm_source=share&ref=95sk5d8v
6LC6M,https://made.example.invalid/e08-02/519-5923?utm_source=share&ref=mhve3hst
6LC6N,https://made.example.invalid/e08-02/535-5924?utm_source=share&ref=7jcs1nt8
6LC6O,https://made.example.invalid/e08-02/538-5925?utm_source=share&ref=o8yrlo3d
6LC6P,https://made.example.invalid/e08-02/543-5926?utm_source=share&ref=m9deyqpq
6LC6Q,https://made.example.invalid/e08-02/546-5927?utm_source=share&ref=6bzvfi65
6LC6R,https://made.example.invalid/e08-02/549-5928?utm_source=share&ref=d426g6uf
6LC6S,https://made.example.invalid/e08-02/529-5929?utm_source=share&ref=np1farhx
6LC6T,https://made.example.invalid/e08-02/532-5930?utm_source=share&ref=9gndyun9
6LC6U,https://made.example.invalid/e08-02/542-5931?utm_source=share&ref=g9t9ke04
6LC6V,https://made.example.invalid/e08-02/541-5932?utm_source=share&ref=ifnkxp1f
6LC6W,https://made.example.invalid/e08-02/526-5933?utm_source=share&ref=932rikqx
6LC6X,https://made.example.invalid/e08-02/545-5934?utm_source=share&ref=c4nf4fp8
6LC6Y,https://made.example.invalid/e08-02/534-5935?utm_source=share&ref=wg3touuf
6LC6Z,https://made.example.invalid/e08-02/530-5936?utm_source=share&ref=wcnsjate
6LC70,https://made.example.invalid/e08-02/550-5937?utm_source=share&ref=vjnc5v7y
6LC71,https://made.example.invalid/e08-02/537-5938?utm_source=share&ref=zpz15ud5
6LC72,https://made.example.invalid/e08-02/536-5939?utm_source=share&ref=29zs2bco
6LC73,https://made.example.invalid/e08-02/3-5940?utm_source=share&ref=mo7sg6zy
6LC74,https://made.example.invalid/e08-02/544-5941?utm_source=share&ref=81yl6tcn
6LC75,https://made.example.invalid/e08-02/533-5942?utm_source=share&ref=rw72tqeh
6LC76,https://made.example.invalid/e08-02/524-5943?utm_source=share&ref=xu8eihyv
6LC77,https://made.example.invalid/e08-02/540-5944?utm_source=share&ref=76b1h3h5
6LC78,https://made.example.invalid/e08-02/531-5945?utm_source=share&ref=5s7vgo9d
6LC79,https://made.example.invalid/e08-02/522-5946?utm_source=share&ref=5yzsfdzl
6LC7a,https://made.example.invalid/e08-02/527-5947?utm_source=share&ref=47dy3p8u
6LC7b,https://made.example.invalid/e08-02/539-5948?utm_source=share&ref=6573umxt
6LC7c,https://made.example.invalid/e08-02/5-5949?utm_source=share&ref=eq3mg8j2
6LC7d,https://made.example.invalid/e08-02/548-5950?utm_source=share&ref=1viwyxns
6LC7e,https://made.example.invalid/e08-02/21-5951?utm_source=share&ref=m1usewkp
6LC7f,https://made.example.invalid/e08-02/547-5952?utm_source=share&ref=hmyqnkxe
6LC7g,https://made.example.invalid/e08-02/17-5953?utm_source=share&ref=clk5mk1s
6LC7h,https://made.example.invalid/e08-02/12-5954?utm_source=share&ref=ew4s1p51
6LC7i,https://made.example.invalid/e08-02/10-5955?utm_source=share&ref=kodrys9h
6LC7j,https://made.example.invalid/e08-02/514-5956?utm_source=share&ref=r92kbgjx
6LC7k,https://made.example.invalid/e08-02/517-5957?utm_source=share&ref=wnkdi552
6LC7l,https://made.example.invalid/e08-02/2-5958?utm_source=share&ref=vtdqewds
6LC7m,https://made.example.invalid/e08-02/512-5959?utm_source=share&ref=f1m85v5y
6LC7n,https://made.example.invalid/e08-02/24-5960?utm_source=share&ref=8wqjzttm
6LC7o,https://made.example.invalid/e08-02/22-5961?utm_source=share&ref=jv322o2v
6LC7p,https://made.example.invalid/e08-02/513-5962?utm_source=share&ref=howq4xe4
6LC7q,https://made.example.invalid/e08-02/511-5963?utm_source=share&ref=wbxirg0x
6LC7r,https://made.example.invalid/e08-02/515-5964?utm_source=share&ref=jq1j1o9r
6LC7s,https://made.example.invalid/e08-02/528-5965?utm_source=share&ref=cc5l3bw0
6LC7t,https://made.example.invalid/e08-02/516-5966?utm_source=share&ref=jx0i93l2
6LC7u,https://made.example.invalid/e08-02/523-5967?utm_source=share&ref=rh17fjo5
6LC7v,https://made.example.invalid/e08-02/13-5968?utm_source=share&ref=gursgrwj
6LC7w,https://made.example.invalid/e08-02/525-5969?utm_source=share&ref=m41t6yz8
6LC7x,https://made.example.invalid/e08-02/521-5970?utm_source=share&ref=z30sckz3
6LC7y,https://made.example.invalid/e08-02/518-5971?utm_source=share&ref=pclxuhon
6LC7z,https://made.example.invalid/e08-02/520-5972?utm_source=share&ref=20zo37ek
6LC7A,https://made.example.invalid/e08-02/519-5973?utm_source=share&ref=5sobez4n
6LC7B,https://made.example.invalid/e08-02/535-5974?utm_source=share&ref=5n4n368l
6LC7C,https://made.example.invalid/e08-02/538-5975?utm_source=share&ref=im9v034e
6LC7D,https://made.example.invalid/e08-02/543-5976?utm_source=share&ref=qakg6qik
6LC7E,https://made.example.invalid/e08-02/546-5977?utm_source=share&ref=gib0nrj7
6LC7F,https://made.example.invalid/e08-02/549-5978?utm_source=share&ref=k4dfpyyf
6LC7G,https://made.example.invalid/e08-02/529-5979?utm_source=share&ref=zk1wk572
6LC7H,https://made.example.invalid/e08-02/532-5980?utm_source=share&ref=2vz1kf8v
6LC7I,https://made.example.invalid/e08-02/542-5981?utm_source=share&ref=ilnyegtn
6LC7J,https://made.example.invalid/e08-02/541-5982?utm_source=share&ref=6x5sv2f6
6LC7K,https://made.example.invalid/e08-02/526-5983?utm_source=share&ref=jzyl1hg0
6LC7L,https://made.example.invalid/e08-02/545-5984?utm_source=share&ref=edln57w9
6LC7M,https://made.example.invalid/e08-02/534-5985?utm_source=share&ref=dopix14b
6LC7N,https://made.example.invalid/e08-02/530-5986?utm_source=share&ref=mr7x4mgx
6LC7O,https://made.example.invalid/e08-02/550-5987?utm_source=share&ref=b5o8qsg1
6LC7P,https://made.example.invalid/e08-02/537-5988?utm_source=share&ref=d25oja85
6LC7Q,https://made.example.invalid/e08-02/536-5989?utm_source=share&ref=2ur6lifu
6LC7S,https://made.example.invalid/e08-02/544-5991?utm_source=share&ref=x7gicn22
6LC7R,https://made.example.invalid/e08-02/3-5990?utm_source=share&ref=f5h6cdti
6LC7T,https://made.example.invalid/e08-02/533-5992?utm_source=share&ref=6xkkv2em
6LC7U,https://made.example.invalid/e08-02/524-5993?utm_source=share&ref=ji4dy8lz
6LC7V,https://made.example.invalid/e08-02/540-5994?utm_source=share&ref=wzj47fve
6LC7W,https://made.example.invalid/e08-02/531-5995?utm_source=share&ref=rftcitvv
6LC7X,https://made.example.invalid/e08-02/522-5996?utm_source=share&ref=ki1nhyl1
6LC7Y,https://made.example.invalid/e08-02/527-5997?utm_source=share&ref=xxn8j9nn
6LC7Z,https://made.example.invalid/e08-02/539-5998?utm_source=share&ref=0wbhpli7
6LC80,https://made.example.invalid/e08-02/5-5999?utm_source=share&ref=7tjnvd1s
6LC81,https://made.example.invalid/e08-02/548-6000?utm_source=share&ref=xm4ub57g
6LC82,https://made.example.invalid/e08-02/21-6001?utm_source=share&ref=53rf6rv0
6LC83,https://made.example.invalid/e08-02/547-6002?utm_source=share&ref=kwq55ac9
6LC84,https://made.example.invalid/e08-02/17-6003?utm_source=share&ref=75tznnul
6LC85,https://made.example.invalid/e08-02/12-6004?utm_source=share&ref=ei5vxc37
6LC86,https://made.example.invalid/e08-02/10-6005?utm_source=share&ref=tbs7x006
6LC87,https://made.example.invalid/e08-02/514-6006?utm_source=share&ref=qh1yd9uo
6LC88,https://made.example.invalid/e08-02/517-6007?utm_source=share&ref=h2izw065
6LC89,https://made.example.invalid/e08-02/2-6008?utm_source=share&ref=ue1bj7st
6LC8a,https://made.example.invalid/e08-02/512-6009?utm_source=share&ref=pi8reejq
6LC8b,https://made.example.invalid/e08-02/24-6010?utm_source=share&ref=wpxoc1ds
6LC8c,https://made.example.invalid/e08-02/22-6011?utm_source=share&ref=nn42vuqm
6LC8d,https://made.example.invalid/e08-02/513-6012?utm_source=share&ref=y65oko7e
6LC8e,https://made.example.invalid/e08-02/511-6013?utm_source=share&ref=z1onnm30
6LC8f,https://made.example.invalid/e08-02/515-6014?utm_source=share&ref=9dvl7xcr
6LC8g,https://made.example.invalid/e08-02/528-6015?utm_source=share&ref=hz7dhl3j
6LC8h,https://made.example.invalid/e08-02/516-6016?utm_source=share&ref=u2l6czx2
6LC8i,https://made.example.invalid/e08-02/523-6017?utm_source=share&ref=7cqdzvbo
6LC8j,https://made.example.invalid/e08-02/13-6018?utm_source=share&ref=mhnqve3h
6LC8k,https://made.example.invalid/e08-02/525-6019?utm_source=share&ref=dwnkut1b
6LC8l,https://made.example.invalid/e08-02/521-6020?utm_source=share&ref=iho3d6yg
6LC8m,https://made.example.invalid/e08-02/518-6021?utm_source=share&ref=nfz61rgl
6LC8n,https://made.example.invalid/e08-02/520-6022?utm_source=share&ref=v03rt6pk
6LC8o,https://made.example.invalid/e08-02/519-6023?utm_source=share&ref=8ad9yyrl
6LC8p,https://made.example.invalid/e08-02/535-6024?utm_source=share&ref=sadf1os3
6LC8q,https://made.example.invalid/e08-02/538-6025?utm_source=share&ref=ytyzggzv
6LC8r,https://made.example.invalid/e08-02/543-6026?utm_source=share&ref=fyy205kv
6LC8s,https://made.example.invalid/e08-02/546-6027?utm_source=share&ref=7ah75bc3
6LC8t,https://made.example.invalid/e08-02/549-6028?utm_source=share&ref=vfj8e3sk
6LC8u,https://made.example.invalid/e08-02/529-6029?utm_source=share&ref=xh7hit94
6LC8v,https://made.example.invalid/e08-02/532-6030?utm_source=share&ref=k5klbdta
6LC8w,https://made.example.invalid/e08-02/542-6031?utm_source=share&ref=1pe3x7ro
6LC8x,https://made.example.invalid/e08-02/541-6032?utm_source=share&ref=oxwsq0ci
6LC8y,https://made.example.invalid/e08-02/526-6033?utm_source=share&ref=7a9c6pmo
6LC8z,https://made.example.invalid/e08-02/545-6034?utm_source=share&ref=3qckjb5k
6LC8A,https://made.example.invalid/e08-02/534-6035?utm_source=share&ref=l2cwis0q
6LC8B,https://made.example.invalid/e08-02/530-6036?utm_source=share&ref=nsiqlrbj
6LC8C,https://made.example.invalid/e08-02/550-6037?utm_source=share&ref=g7jsd76k
6LC8D,https://made.example.invalid/e08-02/537-6038?utm_source=share&ref=c56z2y01
6LC8E,https://made.example.invalid/e08-02/536-6039?utm_source=share&ref=lfj7n8vp
6LC8F,https://made.example.invalid/e08-02/544-6040?utm_source=share&ref=5vz369jo
6LC8G,https://made.example.invalid/e08-02/3-6041?utm_source=share&ref=dphbnu4x
6LC8H,https://made.example.invalid/e08-02/533-6042?utm_source=share&ref=e8hvg5bg
6LC8I,https://made.example.invalid/e08-02/524-6043?utm_source=share&ref=ztsb9z37
6LC8J,https://made.example.invalid/e08-02/540-6044?utm_source=share&ref=2f2v58g6
6LC8K,https://made.example.invalid/e08-02/531-6045?utm_source=share&ref=eyy5qqhp
6LC8L,https://made.example.invalid/e08-02/522-6046?utm_source=share&ref=grmlei9n
6LC8M,https://made.example.invalid/e08-02/527-6047?utm_source=share&ref=5gycter4
6LC8N,https://made.example.invalid/e08-02/539-6048?utm_source=share&ref=4f1a9c0w
6LC8O,https://made.example.invalid/e08-02/5-6049?utm_source=share&ref=x9cdy52k
6LC8P,https://made.example.invalid/e08-02/548-6050?utm_source=share&ref=0zui6onj
6LC8Q,https://made.example.invalid/e08-02/21-6051?utm_source=share&ref=x3dd21o5
6LC8R,https://made.example.invalid/e08-02/547-6052?utm_source=share&ref=d3sk1iyb
6LC8S,https://made.example.invalid/e08-02/17-6053?utm_source=share&ref=7onm2xer
6LC8T,https://made.example.invalid/e08-02/12-6054?utm_source=share&ref=849gcf56
6LC8U,https://made.example.invalid/e08-02/10-6055?utm_source=share&ref=9ytdz09c
6LC8V,https://made.example.invalid/e08-02/514-6056?utm_source=share&ref=olnot43l
6LC8W,https://made.example.invalid/e08-02/517-6057?utm_source=share&ref=iwiwdwxk
6LC8X,https://made.example.invalid/e08-02/2-6058?utm_source=share&ref=bqtghkfs
6LC8Y,https://made.example.invalid/e08-02/512-6059?utm_source=share&ref=m02k6sxz
6LC8Z,https://made.example.invalid/e08-02/24-6060?utm_source=share&ref=u7tpyvt1
6LC90,https://made.example.invalid/e08-02/22-6061?utm_source=share&ref=gg01d866
6LC91,https://made.example.invalid/e08-02/513-6062?utm_source=share&ref=a3had2lp
6LC92,https://made.example.invalid/e08-02/511-6063?utm_source=share&ref=149mgz8v
6LC93,https://made.example.invalid/e08-02/515-6064?utm_source=share&ref=0n3etunj
6LC94,https://made.example.invalid/e08-02/528-6065?utm_source=share&ref=r84qxr7i
6LC95,https://made.example.invalid/e08-02/516-6066?utm_source=share&ref=lqp73axp
6LC96,https://made.example.invalid/e08-02/523-6067?utm_source=share&ref=gsyiur5j
6LC97,https://made.example.invalid/e08-02/13-6068?utm_source=share&ref=irdq7xm7
6LC98,https://made.example.invalid/e08-02/525-6069?utm_source=share&ref=um1qx0s9
6LC99,https://made.example.invalid/e08-02/521-6070?utm_source=share&ref=52gsfa60
6LC9b,https://made.example.invalid/e08-02/520-6072?utm_source=share&ref=p2d56lyu
6LC9a,https://made.example.invalid/e08-02/518-6071?utm_source=share&ref=k4aryamw
6LC9c,https://made.example.invalid/e08-02/519-6073?utm_source=share&ref=3e51zxdh
6LC9d,https://made.example.invalid/e08-02/535-6074?utm_source=share&ref=pfklfmx7
6LC9e,https://made.example.invalid/e08-02/538-6075?utm_source=share&ref=athzbc8g
6LC9f,https://made.example.invalid/e08-02/543-6076?utm_source=share&ref=26k3c7hy
6LC9g,https://made.example.invalid/e08-02/546-6077?utm_source=share&ref=ctikgp91
6LC9h,https://made.example.invalid/e08-02/549-6078?utm_source=share&ref=vk3qt71j
6LC9i,https://made.example.invalid/e08-02/529-6079?utm_source=share&ref=v117ydgz
6LC9j,https://made.example.invalid/e08-02/532-6080?utm_source=share&ref=ak6ehh2r
6LC9k,https://made.example.invalid/e08-02/542-6081?utm_source=share&ref=lbalugpm
6LC9l,https://made.example.invalid/e08-02/541-6082?utm_source=share&ref=qqmqk58g
6LC9m,https://made.example.invalid/e08-02/526-6083?utm_source=share&ref=tqrcdtj8
6LC9n,https://made.example.invalid/e08-02/545-6084?utm_source=share&ref=kpdws9hd
6LC9o,https://made.example.invalid/e08-02/534-6085?utm_source=share&ref=71acdcy5
6LC9p,https://made.example.invalid/e08-02/530-6086?utm_source=share&ref=8fc8506b
6LC9q,https://made.example.invalid/e08-02/550-6087?utm_source=share&ref=125pmz0r
6LC9r,https://made.example.invalid/e08-02/537-6088?utm_source=share&ref=dvkkqsl5
6LC9s,https://made.example.invalid/e08-02/536-6089?utm_source=share&ref=8hrqobyo
6LC9t,https://made.example.invalid/e08-02/544-6090?utm_source=share&ref=akdkgn11
6LC9u,https://made.example.invalid/e08-02/3-6091?utm_source=share&ref=xuqt5ucf
6LC9v,https://made.example.invalid/e08-02/533-6092?utm_source=share&ref=grm0hylw
6LC9w,https://made.example.invalid/e08-02/524-6093?utm_source=share&ref=95abw04o
6LC9x,https://made.example.invalid/e08-02/540-6094?utm_source=share&ref=esdvo47k
6LC9y,https://made.example.invalid/e08-02/531-6095?utm_source=share&ref=rx6xf51m
6LC9z,https://made.example.invalid/e08-02/522-6096?utm_source=share&ref=28oiri3x
6LC9A,https://made.example.invalid/e08-02/527-6097?utm_source=share&ref=cxf3gmn0
6LC9B,https://made.example.invalid/e08-02/539-6098?utm_source=share&ref=9n9tvqlx
6LC9C,https://made.example.invalid/e08-02/5-6099?utm_source=share&ref=ym6lrukq
6LC9D,https://made.example.invalid/e08-02/548-6100?utm_source=share&ref=iwx1z5zq
6LC9E,https://made.example.invalid/e08-02/21-6101?utm_source=share&ref=aoml9ii9
6LC9F,https://made.example.invalid/e08-02/547-6102?utm_source=share&ref=7owaw3dk
6LC9G,https://made.example.invalid/e08-02/17-6103?utm_source=share&ref=29uq786n
6LC9H,https://made.example.invalid/e08-02/12-6104?utm_source=share&ref=lcxoaav4
6LC9I,https://made.example.invalid/e08-02/10-6105?utm_source=share&ref=124kt22v
6LC9J,https://made.example.invalid/e08-02/514-6106?utm_source=share&ref=z0q9b8oy
6LC9K,https://made.example.invalid/e08-02/517-6107?utm_source=share&ref=wyte8p45
6LC9L,https://made.example.invalid/e08-02/2-6108?utm_source=share&ref=qfaytc56
6LC9M,https://made.example.invalid/e08-02/512-6109?utm_source=share&ref=bh9jcuzl
6LC9P,https://made.example.invalid/e08-02/513-6112?utm_source=share&ref=o2tc98tk
6LC9N,https://made.example.invalid/e08-02/24-6110?utm_source=share&ref=j75jvwez
6LC9O,https://made.example.invalid/e08-02/22-6111?utm_source=share&ref=ism7l98m
6LC9Q,https://made.example.invalid/e08-02/511-6113?utm_source=share&ref=514e7ah9
6LC9R,https://made.example.invalid/e08-02/515-6114?utm_source=share&ref=fwdu03i2
6LC9S,https://made.example.invalid/e08-02/528-6115?utm_source=share&ref=un4zs6q0
6LC9T,https://made.example.invalid/e08-02/516-6116?utm_source=share&ref=8nrdvq6d
6LC9U,https://made.example.invalid/e08-02/523-6117?utm_source=share&ref=kwmk3cn2
6LC9V,https://made.example.invalid/e08-02/13-6118?utm_source=share&ref=uc1jovwz
6LC9W,https://made.example.invalid/e08-02/525-6119?utm_source=share&ref=v3kwvm6b
6LC9X,https://made.example.invalid/e08-02/521-6120?utm_source=share&ref=dkymb4x1
6LC9Y,https://made.example.invalid/e08-02/520-6121?utm_source=share&ref=lxag824p
6LC9Z,https://made.example.invalid/e08-02/518-6122?utm_source=share&ref=0drnl1ps
6LCa0,https://made.example.invalid/e08-02/519-6123?utm_source=share&ref=yt9tx2el
6LCa1,https://made.example.invalid/e08-02/535-6124?utm_source=share&ref=8mqrgm2x
6LCa2,https://made.example.invalid/e08-02/538-6125?utm_source=share&ref=se0ll00i
6LCa3,https://made.example.invalid/e08-02/543-6126?utm_source=share&ref=s2q312dv
6LCa4,https://made.example.invalid/e08-02/546-6127?utm_source=share&ref=s7j2npnr
6LCa5,https://made.example.invalid/e08-02/549-6128?utm_source=share&ref=53deh3rs
6LCa6,https://made.example.invalid/e08-02/529-6129?utm_source=share&ref=hp1agjnc
6LCa7,https://made.example.invalid/e08-02/532-6130?utm_source=share&ref=lrat77f5
6LCa8,https://made.example.invalid/e08-02/542-6131?utm_source=share&ref=b6wwypim
6LCa9,https://made.example.invalid/e08-02/541-6132?utm_source=share&ref=q2whpveu
6LCaa,https://made.example.invalid/e08-02/526-6133?utm_source=share&ref=xdou0897
6LCab,https://made.example.invalid/e08-02/545-6134?utm_source=share&ref=oy25npjy
6LCac,https://made.example.invalid/e08-02/534-6135?utm_source=share&ref=cvdttjsc
6LCad,https://made.example.invalid/e08-02/530-6136?utm_source=share&ref=xf0tcnbp
6LCae,https://made.example.invalid/e08-02/550-6137?utm_source=share&ref=r6kiwfey
6LCaf,https://made.example.invalid/e08-02/537-6138?utm_source=share&ref=z643s4y9
6LCag,https://made.example.invalid/e08-02/536-6139?utm_source=share&ref=yxeu4qew
6LCah,https://made.example.invalid/e08-02/544-6140?utm_source=share&ref=z1vcm877
6LCai,https://made.example.invalid/e08-02/3-6141?utm_source=share&ref=fl1f5pho
6LCaj,https://made.example.invalid/e08-02/533-6142?utm_source=share&ref=bgcbtaw6
6LCak,https://made.example.invalid/e08-02/524-6143?utm_source=share&ref=tnqg1d3j
6LCal,https://made.example.invalid/e08-02/540-6144?utm_source=share&ref=es8amr0h
6LCam,https://made.example.invalid/e08-02/531-6145?utm_source=share&ref=dk9sa4f6
6LCan,https://made.example.invalid/e08-02/522-6146?utm_source=share&ref=9mjxpux1
6LCao,https://made.example.invalid/e08-02/527-6147?utm_source=share&ref=6xz37vfs
6LCap,https://made.example.invalid/e08-02/539-6148?utm_source=share&ref=er25nqqb
6LCaq,https://made.example.invalid/e08-02/5-6149?utm_source=share&ref=led6q791
6LCar,https://made.example.invalid/e08-02/548-6150?utm_source=share&ref=632b3qfb
6LCas,https://made.example.invalid/e08-02/21-6151?utm_source=share&ref=lt5i8j91
6LCat,https://made.example.invalid/e08-02/547-6152?utm_source=share&ref=c2xqerhg
6LCau,https://made.example.invalid/e08-02/17-6153?utm_source=share&ref=e54d58i2
6LCav,https://made.example.invalid/e08-02/12-6154?utm_source=share&ref=mdfo0087
6LCaw,https://made.example.invalid/e08-02/10-6155?utm_source=share&ref=zdidrlva
6LCax,https://made.example.invalid/e08-02/514-6156?utm_source=share&ref=omafton9
6LCay,https://made.example.invalid/e08-02/517-6157?utm_source=share&ref=nb7mi64d
6LCaz,https://made.example.invalid/e08-02/2-6158?utm_source=share&ref=aj9ulvt5
6LCaA,https://made.example.invalid/e08-02/512-6159?utm_source=share&ref=0kqm0bct
6LCaB,https://made.example.invalid/e08-02/513-6160?utm_source=share&ref=c1dzl0e9
6LCaC,https://made.example.invalid/e08-02/24-6161?utm_source=share&ref=7u7nec91
6LCaD,https://made.example.invalid/e08-02/22-6162?utm_source=share&ref=aoyys89j
6LCaE,https://made.example.invalid/e08-02/511-6163?utm_source=share&ref=ctii7h5o
6LCaF,https://made.example.invalid/e08-02/515-6164?utm_source=share&ref=mn5ffyo0
6LCaG,https://made.example.invalid/e08-02/528-6165?utm_source=share&ref=xgttyyn7
6LCaH,https://made.example.invalid/e08-02/516-6166?utm_source=share&ref=rulodaqq
6LCaI,https://made.example.invalid/e08-02/523-6167?utm_source=share&ref=y412hnp3
6LCaJ,https://made.example.invalid/e08-02/13-6168?utm_source=share&ref=noyqz1ee
6LCaK,https://made.example.invalid/e08-02/525-6169?utm_source=share&ref=b5axi39c
6LCaL,https://made.example.invalid/e08-02/521-6170?utm_source=share&ref=10z18qeq
6LCaM,https://made.example.invalid/e08-02/520-6171?utm_source=share&ref=femc8id0
6LCaN,https://made.example.invalid/e08-02/518-6172?utm_source=share&ref=yrg4cypx
6LCaO,https://made.example.invalid/e08-02/519-6173?utm_source=share&ref=d6x3r2ls
6LCaP,https://made.example.invalid/e08-02/535-6174?utm_source=share&ref=t4rxu1ni
6LCaQ,https://made.example.invalid/e08-02/538-6175?utm_source=share&ref=i793bt5o
6LCaR,https://made.example.invalid/e08-02/543-6176?utm_source=share&ref=c3zja2sq
6LCaS,https://made.example.invalid/e08-02/546-6177?utm_source=share&ref=gozde7j7
6LCaT,https://made.example.invalid/e08-02/549-6178?utm_source=share&ref=p2klrgst
6LCaU,https://made.example.invalid/e08-02/529-6179?utm_source=share&ref=9n6s1oah
6LCaV,https://made.example.invalid/e08-02/532-6180?utm_source=share&ref=y67cf52o
6LCaW,https://made.example.invalid/e08-02/542-6181?utm_source=share&ref=pmdxgucy
6LCaX,https://made.example.invalid/e08-02/541-6182?utm_source=share&ref=yqkcrnq6
6LCaY,https://made.example.invalid/e08-02/526-6183?utm_source=share&ref=19wu0adh
6LCaZ,https://made.example.invalid/e08-02/545-6184?utm_source=share&ref=98dc6woe
6LCb0,https://made.example.invalid/e08-02/534-6185?utm_source=share&ref=kcukp4ej
6LCb1,https://made.example.invalid/e08-02/530-6186?utm_source=share&ref=ekfq8uug
6LCb2,https://made.example.invalid/e08-02/550-6187?utm_source=share&ref=mhpmynsz
6LCb3,https://made.example.invalid/e08-02/537-6188?utm_source=share&ref=uq9mq89y
6LCb4,https://made.example.invalid/e08-02/536-6189?utm_source=share&ref=lbb16tkr
6LCb5,https://made.example.invalid/e08-02/544-6190?utm_source=share&ref=dzrh7e1t
6LCb7,https://made.example.invalid/e08-02/533-6192?utm_source=share&ref=2m6rnq1c
6LCb6,https://made.example.invalid/e08-02/3-6191?utm_source=share&ref=r1pm9sev
6LCb8,https://made.example.invalid/e08-02/524-6193?utm_source=share&ref=hyayksd6
6LCb9,https://made.example.invalid/e08-02/540-6194?utm_source=share&ref=rgxxxg1c
6LCba,https://made.example.invalid/e08-02/531-6195?utm_source=share&ref=p29h5hlb
6LCbb,https://made.example.invalid/e08-02/522-6196?utm_source=share&ref=edj3ci54
6LCbc,https://made.example.invalid/e08-02/527-6197?utm_source=share&ref=89e5inuc
6LCbd,https://made.example.invalid/e08-02/539-6198?utm_source=share&ref=v0ul057q
6LCbe,https://made.example.invalid/e08-02/5-6199?utm_source=share&ref=84z2lpwh
6LCbf,https://made.example.invalid/e08-02/548-6200?utm_source=share&ref=xy7gl6fj
6LCbg,https://made.example.invalid/e08-02/21-6201?utm_source=share&ref=081ch2jj
6LCbh,https://made.example.invalid/e08-02/547-6202?utm_source=share&ref=83get9lh
6LCbi,https://made.example.invalid/e08-02/17-6203?utm_source=share&ref=rjwkf5ft
6LCbj,https://made.example.invalid/e08-02/12-6204?utm_source=share&ref=wn02ranf
6LCbk,https://made.example.invalid/e08-02/10-6205?utm_source=share&ref=gisd518h
6LCbl,https://made.example.invalid/e08-02/514-6206?utm_source=share&ref=3qimuo4m
6LCbm,https://made.example.invalid/e08-02/517-6207?utm_source=share&ref=2rve553w
6LCbn,https://made.example.invalid/e08-02/2-6208?utm_source=share&ref=zd1hjj3w
6LCbo,https://made.example.invalid/e08-02/512-6209?utm_source=share&ref=5wxyd8rw
6LCbp,https://made.example.invalid/e08-02/513-6210?utm_source=share&ref=qeys4cim
6LCbq,https://made.example.invalid/e08-02/24-6211?utm_source=share&ref=q5553pyo
6LCbr,https://made.example.invalid/e08-02/22-6212?utm_source=share&ref=pjikzkj2
6LCbs,https://made.example.invalid/e08-02/511-6213?utm_source=share&ref=mnpls81z
6LCbt,https://made.example.invalid/e08-02/515-6214?utm_source=share&ref=tfiwhyws
6LCbu,https://made.example.invalid/e08-02/528-6215?utm_source=share&ref=nf1v7ehc
6LCbv,https://made.example.invalid/e08-02/516-6216?utm_source=share&ref=j8hxwzqc
6LCbw,https://made.example.invalid/e08-02/523-6217?utm_source=share&ref=jfv4bv2f
6LCbx,https://made.example.invalid/e08-02/13-6218?utm_source=share&ref=wo3oek6f
6LCby,https://made.example.invalid/e08-02/525-6219?utm_source=share&ref=122wnlr8
6LCbz,https://made.example.invalid/e08-02/521-6220?utm_source=share&ref=ntyje65w
6LCbA,https://made.example.invalid/e08-02/520-6221?utm_source=share&ref=k67ove0u
6LCbB,https://made.example.invalid/e08-02/518-6222?utm_source=share&ref=ltdm1k9v
6LCbC,https://made.example.invalid/e08-02/519-6223?utm_source=share&ref=0sh3vje4
6LCbD,https://made.example.invalid/e08-02/535-6224?utm_source=share&ref=0d14q8s5
6LCbE,https://made.example.invalid/e08-02/538-6225?utm_source=share&ref=3zwuhmc4
6LCbF,https://made.example.invalid/e08-02/543-6226?utm_source=share&ref=sk4dz744
6LCbG,https://made.example.invalid/e08-02/546-6227?utm_source=share&ref=2pwv8hjf
6LCbH,https://made.example.invalid/e08-02/549-6228?utm_source=share&ref=xy4z0p58
6LCbI,https://made.example.invalid/e08-02/529-6229?utm_source=share&ref=qnwjyb03
6LCbK,https://made.example.invalid/e08-02/542-6231?utm_source=share&ref=8h7712o3
6LCbJ,https://made.example.invalid/e08-02/532-6230?utm_source=share&ref=6c9pqunh
6LCbL,https://made.example.invalid/e08-02/541-6232?utm_source=share&ref=s36pok34
6LCbM,https://made.example.invalid/e08-02/526-6233?utm_source=share&ref=56urn0lp
6LCbN,https://made.example.invalid/e08-02/545-6234?utm_source=share&ref=ngse4ihi
6LCbO,https://made.example.invalid/e08-02/534-6235?utm_source=share&ref=d387wxxu
6LCbP,https://made.example.invalid/e08-02/530-6236?utm_source=share&ref=75iloi4h
6LCbQ,https://made.example.invalid/e08-02/550-6237?utm_source=share&ref=s6aou4pz
6LCbR,https://made.example.invalid/e08-02/537-6238?utm_source=share&ref=ty9cmh03
6LCbS,https://made.example.invalid/e08-02/536-6239?utm_source=share&ref=roo83soe
6LCbT,https://made.example.invalid/e08-02/544-6240?utm_source=share&ref=c36x9z2g
6LCbU,https://made.example.invalid/e08-02/533-6241?utm_source=share&ref=blu9y4il
6LCbV,https://made.example.invalid/e08-02/3-6242?utm_source=share&ref=wunxx8a4
6LCbW,https://made.example.invalid/e08-02/524-6243?utm_source=share&ref=ujutzk40
6LCbX,https://made.example.invalid/e08-02/540-6244?utm_source=share&ref=514ao0hn
6LCbY,https://made.example.invalid/e08-02/531-6245?utm_source=share&ref=264kkqef
6LCbZ,https://made.example.invalid/e08-02/522-6246?utm_source=share&ref=kfqtoo1e
6LCc0,https://made.example.invalid/e08-02/527-6247?utm_source=share&ref=bnyn9g8l
6LCc1,https://made.example.invalid/e08-02/539-6248?utm_source=share&ref=xzjuglht
6LCc2,https://made.example.invalid/e08-02/5-6249?utm_source=share&ref=oxkfvzt7
6LCc3,https://made.example.invalid/e08-02/548-6250?utm_source=share&ref=pswzv5r2
6LCc4,https://made.example.invalid/e08-02/21-6251?utm_source=share&ref=c3rivb4z
6LCc5,https://made.example.invalid/e08-02/547-6252?utm_source=share&ref=yep6o1p0
6LCc6,https://made.example.invalid/e08-02/17-6253?utm_source=share&ref=wmx91grq
6LCc7,https://made.example.invalid/e08-02/12-6254?utm_source=share&ref=g560omjj
6LCc8,https://made.example.invalid/e08-02/10-6255?utm_source=share&ref=kuhkrvj5
6LCc9,https://made.example.invalid/e08-02/514-6256?utm_source=share&ref=ebvbagru
6LCca,https://made.example.invalid/e08-02/517-6257?utm_source=share&ref=74eazdgm
6LCcb,https://made.example.invalid/e08-02/2-6258?utm_source=share&ref=l06ws3t7
6LCcc,https://made.example.invalid/e08-02/512-6259?utm_source=share&ref=kubg6kah
6LCcd,https://made.example.invalid/e08-02/513-6260?utm_source=share&ref=y6u3wvho
6LCce,https://made.example.invalid/e08-02/24-6261?utm_source=share&ref=fsaons9g
6LCcf,https://made.example.invalid/e08-02/22-6262?utm_source=share&ref=g6a45uzh
6LCcg,https://made.example.invalid/e08-02/511-6263?utm_source=share&ref=pegfhzmd
6LCch,https://made.example.invalid/e08-02/515-6264?utm_source=share&ref=04vw5q23
6LCci,https://made.example.invalid/e08-02/528-6265?utm_source=share&ref=k9iwy0k0
6LCcj,https://made.example.invalid/e08-02/516-6266?utm_source=share&ref=5foa2v6t
6LCck,https://made.example.invalid/e08-02/523-6267?utm_source=share&ref=luc5papv
6LCcl,https://made.example.invalid/e08-02/13-6268?utm_source=share&ref=j3k9m844
6LCcm,https://made.example.invalid/e08-02/525-6269?utm_source=share&ref=jdl3l2f4
6LCcn,https://made.example.invalid/e08-02/521-6270?utm_source=share&ref=ns4mxjmw
6LCco,https://made.example.invalid/e08-02/520-6271?utm_source=share&ref=lnklr3t4
6LCcp,https://made.example.invalid/e08-02/518-6272?utm_source=share&ref=5qqy7fut
6LCcq,https://made.example.invalid/e08-02/519-6273?utm_source=share&ref=hsw7m1zc
6LCcr,https://made.example.invalid/e08-02/535-6274?utm_source=share&ref=szosl357
6LCcs,https://made.example.invalid/e08-02/538-6275?utm_source=share&ref=3wpxx6bc
6LCct,https://made.example.invalid/e08-02/543-6276?utm_source=share&ref=4cdkqlee
6LCcu,https://made.example.invalid/e08-02/546-6277?utm_source=share&ref=5bl4mwqo
6LCcv,https://made.example.invalid/e08-02/549-6278?utm_source=share&ref=drsoo2gl
6LCcw,https://made.example.invalid/e08-02/529-6279?utm_source=share&ref=egsrypi8
6LCcx,https://made.example.invalid/e08-02/542-6280?utm_source=share&ref=jyv37bef
6LCcy,https://made.example.invalid/e08-02/532-6281?utm_source=share&ref=yroyawil
6LCcz,https://made.example.invalid/e08-02/541-6282?utm_source=share&ref=6wxr7ro2
6LCcA,https://made.example.invalid/e08-02/526-6283?utm_source=share&ref=333um0sl
6LCcB,https://made.example.invalid/e08-02/545-6284?utm_source=share&ref=ttbpv95a
6LCcC,https://made.example.invalid/e08-02/534-6285?utm_source=share&ref=32sajfp7
6LCcD,https://made.example.invalid/e08-02/530-6286?utm_source=share&ref=ygtto8wy
6LCcE,https://made.example.invalid/e08-02/550-6287?utm_source=share&ref=v7wuw71n
6LCcF,https://made.example.invalid/e08-02/537-6288?utm_source=share&ref=sojwukz6
6LCcG,https://made.example.invalid/e08-02/536-6289?utm_source=share&ref=u9vtzf3u
6LCcH,https://made.example.invalid/e08-02/544-6290?utm_source=share&ref=58dey9z8
6LCcI,https://made.example.invalid/e08-02/533-6291?utm_source=share&ref=y9o7lngv
6LCcJ,https://made.example.invalid/e08-02/3-6292?utm_source=share&ref=yslg1dxh
6LCcK,https://made.example.invalid/e08-02/524-6293?utm_source=share&ref=mabt49op
6LCcL,https://made.example.invalid/e08-02/540-6294?utm_source=share&ref=d9bdtpda
6LCcM,https://made.example.invalid/e08-02/531-6295?utm_source=share&ref=xn9iru3p
6LCcN,https://made.example.invalid/e08-02/522-6296?utm_source=share&ref=ru5keou6
6LCcO,https://made.example.invalid/e08-02/527-6297?utm_source=share&ref=okn1lpen
6LCcP,https://made.example.invalid/e08-02/539-6298?utm_source=share&ref=gribeo8p
6LCcQ,https://made.example.invalid/e08-02/5-6299?utm_source=share&ref=80yr5x18
6LCcR,https://made.example.invalid/e08-02/548-6300?utm_source=share&ref=q86fyxec
6LCcS,https://made.example.invalid/e08-02/21-6301?utm_source=share&ref=j5xzo29y
6LCcT,https://made.example.invalid/e08-02/547-6302?utm_source=share&ref=qu1pxr5z
6LCcU,https://made.example.invalid/e08-02/17-6303?utm_source=share&ref=pu0dvnm4
6LCcV,https://made.example.invalid/e08-02/12-6304?utm_source=share&ref=ow8ieo2d
6LCcW,https://made.example.invalid/e08-02/10-6305?utm_source=share&ref=6w5ftbd4
6LCcX,https://made.example.invalid/e08-02/514-6306?utm_source=share&ref=xev6shwk
6LCcY,https://made.example.invalid/e08-02/517-6307?utm_source=share&ref=4bblcgft
6LCcZ,https://made.example.invalid/e08-02/2-6308?utm_source=share&ref=syuoaw8a
6LCd0,https://made.example.invalid/e08-02/512-6309?utm_source=share&ref=56k8qmur
6LCd1,https://made.example.invalid/e08-02/513-6310?utm_source=share&ref=7uvb5mq8
6LCd3,https://made.example.invalid/e08-02/22-6312?utm_source=share&ref=8oozpvxm
6LCd2,https://made.example.invalid/e08-02/24-6311?utm_source=share&ref=2xjyd9mz
6LCd4,https://made.example.invalid/e08-02/511-6313?utm_source=share&ref=anlnpiz0
6LCd5,https://made.example.invalid/e08-02/515-6314?utm_source=share&ref=wd2lf255
6LCd6,https://made.example.invalid/e08-02/528-6315?utm_source=share&ref=pwg6yebd
6LCd7,https://made.example.invalid/e08-02/516-6316?utm_source=share&ref=lgr1hyda
6LCd8,https://made.example.invalid/e08-02/523-6317?utm_source=share&ref=9px5m3lc
6LCd9,https://made.example.invalid/e08-02/13-6318?utm_source=share&ref=pp4x4epa
6LCda,https://made.example.invalid/e08-02/525-6319?utm_source=share&ref=10b3zwh8
6LCdb,https://made.example.invalid/e08-02/521-6320?utm_source=share&ref=23nusz90
6LCdc,https://made.example.invalid/e08-02/520-6321?utm_source=share&ref=osnurkk3
6LCdd,https://made.example.invalid/e08-02/518-6322?utm_source=share&ref=w2k5dvcv
6LCde,https://made.example.invalid/e08-02/519-6323?utm_source=share&ref=5sribphi
6LCdf,https://made.example.invalid/e08-02/535-6324?utm_source=share&ref=98daegdt
6LCdg,https://made.example.invalid/e08-02/538-6325?utm_source=share&ref=o4ulo7ty
6LCdh,https://made.example.invalid/e08-02/543-6326?utm_source=share&ref=qa97cfat
6LCdi,https://made.example.invalid/e08-02/546-6327?utm_source=share&ref=wxawrc4q
6LCdj,https://made.example.invalid/e08-02/549-6328?utm_source=share&ref=kk3fh4bu
6LCdk,https://made.example.invalid/e08-02/529-6329?utm_source=share&ref=il9jbmvh
6LCdl,https://made.example.invalid/e08-02/542-6330?utm_source=share&ref=pfdj41k6
6LCdm,https://made.example.invalid/e08-02/532-6331?utm_source=share&ref=ikmoqlml
6LCdn,https://made.example.invalid/e08-02/541-6332?utm_source=share&ref=nf4ovuw6
6LCdo,https://made.example.invalid/e08-02/526-6333?utm_source=share&ref=z5z5asy9
6LCdp,https://made.example.invalid/e08-02/545-6334?utm_source=share&ref=z07o6wh9
6LCdq,https://made.example.invalid/e08-02/534-6335?utm_source=share&ref=cc3qsftc
6LCdr,https://made.example.invalid/e08-02/530-6336?utm_source=share&ref=os3rush2
6LCds,https://made.example.invalid/e08-02/550-6337?utm_source=share&ref=y7khze89
6LCdt,https://made.example.invalid/e08-02/537-6338?utm_source=share&ref=culpx216
6LCdu,https://made.example.invalid/e08-02/536-6339?utm_source=share&ref=lbu7us9r
6LCdv,https://made.example.invalid/e08-02/544-6340?utm_source=share&ref=xvdz9ocr
6LCdw,https://made.example.invalid/e08-02/533-6341?utm_source=share&ref=z3mjlr84
6LCdx,https://made.example.invalid/e08-02/3-6342?utm_source=share&ref=oh0bz5tq
6LCdy,https://made.example.invalid/e08-02/524-6343?utm_source=share&ref=fkm94uqb
6LCdz,https://made.example.invalid/e08-02/540-6344?utm_source=share&ref=wh5rzqyj
6LCdA,https://made.example.invalid/e08-02/531-6345?utm_source=share&ref=ybaav1zd
6LCdB,https://made.example.invalid/e08-02/522-6346?utm_source=share&ref=mop9bwh7
6LCdC,https://made.example.invalid/e08-02/527-6347?utm_source=share&ref=n9jm06vo
6LCdD,https://made.example.invalid/e08-02/539-6348?utm_source=share&ref=0ie0bge4
6LCdE,https://made.example.invalid/e08-02/5-6349?utm_source=share&ref=yikv66hn
6LCdF,https://made.example.invalid/e08-02/548-6350?utm_source=share&ref=kkggi2fw
6LCdG,https://made.example.invalid/e08-02/21-6351?utm_source=share&ref=lszouuj8
6LCdI,https://made.example.invalid/e08-02/17-6353?utm_source=share&ref=8kss3kby
6LCdH,https://made.example.invalid/e08-02/547-6352?utm_source=share&ref=c7uybbm4
6LCdJ,https://made.example.invalid/e08-02/12-6354?utm_source=share&ref=89ji4j0t
6LCdK,https://made.example.invalid/e08-02/10-6355?utm_source=share&ref=ro7d0jjg
6LCdL,https://made.example.invalid/e08-02/514-6356?utm_source=share&ref=0pgydvyl
6LCdM,https://made.example.invalid/e08-02/517-6357?utm_source=share&ref=s7lm9mz8
6LCdN,https://made.example.invalid/e08-02/2-6358?utm_source=share&ref=52dj5kyj
6LCdO,https://made.example.invalid/e08-02/512-6359?utm_source=share&ref=khaxdcqh
6LCdP,https://made.example.invalid/e08-02/513-6360?utm_source=share&ref=i6fawqrk
6LCdQ,https://made.example.invalid/e08-02/22-6361?utm_source=share&ref=ki7rjdju
6LCdR,https://made.example.invalid/e08-02/24-6362?utm_source=share&ref=13028oo1
6LCdS,https://made.example.invalid/e08-02/511-6363?utm_source=share&ref=530jag4c
6LCdT,https://made.example.invalid/e08-02/515-6364?utm_source=share&ref=5v0lxh23
6LCdU,https://made.example.invalid/e08-02/528-6365?utm_source=share&ref=o7qo3oks
6LCdV,https://made.example.invalid/e08-02/516-6366?utm_source=share&ref=abh8envx
6LCdW,https://made.example.invalid/e08-02/523-6367?utm_source=share&ref=jn4j6nqt
6LCdX,https://made.example.invalid/e08-02/13-6368?utm_source=share&ref=hec3yv0c
6LCdY,https://made.example.invalid/e08-02/525-6369?utm_source=share&ref=tcjput9g
6LCdZ,https://made.example.invalid/e08-02/521-6370?utm_source=share&ref=ntzm1cjp
6LCe0,https://made.example.invalid/e08-02/520-6371?utm_source=share&ref=77ry2qf8
6LCe1,https://made.example.invalid/e08-02/518-6372?utm_source=share&ref=rbhkl9tm
6LCe2,https://made.example.invalid/e08-02/519-6373?utm_source=share&ref=fr1filsh
6LCe3,https://made.example.invalid/e08-02/535-6374?utm_source=share&ref=add68k0q
6LCe4,https://made.example.invalid/e08-02/538-6375?utm_source=share&ref=9e0vgzxx
6LCe5,https://made.example.invalid/e08-02/543-6376?utm_source=share&ref=ny38zhza
6LCe6,https://made.example.invalid/e08-02/546-6377?utm_source=share&ref=ga3v0rom
6LCe7,https://made.example.invalid/e08-02/549-6378?utm_source=share&ref=o6j70mjy
6LCe8,https://made.example.invalid/e08-02/529-6379?utm_source=share&ref=8pw1umo8
6LCe9,https://made.example.invalid/e08-02/542-6380?utm_source=share&ref=g9g0txlt
6LCea,https://made.example.invalid/e08-02/532-6381?utm_source=share&ref=ylfukg9z
6LCeb,https://made.example.invalid/e08-02/541-6382?utm_source=share&ref=zmmo4dtd
6LCec,https://made.example.invalid/e08-02/526-6383?utm_source=share&ref=la36wbsu
6LCed,https://made.example.invalid/e08-02/545-6384?utm_source=share&ref=wa3krge4
6LCee,https://made.example.invalid/e08-02/534-6385?utm_source=share&ref=sss9t714
6LCef,https://made.example.invalid/e08-02/530-6386?utm_source=share&ref=wkeqysay
6LCeg,https://made.example.invalid/e08-02/550-6387?utm_source=share&ref=l3s6ipan
6LCeh,https://made.example.invalid/e08-02/537-6388?utm_source=share&ref=s4v0yb4v
6LCei,https://made.example.invalid/e08-02/536-6389?utm_source=share&ref=zoje7ui7
6LCej,https://made.example.invalid/e08-02/544-6390?utm_source=share&ref=11ha1x6y
6LCek,https://made.example.invalid/e08-02/533-6391?utm_source=share&ref=b7azvkkm
6LCel,https://made.example.invalid/e08-02/3-6392?utm_source=share&ref=idhn731t
6LCem,https://made.example.invalid/e08-02/524-6393?utm_source=share&ref=6spo8jld
6LCen,https://made.example.invalid/e08-02/540-6394?utm_source=share&ref=x2ywqvu4
6LCeo,https://made.example.invalid/e08-02/531-6395?utm_source=share&ref=taypo6m5
6LCep,https://made.example.invalid/e08-02/522-6396?utm_source=share&ref=3arsdk7u
6LCeq,https://made.example.invalid/e08-02/527-6397?utm_source=share&ref=f98x98yh
6LCer,https://made.example.invalid/e08-02/539-6398?utm_source=share&ref=t64o4qks
6LCes,https://made.example.invalid/e08-02/5-6399?utm_source=share&ref=2ql3vr8h
6LCet,https://made.example.invalid/e08-02/548-6400?utm_source=share&ref=2vslazi7
6LCeu,https://made.example.invalid/e08-02/21-6401?utm_source=share&ref=2ypnefao
6LCev,https://made.example.invalid/e08-02/17-6402?utm_source=share&ref=uofmgo42
6LCew,https://made.example.invalid/e08-02/547-6403?utm_source=share&ref=yk1zf95l
6LCex,https://made.example.invalid/e08-02/12-6404?utm_source=share&ref=iqedzjrl
6LCey,https://made.example.invalid/e08-02/10-6405?utm_source=share&ref=ow186mvo
6LCez,https://made.example.invalid/e08-02/514-6406?utm_source=share&ref=ouqcf8mx
6LCeA,https://made.example.invalid/e08-02/517-6407?utm_source=share&ref=zvz2wysd
6LCeB,https://made.example.invalid/e08-02/2-6408?utm_source=share&ref=06za8wpc
6LCeC,https://made.example.invalid/e08-02/512-6409?utm_source=share&ref=xagho2kd
6LCeD,https://made.example.invalid/e08-02/513-6410?utm_source=share&ref=ct7nr3vp
6LCeE,https://made.example.invalid/e08-02/22-6411?utm_source=share&ref=r3sx6gj2
6LCeF,https://made.example.invalid/e08-02/24-6412?utm_source=share&ref=athhz0pd
6LCeG,https://made.example.invalid/e08-02/511-6413?utm_source=share&ref=krjcgv61
6LCeH,https://made.example.invalid/e08-02/515-6414?utm_source=share&ref=yxpv6l7r
6LCeI,https://made.example.invalid/e08-02/528-6415?utm_source=share&ref=mvy0hhob
6LCeJ,https://made.example.invalid/e08-02/516-6416?utm_source=share&ref=felpbm5d
6LCeK,https://made.example.invalid/e08-02/523-6417?utm_source=share&ref=hd1kqimt
6LCeL,https://made.example.invalid/e08-02/13-6418?utm_source=share&ref=0k0y9aqv
6LCeM,https://made.example.invalid/e08-02/525-6419?utm_source=share&ref=znv81beb
6LCeN,https://made.example.invalid/e08-02/521-6420?utm_source=share&ref=3baexrjx
6LCeO,https://made.example.invalid/e08-02/520-6421?utm_source=share&ref=0zv1kcoz
6LCeP,https://made.example.invalid/e08-02/518-6422?utm_source=share&ref=ccv0na5b
6LCeQ,https://made.example.invalid/e08-02/519-6423?utm_source=share&ref=r67e3kcy
6LCeR,https://made.example.invalid/e08-02/535-6424?utm_source=share&ref=cbaknlea
6LCeS,https://made.example.invalid/e08-02/538-6425?utm_source=share&ref=wwbjxtik
6LCeT,https://made.example.invalid/e08-02/543-6426?utm_source=share&ref=4u6iv9nv
6LCeU,https://made.example.invalid/e08-02/546-6427?utm_source=share&ref=3k4qua0f
6LCeV,https://made.example.invalid/e08-02/549-6428?utm_source=share&ref=0t0cry66
6LCeW,https://made.example.invalid/e08-02/529-6429?utm_source=share&ref=arlzxtlv
6LCeX,https://made.example.invalid/e08-02/542-6430?utm_source=share&ref=v2mrkrct
6LCeY,https://made.example.invalid/e08-02/532-6431?utm_source=share&ref=wsx57hz5
6LCeZ,https://made.example.invalid/e08-02/541-6432?utm_source=share&ref=7srufs5o
6LCf0,https://made.example.invalid/e08-02/526-6433?utm_source=share&ref=ephpbyvy
6LCf1,https://made.example.invalid/e08-02/545-6434?utm_source=share&ref=fs34c0qn
6LCf2,https://made.example.invalid/e08-02/534-6435?utm_source=share&ref=d12uzzaa
6LCf3,https://made.example.invalid/e08-02/530-6436?utm_source=share&ref=4b9dcbmc
6LCf4,https://made.example.invalid/e08-02/550-6437?utm_source=share&ref=irwwiw96
6LCf5,https://made.example.invalid/e08-02/537-6438?utm_source=share&ref=aclgwjlj
6LCf6,https://made.example.invalid/e08-02/536-6439?utm_source=share&ref=kxeh4rwq
6LCf7,https://made.example.invalid/e08-02/544-6440?utm_source=share&ref=xwwqe5tk
6LCf8,https://made.example.invalid/e08-02/533-6441?utm_source=share&ref=9pw605t9
6LCf9,https://made.example.invalid/e08-02/3-6442?utm_source=share&ref=zjnzrfgf
6LCfa,https://made.example.invalid/e08-02/524-6443?utm_source=share&ref=tkwqx3f5
6LCfb,https://made.example.invalid/e08-02/540-6444?utm_source=share&ref=3k0328z8
6LCfc,https://made.example.invalid/e08-02/531-6445?utm_source=share&ref=x3lgftkv
6LCfd,https://made.example.invalid/e08-02/522-6446?utm_source=share&ref=g9ll3cb6
6LCfe,https://made.example.invalid/e08-02/527-6447?utm_source=share&ref=744nwyzw
6LCff,https://made.example.invalid/e08-02/539-6448?utm_source=share&ref=y11kl1og
6LCfg,https://made.example.invalid/e08-02/5-6449?utm_source=share&ref=t1g1u4dd
6LCfh,https://made.example.invalid/e08-02/548-6450?utm_source=share&ref=5y1qndfj
6LCfi,https://made.example.invalid/e08-02/21-6451?utm_source=share&ref=h93ay8v3
6LCfj,https://made.example.invalid/e08-02/17-6452?utm_source=share&ref=qmo8gf14
6LCfk,https://made.example.invalid/e08-02/547-6453?utm_source=share&ref=ehr58hrm
6LCfl,https://made.example.invalid/e08-02/12-6454?utm_source=share&ref=aaj8n436
6LCfm,https://made.example.invalid/e08-02/10-6455?utm_source=share&ref=1dwoorbl
6LCfn,https://made.example.invalid/e08-02/514-6456?utm_source=share&ref=2yqbzuj4
6LCfo,https://made.example.invalid/e08-02/517-6457?utm_source=share&ref=nretbgkq
6LCfp,https://made.example.invalid/e08-02/2-6458?utm_source=share&ref=txdojeit
6LCfq,https://made.example.invalid/e08-02/512-6459?utm_source=share&ref=7acajbhq
6LCfr,https://made.example.invalid/e08-02/513-6460?utm_source=share&ref=aa42uy7u
6LCfs,https://made.example.invalid/e08-02/22-6461?utm_source=share&ref=n5g3tlyy
6LCft,https://made.example.invalid/e08-02/24-6462?utm_source=share&ref=brg6bdbj
6LCfu,https://made.example.invalid/e08-02/511-6463?utm_source=share&ref=35g8fq6c
6LCfv,https://made.example.invalid/e08-02/515-6464?utm_source=share&ref=4vcpk9qw
6LCfw,https://made.example.invalid/e08-02/528-6465?utm_source=share&ref=64ff9x19
6LCfx,https://made.example.invalid/e08-02/516-6466?utm_source=share&ref=2a1uvbp7
6LCfy,https://made.example.invalid/e08-02/523-6467?utm_source=share&ref=94llco8j
6LCfz,https://made.example.invalid/e08-02/13-6468?utm_source=share&ref=12i8xfv1
6LCfA,https://made.example.invalid/e08-02/525-6469?utm_source=share&ref=449ctmxa
6LCfB,https://made.example.invalid/e08-02/521-6470?utm_source=share&ref=7klba25f
6LCfD,https://made.example.invalid/e08-02/518-6472?utm_source=share&ref=exeobuio
6LCfC,https://made.example.invalid/e08-02/520-6471?utm_source=share&ref=13kdfch0
6LCfE,https://made.example.invalid/e08-02/519-6473?utm_source=share&ref=a07okwql
6LCfF,https://made.example.invalid/e08-02/535-6474?utm_source=share&ref=bnfeu9q6
6LCfG,https://made.example.invalid/e08-02/538-6475?utm_source=share&ref=o9x798cq
6LCfH,https://made.example.invalid/e08-02/543-6476?utm_source=share&ref=a3ppjvrf
6LCfI,https://made.example.invalid/e08-02/546-6477?utm_source=share&ref=z6cpwocm
6LCfJ,https://made.example.invalid/e08-02/549-6478?utm_source=share&ref=bb66s5tj
6LCfK,https://made.example.invalid/e08-02/529-6479?utm_source=share&ref=a60bkf4p
6LCfL,https://made.example.invalid/e08-02/542-6480?utm_source=share&ref=6yghbi41
6LCfM,https://made.example.invalid/e08-02/532-6481?utm_source=share&ref=aygkjua7
6LCfN,https://made.example.invalid/e08-02/541-6482?utm_source=share&ref=0j08zk9e
6LCfO,https://made.example.invalid/e08-02/526-6483?utm_source=share&ref=xcoi0lph
6LCfP,https://made.example.invalid/e08-02/545-6484?utm_source=share&ref=888efzgh
6LCfQ,https://made.example.invalid/e08-02/534-6485?utm_source=share&ref=vnufgd09
6LCfR,https://made.example.invalid/e08-02/530-6486?utm_source=share&ref=x2pv4mmv
6LCfS,https://made.example.invalid/e08-02/550-6487?utm_source=share&ref=sp0fr0yr
6LCfT,https://made.example.invalid/e08-02/537-6488?utm_source=share&ref=g2wp5tdx
6LCfU,https://made.example.invalid/e08-02/536-6489?utm_source=share&ref=zm1evm9a
6LCfV,https://made.example.invalid/e08-02/544-6490?utm_source=share&ref=zbczbxq2
6LCfW,https://made.example.invalid/e08-02/533-6491?utm_source=share&ref=axa29a8x
6LCfX,https://made.example.invalid/e08-02/3-6492?utm_source=share&ref=fi4qnkm3
6LCfY,https://made.example.invalid/e08-02/524-6493?utm_source=share&ref=jzpnzjmz
6LCfZ,https://made.example.invalid/e08-02/540-6494?utm_source=share&ref=wfefde2f
6LCg0,https://made.example.invalid/e08-02/531-6495?utm_source=share&ref=gof1fwq5
6LCg1,https://made.example.invalid/e08-02/522-6496?utm_source=share&ref=91fc05we
6LCg2,https://made.example.invalid/e08-02/527-6497?utm_source=share&ref=gx05rsyz
6LCg3,https://made.example.invalid/e08-02/539-6498?utm_source=share&ref=zyyhjhjq
6LCg4,https://made.example.invalid/e08-02/5-6499?utm_source=share&ref=miudpqyu
6LCg5,https://made.example.invalid/e08-02/548-6500?utm_source=share&ref=dxgnyu9f
6LCg6,https://made.example.invalid/e08-02/21-6501?utm_source=share&ref=qoy4v4ga
6LCg7,https://made.example.invalid/e08-02/17-6502?utm_source=share&ref=jkehasf8
6LCg8,https://made.example.invalid/e08-02/547-6503?utm_source=share&ref=omlcbn3i
6LCg9,https://made.example.invalid/e08-02/12-6504?utm_source=share&ref=brc6fuuv
6LCga,https://made.example.invalid/e08-02/10-6505?utm_source=share&ref=z5to0s2n
6LCgb,https://made.example.invalid/e08-02/514-6506?utm_source=share&ref=a84rihnc
6LCgc,https://made.example.invalid/e08-02/517-6507?utm_source=share&ref=rssn1s2p
6LCgd,https://made.example.invalid/e08-02/2-6508?utm_source=share&ref=7m7pp3gz
6LCge,https://made.example.invalid/e08-02/512-6509?utm_source=share&ref=0zebmjeg
6LCgf,https://made.example.invalid/e08-02/513-6510?utm_source=share&ref=515bmon5
6LCgh,https://made.example.invalid/e08-02/24-6512?utm_source=share&ref=spif1v10
6LCgg,https://made.example.invalid/e08-02/22-6511?utm_source=share&ref=r959c0vd
6LCgi,https://made.example.invalid/e08-02/511-6513?utm_source=share&ref=m67usoqo
6LCgj,https://made.example.invalid/e08-02/515-6514?utm_source=share&ref=k5cfyxja
6LCgk,https://made.example.invalid/e08-02/528-6515?utm_source=share&ref=677reaum
6LCgl,https://made.example.invalid/e08-02/516-6516?utm_source=share&ref=2h8k1rtx
6LCgm,https://made.example.invalid/e08-02/523-6517?utm_source=share&ref=hll8rzy2
6LCgn,https://made.example.invalid/e08-02/13-6518?utm_source=share&ref=inktfad1
6LCgo,https://made.example.invalid/e08-02/525-6519?utm_source=share&ref=rljqip0r
6LCgp,https://made.example.invalid/e08-02/521-6520?utm_source=share&ref=6z0hn7nr
6LCgq,https://made.example.invalid/e08-02/518-6521?utm_source=share&ref=hh3yy3z0
6LCgr,https://made.example.invalid/e08-02/520-6522?utm_source=share&ref=7ped9738
6LCgs,https://made.example.invalid/e08-02/519-6523?utm_source=share&ref=y1l8dmpz
6LCgt,https://made.example.invalid/e08-02/535-6524?utm_source=share&ref=6juc6qbq
6LCgu,https://made.example.invalid/e08-02/538-6525?utm_source=share&ref=2r80z3zt
6LCgv,https://made.example.invalid/e08-02/543-6526?utm_source=share&ref=q1o5cuak
6LCgw,https://made.example.invalid/e08-02/546-6527?utm_source=share&ref=79gt9tie
6LCgx,https://made.example.invalid/e08-02/549-6528?utm_source=share&ref=tbcbv3oq
6LCgy,https://made.example.invalid/e08-02/529-6529?utm_source=share&ref=bjabqtna
6LCgz,https://made.example.invalid/e08-02/542-6530?utm_source=share&ref=nq4e6kx9
6LCgA,https://made.example.invalid/e08-02/532-6531?utm_source=share&ref=6ya1lnhd
6LCgB,https://made.example.invalid/e08-02/541-6532?utm_source=share&ref=h4rzd2hk
6LCgC,https://made.example.invalid/e08-02/526-6533?utm_source=share&ref=cp2ju1zh
6LCgD,https://made.example.invalid/e08-02/545-6534?utm_source=share&ref=ir6icw7d
6LCgE,https://made.example.invalid/e08-02/534-6535?utm_source=share&ref=9p7wet9y
6LCgF,https://made.example.invalid/e08-02/530-6536?utm_source=share&ref=f7dy4gdj
6LCgG,https://made.example.invalid/e08-02/550-6537?utm_source=share&ref=8vbacnx0
6LCgH,https://made.example.invalid/e08-02/537-6538?utm_source=share&ref=o8c8tna5
6LCgI,https://made.example.invalid/e08-02/536-6539?utm_source=share&ref=9qg1z0g6
6LCgJ,https://made.example.invalid/e08-02/544-6540?utm_source=share&ref=wsxld15l
6LCgK,https://made.example.invalid/e08-02/533-6541?utm_source=share&ref=jj5xwb98
6LCgL,https://made.example.invalid/e08-02/3-6542?utm_source=share&ref=fvs9cs14
6LCgM,https://made.example.invalid/e08-02/524-6543?utm_source=share&ref=psv46a64
6LCgN,https://made.example.invalid/e08-02/540-6544?utm_source=share&ref=4hucnpah
6LCgO,https://made.example.invalid/e08-02/531-6545?utm_source=share&ref=a8w1d9ej
6LCgP,https://made.example.invalid/e08-02/522-6546?utm_source=share&ref=rot6f7wh
6LCgQ,https://made.example.invalid/e08-02/527-6547?utm_source=share&ref=hk44plu8
6LCgR,https://made.example.invalid/e08-02/539-6548?utm_source=share&ref=76p7uxap
6LCgS,https://made.example.invalid/e08-02/5-6549?utm_source=share&ref=exol0g7z
6LCgT,https://made.example.invalid/e08-02/548-6550?utm_source=share&ref=igugx7i1
6LCgV,https://made.example.invalid/e08-02/17-6552?utm_source=share&ref=ddu2sk62
6LCgU,https://made.example.invalid/e08-02/21-6551?utm_source=share&ref=9qlc621z
6LCgW,https://made.example.invalid/e08-02/547-6553?utm_source=share&ref=952g475c
6LCgX,https://made.example.invalid/e08-02/12-6554?utm_source=share&ref=umjgugvs
6LCgY,https://made.example.invalid/e08-02/10-6555?utm_source=share&ref=liz762yv
6LCgZ,https://made.example.invalid/e08-02/514-6556?utm_source=share&ref=5ig3rkzi
6LCh0,https://made.example.invalid/e08-02/517-6557?utm_source=share&ref=susoyvh5
6LCh1,https://made.example.invalid/e08-02/2-6558?utm_source=share&ref=fqliqepv
6LCh2,https://made.example.invalid/e08-02/512-6559?utm_source=share&ref=zt92d7ti
6LCh3,https://made.example.invalid/e08-02/513-6560?utm_source=share&ref=d808h7b4
6LCh4,https://made.example.invalid/e08-02/24-6561?utm_source=share&ref=ex6yw0ak
6LCh5,https://made.example.invalid/e08-02/22-6562?utm_source=share&ref=ckyj3mw8
6LCh6,https://made.example.invalid/e08-02/511-6563?utm_source=share&ref=wl2yk0e7
6LCh7,https://made.example.invalid/e08-02/515-6564?utm_source=share&ref=7m7sl9vm
6LCh8,https://made.example.invalid/e08-02/528-6565?utm_source=share&ref=rwjcm7vh
6LCh9,https://made.example.invalid/e08-02/516-6566?utm_source=share&ref=b5qtaqvr
6LCha,https://made.example.invalid/e08-02/523-6567?utm_source=share&ref=e0rb5qcp
6LChb,https://made.example.invalid/e08-02/13-6568?utm_source=share&ref=68bro4ki
6LChc,https://made.example.invalid/e08-02/525-6569?utm_source=share&ref=m08dks3c
6LChd,https://made.example.invalid/e08-02/521-6570?utm_source=share&ref=8pwb798i
6LChe,https://made.example.invalid/e08-02/518-6571?utm_source=share&ref=pjp5ikci
6LChf,https://made.example.invalid/e08-02/520-6572?utm_source=share&ref=2m45sf2g
6LChg,https://made.example.invalid/e08-02/519-6573?utm_source=share&ref=8u3ki3ce
6LChh,https://made.example.invalid/e08-02/535-6574?utm_source=share&ref=gby4q4rw
6LChi,https://made.example.invalid/e08-02/538-6575?utm_source=share&ref=x0estwpd
6LChj,https://made.example.invalid/e08-02/543-6576?utm_source=share&ref=nxoo15ne
6LChk,https://made.example.invalid/e08-02/546-6577?utm_source=share&ref=sqmhmuhc
6LChl,https://made.example.invalid/e08-02/549-6578?utm_source=share&ref=hzjlye5l
6LChm,https://made.example.invalid/e08-02/529-6579?utm_source=share&ref=8l5wsov1
6LChn,https://made.example.invalid/e08-02/542-6580?utm_source=share&ref=f0hv9jtd
6LCho,https://made.example.invalid/e08-02/532-6581?utm_source=share&ref=cdmhbebm
6LChp,https://made.example.invalid/e08-02/541-6582?utm_source=share&ref=736wgoom
6LChq,https://made.example.invalid/e08-02/526-6583?utm_source=share&ref=wocpeerj
6LChr,https://made.example.invalid/e08-02/545-6584?utm_source=share&ref=pke288j2
6LChs,https://made.example.invalid/e08-02/534-6585?utm_source=share&ref=jlk0w4zu
6LCht,https://made.example.invalid/e08-02/530-6586?utm_source=share&ref=d9otl9zt
6LChu,https://made.example.invalid/e08-02/550-6587?utm_source=share&ref=tysb1qok
6LChv,https://made.example.invalid/e08-02/537-6588?utm_source=share&ref=r671p1a1
6LChw,https://made.example.invalid/e08-02/536-6589?utm_source=share&ref=53dj2gzi
6LChx,https://made.example.invalid/e08-02/544-6590?utm_source=share&ref=j5k8ggo4
6LChz,https://made.example.invalid/e08-02/3-6592?utm_source=share&ref=fx55afwz
6LChy,https://made.example.invalid/e08-02/533-6591?utm_source=share&ref=7edjhgep
6LChA,https://made.example.invalid/e08-02/524-6593?utm_source=share&ref=kvnrtr66
6LChB,https://made.example.invalid/e08-02/540-6594?utm_source=share&ref=pk6abipe
6LChC,https://made.example.invalid/e08-02/531-6595?utm_source=share&ref=pvbzet8t
6LChD,https://made.example.invalid/e08-02/522-6596?utm_source=share&ref=4y4vo4kc
6LChE,https://made.example.invalid/e08-02/527-6597?utm_source=share&ref=72xmvssv
6LChF,https://made.example.invalid/e08-02/539-6598?utm_source=share&ref=85ibp65u
6LChG,https://made.example.invalid/e08-02/5-6599?utm_source=share&ref=l2mebwpa
6LChH,https://made.example.invalid/e08-02/548-6600?utm_source=share&ref=hnuwyxhk
6LChI,https://made.example.invalid/e08-02/17-6601?utm_source=share&ref=iy7jnjos
6LChJ,https://made.example.invalid/e08-02/21-6602?utm_source=share&ref=01wr5x40
6LChK,https://made.example.invalid/e08-02/547-6603?utm_source=share&ref=718075dl
6LChL,https://made.example.invalid/e08-02/12-6604?utm_source=share&ref=jmhbject
6LChM,https://made.example.invalid/e08-02/10-6605?utm_source=share&ref=ntwj0ugj
6LChN,https://made.example.invalid/e08-02/514-6606?utm_source=share&ref=2pitjfkp
6LChO,https://made.example.invalid/e08-02/517-6607?utm_source=share&ref=6m3lpazs
6LChP,https://made.example.invalid/e08-02/2-6608?utm_source=share&ref=k6n9bano
6LChQ,https://made.example.invalid/e08-02/512-6609?utm_source=share&ref=5v7tmcab
6LChR,https://made.example.invalid/e08-02/513-6610?utm_source=share&ref=2rd7csnj
6LChS,https://made.example.invalid/e08-02/24-6611?utm_source=share&ref=unb60hlk
6LChT,https://made.example.invalid/e08-02/22-6612?utm_source=share&ref=hsb0c6oh
6LChU,https://made.example.invalid/e08-02/511-6613?utm_source=share&ref=34ugi2uc
6LChV,https://made.example.invalid/e08-02/515-6614?utm_source=share&ref=wfg4b22s
6LChW,https://made.example.invalid/e08-02/528-6615?utm_source=share&ref=zw7oulnj
6LChX,https://made.example.invalid/e08-02/516-6616?utm_source=share&ref=xgvk05je
6LChY,https://made.example.invalid/e08-02/523-6617?utm_source=share&ref=bdlzhp43
6LChZ,https://made.example.invalid/e08-02/13-6618?utm_source=share&ref=egt3gf32
6LCi0,https://made.example.invalid/e08-02/525-6619?utm_source=share&ref=vre1tzv3
6LCi1,https://made.example.invalid/e08-02/521-6620?utm_source=share&ref=1w17xyxs
6LCi2,https://made.example.invalid/e08-02/518-6621?utm_source=share&ref=ltoce5sm
6LCi3,https://made.example.invalid/e08-02/520-6622?utm_source=share&ref=mo9ofzzy
6LCi4,https://made.example.invalid/e08-02/519-6623?utm_source=share&ref=fxuk3yyl
6LCi5,https://made.example.invalid/e08-02/535-6624?utm_source=share&ref=4sl3rpoi
6LCi6,https://made.example.invalid/e08-02/538-6625?utm_source=share&ref=xtn4py3k
6LCi7,https://made.example.invalid/e08-02/543-6626?utm_source=share&ref=c9bvwriq
6LCi8,https://made.example.invalid/e08-02/546-6627?utm_source=share&ref=daahygs1
6LCi9,https://made.example.invalid/e08-02/549-6628?utm_source=share&ref=fd6le5kz
6LCia,https://made.example.invalid/e08-02/529-6629?utm_source=share&ref=mwausb3n
6LCib,https://made.example.invalid/e08-02/542-6630?utm_source=share&ref=96xxdm6x
6LCic,https://made.example.invalid/e08-02/532-6631?utm_source=share&ref=fpwyt3lf
6LCid,https://made.example.invalid/e08-02/541-6632?utm_source=share&ref=dzrlcgf2
6LCie,https://made.example.invalid/e08-02/526-6633?utm_source=share&ref=8eyg9gh3
6LCif,https://made.example.invalid/e08-02/545-6634?utm_source=share&ref=k1538aye
6LCig,https://made.example.invalid/e08-02/534-6635?utm_source=share&ref=c5pvooi9
6LCih,https://made.example.invalid/e08-02/530-6636?utm_source=share&ref=td5un8hb
6LCii,https://made.example.invalid/e08-02/550-6637?utm_source=share&ref=diqvwt9s
6LCij,https://made.example.invalid/e08-02/537-6638?utm_source=share&ref=79dmddra
6LCik,https://made.example.invalid/e08-02/536-6639?utm_source=share&ref=ql3kd8m4
6LCil,https://made.example.invalid/e08-02/544-6640?utm_source=share&ref=smly5jea
6LCim,https://made.example.invalid/e08-02/3-6641?utm_source=share&ref=6yzizjtg
6LCin,https://made.example.invalid/e08-02/533-6642?utm_source=share&ref=qriq7c6b
6LCio,https://made.example.invalid/e08-02/524-6643?utm_source=share&ref=yalaiehy
6LCip,https://made.example.invalid/e08-02/540-6644?utm_source=share&ref=ase4scza
6LCiq,https://made.example.invalid/e08-02/531-6645?utm_source=share&ref=7yugshun
6LCir,https://made.example.invalid/e08-02/522-6646?utm_source=share&ref=kdpcok5m
6LCis,https://made.example.invalid/e08-02/527-6647?utm_source=share&ref=8r0zoesg
6LCit,https://made.example.invalid/e08-02/539-6648?utm_source=share&ref=1ujocjiz
6LCiu,https://made.example.invalid/e08-02/5-6649?utm_source=share&ref=3ew3gcq1
6LCiv,https://made.example.invalid/e08-02/548-6650?utm_source=share&ref=d6gc116j
6LCiw,https://made.example.invalid/e08-02/17-6651?utm_source=share&ref=xs84ujld
6LCix,https://made.example.invalid/e08-02/21-6652?utm_source=share&ref=zcqw30u6
6LCiy,https://made.example.invalid/e08-02/547-6653?utm_source=share&ref=87s9klbg
6LCiz,https://made.example.invalid/e08-02/12-6654?utm_source=share&ref=mth06myo
6LCiA,https://made.example.invalid/e08-02/10-6655?utm_source=share&ref=u1hn1mjb
6LCiB,https://made.example.invalid/e08-02/514-6656?utm_source=share&ref=pfztqy8f
6LCiC,https://made.example.invalid/e08-02/517-6657?utm_source=share&ref=ur9urb6e
6LCiD,https://made.example.invalid/e08-02/2-6658?utm_source=share&ref=qi02sycd
6LCiE,https://made.example.invalid/e08-02/512-6659?utm_source=share&ref=hoyz1lws
6LCiF,https://made.example.invalid/e08-02/513-6660?utm_source=share&ref=mfepbid1
6LCiG,https://made.example.invalid/e08-02/24-6661?utm_source=share&ref=m15swofp
6LCiH,https://made.example.invalid/e08-02/22-6662?utm_source=share&ref=o9dudqmr
6LCiI,https://made.example.invalid/e08-02/511-6663?utm_source=share&ref=1rvxa44z
6LCiJ,https://made.example.invalid/e08-02/515-6664?utm_source=share&ref=cilgzfd2
6LCiK,https://made.example.invalid/e08-02/528-6665?utm_source=share&ref=reziwf63
6LCiL,https://made.example.invalid/e08-02/516-6666?utm_source=share&ref=tpbssl7t
6LCiM,https://made.example.invalid/e08-02/523-6667?utm_source=share&ref=xqqrr8db
6LCiN,https://made.example.invalid/e08-02/13-6668?utm_source=share&ref=11xxu5fr
6LCiO,https://made.example.invalid/e08-02/525-6669?utm_source=share&ref=hwlnxmbr
6LCiP,https://made.example.invalid/e08-02/521-6670?utm_source=share&ref=u56a9h1e
6LCiQ,https://made.example.invalid/e08-02/518-6671?utm_source=share&ref=2tsh0sas
6LCiR,https://made.example.invalid/e08-02/520-6672?utm_source=share&ref=895g4l3p
6LCiS,https://made.example.invalid/e08-02/519-6673?utm_source=share&ref=8lrz8sva
6LCiT,https://made.example.invalid/e08-02/535-6674?utm_source=share&ref=2z01atv1
6LCiU,https://made.example.invalid/e08-02/538-6675?utm_source=share&ref=nacl5sda
6LCiV,https://made.example.invalid/e08-02/543-6676?utm_source=share&ref=xojus0v6
6LCiW,https://made.example.invalid/e08-02/546-6677?utm_source=share&ref=qsqgnbvk
6LCiX,https://made.example.invalid/e08-02/549-6678?utm_source=share&ref=nn6wzwij
6LCiY,https://made.example.invalid/e08-02/529-6679?utm_source=share&ref=irdhj6te
6LCiZ,https://made.example.invalid/e08-02/542-6680?utm_source=share&ref=jwlrpjti
6LCj0,https://made.example.invalid/e08-02/532-6681?utm_source=share&ref=64w3dznm
6LCj1,https://made.example.invalid/e08-02/541-6682?utm_source=share&ref=nvg44h7o
6LCj2,https://made.example.invalid/e08-02/526-6683?utm_source=share&ref=7sae7d5l
6LCj3,https://made.example.invalid/e08-02/545-6684?utm_source=share&ref=qhnw1y80
6LCj4,https://made.example.invalid/e08-02/534-6685?utm_source=share&ref=001rh8kh
6LCj5,https://made.example.invalid/e08-02/530-6686?utm_source=share&ref=2p8us3bb
6LCj6,https://made.example.invalid/e08-02/550-6687?utm_source=share&ref=lrlvscfx
6LCj7,https://made.example.invalid/e08-02/537-6688?utm_source=share&ref=fj9qjj6p
6LCj8,https://made.example.invalid/e08-02/536-6689?utm_source=share&ref=xcid3f1q
6LCj9,https://made.example.invalid/e08-02/544-6690?utm_source=share&ref=u1rtrbrd
6LCja,https://made.example.invalid/e08-02/3-6691?utm_source=share&ref=3nn74mhl
6LCjb,https://made.example.invalid/e08-02/533-6692?utm_source=share&ref=jy4diu46
6LCjc,https://made.example.invalid/e08-02/524-6693?utm_source=share&ref=048avluy
6LCjd,https://made.example.invalid/e08-02/540-6694?utm_source=share&ref=w8zu7hgk
6LCje,https://made.example.invalid/e08-02/531-6695?utm_source=share&ref=x4lyuwvt
6LCjf,https://made.example.invalid/e08-02/522-6696?utm_source=share&ref=5k3y8ssu
6LCjg,https://made.example.invalid/e08-02/527-6697?utm_source=share&ref=ccxhc8nf
6LCjh,https://made.example.invalid/e08-02/539-6698?utm_source=share&ref=lehp7mfw
6LCji,https://made.example.invalid/e08-02/5-6699?utm_source=share&ref=cl2877yn
6LCjj,https://made.example.invalid/e08-02/548-6700?utm_source=share&ref=2nuwsa91
6LCjk,https://made.example.invalid/e08-02/17-6701?utm_source=share&ref=npl20h38
6LCjl,https://made.example.invalid/e08-02/21-6702?utm_source=share&ref=9y9r6eh3
6LCjm,https://made.example.invalid/e08-02/547-6703?utm_source=share&ref=d3gyl5g8
6LCjn,https://made.example.invalid/e08-02/12-6704?utm_source=share&ref=soovpaom
6LCjo,https://made.example.invalid/e08-02/10-6705?utm_source=share&ref=ti7nczqh
6LCjp,https://made.example.invalid/e08-02/514-6706?utm_source=share&ref=6nb8157t
6LCjq,https://made.example.invalid/e08-02/517-6707?utm_source=share&ref=uc5ra6md
6LCjr,https://made.example.invalid/e08-02/2-6708?utm_source=share&ref=7ra6flrp
6LCjs,https://made.example.invalid/e08-02/512-6709?utm_source=share&ref=d49ymg17
6LCjt,https://made.example.invalid/e08-02/513-6710?utm_source=share&ref=klih147y
6LCjv,https://made.example.invalid/e08-02/22-6712?utm_source=share&ref=0wgffs09
6LCju,https://made.example.invalid/e08-02/24-6711?utm_source=share&ref=wix5f4n7
6LCjw,https://made.example.invalid/e08-02/511-6713?utm_source=share&ref=ok92wzx7
6LCjx,https://made.example.invalid/e08-02/515-6714?utm_source=share&ref=xwcgq1jn
6LCjy,https://made.example.invalid/e08-02/528-6715?utm_source=share&ref=v0gkgqpz
6LCjz,https://made.example.invalid/e08-02/516-6716?utm_source=share&ref=47cxlpk9
6LCjA,https://made.example.invalid/e08-02/523-6717?utm_source=share&ref=4uxipno2
6LCjB,https://made.example.invalid/e08-02/13-6718?utm_source=share&ref=lojsksxh
6LCjC,https://made.example.invalid/e08-02/525-6719?utm_source=share&ref=yhgssv75
6LCjD,https://made.example.invalid/e08-02/521-6720?utm_source=share&ref=eotr3cxc
6LCjE,https://made.example.invalid/e08-02/518-6721?utm_source=share&ref=gjrg6zbx
6LCjF,https://made.example.invalid/e08-02/520-6722?utm_source=share&ref=xetboieh
6LCjG,https://made.example.invalid/e08-02/519-6723?utm_source=share&ref=fqjjc12r
6LCjH,https://made.example.invalid/e08-02/535-6724?utm_source=share&ref=32opohbw
6LCjI,https://made.example.invalid/e08-02/538-6725?utm_source=share&ref=tcdes8nh
6LCjJ,https://made.example.invalid/e08-02/543-6726?utm_source=share&ref=i5h4mx11
6LCjK,https://made.example.invalid/e08-02/546-6727?utm_source=share&ref=brcd228e
6LCjL,https://made.example.invalid/e08-02/549-6728?utm_source=share&ref=n0x28q9q
6LCjM,https://made.example.invalid/e08-02/529-6729?utm_source=share&ref=1rp176hh
6LCjN,https://made.example.invalid/e08-02/542-6730?utm_source=share&ref=uy3tzbpk
6LCjO,https://made.example.invalid/e08-02/532-6731?utm_source=share&ref=7ngfdoj0
6LCjP,https://made.example.invalid/e08-02/541-6732?utm_source=share&ref=1lkki9pk
6LCjQ,https://made.example.invalid/e08-02/526-6733?utm_source=share&ref=pey9alqn
6LCjR,https://made.example.invalid/e08-02/545-6734?utm_source=share&ref=l39umenx
6LCjS,https://made.example.invalid/e08-02/534-6735?utm_source=share&ref=h72zi9mt
6LCjT,https://made.example.invalid/e08-02/530-6736?utm_source=share&ref=47cco8qz
6LCjU,https://made.example.invalid/e08-02/550-6737?utm_source=share&ref=r5wugkcy
6LCjV,https://made.example.invalid/e08-02/537-6738?utm_source=share&ref=j68jlwiy
6LCjW,https://made.example.invalid/e08-02/536-6739?utm_source=share&ref=q6rroe3q
6LCjX,https://made.example.invalid/e08-02/544-6740?utm_source=share&ref=s7odtnvl
6LCjY,https://made.example.invalid/e08-02/3-6741?utm_source=share&ref=kckk686w
6LCjZ,https://made.example.invalid/e08-02/533-6742?utm_source=share&ref=i1gjskgz
6LCk0,https://made.example.invalid/e08-02/524-6743?utm_source=share&ref=g417v3b9
6LCk1,https://made.example.invalid/e08-02/540-6744?utm_source=share&ref=y2bqwi8r
6LCk2,https://made.example.invalid/e08-02/531-6745?utm_source=share&ref=987nvt1p
6LCk3,https://made.example.invalid/e08-02/522-6746?utm_source=share&ref=omj0u048
6LCk4,https://made.example.invalid/e08-02/527-6747?utm_source=share&ref=rdqhcxz0
6LCk5,https://made.example.invalid/e08-02/539-6748?utm_source=share&ref=7sammfk6
6LCk6,https://made.example.invalid/e08-02/5-6749?utm_source=share&ref=fps5m0kp
6LCk7,https://made.example.invalid/e08-02/548-6750?utm_source=share&ref=88x77kfk
6LCk9,https://made.example.invalid/e08-02/21-6752?utm_source=share&ref=7abzxka6
6LCk8,https://made.example.invalid/e08-02/17-6751?utm_source=share&ref=jyd4y2ft
6LCka,https://made.example.invalid/e08-02/547-6753?utm_source=share&ref=e17tpsyq
6LCkb,https://made.example.invalid/e08-02/12-6754?utm_source=share&ref=78n12sft
6LCkc,https://made.example.invalid/e08-02/10-6755?utm_source=share&ref=d1qq822i
6LCkd,https://made.example.invalid/e08-02/514-6756?utm_source=share&ref=8r7bthh1
6LCke,https://made.example.invalid/e08-02/517-6757?utm_source=share&ref=emmk8vdl
6LCkf,https://made.example.invalid/e08-02/2-6758?utm_source=share&ref=lorf2oy4
6LCkg,https://made.example.invalid/e08-02/512-6759?utm_source=share&ref=pg1pqllx
6LCkh,https://made.example.invalid/e08-02/513-6760?utm_source=share&ref=91ugr4d7
6LCki,https://made.example.invalid/e08-02/22-6761?utm_source=share&ref=erm39hnz
6LCkj,https://made.example.invalid/e08-02/24-6762?utm_source=share&ref=lbp90ev7
6LCkk,https://made.example.invalid/e08-02/511-6763?utm_source=share&ref=pfvnhwgy
6LCkl,https://made.example.invalid/e08-02/515-6764?utm_source=share&ref=9o49mza2
6LCkm,https://made.example.invalid/e08-02/528-6765?utm_source=share&ref=7klp3u30
6LCkn,https://made.example.invalid/e08-02/516-6766?utm_source=share&ref=wmyufkaz
6LCko,https://made.example.invalid/e08-02/523-6767?utm_source=share&ref=yviry02x
6LCkp,https://made.example.invalid/e08-02/13-6768?utm_source=share&ref=0id53erq
6LCkq,https://made.example.invalid/e08-02/525-6769?utm_source=share&ref=izrbgt3j
6LCkr,https://made.example.invalid/e08-02/521-6770?utm_source=share&ref=e8jviwf9
6LCks,https://made.example.invalid/e08-02/518-6771?utm_source=share&ref=6e9lexnq
6LCkt,https://made.example.invalid/e08-02/520-6772?utm_source=share&ref=s65cxf9m
6LCku,https://made.example.invalid/e08-02/519-6773?utm_source=share&ref=504jmgb8
6LCkv,https://made.example.invalid/e08-02/535-6774?utm_source=share&ref=qwi0g6vb
6LCkw,https://made.example.invalid/e08-02/538-6775?utm_source=share&ref=xpgl12l7
6LCkx,https://made.example.invalid/e08-02/543-6776?utm_source=share&ref=g2c1jrvh
6LCky,https://made.example.invalid/e08-02/546-6777?utm_source=share&ref=4l7mqumj
6LCkz,https://made.example.invalid/e08-02/549-6778?utm_source=share&ref=gjyyyf90
6LCkA,https://made.example.invalid/e08-02/529-6779?utm_source=share&ref=25kz3li3
6LCkB,https://made.example.invalid/e08-02/542-6780?utm_source=share&ref=iqzljrcd
6LCkC,https://made.example.invalid/e08-02/532-6781?utm_source=share&ref=uu6mze6j
6LCkD,https://made.example.invalid/e08-02/541-6782?utm_source=share&ref=cyqs4r7y
6LCkE,https://made.example.invalid/e08-02/526-6783?utm_source=share&ref=o5bz0vg4
6LCkF,https://made.example.invalid/e08-02/545-6784?utm_source=share&ref=tfvwtnk9
6LCkG,https://made.example.invalid/e08-02/534-6785?utm_source=share&ref=swaqgf7l
6LCkH,https://made.example.invalid/e08-02/530-6786?utm_source=share&ref=fc4318e1
6LCkI,https://made.example.invalid/e08-02/550-6787?utm_source=share&ref=lrna7ulb
6LCkJ,https://made.example.invalid/e08-02/537-6788?utm_source=share&ref=1j82ewzj
6LCkK,https://made.example.invalid/e08-02/536-6789?utm_source=share&ref=5mo6bj6a
6LCkL,https://made.example.invalid/e08-02/544-6790?utm_source=share&ref=stfwm6ik
6LCkN,https://made.example.invalid/e08-02/533-6792?utm_source=share&ref=tcv53xgu
6LCkM,https://made.example.invalid/e08-02/3-6791?utm_source=share&ref=d374cjuh
6LCkO,https://made.example.invalid/e08-02/524-6793?utm_source=share&ref=xoqrmohl
6LCkP,https://made.example.invalid/e08-02/540-6794?utm_source=share&ref=yfx24vdl
6LCkQ,https://made.example.invalid/e08-02/531-6795?utm_source=share&ref=6oo7peoh
6LCkR,https://made.example.invalid/e08-02/522-6796?utm_source=share&ref=uedtvsow
6LCkS,https://made.example.invalid/e08-02/527-6797?utm_source=share&ref=u1z6eio1
6LCkT,https://made.example.invalid/e08-02/539-6798?utm_source=share&ref=ngeda4lb
6LCkU,https://made.example.invalid/e08-02/5-6799?utm_source=share&ref=c48fxijq
6LCkV,https://made.example.invalid/e08-02/548-6800?utm_source=share&ref=tpewi3e3
6LCkW,https://made.example.invalid/e08-02/21-6801?utm_source=share&ref=ksj2j62r
6LCkX,https://made.example.invalid/e08-02/17-6802?utm_source=share&ref=6ipt1iys
6LCkY,https://made.example.invalid/e08-02/547-6803?utm_source=share&ref=xi3fej20
6LCkZ,https://made.example.invalid/e08-02/12-6804?utm_source=share&ref=5hzg7pzu
6LCl0,https://made.example.invalid/e08-02/10-6805?utm_source=share&ref=c2wmac5h
6LCl1,https://made.example.invalid/e08-02/514-6806?utm_source=share&ref=062g9m15
6LCl2,https://made.example.invalid/e08-02/517-6807?utm_source=share&ref=uzoxf4kr
6LCl3,https://made.example.invalid/e08-02/2-6808?utm_source=share&ref=k0hgio04
6LCl4,https://made.example.invalid/e08-02/512-6809?utm_source=share&ref=mtnxq9rw
6LCl5,https://made.example.invalid/e08-02/513-6810?utm_source=share&ref=zpksmigt
6LCl6,https://made.example.invalid/e08-02/22-6811?utm_source=share&ref=9yweol0y
6LCl7,https://made.example.invalid/e08-02/24-6812?utm_source=share&ref=xg148sbw
6LCl8,https://made.example.invalid/e08-02/511-6813?utm_source=share&ref=f24qoq7j
6LCl9,https://made.example.invalid/e08-02/515-6814?utm_source=share&ref=b8z17h5f
6LCla,https://made.example.invalid/e08-02/528-6815?utm_source=share&ref=5hmuvc05
6LClb,https://made.example.invalid/e08-02/516-6816?utm_source=share&ref=bb5jcnf6
6LClc,https://made.example.invalid/e08-02/523-6817?utm_source=share&ref=fz6zhtqi
6LCld,https://made.example.invalid/e08-02/13-6818?utm_source=share&ref=y9byqbsz
6LCle,https://made.example.invalid/e08-02/525-6819?utm_source=share&ref=jev4mvgi
6LClf,https://made.example.invalid/e08-02/521-6820?utm_source=share&ref=jo1d6atx
6LClg,https://made.example.invalid/e08-02/518-6821?utm_source=share&ref=esvv8t6w
6LClh,https://made.example.invalid/e08-02/520-6822?utm_source=share&ref=copb1qqj
6LCli,https://made.example.invalid/e08-02/519-6823?utm_source=share&ref=7os6t3wa
6LClj,https://made.example.invalid/e08-02/535-6824?utm_source=share&ref=qhn4rgr0
6LClk,https://made.example.invalid/e08-02/538-6825?utm_source=share&ref=3c888v8s
6LCll,https://made.example.invalid/e08-02/543-6826?utm_source=share&ref=01nfz301
6LClm,https://made.example.invalid/e08-02/546-6827?utm_source=share&ref=h5k8ezbn
6LCln,https://made.example.invalid/e08-02/549-6828?utm_source=share&ref=orgeq7zn
6LClo,https://made.example.invalid/e08-02/529-6829?utm_source=share&ref=zmsrdtsq
6LClq,https://made.example.invalid/e08-02/532-6831?utm_source=share&ref=odjvwguj
6LClp,https://made.example.invalid/e08-02/542-6830?utm_source=share&ref=dpqje7a9
6LClr,https://made.example.invalid/e08-02/541-6832?utm_source=share&ref=s0qyqtfy
6LCls,https://made.example.invalid/e08-02/526-6833?utm_source=share&ref=4pscm7jh
6LClt,https://made.example.invalid/e08-02/545-6834?utm_source=share&ref=tww2npu0
6LClu,https://made.example.invalid/e08-02/534-6835?utm_source=share&ref=ibst269j
6LClv,https://made.example.invalid/e08-02/530-6836?utm_source=share&ref=gmomhwus
6LClw,https://made.example.invalid/e08-02/550-6837?utm_source=share&ref=c476v0bw
6LClx,https://made.example.invalid/e08-02/537-6838?utm_source=share&ref=lyhm4o0d
6LCly,https://made.example.invalid/e08-02/536-6839?utm_source=share&ref=d8ab7p7r
6LClz,https://made.example.invalid/e08-02/544-6840?utm_source=share&ref=uoyx49rs
6LClA,https://made.example.invalid/e08-02/533-6841?utm_source=share&ref=ugriffzg
6LClB,https://made.example.invalid/e08-02/3-6842?utm_source=share&ref=qb0qg0sw
6LClC,https://made.example.invalid/e08-02/524-6843?utm_source=share&ref=ywchnl00
6LClD,https://made.example.invalid/e08-02/540-6844?utm_source=share&ref=u16fabgz
6LClE,https://made.example.invalid/e08-02/531-6845?utm_source=share&ref=6z6gsemw
6LClF,https://made.example.invalid/e08-02/522-6846?utm_source=share&ref=vc5lq58b
6LClG,https://made.example.invalid/e08-02/527-6847?utm_source=share&ref=vazdc60q
6LClH,https://made.example.invalid/e08-02/539-6848?utm_source=share&ref=mdigkxdu
6LClI,https://made.example.invalid/e08-02/5-6849?utm_source=share&ref=qmzclm6q
6LClJ,https://made.example.invalid/e08-02/548-6850?utm_source=share&ref=ncsxw7xa
6LClK,https://made.example.invalid/e08-02/21-6851?utm_source=share&ref=hobhmtht
6LClL,https://made.example.invalid/e08-02/17-6852?utm_source=share&ref=lnj46dbi
6LClM,https://made.example.invalid/e08-02/547-6853?utm_source=share&ref=bzq536ur
6LClN,https://made.example.invalid/e08-02/12-6854?utm_source=share&ref=ts1jp7lf
6LClO,https://made.example.invalid/e08-02/10-6855?utm_source=share&ref=uq78tg7n
6LClP,https://made.example.invalid/e08-02/514-6856?utm_source=share&ref=vzfm0dvz
6LClQ,https://made.example.invalid/e08-02/517-6857?utm_source=share&ref=6plw46aw
6LClR,https://made.example.invalid/e08-02/2-6858?utm_source=share&ref=i3hvbqi3
6LClS,https://made.example.invalid/e08-02/512-6859?utm_source=share&ref=z4uduupa
6LClT,https://made.example.invalid/e08-02/513-6860?utm_source=share&ref=h4pd16e1
6LClU,https://made.example.invalid/e08-02/22-6861?utm_source=share&ref=oe8jr324
6LClV,https://made.example.invalid/e08-02/24-6862?utm_source=share&ref=a3smigwz
6LClW,https://made.example.invalid/e08-02/511-6863?utm_source=share&ref=96ppeaix
6LClX,https://made.example.invalid/e08-02/515-6864?utm_source=share&ref=zb2zp60j
6LClY,https://made.example.invalid/e08-02/528-6865?utm_source=share&ref=kujzduly
6LClZ,https://made.example.invalid/e08-02/516-6866?utm_source=share&ref=3qfcvuaw
6LCm0,https://made.example.invalid/e08-02/523-6867?utm_source=share&ref=erjw1ls1
6LCm1,https://made.example.invalid/e08-02/13-6868?utm_source=share&ref=2nzy2mch
6LCm2,https://made.example.invalid/e08-02/525-6869?utm_source=share&ref=qfomicf7
6LCm3,https://made.example.invalid/e08-02/521-6870?utm_source=share&ref=gehtksgg
6LCm5,https://made.example.invalid/e08-02/520-6872?utm_source=share&ref=3x8b0hbt
6LCm4,https://made.example.invalid/e08-02/518-6871?utm_source=share&ref=b262d08c
6LCm6,https://made.example.invalid/e08-02/519-6873?utm_source=share&ref=wreezp90
6LCm7,https://made.example.invalid/e08-02/535-6874?utm_source=share&ref=cl1td19e
6LCm8,https://made.example.invalid/e08-02/538-6875?utm_source=share&ref=789h94bu
6LCm9,https://made.example.invalid/e08-02/543-6876?utm_source=share&ref=sux11nde
6LCma,https://made.example.invalid/e08-02/546-6877?utm_source=share&ref=jcvd7qdz
6LCmb,https://made.example.invalid/e08-02/549-6878?utm_source=share&ref=u6z8x879
6LCmc,https://made.example.invalid/e08-02/529-6879?utm_source=share&ref=evkcog50
6LCmd,https://made.example.invalid/e08-02/532-6880?utm_source=share&ref=3gmlrk3o
6LCme,https://made.example.invalid/e08-02/542-6881?utm_source=share&ref=jn7m9u7x
6LCmf,https://made.example.invalid/e08-02/541-6882?utm_source=share&ref=9ix4t5f0
6LCmg,https://made.example.invalid/e08-02/526-6883?utm_source=share&ref=nglic7g4
6LCmh,https://made.example.invalid/e08-02/545-6884?utm_source=share&ref=a4ch2wam
6LCmi,https://made.example.invalid/e08-02/534-6885?utm_source=share&ref=1vw362f1
6LCmj,https://made.example.invalid/e08-02/530-6886?utm_source=share&ref=2vpyazof
6LCmk,https://made.example.invalid/e08-02/550-6887?utm_source=share&ref=p4uv2slc
6LCml,https://made.example.invalid/e08-02/537-6888?utm_source=share&ref=wip4wmi2
6LCmm,https://made.example.invalid/e08-02/536-6889?utm_source=share&ref=n2x1sgln
6LCmn,https://made.example.invalid/e08-02/544-6890?utm_source=share&ref=tgxfo66e
6LCmo,https://made.example.invalid/e08-02/533-6891?utm_source=share&ref=j65hn04h
6LCmp,https://made.example.invalid/e08-02/3-6892?utm_source=share&ref=ulf0nz1n
6LCmq,https://made.example.invalid/e08-02/524-6893?utm_source=share&ref=wxolkgxy
6LCmr,https://made.example.invalid/e08-02/540-6894?utm_source=share&ref=oxf4n5nv
6LCms,https://made.example.invalid/e08-02/531-6895?utm_source=share&ref=01v5zmvo
6LCmt,https://made.example.invalid/e08-02/522-6896?utm_source=share&ref=pby5xt85
6LCmu,https://made.example.invalid/e08-02/527-6897?utm_source=share&ref=gybco4o3
6LCmv,https://made.example.invalid/e08-02/539-6898?utm_source=share&ref=goelsy94
6LCmw,https://made.example.invalid/e08-02/5-6899?utm_source=share&ref=y34td9tg
6LCmx,https://made.example.invalid/e08-02/548-6900?utm_source=share&ref=alp4133a
6LCmy,https://made.example.invalid/e08-02/21-6901?utm_source=share&ref=uskb3epv
6LCmz,https://made.example.invalid/e08-02/17-6902?utm_source=share&ref=r2fyqtr0
6LCmA,https://made.example.invalid/e08-02/547-6903?utm_source=share&ref=f1xd9nk8
6LCmB,https://made.example.invalid/e08-02/12-6904?utm_source=share&ref=9hdl0x5s
6LCmC,https://made.example.invalid/e08-02/10-6905?utm_source=share&ref=k0dkhgjm
6LCmD,https://made.example.invalid/e08-02/514-6906?utm_source=share&ref=padsas2n
6LCmE,https://made.example.invalid/e08-02/517-6907?utm_source=share&ref=h9idtrpn
6LCmF,https://made.example.invalid/e08-02/2-6908?utm_source=share&ref=vikykli0
6LCmG,https://made.example.invalid/e08-02/512-6909?utm_source=share&ref=wkws3fkd
6LCmH,https://made.example.invalid/e08-02/513-6910?utm_source=share&ref=4p2e5hzr
6LCmI,https://made.example.invalid/e08-02/22-6911?utm_source=share&ref=i9ir05a1
6LCmJ,https://made.example.invalid/e08-02/24-6912?utm_source=share&ref=06hw10zs
6LCmK,https://made.example.invalid/e08-02/511-6913?utm_source=share&ref=5mu70fv4
6LCmL,https://made.example.invalid/e08-02/515-6914?utm_source=share&ref=qbdeb2j7
6LCmM,https://made.example.invalid/e08-02/528-6915?utm_source=share&ref=2n5w6ng1
6LCmN,https://made.example.invalid/e08-02/516-6916?utm_source=share&ref=u74iyf93
6LCmO,https://made.example.invalid/e08-02/523-6917?utm_source=share&ref=pamkjnuf
6LCmP,https://made.example.invalid/e08-02/13-6918?utm_source=share&ref=de8escx9
6LCmQ,https://made.example.invalid/e08-02/525-6919?utm_source=share&ref=bkpud1b1
6LCmR,https://made.example.invalid/e08-02/521-6920?utm_source=share&ref=5vxcc6eu
6LCmS,https://made.example.invalid/e08-02/520-6921?utm_source=share&ref=s3zh0udq
6LCmT,https://made.example.invalid/e08-02/518-6922?utm_source=share&ref=07cztyz2
6LCmU,https://made.example.invalid/e08-02/519-6923?utm_source=share&ref=rlhbzy48
6LCmV,https://made.example.invalid/e08-02/535-6924?utm_source=share&ref=761yxv3y
6LCmW,https://made.example.invalid/e08-02/538-6925?utm_source=share&ref=l1fwecul
6LCmX,https://made.example.invalid/e08-02/543-6926?utm_source=share&ref=ul8mx9xe
6LCmY,https://made.example.invalid/e08-02/546-6927?utm_source=share&ref=pymbj738
6LCmZ,https://made.example.invalid/e08-02/549-6928?utm_source=share&ref=9hg6t6yw
6LCn0,https://made.example.invalid/e08-02/529-6929?utm_source=share&ref=oyji7vya
6LCn1,https://made.example.invalid/e08-02/532-6930?utm_source=share&ref=61lx6fyd
6LCn2,https://made.example.invalid/e08-02/542-6931?utm_source=share&ref=nffde6ir
6LCn3,https://made.example.invalid/e08-02/541-6932?utm_source=share&ref=c9uyuhl2
6LCn4,https://made.example.invalid/e08-02/526-6933?utm_source=share&ref=q14a0z4h
6LCn5,https://made.example.invalid/e08-02/545-6934?utm_source=share&ref=9ciwlbd0
6LCn6,https://made.example.invalid/e08-02/534-6935?utm_source=share&ref=o4uipszg
6LCn7,https://made.example.invalid/e08-02/530-6936?utm_source=share&ref=czlnyyul
6LCn9,https://made.example.invalid/e08-02/537-6938?utm_source=share&ref=cq73eg7t
6LCn8,https://made.example.invalid/e08-02/550-6937?utm_source=share&ref=2uvoxw2r
6LCna,https://made.example.invalid/e08-02/536-6939?utm_source=share&ref=8h8gqf5l
6LCnb,https://made.example.invalid/e08-02/544-6940?utm_source=share&ref=wsh9lm16
6LCnc,https://made.example.invalid/e08-02/533-6941?utm_source=share&ref=tv6w19bw
6LCnd,https://made.example.invalid/e08-02/3-6942?utm_source=share&ref=u58qviyp
6LCne,https://made.example.invalid/e08-02/524-6943?utm_source=share&ref=tr5rqavl
6LCnf,https://made.example.invalid/e08-02/540-6944?utm_source=share&ref=s0jmzkso
6LCng,https://made.example.invalid/e08-02/531-6945?utm_source=share&ref=nx4h0uqy
6LCnh,https://made.example.invalid/e08-02/522-6946?utm_source=share&ref=tui028fx
6LCni,https://made.example.invalid/e08-02/527-6947?utm_source=share&ref=eiolpev6
6LCnj,https://made.example.invalid/e08-02/539-6948?utm_source=share&ref=gw57wza4
6LCnk,https://made.example.invalid/e08-02/5-6949?utm_source=share&ref=g7cot004
6LCnl,https://made.example.invalid/e08-02/548-6950?utm_source=share&ref=ezhbmzo8
6LCnm,https://made.example.invalid/e08-02/21-6951?utm_source=share&ref=y39d4jmu
6LCnn,https://made.example.invalid/e08-02/17-6952?utm_source=share&ref=nbnytvjn
6LCno,https://made.example.invalid/e08-02/547-6953?utm_source=share&ref=q5bklq6j
6LCnp,https://made.example.invalid/e08-02/12-6954?utm_source=share&ref=et084zyl
6LCnq,https://made.example.invalid/e08-02/10-6955?utm_source=share&ref=k2471zah
6LCnr,https://made.example.invalid/e08-02/514-6956?utm_source=share&ref=2ng7p26c
6LCns,https://made.example.invalid/e08-02/517-6957?utm_source=share&ref=djbwi7x4
6LCnt,https://made.example.invalid/e08-02/2-6958?utm_source=share&ref=g6ivyv85
6LCnu,https://made.example.invalid/e08-02/512-6959?utm_source=share&ref=jf3juhmv
6LCnv,https://made.example.invalid/e08-02/513-6960?utm_source=share&ref=cvrd0c05
6LCnw,https://made.example.invalid/e08-02/22-6961?utm_source=share&ref=16061yx8
6LCnx,https://made.example.invalid/e08-02/24-6962?utm_source=share&ref=ce42tz93
6LCny,https://made.example.invalid/e08-02/511-6963?utm_source=share&ref=ue3fesd5
6LCnz,https://made.example.invalid/e08-02/515-6964?utm_source=share&ref=rr910v8a
6LCnA,https://made.example.invalid/e08-02/528-6965?utm_source=share&ref=j42cpdmg
6LCnB,https://made.example.invalid/e08-02/516-6966?utm_source=share&ref=zmx2g2vs
6LCnC,https://made.example.invalid/e08-02/523-6967?utm_source=share&ref=tw2d77np
6LCnD,https://made.example.invalid/e08-02/13-6968?utm_source=share&ref=70myxmtw
6LCnE,https://made.example.invalid/e08-02/525-6969?utm_source=share&ref=vq5gvrka
6LCnF,https://made.example.invalid/e08-02/521-6970?utm_source=share&ref=7uqhj8q1
6LCnG,https://made.example.invalid/e08-02/520-6971?utm_source=share&ref=tm705un8
6LCnH,https://made.example.invalid/e08-02/518-6972?utm_source=share&ref=r1d5rmhc
6LCnI,https://made.example.invalid/e08-02/519-6973?utm_source=share&ref=wi4rz3mx
6LCnJ,https://made.example.invalid/e08-02/535-6974?utm_source=share&ref=s56nti4u
6LCnK,https://made.example.invalid/e08-02/538-6975?utm_source=share&ref=8nwkn5r4
6LCnL,https://made.example.invalid/e08-02/543-6976?utm_source=share&ref=ojqdzavy
6LCnM,https://made.example.invalid/e08-02/546-6977?utm_source=share&ref=4nhurf5l
6LCnN,https://made.example.invalid/e08-02/549-6978?utm_source=share&ref=8ezi2h4n
6LCnO,https://made.example.invalid/e08-02/529-6979?utm_source=share&ref=tdxw5rlg
6LCnP,https://made.example.invalid/e08-02/532-6980?utm_source=share&ref=gubqwo4p
6LCnQ,https://made.example.invalid/e08-02/542-6981?utm_source=share&ref=l66poir9
6LCnR,https://made.example.invalid/e08-02/541-6982?utm_source=share&ref=lw222md7
6LCnS,https://made.example.invalid/e08-02/526-6983?utm_source=share&ref=hmn4vmru
6LCnT,https://made.example.invalid/e08-02/545-6984?utm_source=share&ref=648k0he6
6LCnU,https://made.example.invalid/e08-02/534-6985?utm_source=share&ref=txwxhx1e
6LCnV,https://made.example.invalid/e08-02/530-6986?utm_source=share&ref=xpcl0z05
6LCnW,https://made.example.invalid/e08-02/537-6987?utm_source=share&ref=h7mo97wj
6LCnX,https://made.example.invalid/e08-02/550-6988?utm_source=share&ref=htoci91t
6LCnY,https://made.example.invalid/e08-02/536-6989?utm_source=share&ref=394m4dvn
6LCnZ,https://made.example.invalid/e08-02/544-6990?utm_source=share&ref=ud45r3z3
6LCo0,https://made.example.invalid/e08-02/533-6991?utm_source=share&ref=o7ile970
6LCo2,https://made.example.invalid/e08-02/524-6993?utm_source=share&ref=xmeeyi1i
6LCo1,https://made.example.invalid/e08-02/3-6992?utm_source=share&ref=v5vv0jjb
6LCo3,https://made.example.invalid/e08-02/540-6994?utm_source=share&ref=66pm5sxx
6LCo4,https://made.example.invalid/e08-02/531-6995?utm_source=share&ref=1baclcxu
6LCo5,https://made.example.invalid/e08-02/522-6996?utm_source=share&ref=xiqiacb4
6LCo6,https://made.example.invalid/e08-02/527-6997?utm_source=share&ref=5qorputk
6LCo7,https://made.example.invalid/e08-02/539-6998?utm_source=share&ref=hk6m2074
6LCo8,https://made.example.invalid/e08-02/5-6999?utm_source=share&ref=owi6q9gs
6LCo9,https://made.example.invalid/e08-02/548-7000?utm_source=share&ref=wtg9nojl
6LCoa,https://made.example.invalid/e08-02/21-7001?utm_source=share&ref=e1muss1o
6LCob,https://made.example.invalid/e08-02/17-7002?utm_source=share&ref=1qcrwin1
6LCoc,https://made.example.invalid/e08-02/547-7003?utm_source=share&ref=m42yho5v
6LCod,https://made.example.invalid/e08-02/12-7004?utm_source=share&ref=yzmcg13i
6LCoe,https://made.example.invalid/e08-02/10-7005?utm_source=share&ref=imdmubaw
6LCof,https://made.example.invalid/e08-02/514-7006?utm_source=share&ref=gs1lridk
6LCog,https://made.example.invalid/e08-02/517-7007?utm_source=share&ref=cjrqd1ki
6LCoh,https://made.example.invalid/e08-02/2-7008?utm_source=share&ref=car8ynya
6LCoi,https://made.example.invalid/e08-02/512-7009?utm_source=share&ref=vu8z9bdy
6LCoj,https://made.example.invalid/e08-02/513-7010?utm_source=share&ref=e28q48pt
6LCok,https://made.example.invalid/e08-02/22-7011?utm_source=share&ref=39shuzka
6LCol,https://made.example.invalid/e08-02/24-7012?utm_source=share&ref=pc2ouyga
6LCom,https://made.example.invalid/e08-02/511-7013?utm_source=share&ref=qaqxfzm4
6LCon,https://made.example.invalid/e08-02/515-7014?utm_source=share&ref=umuy0ihi
6LCoo,https://made.example.invalid/e08-02/528-7015?utm_source=share&ref=2m836590
6LCop,https://made.example.invalid/e08-02/516-7016?utm_source=share&ref=pn7y5a0c
6LCoq,https://made.example.invalid/e08-02/523-7017?utm_source=share&ref=18mvks5p
6LCor,https://made.example.invalid/e08-02/13-7018?utm_source=share&ref=k27idwn1
6LCos,https://made.example.invalid/e08-02/525-7019?utm_source=share&ref=0mzwajuf
6LCot,https://made.example.invalid/e08-02/521-7020?utm_source=share&ref=wxv5pbtg
6LCou,https://made.example.invalid/e08-02/520-7021?utm_source=share&ref=ta4c84vd
6LCov,https://made.example.invalid/e08-02/518-7022?utm_source=share&ref=hlsxpy1w
6LCow,https://made.example.invalid/e08-02/519-7023?utm_source=share&ref=qgt6ihpe
6LCox,https://made.example.invalid/e08-02/535-7024?utm_source=share&ref=c6ufg3cs
6LCoy,https://made.example.invalid/e08-02/538-7025?utm_source=share&ref=shjvos26
6LCoz,https://made.example.invalid/e08-02/543-7026?utm_source=share&ref=ewdbe1yj
6LCoA,https://made.example.invalid/e08-02/546-7027?utm_source=share&ref=wavyb6k1
6LCoB,https://made.example.invalid/e08-02/549-7028?utm_source=share&ref=o9uihpx1
6LCoC,https://made.example.invalid/e08-02/529-7029?utm_source=share&ref=zb6w26ry
6LCoE,https://made.example.invalid/e08-02/542-7031?utm_source=share&ref=0jncbs4p
6LCoD,https://made.example.invalid/e08-02/532-7030?utm_source=share&ref=5ca4jena
6LCoF,https://made.example.invalid/e08-02/541-7032?utm_source=share&ref=0621tk0h
6LCoG,https://made.example.invalid/e08-02/526-7033?utm_source=share&ref=m8qg955i
6LCoH,https://made.example.invalid/e08-02/545-7034?utm_source=share&ref=i3hr79ki
6LCoI,https://made.example.invalid/e08-02/534-7035?utm_source=share&ref=d477n7jx
6LCoJ,https://made.example.invalid/e08-02/530-7036?utm_source=share&ref=tj68mvxp
6LCoK,https://made.example.invalid/e08-02/537-7037?utm_source=share&ref=dh7tjkbu
6LCoL,https://made.example.invalid/e08-02/550-7038?utm_source=share&ref=rkpxj5g0
6LCoM,https://made.example.invalid/e08-02/536-7039?utm_source=share&ref=1vledpwr
6LCoN,https://made.example.invalid/e08-02/544-7040?utm_source=share&ref=rc32wxqe
6LCoO,https://made.example.invalid/e08-02/533-7041?utm_source=share&ref=hu41w7w0
6LCoP,https://made.example.invalid/e08-02/524-7042?utm_source=share&ref=h413nrjv
6LCoQ,https://made.example.invalid/e08-02/3-7043?utm_source=share&ref=n2n8hnev
6LCoR,https://made.example.invalid/e08-02/540-7044?utm_source=share&ref=wev8rtqg
6LCoS,https://made.example.invalid/e08-02/531-7045?utm_source=share&ref=du61roa8
6LCoT,https://made.example.invalid/e08-02/522-7046?utm_source=share&ref=ce44ctxo
6LCoU,https://made.example.invalid/e08-02/527-7047?utm_source=share&ref=vvxm8eg3
6LCoV,https://made.example.invalid/e08-02/539-7048?utm_source=share&ref=u7z3naep
6LCoW,https://made.example.invalid/e08-02/5-7049?utm_source=share&ref=f4a7d44w
6LCoX,https://made.example.invalid/e08-02/548-7050?utm_source=share&ref=hsvxzc9h
6LCoY,https://made.example.invalid/e08-02/21-7051?utm_source=share&ref=tg8siim9
6LCoZ,https://made.example.invalid/e08-02/17-7052?utm_source=share&ref=8kaegdvj
6LCp0,https://made.example.invalid/e08-02/547-7053?utm_source=share&ref=j745amo5
6LCp1,https://made.example.invalid/e08-02/12-7054?utm_source=share&ref=mdifoa40
6LCp2,https://made.example.invalid/e08-02/10-7055?utm_source=share&ref=g65qg54j
6LCp3,https://made.example.invalid/e08-02/514-7056?utm_source=share&ref=amu31svg
6LCp4,https://made.example.invalid/e08-02/517-7057?utm_source=share&ref=i0tqc4ku
6LCp5,https://made.example.invalid/e08-02/2-7058?utm_source=share&ref=woqwq5fj
6LCp6,https://made.example.invalid/e08-02/512-7059?utm_source=share&ref=k90otewn
6LCp7,https://made.example.invalid/e08-02/513-7060?utm_source=share&ref=8we7k2eq
6LCp8,https://made.example.invalid/e08-02/22-7061?utm_source=share&ref=7mk35qhh
6LCp9,https://made.example.invalid/e08-02/24-7062?utm_source=share&ref=61i2ljpv
6LCpa,https://made.example.invalid/e08-02/511-7063?utm_source=share&ref=xieufoh6
6LCpb,https://made.example.invalid/e08-02/515-7064?utm_source=share&ref=0gwtbxp9
6LCpc,https://made.example.invalid/e08-02/528-7065?utm_source=share&ref=5j30kzdy
6LCpd,https://made.example.invalid/e08-02/516-7066?utm_source=share&ref=3ylhlv4t
6LCpe,https://made.example.invalid/e08-02/523-7067?utm_source=share&ref=wb25dlwf
6LCpf,https://made.example.invalid/e08-02/13-7068?utm_source=share&ref=vnuhcy25
6LCpg,https://made.example.invalid/e08-02/525-7069?utm_source=share&ref=eporzu2f
6LCph,https://made.example.invalid/e08-02/521-7070?utm_source=share&ref=elst90ls
6LCpi,https://made.example.invalid/e08-02/520-7071?utm_source=share&ref=pm9ngjkv
6LCpj,https://made.example.invalid/e08-02/518-7072?utm_source=share&ref=figxkfpe
6LCpk,https://made.example.invalid/e08-02/519-7073?utm_source=share&ref=xhlz2igc
6LCpl,https://made.example.invalid/e08-02/535-7074?utm_source=share&ref=ei1t771k
6LCpm,https://made.example.invalid/e08-02/538-7075?utm_source=share&ref=274xg5zq
6LCpn,https://made.example.invalid/e08-02/543-7076?utm_source=share&ref=idyecp5r
6LCpo,https://made.example.invalid/e08-02/546-7077?utm_source=share&ref=ibwuyh2s
6LCpp,https://made.example.invalid/e08-02/549-7078?utm_source=share&ref=rj15j6r0
6LCpq,https://made.example.invalid/e08-02/529-7079?utm_source=share&ref=rmpy2x3k
6LCpr,https://made.example.invalid/e08-02/542-7080?utm_source=share&ref=5svm7s7d
6LCps,https://made.example.invalid/e08-02/532-7081?utm_source=share&ref=iijt6izx
6LCpt,https://made.example.invalid/e08-02/541-7082?utm_source=share&ref=qylku68c
6LCpu,https://made.example.invalid/e08-02/526-7083?utm_source=share&ref=2bx7bzvb
6LCpv,https://made.example.invalid/e08-02/545-7084?utm_source=share&ref=wuomuqhm
6LCpw,https://made.example.invalid/e08-02/534-7085?utm_source=share&ref=3f08y0bq
6LCpx,https://made.example.invalid/e08-02/530-7086?utm_source=share&ref=qt2m0zt8
6LCpy,https://made.example.invalid/e08-02/537-7087?utm_source=share&ref=8vwyqgsi
6LCpz,https://made.example.invalid/e08-02/550-7088?utm_source=share&ref=coanndrx
6LCpA,https://made.example.invalid/e08-02/536-7089?utm_source=share&ref=8exabk9c
6LCpB,https://made.example.invalid/e08-02/544-7090?utm_source=share&ref=74yx2ddz
6LCpC,https://made.example.invalid/e08-02/533-7091?utm_source=share&ref=b4qa5a3u
6LCpD,https://made.example.invalid/e08-02/524-7092?utm_source=share&ref=addc4bsb
6LCpE,https://made.example.invalid/e08-02/3-7093?utm_source=share&ref=kfenzjmz
6LCpF,https://made.example.invalid/e08-02/540-7094?utm_source=share&ref=9jumlz1b
6LCpG,https://made.example.invalid/e08-02/531-7095?utm_source=share&ref=4zlzsqsa
6LCpH,https://made.example.invalid/e08-02/522-7096?utm_source=share&ref=cwp7r128
6LCpI,https://made.example.invalid/e08-02/527-7097?utm_source=share&ref=p616clje
6LCpJ,https://made.example.invalid/e08-02/539-7098?utm_source=share&ref=1o1v9hok
6LCpK,https://made.example.invalid/e08-02/5-7099?utm_source=share&ref=idz8u2ej
6LCpL,https://made.example.invalid/e08-02/548-7100?utm_source=share&ref=lfettbki
6LCpM,https://made.example.invalid/e08-02/21-7101?utm_source=share&ref=kh3juwp8
6LCpN,https://made.example.invalid/e08-02/17-7102?utm_source=share&ref=ownmytao
6LCpO,https://made.example.invalid/e08-02/547-7103?utm_source=share&ref=kfm3sn3b
6LCpP,https://made.example.invalid/e08-02/12-7104?utm_source=share&ref=0tb692xd
6LCpQ,https://made.example.invalid/e08-02/10-7105?utm_source=share&ref=zzui1ws0
6LCpR,https://made.example.invalid/e08-02/514-7106?utm_source=share&ref=44snaftl
6LCpS,https://made.example.invalid/e08-02/517-7107?utm_source=share&ref=xxaf8cha
6LCpT,https://made.example.invalid/e08-02/2-7108?utm_source=share&ref=qbhc3sq8
6LCpU,https://made.example.invalid/e08-02/512-7109?utm_source=share&ref=e9zcygij
6LCpV,https://made.example.invalid/e08-02/513-7110?utm_source=share&ref=uzmeelyz
6LCpW,https://made.example.invalid/e08-02/22-7111?utm_source=share&ref=dwnfdgl1
6LCpX,https://made.example.invalid/e08-02/24-7112?utm_source=share&ref=cvbea6et
6LCpY,https://made.example.invalid/e08-02/511-7113?utm_source=share&ref=0ab1kkz6
6LCpZ,https://made.example.invalid/e08-02/515-7114?utm_source=share&ref=myt1e8w3
6LCq0,https://made.example.invalid/e08-02/528-7115?utm_source=share&ref=4e4k8thp
6LCq1,https://made.example.invalid/e08-02/516-7116?utm_source=share&ref=9matn5z8
6LCq2,https://made.example.invalid/e08-02/523-7117?utm_source=share&ref=4zmva70f
6LCq3,https://made.example.invalid/e08-02/13-7118?utm_source=share&ref=jt67pi1q
6LCq4,https://made.example.invalid/e08-02/525-7119?utm_source=share&ref=q6jk4ej0
6LCq5,https://made.example.invalid/e08-02/521-7120?utm_source=share&ref=k4qkl2yg
6LCq6,https://made.example.invalid/e08-02/520-7121?utm_source=share&ref=92acuqk0
6LCq7,https://made.example.invalid/e08-02/518-7122?utm_source=share&ref=rib1iv05
6LCq8,https://made.example.invalid/e08-02/519-7123?utm_source=share&ref=85ftaxnt
6LCq9,https://made.example.invalid/e08-02/535-7124?utm_source=share&ref=7px3hya3
6LCqa,https://made.example.invalid/e08-02/538-7125?utm_source=share&ref=66v8leyu
6LCqb,https://made.example.invalid/e08-02/543-7126?utm_source=share&ref=pg6ze3pr
6LCqc,https://made.example.invalid/e08-02/546-7127?utm_source=share&ref=9dbrapkp
6LCqd,https://made.example.invalid/e08-02/549-7128?utm_source=share&ref=odbz4qr6
6LCqe,https://made.example.invalid/e08-02/529-7129?utm_source=share&ref=7xx3hfn5
6LCqf,https://made.example.invalid/e08-02/542-7130?utm_source=share&ref=zinlf4ch
6LCqg,https://made.example.invalid/e08-02/532-7131?utm_source=share&ref=sg7g168f
6LCqh,https://made.example.invalid/e08-02/541-7132?utm_source=share&ref=umu0h72y
6LCqi,https://made.example.invalid/e08-02/526-7133?utm_source=share&ref=qcp2xr9z
6LCqj,https://made.example.invalid/e08-02/545-7134?utm_source=share&ref=q2vkwmwq
6LCqk,https://made.example.invalid/e08-02/534-7135?utm_source=share&ref=lbf048hx
6LCql,https://made.example.invalid/e08-02/530-7136?utm_source=share&ref=s431nnlj
6LCqm,https://made.example.invalid/e08-02/537-7137?utm_source=share&ref=vubucu8s
6LCqn,https://made.example.invalid/e08-02/550-7138?utm_source=share&ref=85pw9of8
6LCqo,https://made.example.invalid/e08-02/536-7139?utm_source=share&ref=g8kwy6ng
6LCqp,https://made.example.invalid/e08-02/544-7140?utm_source=share&ref=eeobp3r7
6LCqq,https://made.example.invalid/e08-02/533-7141?utm_source=share&ref=r8lceg9i
6LCqr,https://made.example.invalid/e08-02/524-7142?utm_source=share&ref=4d8fawqh
6LCqs,https://made.example.invalid/e08-02/3-7143?utm_source=share&ref=jntuvh6k
6LCqt,https://made.example.invalid/e08-02/540-7144?utm_source=share&ref=k20kiv0c
6LCqu,https://made.example.invalid/e08-02/531-7145?utm_source=share&ref=x77kwk21
6LCqv,https://made.example.invalid/e08-02/522-7146?utm_source=share&ref=m3eamt65
6LCqw,https://made.example.invalid/e08-02/527-7147?utm_source=share&ref=b9hnb155
6LCqx,https://made.example.invalid/e08-02/539-7148?utm_source=share&ref=ldy5o02g
6LCqy,https://made.example.invalid/e08-02/5-7149?utm_source=share&ref=5zij0v76
6LCqz,https://made.example.invalid/e08-02/548-7150?utm_source=share&ref=lxdv0twf
6LCqB,https://made.example.invalid/e08-02/17-7152?utm_source=share&ref=gjapywc0
6LCqA,https://made.example.invalid/e08-02/21-7151?utm_source=share&ref=5nhtpzuc
6LCqC,https://made.example.invalid/e08-02/547-7153?utm_source=share&ref=4x713432
6LCqD,https://made.example.invalid/e08-02/12-7154?utm_source=share&ref=nf0szkzu
6LCqE,https://made.example.invalid/e08-02/10-7155?utm_source=share&ref=jb79rv6w
6LCqF,https://made.example.invalid/e08-02/514-7156?utm_source=share&ref=tx85bqft
6LCqG,https://made.example.invalid/e08-02/517-7157?utm_source=share&ref=pubo9gpo
6LCqH,https://made.example.invalid/e08-02/2-7158?utm_source=share&ref=8aaet7yh
6LCqI,https://made.example.invalid/e08-02/512-7159?utm_source=share&ref=k4i1daxa
1Jgf,https://news.example.invalid/articles/2026/10/story-412315?utm_source=share&utm_medium=link&ref=sfp-seed
4KWuX,https://news.example.invalid/articles/2026/10/story-70293303?utm_source=share&utm_medium=link&ref=sfp-seed
21dM3,https://news.example.invalid/articles/2026/10/story-29843951?utm_source=share&utm_medium=link&ref=sfp-seed
7nBP,https://news.example.invalid/articles/2026/10/story-1759053?utm_source=share&utm_medium=link&ref=sfp-seed
2CckH,https://news.example.invalid/articles/2026/10/story-38656547?utm_source=share&utm_medium=link&ref=sfp-seed
dred,https://news.example.invalid/articles/2026/10/story-3202933?utm_source=share&utm_medium=link&ref=sfp-seed
4JdmV,https://news.example.invalid/articles/2026/10/story-69881497?utm_source=share&utm_medium=link&ref=sfp-seed
2f5sf,https://news.example.invalid/articles/2026/10/story-33148563?utm_source=share&utm_medium=link&ref=sfp-seed
6iVcW,https://news.example.invalid/articles/2026/10/story-93167830?utm_source=share&utm_medium=link&ref=sfp-seed
1g1ZH,https://news.example.invalid/articles/2026/10/story-18597253?utm_source=share&utm_medium=link&ref=sfp-seed
4IKWu,https://news.example.invalid/articles/2026/10/story-69772226?utm_source=share&utm_medium=link&ref=sfp-seed
5FbmW,https://news.example.invalid/articles/2026/10/story-83696834?utm_source=share&utm_medium=link&ref=sfp-seed
4sUNu,https://news.example.invalid/articles/2026/10/story-65996860?utm_source=share&utm_medium=link&ref=sfp-seed
5h1fX,https://news.example.invalid/articles/2026/10/story-77938089?utm_source=share&utm_medium=link&ref=sfp-seed
3Ixqq,https://news.example.invalid/articles/2026/10/story-54943930?utm_source=share&utm_medium=link&ref=sfp-seed
5fnok,https://news.example.invalid/articles/2026/10/story-77546520?utm_source=share&utm_medium=link&ref=sfp-seed
50hoy,https://news.example.invalid/articles/2026/10/story-73948550?utm_source=share&utm_medium=link&ref=sfp-seed
4oSsD,https://news.example.invalid/articles/2026/10/story-65034567?utm_source=share&utm_medium=link&ref=sfp-seed
59mXW,https://news.example.invalid/articles/2026/10/story-76114916?utm_source=share&utm_medium=link&ref=sfp-seed
6DDO8,https://news.example.invalid/articles/2026/10/story-98105832?utm_source=share&utm_medium=link&ref=sfp-seed
1f2Lm,https://news.example.invalid/articles/2026/10/story-18361880?utm_source=share&utm_medium=link&ref=sfp-seed
5JoSI,https://news.example.invalid/articles/2026/10/story-84702088?utm_source=share&utm_medium=link&ref=sfp-seed
1RfT7,https://news.example.invalid/articles/2026/10/story-27468797?utm_source=share&utm_medium=link&ref=sfp-seed
2zENo,https://news.example.invalid/articles/2026/10/story-38050974?utm_source=share&utm_medium=link&ref=sfp-seed
1O3Lj,https://news.example.invalid/articles/2026/10/story-26707201?utm_source=share&utm_medium=link&ref=sfp-seed
5kSTj,https://news.example.invalid/articles/2026/10/story-78859245?utm_source=share&utm_medium=link&ref=sfp-seed
6ciXN,https://news.example.invalid/articles/2026/10/story-91590851?utm_source=share&utm_medium=link&ref=sfp-seed
2vnjn,https://news.example.invalid/articles/2026/10/story-37030453?utm_source=share&utm_medium=link&ref=sfp-seed
2Kv55,https://news.example.invalid/articles/2026/10/story-40635239?utm_source=share&utm_medium=link&ref=sfp-seed
glvM,https://news.example.invalid/articles/2026/10/story-3895942?utm_source=share&utm_medium=link&ref=sfp-seed
3MmjZ,https://news.example.invalid/articles/2026/10/story-55854559?utm_source=share&utm_medium=link&ref=sfp-seed
3Bfuv,https://news.example.invalid/articles/2026/10/story-53206695?utm_source=share&utm_medium=link&ref=sfp-seed
1IVhq,https://news.example.invalid/articles/2026/10/story-25482956?utm_source=share&utm_medium=link&ref=sfp-seed
1R5up,https://news.example.invalid/articles/2026/10/story-27428825?utm_source=share&utm_medium=link&ref=sfp-seed
17gIQ,https://news.example.invalid/articles/2026/10/story-16508916?utm_source=share&utm_medium=link&ref=sfp-seed
36KS1,https://news.example.invalid/articles/2026/10/story-45939149?utm_source=share&utm_medium=link&ref=sfp-seed
63yN9,https://news.example.invalid/articles/2026/10/story-89506743?utm_source=share&utm_medium=link&ref=sfp-seed
3Tfev,https://news.example.invalid/articles/2026/10/story-57495607?utm_source=share&utm_medium=link&ref=sfp-seed
2RSWI,https://news.example.invalid/articles/2026/10/story-42395272?utm_source=share&utm_medium=link&ref=sfp-seed
4hvF6,https://news.example.invalid/articles/2026/10/story-63278632?utm_source=share&utm_medium=link&ref=sfp-seed
3shTS,https://news.example.invalid/articles/2026/10/story-51071004?utm_source=share&utm_medium=link&ref=sfp-seed
rqWy,https://news.example.invalid/articles/2026/10/story-6538430?utm_source=share&utm_medium=link&ref=sfp-seed
13HnQ,https://news.example.invalid/articles/2026/10/story-15658090?utm_source=share&utm_medium=link&ref=sfp-seed
3m2SY,https://news.example.invalid/articles/2026/10/story-49583320?utm_source=share&utm_medium=link&ref=sfp-seed
V4f9,https://news.example.invalid/articles/2026/10/story-13601011?utm_source=share&utm_medium=link&ref=sfp-seed
19KM3,https://news.example.invalid/articles/2026/10/story-17101091?utm_source=share&utm_medium=link&ref=sfp-seed
xmnq,https://news.example.invalid/articles/2026/10/story-7950844?utm_source=share&utm_medium=link&ref=sfp-seed
5yBOl,https://news.example.invalid/articles/2026/10/story-82130181?utm_source=share&utm_medium=link&ref=sfp-seed
5PHUq,https://news.example.invalid/articles/2026/10/story-86205198?utm_source=share&utm_medium=link&ref=sfp-seed
3GOjf,https://news.example.invalid/articles/2026/10/story-54532177?utm_source=share&utm_medium=link&ref=sfp-seed
Ifvj,https://news.example.invalid/articles/2026/10/story-10546033?utm_source=share&utm_medium=link&ref=sfp-seed
2vrke,https://news.example.invalid/articles/2026/10/story-37045882?utm_source=share&utm_medium=link&ref=sfp-seed
2indn,https://news.example.invalid/articles/2026/10/story-33931817?utm_source=share&utm_medium=link&ref=sfp-seed
4vPu3,https://news.example.invalid/articles/2026/10/story-66691419?utm_source=share&utm_medium=link&ref=sfp-seed
4qMAN,https://news.example.invalid/articles/2026/10/story-65488665?utm_source=share&utm_medium=link&ref=sfp-seed
6AjVL,https://news.example.invalid/articles/2026/10/story-97314441?utm_source=share&utm_medium=link&ref=sfp-seed
3BhSI,https://news.example.invalid/articles/2026/10/story-53215884?utm_source=share&utm_medium=link&ref=sfp-seed
59tKB,https://news.example.invalid/articles/2026/10/story-76140997?utm_source=share&utm_medium=link&ref=sfp-seed
6vNoT,https://news.example.invalid/articles/2026/10/story-96236083?utm_source=share&utm_medium=link&ref=sfp-seed
5iwXx,https://news.example.invalid/articles/2026/10/story-78298283?utm_source=share&utm_medium=link&ref=sfp-seed
1ypEM,https://news.example.invalid/articles/2026/10/story-22978116?utm_source=share&utm_medium=link&ref=sfp-seed
2pC9v,https://news.example.invalid/articles/2026/10/story-35657533?utm_source=share&utm_medium=link&ref=sfp-seed
68d34,https://news.example.invalid/articles/2026/10/story-90614802?utm_source=share&utm_medium=link&ref=sfp-seed
5t65H,https://news.example.invalid/articles/2026/10/story-80816609?utm_source=share&utm_medium=link&ref=sfp-seed
54uUy,https://news.example.invalid/articles/2026/10/story-74953818?utm_source=share&utm_medium=link&ref=sfp-seed
2HUe8,https://news.example.invalid/articles/2026/10/story-40016916?utm_source=share&utm_medium=link&ref=sfp-seed
b4CA,https://news.example.invalid/articles/2026/10/story-2639376?utm_source=share&utm_medium=link&ref=sfp-seed
5OKtP,https://news.example.invalid/articles/2026/10/story-85976753?utm_source=share&utm_medium=link&ref=sfp-seed
t7Tb,https://news.example.invalid/articles/2026/10/story-6941841?utm_source=share&utm_medium=link&ref=sfp-seed
3ePhH,https://news.example.invalid/articles/2026/10/story-47862741?utm_source=share&utm_medium=link&ref=sfp-seed
4wz1N,https://news.example.invalid/articles/2026/10/story-66866491?utm_source=share&utm_medium=link&ref=sfp-seed
5k9V0,https://news.example.invalid/articles/2026/10/story-78686370?utm_source=share&utm_medium=link&ref=sfp-seed
2Itaf,https://news.example.invalid/articles/2026/10/story-40151215?utm_source=share&utm_medium=link&ref=sfp-seed
2g7QN,https://news.example.invalid/articles/2026/10/story-33396101?utm_source=share&utm_medium=link&ref=sfp-seed
1KCqi,https://news.example.invalid/articles/2026/10/story-25887126?utm_source=share&utm_medium=link&ref=sfp-seed
38Sxd,https://news.example.invalid/articles/2026/10/story-46445267?utm_source=share&utm_medium=link&ref=sfp-seed
XSFF,https://news.example.invalid/articles/2026/10/story-14271511?utm_source=share&utm_medium=link&ref=sfp-seed
4o3dV,https://news.example.invalid/articles/2026/10/story-64837611?utm_source=share&utm_medium=link&ref=sfp-seed
3g6WR,https://news.example.invalid/articles/2026/10/story-48168969?utm_source=share&utm_medium=link&ref=sfp-seed
ijRf,https://news.example.invalid/articles/2026/10/story-4366241?utm_source=share&utm_medium=link&ref=sfp-seed
2kaFS,https://news.example.invalid/articles/2026/10/story-34360268?utm_source=share&utm_medium=link&ref=sfp-seed
6nsTC,https://news.example.invalid/articles/2026/10/story-94250640?utm_source=share&utm_medium=link&ref=sfp-seed
3OFhP,https://news.example.invalid/articles/2026/10/story-56404117?utm_source=share&utm_medium=link&ref=sfp-seed
1URf6,https://news.example.invalid/articles/2026/10/story-28327372?utm_source=share&utm_medium=link&ref=sfp-seed
3Q8dF,https://news.example.invalid/articles/2026/10/story-56753663?utm_source=share&utm_medium=link&ref=sfp-seed
3emTf,https://news.example.invalid/articles/2026/10/story-47753593?utm_source=share&utm_medium=link&ref=sfp-seed
53tdl,https://news.example.invalid/articles/2026/10/story-74708967?utm_source=share&utm_medium=link&ref=sfp-seed
JHTp,https://news.example.invalid/articles/2026/10/story-10893487?utm_source=share&utm_medium=link&ref=sfp-seed
YSsp,https://news.example.invalid/articles/2026/10/story-14509017?utm_source=share&utm_medium=link&ref=sfp-seed
vh3E,https://news.example.invalid/articles/2026/10/story-7453742?utm_source=share&utm_medium=link&ref=sfp-seed
2v8Oi,https://news.example.invalid/articles/2026/10/story-36974710?utm_source=share&utm_medium=link&ref=sfp-seed
48oc7,https://news.example.invalid/articles/2026/10/story-61104975?utm_source=share&utm_medium=link&ref=sfp-seed
2MB5k,https://news.example.invalid/articles/2026/10/story-41134974?utm_source=share&utm_medium=link&ref=sfp-seed
J77P,https://news.example.invalid/articles/2026/10/story-10752153?utm_source=share&utm_medium=link&ref=sfp-seed
3wNZJ,https://news.example.invalid/articles/2026/10/story-52147687?utm_source=share&utm_medium=link&ref=sfp-seed
OMz5,https://news.example.invalid/articles/2026/10/story-12103087?utm_source=share&utm_medium=link&ref=sfp-seed
31W5r,https://news.example.invalid/articles/2026/10/story-44790625?utm_source=share&utm_medium=link&ref=sfp-seed
zcgJ,https://news.example.invalid/articles/2026/10/story-8388645?utm_source=share&utm_medium=link&ref=sfp-seed
3ZWoE,https://news.example.invalid/articles/2026/10/story-59091496?utm_source=share&utm_medium=link&ref=sfp-seed
PmeD,https://news.example.invalid/articles/2026/10/story-12240203?utm_source=share&utm_medium=link&ref=sfp-seed
40Gmb,https://news.example.invalid/articles/2026/10/story-59268167?utm_source=share&utm_medium=link&ref=sfp-seed
5wNDU,https://news.example.invalid/articles/2026/10/story-81699006?utm_source=share&utm_medium=link&ref=sfp-seed
6Az9M,https://news.example.invalid/articles/2026/10/story-97372970?utm_source=share&utm_medium=link&ref=sfp-seed
4o9zq,https://news.example.invalid/articles/2026/10/story-64862008?utm_source=share&utm_medium=link&ref=sfp-seed
39N8K,https://news.example.invalid/articles/2026/10/story-46662858?utm_source=share&utm_medium=link&ref=sfp-seed
5mUyg,https://news.example.invalid/articles/2026/10/story-79342284?utm_source=share&utm_medium=link&ref=sfp-seed
5deAZ,https://news.example.invalid/articles/2026/10/story-77036053?utm_source=share&utm_medium=link&ref=sfp-seed
3EHdF,https://news.example.invalid/articles/2026/10/story-54028267?utm_source=share&utm_medium=link&ref=sfp-seed
4MyKD,https://news.example.invalid/articles/2026/10/story-70678675?utm_source=share&utm_medium=link&ref=sfp-seed
3yTVx,https://news.example.invalid/articles/2026/10/story-52647147?utm_source=share&utm_medium=link&ref=sfp-seed
2gd6M,https://news.example.invalid/articles/2026/10/story-33416312?utm_source=share&utm_medium=link&ref=sfp-seed
6rmul,https://news.example.invalid/articles/2026/10/story-95179321?utm_source=share&utm_medium=link&ref=sfp-seed
uviK,https://news.example.invalid/articles/2026/10/story-7270166?utm_source=share&utm_medium=link&ref=sfp-seed
3CtqL,https://news.example.invalid/articles/2026/10/story-53498607?utm_source=share&utm_medium=link&ref=sfp-seed
o2fd,https://news.example.invalid/articles/2026/10/story-5728503?utm_source=share&utm_medium=link&ref=sfp-seed
6lIRa,https://news.example.invalid/articles/2026/10/story-93835336?utm_source=share&utm_medium=link&ref=sfp-seed
1Qox4,https://news.example.invalid/articles/2026/10/story-27263698?utm_source=share&utm_medium=link&ref=sfp-seed
5hEyc,https://news.example.invalid/articles/2026/10/story-78089136?utm_source=share&utm_medium=link&ref=sfp-seed
1Wz3Y,https://news.example.invalid/articles/2026/10/story-28734146?utm_source=share&utm_medium=link&ref=sfp-seed
6wnd1,https://news.example.invalid/articles/2026/10/story-96373731?utm_source=share&utm_medium=link&ref=sfp-seed
1yIJa,https://news.example.invalid/articles/2026/10/story-23051424?utm_source=share&utm_medium=link&ref=sfp-seed
5XtNm,https://news.example.invalid/articles/2026/10/story-88057568?utm_source=share&utm_medium=link&ref=sfp-seed
5XtnZ,https://news.example.invalid/articles/2026/10/story-88055995?utm_source=share&utm_medium=link&ref=sfp-seed
26ZrV,https://news.example.invalid/articles/2026/10/story-31218855?utm_source=share&utm_medium=link&ref=sfp-seed
35DCU,https://news.example.invalid/articles/2026/10/story-45672976?utm_source=share&utm_medium=link&ref=sfp-seed
1NOuM,https://news.example.invalid/articles/2026/10/story-26648516?utm_source=share&utm_medium=link&ref=sfp-seed
2jTGg,https://news.example.invalid/articles/2026/10/story-34294944?utm_source=share&utm_medium=link&ref=sfp-seed
RiIy,https://news.example.invalid/articles/2026/10/story-12703338?utm_source=share&utm_medium=link&ref=sfp-seed
6AOLH,https://news.example.invalid/articles/2026/10/story-97432981?utm_source=share&utm_medium=link&ref=sfp-seed
6gThc,https://news.example.invalid/articles/2026/10/story-92683750?utm_source=share&utm_medium=link&ref=sfp-seed
3USXJ,https://news.example.invalid/articles/2026/10/story-57886655?utm_source=share&utm_medium=link&ref=sfp-seed
1zsrp,https://news.example.invalid/articles/2026/10/story-23227147?utm_source=share&utm_medium=link&ref=sfp-seed
gScN,https://news.example.invalid/articles/2026/10/story-4021617?utm_source=share&utm_medium=link&ref=sfp-seed
1t6IL,https://news.example.invalid/articles/2026/10/story-21713687?utm_source=share&utm_medium=link&ref=sfp-seed
6zxYZ,https://news.example.invalid/articles/2026/10/story-97130129?utm_source=share&utm_medium=link&ref=sfp-seed
3mWxL,https://news.example.invalid/articles/2026/10/story-49797269?utm_source=share&utm_medium=link&ref=sfp-seed
6AEs8,https://news.example.invalid/articles/2026/10/story-97393328?utm_source=share&utm_medium=link&ref=sfp-seed
39y6y,https://news.example.invalid/articles/2026/10/story-46605062?utm_source=share&utm_medium=link&ref=sfp-seed
SUpg,https://news.example.invalid/articles/2026/10/story-13086542?utm_source=share&utm_medium=link&ref=sfp-seed
4BWLS,https://news.example.invalid/articles/2026/10/story-68149400?utm_source=share&utm_medium=link&ref=sfp-seed
2MBRD,https://news.example.invalid/articles/2026/10/story-41137969?utm_source=share&utm_medium=link&ref=sfp-seed
11toS,https://news.example.invalid/articles/2026/10/story-15127682?utm_source=share&utm_medium=link&ref=sfp-seed
4II4V,https://news.example.invalid/articles/2026/10/story-69761217?utm_source=share&utm_medium=link&ref=sfp-seed
40cyp,https://news.example.invalid/articles/2026/10/story-59153605?utm_source=share&utm_medium=link&ref=sfp-seed
3qtGx,https://news.example.invalid/articles/2026/10/story-50639649?utm_source=share&utm_medium=link&ref=sfp-seed
6BFG,https://news.example.invalid/articles/2026/10/story-1574780?utm_source=share&utm_medium=link&ref=sfp-seed
3FSfC,https://news.example.invalid/articles/2026/10/story-54309000?utm_source=share&utm_medium=link&ref=sfp-seed
LWlz,https://news.example.invalid/articles/2026/10/story-11425705?utm_source=share&utm_medium=link&ref=sfp-seed
302bN,https://news.example.invalid/articles/2026/10/story-44337427?utm_source=share&utm_medium=link&ref=sfp-seed
w1IQ,https://news.example.invalid/articles/2026/10/story-7633120?utm_source=share&utm_medium=link&ref=sfp-seed
4Znz3,https://news.example.invalid/articles/2026/10/story-73733937?utm_source=share&utm_medium=link&ref=sfp-seed
2BhfQ,https://news.example.invalid/articles/2026/10/story-38437138?utm_source=share&utm_medium=link&ref=sfp-seed
1ovFo,https://news.example.invalid/articles/2026/10/story-20617938?utm_source=share&utm_medium=link&ref=sfp-seed
Inj,https://news.example.invalid/articles/2026/10/story-170581?utm_source=share&utm_medium=link&ref=sfp-seed
5PSa2,https://news.example.invalid/articles/2026/10/story-86244606?utm_source=share&utm_medium=link&ref=sfp-seed
6koQs,https://news.example.invalid/articles/2026/10/story-93520084?utm_source=share&utm_medium=link&ref=sfp-seed
2OqpS,https://news.example.invalid/articles/2026/10/story-41570620?utm_source=share&utm_medium=link&ref=sfp-seed
GeNu,https://news.example.invalid/articles/2026/10/story-10066660?utm_source=share&utm_medium=link&ref=sfp-seed
2yr6p,https://news.example.invalid/articles/2026/10/story-37760009?utm_source=share&utm_medium=link&ref=sfp-seed
1Kb4A,https://news.example.invalid/articles/2026/10/story-25781992?utm_source=share&utm_medium=link&ref=sfp-seed
EGV6,https://news.example.invalid/articles/2026/10/story-9698108?utm_source=share&utm_medium=link&ref=sfp-seed
4RUP,https://news.example.invalid/articles/2026/10/story-1160567?utm_source=share&utm_medium=link&ref=sfp-seed
6ni7k,https://news.example.invalid/articles/2026/10/story-94209206?utm_source=share&utm_medium=link&ref=sfp-seed
2kfv9,https://news.example.invalid/articles/2026/10/story-34378823?utm_source=share&utm_medium=link&ref=sfp-seed
2nCB1,https://news.example.invalid/articles/2026/10/story-35182583?utm_source=share&utm_medium=link&ref=sfp-seed
Mlmy,https://news.example.invalid/articles/2026/10/story-11521866?utm_source=share&utm_medium=link&ref=sfp-seed
5q5PZ,https://news.example.invalid/articles/2026/10/story-80100651?utm_source=share&utm_medium=link&ref=sfp-seed
169Tu,https://news.example.invalid/articles/2026/10/story-16244340?utm_source=share&utm_medium=link&ref=sfp-seed
1O30D,https://news.example.invalid/articles/2026/10/story-26704307?utm_source=share&utm_medium=link&ref=sfp-seed
5Lp4N,https://news.example.invalid/articles/2026/10/story-85179493?utm_source=share&utm_medium=link&ref=sfp-seed
6GXii,https://news.example.invalid/articles/2026/10/story-98895722?utm_source=share&utm_medium=link&ref=sfp-seed
37Egr,https://news.example.invalid/articles/2026/10/story-46152083?utm_source=share&utm_medium=link&ref=sfp-seed
6CRwN,https://news.example.invalid/articles/2026/10/story-97920245?utm_source=share&utm_medium=link&ref=sfp-seed
14Uew,https://news.example.invalid/articles/2026/10/story-15945812?utm_source=share&utm_medium=link&ref=sfp-seed
3TArT,https://news.example.invalid/articles/2026/10/story-57577161?utm_source=share&utm_medium=link&ref=sfp-seed
6kRv5,https://news.example.invalid/articles/2026/10/story-93630235?utm_source=share&utm_medium=link&ref=sfp-seed
2hET2,https://news.example.invalid/articles/2026/10/story-33761420?utm_source=share&utm_medium=link&ref=sfp-seed
Fm0d,https://news.example.invalid/articles/2026/10/story-9856029?utm_source=share&utm_medium=link&ref=sfp-seed
2Bxev,https://news.example.invalid/articles/2026/10/story-38498559?utm_source=share&utm_medium=link&ref=sfp-seed
2TIjf,https://news.example.invalid/articles/2026/10/story-42831041?utm_source=share&utm_medium=link&ref=sfp-seed
5UHhU,https://news.example.invalid/articles/2026/10/story-87394450?utm_source=share&utm_medium=link&ref=sfp-seed
1cB2v,https://news.example.invalid/articles/2026/10/story-17778655?utm_source=share&utm_medium=link&ref=sfp-seed
2wpkT,https://news.example.invalid/articles/2026/10/story-37276563?utm_source=share&utm_medium=link&ref=sfp-seed
6f7x4,https://news.example.invalid/articles/2026/10/story-92261894?utm_source=share&utm_medium=link&ref=sfp-seed
3n7NK,https://news.example.invalid/articles/2026/10/story-49840544?utm_source=share&utm_medium=link&ref=sfp-seed
6nnGl,https://news.example.invalid/articles/2026/10/story-94230597?utm_source=share&utm_medium=link&ref=sfp-seed
5Ls7V,https://news.example.invalid/articles/2026/10/story-85191219?utm_source=share&utm_medium=link&ref=sfp-seed
2JeTY,https://news.example.invalid/articles/2026/10/story-40334718?utm_source=share&utm_medium=link&ref=sfp-seed
1UzkG,https://news.example.invalid/articles/2026/10/story-28258526?utm_source=share&utm_medium=link&ref=sfp-seed
10oDs,https://news.example.invalid/articles/2026/10/story-14871038?utm_source=share&utm_medium=link&ref=sfp-seed
4Vbcz,https://news.example.invalid/articles/2026/10/story-72733103?utm_source=share&utm_medium=link&ref=sfp-seed
6yaOx,https://news.example.invalid/articles/2026/10/story-96802741?utm_source=share&utm_medium=link&ref=sfp-seed
1Rs3e,https://news.example.invalid/articles/2026/10/story-27515552?utm_source=share&utm_medium=link&ref=sfp-seed
5knzX,https://news.example.invalid/articles/2026/10/story-78738881?utm_source=share&utm_medium=link&ref=sfp-seed
61sKS,https://news.example.invalid/articles/2026/10/story-89006882?utm_source=share&utm_medium=link&ref=sfp-seed
1vY4i,https://news.example.invalid/articles/2026/10/story-22395410?utm_source=share&utm_medium=link&ref=sfp-seed
4JPqq,https://news.example.invalid/articles/2026/10/story-70027786?utm_source=share&utm_medium=link&ref=sfp-seed
3F33y,https://news.example.invalid/articles/2026/10/story-54112208?utm_source=share&utm_medium=link&ref=sfp-seed
6mNTd,https://news.example.invalid/articles/2026/10/story-94093011?utm_source=share&utm_medium=link&ref=sfp-seed
1dGko,https://news.example.invalid/articles/2026/10/story-18037312?utm_source=share&utm_medium=link&ref=sfp-seed
1a6dI,https://news.example.invalid/articles/2026/10/story-17183530?utm_source=share&utm_medium=link&ref=sfp-seed
2hKuv,https://news.example.invalid/articles/2026/10/story-33782963?utm_source=share&utm_medium=link&ref=sfp-seed
67Sk8,https://news.example.invalid/articles/2026/10/story-90535136?utm_source=share&utm_medium=link&ref=sfp-seed
4YHgh,https://news.example.invalid/articles/2026/10/story-73571325?utm_source=share&utm_medium=link&ref=sfp-seed
52dA5,https://news.example.invalid/articles/2026/10/story-74410545?utm_source=share&utm_medium=link&ref=sfp-seed
pSuD,https://news.example.invalid/articles/2026/10/story-6167675?utm_source=share&utm_medium=link&ref=sfp-seed
n0ML,https://news.example.invalid/articles/2026/10/story-5484567?utm_source=share&utm_medium=link&ref=sfp-seed
4LRUl,https://news.example.invalid/articles/2026/10/story-70513985?utm_source=share&utm_medium=link&ref=sfp-seed
79bk,https://news.example.invalid/articles/2026/10/story-1703594?utm_source=share&utm_medium=link&ref=sfp-seed
5j7Mu,https://news.example.invalid/articles/2026/10/story-78439826?utm_source=share&utm_medium=link&ref=sfp-seed
3Nt3o,https://news.example.invalid/articles/2026/10/story-56118766?utm_source=share&utm_medium=link&ref=sfp-seed
2WPCZ,https://news.example.invalid/articles/2026/10/story-43574157?utm_source=share&utm_medium=link&ref=sfp-seed
zcXH,https://news.example.invalid/articles/2026/10/story-8391309?utm_source=share&utm_medium=link&ref=sfp-seed
5N4fv,https://news.example.invalid/articles/2026/10/story-85576089?utm_source=share&utm_medium=link&ref=sfp-seed
2zXkK,https://news.example.invalid/articles/2026/10/story-38122234?utm_source=share&utm_medium=link&ref=sfp-seed
6sgAd,https://news.example.invalid/articles/2026/10/story-95394949?utm_source=share&utm_medium=link&ref=sfp-seed
6viSh,https://news.example.invalid/articles/2026/10/story-96118741?utm_source=share&utm_medium=link&ref=sfp-seed
1zlp8,https://news.example.invalid/articles/2026/10/story-23200098?utm_source=share&utm_medium=link&ref=sfp-seed
1BzAL,https://news.example.invalid/articles/2026/10/story-23731291?utm_source=share&utm_medium=link&ref=sfp-seed
2kLRh,https://news.example.invalid/articles/2026/10/story-34503203?utm_source=share&utm_medium=link&ref=sfp-seed
1GzuG,https://news.example.invalid/articles/2026/10/story-24922554?utm_source=share&utm_medium=link&ref=sfp-seed
3NJ7G,https://news.example.invalid/articles/2026/10/story-56180536?utm_source=share&utm_medium=link&ref=sfp-seed
zg5r,https://news.example.invalid/articles/2026/10/story-8403321?utm_source=share&utm_medium=link&ref=sfp-seed
4H6bE,https://news.example.invalid/articles/2026/10/story-69377234?utm_source=share&utm_medium=link&ref=sfp-seed
28M1J,https://news.example.invalid/articles/2026/10/story-31643915?utm_source=share&utm_medium=link&ref=sfp-seed
2wovz,https://news.example.invalid/articles/2026/10/story-37273381?utm_source=share&utm_medium=link&ref=sfp-seed
3O6VI,https://news.example.invalid/articles/2026/10/story-56272050?utm_source=share&utm_medium=link&ref=sfp-seed
4AQrp,https://news.example.invalid/articles/2026/10/story-67886739?utm_source=share&utm_medium=link&ref=sfp-seed
3emWD,https://news.example.invalid/articles/2026/10/story-47753803?utm_source=share&utm_medium=link&ref=sfp-seed
2IYdZ,https://news.example.invalid/articles/2026/10/story-40270611?utm_source=share&utm_medium=link&ref=sfp-seed
44o6Z,https://news.example.invalid/articles/2026/10/story-60151345?utm_source=share&utm_medium=link&ref=sfp-seed
5B8QI,https://news.example.invalid/articles/2026/10/story-82733836?utm_source=share&utm_medium=link&ref=sfp-seed
1EyI1,https://news.example.invalid/articles/2026/10/story-24442881?utm_source=share&utm_medium=link&ref=sfp-seed
1Y0tW,https://news.example.invalid/articles/2026/10/story-29077872?utm_source=share&utm_medium=link&ref=sfp-seed
3iUBo,https://news.example.invalid/articles/2026/10/story-48836494?utm_source=share&utm_medium=link&ref=sfp-seed
5csWC,https://news.example.invalid/articles/2026/10/story-76852882?utm_source=share&utm_medium=link&ref=sfp-seed
40MMz,https://news.example.invalid/articles/2026/10/story-59292867?utm_source=share&utm_medium=link&ref=sfp-seed
1CrHf,https://news.example.invalid/articles/2026/10/story-23939269?utm_source=share&utm_medium=link&ref=sfp-seed
1cX8O,https://news.example.invalid/articles/2026/10/story-17863614?utm_source=share&utm_medium=link&ref=sfp-seed
2rQrh,https://news.example.invalid/articles/2026/10/story-36189107?utm_source=share&utm_medium=link&ref=sfp-seed
3pJu7,https://news.example.invalid/articles/2026/10/story-50462055?utm_source=share&utm_medium=link&ref=sfp-seed
4J78c,https://news.example.invalid/articles/2026/10/story-69857520?utm_source=share&utm_medium=link&ref=sfp-seed
1Kjs9,https://news.example.invalid/articles/2026/10/story-25814205?utm_source=share&utm_medium=link&ref=sfp-seed
1HvbZ,https://news.example.invalid/articles/2026/10/story-25144347?utm_source=share&utm_medium=link&ref=sfp-seed
4GNdO,https://news.example.invalid/articles/2026/10/story-69304332?utm_source=share&utm_medium=link&ref=sfp-seed
3mxpb,https://news.example.invalid/articles/2026/10/story-49700637?utm_source=share&utm_medium=link&ref=sfp-seed
IKrI,https://news.example.invalid/articles/2026/10/story-10664974?utm_source=share&utm_medium=link&ref=sfp-seed
4t3qX,https://news.example.invalid/articles/2026/10/story-66030059?utm_source=share&utm_medium=link&ref=sfp-seed
42j5B,https://news.example.invalid/articles/2026/10/story-59655383?utm_source=share&utm_medium=link&ref=sfp-seed
2ttTI,https://news.example.invalid/articles/2026/10/story-36579114?utm_source=share&utm_medium=link&ref=sfp-seed
175Ip,https://news.example.invalid/articles/2026/10/story-16466605?utm_source=share&utm_medium=link&ref=sfp-seed
3gn2c,https://news.example.invalid/articles/2026/10/story-48230804?utm_source=share&utm_medium=link&ref=sfp-seed
Mzfc,https://news.example.invalid/articles/2026/10/story-11575226?utm_source=share&utm_medium=link&ref=sfp-seed
3ndbM,https://news.example.invalid/articles/2026/10/story-49861254?utm_source=share&utm_medium=link&ref=sfp-seed
2a6ta,https://news.example.invalid/articles/2026/10/story-31960824?utm_source=share&utm_medium=link&ref=sfp-seed
3bNXn,https://news.example.invalid/articles/2026/10/story-47142653?utm_source=share&utm_medium=link&ref=sfp-seed
22pU,https://news.example.invalid/articles/2026/10/story-485950?utm_source=share&utm_medium=link&ref=sfp-seed
2YlIF,https://news.example.invalid/articles/2026/10/story-43935845?utm_source=share&utm_medium=link&ref=sfp-seed
3gqLv,https://news.example.invalid/articles/2026/10/story-48245145?utm_source=share&utm_medium=link&ref=sfp-seed
5pASz,https://news.example.invalid/articles/2026/10/story-79981647?utm_source=share&utm_medium=link&ref=sfp-seed
681ot,https://news.example.invalid/articles/2026/10/story-90570001?utm_source=share&utm_medium=link&ref=sfp-seed
5Xk3m,https://news.example.invalid/articles/2026/10/story-88020120?utm_source=share&utm_medium=link&ref=sfp-seed
2Ff0f,https://news.example.invalid/articles/2026/10/story-39381795?utm_source=share&utm_medium=link&ref=sfp-seed
6rcZ6,https://news.example.invalid/articles/2026/10/story-95142788?utm_source=share&utm_medium=link&ref=sfp-seed
1Qo8F,https://news.example.invalid/articles/2026/10/story-27262185?utm_source=share&utm_medium=link&ref=sfp-seed
YSC2,https://news.example.invalid/articles/2026/10/story-14509614?utm_source=share&utm_medium=link&ref=sfp-seed
1LIJ2,https://news.example.invalid/articles/2026/10/story-26149680?utm_source=share&utm_medium=link&ref=sfp-seed
3PLot,https://news.example.invalid/articles/2026/10/story-56665921?utm_source=share&utm_medium=link&ref=sfp-seed
3T1fA,https://news.example.invalid/articles/2026/10/story-57441858?utm_source=share&utm_medium=link&ref=sfp-seed
4qoOv,https://news.example.invalid/articles/2026/10/story-65397259?utm_source=share&utm_medium=link&ref=sfp-seed
6vnnV,https://news.example.invalid/articles/2026/10/story-96136079?utm_source=share&utm_medium=link&ref=sfp-seed
2yu0M,https://news.example.invalid/articles/2026/10/story-37771192?utm_source=share&utm_medium=link&ref=sfp-seed
z8ay,https://news.example.invalid/articles/2026/10/story-8372886?utm_source=share&utm_medium=link&ref=sfp-seed
4o6Qh,https://news.example.invalid/articles/2026/10/story-64851521?utm_source=share&utm_medium=link&ref=sfp-seed
3teF,https://news.example.invalid/articles/2026/10/story-827369?utm_source=share&utm_medium=link&ref=sfp-seed
2zfID,https://news.example.invalid/articles/2026/10/story-37954579?utm_source=share&utm_medium=link&ref=sfp-seed
4pqJC,https://news.example.invalid/articles/2026/10/story-65166316?utm_source=share&utm_medium=link&ref=sfp-seed
frU2,https://news.example.invalid/articles/2026/10/story-3682182?utm_source=share&utm_medium=link&ref=sfp-seed
rXpn,https://news.example.invalid/articles/2026/10/story-6663225?utm_source=share&utm_medium=link&ref=sfp-seed
1QINT,https://news.example.invalid/articles/2026/10/story-27341621?utm_source=share&utm_medium=link&ref=sfp-seed
4qKcR,https://news.example.invalid/articles/2026/10/story-65479493?utm_source=share&utm_medium=link&ref=sfp-seed
3CbGY,https://news.example.invalid/articles/2026/10/story-53430420?utm_source=share&utm_medium=link&ref=sfp-seed
1bNn8,https://news.example.invalid/articles/2026/10/story-17587734?utm_source=share&utm_medium=link&ref=sfp-seed
5KudO,https://news.example.invalid/articles/2026/10/story-84960944?utm_source=share&utm_medium=link&ref=sfp-seed
4vX9i,https://news.example.invalid/articles/2026/10/story-66720884?utm_source=share&utm_medium=link&ref=sfp-seed
6qPhb,https://news.example.invalid/articles/2026/10/story-95051653?utm_source=share&utm_medium=link&ref=sfp-seed
6imfc,https://news.example.invalid/articles/2026/10/story-93033430?utm_source=share&utm_medium=link&ref=sfp-seed
1Rtyp,https://news.example.invalid/articles/2026/10/story-27521329?utm_source=share&utm_medium=link&ref=sfp-seed
40cIE,https://news.example.invalid/articles/2026/10/story-59154240?utm_source=share&utm_medium=link&ref=sfp-seed
Yk2E,https://news.example.invalid/articles/2026/10/story-14376724?utm_source=share&utm_medium=link&ref=sfp-seed
6qGIg,https://news.example.invalid/articles/2026/10/story-95018736?utm_source=share&utm_medium=link&ref=sfp-seed
2VXzo,https://news.example.invalid/articles/2026/10/story-43366358?utm_source=share&utm_medium=link&ref=sfp-seed
34kv,https://news.example.invalid/articles/2026/10/story-731631?utm_source=share&utm_medium=link&ref=sfp-seed
1ij4l,https://news.example.invalid/articles/2026/10/story-19139545?utm_source=share&utm_medium=link&ref=sfp-seed
5jMmF,https://news.example.invalid/articles/2026/10/story-78595829?utm_source=share&utm_medium=link&ref=sfp-seed
lGLy,https://news.example.invalid/articles/2026/10/story-5169284?utm_source=share&utm_medium=link&ref=sfp-seed
6H3kC,https://news.example.invalid/articles/2026/10/story-98918930?utm_source=share&utm_medium=link&ref=sfp-seed
40bC2,https://news.example.invalid/articles/2026/10/story-59149986?utm_source=share&utm_medium=link&ref=sfp-seed
61wEA,https://news.example.invalid/articles/2026/10/story-89021868?utm_source=share&utm_medium=link&ref=sfp-seed
3z8nX,https://news.example.invalid/articles/2026/10/story-52702725?utm_source=share&utm_medium=link&ref=sfp-seed
aLh,https://news.example.invalid/articles/2026/10/story-41371?utm_source=share&utm_medium=link&ref=sfp-seed
5zxUF,https://news.example.invalid/articles/2026/10/story-82353525?utm_source=share&utm_medium=link&ref=sfp-seed
2SEuz,https://news.example.invalid/articles/2026/10/story-42578039?utm_source=share&utm_medium=link&ref=sfp-seed
4OyV4,https://news.example.invalid/articles/2026/10/story-71155978?utm_source=share&utm_medium=link&ref=sfp-seed
1QAMx,https://news.example.invalid/articles/2026/10/story-27310785?utm_source=share&utm_medium=link&ref=sfp-seed
6hUIF,https://news.example.invalid/articles/2026/10/story-92927625?utm_source=share&utm_medium=link&ref=sfp-seed
5ECj9,https://news.example.invalid/articles/2026/10/story-83562059?utm_source=share&utm_medium=link&ref=sfp-seed
5b1bF,https://news.example.invalid/articles/2026/10/story-76507855?utm_source=share&utm_medium=link&ref=sfp-seed
3h8nH,https://news.example.invalid/articles/2026/10/story-48412805?utm_source=share&utm_medium=link&ref=sfp-seed
4SAqA,https://news.example.invalid/articles/2026/10/story-72115088?utm_source=share&utm_medium=link&ref=sfp-seed
4TtCK,https://news.example.invalid/articles/2026/10/story-72327262?utm_source=share&utm_medium=link&ref=sfp-seed
QVvb,https://news.example.invalid/articles/2026/10/story-12614097?utm_source=share&utm_medium=link&ref=sfp-seed
58pEO,https://news.example.invalid/articles/2026/10/story-75886934?utm_source=share&utm_medium=link&ref=sfp-seed
nhBu,https://news.example.invalid/articles/2026/10/story-5549216?utm_source=share&utm_medium=link&ref=sfp-seed
Z5Bw,https://news.example.invalid/articles/2026/10/story-14559554?utm_source=share&utm_medium=link&ref=sfp-seed
1CQes,https://news.example.invalid/articles/2026/10/story-24033584?utm_source=share&utm_medium=link&ref=sfp-seed
CVl6,https://news.example.invalid/articles/2026/10/story-9276880?utm_source=share&utm_medium=link&ref=sfp-seed
5QqsM,https://news.example.invalid/articles/2026/10/story-86376464?utm_source=share&utm_medium=link&ref=sfp-seed
5YBz,https://news.example.invalid/articles/2026/10/story-1424609?utm_source=share&utm_medium=link&ref=sfp-seed
3v45h,https://news.example.invalid/articles/2026/10/story-51732879?utm_source=share&utm_medium=link&ref=sfp-seed
2TmMR,https://news.example.invalid/articles/2026/10/story-42748309?utm_source=share&utm_medium=link&ref=sfp-seed
27bX2,https://news.example.invalid/articles/2026/10/story-31266912?utm_source=share&utm_medium=link&ref=sfp-seed
2Aes1,https://news.example.invalid/articles/2026/10/story-38188033?utm_source=share&utm_medium=link&ref=sfp-seed
4QR7Q,https://news.example.invalid/articles/2026/10/story-71702618?utm_source=share&utm_medium=link&ref=sfp-seed
3IQL9,https://news.example.invalid/articles/2026/10/story-55018251?utm_source=share&utm_medium=link&ref=sfp-seed
1f7kL,https://news.example.invalid/articles/2026/10/story-18379451?utm_source=share&utm_medium=link&ref=sfp-seed
a7mM,https://news.example.invalid/articles/2026/10/story-2411600?utm_source=share&utm_medium=link&ref=sfp-seed
6JM8J,https://news.example.invalid/articles/2026/10/story-99567829?utm_source=share&utm_medium=link&ref=sfp-seed
1B6ik,https://news.example.invalid/articles/2026/10/story-23618672?utm_source=share&utm_medium=link&ref=sfp-seed
2COP5,https://news.example.invalid/articles/2026/10/story-38804503?utm_source=share&utm_medium=link&ref=sfp-seed
3t0YG,https://news.example.invalid/articles/2026/10/story-51244282?utm_source=share&utm_medium=link&ref=sfp-seed
1jf1f,https://news.example.invalid/articles/2026/10/story-19362305?utm_source=share&utm_medium=link&ref=sfp-seed
4eHFn,https://news.example.invalid/articles/2026/10/story-62609793?utm_source=share&utm_medium=link&ref=sfp-seed
5oZOf,https://news.example.invalid/articles/2026/10/story-79839151?utm_source=share&utm_medium=link&ref=sfp-seed
4xBf0,https://news.example.invalid/articles/2026/10/story-67113326?utm_source=share&utm_medium=link&ref=sfp-seed
2i2VW,https://news.example.invalid/articles/2026/10/story-33853856?utm_source=share&utm_medium=link&ref=sfp-seed
4xbXj,https://news.example.invalid/articles/2026/10/story-67016129?utm_source=share&utm_medium=link&ref=sfp-seed
3YAzZ,https://news.example.invalid/articles/2026/10/story-58769303?utm_source=share&utm_medium=link&ref=sfp-seed
ySH2,https://news.example.invalid/articles/2026/10/story-8313396?utm_source=share&utm_medium=link&ref=sfp-seed
3tMXy,https://news.example.invalid/articles/2026/10/story-51428724?utm_source=share&utm_medium=link&ref=sfp-seed
4F4ot,https://news.example.invalid/articles/2026/10/story-68893685?utm_source=share&utm_medium=link&ref=sfp-seed
L6qE,https://news.example.invalid/articles/2026/10/story-11226132?utm_source=share&utm_medium=link&ref=sfp-seed
6paYD,https://news.example.invalid/articles/2026/10/story-94658415?utm_source=share&utm_medium=link&ref=sfp-seed
5A74f,https://news.example.invalid/articles/2026/10/story-82488659?utm_source=share&utm_medium=link&ref=sfp-seed
dabO,https://news.example.invalid/articles/2026/10/story-3137436?utm_source=share&utm_medium=link&ref=sfp-seed
5wDxe,https://news.example.invalid/articles/2026/10/story-81660152?utm_source=share&utm_medium=link&ref=sfp-seed
4CyPx,https://news.example.invalid/articles/2026/10/story-68295699?utm_source=share&utm_medium=link&ref=sfp-seed
5EJPP,https://news.example.invalid/articles/2026/10/story-83590993?utm_source=share&utm_medium=link&ref=sfp-seed
ow2J,https://news.example.invalid/articles/2026/10/story-5843049?utm_source=share&utm_medium=link&ref=sfp-seed
3k1gr,https://news.example.invalid/articles/2026/10/story-49100431?utm_source=share&utm_medium=link&ref=sfp-seed
4zgXd,https://news.example.invalid/articles/2026/10/story-67511999?utm_source=share&utm_medium=link&ref=sfp-seed
278D5,https://news.example.invalid/articles/2026/10/story-31254143?utm_source=share&utm_medium=link&ref=sfp-seed
5vVV8,https://news.example.invalid/articles/2026/10/story-81492498?utm_source=share&utm_medium=link&ref=sfp-seed
TR04,https://news.example.invalid/articles/2026/10/story-13311776?utm_source=share&utm_medium=link&ref=sfp-seed
4SFMH,https://news.example.invalid/articles/2026/10/story-72135679?utm_source=share&utm_medium=link&ref=sfp-seed
6uLX7,https://news.example.invalid/articles/2026/10/story-95992189?utm_source=share&utm_medium=link&ref=sfp-seed
6Jfzs,https://news.example.invalid/articles/2026/10/story-99442634?utm_source=share&utm_medium=link&ref=sfp-seed
25ocd,https://news.example.invalid/articles/2026/10/story-30837325?utm_source=share&utm_medium=link&ref=sfp-seed
5iCVn,https://news.example.invalid/articles/2026/10/story-78321213?utm_source=share&utm_medium=link&ref=sfp-seed
49DaA,https://news.example.invalid/articles/2026/10/story-61400868?utm_source=share&utm_medium=link&ref=sfp-seed
1RWxw,https://news.example.invalid/articles/2026/10/story-27632750?utm_source=share&utm_medium=link&ref=sfp-seed
6CLXp,https://news.example.invalid/articles/2026/10/story-97898831?utm_source=share&utm_medium=link&ref=sfp-seed
4cKtm,https://news.example.invalid/articles/2026/10/story-62143924?utm_source=share&utm_medium=link&ref=sfp-seed
2A5Qo,https://news.example.invalid/articles/2026/10/story-38154948?utm_source=share&utm_medium=link&ref=sfp-seed
5RPj2,https://news.example.invalid/articles/2026/10/story-86710288?utm_source=share&utm_medium=link&ref=sfp-seed
1TAOi,https://news.example.invalid/articles/2026/10/story-28025878?utm_source=share&utm_medium=link&ref=sfp-seed
35tBu,https://news.example.invalid/articles/2026/10/story-45634448?utm_source=share&utm_medium=link&ref=sfp-seed
35ClL,https://news.example.invalid/articles/2026/10/story-45668069?utm_source=share&utm_medium=link&ref=sfp-seed
4MLJ3,https://news.example.invalid/articles/2026/10/story-70728549?utm_source=share&utm_medium=link&ref=sfp-seed
5l3cQ,https://news.example.invalid/articles/2026/10/story-78898896?utm_source=share&utm_medium=link&ref=sfp-seed
1lHMI,https://news.example.invalid/articles/2026/10/story-19949536?utm_source=share&utm_medium=link&ref=sfp-seed
4WhvE,https://news.example.invalid/articles/2026/10/story-72995678?utm_source=share&utm_medium=link&ref=sfp-seed
1OnLa,https://news.example.invalid/articles/2026/10/story-26784072?utm_source=share&utm_medium=link&ref=sfp-seed
SNi2,https://news.example.invalid/articles/2026/10/story-13059186?utm_source=share&utm_medium=link&ref=sfp-seed
3fRON,https://news.example.invalid/articles/2026/10/story-48110809?utm_source=share&utm_medium=link&ref=sfp-seed
cTDS,https://news.example.invalid/articles/2026/10/story-3073828?utm_source=share&utm_medium=link&ref=sfp-seed
3GxsI,https://news.example.invalid/articles/2026/10/story-54467416?utm_source=share&utm_medium=link&ref=sfp-seed
2Oh3U,https://news.example.invalid/articles/2026/10/story-41534662?utm_source=share&utm_medium=link&ref=sfp-seed
3txKk,https://news.example.invalid/articles/2026/10/story-51370244?utm_source=share&utm_medium=link&ref=sfp-seed
19tjC,https://news.example.invalid/articles/2026/10/story-17033980?utm_source=share&utm_medium=link&ref=sfp-seed
5z1WW,https://news.example.invalid/articles/2026/10/story-82230658?utm_source=share&utm_medium=link&ref=sfp-seed
1l1yC,https://news.example.invalid/articles/2026/10/story-19787214?utm_source=share&utm_medium=link&ref=sfp-seed
5Ngfl,https://news.example.invalid/articles/2026/10/story-85622207?utm_source=share&utm_medium=link&ref=sfp-seed
4FvVI,https://news.example.invalid/articles/2026/10/story-68999534?utm_source=share&utm_medium=link&ref=sfp-seed
6cOOR,https://news.example.invalid/articles/2026/10/story-91713305?utm_source=share&utm_medium=link&ref=sfp-seed
5QjIM,https://news.example.invalid/articles/2026/10/story-86350548?utm_source=share&utm_medium=link&ref=sfp-seed
1t06f,https://news.example.invalid/articles/2026/10/story-21688235?utm_source=share&utm_medium=link&ref=sfp-seed
r5ep,https://news.example.invalid/articles/2026/10/story-6454969?utm_source=share&utm_medium=link&ref=sfp-seed
SKld,https://news.example.invalid/articles/2026/10/story-13047851?utm_source=share&utm_medium=link&ref=sfp-seed
4ctDO,https://news.example.invalid/articles/2026/10/story-62079224?utm_source=share&utm_medium=link&ref=sfp-seed
1uiIi,https://news.example.invalid/articles/2026/10/story-21998114?utm_source=share&utm_medium=link&ref=sfp-seed
LVfx,https://news.example.invalid/articles/2026/10/story-11421487?utm_source=share&utm_medium=link&ref=sfp-seed
34fL9,https://news.example.invalid/articles/2026/10/story-45342903?utm_source=share&utm_medium=link&ref=sfp-seed
6p5Bt,https://news.example.invalid/articles/2026/10/story-94637759?utm_source=share&utm_medium=link&ref=sfp-seed
2Fn2w,https://news.example.invalid/articles/2026/10/story-39412688?utm_source=share&utm_medium=link&ref=sfp-seed
3m0nV,https://news.example.invalid/articles/2026/10/story-49573707?utm_source=share&utm_medium=link&ref=sfp-seed
2xUj0,https://news.example.invalid/articles/2026/10/story-37633938?utm_source=share&utm_medium=link&ref=sfp-seed
6Cdqp,https://news.example.invalid/articles/2026/10/story-97766089?utm_source=share&utm_medium=link&ref=sfp-seed
3apnq,https://news.example.invalid/articles/2026/10/story-46809840?utm_source=share&utm_medium=link&ref=sfp-seed
4G2yo,https://news.example.invalid/articles/2026/10/story-69124940?utm_source=share&utm_medium=link&ref=sfp-seed
2u8IP,https://news.example.invalid/articles/2026/10/story-36736043?utm_source=share&utm_medium=link&ref=sfp-seed
2V8BV,https://news.example.invalid/articles/2026/10/story-43170471?utm_source=share&utm_medium=link&ref=sfp-seed
67DUS,https://news.example.invalid/articles/2026/10/story-90479754?utm_source=share&utm_medium=link&ref=sfp-seed
4iDBd,https://news.example.invalid/articles/2026/10/story-63547471?utm_source=share&utm_medium=link&ref=sfp-seed
39hor,https://news.example.invalid/articles/2026/10/story-46540823?utm_source=share&utm_medium=link&ref=sfp-seed
3Dqor,https://news.example.invalid/articles/2026/10/story-53725259?utm_source=share&utm_medium=link&ref=sfp-seed
4ugnl,https://news.example.invalid/articles/2026/10/story-66318135?utm_source=share&utm_medium=link&ref=sfp-seed
6cSec,https://news.example.invalid/articles/2026/10/story-91726408?utm_source=share&utm_medium=link&ref=sfp-seed
jpCj,https://news.example.invalid/articles/2026/10/story-4626707?utm_source=share&utm_medium=link&ref=sfp-seed
1jEy2,https://news.example.invalid/articles/2026/10/story-19460438?utm_source=share&utm_medium=link&ref=sfp-seed
28Nuz,https://news.example.invalid/articles/2026/10/story-31649547?utm_source=share&utm_medium=link&ref=sfp-seed
1phAh,https://news.example.invalid/articles/2026/10/story-20802133?utm_source=share&utm_medium=link&ref=sfp-seed
49nAc,https://news.example.invalid/articles/2026/10/story-61340952?utm_source=share&utm_medium=link&ref=sfp-seed
141ls,https://news.example.invalid/articles/2026/10/story-15734822?utm_source=share&utm_medium=link&ref=sfp-seed
FByh,https://news.example.invalid/articles/2026/10/story-9915801?utm_source=share&utm_medium=link&ref=sfp-seed
5Greg,https://news.example.invalid/articles/2026/10/story-83996128?utm_source=share&utm_medium=link&ref=sfp-seed
2lCl9,https://news.example.invalid/articles/2026/10/story-34704943?utm_source=share&utm_medium=link&ref=sfp-seed
33Qar,https://news.example.invalid/articles/2026/10/story-45244527?utm_source=share&utm_medium=link&ref=sfp-seed
HXcG,https://news.example.invalid/articles/2026/10/story-10475686?utm_source=share&utm_medium=link&ref=sfp-seed
78pX,https://news.example.invalid/articles/2026/10/story-1700657?utm_source=share&utm_medium=link&ref=sfp-seed
3z5yJ,https://news.example.invalid/articles/2026/10/story-52691861?utm_source=share&utm_medium=link&ref=sfp-seed
6c3Qh,https://news.example.invalid/articles/2026/10/story-91532725?utm_source=share&utm_medium=link&ref=sfp-seed
5JtoY,https://news.example.invalid/articles/2026/10/story-84719464?utm_source=share&utm_medium=link&ref=sfp-seed
Xq6E,https://news.example.invalid/articles/2026/10/story-14161708?utm_source=share&utm_medium=link&ref=sfp-seed
52PSl,https://news.example.invalid/articles/2026/10/story-74557749?utm_source=share&utm_medium=link&ref=sfp-seed
1O47w,https://news.example.invalid/articles/2026/10/story-26708578?utm_source=share&utm_medium=link&ref=sfp-seed
3OUX2,https://news.example.invalid/articles/2026/10/story-56464332?utm_source=share&utm_medium=link&ref=sfp-seed
59tcD,https://news.example.invalid/articles/2026/10/story-76138891?utm_source=share&utm_medium=link&ref=sfp-seed
1el4j,https://news.example.invalid/articles/2026/10/story-18193919?utm_source=share&utm_medium=link&ref=sfp-seed
5ijuU,https://news.example.invalid/articles/2026/10/story-78246536?utm_source=share&utm_medium=link&ref=sfp-seed
Aes6,https://news.example.invalid/articles/2026/10/story-8635366?utm_source=share&utm_medium=link&ref=sfp-seed
2ecWc,https://news.example.invalid/articles/2026/10/story-32939000?utm_source=share&utm_medium=link&ref=sfp-seed
3VXqc,https://news.example.invalid/articles/2026/10/story-58142124?utm_source=share&utm_medium=link&ref=sfp-seed
QXjO,https://news.example.invalid/articles/2026/10/story-12621080?utm_source=share&utm_medium=link&ref=sfp-seed
2yFIV,https://news.example.invalid/articles/2026/10/story-37816213?utm_source=share&utm_medium=link&ref=sfp-seed
3B10J,https://news.example.invalid/articles/2026/10/story-53151033?utm_source=share&utm_medium=link&ref=sfp-seed
4C2T6,https://news.example.invalid/articles/2026/10/story-68172912?utm_source=share&utm_medium=link&ref=sfp-seed
6ym9K,https://news.example.invalid/articles/2026/10/story-96846340?utm_source=share&utm_medium=link&ref=sfp-seed
43vHd,https://news.example.invalid/articles/2026/10/story-59942171?utm_source=share&utm_medium=link&ref=sfp-seed
3aooH,https://news.example.invalid/articles/2026/10/story-46806075?utm_source=share&utm_medium=link&ref=sfp-seed
3zUTA,https://news.example.invalid/articles/2026/10/story-52889198?utm_source=share&utm_medium=link&ref=sfp-seed
NmCv,https://news.example.invalid/articles/2026/10/story-11765027?utm_source=share&utm_medium=link&ref=sfp-seed
2inDR,https://news.example.invalid/articles/2026/10/story-33933459?utm_source=share&utm_medium=link&ref=sfp-seed
7KqO,https://news.example.invalid/articles/2026/10/story-1846782?utm_source=share&utm_medium=link&ref=sfp-seed
3k5Sg,https://news.example.invalid/articles/2026/10/story-49118152?utm_source=share&utm_medium=link&ref=sfp-seed
27pBk,https://news.example.invalid/articles/2026/10/story-31319382?utm_source=share&utm_medium=link&ref=sfp-seed
6DTTG,https://news.example.invalid/articles/2026/10/story-98167680?utm_source=share&utm_medium=link&ref=sfp-seed
3UWY5,https://news.example.invalid/articles/2026/10/story-57902053?utm_source=share&utm_medium=link&ref=sfp-seed
1xjUo,https://news.example.invalid/articles/2026/10/story-22717692?utm_source=share&utm_medium=link&ref=sfp-seed
5Vgqv,https://news.example.invalid/articles/2026/10/story-87529523?utm_source=share&utm_medium=link&ref=sfp-seed
4FvpZ,https://news.example.invalid/articles/2026/10/story-68997567?utm_source=share&utm_medium=link&ref=sfp-seed
5mOas,https://news.example.invalid/articles/2026/10/story-79317744?utm_source=share&utm_medium=link&ref=sfp-seed
2LTUL,https://news.example.invalid/articles/2026/10/story-40969027?utm_source=share&utm_medium=link&ref=sfp-seed
2jqK5,https://news.example.invalid/articles/2026/10/story-34183705?utm_source=share&utm_medium=link&ref=sfp-seed
5eJqA,https://news.example.invalid/articles/2026/10/story-77392900?utm_source=share&utm_medium=link&ref=sfp-seed
4iCHg,https://news.example.invalid/articles/2026/10/story-63544002?utm_source=share&utm_medium=link&ref=sfp-seed
3bPCY,https://news.example.invalid/articles/2026/10/story-47149076?utm_source=share&utm_medium=link&ref=sfp-seed
5cLeR,https://news.example.invalid/articles/2026/10/story-76923205?utm_source=share&utm_medium=link&ref=sfp-seed
5bou7,https://news.example.invalid/articles/2026/10/story-76597411?utm_source=share&utm_medium=link&ref=sfp-seed
4o1YX,https://news.example.invalid/articles/2026/10/story-64832839?utm_source=share&utm_medium=link&ref=sfp-seed
1YxLw,https://news.example.invalid/articles/2026/10/story-29205814?utm_source=share&utm_medium=link&ref=sfp-seed
6gPlH,https://news.example.invalid/articles/2026/10/story-92668653?utm_source=share&utm_medium=link&ref=sfp-seed
13DiY,https://news.example.invalid/articles/2026/10/story-15642412?utm_source=share&utm_medium=link&ref=sfp-seed
4qD71,https://news.example.invalid/articles/2026/10/story-65452223?utm_source=share&utm_medium=link&ref=sfp-seed
fLPl,https://news.example.invalid/articles/2026/10/story-3758771?utm_source=share&utm_medium=link&ref=sfp-seed
OGfE,https://news.example.invalid/articles/2026/10/story-12078818?utm_source=share&utm_medium=link&ref=sfp-seed
W99M,https://news.example.invalid/articles/2026/10/story-13858226?utm_source=share&utm_medium=link&ref=sfp-seed
694ee,https://news.example.invalid/articles/2026/10/story-90819226?utm_source=share&utm_medium=link&ref=sfp-seed
6bSh2,https://news.example.invalid/articles/2026/10/story-91488256?utm_source=share&utm_medium=link&ref=sfp-seed
3dk4v,https://news.example.invalid/articles/2026/10/story-47504431?utm_source=share&utm_medium=link&ref=sfp-seed
5Qn0R,https://news.example.invalid/articles/2026/10/story-86363201?utm_source=share&utm_medium=link&ref=sfp-seed
3pkzf,https://news.example.invalid/articles/2026/10/story-50366273?utm_source=share&utm_medium=link&ref=sfp-seed
6z6Hm,https://news.example.invalid/articles/2026/10/story-97025248?utm_source=share&utm_medium=link&ref=sfp-seed
4eAtQ,https://news.example.invalid/articles/2026/10/story-62582170?utm_source=share&utm_medium=link&ref=sfp-seed
1YLvs,https://news.example.invalid/articles/2026/10/story-29258634?utm_source=share&utm_medium=link&ref=sfp-seed
35D43,https://news.example.invalid/articles/2026/10/story-45670815?utm_source=share&utm_medium=link&ref=sfp-seed
5r4Ui,https://news.example.invalid/articles/2026/10/story-80335402?utm_source=share&utm_medium=link&ref=sfp-seed
wrxK,https://news.example.invalid/articles/2026/10/story-7732376?utm_source=share&utm_medium=link&ref=sfp-seed
2mZd4,https://news.example.invalid/articles/2026/10/story-35031182?utm_source=share&utm_medium=link&ref=sfp-seed
2Inze,https://news.example.invalid/articles/2026/10/story-40129700?utm_source=share&utm_medium=link&ref=sfp-seed
1WKPA,https://news.example.invalid/articles/2026/10/story-28779382?utm_source=share&utm_medium=link&ref=sfp-seed
1Ey1g,https://news.example.invalid/articles/2026/10/story-24440230?utm_source=share&utm_medium=link&ref=sfp-seed
5sQ9E,https://news.example.invalid/articles/2026/10/story-80755350?utm_source=share&utm_medium=link&ref=sfp-seed
1hkcu,https://news.example.invalid/articles/2026/10/story-18905566?utm_source=share&utm_medium=link&ref=sfp-seed
39iRg,https://news.example.invalid/articles/2026/10/story-46546454?utm_source=share&utm_medium=link&ref=sfp-seed
DIyx,https://news.example.invalid/articles/2026/10/story-9466069?utm_source=share&utm_medium=link&ref=sfp-seed
23xOY,https://news.example.invalid/articles/2026/10/story-30397668?utm_source=share&utm_medium=link&ref=sfp-seed
4vMt2,https://news.example.invalid/articles/2026/10/story-66679824?utm_source=share&utm_medium=link&ref=sfp-seed
4ZtVi,https://news.example.invalid/articles/2026/10/story-73758380?utm_source=share&utm_medium=link&ref=sfp-seed
5VJ8g,https://news.example.invalid/articles/2026/10/story-87639868?utm_source=share&utm_medium=link&ref=sfp-seed
1AkMD,https://news.example.invalid/articles/2026/10/story-23436039?utm_source=share&utm_medium=link&ref=sfp-seed
5Y520,https://news.example.invalid/articles/2026/10/story-88200704?utm_source=share&utm_medium=link&ref=sfp-seed
5r5qP,https://news.example.invalid/articles/2026/10/story-80337419?utm_source=share&utm_medium=link&ref=sfp-seed
1JvWT,https://news.example.invalid/articles/2026/10/story-25623911?utm_source=share&utm_medium=link&ref=sfp-seed
5ciip,https://news.example.invalid/articles/2026/10/story-76811949?utm_source=share&utm_medium=link&ref=sfp-seed
6bBkI,https://news.example.invalid/articles/2026/10/story-91423136?utm_source=share&utm_medium=link&ref=sfp-seed
4okY1,https://news.example.invalid/articles/2026/10/story-64905817?utm_source=share&utm_medium=link&ref=sfp-seed
3xNGo,https://news.example.invalid/articles/2026/10/story-52384816?utm_source=share&utm_medium=link&ref=sfp-seed
36Ww3,https://news.example.invalid/articles/2026/10/story-45983915?utm_source=share&utm_medium=link&ref=sfp-seed
3RFzv,https://news.example.invalid/articles/2026/10/story-57120197?utm_source=share&utm_medium=link&ref=sfp-seed
14zPA,https://news.example.invalid/articles/2026/10/story-15867386?utm_source=share&utm_medium=link&ref=sfp-seed
42NCU,https://news.example.invalid/articles/2026/10/story-59772768?utm_source=share&utm_medium=link&ref=sfp-seed
4hc4Q,https://news.example.invalid/articles/2026/10/story-63203348?utm_source=share&utm_medium=link&ref=sfp-seed
5vR9y,https://news.example.invalid/articles/2026/10/story-81474172?utm_source=share&utm_medium=link&ref=sfp-seed
1Vd9k,https://news.example.invalid/articles/2026/10/story-28411582?utm_source=share&utm_medium=link&ref=sfp-seed
3pS5w,https://news.example.invalid/articles/2026/10/story-50495126?utm_source=share&utm_medium=link&ref=sfp-seed
5Go74,https://news.example.invalid/articles/2026/10/story-83984150?utm_source=share&utm_medium=link&ref=sfp-seed
fOBc,https://news.example.invalid/articles/2026/10/story-3769426?utm_source=share&utm_medium=link&ref=sfp-seed
2OBvI,https://news.example.invalid/articles/2026/10/story-41613266?utm_source=share&utm_medium=link&ref=sfp-seed
5pdy5,https://news.example.invalid/articles/2026/10/story-79891965?utm_source=share&utm_medium=link&ref=sfp-seed
4sk0d,https://news.example.invalid/articles/2026/10/story-65855421?utm_source=share&utm_medium=link&ref=sfp-seed
5RIA7,https://news.example.invalid/articles/2026/10/story-86684439?utm_source=share&utm_medium=link&ref=sfp-seed
2azZT,https://news.example.invalid/articles/2026/10/story-32074329?utm_source=share&utm_medium=link&ref=sfp-seed
5s0D1,https://news.example.invalid/articles/2026/10/story-80557283?utm_source=share&utm_medium=link&ref=sfp-seed
5phxg,https://news.example.invalid/articles/2026/10/story-79907290?utm_source=share&utm_medium=link&ref=sfp-seed
20LJX,https://news.example.invalid/articles/2026/10/story-29736189?utm_source=share&utm_medium=link&ref=sfp-seed
2UaJo,https://news.example.invalid/articles/2026/10/story-42940294?utm_source=share&utm_medium=link&ref=sfp-seed
fMSs,https://news.example.invalid/articles/2026/10/story-3762808?utm_source=share&utm_medium=link&ref=sfp-seed
510W4,https://news.example.invalid/articles/2026/10/story-74123608?utm_source=share&utm_medium=link&ref=sfp-seed
3i4Lv,https://news.example.invalid/articles/2026/10/story-48637233?utm_source=share&utm_medium=link&ref=sfp-seed
2DlPg,https://news.example.invalid/articles/2026/10/story-38931366?utm_source=share&utm_medium=link&ref=sfp-seed
3Iu1f,https://news.example.invalid/articles/2026/10/story-54930837?utm_source=share&utm_medium=link&ref=sfp-seed
Rxzh,https://news.example.invalid/articles/2026/10/story-12760423?utm_source=share&utm_medium=link&ref=sfp-seed
h4uo,https://news.example.invalid/articles/2026/10/story-4068836?utm_source=share&utm_medium=link&ref=sfp-seed
5HNLQ,https://news.example.invalid/articles/2026/10/story-84321106?utm_source=share&utm_medium=link&ref=sfp-seed
6p5wA,https://news.example.invalid/articles/2026/10/story-94637456?utm_source=share&utm_medium=link&ref=sfp-seed
4QBfC,https://news.example.invalid/articles/2026/10/story-71641596?utm_source=share&utm_medium=link&ref=sfp-seed
5PCUz,https://news.example.invalid/articles/2026/10/story-86185987?utm_source=share&utm_medium=link&ref=sfp-seed
1FSry,https://news.example.invalid/articles/2026/10/story-24757068?utm_source=share&utm_medium=link&ref=sfp-seed
14sBd,https://news.example.invalid/articles/2026/10/story-15839587?utm_source=share&utm_medium=link&ref=sfp-seed
2ds05,https://news.example.invalid/articles/2026/10/story-32758573?utm_source=share&utm_medium=link&ref=sfp-seed
1nD1q,https://news.example.invalid/articles/2026/10/story-20407884?utm_source=share&utm_medium=link&ref=sfp-seed
5Gv8G,https://news.example.invalid/articles/2026/10/story-84011158?utm_source=share&utm_medium=link&ref=sfp-seed
692w8,https://news.example.invalid/articles/2026/10/story-90812648?utm_source=share&utm_medium=link&ref=sfp-seed
4cy9m,https://news.example.invalid/articles/2026/10/story-62096556?utm_source=share&utm_medium=link&ref=sfp-seed
3OSOs,https://news.example.invalid/articles/2026/10/story-56456112?utm_source=share&utm_medium=link&ref=sfp-seed
4L1n2,https://news.example.invalid/articles/2026/10/story-70312032?utm_source=share&utm_medium=link&ref=sfp-seed
5MP6k,https://news.example.invalid/articles/2026/10/story-85517860?utm_source=share&utm_medium=link&ref=sfp-seed
1pKfs,https://news.example.invalid/articles/2026/10/story-20912318?utm_source=share&utm_medium=link&ref=sfp-seed
3xr36,https://news.example.invalid/articles/2026/10/story-52297812?utm_source=share&utm_medium=link&ref=sfp-seed
4LfvF,https://news.example.invalid/articles/2026/10/story-70366383?utm_source=share&utm_medium=link&ref=sfp-seed
15imj,https://news.example.invalid/articles/2026/10/story-16038551?utm_source=share&utm_medium=link&ref=sfp-seed
1aiuu,https://news.example.invalid/articles/2026/10/story-17230698?utm_source=share&utm_medium=link&ref=sfp-seed
59DSX,https://news.example.invalid/articles/2026/10/story-76179955?utm_source=share&utm_medium=link&ref=sfp-seed
36nIq,https://news.example.invalid/articles/2026/10/story-45850142?utm_source=share&utm_medium=link&ref=sfp-seed
C1I1,https://news.example.invalid/articles/2026/10/story-9063037?utm_source=share&utm_medium=link&ref=sfp-seed
ongd,https://news.example.invalid/articles/2026/10/story-5809289?utm_source=share&utm_medium=link&ref=sfp-seed
46oo,https://news.example.invalid/articles/2026/10/story-977888?utm_source=share&utm_medium=link&ref=sfp-seed
6orKs,https://news.example.invalid/articles/2026/10/story-94484556?utm_source=share&utm_medium=link&ref=sfp-seed
455vD,https://news.example.invalid/articles/2026/10/story-60318165?utm_source=share&utm_medium=link&ref=sfp-seed
2sGyN,https://news.example.invalid/articles/2026/10/story-36389461?utm_source=share&utm_medium=link&ref=sfp-seed
2lkQy,https://news.example.invalid/articles/2026/10/story-34637698?utm_source=share&utm_medium=link&ref=sfp-seed
5lHo5,https://news.example.invalid/articles/2026/10/story-79053353?utm_source=share&utm_medium=link&ref=sfp-seed
3ZWYO,https://news.example.invalid/articles/2026/10/story-59093738?utm_source=share&utm_medium=link&ref=sfp-seed
4egIj,https://news.example.invalid/articles/2026/10/story-62506187?utm_source=share&utm_medium=link&ref=sfp-seed
2i1IB,https://news.example.invalid/articles/2026/10/story-33849185?utm_source=share&utm_medium=link&ref=sfp-seed
QTQg,https://news.example.invalid/articles/2026/10/story-12607716?utm_source=share&utm_medium=link&ref=sfp-seed
2R9ri,https://news.example.invalid/articles/2026/10/story-42220344?utm_source=share&utm_medium=link&ref=sfp-seed
2e9yV,https://news.example.invalid/articles/2026/10/story-32926025?utm_source=share&utm_medium=link&ref=sfp-seed
3lU2p,https://news.example.invalid/articles/2026/10/story-49549309?utm_source=share&utm_medium=link&ref=sfp-seed
PWr9,https://news.example.invalid/articles/2026/10/story-12379363?utm_source=share&utm_medium=link&ref=sfp-seed
1RTrh,https://news.example.invalid/articles/2026/10/story-27620831?utm_source=share&utm_medium=link&ref=sfp-seed
365Ce,https://news.example.invalid/articles/2026/10/story-45780566?utm_source=share&utm_medium=link&ref=sfp-seed
3NvSs,https://news.example.invalid/articles/2026/10/story-56129620?utm_source=share&utm_medium=link&ref=sfp-seed
7cMN,https://news.example.invalid/articles/2026/10/story-1717449?utm_source=share&utm_medium=link&ref=sfp-seed
5Sp3N,https://news.example.invalid/articles/2026/10/story-86847727?utm_source=share&utm_medium=link&ref=sfp-seed
3I1FP,https://news.example.invalid/articles/2026/10/story-54821877?utm_source=share&utm_medium=link&ref=sfp-seed
ukT0,https://news.example.invalid/articles/2026/10/story-7230130?utm_source=share&utm_medium=link&ref=sfp-seed
2BR28,https://news.example.invalid/articles/2026/10/story-38574672?utm_source=share&utm_medium=link&ref=sfp-seed
6n8y5,https://news.example.invalid/articles/2026/10/story-94172425?utm_source=share&utm_medium=link&ref=sfp-seed
486O6,https://news.example.invalid/articles/2026/10/story-61038138?utm_source=share&utm_medium=link&ref=sfp-seed
2x4PN,https://news.example.invalid/articles/2026/10/story-37436083?utm_source=share&utm_medium=link&ref=sfp-seed
37FMl,https://news.example.invalid/articles/2026/10/story-46157905?utm_source=share&utm_medium=link&ref=sfp-seed
1ZlPC,https://news.example.invalid/articles/2026/10/story-29398268?utm_source=share&utm_medium=link&ref=sfp-seed
3fPC7,https://news.example.invalid/articles/2026/10/story-48102335?utm_source=share&utm_medium=link&ref=sfp-seed
2o5rD,https://news.example.invalid/articles/2026/10/story-35293477?utm_source=share&utm_medium=link&ref=sfp-seed
1breM,https://news.example.invalid/articles/2026/10/story-17502648?utm_source=share&utm_medium=link&ref=sfp-seed
3coej,https://news.example.invalid/articles/2026/10/story-47282087?utm_source=share&utm_medium=link&ref=sfp-seed
5CxlR,https://news.example.invalid/articles/2026/10/story-83066351?utm_source=share&utm_medium=link&ref=sfp-seed
5GISZ,https://news.example.invalid/articles/2026/10/story-84064001?utm_source=share&utm_medium=link&ref=sfp-seed
3msuB,https://news.example.invalid/articles/2026/10/story-49681753?utm_source=share&utm_medium=link&ref=sfp-seed
3Zdbz,https://news.example.invalid/articles/2026/10/story-58917705?utm_source=share&utm_medium=link&ref=sfp-seed
6ygqS,https://news.example.invalid/articles/2026/10/story-96824338?utm_source=share&utm_medium=link&ref=sfp-seed
6meYy,https://news.example.invalid/articles/2026/10/story-93958802?utm_source=share&utm_medium=link&ref=sfp-seed
5V8Tm,https://news.example.invalid/articles/2026/10/story-87500560?utm_source=share&utm_medium=link&ref=sfp-seed
6ylNh,https://news.example.invalid/articles/2026/10/story-96844947?utm_source=share&utm_medium=link&ref=sfp-seed
27yvK,https://news.example.invalid/articles/2026/10/story-31353632?utm_source=share&utm_medium=link&ref=sfp-seed
jJJF,https://news.example.invalid/articles/2026/10/story-4704043?utm_source=share&utm_medium=link&ref=sfp-seed
2U01U,https://news.example.invalid/articles/2026/10/story-42899158?utm_source=share&utm_medium=link&ref=sfp-seed
3H164,https://news.example.invalid/articles/2026/10/story-54581332?utm_source=share&utm_medium=link&ref=sfp-seed
6c6nu,https://news.example.invalid/articles/2026/10/story-91542472?utm_source=share&utm_medium=link&ref=sfp-seed
VGMG,https://news.example.invalid/articles/2026/10/story-13749162?utm_source=share&utm_medium=link&ref=sfp-seed
1oY7v,https://news.example.invalid/articles/2026/10/story-20727313?utm_source=share&utm_medium=link&ref=sfp-seed
1JH5w,https://news.example.invalid/articles/2026/10/story-25666730?utm_source=share&utm_medium=link&ref=sfp-seed
DTkv,https://news.example.invalid/articles/2026/10/story-9507483?utm_source=share&utm_medium=link&ref=sfp-seed
3M4p0,https://news.example.invalid/articles/2026/10/story-55785678?utm_source=share&utm_medium=link&ref=sfp-seed
59orK,https://news.example.invalid/articles/2026/10/story-76120608?utm_source=share&utm_medium=link&ref=sfp-seed
4neCY,https://news.example.invalid/articles/2026/10/story-64643120?utm_source=share&utm_medium=link&ref=sfp-seed
3dcaI,https://news.example.invalid/articles/2026/10/story-47474064?utm_source=share&utm_medium=link&ref=sfp-seed
5ko2C,https://news.example.invalid/articles/2026/10/story-78740658?utm_source=share&utm_medium=link&ref=sfp-seed
4AkwS,https://news.example.invalid/articles/2026/10/story-67764070?utm_source=share&utm_medium=link&ref=sfp-seed
4540H,https://news.example.invalid/articles/2026/10/story-60312403?utm_source=share&utm_medium=link&ref=sfp-seed
2uvFO,https://news.example.invalid/articles/2026/10/story-36824268?utm_source=share&utm_medium=link&ref=sfp-seed
3IYjv,https://news.example.invalid/articles/2026/10/story-55047289?utm_source=share&utm_medium=link&ref=sfp-seed
3Dn71,https://news.example.invalid/articles/2026/10/story-53712647?utm_source=share&utm_medium=link&ref=sfp-seed
4If3A,https://news.example.invalid/articles/2026/10/story-69649658?utm_source=share&utm_medium=link&ref=sfp-seed
5yVOv,https://news.example.invalid/articles/2026/10/story-82207071?utm_source=share&utm_medium=link&ref=sfp-seed
2G2q3,https://news.example.invalid/articles/2026/10/story-39571751?utm_source=share&utm_medium=link&ref=sfp-seed
TPue,https://news.example.invalid/articles/2026/10/story-13305958?utm_source=share&utm_medium=link&ref=sfp-seed
1FIUI,https://news.example.invalid/articles/2026/10/story-24720436?utm_source=share&utm_medium=link&ref=sfp-seed
3WbGZ,https://news.example.invalid/articles/2026/10/story-58196981?utm_source=share&utm_medium=link&ref=sfp-seed
5gLL7,https://news.example.invalid/articles/2026/10/story-77878517?utm_source=share&utm_medium=link&ref=sfp-seed
26D5d,https://news.example.invalid/articles/2026/10/story-31132879?utm_source=share&utm_medium=link&ref=sfp-seed
5x6uK,https://news.example.invalid/articles/2026/10/story-81771474?utm_source=share&utm_medium=link&ref=sfp-seed
6d54J,https://news.example.invalid/articles/2026/10/story-91775793?utm_source=share&utm_medium=link&ref=sfp-seed
5f8mR,https://news.example.invalid/articles/2026/10/story-77488769?utm_source=share&utm_medium=link&ref=sfp-seed
Z5zf,https://news.example.invalid/articles/2026/10/story-14559413?utm_source=share&utm_medium=link&ref=sfp-seed
1HAXe,https://news.example.invalid/articles/2026/10/story-25166496?utm_source=share&utm_medium=link&ref=sfp-seed
2dm5B,https://news.example.invalid/articles/2026/10/story-32735851?utm_source=share&utm_medium=link&ref=sfp-seed
4bszI,https://news.example.invalid/articles/2026/10/story-61836798?utm_source=share&utm_medium=link&ref=sfp-seed
5tkbS,https://news.example.invalid/articles/2026/10/story-80870808?utm_source=share&utm_medium=link&ref=sfp-seed
1SWjZ,https://news.example.invalid/articles/2026/10/story-27870239?utm_source=share&utm_medium=link&ref=sfp-seed
5elRb,https://news.example.invalid/articles/2026/10/story-77302293?utm_source=share&utm_medium=link&ref=sfp-seed
4DHvY,https://news.example.invalid/articles/2026/10/story-68567410?utm_source=share&utm_medium=link&ref=sfp-seed
6phyi,https://news.example.invalid/articles/2026/10/story-94683690?utm_source=share&utm_medium=link&ref=sfp-seed
1altp,https://news.example.invalid/articles/2026/10/story-17242163?utm_source=share&utm_medium=link&ref=sfp-seed
265Ed,https://news.example.invalid/articles/2026/10/story-31004353?utm_source=share&utm_medium=link&ref=sfp-seed
4x0Tb,https://news.example.invalid/articles/2026/10/story-66973589?utm_source=share&utm_medium=link&ref=sfp-seed
49SBZ,https://news.example.invalid/articles/2026/10/story-61460227?utm_source=share&utm_medium=link&ref=sfp-seed
sczt,https://news.example.invalid/articles/2026/10/story-6721511?utm_source=share&utm_medium=link&ref=sfp-seed
6mKij,https://news.example.invalid/articles/2026/10/story-94079191?utm_source=share&utm_medium=link&ref=sfp-seed
2F6tU,https://news.example.invalid/articles/2026/10/story-39349038?utm_source=share&utm_medium=link&ref=sfp-seed
6xMul,https://news.example.invalid/articles/2026/10/story-96709233?utm_source=share&utm_medium=link&ref=sfp-seed
54ZHk,https://news.example.invalid/articles/2026/10/story-75072162?utm_source=share&utm_medium=link&ref=sfp-seed
1Wbld,https://news.example.invalid/articles/2026/10/story-28642959?utm_source=share&utm_medium=link&ref=sfp-seed
6piNc,https://news.example.invalid/articles/2026/10/story-94688458?utm_source=share&utm_medium=link&ref=sfp-seed
CD3X,https://news.example.invalid/articles/2026/10/story-9206625?utm_source=share&utm_medium=link&ref=sfp-seed
3hJYF,https://news.example.invalid/articles/2026/10/story-48557325?utm_source=share&utm_medium=link&ref=sfp-seed
5mf3y,https://news.example.invalid/articles/2026/10/story-79182776?utm_source=share&utm_medium=link&ref=sfp-seed
1Gpyu,https://news.example.invalid/articles/2026/10/story-24884350?utm_source=share&utm_medium=link&ref=sfp-seed
1Uy7O,https://news.example.invalid/articles/2026/10/story-28253884?utm_source=share&utm_medium=link&ref=sfp-seed
1RfU0,https://news.example.invalid/articles/2026/10/story-27468852?utm_source=share&utm_medium=link&ref=sfp-seed
57f8c,https://news.example.invalid/articles/2026/10/story-75608144?utm_source=share&utm_medium=link&ref=sfp-seed
1ToY9,https://news.example.invalid/articles/2026/10/story-27980361?utm_source=share&utm_medium=link&ref=sfp-seed
21CjQ,https://news.example.invalid/articles/2026/10/story-29938302?utm_source=share&utm_medium=link&ref=sfp-seed
33Zhf,https://news.example.invalid/articles/2026/10/story-45279545?utm_source=share&utm_medium=link&ref=sfp-seed
12tY1,https://news.example.invalid/articles/2026/10/story-15368189?utm_source=share&utm_medium=link&ref=sfp-seed
15VVd,https://news.example.invalid/articles/2026/10/story-16190631?utm_source=share&utm_medium=link&ref=sfp-seed
5gYtv,https://news.example.invalid/articles/2026/10/story-77927397?utm_source=share&utm_medium=link&ref=sfp-seed
6DQGx,https://news.example.invalid/articles/2026/10/story-98155333?utm_source=share&utm_medium=link&ref=sfp-seed
5VkjS,https://news.example.invalid/articles/2026/10/story-87544488?utm_source=share&utm_medium=link&ref=sfp-seed
4FPwy,https://news.example.invalid/articles/2026/10/story-69074854?utm_source=share&utm_medium=link&ref=sfp-seed
MFsk,https://news.example.invalid/articles/2026/10/story-11599104?utm_source=share&utm_medium=link&ref=sfp-seed
5p4oq,https://news.example.invalid/articles/2026/10/story-79856770?utm_source=share&utm_medium=link&ref=sfp-seed
1lqjm,https://news.example.invalid/articles/2026/10/story-19882368?utm_source=share&utm_medium=link&ref=sfp-seed
3GGqF,https://news.example.invalid/articles/2026/10/story-54501885?utm_source=share&utm_medium=link&ref=sfp-seed
6cXC6,https://news.example.invalid/articles/2026/10/story-91747110?utm_source=share&utm_medium=link&ref=sfp-seed
3TbqL,https://news.example.invalid/articles/2026/10/story-57480991?utm_source=share&utm_medium=link&ref=sfp-seed
nKeh,https://news.example.invalid/articles/2026/10/story-5659253?utm_source=share&utm_medium=link&ref=sfp-seed
1ZzhM,https://news.example.invalid/articles/2026/10/story-29449986?utm_source=share&utm_medium=link&ref=sfp-seed
5whqf,https://news.example.invalid/articles/2026/10/story-81575151?utm_source=share&utm_medium=link&ref=sfp-seed
1WEOD,https://news.example.invalid/articles/2026/10/story-28756259?utm_source=share&utm_medium=link&ref=sfp-seed
43zw9,https://news.example.invalid/articles/2026/10/story-59956861?utm_source=share&utm_medium=link&ref=sfp-seed
2kdEJ,https://news.example.invalid/articles/2026/10/story-34371729?utm_source=share&utm_medium=link&ref=sfp-seed
1XlYr,https://news.example.invalid/articles/2026/10/story-28922159?utm_source=share&utm_medium=link&ref=sfp-seed
4jjDA,https://news.example.invalid/articles/2026/10/story-63709066?utm_source=share&utm_medium=link&ref=sfp-seed
4Gjhl,https://news.example.invalid/articles/2026/10/story-69189231?utm_source=share&utm_medium=link&ref=sfp-seed
3gSsz,https://news.example.invalid/articles/2026/10/story-48351603?utm_source=share&utm_medium=link&ref=sfp-seed
eptW,https://news.example.invalid/articles/2026/10/story-3434548?utm_source=share&utm_medium=link&ref=sfp-seed
6xBfX,https://news.example.invalid/articles/2026/10/story-96666057?utm_source=share&utm_medium=link&ref=sfp-seed
8wud,https://news.example.invalid/articles/2026/10/story-2031505?utm_source=share&utm_medium=link&ref=sfp-seed
4MUBs,https://news.example.invalid/articles/2026/10/story-70762674?utm_source=share&utm_medium=link&ref=sfp-seed
2AkF,https://news.example.invalid/articles/2026/10/story-616321?utm_source=share&utm_medium=link&ref=sfp-seed
4FhCu,https://news.example.invalid/articles/2026/10/story-68944526?utm_source=share&utm_medium=link&ref=sfp-seed
377it,https://news.example.invalid/articles/2026/10/story-46025357?utm_source=share&utm_medium=link&ref=sfp-seed
19Cac,https://news.example.invalid/articles/2026/10/story-17067992?utm_source=share&utm_medium=link&ref=sfp-seed
48Mvl,https://news.example.invalid/articles/2026/10/story-61198423?utm_source=share&utm_medium=link&ref=sfp-seed
68noR,https://news.example.invalid/articles/2026/10/story-90654593?utm_source=share&utm_medium=link&ref=sfp-seed
69zDl,https://news.example.invalid/articles/2026/10/story-90939947?utm_source=share&utm_medium=link&ref=sfp-seed
1Teuy,https://news.example.invalid/articles/2026/10/story-27940086?utm_source=share&utm_medium=link&ref=sfp-seed
1NaJ9,https://news.example.invalid/articles/2026/10/story-26495647?utm_source=share&utm_medium=link&ref=sfp-seed
5qL12,https://news.example.invalid/articles/2026/10/story-80258940?utm_source=share&utm_medium=link&ref=sfp-seed
2eF0I,https://news.example.invalid/articles/2026/10/story-33046912?utm_source=share&utm_medium=link&ref=sfp-seed
4tPPQ,https://news.example.invalid/articles/2026/10/story-66216114?utm_source=share&utm_medium=link&ref=sfp-seed
2Xspr,https://news.example.invalid/articles/2026/10/story-43723233?utm_source=share&utm_medium=link&ref=sfp-seed
5H3NB,https://news.example.invalid/articles/2026/10/story-84144391?utm_source=share&utm_medium=link&ref=sfp-seed
5bXDl,https://news.example.invalid/articles/2026/10/story-76732523?utm_source=share&utm_medium=link&ref=sfp-seed
4vFoN,https://news.example.invalid/articles/2026/10/story-66652653?utm_source=share&utm_medium=link&ref=sfp-seed
40SJ7,https://news.example.invalid/articles/2026/10/story-59315717?utm_source=share&utm_medium=link&ref=sfp-seed
6jR2p,https://news.example.invalid/articles/2026/10/story-93390129?utm_source=share&utm_medium=link&ref=sfp-seed
1rj6I,https://news.example.invalid/articles/2026/10/story-21284644?utm_source=share&utm_medium=link&ref=sfp-seed
1nGOG,https://news.example.invalid/articles/2026/10/story-20422470?utm_source=share&utm_medium=link&ref=sfp-seed
1T8Bf,https://news.example.invalid/articles/2026/10/story-27917437?utm_source=share&utm_medium=link&ref=sfp-seed
hIel,https://news.example.invalid/articles/2026/10/story-4221601?utm_source=share&utm_medium=link&ref=sfp-seed
12IMb,https://news.example.invalid/articles/2026/10/story-15425115?utm_source=share&utm_medium=link&ref=sfp-seed
4TDz0,https://news.example.invalid/articles/2026/10/story-72365470?utm_source=share&utm_medium=link&ref=sfp-seed
2mZx7,https://news.example.invalid/articles/2026/10/story-35032425?utm_source=share&utm_medium=link&ref=sfp-seed
4ZDDT,https://news.example.invalid/articles/2026/10/story-73795741?utm_source=share&utm_medium=link&ref=sfp-seed
3Dod6,https://news.example.invalid/articles/2026/10/story-53716868?utm_source=share&utm_medium=link&ref=sfp-seed
3WB1,https://news.example.invalid/articles/2026/10/story-940231?utm_source=share&utm_medium=link&ref=sfp-seed
3FaBK,https://news.example.invalid/articles/2026/10/story-54141236?utm_source=share&utm_medium=link&ref=sfp-seed
3OLi2,https://news.example.invalid/articles/2026/10/story-56427194?utm_source=share&utm_medium=link&ref=sfp-seed
AlgJ,https://news.example.invalid/articles/2026/10/story-8661569?utm_source=share&utm_medium=link&ref=sfp-seed
4Uqfr,https://news.example.invalid/articles/2026/10/story-72552613?utm_source=share&utm_medium=link&ref=sfp-seed
3yZmU,https://news.example.invalid/articles/2026/10/story-52668064?utm_source=share&utm_medium=link&ref=sfp-seed
2MqpI,https://news.example.invalid/articles/2026/10/story-41093954?utm_source=share&utm_medium=link&ref=sfp-seed
6aiaE,https://news.example.invalid/articles/2026/10/story-91111148?utm_source=share&utm_medium=link&ref=sfp-seed
1u8x6,https://news.example.invalid/articles/2026/10/story-21958980?utm_source=share&utm_medium=link&ref=sfp-seed
2PW2u,https://news.example.invalid/articles/2026/10/story-41930506?utm_source=share&utm_medium=link&ref=sfp-seed
1eGhQ,https://news.example.invalid/articles/2026/10/story-18275482?utm_source=share&utm_medium=link&ref=sfp-seed
X5Nj,https://news.example.invalid/articles/2026/10/story-14083629?utm_source=share&utm_medium=link&ref=sfp-seed
UPTP,https://news.example.invalid/articles/2026/10/story-13545873?utm_source=share&utm_medium=link&ref=sfp-seed
5HyG,https://news.example.invalid/articles/2026/10/story-1359082?utm_source=share&utm_medium=link&ref=sfp-seed
ve2c,https://news.example.invalid/articles/2026/10/story-7442120?utm_source=share&utm_medium=link&ref=sfp-seed
5AMgH,https://news.example.invalid/articles/2026/10/story-82647035?utm_source=share&utm_medium=link&ref=sfp-seed
20Fxg,https://news.example.invalid/articles/2026/10/story-29712338?utm_source=share&utm_medium=link&ref=sfp-seed
2zyjJ,https://news.example.invalid/articles/2026/10/story-38026071?utm_source=share&utm_medium=link&ref=sfp-seed
1ihlA,https://news.example.invalid/articles/2026/10/story-19132926?utm_source=share&utm_medium=link&ref=sfp-seed
3FjNq,https://news.example.invalid/articles/2026/10/story-54176556?utm_source=share&utm_medium=link&ref=sfp-seed
3xQqP,https://news.example.invalid/articles/2026/10/story-52395383?utm_source=share&utm_medium=link&ref=sfp-seed
398b4,https://news.example.invalid/articles/2026/10/story-46505398?utm_source=share&utm_medium=link&ref=sfp-seed
5rFgX,https://news.example.invalid/articles/2026/10/story-80475191?utm_source=share&utm_medium=link&ref=sfp-seed
33qoO,https://news.example.invalid/articles/2026/10/story-45145474?utm_source=share&utm_medium=link&ref=sfp-seed
5ppLY,https://news.example.invalid/articles/2026/10/story-79938954?utm_source=share&utm_medium=link&ref=sfp-seed
4vWt8,https://news.example.invalid/articles/2026/10/story-66718270?utm_source=share&utm_medium=link&ref=sfp-seed
1qV8P,https://news.example.invalid/articles/2026/10/story-21192519?utm_source=share&utm_medium=link&ref=sfp-seed
43xhk,https://news.example.invalid/articles/2026/10/story-59948254?utm_source=share&utm_medium=link&ref=sfp-seed
1hdeO,https://news.example.invalid/articles/2026/10/story-18878802?utm_source=share&utm_medium=link&ref=sfp-seed
3tdab,https://news.example.invalid/articles/2026/10/story-51291123?utm_source=share&utm_medium=link&ref=sfp-seed
4qig7,https://news.example.invalid/articles/2026/10/story-65372063?utm_source=share&utm_medium=link&ref=sfp-seed
4Hs26,https://news.example.invalid/articles/2026/10/story-69461210?utm_source=share&utm_medium=link&ref=sfp-seed
tigz,https://news.example.invalid/articles/2026/10/story-6981731?utm_source=share&utm_medium=link&ref=sfp-seed
3Jhzv,https://news.example.invalid/articles/2026/10/story-55121317?utm_source=share&utm_medium=link&ref=sfp-seed
1GIMZ,https://news.example.invalid/articles/2026/10/story-24958285?utm_source=share&utm_medium=link&ref=sfp-seed
6JUUz,https://news.example.invalid/articles/2026/10/story-99601547?utm_source=share&utm_medium=link&ref=sfp-seed
3Uje8,https://news.example.invalid/articles/2026/10/story-57749288?utm_source=share&utm_medium=link&ref=sfp-seed
363TT,https://news.example.invalid/articles/2026/10/story-45773973?utm_source=share&utm_medium=link&ref=sfp-seed
5FCvH,https://news.example.invalid/articles/2026/10/story-83801165?utm_source=share&utm_medium=link&ref=sfp-seed
1EBpU,https://news.example.invalid/articles/2026/10/story-24453290?utm_source=share&utm_medium=link&ref=sfp-seed
5Pu9I,https://news.example.invalid/articles/2026/10/story-86152330?utm_source=share&utm_medium=link&ref=sfp-seed
33GGc,https://news.example.invalid/articles/2026/10/story-45208056?utm_source=share&utm_medium=link&ref=sfp-seed
3ztiS,https://news.example.invalid/articles/2026/10/story-52783134?utm_source=share&utm_medium=link&ref=sfp-seed
56cy0,https://news.example.invalid/articles/2026/10/story-75359884?utm_source=share&utm_medium=link&ref=sfp-seed
4ZpwM,https://news.example.invalid/articles/2026/10/story-73741484?utm_source=share&utm_medium=link&ref=sfp-seed
3Sxro,https://news.example.invalid/articles/2026/10/story-57327270?utm_source=share&utm_medium=link&ref=sfp-seed
66sxu,https://news.example.invalid/articles/2026/10/story-90197692?utm_source=share&utm_medium=link&ref=sfp-seed
4W0un,https://news.example.invalid/articles/2026/10/story-72930251?utm_source=share&utm_medium=link&ref=sfp-seed
6JrXL,https://news.example.invalid/articles/2026/10/story-99490269?utm_source=share&utm_medium=link&ref=sfp-seed
4O17h,https://news.example.invalid/articles/2026/10/story-71026039?utm_source=share&utm_medium=link&ref=sfp-seed
1Zlbm,https://news.example.invalid/articles/2026/10/story-29395772?utm_source=share&utm_medium=link&ref=sfp-seed
4sCsG,https://news.example.invalid/articles/2026/10/story-65926378?utm_source=share&utm_medium=link&ref=sfp-seed
36dk6,https://news.example.invalid/articles/2026/10/story-45810194?utm_source=share&utm_medium=link&ref=sfp-seed
219t5,https://news.example.invalid/articles/2026/10/story-29827399?utm_source=share&utm_medium=link&ref=sfp-seed
6t2Lt,https://news.example.invalid/articles/2026/10/story-95580159?utm_source=share&utm_medium=link&ref=sfp-seed
wkwP,https://news.example.invalid/articles/2026/10/story-7705411?utm_source=share&utm_medium=link&ref=sfp-seed
22des,https://news.example.invalid/articles/2026/10/story-30080196?utm_source=share&utm_medium=link&ref=sfp-seed
113ht,https://news.example.invalid/articles/2026/10/story-15027279?utm_source=share&utm_medium=link&ref=sfp-seed
5qVY7,https://news.example.invalid/articles/2026/10/story-80301043?utm_source=share&utm_medium=link&ref=sfp-seed
3YXWc,https://news.example.invalid/articles/2026/10/story-58859092?utm_source=share&utm_medium=link&ref=sfp-seed
2wan2,https://news.example.invalid/articles/2026/10/story-37219036?utm_source=share&utm_medium=link&ref=sfp-seed
33Amn,https://news.example.invalid/articles/2026/10/story-45183763?utm_source=share&utm_medium=link&ref=sfp-seed
5Ehrf,https://news.example.invalid/articles/2026/10/story-83481837?utm_source=share&utm_medium=link&ref=sfp-seed
3dLpt,https://news.example.invalid/articles/2026/10/story-47609519?utm_source=share&utm_medium=link&ref=sfp-seed
7sH5,https://news.example.invalid/articles/2026/10/story-1778599?utm_source=share&utm_medium=link&ref=sfp-seed
vHEr,https://news.example.invalid/articles/2026/10/story-7555967?utm_source=share&utm_medium=link&ref=sfp-seed
3gDc1,https://news.example.invalid/articles/2026/10/story-48292917?utm_source=share&utm_medium=link&ref=sfp-seed
3F7PD,https://news.example.invalid/articles/2026/10/story-54130565?utm_source=share&utm_medium=link&ref=sfp-seed
1PNYm,https://news.example.invalid/articles/2026/10/story-27123162?utm_source=share&utm_medium=link&ref=sfp-seed
1s7LY,https://news.example.invalid/articles/2026/10/story-21479402?utm_source=share&utm_medium=link&ref=sfp-seed
4Bdyy,https://news.example.invalid/articles/2026/10/story-67975594?utm_source=share&utm_medium=link&ref=sfp-seed
2yZ8c,https://news.example.invalid/articles/2026/10/story-37890816?utm_source=share&utm_medium=link&ref=sfp-seed
3aSrm,https://news.example.invalid/articles/2026/10/story-46921560?utm_source=share&utm_medium=link&ref=sfp-seed
1CfMS,https://news.example.invalid/articles/2026/10/story-23893490?utm_source=share&utm_medium=link&ref=sfp-seed
17aXg,https://news.example.invalid/articles/2026/10/story-16486746?utm_source=share&utm_medium=link&ref=sfp-seed
3f1VV,https://news.example.invalid/articles/2026/10/story-47911363?utm_source=share&utm_medium=link&ref=sfp-seed
2xKE1,https://news.example.invalid/articles/2026/10/story-37596801?utm_source=share&utm_medium=link&ref=sfp-seed
5F4Qj,https://news.example.invalid/articles/2026/10/story-83671747?utm_source=share&utm_medium=link&ref=sfp-seed
2pzOo,https://news.example.invalid/articles/2026/10/story-35648536?utm_source=share&utm_medium=link&ref=sfp-seed
gE6v,https://news.example.invalid/articles/2026/10/story-3967411?utm_source=share&utm_medium=link&ref=sfp-seed
1tBzz,https://news.example.invalid/articles/2026/10/story-21832281?utm_source=share&utm_medium=link&ref=sfp-seed
fQJg,https://news.example.invalid/articles/2026/10/story-3777614?utm_source=share&utm_medium=link&ref=sfp-seed
TOzd,https://news.example.invalid/articles/2026/10/story-13302423?utm_source=share&utm_medium=link&ref=sfp-seed
6fHkk,https://news.example.invalid/articles/2026/10/story-92399488?utm_source=share&utm_medium=link&ref=sfp-seed
2IgCf,https://news.example.invalid/articles/2026/10/story-40102979?utm_source=share&utm_medium=link&ref=sfp-seed
2l7PO,https://news.example.invalid/articles/2026/10/story-34587680?utm_source=share&utm_medium=link&ref=sfp-seed
2K8rA,https://news.example.invalid/articles/2026/10/story-40548222?utm_source=share&utm_medium=link&ref=sfp-seed
43O6V,https://news.example.invalid/articles/2026/10/story-60012957?utm_source=share&utm_medium=link&ref=sfp-seed
2voHV,https://news.example.invalid/articles/2026/10/story-37035819?utm_source=share&utm_medium=link&ref=sfp-seed
1EPuk,https://news.example.invalid/articles/2026/10/story-24507380?utm_source=share&utm_medium=link&ref=sfp-seed
Sc0B,https://news.example.invalid/articles/2026/10/story-12915877?utm_source=share&utm_medium=link&ref=sfp-seed
2aWmS,https://news.example.invalid/articles/2026/10/story-32160322?utm_source=share&utm_medium=link&ref=sfp-seed
TRYL,https://news.example.invalid/articles/2026/10/story-13315539?utm_source=share&utm_medium=link&ref=sfp-seed
3duRV,https://news.example.invalid/articles/2026/10/story-47545935?utm_source=share&utm_medium=link&ref=sfp-seed
5IldB,https://news.example.invalid/articles/2026/10/story-84449679?utm_source=share&utm_medium=link&ref=sfp-seed
2fLJH,https://news.example.invalid/articles/2026/10/story-33311093?utm_source=share&utm_medium=link&ref=sfp-seed
3SSn5,https://news.example.invalid/articles/2026/10/story-57407727?utm_source=share&utm_medium=link&ref=sfp-seed
kLma,https://news.example.invalid/articles/2026/10/story-4948602?utm_source=share&utm_medium=link&ref=sfp-seed
3deRL,https://news.example.invalid/articles/2026/10/story-47484421?utm_source=share&utm_medium=link&ref=sfp-seed
5ZGI6,https://news.example.invalid/articles/2026/10/story-88583870?utm_source=share&utm_medium=link&ref=sfp-seed
59uk6,https://news.example.invalid/articles/2026/10/story-76143198?utm_source=share&utm_medium=link&ref=sfp-seed
48WA2,https://news.example.invalid/articles/2026/10/story-61237154?utm_source=share&utm_medium=link&ref=sfp-seed
3R2Tb,https://news.example.invalid/articles/2026/10/story-56971501?utm_source=share&utm_medium=link&ref=sfp-seed
6gjS,https://news.example.invalid/articles/2026/10/story-1492704?utm_source=share&utm_medium=link&ref=sfp-seed
3ZDIZ,https://news.example.invalid/articles/2026/10/story-59019721?utm_source=share&utm_medium=link&ref=sfp-seed
2RH0C,https://news.example.invalid/articles/2026/10/story-42349386?utm_source=share&utm_medium=link&ref=sfp-seed
66nqG,https://news.example.invalid/articles/2026/10/story-90178050?utm_source=share&utm_medium=link&ref=sfp-seed
1E9IJ,https://news.example.invalid/articles/2026/10/story-24346825?utm_source=share&utm_medium=link&ref=sfp-seed
2qCZv,https://news.example.invalid/articles/2026/10/story-35899085?utm_source=share&utm_medium=link&ref=sfp-seed
3xT6v,https://news.example.invalid/articles/2026/10/story-52405655?utm_source=share&utm_medium=link&ref=sfp-seed
3P05q,https://news.example.invalid/articles/2026/10/story-56484072?utm_source=share&utm_medium=link&ref=sfp-seed
4W7qE,https://news.example.invalid/articles/2026/10/story-72956928?utm_source=share&utm_medium=link&ref=sfp-seed
1pV3G,https://news.example.invalid/articles/2026/10/story-20953872?utm_source=share&utm_medium=link&ref=sfp-seed
1ATAz,https://news.example.invalid/articles/2026/10/story-23569831?utm_source=share&utm_medium=link&ref=sfp-seed
Cr8b,https://news.example.invalid/articles/2026/10/story-9160759?utm_source=share&utm_medium=link&ref=sfp-seed
2rW5P,https://news.example.invalid/articles/2026/10/story-36210841?utm_source=share&utm_medium=link&ref=sfp-seed
3z2gn,https://news.example.invalid/articles/2026/10/story-52679191?utm_source=share&utm_medium=link&ref=sfp-seed
5XScz,https://news.example.invalid/articles/2026/10/story-88151387?utm_source=share&utm_medium=link&ref=sfp-seed
6aQWk,https://news.example.invalid/articles/2026/10/story-91244800?utm_source=share&utm_medium=link&ref=sfp-seed
5ecjs,https://news.example.invalid/articles/2026/10/story-77265606?utm_source=share&utm_medium=link&ref=sfp-seed
2WdBJ,https://news.example.invalid/articles/2026/10/story-43428007?utm_source=share&utm_medium=link&ref=sfp-seed
3tZuK,https://news.example.invalid/articles/2026/10/story-51476910?utm_source=share&utm_medium=link&ref=sfp-seed
eRba,https://news.example.invalid/articles/2026/10/story-3541016?utm_source=share&utm_medium=link&ref=sfp-seed
38chO,https://news.example.invalid/articles/2026/10/story-46282864?utm_source=share&utm_medium=link&ref=sfp-seed
1C4Xt,https://news.example.invalid/articles/2026/10/story-23851863?utm_source=share&utm_medium=link&ref=sfp-seed
5zsUA,https://news.example.invalid/articles/2026/10/story-82334300?utm_source=share&utm_medium=link&ref=sfp-seed
68P2U,https://news.example.invalid/articles/2026/10/story-90760864?utm_source=share&utm_medium=link&ref=sfp-seed
1PYx0,https://news.example.invalid/articles/2026/10/story-27163750?utm_source=share&utm_medium=link&ref=sfp-seed
2ZqMo,https://news.example.invalid/articles/2026/10/story-44193624?utm_source=share&utm_medium=link&ref=sfp-seed
306Hq,https://news.example.invalid/articles/2026/10/story-44354764?utm_source=share&utm_medium=link&ref=sfp-seed
5Ks0d,https://news.example.invalid/articles/2026/10/story-84952413?utm_source=share&utm_medium=link&ref=sfp-seed
54dyf,https://news.example.invalid/articles/2026/10/story-74887087?utm_source=share&utm_medium=link&ref=sfp-seed
2qK0z,https://news.example.invalid/articles/2026/10/story-35926059?utm_source=share&utm_medium=link&ref=sfp-seed
1w2KJ,https://news.example.invalid/articles/2026/10/story-22413417?utm_source=share&utm_medium=link&ref=sfp-seed
4CZXd,https://news.example.invalid/articles/2026/10/story-68399963?utm_source=share&utm_medium=link&ref=sfp-seed
1LpAF,https://news.example.invalid/articles/2026/10/story-26076125?utm_source=share&utm_medium=link&ref=sfp-seed
UfDT,https://news.example.invalid/articles/2026/10/story-13406501?utm_source=share&utm_medium=link&ref=sfp-seed
3eQeq,https://news.example.invalid/articles/2026/10/story-47866382?utm_source=share&utm_medium=link&ref=sfp-seed
UqGw,https://news.example.invalid/articles/2026/10/story-13448948?utm_source=share&utm_medium=link&ref=sfp-seed
4j1oG,https://news.example.invalid/articles/2026/10/story-63638950?utm_source=share&utm_medium=link&ref=sfp-seed
6IBrM,https://news.example.invalid/articles/2026/10/story-99288398?utm_source=share&utm_medium=link&ref=sfp-seed
33w2r,https://news.example.invalid/articles/2026/10/story-45167151?utm_source=share&utm_medium=link&ref=sfp-seed
SvTl,https://news.example.invalid/articles/2026/10/story-12992307?utm_source=share&utm_medium=link&ref=sfp-seed
3M63G,https://news.example.invalid/articles/2026/10/story-55792044?utm_source=share&utm_medium=link&ref=sfp-seed
6Brpw,https://news.example.invalid/articles/2026/10/story-97581522?utm_source=share&utm_medium=link&ref=sfp-seed
61Qkb,https://news.example.invalid/articles/2026/10/story-89097483?utm_source=share&utm_medium=link&ref=sfp-seed
43QSd,https://news.example.invalid/articles/2026/10/story-60023577?utm_source=share&utm_medium=link&ref=sfp-seed
58gH1,https://news.example.invalid/articles/2026/10/story-75852475?utm_source=share&utm_medium=link&ref=sfp-seed
QxPr,https://news.example.invalid/articles/2026/10/story-12523097?utm_source=share&utm_medium=link&ref=sfp-seed
6nm3V,https://news.example.invalid/articles/2026/10/story-94224371?utm_source=share&utm_medium=link&ref=sfp-seed
N2Ao,https://news.example.invalid/articles/2026/10/story-11688016?utm_source=share&utm_medium=link&ref=sfp-seed
5OpCH,https://news.example.invalid/articles/2026/10/story-85896579?utm_source=share&utm_medium=link&ref=sfp-seed
4pMeL,https://news.example.invalid/articles/2026/10/story-65248971?utm_source=share&utm_medium=link&ref=sfp-seed
4shbA,https://news.example.invalid/articles/2026/10/story-65844594?utm_source=share&utm_medium=link&ref=sfp-seed
2U2f,https://news.example.invalid/articles/2026/10/story-692059?utm_source=share&utm_medium=link&ref=sfp-seed
12hVI,https://news.example.invalid/articles/2026/10/story-15321918?utm_source=share&utm_medium=link&ref=sfp-seed
2rw0q,https://news.example.invalid/articles/2026/10/story-36110562?utm_source=share&utm_medium=link&ref=sfp-seed
5YZB8,https://news.example.invalid/articles/2026/10/story-88418146?utm_source=share&utm_medium=link&ref=sfp-seed
1gMUY,https://news.example.invalid/articles/2026/10/story-18777628?utm_source=share&utm_medium=link&ref=sfp-seed
2nqW0,https://news.example.invalid/articles/2026/10/story-35137756?utm_source=share&utm_medium=link&ref=sfp-seed
24749,https://news.example.invalid/articles/2026/10/story-30533149?utm_source=share&utm_medium=link&ref=sfp-seed
4uhDG,https://news.example.invalid/articles/2026/10/story-66322992?utm_source=share&utm_medium=link&ref=sfp-seed
5zuPU,https://news.example.invalid/articles/2026/10/story-82341698?utm_source=share&utm_medium=link&ref=sfp-seed
4VO4T,https://news.example.invalid/articles/2026/10/story-72882543?utm_source=share&utm_medium=link&ref=sfp-seed
4chm4,https://news.example.invalid/articles/2026/10/story-62031996?utm_source=share&utm_medium=link&ref=sfp-seed
4ZvUd,https://news.example.invalid/articles/2026/10/story-73766001?utm_source=share&utm_medium=link&ref=sfp-seed
10ih6,https://news.example.invalid/articles/2026/10/story-14846588?utm_source=share&utm_medium=link&ref=sfp-seed
2uCII,https://news.example.invalid/articles/2026/10/story-36851356?utm_source=share&utm_medium=link&ref=sfp-seed
2KE2p,https://news.example.invalid/articles/2026/10/story-40669669?utm_source=share&utm_medium=link&ref=sfp-seed
6n0og,https://news.example.invalid/articles/2026/10/story-94141064?utm_source=share&utm_medium=link&ref=sfp-seed
29seV,https://news.example.invalid/articles/2026/10/story-31806181?utm_source=share&utm_medium=link&ref=sfp-seed
o5Zi,https://news.example.invalid/articles/2026/10/story-5742892?utm_source=share&utm_medium=link&ref=sfp-seed
3Kxl4,https://news.example.invalid/articles/2026/10/story-55420254?utm_source=share&utm_medium=link&ref=sfp-seed
5IeTJ,https://news.example.invalid/articles/2026/10/story-84425383?utm_source=share&utm_medium=link&ref=sfp-seed
5TBV7,https://news.example.invalid/articles/2026/10/story-87135489?utm_source=share&utm_medium=link&ref=sfp-seed
5nSWw,https://news.example.invalid/articles/2026/10/story-79574428?utm_source=share&utm_medium=link&ref=sfp-seed
Os5O,https://news.example.invalid/articles/2026/10/story-12024392?utm_source=share&utm_medium=link&ref=sfp-seed
3C8Xz,https://news.example.invalid/articles/2026/10/story-53419917?utm_source=share&utm_medium=link&ref=sfp-seed
4lL0k,https://news.example.invalid/articles/2026/10/story-64290920?utm_source=share&utm_medium=link&ref=sfp-seed
6ykdA,https://news.example.invalid/articles/2026/10/story-96838890?utm_source=share&utm_medium=link&ref=sfp-seed
1UdqS,https://news.example.invalid/articles/2026/10/story-28174342?utm_source=share&utm_medium=link&ref=sfp-seed
49uIQ,https://news.example.invalid/articles/2026/10/story-61368396?utm_source=share&utm_medium=link&ref=sfp-seed
6odHS,https://news.example.invalid/articles/2026/10/story-94430580?utm_source=share&utm_medium=link&ref=sfp-seed
1CHNT,https://news.example.invalid/articles/2026/10/story-24001185?utm_source=share&utm_medium=link&ref=sfp-seed
1Ui7G,https://news.example.invalid/articles/2026/10/story-28192372?utm_source=share&utm_medium=link&ref=sfp-seed
6lNUc,https://news.example.invalid/articles/2026/10/story-93854744?utm_source=share&utm_medium=link&ref=sfp-seed
2k0Hu,https://news.example.invalid/articles/2026/10/story-34321928?utm_source=share&utm_medium=link&ref=sfp-seed
1juDu,https://news.example.invalid/articles/2026/10/story-19422336?utm_source=share&utm_medium=link&ref=sfp-seed
1vSHU,https://news.example.invalid/articles/2026/10/story-22374802?utm_source=share&utm_medium=link&ref=sfp-seed
5VZtJ,https://news.example.invalid/articles/2026/10/story-87702703?utm_source=share&utm_medium=link&ref=sfp-seed
1DJAi,https://news.example.invalid/articles/2026/10/story-24246358?utm_source=share&utm_medium=link&ref=sfp-seed
2oEK6,https://news.example.invalid/articles/2026/10/story-35429162?utm_source=share&utm_medium=link&ref=sfp-seed
4oi96,https://news.example.invalid/articles/2026/10/story-64894972?utm_source=share&utm_medium=link&ref=sfp-seed
3Se9m,https://news.example.invalid/articles/2026/10/story-57253116?utm_source=share&utm_medium=link&ref=sfp-seed
6eoyM,https://news.example.invalid/articles/2026/10/story-92089020?utm_source=share&utm_medium=link&ref=sfp-seed
2R157,https://news.example.invalid/articles/2026/10/story-42188217?utm_source=share&utm_medium=link&ref=sfp-seed
3M1bF,https://news.example.invalid/articles/2026/10/story-55773319?utm_source=share&utm_medium=link&ref=sfp-seed
2zOYq,https://news.example.invalid/articles/2026/10/story-38090098?utm_source=share&utm_medium=link&ref=sfp-seed
2YIew,https://news.example.invalid/articles/2026/10/story-44022388?utm_source=share&utm_medium=link&ref=sfp-seed
1qi5T,https://news.example.invalid/articles/2026/10/story-21042421?utm_source=share&utm_medium=link&ref=sfp-seed
2ciKc,https://news.example.invalid/articles/2026/10/story-32484664?utm_source=share&utm_medium=link&ref=sfp-seed
1gWWm,https://news.example.invalid/articles/2026/10/story-18816154?utm_source=share&utm_medium=link&ref=sfp-seed
6p253,https://news.example.invalid/articles/2026/10/story-94624217?utm_source=share&utm_medium=link&ref=sfp-seed
48OVf,https://news.example.invalid/articles/2026/10/story-61207717?utm_source=share&utm_medium=link&ref=sfp-seed
4FFIC,https://news.example.invalid/articles/2026/10/story-69037162?utm_source=share&utm_medium=link&ref=sfp-seed
31FV1,https://news.example.invalid/articles/2026/10/story-44728475?utm_source=share&utm_medium=link&ref=sfp-seed
5i0Fd,https://news.example.invalid/articles/2026/10/story-78174139?utm_source=share&utm_medium=link&ref=sfp-seed
4t0o0,https://news.example.invalid/articles/2026/10/story-66018344?utm_source=share&utm_medium=link&ref=sfp-seed
2AgoT,https://news.example.invalid/articles/2026/10/story-38195527?utm_source=share&utm_medium=link&ref=sfp-seed
5oCvf,https://news.example.invalid/articles/2026/10/story-79749561?utm_source=share&utm_medium=link&ref=sfp-seed
6tcwQ,https://news.example.invalid/articles/2026/10/story-95617692?utm_source=share&utm_medium=link&ref=sfp-seed
4iNk4,https://news.example.invalid/articles/2026/10/story-63584848?utm_source=share&utm_medium=link&ref=sfp-seed
3UJcS,https://news.example.invalid/articles/2026/10/story-57849154?utm_source=share&utm_medium=link&ref=sfp-seed
4oAc5,https://news.example.invalid/articles/2026/10/story-64964349?utm_source=share&utm_medium=link&ref=sfp-seed
2Oa76,https://news.example.invalid/articles/2026/10/story-41507952?utm_source=share&utm_medium=link&ref=sfp-seed
13R6E,https://news.example.invalid/articles/2026/10/story-15695464?utm_source=share&utm_medium=link&ref=sfp-seed
3U4Yl,https://news.example.invalid/articles/2026/10/story-57694493?utm_source=share&utm_medium=link&ref=sfp-seed
P99P,https://news.example.invalid/articles/2026/10/story-12189933?utm_source=share&utm_medium=link&ref=sfp-seed
1EKty,https://news.example.invalid/articles/2026/10/story-24488112?utm_source=share&utm_medium=link&ref=sfp-seed
4GwDT,https://news.example.invalid/articles/2026/10/story-69240601?utm_source=share&utm_medium=link&ref=sfp-seed
1kxXa,https://news.example.invalid/articles/2026/10/story-19673416?utm_source=share&utm_medium=link&ref=sfp-seed
1ZG79,https://news.example.invalid/articles/2026/10/story-29476235?utm_source=share&utm_medium=link&ref=sfp-seed
7Wdi,https://news.example.invalid/articles/2026/10/story-1892072?utm_source=share&utm_medium=link&ref=sfp-seed
5CCtv,https://news.example.invalid/articles/2026/10/story-83086045?utm_source=share&utm_medium=link&ref=sfp-seed
4SG2S,https://news.example.invalid/articles/2026/10/story-72136682?utm_source=share&utm_medium=link&ref=sfp-seed
45Urg,https://news.example.invalid/articles/2026/10/story-60513938?utm_source=share&utm_medium=link&ref=sfp-seed
2Y0ST,https://news.example.invalid/articles/2026/10/story-43855755?utm_source=share&utm_medium=link&ref=sfp-seed
qO4m,https://news.example.invalid/articles/2026/10/story-6388998?utm_source=share&utm_medium=link&ref=sfp-seed
2v1ce,https://news.example.invalid/articles/2026/10/story-36945442?utm_source=share&utm_medium=link&ref=sfp-seed
21fIN,https://news.example.invalid/articles/2026/10/story-29851437?utm_source=share&utm_medium=link&ref=sfp-seed
61fpf,https://news.example.invalid/articles/2026/10/story-88955569?utm_source=share&utm_medium=link&ref=sfp-seed
5fwrm,https://news.example.invalid/articles/2026/10/story-77581304?utm_source=share&utm_medium=link&ref=sfp-seed
IKQp,https://news.example.invalid/articles/2026/10/story-10666505?utm_source=share&utm_medium=link&ref=sfp-seed
2hiaI,https://news.example.invalid/articles/2026/10/story-33674104?utm_source=share&utm_medium=link&ref=sfp-seed
M99e,https://news.example.invalid/articles/2026/10/story-11474912?utm_source=share&utm_medium=link&ref=sfp-seed
15kZN,https://news.example.invalid/articles/2026/10/story-16048687?utm_source=share&utm_medium=link&ref=sfp-seed
6crhm,https://news.example.invalid/articles/2026/10/story-91622816?utm_source=share&utm_medium=link&ref=sfp-seed
1AAWS,https://news.example.invalid/articles/2026/10/story-23498178?utm_source=share&utm_medium=link&ref=sfp-seed
1CngY,https://news.example.invalid/articles/2026/10/story-23922264?utm_source=share&utm_medium=link&ref=sfp-seed
5yqgv,https://news.example.invalid/articles/2026/10/story-82085799?utm_source=share&utm_medium=link&ref=sfp-seed
225g7,https://news.example.invalid/articles/2026/10/story-30049547?utm_source=share&utm_medium=link&ref=sfp-seed
3lbli,https://news.example.invalid/articles/2026/10/story-49377500?utm_source=share&utm_medium=link&ref=sfp-seed
2sohc,https://news.example.invalid/articles/2026/10/story-36319178?utm_source=share&utm_medium=link&ref=sfp-seed
6um2b,https://news.example.invalid/articles/2026/10/story-95892559?utm_source=share&utm_medium=link&ref=sfp-seed
6cNSx,https://news.example.invalid/articles/2026/10/story-91709689?utm_source=share&utm_medium=link&ref=sfp-seed
sXD0,https://news.example.invalid/articles/2026/10/story-6902398?utm_source=share&utm_medium=link&ref=sfp-seed
2Nyiz,https://news.example.invalid/articles/2026/10/story-41362591?utm_source=share&utm_medium=link&ref=sfp-seed
1MXRF,https://news.example.invalid/articles/2026/10/story-26446203?utm_source=share&utm_medium=link&ref=sfp-seed
2U6VV,https://news.example.invalid/articles/2026/10/story-42925695?utm_source=share&utm_medium=link&ref=sfp-seed
6uYEW,https://news.example.invalid/articles/2026/10/story-96041034?utm_source=share&utm_medium=link&ref=sfp-seed
1b0lO,https://news.example.invalid/articles/2026/10/story-17399296?utm_source=share&utm_medium=link&ref=sfp-seed
5VCxa,https://news.example.invalid/articles/2026/10/story-87614504?utm_source=share&utm_medium=link&ref=sfp-seed
3Ad37,https://news.example.invalid/articles/2026/10/story-52958981?utm_source=share&utm_medium=link&ref=sfp-seed
FGjM,https://news.example.invalid/articles/2026/10/story-9934122?utm_source=share&utm_medium=link&ref=sfp-seed
4XaYr,https://news.example.invalid/articles/2026/10/story-73208883?utm_source=share&utm_medium=link&ref=sfp-seed
54BqK,https://news.example.invalid/articles/2026/10/story-74978878?utm_source=share&utm_medium=link&ref=sfp-seed
3Xk4f,https://news.example.invalid/articles/2026/10/story-58467503?utm_source=share&utm_medium=link&ref=sfp-seed
1mwjL,https://news.example.invalid/articles/2026/10/story-20143785?utm_source=share&utm_medium=link&ref=sfp-seed
4urcw,https://news.example.invalid/articles/2026/10/story-66359748?utm_source=share&utm_medium=link&ref=sfp-seed
4WwuH,https://news.example.invalid/articles/2026/10/story-73053279?utm_source=share&utm_medium=link&ref=sfp-seed
1gFgz,https://news.example.invalid/articles/2026/10/story-18748215?utm_source=share&utm_medium=link&ref=sfp-seed
3GiL0,https://news.example.invalid/articles/2026/10/story-54410890?utm_source=share&utm_medium=link&ref=sfp-seed
4sbdl,https://news.example.invalid/articles/2026/10/story-65821639?utm_source=share&utm_medium=link&ref=sfp-seed
Krl3,https://news.example.invalid/articles/2026/10/story-11068181?utm_source=share&utm_medium=link&ref=sfp-seed
6qt2x,https://news.example.invalid/articles/2026/10/story-94966177?utm_source=share&utm_medium=link&ref=sfp-seed
aoTb,https://news.example.invalid/articles/2026/10/story-2478957?utm_source=share&utm_medium=link&ref=sfp-seed
1GHU1,https://news.example.invalid/articles/2026/10/story-24954877?utm_source=share&utm_medium=link&ref=sfp-seed
3lo8H,https://news.example.invalid/articles/2026/10/story-49426691?utm_source=share&utm_medium=link&ref=sfp-seed
6A2G6,https://news.example.invalid/articles/2026/10/story-97248122?utm_source=share&utm_medium=link&ref=sfp-seed
1TDis,https://news.example.invalid/articles/2026/10/story-28035436?utm_source=share&utm_medium=link&ref=sfp-seed
196MI,https://news.example.invalid/articles/2026/10/story-16947372?utm_source=share&utm_medium=link&ref=sfp-seed
5plTR,https://news.example.invalid/articles/2026/10/story-79924067?utm_source=share&utm_medium=link&ref=sfp-seed
4JRwL,https://news.example.invalid/articles/2026/10/story-70035867?utm_source=share&utm_medium=link&ref=sfp-seed
5ORMZ,https://news.example.invalid/articles/2026/10/story-86004849?utm_source=share&utm_medium=link&ref=sfp-seed
84qO,https://news.example.invalid/articles/2026/10/story-1923662?utm_source=share&utm_medium=link&ref=sfp-seed
6r6nH,https://news.example.invalid/articles/2026/10/story-95117405?utm_source=share&utm_medium=link&ref=sfp-seed
5Mvdj,https://news.example.invalid/articles/2026/10/story-85441413?utm_source=share&utm_medium=link&ref=sfp-seed
6AW1e,https://news.example.invalid/articles/2026/10/story-97460852?utm_source=share&utm_medium=link&ref=sfp-seed
6IIYv,https://news.example.invalid/articles/2026/10/story-99317335?utm_source=share&utm_medium=link&ref=sfp-seed
2li4N,https://news.example.invalid/articles/2026/10/story-34627049?utm_source=share&utm_medium=link&ref=sfp-seed
1dhfU,https://news.example.invalid/articles/2026/10/story-17940934?utm_source=share&utm_medium=link&ref=sfp-seed
2lIjY,https://news.example.invalid/articles/2026/10/story-34727934?utm_source=share&utm_medium=link&ref=sfp-seed
3NhYl,https://news.example.invalid/articles/2026/10/story-56076169?utm_source=share&utm_medium=link&ref=sfp-seed
2Ou6L,https://news.example.invalid/articles/2026/10/story-41584811?utm_source=share&utm_medium=link&ref=sfp-seed
1jasZ,https://news.example.invalid/articles/2026/10/story-19344805?utm_source=share&utm_medium=link&ref=sfp-seed
4t7DI,https://news.example.invalid/articles/2026/10/story-66046226?utm_source=share&utm_medium=link&ref=sfp-seed
10Ezi,https://news.example.invalid/articles/2026/10/story-14932284?utm_source=share&utm_medium=link&ref=sfp-seed
2gNq0,https://news.example.invalid/articles/2026/10/story-33555888?utm_source=share&utm_medium=link&ref=sfp-seed
3zlpv,https://news.example.invalid/articles/2026/10/story-52752793?utm_source=share&utm_medium=link&ref=sfp-seed
3alY3,https://news.example.invalid/articles/2026/10/story-46796735?utm_source=share&utm_medium=link&ref=sfp-seed
1VJ1C,https://news.example.invalid/articles/2026/10/story-28534112?utm_source=share&utm_medium=link&ref=sfp-seed
58mAo,https://news.example.invalid/articles/2026/10/story-75875128?utm_source=share&utm_medium=link&ref=sfp-seed
3EcNL,https://news.example.invalid/articles/2026/10/story-53911341?utm_source=share&utm_medium=link&ref=sfp-seed
5sx6u,https://news.example.invalid/articles/2026/10/story-80682118?utm_source=share&utm_medium=link&ref=sfp-seed
1KwSC,https://news.example.invalid/articles/2026/10/story-25865818?utm_source=share&utm_medium=link&ref=sfp-seed
69lyn,https://news.example.invalid/articles/2026/10/story-90885823?utm_source=share&utm_medium=link&ref=sfp-seed
5DnuV,https://news.example.invalid/articles/2026/10/story-83266801?utm_source=share&utm_medium=link&ref=sfp-seed
5ZGET,https://news.example.invalid/articles/2026/10/story-88583671?utm_source=share&utm_medium=link&ref=sfp-seed
4hhUq,https://news.example.invalid/articles/2026/10/story-63225766?utm_source=share&utm_medium=link&ref=sfp-seed
mo2B,https://news.example.invalid/articles/2026/10/story-5335633?utm_source=share&utm_medium=link&ref=sfp-seed
1A5pn,https://news.example.invalid/articles/2026/10/story-23376937?utm_source=share&utm_medium=link&ref=sfp-seed
