code,url
FXsl,https://made.example.invalid/e03-09/2-0?utm_source=share&ref=1xm3blmg
FXsm,https://made.example.invalid/e03-09/6-1?utm_source=share&ref=kpnf4hqk
FXsn,https://made.example.invalid/e03-09/5-2?utm_source=share&ref=fo6w92gp
FXso,https://made.example.invalid/e03-09/1-3?utm_source=share&ref=f3tr7s5a
FXsp,https://made.example.invalid/e03-09/7-4?utm_source=share&ref=y2txgzdb
FXsq,https://made.example.invalid/e03-09/2-5?utm_source=share&ref=0yi9n9vp
FXsr,https://made.example.invalid/e03-09/6-6?utm_source=share&ref=0m9co2n6
FXss,https://made.example.invalid/e03-09/5-7?utm_source=share&ref=w0fkw4dq
FXst,https://made.example.invalid/e03-09/1-8?utm_source=share&ref=umg68ikp
FXsu,https://made.example.invalid/e03-09/7-9?utm_source=share&ref=x2rr5jh3
FXsv,https://made.example.invalid/e03-09/2-10?utm_source=share&ref=d5trgp41
FXsw,https://made.example.invalid/e03-09/6-11?utm_source=share&ref=bwddnfbs
FXsx,https://made.example.invalid/e03-09/5-12?utm_source=share&ref=y1s5v81z
FXsy,https://made.example.invalid/e03-09/1-13?utm_source=share&ref=9rfpwe8t
FXsz,https://made.example.invalid/e03-09/7-14?utm_source=share&ref=z5y6df4e
FXsA,https://made.example.invalid/e03-09/2-15?utm_source=share&ref=myh3zunz
FXsB,https://made.example.invalid/e03-09/6-16?utm_source=share&ref=8qch3vkk
FXsC,https://made.example.invalid/e03-09/5-17?utm_source=share&ref=x4kyszfs
FXsD,https://made.example.invalid/e03-09/1-18?utm_source=share&ref=vnwdmvuz
FXsE,https://made.example.invalid/e03-09/7-19?utm_source=share&ref=fl6hy8g5
FXsF,https://made.example.invalid/e03-09/2-20?utm_source=share&ref=9a7i94kf
FXsG,https://made.example.invalid/e03-09/6-21?utm_source=share&ref=2034123i
FXsH,https://made.example.invalid/e03-09/5-22?utm_source=share&ref=vo1ajkmw
FXsI,https://made.example.invalid/e03-09/1-23?utm_source=share&ref=8ezfiyfd
FXsJ,https://made.example.invalid/e03-09/7-24?utm_source=share&ref=sl1bdixy
FXsK,https://made.example.invalid/e03-09/2-25?utm_source=share&ref=2y92k33o
FXsL,https://made.example.invalid/e03-09/6-26?utm_source=share&ref=zw7xfs6k
FXsM,https://made.example.invalid/e03-09/5-27?utm_source=share&ref=4rpxwleb
FXsN,https://made.example.invalid/e03-09/1-28?utm_source=share&ref=o8fue4tg
FXsO,https://made.example.invalid/e03-09/7-29?utm_source=share&ref=e8l119gh
FXsP,https://made.example.invalid/e03-09/2-30?utm_source=share&ref=8lomue3g
FXsQ,https://made.example.invalid/e03-09/6-31?utm_source=share&ref=xuisd4e9
FXsR,https://made.example.invalid/e03-09/5-32?utm_source=share&ref=60151oyl
FXsS,https://made.example.invalid/e03-09/1-33?utm_source=share&ref=ptq2pxwf
FXsT,https://made.example.invalid/e03-09/7-34?utm_source=share&ref=v52cl6lq
FXsU,https://made.example.invalid/e03-09/2-35?utm_source=share&ref=hicjllxb
FXsV,https://made.example.invalid/e03-09/6-36?utm_source=share&ref=sx168sue
FXsW,https://made.example.invalid/e03-09/5-37?utm_source=share&ref=xc72d7k7
FXsX,https://made.example.invalid/e03-09/1-38?utm_source=share&ref=yitefs7k
FXsY,https://made.example.invalid/e03-09/7-39?utm_source=share&ref=4sl912kq
FXsZ,https://made.example.invalid/e03-09/2-40?utm_source=share&ref=513i5qjy
FXt0,https://made.example.invalid/e03-09/6-41?utm_source=share&ref=7hjxsosp
FXt1,https://made.example.invalid/e03-09/5-42?utm_source=share&ref=gbgq29oe
FXt2,https://made.example.invalid/e03-09/1-43?utm_source=share&ref=83pf2ihz
FXt3,https://made.example.invalid/e03-09/7-44?utm_source=share&ref=83mffdek
FXt4,https://made.example.invalid/e03-09/2-45?utm_source=share&ref=cvxfhe50
FXt5,https://made.example.invalid/e03-09/6-46?utm_source=share&ref=t8e06chx
FXt6,https://made.example.invalid/e03-09/5-47?utm_source=share&ref=atx5fo31
FXt7,https://made.example.invalid/e03-09/1-48?utm_source=share&ref=qunjncbl
FXt8,https://made.example.invalid/e03-09/7-49?utm_source=share&ref=sgo86uzv
FXt9,https://made.example.invalid/e03-09/2-50?utm_source=share&ref=iclbdlzy
FXta,https://made.example.invalid/e03-09/6-51?utm_source=share&ref=u16xiq1j
FXtb,https://made.example.invalid/e03-09/5-52?utm_source=share&ref=pm9l83pi
FXtc,https://made.example.invalid/e03-09/1-53?utm_source=share&ref=j5j8lny0
FXtd,https://made.example.invalid/e03-09/7-54?utm_source=share&ref=8xzisr51
FXte,https://made.example.invalid/e03-09/2-55?utm_source=share&ref=oinmtwho
FXtf,https://made.example.invalid/e03-09/6-56?utm_source=share&ref=udqb39ui
FXtg,https://made.example.invalid/e03-09/5-57?utm_source=share&ref=ljpekhrs
FXth,https://made.example.invalid/e03-09/1-58?utm_source=share&ref=0k68mfwm
FXti,https://made.example.invalid/e03-09/7-59?utm_source=share&ref=d1qv7wcy
FXtj,https://made.example.invalid/e03-09/2-60?utm_source=share&ref=6q5rv9pm
FXtk,https://made.example.invalid/e03-09/6-61?utm_source=share&ref=2owy0eb2
FXtl,https://made.example.invalid/e03-09/5-62?utm_source=share&ref=4n9uxk4u
FXtm,https://made.example.invalid/e03-09/1-63?utm_source=share&ref=h5j4uvyt
FXtn,https://made.example.invalid/e03-09/7-64?utm_source=share&ref=ruabvvqr
FXto,https://made.example.invalid/e03-09/2-65?utm_source=share&ref=43jblx88
FXtp,https://made.example.invalid/e03-09/6-66?utm_source=share&ref=noq3lv6s
FXtq,https://made.example.invalid/e03-09/5-67?utm_source=share&ref=igft1200
FXtr,https://made.example.invalid/e03-09/1-68?utm_source=share&ref=s3v1ornw
FXts,https://made.example.invalid/e03-09/7-69?utm_source=share&ref=58yiu5b8
FXtt,https://made.example.invalid/e03-09/2-70?utm_source=share&ref=6quu9inb
FXtu,https://made.example.invalid/e03-09/6-71?utm_source=share&ref=f4swvl6w
FXtv,https://made.example.invalid/e03-09/5-72?utm_source=share&ref=hwn0akcf
FXtw,https://made.example.invalid/e03-09/1-73?utm_source=share&ref=8ife2v8o
FXtx,https://made.example.invalid/e03-09/7-74?utm_source=share&ref=5icppghg
FXty,https://made.example.invalid/e03-09/2-75?utm_source=share&ref=apo4sg2p
FXtz,https://made.example.invalid/e03-09/6-76?utm_source=share&ref=dw95o3sy
FXtA,https://made.example.invalid/e03-09/5-77?utm_source=share&ref=wc7u30k6
FXtB,https://made.example.invalid/e03-09/1-78?utm_source=share&ref=5mugtmim
FXtC,https://made.example.invalid/e03-09/7-79?utm_source=share&ref=8yvk29up
FXtD,https://made.example.invalid/e03-09/2-80?utm_source=share&ref=zo5i97yj
FXtE,https://made.example.invalid/e03-09/6-81?utm_source=share&ref=d4i1uj7k
FXtF,https://made.example.invalid/e03-09/5-82?utm_source=share&ref=8anoni0u
FXtG,https://made.example.invalid/e03-09/1-83?utm_source=share&ref=madv2ljn
FXtH,https://made.example.invalid/e03-09/7-84?utm_source=share&ref=o1wgw7kk
FXtI,https://made.example.invalid/e03-09/2-85?utm_source=share&ref=svyxk6k0
FXtJ,https://made.example.invalid/e03-09/6-86?utm_source=share&ref=e4ne3qcl
FXtK,https://made.example.invalid/e03-09/5-87?utm_source=share&ref=d1c1luh3
FXtL,https://made.example.invalid/e03-09/1-88?utm_source=share&ref=7s2oxs2n
FXtM,https://made.example.invalid/e03-09/7-89?utm_source=share&ref=oyje665x
FXtN,https://made.example.invalid/e03-09/2-90?utm_source=share&ref=wudbtzt9
FXtO,https://made.example.invalid/e03-09/6-91?utm_source=share&ref=mrm9kqvi
FXtP,https://made.example.invalid/e03-09/5-92?utm_source=share&ref=e6gns01u
FXtQ,https://made.example.invalid/e03-09/1-93?utm_source=share&ref=tax6chf8
FXtR,https://made.example.invalid/e03-09/7-94?utm_source=share&ref=y7jn5t3d
FXtS,https://made.example.invalid/e03-09/2-95?utm_source=share&ref=2z52sw6f
FXtT,https://made.example.invalid/e03-09/6-96?utm_source=share&ref=zjpgdifr
FXtU,https://made.example.invalid/e03-09/5-97?utm_source=share&ref=1mffc5y9
FXtV,https://made.example.invalid/e03-09/1-98?utm_source=share&ref=ge5hkrin
FXtW,https://made.example.invalid/e03-09/7-99?utm_source=share&ref=i2m5v402
FXtX,https://made.example.invalid/e03-09/2-100?utm_source=share&ref=shiacyyx
FXtY,https://made.example.invalid/e03-09/6-101?utm_source=share&ref=5bci1kvs
FXtZ,https://made.example.invalid/e03-09/5-102?utm_source=share&ref=5xa8wspk
FXu0,https://made.example.invalid/e03-09/1-103?utm_source=share&ref=ckriy0ih
FXu1,https://made.example.invalid/e03-09/7-104?utm_source=share&ref=59tzicmm
FXu2,https://made.example.invalid/e03-09/2-105?utm_source=share&ref=9959pe5j
FXu3,https://made.example.invalid/e03-09/6-106?utm_source=share&ref=totz78j9
FXu4,https://made.example.invalid/e03-09/5-107?utm_source=share&ref=iw8wi1c8
FXu5,https://made.example.invalid/e03-09/1-108?utm_source=share&ref=up8lnvax
FXu6,https://made.example.invalid/e03-09/7-109?utm_source=share&ref=chh8pcps
FXu7,https://made.example.invalid/e03-09/2-110?utm_source=share&ref=s1adtm0x
FXu8,https://made.example.invalid/e03-09/6-111?utm_source=share&ref=yiny3n9m
FXu9,https://made.example.invalid/e03-09/5-112?utm_source=share&ref=h54so6ks
FXua,https://made.example.invalid/e03-09/1-113?utm_source=share&ref=0g1rgc5v
FXub,https://made.example.invalid/e03-09/7-114?utm_source=share&ref=gdeyh659
FXuc,https://made.example.invalid/e03-09/2-115?utm_source=share&ref=w2vovkuh
FXud,https://made.example.invalid/e03-09/6-116?utm_source=share&ref=l8j3x7el
FXue,https://made.example.invalid/e03-09/5-117?utm_source=share&ref=pbyo66fj
FXuf,https://made.example.invalid/e03-09/1-118?utm_source=share&ref=5rperq2z
FXug,https://made.example.invalid/e03-09/7-119?utm_source=share&ref=czxqyxra
FXuh,https://made.example.invalid/e03-09/2-120?utm_source=share&ref=cq47zp1o
e03-09-name-0,https://made.example.invalid/names/e03-09-name-0/contender-0
e03-09-name-1,https://made.example.invalid/names/e03-09-name-1/contender-0
FXui,https://made.example.invalid/e03-09/6-121?utm_source=share&ref=llsgdjdp
e03-09-name-2,https://made.example.invalid/names/e03-09-name-2/contender-2
e03-09-name-3,https://made.example.invalid/names/e03-09-name-3/contender-9
FXuj,https://made.example.invalid/e03-09/5-122?utm_source=share&ref=6im1fcsc
e03-09-name-4,https://made.example.invalid/names/e03-09-name-4/contender-0
FXuk,https://made.example.invalid/e03-09/1-123?utm_source=share&ref=4dtsxfau
e03-09-name-5,https://made.example.invalid/names/e03-09-name-5/contender-0
e03-09-name-6,https://made.example.invalid/names/e03-09-name-6/contender-8
FXul,https://made.example.invalid/e03-09/7-124?utm_source=share&ref=844kqo8z
e03-09-name-7,https://made.example.invalid/names/e03-09-name-7/contender-5
e03-09-name-8,https://made.example.invalid/names/e03-09-name-8/contender-0
FXum,https://made.example.invalid/e03-09/2-125?utm_source=share&ref=f5zw21l6
e03-09-name-9,https://made.example.invalid/names/e03-09-name-9/contender-7
FXun,https://made.example.invalid/e03-09/6-126?utm_source=share&ref=j64qg9c3
e03-09-name-10,https://made.example.invalid/names/e03-09-name-10/contender-0
e03-09-name-11,https://made.example.invalid/names/e03-09-name-11/contender-9
FXuo,https://made.example.invalid/e03-09/5-127?utm_source=share&ref=ufm98hto
e03-09-name-12,https://made.example.invalid/names/e03-09-name-12/contender-2
e03-09-name-13,https://made.example.invalid/names/e03-09-name-13/contender-6
FXup,https://made.example.invalid/e03-09/1-128?utm_source=share&ref=zbv7hm3k
e03-09-name-14,https://made.example.invalid/names/e03-09-name-14/contender-4
FXuq,https://made.example.invalid/e03-09/7-129?utm_source=share&ref=wiakr4n6
e03-09-name-15,https://made.example.invalid/names/e03-09-name-15/contender-19
e03-09-name-16,https://made.example.invalid/names/e03-09-name-16/contender-11
FXur,https://made.example.invalid/e03-09/2-130?utm_source=share&ref=aif6qrh2
e03-09-name-17,https://made.example.invalid/names/e03-09-name-17/contender-3
e03-09-name-18,https://made.example.invalid/names/e03-09-name-18/contender-4
FXus,https://made.example.invalid/e03-09/6-131?utm_source=share&ref=7t7e2dm6
e03-09-name-19,https://made.example.invalid/names/e03-09-name-19/contender-0
FXut,https://made.example.invalid/e03-09/5-132?utm_source=share&ref=thhgffhk
e03-09-name-20,https://made.example.invalid/names/e03-09-name-20/contender-4
e03-09-name-21,https://made.example.invalid/names/e03-09-name-21/contender-2
FXuu,https://made.example.invalid/e03-09/1-133?utm_source=share&ref=k5ca0wk8
e03-09-name-22,https://made.example.invalid/names/e03-09-name-22/contender-11
e03-09-name-23,https://made.example.invalid/names/e03-09-name-23/contender-7
FXuv,https://made.example.invalid/e03-09/7-134?utm_source=share&ref=63bs1gfu
e03-09-name-24,https://made.example.invalid/names/e03-09-name-24/contender-0
FXuw,https://made.example.invalid/e03-09/2-135?utm_source=share&ref=0m822s1d
e03-09-name-25,https://made.example.invalid/names/e03-09-name-25/contender-0
e03-09-name-26,https://made.example.invalid/names/e03-09-name-26/contender-10
FXux,https://made.example.invalid/e03-09/6-136?utm_source=share&ref=fz5rvonc
e03-09-name-27,https://made.example.invalid/names/e03-09-name-27/contender-0
e03-09-name-28,https://made.example.invalid/names/e03-09-name-28/contender-12
FXuy,https://made.example.invalid/e03-09/5-137?utm_source=share&ref=2mm07n84
e03-09-name-29,https://made.example.invalid/names/e03-09-name-29/contender-7
FXuz,https://made.example.invalid/e03-09/1-138?utm_source=share&ref=xgzqt3wi
e03-09-name-30,https://made.example.invalid/names/e03-09-name-30/contender-10
e03-09-name-31,https://made.example.invalid/names/e03-09-name-31/contender-4
FXuA,https://made.example.invalid/e03-09/7-139?utm_source=share&ref=xti88xv9
e03-09-name-32,https://made.example.invalid/names/e03-09-name-32/contender-42
e03-09-name-33,https://made.example.invalid/names/e03-09-name-33/contender-6
FXuB,https://made.example.invalid/e03-09/2-140?utm_source=share&ref=h87jzyp8
e03-09-name-34,https://made.example.invalid/names/e03-09-name-34/contender-1
FXuC,https://made.example.invalid/e03-09/6-141?utm_source=share&ref=i13gc2r2
e03-09-name-35,https://made.example.invalid/names/e03-09-name-35/contender-3
e03-09-name-36,https://made.example.invalid/names/e03-09-name-36/contender-0
FXuD,https://made.example.invalid/e03-09/5-142?utm_source=share&ref=ajvzmzaj
e03-09-name-37,https://made.example.invalid/names/e03-09-name-37/contender-2
e03-09-name-38,https://made.example.invalid/names/e03-09-name-38/contender-12
FXuE,https://made.example.invalid/e03-09/1-143?utm_source=share&ref=251n72p5
e03-09-name-39,https://made.example.invalid/names/e03-09-name-39/contender-1
FXuF,https://made.example.invalid/e03-09/7-144?utm_source=share&ref=f2wdmcbe
e03-09-name-40,https://made.example.invalid/names/e03-09-name-40/contender-2
e03-09-name-41,https://made.example.invalid/names/e03-09-name-41/contender-21
FXuG,https://made.example.invalid/e03-09/2-145?utm_source=share&ref=3uw24tpe
e03-09-name-42,https://made.example.invalid/names/e03-09-name-42/contender-3
e03-09-name-43,https://made.example.invalid/names/e03-09-name-43/contender-5
FXuH,https://made.example.invalid/e03-09/6-146?utm_source=share&ref=f9rr202p
e03-09-name-44,https://made.example.invalid/names/e03-09-name-44/contender-28
FXuI,https://made.example.invalid/e03-09/5-147?utm_source=share&ref=fbokf58t
e03-09-name-45,https://made.example.invalid/names/e03-09-name-45/contender-4
e03-09-name-46,https://made.example.invalid/names/e03-09-name-46/contender-8
FXuJ,https://made.example.invalid/e03-09/1-148?utm_source=share&ref=a6g0g100
e03-09-name-47,https://made.example.invalid/names/e03-09-name-47/contender-8
e03-09-name-48,https://made.example.invalid/names/e03-09-name-48/contender-17
FXuK,https://made.example.invalid/e03-09/7-149?utm_source=share&ref=36fsbbqe
e03-09-name-49,https://made.example.invalid/names/e03-09-name-49/contender-0
FXuL,https://made.example.invalid/e03-09/2-150?utm_source=share&ref=bg50xuvv
e03-09-name-50,https://made.example.invalid/names/e03-09-name-50/contender-0
e03-09-name-51,https://made.example.invalid/names/e03-09-name-51/contender-2
FXuM,https://made.example.invalid/e03-09/6-151?utm_source=share&ref=934l9urw
e03-09-name-52,https://made.example.invalid/names/e03-09-name-52/contender-2
e03-09-name-53,https://made.example.invalid/names/e03-09-name-53/contender-8
FXuN,https://made.example.invalid/e03-09/5-152?utm_source=share&ref=yv4kuq84
e03-09-name-54,https://made.example.invalid/names/e03-09-name-54/contender-4
FXuO,https://made.example.invalid/e03-09/1-153?utm_source=share&ref=4uoxqn89
e03-09-name-55,https://made.example.invalid/names/e03-09-name-55/contender-5
e03-09-name-56,https://made.example.invalid/names/e03-09-name-56/contender-2
FXuP,https://made.example.invalid/e03-09/7-154?utm_source=share&ref=npzum4sp
e03-09-name-57,https://made.example.invalid/names/e03-09-name-57/contender-0
e03-09-name-58,https://made.example.invalid/names/e03-09-name-58/contender-1
FXuQ,https://made.example.invalid/e03-09/2-155?utm_source=share&ref=zckc3n0k
e03-09-name-59,https://made.example.invalid/names/e03-09-name-59/contender-1
FXuR,https://made.example.invalid/e03-09/6-156?utm_source=share&ref=qz4dtnz9
e03-09-name-60,https://made.example.invalid/names/e03-09-name-60/contender-3
e03-09-name-61,https://made.example.invalid/names/e03-09-name-61/contender-1
FXuS,https://made.example.invalid/e03-09/5-157?utm_source=share&ref=p0x4r4nt
e03-09-name-62,https://made.example.invalid/names/e03-09-name-62/contender-10
e03-09-name-63,https://made.example.invalid/names/e03-09-name-63/contender-0
FXuT,https://made.example.invalid/e03-09/1-158?utm_source=share&ref=7nue86ha
e03-09-name-64,https://made.example.invalid/names/e03-09-name-64/contender-2
FXuU,https://made.example.invalid/e03-09/7-159?utm_source=share&ref=xll9fo4p
e03-09-name-65,https://made.example.invalid/names/e03-09-name-65/contender-2
e03-09-name-66,https://made.example.invalid/names/e03-09-name-66/contender-17
FXuV,https://made.example.invalid/e03-09/2-160?utm_source=share&ref=sh1u26nr
e03-09-name-67,https://made.example.invalid/names/e03-09-name-67/contender-5
e03-09-name-68,https://made.example.invalid/names/e03-09-name-68/contender-26
FXuW,https://made.example.invalid/e03-09/6-161?utm_source=share&ref=bs216z1p
e03-09-name-69,https://made.example.invalid/names/e03-09-name-69/contender-1
FXuX,https://made.example.invalid/e03-09/5-162?utm_source=share&ref=7sn1308m
e03-09-name-70,https://made.example.invalid/names/e03-09-name-70/contender-18
e03-09-name-71,https://made.example.invalid/names/e03-09-name-71/contender-8
FXuY,https://made.example.invalid/e03-09/1-163?utm_source=share&ref=8wp9wy9k
e03-09-name-72,https://made.example.invalid/names/e03-09-name-72/contender-19
e03-09-name-73,https://made.example.invalid/names/e03-09-name-73/contender-9
FXuZ,https://made.example.invalid/e03-09/7-164?utm_source=share&ref=va9a4top
e03-09-name-74,https://made.example.invalid/names/e03-09-name-74/contender-11
FXv0,https://made.example.invalid/e03-09/2-165?utm_source=share&ref=zhxm4fgr
e03-09-name-75,https://made.example.invalid/names/e03-09-name-75/contender-0
e03-09-name-76,https://made.example.invalid/names/e03-09-name-76/contender-1
FXv1,https://made.example.invalid/e03-09/6-166?utm_source=share&ref=v5q69cmc
e03-09-name-77,https://made.example.invalid/names/e03-09-name-77/contender-5
e03-09-name-78,https://made.example.invalid/names/e03-09-name-78/contender-1
FXv2,https://made.example.invalid/e03-09/5-167?utm_source=share&ref=7msf3vmf
e03-09-name-79,https://made.example.invalid/names/e03-09-name-79/contender-2
FXv3,https://made.example.invalid/e03-09/1-168?utm_source=share&ref=7bzggy1c
e03-09-name-80,https://made.example.invalid/names/e03-09-name-80/contender-0
e03-09-name-81,https://made.example.invalid/names/e03-09-name-81/contender-14
FXv4,https://made.example.invalid/e03-09/7-169?utm_source=share&ref=ljkh2nr9
e03-09-name-82,https://made.example.invalid/names/e03-09-name-82/contender-6
e03-09-name-83,https://made.example.invalid/names/e03-09-name-83/contender-6
FXv5,https://made.example.invalid/e03-09/2-170?utm_source=share&ref=x5xbfwaw
e03-09-name-84,https://made.example.invalid/names/e03-09-name-84/contender-0
FXv6,https://made.example.invalid/e03-09/6-171?utm_source=share&ref=kmzzafmx
e03-09-name-85,https://made.example.invalid/names/e03-09-name-85/contender-4
e03-09-name-86,https://made.example.invalid/names/e03-09-name-86/contender-1
FXv7,https://made.example.invalid/e03-09/5-172?utm_source=share&ref=g2r8j5yi
e03-09-name-87,https://made.example.invalid/names/e03-09-name-87/contender-3
e03-09-name-88,https://made.example.invalid/names/e03-09-name-88/contender-5
FXv8,https://made.example.invalid/e03-09/1-173?utm_source=share&ref=bde4vjvn
e03-09-name-89,https://made.example.invalid/names/e03-09-name-89/contender-21
FXv9,https://made.example.invalid/e03-09/7-174?utm_source=share&ref=j6uznzmp
e03-09-name-90,https://made.example.invalid/names/e03-09-name-90/contender-29
e03-09-name-91,https://made.example.invalid/names/e03-09-name-91/contender-6
FXva,https://made.example.invalid/e03-09/2-175?utm_source=share&ref=7crnvevc
e03-09-name-92,https://made.example.invalid/names/e03-09-name-92/contender-0
e03-09-name-93,https://made.example.invalid/names/e03-09-name-93/contender-21
FXvb,https://made.example.invalid/e03-09/6-176?utm_source=share&ref=pcnrr94q
e03-09-name-94,https://made.example.invalid/names/e03-09-name-94/contender-9
FXvc,https://made.example.invalid/e03-09/5-177?utm_source=share&ref=eyy9l9mg
e03-09-name-95,https://made.example.invalid/names/e03-09-name-95/contender-2
e03-09-name-96,https://made.example.invalid/names/e03-09-name-96/contender-30
FXvd,https://made.example.invalid/e03-09/1-178?utm_source=share&ref=vxel7ug3
e03-09-name-97,https://made.example.invalid/names/e03-09-name-97/contender-7
e03-09-name-98,https://made.example.invalid/names/e03-09-name-98/contender-8
FXve,https://made.example.invalid/e03-09/7-179?utm_source=share&ref=zsxcgnr4
e03-09-name-99,https://made.example.invalid/names/e03-09-name-99/contender-0
FXvf,https://made.example.invalid/e03-09/2-180?utm_source=share&ref=2xwwo9j5
e03-09-name-100,https://made.example.invalid/names/e03-09-name-100/contender-8
e03-09-name-101,https://made.example.invalid/names/e03-09-name-101/contender-8
FXvg,https://made.example.invalid/e03-09/6-181?utm_source=share&ref=ewbienji
e03-09-name-102,https://made.example.invalid/names/e03-09-name-102/contender-2
e03-09-name-103,https://made.example.invalid/names/e03-09-name-103/contender-5
FXvh,https://made.example.invalid/e03-09/5-182?utm_source=share&ref=ysaxz21m
e03-09-name-104,https://made.example.invalid/names/e03-09-name-104/contender-4
FXvi,https://made.example.invalid/e03-09/1-183?utm_source=share&ref=8gv331lh
e03-09-name-105,https://made.example.invalid/names/e03-09-name-105/contender-2
e03-09-name-106,https://made.example.invalid/names/e03-09-name-106/contender-15
FXvj,https://made.example.invalid/e03-09/7-184?utm_source=share&ref=6bqk9o6v
e03-09-name-107,https://made.example.invalid/names/e03-09-name-107/contender-15
e03-09-name-108,https://made.example.invalid/names/e03-09-name-108/contender-7
FXvk,https://made.example.invalid/e03-09/2-185?utm_source=share&ref=zyme79vp
e03-09-name-109,https://made.example.invalid/names/e03-09-name-109/contender-20
FXvl,https://made.example.invalid/e03-09/6-186?utm_source=share&ref=izc49itc
e03-09-name-110,https://made.example.invalid/names/e03-09-name-110/contender-6
e03-09-name-111,https://made.example.invalid/names/e03-09-name-111/contender-4
FXvm,https://made.example.invalid/e03-09/5-187?utm_source=share&ref=0kcy1cm5
e03-09-name-112,https://made.example.invalid/names/e03-09-name-112/contender-0
e03-09-name-113,https://made.example.invalid/names/e03-09-name-113/contender-1
FXvn,https://made.example.invalid/e03-09/1-188?utm_source=share&ref=qqixnxq8
e03-09-name-114,https://made.example.invalid/names/e03-09-name-114/contender-1
FXvo,https://made.example.invalid/e03-09/7-189?utm_source=share&ref=l0969ylj
e03-09-name-115,https://made.example.invalid/names/e03-09-name-115/contender-0
e03-09-name-116,https://made.example.invalid/names/e03-09-name-116/contender-1
FXvp,https://made.example.invalid/e03-09/2-190?utm_source=share&ref=k7ek2vjx
e03-09-name-117,https://made.example.invalid/names/e03-09-name-117/contender-6
e03-09-name-118,https://made.example.invalid/names/e03-09-name-118/contender-0
FXvq,https://made.example.invalid/e03-09/6-191?utm_source=share&ref=lo3uddul
e03-09-name-119,https://made.example.invalid/names/e03-09-name-119/contender-8
FXvr,https://made.example.invalid/e03-09/5-192?utm_source=share&ref=g89c62w3
e03-09-name-120,https://made.example.invalid/names/e03-09-name-120/contender-1
e03-09-name-121,https://made.example.invalid/names/e03-09-name-121/contender-12
FXvs,https://made.example.invalid/e03-09/1-193?utm_source=share&ref=e600lgxk
e03-09-name-122,https://made.example.invalid/names/e03-09-name-122/contender-0
e03-09-name-123,https://made.example.invalid/names/e03-09-name-123/contender-0
FXvt,https://made.example.invalid/e03-09/7-194?utm_source=share&ref=6y0eaxtg
e03-09-name-124,https://made.example.invalid/names/e03-09-name-124/contender-3
FXvu,https://made.example.invalid/e03-09/2-195?utm_source=share&ref=oz15u94u
e03-09-name-125,https://made.example.invalid/names/e03-09-name-125/contender-1
e03-09-name-126,https://made.example.invalid/names/e03-09-name-126/contender-0
FXvv,https://made.example.invalid/e03-09/6-196?utm_source=share&ref=xpfl4pzq
e03-09-name-127,https://made.example.invalid/names/e03-09-name-127/contender-12
e03-09-name-128,https://made.example.invalid/names/e03-09-name-128/contender-3
FXvw,https://made.example.invalid/e03-09/5-197?utm_source=share&ref=escml3nu
e03-09-name-129,https://made.example.invalid/names/e03-09-name-129/contender-19
FXvx,https://made.example.invalid/e03-09/1-198?utm_source=share&ref=df7g2mw5
e03-09-name-130,https://made.example.invalid/names/e03-09-name-130/contender-1
e03-09-name-131,https://made.example.invalid/names/e03-09-name-131/contender-2
FXvy,https://made.example.invalid/e03-09/7-199?utm_source=share&ref=qatn7kc2
e03-09-name-132,https://made.example.invalid/names/e03-09-name-132/contender-16
e03-09-name-133,https://made.example.invalid/names/e03-09-name-133/contender-6
FXvz,https://made.example.invalid/e03-09/2-200?utm_source=share&ref=k4k3vnqa
e03-09-name-134,https://made.example.invalid/names/e03-09-name-134/contender-0
FXvA,https://made.example.invalid/e03-09/6-201?utm_source=share&ref=14mvd8yc
e03-09-name-135,https://made.example.invalid/names/e03-09-name-135/contender-3
e03-09-name-136,https://made.example.invalid/names/e03-09-name-136/contender-14
FXvB,https://made.example.invalid/e03-09/5-202?utm_source=share&ref=5pqfgvxn
e03-09-name-137,https://made.example.invalid/names/e03-09-name-137/contender-4
e03-09-name-138,https://made.example.invalid/names/e03-09-name-138/contender-7
FXvC,https://made.example.invalid/e03-09/1-203?utm_source=share&ref=wiwqcwdv
e03-09-name-139,https://made.example.invalid/names/e03-09-name-139/contender-0
FXvD,https://made.example.invalid/e03-09/7-204?utm_source=share&ref=pyglv86o
e03-09-name-140,https://made.example.invalid/names/e03-09-name-140/contender-15
e03-09-name-141,https://made.example.invalid/names/e03-09-name-141/contender-10
FXvE,https://made.example.invalid/e03-09/2-205?utm_source=share&ref=2gta9abv
e03-09-name-142,https://made.example.invalid/names/e03-09-name-142/contender-10
e03-09-name-143,https://made.example.invalid/names/e03-09-name-143/contender-0
FXvF,https://made.example.invalid/e03-09/6-206?utm_source=share&ref=6nxgdz56
e03-09-name-144,https://made.example.invalid/names/e03-09-name-144/contender-5
FXvG,https://made.example.invalid/e03-09/5-207?utm_source=share&ref=sen17ulc
e03-09-name-145,https://made.example.invalid/names/e03-09-name-145/contender-2
e03-09-name-146,https://made.example.invalid/names/e03-09-name-146/contender-17
FXvH,https://made.example.invalid/e03-09/1-208?utm_source=share&ref=126ysptn
e03-09-name-147,https://made.example.invalid/names/e03-09-name-147/contender-0
e03-09-name-148,https://made.example.invalid/names/e03-09-name-148/contender-3
FXvI,https://made.example.invalid/e03-09/7-209?utm_source=share&ref=dfm27k3l
e03-09-name-149,https://made.example.invalid/names/e03-09-name-149/contender-1
FXvJ,https://made.example.invalid/e03-09/2-210?utm_source=share&ref=f839xbg9
e03-09-name-150,https://made.example.invalid/names/e03-09-name-150/contender-4
e03-09-name-151,https://made.example.invalid/names/e03-09-name-151/contender-16
FXvK,https://made.example.invalid/e03-09/6-211?utm_source=share&ref=0rcn2o77
e03-09-name-152,https://made.example.invalid/names/e03-09-name-152/contender-7
e03-09-name-153,https://made.example.invalid/names/e03-09-name-153/contender-0
FXvL,https://made.example.invalid/e03-09/5-212?utm_source=share&ref=h6hewgme
e03-09-name-154,https://made.example.invalid/names/e03-09-name-154/contender-3
FXvM,https://made.example.invalid/e03-09/1-213?utm_source=share&ref=b7rigxro
e03-09-name-155,https://made.example.invalid/names/e03-09-name-155/contender-15
e03-09-name-156,https://made.example.invalid/names/e03-09-name-156/contender-14
FXvN,https://made.example.invalid/e03-09/7-214?utm_source=share&ref=l195nscw
e03-09-name-157,https://made.example.invalid/names/e03-09-name-157/contender-0
e03-09-name-158,https://made.example.invalid/names/e03-09-name-158/contender-6
FXvO,https://made.example.invalid/e03-09/2-215?utm_source=share&ref=c1whvjfp
e03-09-name-159,https://made.example.invalid/names/e03-09-name-159/contender-16
FXvP,https://made.example.invalid/e03-09/6-216?utm_source=share&ref=nbhyhicq
e03-09-name-160,https://made.example.invalid/names/e03-09-name-160/contender-7
e03-09-name-161,https://made.example.invalid/names/e03-09-name-161/contender-2
FXvQ,https://made.example.invalid/e03-09/5-217?utm_source=share&ref=44h4xsxr
e03-09-name-162,https://made.example.invalid/names/e03-09-name-162/contender-4
e03-09-name-163,https://made.example.invalid/names/e03-09-name-163/contender-0
FXvR,https://made.example.invalid/e03-09/1-218?utm_source=share&ref=9ybk6oe0
e03-09-name-164,https://made.example.invalid/names/e03-09-name-164/contender-10
FXvS,https://made.example.invalid/e03-09/7-219?utm_source=share&ref=rzauk316
e03-09-name-165,https://made.example.invalid/names/e03-09-name-165/contender-2
e03-09-name-166,https://made.example.invalid/names/e03-09-name-166/contender-6
FXvT,https://made.example.invalid/e03-09/2-220?utm_source=share&ref=o9fo9m2d
e03-09-name-167,https://made.example.invalid/names/e03-09-name-167/contender-10
e03-09-name-168,https://made.example.invalid/names/e03-09-name-168/contender-2
FXvU,https://made.example.invalid/e03-09/6-221?utm_source=share&ref=nrx17v2i
e03-09-name-169,https://made.example.invalid/names/e03-09-name-169/contender-0
FXvV,https://made.example.invalid/e03-09/5-222?utm_source=share&ref=bpvkoyla
e03-09-name-170,https://made.example.invalid/names/e03-09-name-170/contender-22
e03-09-name-171,https://made.example.invalid/names/e03-09-name-171/contender-0
FXvW,https://made.example.invalid/e03-09/1-223?utm_source=share&ref=a6g6aohk
e03-09-name-172,https://made.example.invalid/names/e03-09-name-172/contender-1
e03-09-name-173,https://made.example.invalid/names/e03-09-name-173/contender-6
FXvX,https://made.example.invalid/e03-09/7-224?utm_source=share&ref=6v08syck
e03-09-name-174,https://made.example.invalid/names/e03-09-name-174/contender-19
FXvY,https://made.example.invalid/e03-09/2-225?utm_source=share&ref=xf3b7iih
e03-09-name-175,https://made.example.invalid/names/e03-09-name-175/contender-3
e03-09-name-176,https://made.example.invalid/names/e03-09-name-176/contender-2
FXvZ,https://made.example.invalid/e03-09/6-226?utm_source=share&ref=hq3zffu4
e03-09-name-177,https://made.example.invalid/names/e03-09-name-177/contender-1
e03-09-name-178,https://made.example.invalid/names/e03-09-name-178/contender-7
FXw0,https://made.example.invalid/e03-09/5-227?utm_source=share&ref=uhgb90sv
e03-09-name-179,https://made.example.invalid/names/e03-09-name-179/contender-3
FXw1,https://made.example.invalid/e03-09/1-228?utm_source=share&ref=04bgkkjj
e03-09-name-180,https://made.example.invalid/names/e03-09-name-180/contender-2
e03-09-name-181,https://made.example.invalid/names/e03-09-name-181/contender-17
FXw2,https://made.example.invalid/e03-09/7-229?utm_source=share&ref=usem1354
e03-09-name-182,https://made.example.invalid/names/e03-09-name-182/contender-15
e03-09-name-183,https://made.example.invalid/names/e03-09-name-183/contender-7
FXw3,https://made.example.invalid/e03-09/2-230?utm_source=share&ref=5ehuho6i
e03-09-name-184,https://made.example.invalid/names/e03-09-name-184/contender-5
FXw4,https://made.example.invalid/e03-09/6-231?utm_source=share&ref=6q60zpru
e03-09-name-185,https://made.example.invalid/names/e03-09-name-185/contender-0
e03-09-name-186,https://made.example.invalid/names/e03-09-name-186/contender-5
FXw5,https://made.example.invalid/e03-09/5-232?utm_source=share&ref=xkrhusgr
e03-09-name-187,https://made.example.invalid/names/e03-09-name-187/contender-0
e03-09-name-188,https://made.example.invalid/names/e03-09-name-188/contender-2
FXw6,https://made.example.invalid/e03-09/1-233?utm_source=share&ref=pso1zsrw
e03-09-name-189,https://made.example.invalid/names/e03-09-name-189/contender-3
FXw7,https://made.example.invalid/e03-09/7-234?utm_source=share&ref=907ab3z0
e03-09-name-190,https://made.example.invalid/names/e03-09-name-190/contender-7
e03-09-name-191,https://made.example.invalid/names/e03-09-name-191/contender-0
FXw8,https://made.example.invalid/e03-09/2-235?utm_source=share&ref=kvfnoj7m
e03-09-name-192,https://made.example.invalid/names/e03-09-name-192/contender-4
e03-09-name-193,https://made.example.invalid/names/e03-09-name-193/contender-4
FXw9,https://made.example.invalid/e03-09/6-236?utm_source=share&ref=ixyk92vx
e03-09-name-194,https://made.example.invalid/names/e03-09-name-194/contender-12
FXwa,https://made.example.invalid/e03-09/5-237?utm_source=share&ref=btccq3iu
e03-09-name-195,https://made.example.invalid/names/e03-09-name-195/contender-1
e03-09-name-196,https://made.example.invalid/names/e03-09-name-196/contender-16
FXwb,https://made.example.invalid/e03-09/1-238?utm_source=share&ref=ynedkrnt
e03-09-name-197,https://made.example.invalid/names/e03-09-name-197/contender-3
e03-09-name-198,https://made.example.invalid/names/e03-09-name-198/contender-8
FXwc,https://made.example.invalid/e03-09/7-239?utm_source=share&ref=jj7w6csj
e03-09-name-199,https://made.example.invalid/names/e03-09-name-199/contender-1
FXwd,https://made.example.invalid/e03-09/2-240?utm_source=share&ref=c1gstvbl
e03-09-name-200,https://made.example.invalid/names/e03-09-name-200/contender-9
e03-09-name-201,https://made.example.invalid/names/e03-09-name-201/contender-0
FXwe,https://made.example.invalid/e03-09/6-241?utm_source=share&ref=4q1wz7o1
e03-09-name-202,https://made.example.invalid/names/e03-09-name-202/contender-7
e03-09-name-203,https://made.example.invalid/names/e03-09-name-203/contender-2
FXwf,https://made.example.invalid/e03-09/5-242?utm_source=share&ref=284dy0dx
e03-09-name-204,https://made.example.invalid/names/e03-09-name-204/contender-0
FXwg,https://made.example.invalid/e03-09/1-243?utm_source=share&ref=234av1oc
e03-09-name-205,https://made.example.invalid/names/e03-09-name-205/contender-0
e03-09-name-206,https://made.example.invalid/names/e03-09-name-206/contender-4
FXwh,https://made.example.invalid/e03-09/7-244?utm_source=share&ref=9dnx3cs5
e03-09-name-207,https://made.example.invalid/names/e03-09-name-207/contender-1
e03-09-name-208,https://made.example.invalid/names/e03-09-name-208/contender-0
FXwi,https://made.example.invalid/e03-09/2-245?utm_source=share&ref=5a8imjme
e03-09-name-209,https://made.example.invalid/names/e03-09-name-209/contender-4
FXwj,https://made.example.invalid/e03-09/6-246?utm_source=share&ref=ordyi5qk
e03-09-name-210,https://made.example.invalid/names/e03-09-name-210/contender-12
e03-09-name-211,https://made.example.invalid/names/e03-09-name-211/contender-0
FXwk,https://made.example.invalid/e03-09/5-247?utm_source=share&ref=5ql543po
e03-09-name-212,https://made.example.invalid/names/e03-09-name-212/contender-17
e03-09-name-213,https://made.example.invalid/names/e03-09-name-213/contender-1
FXwl,https://made.example.invalid/e03-09/1-248?utm_source=share&ref=h7aue3se
e03-09-name-214,https://made.example.invalid/names/e03-09-name-214/contender-5
FXwm,https://made.example.invalid/e03-09/7-249?utm_source=share&ref=wv07yota
e03-09-name-215,https://made.example.invalid/names/e03-09-name-215/contender-5
e03-09-name-216,https://made.example.invalid/names/e03-09-name-216/contender-0
FXwn,https://made.example.invalid/e03-09/2-250?utm_source=share&ref=55cya9tw
e03-09-name-217,https://made.example.invalid/names/e03-09-name-217/contender-3
e03-09-name-218,https://made.example.invalid/names/e03-09-name-218/contender-5
FXwo,https://made.example.invalid/e03-09/6-251?utm_source=share&ref=80ju1uel
e03-09-name-219,https://made.example.invalid/names/e03-09-name-219/contender-5
FXwp,https://made.example.invalid/e03-09/5-252?utm_source=share&ref=6aznwusv
e03-09-name-220,https://made.example.invalid/names/e03-09-name-220/contender-10
e03-09-name-221,https://made.example.invalid/names/e03-09-name-221/contender-1
FXwq,https://made.example.invalid/e03-09/1-253?utm_source=share&ref=fd7xuig0
e03-09-name-222,https://made.example.invalid/names/e03-09-name-222/contender-4
e03-09-name-223,https://made.example.invalid/names/e03-09-name-223/contender-0
FXwr,https://made.example.invalid/e03-09/7-254?utm_source=share&ref=eige2898
e03-09-name-224,https://made.example.invalid/names/e03-09-name-224/contender-11
FXws,https://made.example.invalid/e03-09/2-255?utm_source=share&ref=vazs35qj
e03-09-name-225,https://made.example.invalid/names/e03-09-name-225/contender-0
e03-09-name-226,https://made.example.invalid/names/e03-09-name-226/contender-0
FXwt,https://made.example.invalid/e03-09/6-256?utm_source=share&ref=eeik53ym
e03-09-name-227,https://made.example.invalid/names/e03-09-name-227/contender-27
e03-09-name-228,https://made.example.invalid/names/e03-09-name-228/contender-7
FXwu,https://made.example.invalid/e03-09/5-257?utm_source=share&ref=vq21u2gx
e03-09-name-229,https://made.example.invalid/names/e03-09-name-229/contender-0
FXwv,https://made.example.invalid/e03-09/1-258?utm_source=share&ref=ufh69qh1
e03-09-name-230,https://made.example.invalid/names/e03-09-name-230/contender-4
e03-09-name-231,https://made.example.invalid/names/e03-09-name-231/contender-14
FXww,https://made.example.invalid/e03-09/7-259?utm_source=share&ref=qtggz7zu
e03-09-name-232,https://made.example.invalid/names/e03-09-name-232/contender-0
e03-09-name-233,https://made.example.invalid/names/e03-09-name-233/contender-0
FXwx,https://made.example.invalid/e03-09/2-260?utm_source=share&ref=ri0xqsfo
e03-09-name-234,https://made.example.invalid/names/e03-09-name-234/contender-4
FXwy,https://made.example.invalid/e03-09/6-261?utm_source=share&ref=szd3vnle
e03-09-name-235,https://made.example.invalid/names/e03-09-name-235/contender-1
e03-09-name-236,https://made.example.invalid/names/e03-09-name-236/contender-1
FXwz,https://made.example.invalid/e03-09/5-262?utm_source=share&ref=17ovi5pt
e03-09-name-237,https://made.example.invalid/names/e03-09-name-237/contender-1
e03-09-name-238,https://made.example.invalid/names/e03-09-name-238/contender-7
FXwA,https://made.example.invalid/e03-09/1-263?utm_source=share&ref=3s39nx2m
e03-09-name-239,https://made.example.invalid/names/e03-09-name-239/contender-4
FXwB,https://made.example.invalid/e03-09/7-264?utm_source=share&ref=0sssx16e
e03-09-name-240,https://made.example.invalid/names/e03-09-name-240/contender-0
e03-09-name-241,https://made.example.invalid/names/e03-09-name-241/contender-14
FXwC,https://made.example.invalid/e03-09/2-265?utm_source=share&ref=w4tcb8ub
e03-09-name-242,https://made.example.invalid/names/e03-09-name-242/contender-2
e03-09-name-243,https://made.example.invalid/names/e03-09-name-243/contender-15
FXwD,https://made.example.invalid/e03-09/6-266?utm_source=share&ref=cyy49r33
e03-09-name-244,https://made.example.invalid/names/e03-09-name-244/contender-2
FXwE,https://made.example.invalid/e03-09/5-267?utm_source=share&ref=qw7uq9m5
e03-09-name-245,https://made.example.invalid/names/e03-09-name-245/contender-4
e03-09-name-246,https://made.example.invalid/names/e03-09-name-246/contender-1
FXwF,https://made.example.invalid/e03-09/1-268?utm_source=share&ref=lura9wkc
e03-09-name-247,https://made.example.invalid/names/e03-09-name-247/contender-4
e03-09-name-248,https://made.example.invalid/names/e03-09-name-248/contender-33
FXwG,https://made.example.invalid/e03-09/7-269?utm_source=share&ref=rd7kc9nm
e03-09-name-249,https://made.example.invalid/names/e03-09-name-249/contender-7
FXwH,https://made.example.invalid/e03-09/2-270?utm_source=share&ref=gmb74k40
e03-09-name-250,https://made.example.invalid/names/e03-09-name-250/contender-0
e03-09-name-251,https://made.example.invalid/names/e03-09-name-251/contender-1
FXwI,https://made.example.invalid/e03-09/6-271?utm_source=share&ref=kikyi00y
e03-09-name-252,https://made.example.invalid/names/e03-09-name-252/contender-3
e03-09-name-253,https://made.example.invalid/names/e03-09-name-253/contender-0
FXwJ,https://made.example.invalid/e03-09/5-272?utm_source=share&ref=1bj7y6he
e03-09-name-254,https://made.example.invalid/names/e03-09-name-254/contender-0
FXwK,https://made.example.invalid/e03-09/1-273?utm_source=share&ref=ptzf3tme
e03-09-name-255,https://made.example.invalid/names/e03-09-name-255/contender-2
e03-09-name-256,https://made.example.invalid/names/e03-09-name-256/contender-5
FXwL,https://made.example.invalid/e03-09/7-274?utm_source=share&ref=pt32hlb3
e03-09-name-257,https://made.example.invalid/names/e03-09-name-257/contender-2
e03-09-name-258,https://made.example.invalid/names/e03-09-name-258/contender-2
FXwM,https://made.example.invalid/e03-09/2-275?utm_source=share&ref=cokw0t9s
e03-09-name-259,https://made.example.invalid/names/e03-09-name-259/contender-0
FXwN,https://made.example.invalid/e03-09/6-276?utm_source=share&ref=h5xb0tgc
e03-09-name-260,https://made.example.invalid/names/e03-09-name-260/contender-10
e03-09-name-261,https://made.example.invalid/names/e03-09-name-261/contender-0
FXwO,https://made.example.invalid/e03-09/5-277?utm_source=share&ref=mb8w67ic
e03-09-name-262,https://made.example.invalid/names/e03-09-name-262/contender-4
e03-09-name-263,https://made.example.invalid/names/e03-09-name-263/contender-5
FXwP,https://made.example.invalid/e03-09/1-278?utm_source=share&ref=fs59209w
e03-09-name-264,https://made.example.invalid/names/e03-09-name-264/contender-4
FXwQ,https://made.example.invalid/e03-09/7-279?utm_source=share&ref=bi6134q4
e03-09-name-265,https://made.example.invalid/names/e03-09-name-265/contender-3
e03-09-name-266,https://made.example.invalid/names/e03-09-name-266/contender-1
FXwR,https://made.example.invalid/e03-09/2-280?utm_source=share&ref=ydb7j105
e03-09-name-267,https://made.example.invalid/names/e03-09-name-267/contender-3
e03-09-name-268,https://made.example.invalid/names/e03-09-name-268/contender-17
FXwS,https://made.example.invalid/e03-09/6-281?utm_source=share&ref=kgu1u7b7
e03-09-name-269,https://made.example.invalid/names/e03-09-name-269/contender-4
FXwT,https://made.example.invalid/e03-09/5-282?utm_source=share&ref=dfacz5v7
e03-09-name-270,https://made.example.invalid/names/e03-09-name-270/contender-5
e03-09-name-271,https://made.example.invalid/names/e03-09-name-271/contender-17
FXwU,https://made.example.invalid/e03-09/1-283?utm_source=share&ref=g3e6bikw
e03-09-name-272,https://made.example.invalid/names/e03-09-name-272/contender-3
e03-09-name-273,https://made.example.invalid/names/e03-09-name-273/contender-2
FXwV,https://made.example.invalid/e03-09/7-284?utm_source=share&ref=sx6afg7u
e03-09-name-274,https://made.example.invalid/names/e03-09-name-274/contender-3
FXwW,https://made.example.invalid/e03-09/2-285?utm_source=share&ref=bxm95u69
e03-09-name-275,https://made.example.invalid/names/e03-09-name-275/contender-0
e03-09-name-276,https://made.example.invalid/names/e03-09-name-276/contender-1
FXwX,https://made.example.invalid/e03-09/6-286?utm_source=share&ref=bud7mebw
e03-09-name-277,https://made.example.invalid/names/e03-09-name-277/contender-3
e03-09-name-278,https://made.example.invalid/names/e03-09-name-278/contender-12
FXwY,https://made.example.invalid/e03-09/5-287?utm_source=share&ref=kcgxn2nq
e03-09-name-279,https://made.example.invalid/names/e03-09-name-279/contender-16
FXwZ,https://made.example.invalid/e03-09/1-288?utm_source=share&ref=bxke3o9r
e03-09-name-280,https://made.example.invalid/names/e03-09-name-280/contender-1
e03-09-name-281,https://made.example.invalid/names/e03-09-name-281/contender-13
FXx0,https://made.example.invalid/e03-09/7-289?utm_source=share&ref=ds0o0jd0
e03-09-name-282,https://made.example.invalid/names/e03-09-name-282/contender-2
e03-09-name-283,https://made.example.invalid/names/e03-09-name-283/contender-2
FXx1,https://made.example.invalid/e03-09/2-290?utm_source=share&ref=hco08ial
e03-09-name-284,https://made.example.invalid/names/e03-09-name-284/contender-0
FXx2,https://made.example.invalid/e03-09/6-291?utm_source=share&ref=n9coiqkh
e03-09-name-285,https://made.example.invalid/names/e03-09-name-285/contender-0
e03-09-name-286,https://made.example.invalid/names/e03-09-name-286/contender-5
FXx3,https://made.example.invalid/e03-09/5-292?utm_source=share&ref=zkfl9q5w
e03-09-name-287,https://made.example.invalid/names/e03-09-name-287/contender-2
e03-09-name-288,https://made.example.invalid/names/e03-09-name-288/contender-2
FXx4,https://made.example.invalid/e03-09/1-293?utm_source=share&ref=q4jp0sgo
e03-09-name-289,https://made.example.invalid/names/e03-09-name-289/contender-5
FXx5,https://made.example.invalid/e03-09/7-294?utm_source=share&ref=9wpxkyv3
e03-09-name-290,https://made.example.invalid/names/e03-09-name-290/contender-2
e03-09-name-291,https://made.example.invalid/names/e03-09-name-291/contender-0
FXx6,https://made.example.invalid/e03-09/2-295?utm_source=share&ref=ar73jq1e
e03-09-name-292,https://made.example.invalid/names/e03-09-name-292/contender-17
e03-09-name-293,https://made.example.invalid/names/e03-09-name-293/contender-0
FXx7,https://made.example.invalid/e03-09/6-296?utm_source=share&ref=x445jq9z
e03-09-name-294,https://made.example.invalid/names/e03-09-name-294/contender-0
FXx8,https://made.example.invalid/e03-09/5-297?utm_source=share&ref=6khv79zb
e03-09-name-295,https://made.example.invalid/names/e03-09-name-295/contender-15
e03-09-name-296,https://made.example.invalid/names/e03-09-name-296/contender-1
FXx9,https://made.example.invalid/e03-09/1-298?utm_source=share&ref=t2xwj8dz
e03-09-name-297,https://made.example.invalid/names/e03-09-name-297/contender-14
e03-09-name-298,https://made.example.invalid/names/e03-09-name-298/contender-3
FXxa,https://made.example.invalid/e03-09/7-299?utm_source=share&ref=1guljmpb
e03-09-name-299,https://made.example.invalid/names/e03-09-name-299/contender-37
FXxb,https://made.example.invalid/e03-09/2-300?utm_source=share&ref=hpwfhbo2
e03-09-name-300,https://made.example.invalid/names/e03-09-name-300/contender-4
e03-09-name-301,https://made.example.invalid/names/e03-09-name-301/contender-3
FXxc,https://made.example.invalid/e03-09/6-301?utm_source=share&ref=rxxp558m
e03-09-name-302,https://made.example.invalid/names/e03-09-name-302/contender-7
e03-09-name-303,https://made.example.invalid/names/e03-09-name-303/contender-14
FXxd,https://made.example.invalid/e03-09/5-302?utm_source=share&ref=astazskt
e03-09-name-304,https://made.example.invalid/names/e03-09-name-304/contender-3
FXxe,https://made.example.invalid/e03-09/1-303?utm_source=share&ref=l27lt4nv
e03-09-name-305,https://made.example.invalid/names/e03-09-name-305/contender-1
e03-09-name-306,https://made.example.invalid/names/e03-09-name-306/contender-6
FXxf,https://made.example.invalid/e03-09/7-304?utm_source=share&ref=n16j7vnx
e03-09-name-307,https://made.example.invalid/names/e03-09-name-307/contender-1
e03-09-name-308,https://made.example.invalid/names/e03-09-name-308/contender-1
FXxg,https://made.example.invalid/e03-09/2-305?utm_source=share&ref=6jypvx7h
e03-09-name-309,https://made.example.invalid/names/e03-09-name-309/contender-1
FXxh,https://made.example.invalid/e03-09/6-306?utm_source=share&ref=3pm093kj
e03-09-name-310,https://made.example.invalid/names/e03-09-name-310/contender-1
e03-09-name-311,https://made.example.invalid/names/e03-09-name-311/contender-0
FXxi,https://made.example.invalid/e03-09/5-307?utm_source=share&ref=fqvc2xck
e03-09-name-312,https://made.example.invalid/names/e03-09-name-312/contender-1
e03-09-name-313,https://made.example.invalid/names/e03-09-name-313/contender-1
FXxj,https://made.example.invalid/e03-09/1-308?utm_source=share&ref=25el0dhb
e03-09-name-314,https://made.example.invalid/names/e03-09-name-314/contender-3
FXxk,https://made.example.invalid/e03-09/7-309?utm_source=share&ref=boo6y9zf
e03-09-name-315,https://made.example.invalid/names/e03-09-name-315/contender-1
e03-09-name-316,https://made.example.invalid/names/e03-09-name-316/contender-12
FXxl,https://made.example.invalid/e03-09/2-310?utm_source=share&ref=dj5uq7nv
e03-09-name-317,https://made.example.invalid/names/e03-09-name-317/contender-14
e03-09-name-318,https://made.example.invalid/names/e03-09-name-318/contender-3
FXxm,https://made.example.invalid/e03-09/6-311?utm_source=share&ref=71gx1zui
e03-09-name-319,https://made.example.invalid/names/e03-09-name-319/contender-3
FXxn,https://made.example.invalid/e03-09/5-312?utm_source=share&ref=wm24rvgl
e03-09-name-320,https://made.example.invalid/names/e03-09-name-320/contender-20
e03-09-name-321,https://made.example.invalid/names/e03-09-name-321/contender-20
FXxo,https://made.example.invalid/e03-09/1-313?utm_source=share&ref=n5ofl5h8
e03-09-name-322,https://made.example.invalid/names/e03-09-name-322/contender-2
e03-09-name-323,https://made.example.invalid/names/e03-09-name-323/contender-2
FXxp,https://made.example.invalid/e03-09/7-314?utm_source=share&ref=uugyx2hi
e03-09-name-324,https://made.example.invalid/names/e03-09-name-324/contender-2
FXxq,https://made.example.invalid/e03-09/2-315?utm_source=share&ref=e86j6npx
e03-09-name-325,https://made.example.invalid/names/e03-09-name-325/contender-0
e03-09-name-326,https://made.example.invalid/names/e03-09-name-326/contender-2
FXxr,https://made.example.invalid/e03-09/6-316?utm_source=share&ref=x3ipdtwt
e03-09-name-327,https://made.example.invalid/names/e03-09-name-327/contender-1
e03-09-name-328,https://made.example.invalid/names/e03-09-name-328/contender-3
FXxs,https://made.example.invalid/e03-09/5-317?utm_source=share&ref=k8zxgo4z
e03-09-name-329,https://made.example.invalid/names/e03-09-name-329/contender-0
FXxt,https://made.example.invalid/e03-09/1-318?utm_source=share&ref=tijlgp1w
e03-09-name-330,https://made.example.invalid/names/e03-09-name-330/contender-10
e03-09-name-331,https://made.example.invalid/names/e03-09-name-331/contender-3
FXxu,https://made.example.invalid/e03-09/7-319?utm_source=share&ref=ims68hcx
e03-09-name-332,https://made.example.invalid/names/e03-09-name-332/contender-1
e03-09-name-333,https://made.example.invalid/names/e03-09-name-333/contender-3
FXxv,https://made.example.invalid/e03-09/2-320?utm_source=share&ref=v6zjbj92
e03-09-name-334,https://made.example.invalid/names/e03-09-name-334/contender-5
FXxw,https://made.example.invalid/e03-09/6-321?utm_source=share&ref=kohyit7p
e03-09-name-335,https://made.example.invalid/names/e03-09-name-335/contender-6
e03-09-name-336,https://made.example.invalid/names/e03-09-name-336/contender-1
FXxx,https://made.example.invalid/e03-09/5-322?utm_source=share&ref=fom9xrb1
e03-09-name-337,https://made.example.invalid/names/e03-09-name-337/contender-4
e03-09-name-338,https://made.example.invalid/names/e03-09-name-338/contender-0
FXxy,https://made.example.invalid/e03-09/1-323?utm_source=share&ref=93lpwu84
e03-09-name-339,https://made.example.invalid/names/e03-09-name-339/contender-1
FXxz,https://made.example.invalid/e03-09/7-324?utm_source=share&ref=ezhghajz
e03-09-name-340,https://made.example.invalid/names/e03-09-name-340/contender-3
e03-09-name-341,https://made.example.invalid/names/e03-09-name-341/contender-0
FXxA,https://made.example.invalid/e03-09/2-325?utm_source=share&ref=p8wzywxw
e03-09-name-342,https://made.example.invalid/names/e03-09-name-342/contender-3
e03-09-name-343,https://made.example.invalid/names/e03-09-name-343/contender-7
FXxB,https://made.example.invalid/e03-09/6-326?utm_source=share&ref=70vrh9nc
e03-09-name-344,https://made.example.invalid/names/e03-09-name-344/contender-0
FXxC,https://made.example.invalid/e03-09/5-327?utm_source=share&ref=q2embycv
e03-09-name-345,https://made.example.invalid/names/e03-09-name-345/contender-3
e03-09-name-346,https://made.example.invalid/names/e03-09-name-346/contender-0
FXxD,https://made.example.invalid/e03-09/1-328?utm_source=share&ref=0kqlyqvb
e03-09-name-347,https://made.example.invalid/names/e03-09-name-347/contender-4
e03-09-name-348,https://made.example.invalid/names/e03-09-name-348/contender-20
FXxE,https://made.example.invalid/e03-09/7-329?utm_source=share&ref=eo23q1ig
e03-09-name-349,https://made.example.invalid/names/e03-09-name-349/contender-0
FXxF,https://made.example.invalid/e03-09/2-330?utm_source=share&ref=hwfh4d7u
e03-09-name-350,https://made.example.invalid/names/e03-09-name-350/contender-5
e03-09-name-351,https://made.example.invalid/names/e03-09-name-351/contender-4
FXxG,https://made.example.invalid/e03-09/6-331?utm_source=share&ref=1mt8ry9u
e03-09-name-352,https://made.example.invalid/names/e03-09-name-352/contender-8
e03-09-name-353,https://made.example.invalid/names/e03-09-name-353/contender-1
FXxH,https://made.example.invalid/e03-09/5-332?utm_source=share&ref=2dbzht9e
e03-09-name-354,https://made.example.invalid/names/e03-09-name-354/contender-6
FXxI,https://made.example.invalid/e03-09/1-333?utm_source=share&ref=ek8390cp
e03-09-name-355,https://made.example.invalid/names/e03-09-name-355/contender-0
e03-09-name-356,https://made.example.invalid/names/e03-09-name-356/contender-1
FXxJ,https://made.example.invalid/e03-09/7-334?utm_source=share&ref=t56m6p12
e03-09-name-357,https://made.example.invalid/names/e03-09-name-357/contender-8
e03-09-name-358,https://made.example.invalid/names/e03-09-name-358/contender-1
FXxK,https://made.example.invalid/e03-09/2-335?utm_source=share&ref=nm6etkhm
e03-09-name-359,https://made.example.invalid/names/e03-09-name-359/contender-6
FXxL,https://made.example.invalid/e03-09/6-336?utm_source=share&ref=ybl3adi8
e03-09-name-360,https://made.example.invalid/names/e03-09-name-360/contender-0
e03-09-name-361,https://made.example.invalid/names/e03-09-name-361/contender-0
FXxM,https://made.example.invalid/e03-09/5-337?utm_source=share&ref=vh1c5mhg
e03-09-name-362,https://made.example.invalid/names/e03-09-name-362/contender-0
e03-09-name-363,https://made.example.invalid/names/e03-09-name-363/contender-7
FXxN,https://made.example.invalid/e03-09/1-338?utm_source=share&ref=ku2mcdm6
e03-09-name-364,https://made.example.invalid/names/e03-09-name-364/contender-15
FXxO,https://made.example.invalid/e03-09/7-339?utm_source=share&ref=q3tigrbe
e03-09-name-365,https://made.example.invalid/names/e03-09-name-365/contender-2
e03-09-name-366,https://made.example.invalid/names/e03-09-name-366/contender-17
FXxP,https://made.example.invalid/e03-09/2-340?utm_source=share&ref=i4v7tckq
e03-09-name-367,https://made.example.invalid/names/e03-09-name-367/contender-3
e03-09-name-368,https://made.example.invalid/names/e03-09-name-368/contender-0
FXxQ,https://made.example.invalid/e03-09/6-341?utm_source=share&ref=0iksb8jd
e03-09-name-369,https://made.example.invalid/names/e03-09-name-369/contender-3
FXxR,https://made.example.invalid/e03-09/5-342?utm_source=share&ref=cvfjzo5y
e03-09-name-370,https://made.example.invalid/names/e03-09-name-370/contender-1
e03-09-name-371,https://made.example.invalid/names/e03-09-name-371/contender-9
FXxS,https://made.example.invalid/e03-09/1-343?utm_source=share&ref=wpeogrii
e03-09-name-372,https://made.example.invalid/names/e03-09-name-372/contender-14
e03-09-name-373,https://made.example.invalid/names/e03-09-name-373/contender-3
FXxT,https://made.example.invalid/e03-09/7-344?utm_source=share&ref=g7idahfz
e03-09-name-374,https://made.example.invalid/names/e03-09-name-374/contender-38
FXxU,https://made.example.invalid/e03-09/2-345?utm_source=share&ref=paixdmln
e03-09-name-375,https://made.example.invalid/names/e03-09-name-375/contender-5
e03-09-name-376,https://made.example.invalid/names/e03-09-name-376/contender-3
FXxV,https://made.example.invalid/e03-09/6-346?utm_source=share&ref=1ktlr0bu
e03-09-name-377,https://made.example.invalid/names/e03-09-name-377/contender-4
e03-09-name-378,https://made.example.invalid/names/e03-09-name-378/contender-6
FXxW,https://made.example.invalid/e03-09/5-347?utm_source=share&ref=gtzbtfyb
FXxX,https://made.example.invalid/e03-09/1-348?utm_source=share&ref=s9ecbkj3
e03-09-name-380,https://made.example.invalid/names/e03-09-name-380/contender-16
e03-09-name-381,https://made.example.invalid/names/e03-09-name-381/contender-4
FXxY,https://made.example.invalid/e03-09/7-349?utm_source=share&ref=fw0way50
e03-09-name-382,https://made.example.invalid/names/e03-09-name-382/contender-19
e03-09-name-379,https://made.example.invalid/names/e03-09-name-379/contender-27
e03-09-name-383,https://made.example.invalid/names/e03-09-name-383/contender-5
FXxZ,https://made.example.invalid/e03-09/2-350?utm_source=share&ref=9p2n9h33
e03-09-name-384,https://made.example.invalid/names/e03-09-name-384/contender-0
FXy0,https://made.example.invalid/e03-09/6-351?utm_source=share&ref=elksz0mm
e03-09-name-385,https://made.example.invalid/names/e03-09-name-385/contender-6
e03-09-name-386,https://made.example.invalid/names/e03-09-name-386/contender-3
FXy1,https://made.example.invalid/e03-09/5-352?utm_source=share&ref=opd4ov2g
e03-09-name-387,https://made.example.invalid/names/e03-09-name-387/contender-5
e03-09-name-388,https://made.example.invalid/names/e03-09-name-388/contender-21
FXy2,https://made.example.invalid/e03-09/1-353?utm_source=share&ref=vdth0461
e03-09-name-389,https://made.example.invalid/names/e03-09-name-389/contender-3
FXy3,https://made.example.invalid/e03-09/7-354?utm_source=share&ref=y6qs1wo0
e03-09-name-390,https://made.example.invalid/names/e03-09-name-390/contender-5
e03-09-name-391,https://made.example.invalid/names/e03-09-name-391/contender-1
FXy4,https://made.example.invalid/e03-09/2-355?utm_source=share&ref=m64a3v6u
e03-09-name-392,https://made.example.invalid/names/e03-09-name-392/contender-3
e03-09-name-393,https://made.example.invalid/names/e03-09-name-393/contender-0
FXy5,https://made.example.invalid/e03-09/6-356?utm_source=share&ref=eb44mao1
e03-09-name-394,https://made.example.invalid/names/e03-09-name-394/contender-2
FXy6,https://made.example.invalid/e03-09/5-357?utm_source=share&ref=jveqaq5q
e03-09-name-395,https://made.example.invalid/names/e03-09-name-395/contender-5
e03-09-name-396,https://made.example.invalid/names/e03-09-name-396/contender-3
FXy7,https://made.example.invalid/e03-09/1-358?utm_source=share&ref=07jmoibt
e03-09-name-397,https://made.example.invalid/names/e03-09-name-397/contender-2
e03-09-name-398,https://made.example.invalid/names/e03-09-name-398/contender-5
FXy8,https://made.example.invalid/e03-09/7-359?utm_source=share&ref=fszv6so0
e03-09-name-399,https://made.example.invalid/names/e03-09-name-399/contender-14
FXy9,https://made.example.invalid/e03-09/2-360?utm_source=share&ref=bjzwt5z9
e03-09-name-400,https://made.example.invalid/names/e03-09-name-400/contender-0
e03-09-name-401,https://made.example.invalid/names/e03-09-name-401/contender-1
FXya,https://made.example.invalid/e03-09/6-361?utm_source=share&ref=moeuginr
e03-09-name-402,https://made.example.invalid/names/e03-09-name-402/contender-2
e03-09-name-403,https://made.example.invalid/names/e03-09-name-403/contender-8
FXyb,https://made.example.invalid/e03-09/5-362?utm_source=share&ref=j5soxvr6
e03-09-name-404,https://made.example.invalid/names/e03-09-name-404/contender-0
FXyc,https://made.example.invalid/e03-09/1-363?utm_source=share&ref=nl4vm79h
e03-09-name-405,https://made.example.invalid/names/e03-09-name-405/contender-0
e03-09-name-406,https://made.example.invalid/names/e03-09-name-406/contender-6
FXyd,https://made.example.invalid/e03-09/7-364?utm_source=share&ref=9hnaveqz
e03-09-name-407,https://made.example.invalid/names/e03-09-name-407/contender-1
e03-09-name-408,https://made.example.invalid/names/e03-09-name-408/contender-12
FXye,https://made.example.invalid/e03-09/2-365?utm_source=share&ref=j63r0k5g
e03-09-name-409,https://made.example.invalid/names/e03-09-name-409/contender-2
FXyf,https://made.example.invalid/e03-09/6-366?utm_source=share&ref=dm4p3116
e03-09-name-410,https://made.example.invalid/names/e03-09-name-410/contender-2
e03-09-name-411,https://made.example.invalid/names/e03-09-name-411/contender-20
FXyg,https://made.example.invalid/e03-09/5-367?utm_source=share&ref=wbbvo0ai
e03-09-name-412,https://made.example.invalid/names/e03-09-name-412/contender-20
e03-09-name-413,https://made.example.invalid/names/e03-09-name-413/contender-2
FXyh,https://made.example.invalid/e03-09/1-368?utm_source=share&ref=yr84rwfr
e03-09-name-414,https://made.example.invalid/names/e03-09-name-414/contender-7
FXyi,https://made.example.invalid/e03-09/7-369?utm_source=share&ref=ib974ivr
e03-09-name-415,https://made.example.invalid/names/e03-09-name-415/contender-0
e03-09-name-416,https://made.example.invalid/names/e03-09-name-416/contender-5
FXyj,https://made.example.invalid/e03-09/2-370?utm_source=share&ref=g13yzche
e03-09-name-417,https://made.example.invalid/names/e03-09-name-417/contender-1
e03-09-name-418,https://made.example.invalid/names/e03-09-name-418/contender-3
FXyk,https://made.example.invalid/e03-09/6-371?utm_source=share&ref=lgity2bf
e03-09-name-419,https://made.example.invalid/names/e03-09-name-419/contender-10
FXyl,https://made.example.invalid/e03-09/5-372?utm_source=share&ref=d796bwqq
e03-09-name-420,https://made.example.invalid/names/e03-09-name-420/contender-4
e03-09-name-421,https://made.example.invalid/names/e03-09-name-421/contender-12
FXym,https://made.example.invalid/e03-09/1-373?utm_source=share&ref=ljgwhfgx
e03-09-name-422,https://made.example.invalid/names/e03-09-name-422/contender-1
e03-09-name-423,https://made.example.invalid/names/e03-09-name-423/contender-9
FXyn,https://made.example.invalid/e03-09/7-374?utm_source=share&ref=e30utbpk
e03-09-name-424,https://made.example.invalid/names/e03-09-name-424/contender-5
FXyo,https://made.example.invalid/e03-09/2-375?utm_source=share&ref=xazzo8lu
e03-09-name-425,https://made.example.invalid/names/e03-09-name-425/contender-16
e03-09-name-426,https://made.example.invalid/names/e03-09-name-426/contender-13
FXyp,https://made.example.invalid/e03-09/6-376?utm_source=share&ref=9nyvppy0
e03-09-name-427,https://made.example.invalid/names/e03-09-name-427/contender-13
e03-09-name-428,https://made.example.invalid/names/e03-09-name-428/contender-2
FXyq,https://made.example.invalid/e03-09/5-377?utm_source=share&ref=prfs1sha
e03-09-name-429,https://made.example.invalid/names/e03-09-name-429/contender-10
FXyr,https://made.example.invalid/e03-09/1-378?utm_source=share&ref=rq4u39w2
e03-09-name-430,https://made.example.invalid/names/e03-09-name-430/contender-0
e03-09-name-431,https://made.example.invalid/names/e03-09-name-431/contender-1
FXys,https://made.example.invalid/e03-09/7-379?utm_source=share&ref=p5s9p2uj
e03-09-name-432,https://made.example.invalid/names/e03-09-name-432/contender-0
e03-09-name-433,https://made.example.invalid/names/e03-09-name-433/contender-1
FXyt,https://made.example.invalid/e03-09/2-380?utm_source=share&ref=jnxhbczt
e03-09-name-434,https://made.example.invalid/names/e03-09-name-434/contender-16
FXyu,https://made.example.invalid/e03-09/6-381?utm_source=share&ref=gkji0qo5
e03-09-name-435,https://made.example.invalid/names/e03-09-name-435/contender-4
e03-09-name-436,https://made.example.invalid/names/e03-09-name-436/contender-5
FXyv,https://made.example.invalid/e03-09/5-382?utm_source=share&ref=7pz1q1jy
e03-09-name-437,https://made.example.invalid/names/e03-09-name-437/contender-0
e03-09-name-438,https://made.example.invalid/names/e03-09-name-438/contender-6
FXyw,https://made.example.invalid/e03-09/1-383?utm_source=share&ref=6zmnr0a7
e03-09-name-439,https://made.example.invalid/names/e03-09-name-439/contender-28
FXyx,https://made.example.invalid/e03-09/7-384?utm_source=share&ref=hu5vmf5v
e03-09-name-440,https://made.example.invalid/names/e03-09-name-440/contender-15
e03-09-name-441,https://made.example.invalid/names/e03-09-name-441/contender-1
FXyy,https://made.example.invalid/e03-09/2-385?utm_source=share&ref=xdh0umba
e03-09-name-442,https://made.example.invalid/names/e03-09-name-442/contender-24
e03-09-name-443,https://made.example.invalid/names/e03-09-name-443/contender-4
FXyz,https://made.example.invalid/e03-09/6-386?utm_source=share&ref=f1sjqzz4
e03-09-name-444,https://made.example.invalid/names/e03-09-name-444/contender-7
FXyA,https://made.example.invalid/e03-09/5-387?utm_source=share&ref=31wkmmsz
e03-09-name-445,https://made.example.invalid/names/e03-09-name-445/contender-2
e03-09-name-446,https://made.example.invalid/names/e03-09-name-446/contender-6
FXyB,https://made.example.invalid/e03-09/1-388?utm_source=share&ref=cu5btrzb
e03-09-name-447,https://made.example.invalid/names/e03-09-name-447/contender-15
e03-09-name-448,https://made.example.invalid/names/e03-09-name-448/contender-8
FXyC,https://made.example.invalid/e03-09/7-389?utm_source=share&ref=atbr568i
e03-09-name-449,https://made.example.invalid/names/e03-09-name-449/contender-8
FXyD,https://made.example.invalid/e03-09/2-390?utm_source=share&ref=llii6v0i
e03-09-name-450,https://made.example.invalid/names/e03-09-name-450/contender-6
e03-09-name-451,https://made.example.invalid/names/e03-09-name-451/contender-10
FXyE,https://made.example.invalid/e03-09/6-391?utm_source=share&ref=076df9ug
e03-09-name-452,https://made.example.invalid/names/e03-09-name-452/contender-2
e03-09-name-453,https://made.example.invalid/names/e03-09-name-453/contender-0
FXyF,https://made.example.invalid/e03-09/5-392?utm_source=share&ref=wb6scjvl
e03-09-name-454,https://made.example.invalid/names/e03-09-name-454/contender-8
FXyG,https://made.example.invalid/e03-09/1-393?utm_source=share&ref=rzrcujh0
e03-09-name-455,https://made.example.invalid/names/e03-09-name-455/contender-0
e03-09-name-456,https://made.example.invalid/names/e03-09-name-456/contender-22
FXyH,https://made.example.invalid/e03-09/7-394?utm_source=share&ref=1qeo9nn1
e03-09-name-457,https://made.example.invalid/names/e03-09-name-457/contender-3
e03-09-name-458,https://made.example.invalid/names/e03-09-name-458/contender-16
FXyI,https://made.example.invalid/e03-09/2-395?utm_source=share&ref=bx4s7g3o
e03-09-name-459,https://made.example.invalid/names/e03-09-name-459/contender-3
FXyJ,https://made.example.invalid/e03-09/6-396?utm_source=share&ref=xnyy7xwq
e03-09-name-460,https://made.example.invalid/names/e03-09-name-460/contender-3
e03-09-name-461,https://made.example.invalid/names/e03-09-name-461/contender-22
FXyK,https://made.example.invalid/e03-09/5-397?utm_source=share&ref=gbygcq77
e03-09-name-462,https://made.example.invalid/names/e03-09-name-462/contender-3
e03-09-name-463,https://made.example.invalid/names/e03-09-name-463/contender-3
FXyL,https://made.example.invalid/e03-09/1-398?utm_source=share&ref=pa6c5068
e03-09-name-464,https://made.example.invalid/names/e03-09-name-464/contender-4
FXyM,https://made.example.invalid/e03-09/7-399?utm_source=share&ref=gd2g8qza
e03-09-name-465,https://made.example.invalid/names/e03-09-name-465/contender-0
e03-09-name-466,https://made.example.invalid/names/e03-09-name-466/contender-1
FXyN,https://made.example.invalid/e03-09/2-400?utm_source=share&ref=diretle2
e03-09-name-467,https://made.example.invalid/names/e03-09-name-467/contender-2
e03-09-name-468,https://made.example.invalid/names/e03-09-name-468/contender-6
FXyO,https://made.example.invalid/e03-09/6-401?utm_source=share&ref=kmb3a8tv
e03-09-name-469,https://made.example.invalid/names/e03-09-name-469/contender-5
FXyP,https://made.example.invalid/e03-09/5-402?utm_source=share&ref=4bgvfbas
e03-09-name-470,https://made.example.invalid/names/e03-09-name-470/contender-11
e03-09-name-471,https://made.example.invalid/names/e03-09-name-471/contender-16
FXyQ,https://made.example.invalid/e03-09/1-403?utm_source=share&ref=jevqgzke
e03-09-name-472,https://made.example.invalid/names/e03-09-name-472/contender-2
e03-09-name-473,https://made.example.invalid/names/e03-09-name-473/contender-9
FXyR,https://made.example.invalid/e03-09/7-404?utm_source=share&ref=7qx0d95l
e03-09-name-474,https://made.example.invalid/names/e03-09-name-474/contender-0
FXyS,https://made.example.invalid/e03-09/2-405?utm_source=share&ref=0goauocx
e03-09-name-475,https://made.example.invalid/names/e03-09-name-475/contender-1
e03-09-name-476,https://made.example.invalid/names/e03-09-name-476/contender-12
FXyT,https://made.example.invalid/e03-09/6-406?utm_source=share&ref=mikp1ba8
e03-09-name-477,https://made.example.invalid/names/e03-09-name-477/contender-0
e03-09-name-478,https://made.example.invalid/names/e03-09-name-478/contender-5
FXyU,https://made.example.invalid/e03-09/5-407?utm_source=share&ref=rac1c7gz
e03-09-name-479,https://made.example.invalid/names/e03-09-name-479/contender-3
FXyV,https://made.example.invalid/e03-09/1-408?utm_source=share&ref=z1anea5a
e03-09-name-480,https://made.example.invalid/names/e03-09-name-480/contender-1
e03-09-name-481,https://made.example.invalid/names/e03-09-name-481/contender-0
FXyW,https://made.example.invalid/e03-09/7-409?utm_source=share&ref=4cyfpskq
e03-09-name-482,https://made.example.invalid/names/e03-09-name-482/contender-7
e03-09-name-483,https://made.example.invalid/names/e03-09-name-483/contender-3
FXyX,https://made.example.invalid/e03-09/2-410?utm_source=share&ref=u1t15nqz
e03-09-name-484,https://made.example.invalid/names/e03-09-name-484/contender-4
FXyY,https://made.example.invalid/e03-09/6-411?utm_source=share&ref=ag6wc6nb
e03-09-name-485,https://made.example.invalid/names/e03-09-name-485/contender-0
e03-09-name-486,https://made.example.invalid/names/e03-09-name-486/contender-33
FXyZ,https://made.example.invalid/e03-09/5-412?utm_source=share&ref=b2zkaxxz
e03-09-name-487,https://made.example.invalid/names/e03-09-name-487/contender-16
e03-09-name-488,https://made.example.invalid/names/e03-09-name-488/contender-2
FXz0,https://made.example.invalid/e03-09/1-413?utm_source=share&ref=u6pt7kxe
e03-09-name-489,https://made.example.invalid/names/e03-09-name-489/contender-31
FXz1,https://made.example.invalid/e03-09/7-414?utm_source=share&ref=i1p452tb
e03-09-name-490,https://made.example.invalid/names/e03-09-name-490/contender-1
e03-09-name-491,https://made.example.invalid/names/e03-09-name-491/contender-0
FXz2,https://made.example.invalid/e03-09/2-415?utm_source=share&ref=l936jv59
e03-09-name-492,https://made.example.invalid/names/e03-09-name-492/contender-0
e03-09-name-493,https://made.example.invalid/names/e03-09-name-493/contender-0
FXz3,https://made.example.invalid/e03-09/6-416?utm_source=share&ref=ox81n212
e03-09-name-494,https://made.example.invalid/names/e03-09-name-494/contender-5
FXz4,https://made.example.invalid/e03-09/5-417?utm_source=share&ref=hh2uxeu7
e03-09-name-495,https://made.example.invalid/names/e03-09-name-495/contender-13
e03-09-name-496,https://made.example.invalid/names/e03-09-name-496/contender-12
FXz5,https://made.example.invalid/e03-09/1-418?utm_source=share&ref=69zpst7z
e03-09-name-497,https://made.example.invalid/names/e03-09-name-497/contender-0
e03-09-name-498,https://made.example.invalid/names/e03-09-name-498/contender-4
FXz6,https://made.example.invalid/e03-09/7-419?utm_source=share&ref=gnrbl3b8
e03-09-name-499,https://made.example.invalid/names/e03-09-name-499/contender-28
FXz7,https://made.example.invalid/e03-09/2-420?utm_source=share&ref=7o2eqvms
e03-09-name-500,https://made.example.invalid/names/e03-09-name-500/contender-0
e03-09-name-501,https://made.example.invalid/names/e03-09-name-501/contender-0
FXz8,https://made.example.invalid/e03-09/6-421?utm_source=share&ref=avcgr2ah
e03-09-name-502,https://made.example.invalid/names/e03-09-name-502/contender-2
e03-09-name-503,https://made.example.invalid/names/e03-09-name-503/contender-8
FXz9,https://made.example.invalid/e03-09/5-422?utm_source=share&ref=88w79r9x
e03-09-name-504,https://made.example.invalid/names/e03-09-name-504/contender-2
FXza,https://made.example.invalid/e03-09/1-423?utm_source=share&ref=40yvftsx
e03-09-name-505,https://made.example.invalid/names/e03-09-name-505/contender-1
e03-09-name-506,https://made.example.invalid/names/e03-09-name-506/contender-1
FXzb,https://made.example.invalid/e03-09/7-424?utm_source=share&ref=hxj7zewf
e03-09-name-507,https://made.example.invalid/names/e03-09-name-507/contender-0
e03-09-name-508,https://made.example.invalid/names/e03-09-name-508/contender-0
FXzc,https://made.example.invalid/e03-09/2-425?utm_source=share&ref=4cn8dgiv
e03-09-name-509,https://made.example.invalid/names/e03-09-name-509/contender-0
FXzd,https://made.example.invalid/e03-09/6-426?utm_source=share&ref=zuapyqci
e03-09-name-510,https://made.example.invalid/names/e03-09-name-510/contender-2
e03-09-name-511,https://made.example.invalid/names/e03-09-name-511/contender-1
FXze,https://made.example.invalid/e03-09/5-427?utm_source=share&ref=jskpoluh
e03-09-name-512,https://made.example.invalid/names/e03-09-name-512/contender-0
e03-09-name-513,https://made.example.invalid/names/e03-09-name-513/contender-3
FXzf,https://made.example.invalid/e03-09/1-428?utm_source=share&ref=0o2v01if
e03-09-name-514,https://made.example.invalid/names/e03-09-name-514/contender-1
FXzg,https://made.example.invalid/e03-09/7-429?utm_source=share&ref=v39os6uu
e03-09-name-515,https://made.example.invalid/names/e03-09-name-515/contender-20
e03-09-name-516,https://made.example.invalid/names/e03-09-name-516/contender-2
FXzh,https://made.example.invalid/e03-09/2-430?utm_source=share&ref=zaphvggq
e03-09-name-517,https://made.example.invalid/names/e03-09-name-517/contender-11
e03-09-name-518,https://made.example.invalid/names/e03-09-name-518/contender-1
FXzi,https://made.example.invalid/e03-09/6-431?utm_source=share&ref=luphvvbj
e03-09-name-519,https://made.example.invalid/names/e03-09-name-519/contender-0
FXzj,https://made.example.invalid/e03-09/5-432?utm_source=share&ref=hp9raz8p
e03-09-name-520,https://made.example.invalid/names/e03-09-name-520/contender-7
e03-09-name-521,https://made.example.invalid/names/e03-09-name-521/contender-2
FXzk,https://made.example.invalid/e03-09/1-433?utm_source=share&ref=qjxho5eg
e03-09-name-522,https://made.example.invalid/names/e03-09-name-522/contender-1
e03-09-name-523,https://made.example.invalid/names/e03-09-name-523/contender-19
FXzl,https://made.example.invalid/e03-09/7-434?utm_source=share&ref=m9fsh00i
e03-09-name-524,https://made.example.invalid/names/e03-09-name-524/contender-23
FXzm,https://made.example.invalid/e03-09/2-435?utm_source=share&ref=w8fvdvcu
e03-09-name-525,https://made.example.invalid/names/e03-09-name-525/contender-3
e03-09-name-526,https://made.example.invalid/names/e03-09-name-526/contender-1
FXzn,https://made.example.invalid/e03-09/6-436?utm_source=share&ref=flp6gj2p
e03-09-name-527,https://made.example.invalid/names/e03-09-name-527/contender-1
e03-09-name-528,https://made.example.invalid/names/e03-09-name-528/contender-3
FXzo,https://made.example.invalid/e03-09/5-437?utm_source=share&ref=94xs7mlv
e03-09-name-529,https://made.example.invalid/names/e03-09-name-529/contender-7
FXzp,https://made.example.invalid/e03-09/1-438?utm_source=share&ref=ekp9ut8t
e03-09-name-530,https://made.example.invalid/names/e03-09-name-530/contender-2
e03-09-name-531,https://made.example.invalid/names/e03-09-name-531/contender-2
FXzq,https://made.example.invalid/e03-09/7-439?utm_source=share&ref=xq0pgb5a
e03-09-name-532,https://made.example.invalid/names/e03-09-name-532/contender-25
e03-09-name-533,https://made.example.invalid/names/e03-09-name-533/contender-2
FXzr,https://made.example.invalid/e03-09/2-440?utm_source=share&ref=x6rsexb6
e03-09-name-534,https://made.example.invalid/names/e03-09-name-534/contender-1
FXzs,https://made.example.invalid/e03-09/6-441?utm_source=share&ref=ybzqm4l8
e03-09-name-535,https://made.example.invalid/names/e03-09-name-535/contender-47
e03-09-name-536,https://made.example.invalid/names/e03-09-name-536/contender-3
FXzt,https://made.example.invalid/e03-09/5-442?utm_source=share&ref=zh33c6a5
e03-09-name-537,https://made.example.invalid/names/e03-09-name-537/contender-1
e03-09-name-538,https://made.example.invalid/names/e03-09-name-538/contender-0
FXzu,https://made.example.invalid/e03-09/1-443?utm_source=share&ref=2n3em9kk
e03-09-name-539,https://made.example.invalid/names/e03-09-name-539/contender-6
FXzv,https://made.example.invalid/e03-09/7-444?utm_source=share&ref=aw5ra29h
e03-09-name-540,https://made.example.invalid/names/e03-09-name-540/contender-2
e03-09-name-541,https://made.example.invalid/names/e03-09-name-541/contender-4
FXzw,https://made.example.invalid/e03-09/2-445?utm_source=share&ref=6ho7uco6
e03-09-name-542,https://made.example.invalid/names/e03-09-name-542/contender-15
e03-09-name-543,https://made.example.invalid/names/e03-09-name-543/contender-6
FXzx,https://made.example.invalid/e03-09/6-446?utm_source=share&ref=ufm8s46a
e03-09-name-544,https://made.example.invalid/names/e03-09-name-544/contender-5
FXzy,https://made.example.invalid/e03-09/5-447?utm_source=share&ref=1eftaa6o
e03-09-name-545,https://made.example.invalid/names/e03-09-name-545/contender-0
e03-09-name-546,https://made.example.invalid/names/e03-09-name-546/contender-5
FXzz,https://made.example.invalid/e03-09/1-448?utm_source=share&ref=ay511j3r
e03-09-name-547,https://made.example.invalid/names/e03-09-name-547/contender-6
e03-09-name-548,https://made.example.invalid/names/e03-09-name-548/contender-24
FXzA,https://made.example.invalid/e03-09/7-449?utm_source=share&ref=3aqvgnxx
e03-09-name-549,https://made.example.invalid/names/e03-09-name-549/contender-39
FXzB,https://made.example.invalid/e03-09/2-450?utm_source=share&ref=btk2ptmp
e03-09-name-550,https://made.example.invalid/names/e03-09-name-550/contender-15
e03-09-name-551,https://made.example.invalid/names/e03-09-name-551/contender-0
FXzC,https://made.example.invalid/e03-09/6-451?utm_source=share&ref=0f6eu6ns
e03-09-name-552,https://made.example.invalid/names/e03-09-name-552/contender-4
e03-09-name-553,https://made.example.invalid/names/e03-09-name-553/contender-0
FXzD,https://made.example.invalid/e03-09/5-452?utm_source=share&ref=6ob0vlhl
e03-09-name-554,https://made.example.invalid/names/e03-09-name-554/contender-13
FXzE,https://made.example.invalid/e03-09/1-453?utm_source=share&ref=nj4pr9fa
e03-09-name-555,https://made.example.invalid/names/e03-09-name-555/contender-0
e03-09-name-556,https://made.example.invalid/names/e03-09-name-556/contender-0
FXzF,https://made.example.invalid/e03-09/7-454?utm_source=share&ref=cwwhv2yv
e03-09-name-557,https://made.example.invalid/names/e03-09-name-557/contender-4
e03-09-name-558,https://made.example.invalid/names/e03-09-name-558/contender-0
FXzG,https://made.example.invalid/e03-09/2-455?utm_source=share&ref=frnhonyf
e03-09-name-559,https://made.example.invalid/names/e03-09-name-559/contender-6
FXzH,https://made.example.invalid/e03-09/6-456?utm_source=share&ref=pd4hrsng
e03-09-name-560,https://made.example.invalid/names/e03-09-name-560/contender-7
e03-09-name-561,https://made.example.invalid/names/e03-09-name-561/contender-3
FXzI,https://made.example.invalid/e03-09/5-457?utm_source=share&ref=dqxm3uge
e03-09-name-562,https://made.example.invalid/names/e03-09-name-562/contender-5
e03-09-name-563,https://made.example.invalid/names/e03-09-name-563/contender-12
FXzJ,https://made.example.invalid/e03-09/1-458?utm_source=share&ref=xkyxh945
e03-09-name-564,https://made.example.invalid/names/e03-09-name-564/contender-3
FXzK,https://made.example.invalid/e03-09/7-459?utm_source=share&ref=90x06zoi
e03-09-name-565,https://made.example.invalid/names/e03-09-name-565/contender-0
e03-09-name-566,https://made.example.invalid/names/e03-09-name-566/contender-29
FXzL,https://made.example.invalid/e03-09/2-460?utm_source=share&ref=r926hvms
e03-09-name-567,https://made.example.invalid/names/e03-09-name-567/contender-11
e03-09-name-568,https://made.example.invalid/names/e03-09-name-568/contender-1
FXzM,https://made.example.invalid/e03-09/6-461?utm_source=share&ref=qo0iicp1
e03-09-name-569,https://made.example.invalid/names/e03-09-name-569/contender-2
FXzN,https://made.example.invalid/e03-09/5-462?utm_source=share&ref=u4wl6oxd
e03-09-name-570,https://made.example.invalid/names/e03-09-name-570/contender-1
e03-09-name-571,https://made.example.invalid/names/e03-09-name-571/contender-7
FXzO,https://made.example.invalid/e03-09/1-463?utm_source=share&ref=99xrc94n
e03-09-name-572,https://made.example.invalid/names/e03-09-name-572/contender-2
e03-09-name-573,https://made.example.invalid/names/e03-09-name-573/contender-0
FXzP,https://made.example.invalid/e03-09/7-464?utm_source=share&ref=c0mkrv31
e03-09-name-574,https://made.example.invalid/names/e03-09-name-574/contender-0
FXzQ,https://made.example.invalid/e03-09/2-465?utm_source=share&ref=rwr6cva7
e03-09-name-575,https://made.example.invalid/names/e03-09-name-575/contender-27
e03-09-name-576,https://made.example.invalid/names/e03-09-name-576/contender-6
FXzR,https://made.example.invalid/e03-09/6-466?utm_source=share&ref=3zx3badr
e03-09-name-577,https://made.example.invalid/names/e03-09-name-577/contender-4
e03-09-name-578,https://made.example.invalid/names/e03-09-name-578/contender-31
FXzS,https://made.example.invalid/e03-09/5-467?utm_source=share&ref=rpfpa7lw
e03-09-name-579,https://made.example.invalid/names/e03-09-name-579/contender-1
FXzT,https://made.example.invalid/e03-09/1-468?utm_source=share&ref=0xjqvk18
e03-09-name-580,https://made.example.invalid/names/e03-09-name-580/contender-5
e03-09-name-581,https://made.example.invalid/names/e03-09-name-581/contender-14
FXzU,https://made.example.invalid/e03-09/7-469?utm_source=share&ref=mbo23r93
e03-09-name-582,https://made.example.invalid/names/e03-09-name-582/contender-4
e03-09-name-583,https://made.example.invalid/names/e03-09-name-583/contender-26
FXzV,https://made.example.invalid/e03-09/2-470?utm_source=share&ref=haeyycbq
e03-09-name-584,https://made.example.invalid/names/e03-09-name-584/contender-1
FXzW,https://made.example.invalid/e03-09/6-471?utm_source=share&ref=b14ddvdm
e03-09-name-585,https://made.example.invalid/names/e03-09-name-585/contender-0
e03-09-name-586,https://made.example.invalid/names/e03-09-name-586/contender-1
FXzX,https://made.example.invalid/e03-09/5-472?utm_source=share&ref=1hrvqqs7
e03-09-name-587,https://made.example.invalid/names/e03-09-name-587/contender-17
e03-09-name-588,https://made.example.invalid/names/e03-09-name-588/contender-11
FXzY,https://made.example.invalid/e03-09/1-473?utm_source=share&ref=jbtzn2gl
e03-09-name-589,https://made.example.invalid/names/e03-09-name-589/contender-0
FXzZ,https://made.example.invalid/e03-09/7-474?utm_source=share&ref=rde2hah1
e03-09-name-590,https://made.example.invalid/names/e03-09-name-590/contender-1
e03-09-name-591,https://made.example.invalid/names/e03-09-name-591/contender-11
FXA0,https://made.example.invalid/e03-09/2-475?utm_source=share&ref=cxnradms
e03-09-name-592,https://made.example.invalid/names/e03-09-name-592/contender-1
e03-09-name-593,https://made.example.invalid/names/e03-09-name-593/contender-2
FXA1,https://made.example.invalid/e03-09/6-476?utm_source=share&ref=my50bxd3
e03-09-name-594,https://made.example.invalid/names/e03-09-name-594/contender-1
FXA2,https://made.example.invalid/e03-09/5-477?utm_source=share&ref=km2jcp42
e03-09-name-595,https://made.example.invalid/names/e03-09-name-595/contender-4
e03-09-name-596,https://made.example.invalid/names/e03-09-name-596/contender-0
FXA3,https://made.example.invalid/e03-09/1-478?utm_source=share&ref=8tjhukph
e03-09-name-597,https://made.example.invalid/names/e03-09-name-597/contender-1
e03-09-name-598,https://made.example.invalid/names/e03-09-name-598/contender-4
FXA4,https://made.example.invalid/e03-09/7-479?utm_source=share&ref=1j9p0rh5
e03-09-name-599,https://made.example.invalid/names/e03-09-name-599/contender-0
FXA5,https://made.example.invalid/e03-09/2-480?utm_source=share&ref=qkdhtlxg
e03-09-name-600,https://made.example.invalid/names/e03-09-name-600/contender-2
e03-09-name-601,https://made.example.invalid/names/e03-09-name-601/contender-6
FXA6,https://made.example.invalid/e03-09/6-481?utm_source=share&ref=iah54ft0
e03-09-name-602,https://made.example.invalid/names/e03-09-name-602/contender-2
e03-09-name-603,https://made.example.invalid/names/e03-09-name-603/contender-2
FXA7,https://made.example.invalid/e03-09/5-482?utm_source=share&ref=vdibe1xd
e03-09-name-604,https://made.example.invalid/names/e03-09-name-604/contender-2
FXA8,https://made.example.invalid/e03-09/1-483?utm_source=share&ref=84i39777
e03-09-name-605,https://made.example.invalid/names/e03-09-name-605/contender-14
e03-09-name-606,https://made.example.invalid/names/e03-09-name-606/contender-2
FXA9,https://made.example.invalid/e03-09/7-484?utm_source=share&ref=xnoqmp1v
e03-09-name-607,https://made.example.invalid/names/e03-09-name-607/contender-9
e03-09-name-608,https://made.example.invalid/names/e03-09-name-608/contender-13
FXAa,https://made.example.invalid/e03-09/2-485?utm_source=share&ref=fl4ypvb9
e03-09-name-609,https://made.example.invalid/names/e03-09-name-609/contender-12
FXAb,https://made.example.invalid/e03-09/6-486?utm_source=share&ref=m5ex0eya
e03-09-name-610,https://made.example.invalid/names/e03-09-name-610/contender-24
e03-09-name-611,https://made.example.invalid/names/e03-09-name-611/contender-26
FXAc,https://made.example.invalid/e03-09/5-487?utm_source=share&ref=96p4d7cg
e03-09-name-612,https://made.example.invalid/names/e03-09-name-612/contender-45
e03-09-name-613,https://made.example.invalid/names/e03-09-name-613/contender-4
FXAd,https://made.example.invalid/e03-09/1-488?utm_source=share&ref=dflm6x5p
e03-09-name-614,https://made.example.invalid/names/e03-09-name-614/contender-4
FXAe,https://made.example.invalid/e03-09/7-489?utm_source=share&ref=axi877kw
e03-09-name-615,https://made.example.invalid/names/e03-09-name-615/contender-2
e03-09-name-616,https://made.example.invalid/names/e03-09-name-616/contender-0
FXAf,https://made.example.invalid/e03-09/2-490?utm_source=share&ref=7scc858t
e03-09-name-617,https://made.example.invalid/names/e03-09-name-617/contender-19
e03-09-name-618,https://made.example.invalid/names/e03-09-name-618/contender-4
FXAg,https://made.example.invalid/e03-09/6-491?utm_source=share&ref=5vj1dn5l
e03-09-name-619,https://made.example.invalid/names/e03-09-name-619/contender-13
FXAh,https://made.example.invalid/e03-09/5-492?utm_source=share&ref=ix4pztc3
e03-09-name-620,https://made.example.invalid/names/e03-09-name-620/contender-11
e03-09-name-621,https://made.example.invalid/names/e03-09-name-621/contender-23
FXAi,https://made.example.invalid/e03-09/1-493?utm_source=share&ref=z3hqa0qy
e03-09-name-622,https://made.example.invalid/names/e03-09-name-622/contender-46
e03-09-name-623,https://made.example.invalid/names/e03-09-name-623/contender-3
FXAj,https://made.example.invalid/e03-09/7-494?utm_source=share&ref=d0875sem
e03-09-name-624,https://made.example.invalid/names/e03-09-name-624/contender-1
FXAk,https://made.example.invalid/e03-09/2-495?utm_source=share&ref=ya1btusd
e03-09-name-625,https://made.example.invalid/names/e03-09-name-625/contender-0
e03-09-name-626,https://made.example.invalid/names/e03-09-name-626/contender-9
FXAl,https://made.example.invalid/e03-09/6-496?utm_source=share&ref=6chwfi8n
e03-09-name-627,https://made.example.invalid/names/e03-09-name-627/contender-28
e03-09-name-628,https://made.example.invalid/names/e03-09-name-628/contender-15
FXAm,https://made.example.invalid/e03-09/5-497?utm_source=share&ref=x63hvrg2
e03-09-name-629,https://made.example.invalid/names/e03-09-name-629/contender-5
FXAn,https://made.example.invalid/e03-09/1-498?utm_source=share&ref=vc3yhjcd
e03-09-name-630,https://made.example.invalid/names/e03-09-name-630/contender-3
e03-09-name-631,https://made.example.invalid/names/e03-09-name-631/contender-8
FXAo,https://made.example.invalid/e03-09/7-499?utm_source=share&ref=tkdfxakn
e03-09-name-632,https://made.example.invalid/names/e03-09-name-632/contender-12
e03-09-name-633,https://made.example.invalid/names/e03-09-name-633/contender-5
FXAp,https://made.example.invalid/e03-09/2-500?utm_source=share&ref=kobsqqkp
e03-09-name-634,https://made.example.invalid/names/e03-09-name-634/contender-3
FXAq,https://made.example.invalid/e03-09/6-501?utm_source=share&ref=kv16rfcs
e03-09-name-635,https://made.example.invalid/names/e03-09-name-635/contender-7
e03-09-name-636,https://made.example.invalid/names/e03-09-name-636/contender-0
FXAr,https://made.example.invalid/e03-09/5-502?utm_source=share&ref=fbz36b0s
e03-09-name-637,https://made.example.invalid/names/e03-09-name-637/contender-2
e03-09-name-638,https://made.example.invalid/names/e03-09-name-638/contender-2
FXAs,https://made.example.invalid/e03-09/1-503?utm_source=share&ref=qe25y9dn
e03-09-name-639,https://made.example.invalid/names/e03-09-name-639/contender-0
FXAt,https://made.example.invalid/e03-09/7-504?utm_source=share&ref=7bfcqlfw
e03-09-name-640,https://made.example.invalid/names/e03-09-name-640/contender-0
e03-09-name-641,https://made.example.invalid/names/e03-09-name-641/contender-0
FXAu,https://made.example.invalid/e03-09/2-505?utm_source=share&ref=t0021539
e03-09-name-642,https://made.example.invalid/names/e03-09-name-642/contender-2
e03-09-name-643,https://made.example.invalid/names/e03-09-name-643/contender-1
FXAv,https://made.example.invalid/e03-09/6-506?utm_source=share&ref=3o64p3o6
e03-09-name-644,https://made.example.invalid/names/e03-09-name-644/contender-1
FXAw,https://made.example.invalid/e03-09/5-507?utm_source=share&ref=f55c0nus
e03-09-name-645,https://made.example.invalid/names/e03-09-name-645/contender-0
e03-09-name-646,https://made.example.invalid/names/e03-09-name-646/contender-5
FXAx,https://made.example.invalid/e03-09/1-508?utm_source=share&ref=yanjamy5
e03-09-name-647,https://made.example.invalid/names/e03-09-name-647/contender-1
e03-09-name-648,https://made.example.invalid/names/e03-09-name-648/contender-11
FXAy,https://made.example.invalid/e03-09/7-509?utm_source=share&ref=2a100l1j
e03-09-name-649,https://made.example.invalid/names/e03-09-name-649/contender-0
FXAz,https://made.example.invalid/e03-09/2-510?utm_source=share&ref=xizs9w4y
e03-09-name-650,https://made.example.invalid/names/e03-09-name-650/contender-3
e03-09-name-651,https://made.example.invalid/names/e03-09-name-651/contender-25
FXAA,https://made.example.invalid/e03-09/6-511?utm_source=share&ref=symtsq9k
e03-09-name-652,https://made.example.invalid/names/e03-09-name-652/contender-13
e03-09-name-653,https://made.example.invalid/names/e03-09-name-653/contender-2
FXAB,https://made.example.invalid/e03-09/5-512?utm_source=share&ref=bqcrkmkg
e03-09-name-654,https://made.example.invalid/names/e03-09-name-654/contender-2
FXAC,https://made.example.invalid/e03-09/1-513?utm_source=share&ref=e8owdjvy
e03-09-name-655,https://made.example.invalid/names/e03-09-name-655/contender-2
e03-09-name-656,https://made.example.invalid/names/e03-09-name-656/contender-2
FXAD,https://made.example.invalid/e03-09/7-514?utm_source=share&ref=h8pa50qi
e03-09-name-657,https://made.example.invalid/names/e03-09-name-657/contender-0
e03-09-name-658,https://made.example.invalid/names/e03-09-name-658/contender-0
FXAE,https://made.example.invalid/e03-09/2-515?utm_source=share&ref=o8al5qs8
e03-09-name-659,https://made.example.invalid/names/e03-09-name-659/contender-10
FXAF,https://made.example.invalid/e03-09/6-516?utm_source=share&ref=jsumaihh
e03-09-name-660,https://made.example.invalid/names/e03-09-name-660/contender-1
e03-09-name-661,https://made.example.invalid/names/e03-09-name-661/contender-0
FXAG,https://made.example.invalid/e03-09/5-517?utm_source=share&ref=8r9qm5nt
e03-09-name-662,https://made.example.invalid/names/e03-09-name-662/contender-0
e03-09-name-663,https://made.example.invalid/names/e03-09-name-663/contender-9
FXAH,https://made.example.invalid/e03-09/1-518?utm_source=share&ref=2worceti
e03-09-name-664,https://made.example.invalid/names/e03-09-name-664/contender-3
FXAI,https://made.example.invalid/e03-09/7-519?utm_source=share&ref=xu9d7nei
e03-09-name-665,https://made.example.invalid/names/e03-09-name-665/contender-0
e03-09-name-666,https://made.example.invalid/names/e03-09-name-666/contender-1
FXAJ,https://made.example.invalid/e03-09/2-520?utm_source=share&ref=qh2y1goo
e03-09-name-667,https://made.example.invalid/names/e03-09-name-667/contender-0
e03-09-name-668,https://made.example.invalid/names/e03-09-name-668/contender-17
FXAK,https://made.example.invalid/e03-09/6-521?utm_source=share&ref=ej6djsbj
e03-09-name-669,https://made.example.invalid/names/e03-09-name-669/contender-3
FXAL,https://made.example.invalid/e03-09/5-522?utm_source=share&ref=vrfaenxq
e03-09-name-670,https://made.example.invalid/names/e03-09-name-670/contender-1
e03-09-name-671,https://made.example.invalid/names/e03-09-name-671/contender-10
FXAM,https://made.example.invalid/e03-09/1-523?utm_source=share&ref=kiml7rg8
e03-09-name-672,https://made.example.invalid/names/e03-09-name-672/contender-16
e03-09-name-673,https://made.example.invalid/names/e03-09-name-673/contender-21
FXAN,https://made.example.invalid/e03-09/7-524?utm_source=share&ref=i6jix0md
e03-09-name-674,https://made.example.invalid/names/e03-09-name-674/contender-18
FXAO,https://made.example.invalid/e03-09/2-525?utm_source=share&ref=xwtgntxq
e03-09-name-675,https://made.example.invalid/names/e03-09-name-675/contender-0
e03-09-name-676,https://made.example.invalid/names/e03-09-name-676/contender-1
FXAP,https://made.example.invalid/e03-09/6-526?utm_source=share&ref=36loe43p
e03-09-name-677,https://made.example.invalid/names/e03-09-name-677/contender-2
e03-09-name-678,https://made.example.invalid/names/e03-09-name-678/contender-2
FXAQ,https://made.example.invalid/e03-09/5-527?utm_source=share&ref=5fe5mqix
e03-09-name-679,https://made.example.invalid/names/e03-09-name-679/contender-0
FXAR,https://made.example.invalid/e03-09/1-528?utm_source=share&ref=jifcdf74
e03-09-name-680,https://made.example.invalid/names/e03-09-name-680/contender-9
e03-09-name-681,https://made.example.invalid/names/e03-09-name-681/contender-2
FXAS,https://made.example.invalid/e03-09/7-529?utm_source=share&ref=mozwlwv7
e03-09-name-682,https://made.example.invalid/names/e03-09-name-682/contender-2
e03-09-name-683,https://made.example.invalid/names/e03-09-name-683/contender-0
FXAT,https://made.example.invalid/e03-09/2-530?utm_source=share&ref=4y5dd115
e03-09-name-684,https://made.example.invalid/names/e03-09-name-684/contender-2
FXAU,https://made.example.invalid/e03-09/6-531?utm_source=share&ref=co1fgza0
e03-09-name-685,https://made.example.invalid/names/e03-09-name-685/contender-3
e03-09-name-686,https://made.example.invalid/names/e03-09-name-686/contender-0
FXAV,https://made.example.invalid/e03-09/5-532?utm_source=share&ref=84i3lusw
e03-09-name-687,https://made.example.invalid/names/e03-09-name-687/contender-14
e03-09-name-688,https://made.example.invalid/names/e03-09-name-688/contender-8
FXAW,https://made.example.invalid/e03-09/1-533?utm_source=share&ref=zab28wu5
e03-09-name-689,https://made.example.invalid/names/e03-09-name-689/contender-1
FXAX,https://made.example.invalid/e03-09/7-534?utm_source=share&ref=ma6h7ckq
e03-09-name-690,https://made.example.invalid/names/e03-09-name-690/contender-3
e03-09-name-691,https://made.example.invalid/names/e03-09-name-691/contender-3
FXAY,https://made.example.invalid/e03-09/2-535?utm_source=share&ref=rwar776v
e03-09-name-692,https://made.example.invalid/names/e03-09-name-692/contender-9
e03-09-name-693,https://made.example.invalid/names/e03-09-name-693/contender-10
FXAZ,https://made.example.invalid/e03-09/6-536?utm_source=share&ref=ma6fqcwr
e03-09-name-694,https://made.example.invalid/names/e03-09-name-694/contender-16
FXB0,https://made.example.invalid/e03-09/5-537?utm_source=share&ref=j0rnjx9k
e03-09-name-695,https://made.example.invalid/names/e03-09-name-695/contender-6
e03-09-name-696,https://made.example.invalid/names/e03-09-name-696/contender-0
FXB1,https://made.example.invalid/e03-09/1-538?utm_source=share&ref=n3gp2ocy
e03-09-name-697,https://made.example.invalid/names/e03-09-name-697/contender-4
e03-09-name-698,https://made.example.invalid/names/e03-09-name-698/contender-0
FXB2,https://made.example.invalid/e03-09/7-539?utm_source=share&ref=nc6w6ac7
e03-09-name-699,https://made.example.invalid/names/e03-09-name-699/contender-1
FXB3,https://made.example.invalid/e03-09/2-540?utm_source=share&ref=nvkbphly
e03-09-name-700,https://made.example.invalid/names/e03-09-name-700/contender-3
e03-09-name-701,https://made.example.invalid/names/e03-09-name-701/contender-2
FXB4,https://made.example.invalid/e03-09/6-541?utm_source=share&ref=6ci0956a
e03-09-name-702,https://made.example.invalid/names/e03-09-name-702/contender-8
e03-09-name-703,https://made.example.invalid/names/e03-09-name-703/contender-5
FXB5,https://made.example.invalid/e03-09/5-542?utm_source=share&ref=l1t1j4c6
e03-09-name-704,https://made.example.invalid/names/e03-09-name-704/contender-0
FXB6,https://made.example.invalid/e03-09/1-543?utm_source=share&ref=yq8khnrq
e03-09-name-705,https://made.example.invalid/names/e03-09-name-705/contender-5
e03-09-name-706,https://made.example.invalid/names/e03-09-name-706/contender-1
FXB7,https://made.example.invalid/e03-09/7-544?utm_source=share&ref=zvn2hqgb
e03-09-name-707,https://made.example.invalid/names/e03-09-name-707/contender-0
e03-09-name-708,https://made.example.invalid/names/e03-09-name-708/contender-2
FXB8,https://made.example.invalid/e03-09/2-545?utm_source=share&ref=5d9x19ci
e03-09-name-709,https://made.example.invalid/names/e03-09-name-709/contender-18
FXB9,https://made.example.invalid/e03-09/6-546?utm_source=share&ref=fnmy6t4m
e03-09-name-710,https://made.example.invalid/names/e03-09-name-710/contender-16
e03-09-name-711,https://made.example.invalid/names/e03-09-name-711/contender-14
FXBa,https://made.example.invalid/e03-09/5-547?utm_source=share&ref=p3irk9x6
e03-09-name-712,https://made.example.invalid/names/e03-09-name-712/contender-5
e03-09-name-713,https://made.example.invalid/names/e03-09-name-713/contender-3
FXBb,https://made.example.invalid/e03-09/1-548?utm_source=share&ref=1nwciqro
e03-09-name-714,https://made.example.invalid/names/e03-09-name-714/contender-0
FXBc,https://made.example.invalid/e03-09/7-549?utm_source=share&ref=cnga6osy
e03-09-name-715,https://made.example.invalid/names/e03-09-name-715/contender-0
e03-09-name-716,https://made.example.invalid/names/e03-09-name-716/contender-5
FXBd,https://made.example.invalid/e03-09/2-550?utm_source=share&ref=aqrc5lel
e03-09-name-717,https://made.example.invalid/names/e03-09-name-717/contender-0
e03-09-name-718,https://made.example.invalid/names/e03-09-name-718/contender-8
FXBe,https://made.example.invalid/e03-09/6-551?utm_source=share&ref=uf4l3i0h
e03-09-name-719,https://made.example.invalid/names/e03-09-name-719/contender-22
FXBf,https://made.example.invalid/e03-09/5-552?utm_source=share&ref=gmpp2yic
e03-09-name-720,https://made.example.invalid/names/e03-09-name-720/contender-10
e03-09-name-721,https://made.example.invalid/names/e03-09-name-721/contender-1
FXBg,https://made.example.invalid/e03-09/1-553?utm_source=share&ref=l8yyz861
e03-09-name-722,https://made.example.invalid/names/e03-09-name-722/contender-15
e03-09-name-723,https://made.example.invalid/names/e03-09-name-723/contender-3
FXBh,https://made.example.invalid/e03-09/7-554?utm_source=share&ref=6u2zb47l
e03-09-name-724,https://made.example.invalid/names/e03-09-name-724/contender-3
FXBi,https://made.example.invalid/e03-09/2-555?utm_source=share&ref=dr0aa36c
e03-09-name-725,https://made.example.invalid/names/e03-09-name-725/contender-0
e03-09-name-726,https://made.example.invalid/names/e03-09-name-726/contender-1
FXBj,https://made.example.invalid/e03-09/6-556?utm_source=share&ref=en1st55u
e03-09-name-727,https://made.example.invalid/names/e03-09-name-727/contender-2
e03-09-name-728,https://made.example.invalid/names/e03-09-name-728/contender-2
FXBk,https://made.example.invalid/e03-09/5-557?utm_source=share&ref=odhm8woi
e03-09-name-729,https://made.example.invalid/names/e03-09-name-729/contender-1
FXBl,https://made.example.invalid/e03-09/1-558?utm_source=share&ref=n3t14zyo
e03-09-name-730,https://made.example.invalid/names/e03-09-name-730/contender-12
e03-09-name-731,https://made.example.invalid/names/e03-09-name-731/contender-9
FXBm,https://made.example.invalid/e03-09/7-559?utm_source=share&ref=xsng2i4x
e03-09-name-732,https://made.example.invalid/names/e03-09-name-732/contender-7
e03-09-name-733,https://made.example.invalid/names/e03-09-name-733/contender-8
FXBn,https://made.example.invalid/e03-09/2-560?utm_source=share&ref=w5a8u9k9
e03-09-name-734,https://made.example.invalid/names/e03-09-name-734/contender-0
FXBo,https://made.example.invalid/e03-09/6-561?utm_source=share&ref=ds5pstl3
e03-09-name-735,https://made.example.invalid/names/e03-09-name-735/contender-9
e03-09-name-736,https://made.example.invalid/names/e03-09-name-736/contender-2
FXBp,https://made.example.invalid/e03-09/5-562?utm_source=share&ref=z91sh8vz
e03-09-name-737,https://made.example.invalid/names/e03-09-name-737/contender-0
e03-09-name-738,https://made.example.invalid/names/e03-09-name-738/contender-3
FXBq,https://made.example.invalid/e03-09/1-563?utm_source=share&ref=pfhidefq
e03-09-name-739,https://made.example.invalid/names/e03-09-name-739/contender-1
FXBr,https://made.example.invalid/e03-09/7-564?utm_source=share&ref=pnu5njlu
e03-09-name-740,https://made.example.invalid/names/e03-09-name-740/contender-17
e03-09-name-741,https://made.example.invalid/names/e03-09-name-741/contender-7
FXBs,https://made.example.invalid/e03-09/2-565?utm_source=share&ref=79ywqb54
e03-09-name-742,https://made.example.invalid/names/e03-09-name-742/contender-23
e03-09-name-743,https://made.example.invalid/names/e03-09-name-743/contender-18
FXBt,https://made.example.invalid/e03-09/6-566?utm_source=share&ref=zt56e2wz
e03-09-name-744,https://made.example.invalid/names/e03-09-name-744/contender-4
FXBu,https://made.example.invalid/e03-09/5-567?utm_source=share&ref=l08xrvu6
e03-09-name-745,https://made.example.invalid/names/e03-09-name-745/contender-5
e03-09-name-746,https://made.example.invalid/names/e03-09-name-746/contender-1
FXBv,https://made.example.invalid/e03-09/1-568?utm_source=share&ref=bde2t1dm
e03-09-name-747,https://made.example.invalid/names/e03-09-name-747/contender-1
e03-09-name-748,https://made.example.invalid/names/e03-09-name-748/contender-0
FXBw,https://made.example.invalid/e03-09/7-569?utm_source=share&ref=ld8sh7d8
e03-09-name-749,https://made.example.invalid/names/e03-09-name-749/contender-1
FXBx,https://made.example.invalid/e03-09/2-570?utm_source=share&ref=s4mb6sf1
e03-09-name-750,https://made.example.invalid/names/e03-09-name-750/contender-0
e03-09-name-751,https://made.example.invalid/names/e03-09-name-751/contender-7
FXBy,https://made.example.invalid/e03-09/6-571?utm_source=share&ref=qcpc557t
e03-09-name-752,https://made.example.invalid/names/e03-09-name-752/contender-19
e03-09-name-753,https://made.example.invalid/names/e03-09-name-753/contender-0
FXBz,https://made.example.invalid/e03-09/5-572?utm_source=share&ref=mg35l99b
e03-09-name-754,https://made.example.invalid/names/e03-09-name-754/contender-3
FXBA,https://made.example.invalid/e03-09/1-573?utm_source=share&ref=3rop15p9
e03-09-name-755,https://made.example.invalid/names/e03-09-name-755/contender-2
e03-09-name-756,https://made.example.invalid/names/e03-09-name-756/contender-1
FXBB,https://made.example.invalid/e03-09/7-574?utm_source=share&ref=6xy8r19q
e03-09-name-757,https://made.example.invalid/names/e03-09-name-757/contender-3
e03-09-name-758,https://made.example.invalid/names/e03-09-name-758/contender-2
FXBC,https://made.example.invalid/e03-09/2-575?utm_source=share&ref=bh5wi5eq
e03-09-name-759,https://made.example.invalid/names/e03-09-name-759/contender-6
FXBD,https://made.example.invalid/e03-09/6-576?utm_source=share&ref=to02edpk
e03-09-name-760,https://made.example.invalid/names/e03-09-name-760/contender-1
e03-09-name-761,https://made.example.invalid/names/e03-09-name-761/contender-0
FXBE,https://made.example.invalid/e03-09/5-577?utm_source=share&ref=f28vqyl8
e03-09-name-762,https://made.example.invalid/names/e03-09-name-762/contender-4
e03-09-name-763,https://made.example.invalid/names/e03-09-name-763/contender-0
FXBF,https://made.example.invalid/e03-09/1-578?utm_source=share&ref=8pi560zr
e03-09-name-764,https://made.example.invalid/names/e03-09-name-764/contender-6
FXBG,https://made.example.invalid/e03-09/7-579?utm_source=share&ref=90agprt8
e03-09-name-765,https://made.example.invalid/names/e03-09-name-765/contender-0
e03-09-name-766,https://made.example.invalid/names/e03-09-name-766/contender-11
FXBH,https://made.example.invalid/e03-09/2-580?utm_source=share&ref=p19j4nqc
e03-09-name-767,https://made.example.invalid/names/e03-09-name-767/contender-4
e03-09-name-768,https://made.example.invalid/names/e03-09-name-768/contender-0
FXBI,https://made.example.invalid/e03-09/6-581?utm_source=share&ref=whlbjm8i
e03-09-name-769,https://made.example.invalid/names/e03-09-name-769/contender-1
FXBJ,https://made.example.invalid/e03-09/5-582?utm_source=share&ref=9invy2t7
e03-09-name-770,https://made.example.invalid/names/e03-09-name-770/contender-0
e03-09-name-771,https://made.example.invalid/names/e03-09-name-771/contender-10
FXBK,https://made.example.invalid/e03-09/1-583?utm_source=share&ref=uzfo5ayz
e03-09-name-772,https://made.example.invalid/names/e03-09-name-772/contender-0
e03-09-name-773,https://made.example.invalid/names/e03-09-name-773/contender-1
FXBL,https://made.example.invalid/e03-09/7-584?utm_source=share&ref=c5xv9idu
e03-09-name-774,https://made.example.invalid/names/e03-09-name-774/contender-5
FXBM,https://made.example.invalid/e03-09/2-585?utm_source=share&ref=p8flu7zt
e03-09-name-775,https://made.example.invalid/names/e03-09-name-775/contender-3
e03-09-name-776,https://made.example.invalid/names/e03-09-name-776/contender-5
FXBN,https://made.example.invalid/e03-09/6-586?utm_source=share&ref=wd73q3nd
e03-09-name-777,https://made.example.invalid/names/e03-09-name-777/contender-1
e03-09-name-778,https://made.example.invalid/names/e03-09-name-778/contender-3
FXBO,https://made.example.invalid/e03-09/5-587?utm_source=share&ref=nqpqxaqp
e03-09-name-779,https://made.example.invalid/names/e03-09-name-779/contender-1
FXBP,https://made.example.invalid/e03-09/1-588?utm_source=share&ref=4fdn8wmm
e03-09-name-780,https://made.example.invalid/names/e03-09-name-780/contender-3
e03-09-name-781,https://made.example.invalid/names/e03-09-name-781/contender-4
FXBQ,https://made.example.invalid/e03-09/7-589?utm_source=share&ref=jcxwwcfm
e03-09-name-782,https://made.example.invalid/names/e03-09-name-782/contender-5
e03-09-name-783,https://made.example.invalid/names/e03-09-name-783/contender-4
FXBR,https://made.example.invalid/e03-09/2-590?utm_source=share&ref=xnsubxqv
e03-09-name-784,https://made.example.invalid/names/e03-09-name-784/contender-11
FXBS,https://made.example.invalid/e03-09/6-591?utm_source=share&ref=t5rbron3
e03-09-name-785,https://made.example.invalid/names/e03-09-name-785/contender-3
e03-09-name-786,https://made.example.invalid/names/e03-09-name-786/contender-7
FXBT,https://made.example.invalid/e03-09/5-592?utm_source=share&ref=dlv58fms
e03-09-name-787,https://made.example.invalid/names/e03-09-name-787/contender-5
e03-09-name-788,https://made.example.invalid/names/e03-09-name-788/contender-2
FXBU,https://made.example.invalid/e03-09/1-593?utm_source=share&ref=bcf5oov0
e03-09-name-789,https://made.example.invalid/names/e03-09-name-789/contender-5
FXBV,https://made.example.invalid/e03-09/7-594?utm_source=share&ref=c3qajvx2
e03-09-name-790,https://made.example.invalid/names/e03-09-name-790/contender-1
e03-09-name-791,https://made.example.invalid/names/e03-09-name-791/contender-27
FXBW,https://made.example.invalid/e03-09/2-595?utm_source=share&ref=jci4h6mr
e03-09-name-792,https://made.example.invalid/names/e03-09-name-792/contender-8
e03-09-name-793,https://made.example.invalid/names/e03-09-name-793/contender-3
FXBX,https://made.example.invalid/e03-09/6-596?utm_source=share&ref=vdxayuuu
e03-09-name-794,https://made.example.invalid/names/e03-09-name-794/contender-6
FXBY,https://made.example.invalid/e03-09/5-597?utm_source=share&ref=ni9hcnsp
e03-09-name-795,https://made.example.invalid/names/e03-09-name-795/contender-3
e03-09-name-796,https://made.example.invalid/names/e03-09-name-796/contender-12
FXBZ,https://made.example.invalid/e03-09/1-598?utm_source=share&ref=rs2y5ol5
e03-09-name-797,https://made.example.invalid/names/e03-09-name-797/contender-9
e03-09-name-798,https://made.example.invalid/names/e03-09-name-798/contender-10
FXC0,https://made.example.invalid/e03-09/7-599?utm_source=share&ref=g12s8uwk
e03-09-name-799,https://made.example.invalid/names/e03-09-name-799/contender-10
FXC1,https://made.example.invalid/e03-09/2-600?utm_source=share&ref=ayequ7ut
e03-09-name-800,https://made.example.invalid/names/e03-09-name-800/contender-1
e03-09-name-801,https://made.example.invalid/names/e03-09-name-801/contender-5
FXC2,https://made.example.invalid/e03-09/6-601?utm_source=share&ref=mhtf8ge2
e03-09-name-802,https://made.example.invalid/names/e03-09-name-802/contender-3
e03-09-name-803,https://made.example.invalid/names/e03-09-name-803/contender-24
FXC3,https://made.example.invalid/e03-09/5-602?utm_source=share&ref=u7pxsl8l
e03-09-name-804,https://made.example.invalid/names/e03-09-name-804/contender-1
FXC4,https://made.example.invalid/e03-09/1-603?utm_source=share&ref=dujaveoj
e03-09-name-805,https://made.example.invalid/names/e03-09-name-805/contender-15
e03-09-name-806,https://made.example.invalid/names/e03-09-name-806/contender-2
FXC5,https://made.example.invalid/e03-09/7-604?utm_source=share&ref=jyr9fuji
e03-09-name-807,https://made.example.invalid/names/e03-09-name-807/contender-7
e03-09-name-808,https://made.example.invalid/names/e03-09-name-808/contender-4
FXC6,https://made.example.invalid/e03-09/2-605?utm_source=share&ref=99np5d5a
e03-09-name-809,https://made.example.invalid/names/e03-09-name-809/contender-12
FXC7,https://made.example.invalid/e03-09/6-606?utm_source=share&ref=0fwt8e9c
e03-09-name-810,https://made.example.invalid/names/e03-09-name-810/contender-3
e03-09-name-811,https://made.example.invalid/names/e03-09-name-811/contender-0
FXC8,https://made.example.invalid/e03-09/5-607?utm_source=share&ref=gh9tprea
e03-09-name-812,https://made.example.invalid/names/e03-09-name-812/contender-15
e03-09-name-813,https://made.example.invalid/names/e03-09-name-813/contender-10
FXC9,https://made.example.invalid/e03-09/1-608?utm_source=share&ref=tt3beki9
e03-09-name-814,https://made.example.invalid/names/e03-09-name-814/contender-20
FXCa,https://made.example.invalid/e03-09/7-609?utm_source=share&ref=f4ltns7n
e03-09-name-815,https://made.example.invalid/names/e03-09-name-815/contender-5
e03-09-name-816,https://made.example.invalid/names/e03-09-name-816/contender-5
FXCb,https://made.example.invalid/e03-09/2-610?utm_source=share&ref=r0bve5d4
e03-09-name-817,https://made.example.invalid/names/e03-09-name-817/contender-2
e03-09-name-818,https://made.example.invalid/names/e03-09-name-818/contender-15
FXCc,https://made.example.invalid/e03-09/6-611?utm_source=share&ref=g0nm1xqg
e03-09-name-819,https://made.example.invalid/names/e03-09-name-819/contender-2
FXCd,https://made.example.invalid/e03-09/5-612?utm_source=share&ref=pcrktj8t
e03-09-name-820,https://made.example.invalid/names/e03-09-name-820/contender-1
e03-09-name-821,https://made.example.invalid/names/e03-09-name-821/contender-8
FXCe,https://made.example.invalid/e03-09/1-613?utm_source=share&ref=mvtfx8ug
e03-09-name-822,https://made.example.invalid/names/e03-09-name-822/contender-0
e03-09-name-823,https://made.example.invalid/names/e03-09-name-823/contender-23
FXCf,https://made.example.invalid/e03-09/7-614?utm_source=share&ref=qvn3ldry
e03-09-name-824,https://made.example.invalid/names/e03-09-name-824/contender-0
FXCg,https://made.example.invalid/e03-09/2-615?utm_source=share&ref=r7f6s7rg
e03-09-name-825,https://made.example.invalid/names/e03-09-name-825/contender-7
e03-09-name-826,https://made.example.invalid/names/e03-09-name-826/contender-1
FXCh,https://made.example.invalid/e03-09/6-616?utm_source=share&ref=t9tj8ltn
e03-09-name-827,https://made.example.invalid/names/e03-09-name-827/contender-5
e03-09-name-828,https://made.example.invalid/names/e03-09-name-828/contender-3
FXCi,https://made.example.invalid/e03-09/5-617?utm_source=share&ref=50h9f8zp
e03-09-name-829,https://made.example.invalid/names/e03-09-name-829/contender-12
FXCj,https://made.example.invalid/e03-09/1-618?utm_source=share&ref=faac2uiv
e03-09-name-830,https://made.example.invalid/names/e03-09-name-830/contender-2
e03-09-name-831,https://made.example.invalid/names/e03-09-name-831/contender-7
FXCk,https://made.example.invalid/e03-09/7-619?utm_source=share&ref=ygcw7ji7
e03-09-name-832,https://made.example.invalid/names/e03-09-name-832/contender-21
e03-09-name-833,https://made.example.invalid/names/e03-09-name-833/contender-0
FXCl,https://made.example.invalid/e03-09/2-620?utm_source=share&ref=bex424se
e03-09-name-834,https://made.example.invalid/names/e03-09-name-834/contender-5
FXCm,https://made.example.invalid/e03-09/6-621?utm_source=share&ref=erw3sjs3
e03-09-name-835,https://made.example.invalid/names/e03-09-name-835/contender-1
e03-09-name-836,https://made.example.invalid/names/e03-09-name-836/contender-1
FXCn,https://made.example.invalid/e03-09/5-622?utm_source=share&ref=4vfxg5fk
e03-09-name-837,https://made.example.invalid/names/e03-09-name-837/contender-3
e03-09-name-838,https://made.example.invalid/names/e03-09-name-838/contender-7
FXCo,https://made.example.invalid/e03-09/1-623?utm_source=share&ref=di3n1byx
e03-09-name-839,https://made.example.invalid/names/e03-09-name-839/contender-7
FXCp,https://made.example.invalid/e03-09/7-624?utm_source=share&ref=jrelv1g9
e03-09-name-840,https://made.example.invalid/names/e03-09-name-840/contender-21
e03-09-name-841,https://made.example.invalid/names/e03-09-name-841/contender-10
FXCq,https://made.example.invalid/e03-09/2-625?utm_source=share&ref=oriqua6q
e03-09-name-842,https://made.example.invalid/names/e03-09-name-842/contender-29
e03-09-name-843,https://made.example.invalid/names/e03-09-name-843/contender-2
FXCr,https://made.example.invalid/e03-09/6-626?utm_source=share&ref=6ktzzea1
e03-09-name-844,https://made.example.invalid/names/e03-09-name-844/contender-17
FXCs,https://made.example.invalid/e03-09/5-627?utm_source=share&ref=gtx27awx
e03-09-name-845,https://made.example.invalid/names/e03-09-name-845/contender-1
e03-09-name-846,https://made.example.invalid/names/e03-09-name-846/contender-26
FXCt,https://made.example.invalid/e03-09/1-628?utm_source=share&ref=cqj4ians
e03-09-name-847,https://made.example.invalid/names/e03-09-name-847/contender-12
e03-09-name-848,https://made.example.invalid/names/e03-09-name-848/contender-3
FXCu,https://made.example.invalid/e03-09/7-629?utm_source=share&ref=l99v3r95
e03-09-name-849,https://made.example.invalid/names/e03-09-name-849/contender-0
FXCv,https://made.example.invalid/e03-09/2-630?utm_source=share&ref=z9mjoe9o
e03-09-name-850,https://made.example.invalid/names/e03-09-name-850/contender-2
e03-09-name-851,https://made.example.invalid/names/e03-09-name-851/contender-0
FXCw,https://made.example.invalid/e03-09/6-631?utm_source=share&ref=asn3zvmt
e03-09-name-852,https://made.example.invalid/names/e03-09-name-852/contender-0
e03-09-name-853,https://made.example.invalid/names/e03-09-name-853/contender-7
FXCx,https://made.example.invalid/e03-09/5-632?utm_source=share&ref=ca3olgym
e03-09-name-854,https://made.example.invalid/names/e03-09-name-854/contender-0
FXCy,https://made.example.invalid/e03-09/1-633?utm_source=share&ref=akbfla29
e03-09-name-855,https://made.example.invalid/names/e03-09-name-855/contender-0
e03-09-name-856,https://made.example.invalid/names/e03-09-name-856/contender-8
FXCz,https://made.example.invalid/e03-09/7-634?utm_source=share&ref=rjeufw48
e03-09-name-857,https://made.example.invalid/names/e03-09-name-857/contender-2
e03-09-name-858,https://made.example.invalid/names/e03-09-name-858/contender-4
FXCA,https://made.example.invalid/e03-09/2-635?utm_source=share&ref=b4kkkdok
e03-09-name-859,https://made.example.invalid/names/e03-09-name-859/contender-3
FXCB,https://made.example.invalid/e03-09/6-636?utm_source=share&ref=339i3lcz
e03-09-name-860,https://made.example.invalid/names/e03-09-name-860/contender-17
e03-09-name-861,https://made.example.invalid/names/e03-09-name-861/contender-3
FXCC,https://made.example.invalid/e03-09/5-637?utm_source=share&ref=c65qiv3z
e03-09-name-862,https://made.example.invalid/names/e03-09-name-862/contender-1
e03-09-name-863,https://made.example.invalid/names/e03-09-name-863/contender-26
FXCD,https://made.example.invalid/e03-09/1-638?utm_source=share&ref=v6c5z0b7
e03-09-name-864,https://made.example.invalid/names/e03-09-name-864/contender-3
FXCE,https://made.example.invalid/e03-09/7-639?utm_source=share&ref=n67vrgnw
e03-09-name-865,https://made.example.invalid/names/e03-09-name-865/contender-0
e03-09-name-866,https://made.example.invalid/names/e03-09-name-866/contender-2
FXCF,https://made.example.invalid/e03-09/2-640?utm_source=share&ref=doknwnuf
e03-09-name-867,https://made.example.invalid/names/e03-09-name-867/contender-4
e03-09-name-868,https://made.example.invalid/names/e03-09-name-868/contender-22
FXCG,https://made.example.invalid/e03-09/6-641?utm_source=share&ref=lusrcoul
e03-09-name-869,https://made.example.invalid/names/e03-09-name-869/contender-1
FXCH,https://made.example.invalid/e03-09/5-642?utm_source=share&ref=b38d2kn9
e03-09-name-870,https://made.example.invalid/names/e03-09-name-870/contender-0
e03-09-name-871,https://made.example.invalid/names/e03-09-name-871/contender-1
FXCI,https://made.example.invalid/e03-09/1-643?utm_source=share&ref=aged7gfq
e03-09-name-872,https://made.example.invalid/names/e03-09-name-872/contender-3
e03-09-name-873,https://made.example.invalid/names/e03-09-name-873/contender-0
FXCJ,https://made.example.invalid/e03-09/7-644?utm_source=share&ref=wa5x3s0i
e03-09-name-874,https://made.example.invalid/names/e03-09-name-874/contender-1
FXCK,https://made.example.invalid/e03-09/2-645?utm_source=share&ref=pvn33yhi
e03-09-name-875,https://made.example.invalid/names/e03-09-name-875/contender-0
e03-09-name-876,https://made.example.invalid/names/e03-09-name-876/contender-7
FXCL,https://made.example.invalid/e03-09/6-646?utm_source=share&ref=pwke68p5
e03-09-name-877,https://made.example.invalid/names/e03-09-name-877/contender-10
e03-09-name-878,https://made.example.invalid/names/e03-09-name-878/contender-1
FXCM,https://made.example.invalid/e03-09/5-647?utm_source=share&ref=y8qq6yxp
e03-09-name-879,https://made.example.invalid/names/e03-09-name-879/contender-6
FXCN,https://made.example.invalid/e03-09/1-648?utm_source=share&ref=e6r6kfwr
e03-09-name-880,https://made.example.invalid/names/e03-09-name-880/contender-4
e03-09-name-881,https://made.example.invalid/names/e03-09-name-881/contender-2
FXCO,https://made.example.invalid/e03-09/7-649?utm_source=share&ref=0leqyt1i
e03-09-name-882,https://made.example.invalid/names/e03-09-name-882/contender-3
e03-09-name-883,https://made.example.invalid/names/e03-09-name-883/contender-2
FXCP,https://made.example.invalid/e03-09/2-650?utm_source=share&ref=ihw91vjx
e03-09-name-884,https://made.example.invalid/names/e03-09-name-884/contender-5
FXCQ,https://made.example.invalid/e03-09/6-651?utm_source=share&ref=ejo81gxh
e03-09-name-885,https://made.example.invalid/names/e03-09-name-885/contender-3
e03-09-name-886,https://made.example.invalid/names/e03-09-name-886/contender-6
FXCR,https://made.example.invalid/e03-09/5-652?utm_source=share&ref=49agneo7
e03-09-name-887,https://made.example.invalid/names/e03-09-name-887/contender-1
e03-09-name-888,https://made.example.invalid/names/e03-09-name-888/contender-1
FXCS,https://made.example.invalid/e03-09/1-653?utm_source=share&ref=49tlvb8x
e03-09-name-889,https://made.example.invalid/names/e03-09-name-889/contender-7
FXCT,https://made.example.invalid/e03-09/7-654?utm_source=share&ref=2s0mdxj9
e03-09-name-890,https://made.example.invalid/names/e03-09-name-890/contender-5
e03-09-name-891,https://made.example.invalid/names/e03-09-name-891/contender-0
FXCU,https://made.example.invalid/e03-09/2-655?utm_source=share&ref=gn78wnha
e03-09-name-892,https://made.example.invalid/names/e03-09-name-892/contender-7
e03-09-name-893,https://made.example.invalid/names/e03-09-name-893/contender-3
FXCV,https://made.example.invalid/e03-09/6-656?utm_source=share&ref=2wt61dpw
e03-09-name-894,https://made.example.invalid/names/e03-09-name-894/contender-0
FXCW,https://made.example.invalid/e03-09/5-657?utm_source=share&ref=r13f7chc
e03-09-name-895,https://made.example.invalid/names/e03-09-name-895/contender-5
e03-09-name-896,https://made.example.invalid/names/e03-09-name-896/contender-1
FXCX,https://made.example.invalid/e03-09/1-658?utm_source=share&ref=lwnuu7go
e03-09-name-897,https://made.example.invalid/names/e03-09-name-897/contender-2
e03-09-name-898,https://made.example.invalid/names/e03-09-name-898/contender-2
FXCY,https://made.example.invalid/e03-09/7-659?utm_source=share&ref=kthhffxc
e03-09-name-899,https://made.example.invalid/names/e03-09-name-899/contender-7
FXCZ,https://made.example.invalid/e03-09/2-660?utm_source=share&ref=grel0h90
e03-09-name-900,https://made.example.invalid/names/e03-09-name-900/contender-6
e03-09-name-901,https://made.example.invalid/names/e03-09-name-901/contender-7
FXD0,https://made.example.invalid/e03-09/6-661?utm_source=share&ref=dscqwi2m
e03-09-name-902,https://made.example.invalid/names/e03-09-name-902/contender-0
e03-09-name-903,https://made.example.invalid/names/e03-09-name-903/contender-17
FXD1,https://made.example.invalid/e03-09/5-662?utm_source=share&ref=m877hxt5
e03-09-name-904,https://made.example.invalid/names/e03-09-name-904/contender-0
FXD2,https://made.example.invalid/e03-09/1-663?utm_source=share&ref=ci09z99q
e03-09-name-905,https://made.example.invalid/names/e03-09-name-905/contender-14
e03-09-name-906,https://made.example.invalid/names/e03-09-name-906/contender-23
FXD3,https://made.example.invalid/e03-09/7-664?utm_source=share&ref=kgcssf7f
e03-09-name-907,https://made.example.invalid/names/e03-09-name-907/contender-2
e03-09-name-908,https://made.example.invalid/names/e03-09-name-908/contender-1
FXD4,https://made.example.invalid/e03-09/2-665?utm_source=share&ref=r9si6he4
e03-09-name-909,https://made.example.invalid/names/e03-09-name-909/contender-17
FXD5,https://made.example.invalid/e03-09/6-666?utm_source=share&ref=vwoet9hv
e03-09-name-910,https://made.example.invalid/names/e03-09-name-910/contender-1
e03-09-name-911,https://made.example.invalid/names/e03-09-name-911/contender-2
FXD6,https://made.example.invalid/e03-09/5-667?utm_source=share&ref=4xqxr5b4
e03-09-name-912,https://made.example.invalid/names/e03-09-name-912/contender-8
e03-09-name-913,https://made.example.invalid/names/e03-09-name-913/contender-0
FXD7,https://made.example.invalid/e03-09/1-668?utm_source=share&ref=8s7y86gz
e03-09-name-914,https://made.example.invalid/names/e03-09-name-914/contender-2
FXD8,https://made.example.invalid/e03-09/7-669?utm_source=share&ref=calududt
e03-09-name-915,https://made.example.invalid/names/e03-09-name-915/contender-1
e03-09-name-916,https://made.example.invalid/names/e03-09-name-916/contender-4
FXD9,https://made.example.invalid/e03-09/2-670?utm_source=share&ref=wy73byfa
e03-09-name-917,https://made.example.invalid/names/e03-09-name-917/contender-4
e03-09-name-918,https://made.example.invalid/names/e03-09-name-918/contender-23
FXDa,https://made.example.invalid/e03-09/6-671?utm_source=share&ref=hyqyf6b5
e03-09-name-919,https://made.example.invalid/names/e03-09-name-919/contender-0
FXDb,https://made.example.invalid/e03-09/5-672?utm_source=share&ref=4r5b9bpx
e03-09-name-920,https://made.example.invalid/names/e03-09-name-920/contender-3
e03-09-name-921,https://made.example.invalid/names/e03-09-name-921/contender-15
FXDc,https://made.example.invalid/e03-09/1-673?utm_source=share&ref=6jb4rmuq
e03-09-name-922,https://made.example.invalid/names/e03-09-name-922/contender-2
e03-09-name-923,https://made.example.invalid/names/e03-09-name-923/contender-11
FXDd,https://made.example.invalid/e03-09/7-674?utm_source=share&ref=fl4lvytz
e03-09-name-924,https://made.example.invalid/names/e03-09-name-924/contender-2
FXDe,https://made.example.invalid/e03-09/2-675?utm_source=share&ref=a6g4shyz
e03-09-name-925,https://made.example.invalid/names/e03-09-name-925/contender-14
e03-09-name-926,https://made.example.invalid/names/e03-09-name-926/contender-4
FXDf,https://made.example.invalid/e03-09/6-676?utm_source=share&ref=joibm73h
e03-09-name-927,https://made.example.invalid/names/e03-09-name-927/contender-15
e03-09-name-928,https://made.example.invalid/names/e03-09-name-928/contender-2
FXDg,https://made.example.invalid/e03-09/5-677?utm_source=share&ref=i6pyvveu
e03-09-name-929,https://made.example.invalid/names/e03-09-name-929/contender-1
FXDh,https://made.example.invalid/e03-09/1-678?utm_source=share&ref=7yj56dxh
e03-09-name-930,https://made.example.invalid/names/e03-09-name-930/contender-1
e03-09-name-931,https://made.example.invalid/names/e03-09-name-931/contender-1
FXDi,https://made.example.invalid/e03-09/7-679?utm_source=share&ref=rfbbim2q
e03-09-name-932,https://made.example.invalid/names/e03-09-name-932/contender-2
e03-09-name-933,https://made.example.invalid/names/e03-09-name-933/contender-4
FXDj,https://made.example.invalid/e03-09/2-680?utm_source=share&ref=b9dr16eg
e03-09-name-934,https://made.example.invalid/names/e03-09-name-934/contender-2
FXDk,https://made.example.invalid/e03-09/6-681?utm_source=share&ref=0iimebgi
e03-09-name-935,https://made.example.invalid/names/e03-09-name-935/contender-0
e03-09-name-936,https://made.example.invalid/names/e03-09-name-936/contender-3
FXDl,https://made.example.invalid/e03-09/5-682?utm_source=share&ref=le4poztt
e03-09-name-937,https://made.example.invalid/names/e03-09-name-937/contender-2
e03-09-name-938,https://made.example.invalid/names/e03-09-name-938/contender-0
FXDm,https://made.example.invalid/e03-09/1-683?utm_source=share&ref=slgi8kvl
e03-09-name-939,https://made.example.invalid/names/e03-09-name-939/contender-10
FXDn,https://made.example.invalid/e03-09/7-684?utm_source=share&ref=z9vcebi2
e03-09-name-940,https://made.example.invalid/names/e03-09-name-940/contender-3
e03-09-name-941,https://made.example.invalid/names/e03-09-name-941/contender-8
FXDo,https://made.example.invalid/e03-09/2-685?utm_source=share&ref=mifb3l0f
e03-09-name-942,https://made.example.invalid/names/e03-09-name-942/contender-8
e03-09-name-943,https://made.example.invalid/names/e03-09-name-943/contender-4
FXDp,https://made.example.invalid/e03-09/6-686?utm_source=share&ref=10laqjpw
e03-09-name-944,https://made.example.invalid/names/e03-09-name-944/contender-3
FXDq,https://made.example.invalid/e03-09/5-687?utm_source=share&ref=ubux59ni
e03-09-name-945,https://made.example.invalid/names/e03-09-name-945/contender-0
e03-09-name-946,https://made.example.invalid/names/e03-09-name-946/contender-2
FXDr,https://made.example.invalid/e03-09/1-688?utm_source=share&ref=68caimww
e03-09-name-947,https://made.example.invalid/names/e03-09-name-947/contender-2
e03-09-name-948,https://made.example.invalid/names/e03-09-name-948/contender-7
FXDs,https://made.example.invalid/e03-09/7-689?utm_source=share&ref=ari676wc
e03-09-name-949,https://made.example.invalid/names/e03-09-name-949/contender-9
FXDt,https://made.example.invalid/e03-09/2-690?utm_source=share&ref=m8qppjrj
e03-09-name-950,https://made.example.invalid/names/e03-09-name-950/contender-0
e03-09-name-951,https://made.example.invalid/names/e03-09-name-951/contender-45
FXDu,https://made.example.invalid/e03-09/6-691?utm_source=share&ref=bl9l9gwx
e03-09-name-952,https://made.example.invalid/names/e03-09-name-952/contender-13
e03-09-name-953,https://made.example.invalid/names/e03-09-name-953/contender-4
FXDv,https://made.example.invalid/e03-09/5-692?utm_source=share&ref=fpiow20m
e03-09-name-954,https://made.example.invalid/names/e03-09-name-954/contender-6
FXDw,https://made.example.invalid/e03-09/1-693?utm_source=share&ref=n30kavz1
e03-09-name-955,https://made.example.invalid/names/e03-09-name-955/contender-6
e03-09-name-956,https://made.example.invalid/names/e03-09-name-956/contender-2
FXDx,https://made.example.invalid/e03-09/7-694?utm_source=share&ref=05h20qh1
e03-09-name-957,https://made.example.invalid/names/e03-09-name-957/contender-8
e03-09-name-958,https://made.example.invalid/names/e03-09-name-958/contender-5
FXDy,https://made.example.invalid/e03-09/2-695?utm_source=share&ref=je1oc4a5
e03-09-name-959,https://made.example.invalid/names/e03-09-name-959/contender-1
FXDz,https://made.example.invalid/e03-09/6-696?utm_source=share&ref=ftw5adpm
e03-09-name-960,https://made.example.invalid/names/e03-09-name-960/contender-1
e03-09-name-961,https://made.example.invalid/names/e03-09-name-961/contender-3
FXDA,https://made.example.invalid/e03-09/5-697?utm_source=share&ref=jkpqnd6m
e03-09-name-962,https://made.example.invalid/names/e03-09-name-962/contender-11
e03-09-name-963,https://made.example.invalid/names/e03-09-name-963/contender-0
FXDB,https://made.example.invalid/e03-09/1-698?utm_source=share&ref=0alhesw3
e03-09-name-964,https://made.example.invalid/names/e03-09-name-964/contender-4
FXDC,https://made.example.invalid/e03-09/7-699?utm_source=share&ref=g8bk1evs
e03-09-name-965,https://made.example.invalid/names/e03-09-name-965/contender-8
e03-09-name-966,https://made.example.invalid/names/e03-09-name-966/contender-17
FXDD,https://made.example.invalid/e03-09/2-700?utm_source=share&ref=lfevr59x
e03-09-name-967,https://made.example.invalid/names/e03-09-name-967/contender-3
e03-09-name-968,https://made.example.invalid/names/e03-09-name-968/contender-6
FXDE,https://made.example.invalid/e03-09/6-701?utm_source=share&ref=4znhnmgk
e03-09-name-969,https://made.example.invalid/names/e03-09-name-969/contender-19
FXDF,https://made.example.invalid/e03-09/5-702?utm_source=share&ref=r9oz27bn
e03-09-name-970,https://made.example.invalid/names/e03-09-name-970/contender-17
e03-09-name-971,https://made.example.invalid/names/e03-09-name-971/contender-10
FXDG,https://made.example.invalid/e03-09/1-703?utm_source=share&ref=5wjzhi7e
e03-09-name-972,https://made.example.invalid/names/e03-09-name-972/contender-0
e03-09-name-973,https://made.example.invalid/names/e03-09-name-973/contender-22
FXDH,https://made.example.invalid/e03-09/7-704?utm_source=share&ref=5sl6wo4d
e03-09-name-974,https://made.example.invalid/names/e03-09-name-974/contender-8
FXDI,https://made.example.invalid/e03-09/2-705?utm_source=share&ref=id7ssx7k
e03-09-name-975,https://made.example.invalid/names/e03-09-name-975/contender-6
e03-09-name-976,https://made.example.invalid/names/e03-09-name-976/contender-0
FXDJ,https://made.example.invalid/e03-09/6-706?utm_source=share&ref=k1b8k2wh
e03-09-name-977,https://made.example.invalid/names/e03-09-name-977/contender-2
e03-09-name-978,https://made.example.invalid/names/e03-09-name-978/contender-11
FXDK,https://made.example.invalid/e03-09/5-707?utm_source=share&ref=i6a49r13
e03-09-name-979,https://made.example.invalid/names/e03-09-name-979/contender-0
FXDL,https://made.example.invalid/e03-09/1-708?utm_source=share&ref=iu4nd66d
e03-09-name-980,https://made.example.invalid/names/e03-09-name-980/contender-5
e03-09-name-981,https://made.example.invalid/names/e03-09-name-981/contender-11
FXDM,https://made.example.invalid/e03-09/7-709?utm_source=share&ref=2wca337h
e03-09-name-982,https://made.example.invalid/names/e03-09-name-982/contender-1
e03-09-name-983,https://made.example.invalid/names/e03-09-name-983/contender-1
FXDN,https://made.example.invalid/e03-09/2-710?utm_source=share&ref=xi1p266o
e03-09-name-984,https://made.example.invalid/names/e03-09-name-984/contender-0
FXDO,https://made.example.invalid/e03-09/6-711?utm_source=share&ref=gyz992mt
e03-09-name-985,https://made.example.invalid/names/e03-09-name-985/contender-47
e03-09-name-986,https://made.example.invalid/names/e03-09-name-986/contender-1
FXDP,https://made.example.invalid/e03-09/5-712?utm_source=share&ref=dplzik30
e03-09-name-987,https://made.example.invalid/names/e03-09-name-987/contender-2
e03-09-name-988,https://made.example.invalid/names/e03-09-name-988/contender-8
FXDQ,https://made.example.invalid/e03-09/1-713?utm_source=share&ref=7vhxsidr
e03-09-name-989,https://made.example.invalid/names/e03-09-name-989/contender-2
FXDR,https://made.example.invalid/e03-09/7-714?utm_source=share&ref=wdab28ex
e03-09-name-990,https://made.example.invalid/names/e03-09-name-990/contender-7
e03-09-name-991,https://made.example.invalid/names/e03-09-name-991/contender-5
FXDS,https://made.example.invalid/e03-09/2-715?utm_source=share&ref=mxvmofto
e03-09-name-992,https://made.example.invalid/names/e03-09-name-992/contender-2
e03-09-name-993,https://made.example.invalid/names/e03-09-name-993/contender-6
FXDT,https://made.example.invalid/e03-09/6-716?utm_source=share&ref=0poanw2h
e03-09-name-994,https://made.example.invalid/names/e03-09-name-994/contender-5
FXDU,https://made.example.invalid/e03-09/5-717?utm_source=share&ref=68wcl7xw
e03-09-name-995,https://made.example.invalid/names/e03-09-name-995/contender-7
e03-09-name-996,https://made.example.invalid/names/e03-09-name-996/contender-1
FXDV,https://made.example.invalid/e03-09/1-718?utm_source=share&ref=b3eky6qe
e03-09-name-997,https://made.example.invalid/names/e03-09-name-997/contender-0
e03-09-name-998,https://made.example.invalid/names/e03-09-name-998/contender-0
FXDW,https://made.example.invalid/e03-09/7-719?utm_source=share&ref=qxcd2qw9
e03-09-name-999,https://made.example.invalid/names/e03-09-name-999/contender-9
e03-09-name-1000,https://made.example.invalid/names/e03-09-name-1000/contender-0
F871,https://news.example.invalid/articles/2026/10/story-9802635?utm_source=share&utm_medium=link&ref=sfp-seed
yTXH,https://news.example.invalid/articles/2026/10/story-8318273?utm_source=share&utm_medium=link&ref=sfp-seed
yJz5,https://news.example.invalid/articles/2026/10/story-8278307?utm_source=share&utm_medium=link&ref=sfp-seed
jvWB,https://news.example.invalid/articles/2026/10/story-4651029?utm_source=share&utm_medium=link&ref=sfp-seed
mZ6o,https://news.example.invalid/articles/2026/10/story-5478096?utm_source=share&utm_medium=link&ref=sfp-seed
h7po,https://news.example.invalid/articles/2026/10/story-4080058?utm_source=share&utm_medium=link&ref=sfp-seed
oMuB,https://news.example.invalid/articles/2026/10/story-5906281?utm_source=share&utm_medium=link&ref=sfp-seed
wizy,https://news.example.invalid/articles/2026/10/story-7697892?utm_source=share&utm_medium=link&ref=sfp-seed
kfo6,https://news.example.invalid/articles/2026/10/story-4825714?utm_source=share&utm_medium=link&ref=sfp-seed
pFmX,https://news.example.invalid/articles/2026/10/story-6117227?utm_source=share&utm_medium=link&ref=sfp-seed
FQq3,https://news.example.invalid/articles/2026/10/story-9972951?utm_source=share&utm_medium=link&ref=sfp-seed
dUG3,https://news.example.invalid/articles/2026/10/story-3316135?utm_source=share&utm_medium=link&ref=sfp-seed
k4sM,https://news.example.invalid/articles/2026/10/story-4783720?utm_source=share&utm_medium=link&ref=sfp-seed
mAOR,https://news.example.invalid/articles/2026/10/story-5384753?utm_source=share&utm_medium=link&ref=sfp-seed
qyOz,https://news.example.invalid/articles/2026/10/story-6330359?utm_source=share&utm_medium=link&ref=sfp-seed
EKqO,https://news.example.invalid/articles/2026/10/story-9711606?utm_source=share&utm_medium=link&ref=sfp-seed
rLJ9,https://news.example.invalid/articles/2026/10/story-6618323?utm_source=share&utm_medium=link&ref=sfp-seed
7GdF,https://news.example.invalid/articles/2026/10/story-1830591?utm_source=share&utm_medium=link&ref=sfp-seed
QWM,https://news.example.invalid/articles/2026/10/story-203532?utm_source=share&utm_medium=link&ref=sfp-seed
FC24,https://news.example.invalid/articles/2026/10/story-9917648?utm_source=share&utm_medium=link&ref=sfp-seed
zrfO,https://news.example.invalid/articles/2026/10/story-8446248?utm_source=share&utm_medium=link&ref=sfp-seed
AmKR,https://news.example.invalid/articles/2026/10/story-8667281?utm_source=share&utm_medium=link&ref=sfp-seed
BmbI,https://news.example.invalid/articles/2026/10/story-8903430?utm_source=share&utm_medium=link&ref=sfp-seed
C8a8,https://news.example.invalid/articles/2026/10/story-9087844?utm_source=share&utm_medium=link&ref=sfp-seed
doqB,https://news.example.invalid/articles/2026/10/story-3192169?utm_source=share&utm_medium=link&ref=sfp-seed
AlF2,https://news.example.invalid/articles/2026/10/story-8663076?utm_source=share&utm_medium=link&ref=sfp-seed
kqjl,https://news.example.invalid/articles/2026/10/story-4867703?utm_source=share&utm_medium=link&ref=sfp-seed
zp5X,https://news.example.invalid/articles/2026/10/story-8437949?utm_source=share&utm_medium=link&ref=sfp-seed
75hP,https://news.example.invalid/articles/2026/10/story-1688621?utm_source=share&utm_medium=link&ref=sfp-seed
oNQG,https://news.example.invalid/articles/2026/10/story-5911494?utm_source=share&utm_medium=link&ref=sfp-seed
nf0J,https://news.example.invalid/articles/2026/10/story-5539249?utm_source=share&utm_medium=link&ref=sfp-seed
nDUm,https://news.example.invalid/articles/2026/10/story-5634954?utm_source=share&utm_medium=link&ref=sfp-seed
iMyy,https://news.example.invalid/articles/2026/10/story-4476558?utm_source=share&utm_medium=link&ref=sfp-seed
3sdn,https://news.example.invalid/articles/2026/10/story-823445?utm_source=share&utm_medium=link&ref=sfp-seed
Exi,https://news.example.invalid/articles/2026/10/story-155824?utm_source=share&utm_medium=link&ref=sfp-seed
sNmJ,https://news.example.invalid/articles/2026/10/story-6862949?utm_source=share&utm_medium=link&ref=sfp-seed
fcZR,https://news.example.invalid/articles/2026/10/story-3624883?utm_source=share&utm_medium=link&ref=sfp-seed
CHF9,https://news.example.invalid/articles/2026/10/story-9224307?utm_source=share&utm_medium=link&ref=sfp-seed
gN83,https://news.example.invalid/articles/2026/10/story-4002103?utm_source=share&utm_medium=link&ref=sfp-seed
AGcd,https://news.example.invalid/articles/2026/10/story-8742013?utm_source=share&utm_medium=link&ref=sfp-seed
FoOL,https://news.example.invalid/articles/2026/10/story-9866851?utm_source=share&utm_medium=link&ref=sfp-seed
122,https://news.example.invalid/articles/2026/10/story-3970?utm_source=share&utm_medium=link&ref=sfp-seed
FEly,https://news.example.invalid/articles/2026/10/story-9926544?utm_source=share&utm_medium=link&ref=sfp-seed
tPGS,https://news.example.invalid/articles/2026/10/story-7110214?utm_source=share&utm_medium=link&ref=sfp-seed
BjtY,https://news.example.invalid/articles/2026/10/story-8893030?utm_source=share&utm_medium=link&ref=sfp-seed
b2po,https://news.example.invalid/articles/2026/10/story-2630870?utm_source=share&utm_medium=link&ref=sfp-seed
ukZg,https://news.example.invalid/articles/2026/10/story-7230518?utm_source=share&utm_medium=link&ref=sfp-seed
sONH,https://news.example.invalid/articles/2026/10/story-6868465?utm_source=share&utm_medium=link&ref=sfp-seed
tYqX,https://news.example.invalid/articles/2026/10/story-7143823?utm_source=share&utm_medium=link&ref=sfp-seed
qKaj,https://news.example.invalid/articles/2026/10/story-6373991?utm_source=share&utm_medium=link&ref=sfp-seed
5khF,https://news.example.invalid/articles/2026/10/story-1269615?utm_source=share&utm_medium=link&ref=sfp-seed
hYZX,https://news.example.invalid/articles/2026/10/story-4286057?utm_source=share&utm_medium=link&ref=sfp-seed
sCY1,https://news.example.invalid/articles/2026/10/story-6822977?utm_source=share&utm_medium=link&ref=sfp-seed
65s0,https://news.example.invalid/articles/2026/10/story-1450924?utm_source=share&utm_medium=link&ref=sfp-seed
xxdW,https://news.example.invalid/articles/2026/10/story-7992540?utm_source=share&utm_medium=link&ref=sfp-seed
DsEj,https://news.example.invalid/articles/2026/10/story-9404923?utm_source=share&utm_medium=link&ref=sfp-seed
aws7,https://news.example.invalid/articles/2026/10/story-2508031?utm_source=share&utm_medium=link&ref=sfp-seed
avNm,https://news.example.invalid/articles/2026/10/story-2505504?utm_source=share&utm_medium=link&ref=sfp-seed
85HU,https://news.example.invalid/articles/2026/10/story-1928566?utm_source=share&utm_medium=link&ref=sfp-seed
fO3T,https://news.example.invalid/articles/2026/10/story-3767361?utm_source=share&utm_medium=link&ref=sfp-seed
nRWW,https://news.example.invalid/articles/2026/10/story-5688930?utm_source=share&utm_medium=link&ref=sfp-seed
x2m0,https://news.example.invalid/articles/2026/10/story-7873876?utm_source=share&utm_medium=link&ref=sfp-seed
cmL2,https://news.example.invalid/articles/2026/10/story-2947420?utm_source=share&utm_medium=link&ref=sfp-seed
E7Kf,https://news.example.invalid/articles/2026/10/story-9562895?utm_source=share&utm_medium=link&ref=sfp-seed
z4ZO,https://news.example.invalid/articles/2026/10/story-8360688?utm_source=share&utm_medium=link&ref=sfp-seed
gPA3,https://news.example.invalid/articles/2026/10/story-4011527?utm_source=share&utm_medium=link&ref=sfp-seed
CyK,https://news.example.invalid/articles/2026/10/story-148226?utm_source=share&utm_medium=link&ref=sfp-seed
EcwG,https://news.example.invalid/articles/2026/10/story-9581274?utm_source=share&utm_medium=link&ref=sfp-seed
8XP6,https://news.example.invalid/articles/2026/10/story-2136588?utm_source=share&utm_medium=link&ref=sfp-seed
6I1E,https://news.example.invalid/articles/2026/10/story-1599206?utm_source=share&utm_medium=link&ref=sfp-seed
wL3n,https://news.example.invalid/articles/2026/10/story-7807373?utm_source=share&utm_medium=link&ref=sfp-seed
uFb,https://news.example.invalid/articles/2026/10/story-117873?utm_source=share&utm_medium=link&ref=sfp-seed
qHgc,https://news.example.invalid/articles/2026/10/story-6362824?utm_source=share&utm_medium=link&ref=sfp-seed
r7BM,https://news.example.invalid/articles/2026/10/story-6464106?utm_source=share&utm_medium=link&ref=sfp-seed
u0ws,https://news.example.invalid/articles/2026/10/story-7151852?utm_source=share&utm_medium=link&ref=sfp-seed
jhMU,https://news.example.invalid/articles/2026/10/story-4596612?utm_source=share&utm_medium=link&ref=sfp-seed
vlck,https://news.example.invalid/articles/2026/10/story-7469656?utm_source=share&utm_medium=link&ref=sfp-seed
5xu0,https://news.example.invalid/articles/2026/10/story-1320352?utm_source=share&utm_medium=link&ref=sfp-seed
zYPI,https://news.example.invalid/articles/2026/10/story-8575326?utm_source=share&utm_medium=link&ref=sfp-seed
1D5L,https://news.example.invalid/articles/2026/10/story-388601?utm_source=share&utm_medium=link&ref=sfp-seed
f6LX,https://news.example.invalid/articles/2026/10/story-3600957?utm_source=share&utm_medium=link&ref=sfp-seed
ze7s,https://news.example.invalid/articles/2026/10/story-8395758?utm_source=share&utm_medium=link&ref=sfp-seed
1fq6,https://news.example.invalid/articles/2026/10/story-297606?utm_source=share&utm_medium=link&ref=sfp-seed
uHNh,https://news.example.invalid/articles/2026/10/story-7318187?utm_source=share&utm_medium=link&ref=sfp-seed
g0FU,https://news.example.invalid/articles/2026/10/story-3815846?utm_source=share&utm_medium=link&ref=sfp-seed
1dpX,https://news.example.invalid/articles/2026/10/story-289909?utm_source=share&utm_medium=link&ref=sfp-seed
c6nk,https://news.example.invalid/articles/2026/10/story-2884446?utm_source=share&utm_medium=link&ref=sfp-seed
iP0I,https://news.example.invalid/articles/2026/10/story-4485992?utm_source=share&utm_medium=link&ref=sfp-seed
2GhG,https://news.example.invalid/articles/2026/10/story-639200?utm_source=share&utm_medium=link&ref=sfp-seed
baUC,https://news.example.invalid/articles/2026/10/story-2663558?utm_source=share&utm_medium=link&ref=sfp-seed
4NEs,https://news.example.invalid/articles/2026/10/story-1144176?utm_source=share&utm_medium=link&ref=sfp-seed
iQcw,https://news.example.invalid/articles/2026/10/story-4490568?utm_source=share&utm_medium=link&ref=sfp-seed
bUwt,https://news.example.invalid/articles/2026/10/story-2838885?utm_source=share&utm_medium=link&ref=sfp-seed
clTO,https://news.example.invalid/articles/2026/10/story-2944120?utm_source=share&utm_medium=link&ref=sfp-seed
dfB5,https://news.example.invalid/articles/2026/10/story-3158223?utm_source=share&utm_medium=link&ref=sfp-seed
3AAu,https://news.example.invalid/articles/2026/10/story-855630?utm_source=share&utm_medium=link&ref=sfp-seed
81BV,https://news.example.invalid/articles/2026/10/story-1912819?utm_source=share&utm_medium=link&ref=sfp-seed
e7CE,https://news.example.invalid/articles/2026/10/story-3365896?utm_source=share&utm_medium=link&ref=sfp-seed
lHTH,https://news.example.invalid/articles/2026/10/story-5173633?utm_source=share&utm_medium=link&ref=sfp-seed
q4Eg,https://news.example.invalid/articles/2026/10/story-6214400?utm_source=share&utm_medium=link&ref=sfp-seed
iKS,https://news.example.invalid/articles/2026/10/story-72098?utm_source=share&utm_medium=link&ref=sfp-seed
c3Dx,https://news.example.invalid/articles/2026/10/story-2873919?utm_source=share&utm_medium=link&ref=sfp-seed
kLYs,https://news.example.invalid/articles/2026/10/story-4950976?utm_source=share&utm_medium=link&ref=sfp-seed
F0aL,https://news.example.invalid/articles/2026/10/story-9772115?utm_source=share&utm_medium=link&ref=sfp-seed
fvIL,https://news.example.invalid/articles/2026/10/story-3696859?utm_source=share&utm_medium=link&ref=sfp-seed
kwGN,https://news.example.invalid/articles/2026/10/story-4892221?utm_source=share&utm_medium=link&ref=sfp-seed
rh3R,https://news.example.invalid/articles/2026/10/story-6500443?utm_source=share&utm_medium=link&ref=sfp-seed
j8A5,https://news.example.invalid/articles/2026/10/story-4561221?utm_source=share&utm_medium=link&ref=sfp-seed
kTQR,https://news.example.invalid/articles/2026/10/story-4981257?utm_source=share&utm_medium=link&ref=sfp-seed
3siT,https://news.example.invalid/articles/2026/10/story-823787?utm_source=share&utm_medium=link&ref=sfp-seed
oP6v,https://news.example.invalid/articles/2026/10/story-5916319?utm_source=share&utm_medium=link&ref=sfp-seed
dyis,https://news.example.invalid/articles/2026/10/story-3230104?utm_source=share&utm_medium=link&ref=sfp-seed
p0VN,https://news.example.invalid/articles/2026/10/story-5961783?utm_source=share&utm_medium=link&ref=sfp-seed
459Y,https://news.example.invalid/articles/2026/10/story-973150?utm_source=share&utm_medium=link&ref=sfp-seed
mT5s,https://news.example.invalid/articles/2026/10/story-5454974?utm_source=share&utm_medium=link&ref=sfp-seed
hijn,https://news.example.invalid/articles/2026/10/story-4121969?utm_source=share&utm_medium=link&ref=sfp-seed
fCP3,https://news.example.invalid/articles/2026/10/story-3724157?utm_source=share&utm_medium=link&ref=sfp-seed
yOMn,https://news.example.invalid/articles/2026/10/story-8298351?utm_source=share&utm_medium=link&ref=sfp-seed
DxHd,https://news.example.invalid/articles/2026/10/story-9424323?utm_source=share&utm_medium=link&ref=sfp-seed
bgy6,https://news.example.invalid/articles/2026/10/story-2685226?utm_source=share&utm_medium=link&ref=sfp-seed
FPA4,https://news.example.invalid/articles/2026/10/story-9969728?utm_source=share&utm_medium=link&ref=sfp-seed
5Mz1,https://news.example.invalid/articles/2026/10/story-1378323?utm_source=share&utm_medium=link&ref=sfp-seed
gLY8,https://news.example.invalid/articles/2026/10/story-3997644?utm_source=share&utm_medium=link&ref=sfp-seed
7dGC,https://news.example.invalid/articles/2026/10/story-1720910?utm_source=share&utm_medium=link&ref=sfp-seed
8Ngz,https://news.example.invalid/articles/2026/10/story-2096007?utm_source=share&utm_medium=link&ref=sfp-seed
hn5,https://news.example.invalid/articles/2026/10/story-66779?utm_source=share&utm_medium=link&ref=sfp-seed
g0A0,https://news.example.invalid/articles/2026/10/story-3815480?utm_source=share&utm_medium=link&ref=sfp-seed
oMCz,https://news.example.invalid/articles/2026/10/story-5906775?utm_source=share&utm_medium=link&ref=sfp-seed
lO9O,https://news.example.invalid/articles/2026/10/story-5197696?utm_source=share&utm_medium=link&ref=sfp-seed
obH7,https://news.example.invalid/articles/2026/10/story-5764829?utm_source=share&utm_medium=link&ref=sfp-seed
yZcG,https://news.example.invalid/articles/2026/10/story-8338422?utm_source=share&utm_medium=link&ref=sfp-seed
fMbi,https://news.example.invalid/articles/2026/10/story-3760132?utm_source=share&utm_medium=link&ref=sfp-seed
mTMT,https://news.example.invalid/articles/2026/10/story-5457667?utm_source=share&utm_medium=link&ref=sfp-seed
mn0C,https://news.example.invalid/articles/2026/10/story-5331666?utm_source=share&utm_medium=link&ref=sfp-seed
t3aH,https://news.example.invalid/articles/2026/10/story-6923707?utm_source=share&utm_medium=link&ref=sfp-seed
FL1l,https://news.example.invalid/articles/2026/10/story-9952199?utm_source=share&utm_medium=link&ref=sfp-seed
7LsI,https://news.example.invalid/articles/2026/10/story-1850744?utm_source=share&utm_medium=link&ref=sfp-seed
DQD4,https://news.example.invalid/articles/2026/10/story-9497102?utm_source=share&utm_medium=link&ref=sfp-seed
vOFV,https://news.example.invalid/articles/2026/10/story-7582967?utm_source=share&utm_medium=link&ref=sfp-seed
pQcK,https://news.example.invalid/articles/2026/10/story-6158878?utm_source=share&utm_medium=link&ref=sfp-seed
oYJI,https://news.example.invalid/articles/2026/10/story-5953346?utm_source=share&utm_medium=link&ref=sfp-seed
EKy6,https://news.example.invalid/articles/2026/10/story-9712058?utm_source=share&utm_medium=link&ref=sfp-seed
CNWA,https://news.example.invalid/articles/2026/10/story-9248452?utm_source=share&utm_medium=link&ref=sfp-seed
gZbz,https://news.example.invalid/articles/2026/10/story-4048449?utm_source=share&utm_medium=link&ref=sfp-seed
hSOM,https://news.example.invalid/articles/2026/10/story-4262300?utm_source=share&utm_medium=link&ref=sfp-seed
grWz,https://news.example.invalid/articles/2026/10/story-3920667?utm_source=share&utm_medium=link&ref=sfp-seed
y8XL,https://news.example.invalid/articles/2026/10/story-8137609?utm_source=share&utm_medium=link&ref=sfp-seed
BkcJ,https://news.example.invalid/articles/2026/10/story-8895805?utm_source=share&utm_medium=link&ref=sfp-seed
5E6i,https://news.example.invalid/articles/2026/10/story-1345790?utm_source=share&utm_medium=link&ref=sfp-seed
6SNA,https://news.example.invalid/articles/2026/10/story-1640618?utm_source=share&utm_medium=link&ref=sfp-seed
ikE1,https://news.example.invalid/articles/2026/10/story-4369265?utm_source=share&utm_medium=link&ref=sfp-seed
ff3F,https://news.example.invalid/articles/2026/10/story-3632807?utm_source=share&utm_medium=link&ref=sfp-seed
p8SM,https://news.example.invalid/articles/2026/10/story-5992348?utm_source=share&utm_medium=link&ref=sfp-seed
dt8x,https://news.example.invalid/articles/2026/10/story-3210269?utm_source=share&utm_medium=link&ref=sfp-seed
1moJ,https://news.example.invalid/articles/2026/10/story-324429?utm_source=share&utm_medium=link&ref=sfp-seed
euFb,https://news.example.invalid/articles/2026/10/story-3454465?utm_source=share&utm_medium=link&ref=sfp-seed
1qfA,https://news.example.invalid/articles/2026/10/story-339238?utm_source=share&utm_medium=link&ref=sfp-seed
5RzO,https://news.example.invalid/articles/2026/10/story-1397592?utm_source=share&utm_medium=link&ref=sfp-seed
6zL9,https://news.example.invalid/articles/2026/10/story-1567431?utm_source=share&utm_medium=link&ref=sfp-seed
cfwf,https://news.example.invalid/articles/2026/10/story-2919595?utm_source=share&utm_medium=link&ref=sfp-seed
3LU5,https://news.example.invalid/articles/2026/10/story-899129?utm_source=share&utm_medium=link&ref=sfp-seed
5o5N,https://news.example.invalid/articles/2026/10/story-1284255?utm_source=share&utm_medium=link&ref=sfp-seed
wOei,https://news.example.invalid/articles/2026/10/story-7819582?utm_source=share&utm_medium=link&ref=sfp-seed
3awh,https://news.example.invalid/articles/2026/10/story-755425?utm_source=share&utm_medium=link&ref=sfp-seed
qmKi,https://news.example.invalid/articles/2026/10/story-6283966?utm_source=share&utm_medium=link&ref=sfp-seed
8zcb,https://news.example.invalid/articles/2026/10/story-2041919?utm_source=share&utm_medium=link&ref=sfp-seed
qrjS,https://news.example.invalid/articles/2026/10/story-6301548?utm_source=share&utm_medium=link&ref=sfp-seed
lMjL,https://news.example.invalid/articles/2026/10/story-5190625?utm_source=share&utm_medium=link&ref=sfp-seed
61cS,https://news.example.invalid/articles/2026/10/story-1434610?utm_source=share&utm_medium=link&ref=sfp-seed
fArZ,https://news.example.invalid/articles/2026/10/story-3715039?utm_source=share&utm_medium=link&ref=sfp-seed
grN7,https://news.example.invalid/articles/2026/10/story-3920081?utm_source=share&utm_medium=link&ref=sfp-seed
t3j9,https://news.example.invalid/articles/2026/10/story-6924231?utm_source=share&utm_medium=link&ref=sfp-seed
BTVE,https://news.example.invalid/articles/2026/10/story-9033130?utm_source=share&utm_medium=link&ref=sfp-seed
mCPR,https://news.example.invalid/articles/2026/10/story-5392503?utm_source=share&utm_medium=link&ref=sfp-seed
Dfjc,https://news.example.invalid/articles/2026/10/story-9353642?utm_source=share&utm_medium=link&ref=sfp-seed
sHNF,https://news.example.invalid/articles/2026/10/story-6841555?utm_source=share&utm_medium=link&ref=sfp-seed
gYHh,https://news.example.invalid/articles/2026/10/story-4046571?utm_source=share&utm_medium=link&ref=sfp-seed
ixFN,https://news.example.invalid/articles/2026/10/story-4419347?utm_source=share&utm_medium=link&ref=sfp-seed
hevo,https://news.example.invalid/articles/2026/10/story-4107338?utm_source=share&utm_medium=link&ref=sfp-seed
z24f,https://news.example.invalid/articles/2026/10/story-8349431?utm_source=share&utm_medium=link&ref=sfp-seed
A8y7,https://news.example.invalid/articles/2026/10/story-8612675?utm_source=share&utm_medium=link&ref=sfp-seed
yAVm,https://news.example.invalid/articles/2026/10/story-8245092?utm_source=share&utm_medium=link&ref=sfp-seed
45l0,https://news.example.invalid/articles/2026/10/story-973834?utm_source=share&utm_medium=link&ref=sfp-seed
7fsa,https://news.example.invalid/articles/2026/10/story-1727702?utm_source=share&utm_medium=link&ref=sfp-seed
C8US,https://news.example.invalid/articles/2026/10/story-9090742?utm_source=share&utm_medium=link&ref=sfp-seed
vJO3,https://news.example.invalid/articles/2026/10/story-7564251?utm_source=share&utm_medium=link&ref=sfp-seed
2rHL,https://news.example.invalid/articles/2026/10/story-583157?utm_source=share&utm_medium=link&ref=sfp-seed
t9zs,https://news.example.invalid/articles/2026/10/story-6948306?utm_source=share&utm_medium=link&ref=sfp-seed
tCk0,https://news.example.invalid/articles/2026/10/story-7058824?utm_source=share&utm_medium=link&ref=sfp-seed
zc06,https://news.example.invalid/articles/2026/10/story-8387614?utm_source=share&utm_medium=link&ref=sfp-seed
vZd5,https://news.example.invalid/articles/2026/10/story-7623463?utm_source=share&utm_medium=link&ref=sfp-seed
awQX,https://news.example.invalid/articles/2026/10/story-2509571?utm_source=share&utm_medium=link&ref=sfp-seed
iBNZ,https://news.example.invalid/articles/2026/10/story-4435231?utm_source=share&utm_medium=link&ref=sfp-seed
6EpV,https://news.example.invalid/articles/2026/10/story-1585335?utm_source=share&utm_medium=link&ref=sfp-seed
uAMm,https://news.example.invalid/articles/2026/10/story-7291222?utm_source=share&utm_medium=link&ref=sfp-seed
jLRK,https://news.example.invalid/articles/2026/10/story-4712232?utm_source=share&utm_medium=link&ref=sfp-seed
p5Uk,https://news.example.invalid/articles/2026/10/story-5980912?utm_source=share&utm_medium=link&ref=sfp-seed
ljRW,https://news.example.invalid/articles/2026/10/story-5081268?utm_source=share&utm_medium=link&ref=sfp-seed
te7v,https://news.example.invalid/articles/2026/10/story-6965793?utm_source=share&utm_medium=link&ref=sfp-seed
3esV,https://news.example.invalid/articles/2026/10/story-770593?utm_source=share&utm_medium=link&ref=sfp-seed
zG8v,https://news.example.invalid/articles/2026/10/story-8503455?utm_source=share&utm_medium=link&ref=sfp-seed
5nYo,https://news.example.invalid/articles/2026/10/story-1283796?utm_source=share&utm_medium=link&ref=sfp-seed
fgpZ,https://news.example.invalid/articles/2026/10/story-3638035?utm_source=share&utm_medium=link&ref=sfp-seed
6Tjx,https://news.example.invalid/articles/2026/10/story-1642599?utm_source=share&utm_medium=link&ref=sfp-seed
EfET,https://news.example.invalid/articles/2026/10/story-9593315?utm_source=share&utm_medium=link&ref=sfp-seed
ngzg,https://news.example.invalid/articles/2026/10/story-5545234?utm_source=share&utm_medium=link&ref=sfp-seed
Cv9f,https://news.example.invalid/articles/2026/10/story-9176201?utm_source=share&utm_medium=link&ref=sfp-seed
u2pU,https://news.example.invalid/articles/2026/10/story-7159134?utm_source=share&utm_medium=link&ref=sfp-seed
m2PT,https://news.example.invalid/articles/2026/10/story-5254121?utm_source=share&utm_medium=link&ref=sfp-seed
nRhK,https://news.example.invalid/articles/2026/10/story-5686376?utm_source=share&utm_medium=link&ref=sfp-seed
bGIF,https://news.example.invalid/articles/2026/10/story-2785825?utm_source=share&utm_medium=link&ref=sfp-seed
cpos,https://news.example.invalid/articles/2026/10/story-2957552?utm_source=share&utm_medium=link&ref=sfp-seed
ad9,https://news.example.invalid/articles/2026/10/story-39255?utm_source=share&utm_medium=link&ref=sfp-seed
5iv6,https://news.example.invalid/articles/2026/10/story-1262760?utm_source=share&utm_medium=link&ref=sfp-seed
thvN,https://news.example.invalid/articles/2026/10/story-6978831?utm_source=share&utm_medium=link&ref=sfp-seed
6UMr,https://news.example.invalid/articles/2026/10/story-1648235?utm_source=share&utm_medium=link&ref=sfp-seed
6MbC,https://news.example.invalid/articles/2026/10/story-1615200?utm_source=share&utm_medium=link&ref=sfp-seed
DVkS,https://news.example.invalid/articles/2026/10/story-9515194?utm_source=share&utm_medium=link&ref=sfp-seed
zUWg,https://news.example.invalid/articles/2026/10/story-8560356?utm_source=share&utm_medium=link&ref=sfp-seed
BPCW,https://news.example.invalid/articles/2026/10/story-9016594?utm_source=share&utm_medium=link&ref=sfp-seed
pkWh,https://news.example.invalid/articles/2026/10/story-6038693?utm_source=share&utm_medium=link&ref=sfp-seed
3rrm,https://news.example.invalid/articles/2026/10/story-820468?utm_source=share&utm_medium=link&ref=sfp-seed
rvZl,https://news.example.invalid/articles/2026/10/story-6557823?utm_source=share&utm_medium=link&ref=sfp-seed
rWNQ,https://news.example.invalid/articles/2026/10/story-6660898?utm_source=share&utm_medium=link&ref=sfp-seed
cRwz,https://news.example.invalid/articles/2026/10/story-3065687?utm_source=share&utm_medium=link&ref=sfp-seed
oZh7,https://news.example.invalid/articles/2026/10/story-5955417?utm_source=share&utm_medium=link&ref=sfp-seed
9y5B,https://news.example.invalid/articles/2026/10/story-2275995?utm_source=share&utm_medium=link&ref=sfp-seed
9cYx,https://news.example.invalid/articles/2026/10/story-2194833?utm_source=share&utm_medium=link&ref=sfp-seed
o8ex,https://news.example.invalid/articles/2026/10/story-5751525?utm_source=share&utm_medium=link&ref=sfp-seed
ttM,https://news.example.invalid/articles/2026/10/story-113322?utm_source=share&utm_medium=link&ref=sfp-seed
wBPQ,https://news.example.invalid/articles/2026/10/story-7771938?utm_source=share&utm_medium=link&ref=sfp-seed
i4GI,https://news.example.invalid/articles/2026/10/story-4307928?utm_source=share&utm_medium=link&ref=sfp-seed
4QqS,https://news.example.invalid/articles/2026/10/story-1154866?utm_source=share&utm_medium=link&ref=sfp-seed
iGkq,https://news.example.invalid/articles/2026/10/story-4452618?utm_source=share&utm_medium=link&ref=sfp-seed
3kC,https://news.example.invalid/articles/2026/10/story-12810?utm_source=share&utm_medium=link&ref=sfp-seed
29tx,https://news.example.invalid/articles/2026/10/story-513083?utm_source=share&utm_medium=link&ref=sfp-seed
70h6,https://news.example.invalid/articles/2026/10/story-1669356?utm_source=share&utm_medium=link&ref=sfp-seed
aMq3,https://news.example.invalid/articles/2026/10/story-2569407?utm_source=share&utm_medium=link&ref=sfp-seed
be8j,https://news.example.invalid/articles/2026/10/story-2675939?utm_source=share&utm_medium=link&ref=sfp-seed
wBWr,https://news.example.invalid/articles/2026/10/story-7772347?utm_source=share&utm_medium=link&ref=sfp-seed
qYsY,https://news.example.invalid/articles/2026/10/story-6428964?utm_source=share&utm_medium=link&ref=sfp-seed
kZeN,https://news.example.invalid/articles/2026/10/story-5001961?utm_source=share&utm_medium=link&ref=sfp-seed
7mLo,https://news.example.invalid/articles/2026/10/story-1755802?utm_source=share&utm_medium=link&ref=sfp-seed
7Mox,https://news.example.invalid/articles/2026/10/story-1854329?utm_source=share&utm_medium=link&ref=sfp-seed
ob3d,https://news.example.invalid/articles/2026/10/story-5762355?utm_source=share&utm_medium=link&ref=sfp-seed
7xUU,https://news.example.invalid/articles/2026/10/story-1798676?utm_source=share&utm_medium=link&ref=sfp-seed
i3EL,https://news.example.invalid/articles/2026/10/story-4303963?utm_source=share&utm_medium=link&ref=sfp-seed
eIk2,https://news.example.invalid/articles/2026/10/story-3506970?utm_source=share&utm_medium=link&ref=sfp-seed
bTTo,https://news.example.invalid/articles/2026/10/story-2836462?utm_source=share&utm_medium=link&ref=sfp-seed
F6dr,https://news.example.invalid/articles/2026/10/story-9795345?utm_source=share&utm_medium=link&ref=sfp-seed
iEiR,https://news.example.invalid/articles/2026/10/story-4444833?utm_source=share&utm_medium=link&ref=sfp-seed
67ef,https://news.example.invalid/articles/2026/10/story-1457759?utm_source=share&utm_medium=link&ref=sfp-seed
b0Z7,https://news.example.invalid/articles/2026/10/story-2625397?utm_source=share&utm_medium=link&ref=sfp-seed
uXpy,https://news.example.invalid/articles/2026/10/story-7378220?utm_source=share&utm_medium=link&ref=sfp-seed
x2GJ,https://news.example.invalid/articles/2026/10/story-7875161?utm_source=share&utm_medium=link&ref=sfp-seed
pofo,https://news.example.invalid/articles/2026/10/story-6051410?utm_source=share&utm_medium=link&ref=sfp-seed
ysbU,https://news.example.invalid/articles/2026/10/story-8211522?utm_source=share&utm_medium=link&ref=sfp-seed
ggWS,https://news.example.invalid/articles/2026/10/story-3878402?utm_source=share&utm_medium=link&ref=sfp-seed
CEak,https://news.example.invalid/articles/2026/10/story-9210864?utm_source=share&utm_medium=link&ref=sfp-seed
DU1P,https://news.example.invalid/articles/2026/10/story-9510169?utm_source=share&utm_medium=link&ref=sfp-seed
cPnt,https://news.example.invalid/articles/2026/10/story-3057435?utm_source=share&utm_medium=link&ref=sfp-seed
2WSJ,https://news.example.invalid/articles/2026/10/story-703001?utm_source=share&utm_medium=link&ref=sfp-seed
q6tx,https://news.example.invalid/articles/2026/10/story-6221423?utm_source=share&utm_medium=link&ref=sfp-seed
kHmV,https://news.example.invalid/articles/2026/10/story-4933273?utm_source=share&utm_medium=link&ref=sfp-seed
g5yr,https://news.example.invalid/articles/2026/10/story-3834603?utm_source=share&utm_medium=link&ref=sfp-seed
kBYB,https://news.example.invalid/articles/2026/10/story-4912545?utm_source=share&utm_medium=link&ref=sfp-seed
oXoa,https://news.example.invalid/articles/2026/10/story-5948166?utm_source=share&utm_medium=link&ref=sfp-seed
lla9,https://news.example.invalid/articles/2026/10/story-5086241?utm_source=share&utm_medium=link&ref=sfp-seed
Bfeh,https://news.example.invalid/articles/2026/10/story-8876681?utm_source=share&utm_medium=link&ref=sfp-seed
n0r8,https://news.example.invalid/articles/2026/10/story-5483226?utm_source=share&utm_medium=link&ref=sfp-seed
ve0n,https://news.example.invalid/articles/2026/10/story-7442007?utm_source=share&utm_medium=link&ref=sfp-seed
kK7M,https://news.example.invalid/articles/2026/10/story-4943866?utm_source=share&utm_medium=link&ref=sfp-seed
wjYO,https://news.example.invalid/articles/2026/10/story-7703302?utm_source=share&utm_medium=link&ref=sfp-seed
tkVo,https://news.example.invalid/articles/2026/10/story-6991950?utm_source=share&utm_medium=link&ref=sfp-seed
ovMS,https://news.example.invalid/articles/2026/10/story-5842066?utm_source=share&utm_medium=link&ref=sfp-seed
5nA3,https://news.example.invalid/articles/2026/10/story-1282287?utm_source=share&utm_medium=link&ref=sfp-seed
3Uw,https://news.example.invalid/articles/2026/10/story-15036?utm_source=share&utm_medium=link&ref=sfp-seed
v1BU,https://news.example.invalid/articles/2026/10/story-7394362?utm_source=share&utm_medium=link&ref=sfp-seed
jBeS,https://news.example.invalid/articles/2026/10/story-4671382?utm_source=share&utm_medium=link&ref=sfp-seed
EcW1,https://news.example.invalid/articles/2026/10/story-9582845?utm_source=share&utm_medium=link&ref=sfp-seed
3hPb,https://news.example.invalid/articles/2026/10/story-783505?utm_source=share&utm_medium=link&ref=sfp-seed
canf,https://news.example.invalid/articles/2026/10/story-2899817?utm_source=share&utm_medium=link&ref=sfp-seed
viHf,https://news.example.invalid/articles/2026/10/story-7460041?utm_source=share&utm_medium=link&ref=sfp-seed
318Y,https://news.example.invalid/articles/2026/10/story-719384?utm_source=share&utm_medium=link&ref=sfp-seed
lTxf,https://news.example.invalid/articles/2026/10/story-5218369?utm_source=share&utm_medium=link&ref=sfp-seed
mQj0,https://news.example.invalid/articles/2026/10/story-5444282?utm_source=share&utm_medium=link&ref=sfp-seed
ea7r,https://news.example.invalid/articles/2026/10/story-3375493?utm_source=share&utm_medium=link&ref=sfp-seed
DNnm,https://news.example.invalid/articles/2026/10/story-9484596?utm_source=share&utm_medium=link&ref=sfp-seed
AEXi,https://news.example.invalid/articles/2026/10/story-8737244?utm_source=share&utm_medium=link&ref=sfp-seed
ruvX,https://news.example.invalid/articles/2026/10/story-6552157?utm_source=share&utm_medium=link&ref=sfp-seed
5pq,https://news.example.invalid/articles/2026/10/story-20796?utm_source=share&utm_medium=link&ref=sfp-seed
wcXj,https://news.example.invalid/articles/2026/10/story-7676301?utm_source=share&utm_medium=link&ref=sfp-seed
94wX,https://news.example.invalid/articles/2026/10/story-2162371?utm_source=share&utm_medium=link&ref=sfp-seed
wmIn,https://news.example.invalid/articles/2026/10/story-7713815?utm_source=share&utm_medium=link&ref=sfp-seed
jej4,https://news.example.invalid/articles/2026/10/story-4583230?utm_source=share&utm_medium=link&ref=sfp-seed
E4x2,https://news.example.invalid/articles/2026/10/story-9550544?utm_source=share&utm_medium=link&ref=sfp-seed
FTwO,https://news.example.invalid/articles/2026/10/story-9984902?utm_source=share&utm_medium=link&ref=sfp-seed
iKoB,https://news.example.invalid/articles/2026/10/story-4468253?utm_source=share&utm_medium=link&ref=sfp-seed
5wHN,https://news.example.invalid/articles/2026/10/story-1317363?utm_source=share&utm_medium=link&ref=sfp-seed
qT44,https://news.example.invalid/articles/2026/10/story-6408200?utm_source=share&utm_medium=link&ref=sfp-seed
h536,https://news.example.invalid/articles/2026/10/story-4070988?utm_source=share&utm_medium=link&ref=sfp-seed
d7pK,https://news.example.invalid/articles/2026/10/story-3126768?utm_source=share&utm_medium=link&ref=sfp-seed
jNxL,https://news.example.invalid/articles/2026/10/story-4718681?utm_source=share&utm_medium=link&ref=sfp-seed
jO62,https://news.example.invalid/articles/2026/10/story-4720806?utm_source=share&utm_medium=link&ref=sfp-seed
ccDF,https://news.example.invalid/articles/2026/10/story-2908523?utm_source=share&utm_medium=link&ref=sfp-seed
FmlC,https://news.example.invalid/articles/2026/10/story-9857356?utm_source=share&utm_medium=link&ref=sfp-seed
4THd,https://news.example.invalid/articles/2026/10/story-1167411?utm_source=share&utm_medium=link&ref=sfp-seed
D1w1,https://news.example.invalid/articles/2026/10/story-9300621?utm_source=share&utm_medium=link&ref=sfp-seed
Zbp,https://news.example.invalid/articles/2026/10/story-235191?utm_source=share&utm_medium=link&ref=sfp-seed
qNvz,https://news.example.invalid/articles/2026/10/story-6386841?utm_source=share&utm_medium=link&ref=sfp-seed
kcrX,https://news.example.invalid/articles/2026/10/story-4814421?utm_source=share&utm_medium=link&ref=sfp-seed
8vTi,https://news.example.invalid/articles/2026/10/story-2029216?utm_source=share&utm_medium=link&ref=sfp-seed
rAxG,https://news.example.invalid/articles/2026/10/story-6575328?utm_source=share&utm_medium=link&ref=sfp-seed
3HJe,https://news.example.invalid/articles/2026/10/story-883080?utm_source=share&utm_medium=link&ref=sfp-seed
bmMz,https://news.example.invalid/articles/2026/10/story-2709187?utm_source=share&utm_medium=link&ref=sfp-seed
rlEM,https://news.example.invalid/articles/2026/10/story-6518108?utm_source=share&utm_medium=link&ref=sfp-seed
tX7r,https://news.example.invalid/articles/2026/10/story-7138769?utm_source=share&utm_medium=link&ref=sfp-seed
69BW,https://news.example.invalid/articles/2026/10/story-1466916?utm_source=share&utm_medium=link&ref=sfp-seed
lYDp,https://news.example.invalid/articles/2026/10/story-5237971?utm_source=share&utm_medium=link&ref=sfp-seed
EsV2,https://news.example.invalid/articles/2026/10/story-9644288?utm_source=share&utm_medium=link&ref=sfp-seed
osWF,https://news.example.invalid/articles/2026/10/story-5831141?utm_source=share&utm_medium=link&ref=sfp-seed
83ti,https://news.example.invalid/articles/2026/10/story-1919972?utm_source=share&utm_medium=link&ref=sfp-seed
dZ06,https://news.example.invalid/articles/2026/10/story-3332754?utm_source=share&utm_medium=link&ref=sfp-seed
cU4R,https://news.example.invalid/articles/2026/10/story-3075501?utm_source=share&utm_medium=link&ref=sfp-seed
BvNe,https://news.example.invalid/articles/2026/10/story-8940352?utm_source=share&utm_medium=link&ref=sfp-seed
Ca61,https://news.example.invalid/articles/2026/10/story-9095277?utm_source=share&utm_medium=link&ref=sfp-seed
apSh,https://news.example.invalid/articles/2026/10/story-2482745?utm_source=share&utm_medium=link&ref=sfp-seed
h0gy,https://news.example.invalid/articles/2026/10/story-4052602?utm_source=share&utm_medium=link&ref=sfp-seed
tZHB,https://news.example.invalid/articles/2026/10/story-7148699?utm_source=share&utm_medium=link&ref=sfp-seed
8Ivz,https://news.example.invalid/articles/2026/10/story-2077717?utm_source=share&utm_medium=link&ref=sfp-seed
qdZu,https://news.example.invalid/articles/2026/10/story-6250312?utm_source=share&utm_medium=link&ref=sfp-seed
csJD,https://news.example.invalid/articles/2026/10/story-2970397?utm_source=share&utm_medium=link&ref=sfp-seed
c9bM,https://news.example.invalid/articles/2026/10/story-2895262?utm_source=share&utm_medium=link&ref=sfp-seed
8e8,https://news.example.invalid/articles/2026/10/story-31628?utm_source=share&utm_medium=link&ref=sfp-seed
uf5D,https://news.example.invalid/articles/2026/10/story-7207849?utm_source=share&utm_medium=link&ref=sfp-seed
rsxm,https://news.example.invalid/articles/2026/10/story-6544556?utm_source=share&utm_medium=link&ref=sfp-seed
Bpeg,https://news.example.invalid/articles/2026/10/story-8915120?utm_source=share&utm_medium=link&ref=sfp-seed
q3b0,https://news.example.invalid/articles/2026/10/story-6208742?utm_source=share&utm_medium=link&ref=sfp-seed
qb7l,https://news.example.invalid/articles/2026/10/story-6239267?utm_source=share&utm_medium=link&ref=sfp-seed
AlSM,https://news.example.invalid/articles/2026/10/story-8663928?utm_source=share&utm_medium=link&ref=sfp-seed
3naO,https://news.example.invalid/articles/2026/10/story-804066?utm_source=share&utm_medium=link&ref=sfp-seed
CM35,https://news.example.invalid/articles/2026/10/story-9241167?utm_source=share&utm_medium=link&ref=sfp-seed
Aq9q,https://news.example.invalid/articles/2026/10/story-8680336?utm_source=share&utm_medium=link&ref=sfp-seed
aSyx,https://news.example.invalid/articles/2026/10/story-2592997?utm_source=share&utm_medium=link&ref=sfp-seed
FazH,https://news.example.invalid/articles/2026/10/story-9812101?utm_source=share&utm_medium=link&ref=sfp-seed
i39i,https://news.example.invalid/articles/2026/10/story-4302012?utm_source=share&utm_medium=link&ref=sfp-seed
8dEx,https://news.example.invalid/articles/2026/10/story-1959109?utm_source=share&utm_medium=link&ref=sfp-seed
fZnc,https://news.example.invalid/articles/2026/10/story-3810842?utm_source=share&utm_medium=link&ref=sfp-seed
raHq,https://news.example.invalid/articles/2026/10/story-6475988?utm_source=share&utm_medium=link&ref=sfp-seed
4LB2,https://news.example.invalid/articles/2026/10/story-1136276?utm_source=share&utm_medium=link&ref=sfp-seed
FSJq,https://news.example.invalid/articles/2026/10/story-9981840?utm_source=share&utm_medium=link&ref=sfp-seed
zHIr,https://news.example.invalid/articles/2026/10/story-8509527?utm_source=share&utm_medium=link&ref=sfp-seed
znCp,https://news.example.invalid/articles/2026/10/story-8432273?utm_source=share&utm_medium=link&ref=sfp-seed
x4ZK,https://news.example.invalid/articles/2026/10/story-7884028?utm_source=share&utm_medium=link&ref=sfp-seed
dl3K,https://news.example.invalid/articles/2026/10/story-3179220?utm_source=share&utm_medium=link&ref=sfp-seed
yweK,https://news.example.invalid/articles/2026/10/story-8227074?utm_source=share&utm_medium=link&ref=sfp-seed
jB7g,https://news.example.invalid/articles/2026/10/story-4670910?utm_source=share&utm_medium=link&ref=sfp-seed
6UhZ,https://news.example.invalid/articles/2026/10/story-1646347?utm_source=share&utm_medium=link&ref=sfp-seed
8Z6m,https://news.example.invalid/articles/2026/10/story-2141502?utm_source=share&utm_medium=link&ref=sfp-seed
sZag,https://news.example.invalid/articles/2026/10/story-6908304?utm_source=share&utm_medium=link&ref=sfp-seed
3OAg,https://news.example.invalid/articles/2026/10/story-909432?utm_source=share&utm_medium=link&ref=sfp-seed
AArI,https://news.example.invalid/articles/2026/10/story-8719910?utm_source=share&utm_medium=link&ref=sfp-seed
5x80,https://news.example.invalid/articles/2026/10/story-1318988?utm_source=share&utm_medium=link&ref=sfp-seed
2oGe,https://news.example.invalid/articles/2026/10/story-571530?utm_source=share&utm_medium=link&ref=sfp-seed
eUQB,https://news.example.invalid/articles/2026/10/story-3555117?utm_source=share&utm_medium=link&ref=sfp-seed
ys6d,https://news.example.invalid/articles/2026/10/story-8211169?utm_source=share&utm_medium=link&ref=sfp-seed
m35X,https://news.example.invalid/articles/2026/10/story-5255117?utm_source=share&utm_medium=link&ref=sfp-seed
vxT0,https://news.example.invalid/articles/2026/10/story-7518430?utm_source=share&utm_medium=link&ref=sfp-seed
syKO,https://news.example.invalid/articles/2026/10/story-6806782?utm_source=share&utm_medium=link&ref=sfp-seed
7FN0,https://news.example.invalid/articles/2026/10/story-1828938?utm_source=share&utm_medium=link&ref=sfp-seed
9s51,https://news.example.invalid/articles/2026/10/story-2252895?utm_source=share&utm_medium=link&ref=sfp-seed
BDkv,https://news.example.invalid/articles/2026/10/story-8969323?utm_source=share&utm_medium=link&ref=sfp-seed
9HeC,https://news.example.invalid/articles/2026/10/story-2311150?utm_source=share&utm_medium=link&ref=sfp-seed
aYRI,https://news.example.invalid/articles/2026/10/story-2617250?utm_source=share&utm_medium=link&ref=sfp-seed
FEUr,https://news.example.invalid/articles/2026/10/story-9928707?utm_source=share&utm_medium=link&ref=sfp-seed
sjud,https://news.example.invalid/articles/2026/10/story-6748093?utm_source=share&utm_medium=link&ref=sfp-seed
fJud,https://news.example.invalid/articles/2026/10/story-3749773?utm_source=share&utm_medium=link&ref=sfp-seed
crQp,https://news.example.invalid/articles/2026/10/story-2966973?utm_source=share&utm_medium=link&ref=sfp-seed
CX6P,https://news.example.invalid/articles/2026/10/story-9283683?utm_source=share&utm_medium=link&ref=sfp-seed
9wqF,https://news.example.invalid/articles/2026/10/story-2269613?utm_source=share&utm_medium=link&ref=sfp-seed
y5ov,https://news.example.invalid/articles/2026/10/story-8123891?utm_source=share&utm_medium=link&ref=sfp-seed
5lRG,https://news.example.invalid/articles/2026/10/story-1275692?utm_source=share&utm_medium=link&ref=sfp-seed
BanE,https://news.example.invalid/articles/2026/10/story-8858042?utm_source=share&utm_medium=link&ref=sfp-seed
fGsw,https://news.example.invalid/articles/2026/10/story-3738136?utm_source=share&utm_medium=link&ref=sfp-seed
oFOF,https://news.example.invalid/articles/2026/10/story-5880617?utm_source=share&utm_medium=link&ref=sfp-seed
Rex,https://news.example.invalid/articles/2026/10/story-204633?utm_source=share&utm_medium=link&ref=sfp-seed
ETRE,https://news.example.invalid/articles/2026/10/story-9747866?utm_source=share&utm_medium=link&ref=sfp-seed
urRD,https://news.example.invalid/articles/2026/10/story-7256953?utm_source=share&utm_medium=link&ref=sfp-seed
3xGt,https://news.example.invalid/articles/2026/10/story-844469?utm_source=share&utm_medium=link&ref=sfp-seed
e5rj,https://news.example.invalid/articles/2026/10/story-3357505?utm_source=share&utm_medium=link&ref=sfp-seed
xCuH,https://news.example.invalid/articles/2026/10/story-8012799?utm_source=share&utm_medium=link&ref=sfp-seed
uigs,https://news.example.invalid/articles/2026/10/story-7220052?utm_source=share&utm_medium=link&ref=sfp-seed
jF43,https://news.example.invalid/articles/2026/10/story-4686087?utm_source=share&utm_medium=link&ref=sfp-seed
dpZC,https://news.example.invalid/articles/2026/10/story-3198184?utm_source=share&utm_medium=link&ref=sfp-seed
j8gW,https://news.example.invalid/articles/2026/10/story-4560034?utm_source=share&utm_medium=link&ref=sfp-seed
7jX0,https://news.example.invalid/articles/2026/10/story-1744990?utm_source=share&utm_medium=link&ref=sfp-seed
k3vc,https://news.example.invalid/articles/2026/10/story-4780026?utm_source=share&utm_medium=link&ref=sfp-seed
bX16,https://news.example.invalid/articles/2026/10/story-2848472?utm_source=share&utm_medium=link&ref=sfp-seed
umzF,https://news.example.invalid/articles/2026/10/story-7236619?utm_source=share&utm_medium=link&ref=sfp-seed
D51c,https://news.example.invalid/articles/2026/10/story-9314086?utm_source=share&utm_medium=link&ref=sfp-seed
a40X,https://news.example.invalid/articles/2026/10/story-2398715?utm_source=share&utm_medium=link&ref=sfp-seed
ydYW,https://news.example.invalid/articles/2026/10/story-8156902?utm_source=share&utm_medium=link&ref=sfp-seed
aqFb,https://news.example.invalid/articles/2026/10/story-2485777?utm_source=share&utm_medium=link&ref=sfp-seed
tBU5,https://news.example.invalid/articles/2026/10/story-7057217?utm_source=share&utm_medium=link&ref=sfp-seed
A3GJ,https://news.example.invalid/articles/2026/10/story-8593989?utm_source=share&utm_medium=link&ref=sfp-seed
h5hL,https://news.example.invalid/articles/2026/10/story-4071897?utm_source=share&utm_medium=link&ref=sfp-seed
Ec9v,https://news.example.invalid/articles/2026/10/story-9579837?utm_source=share&utm_medium=link&ref=sfp-seed
E6sN,https://news.example.invalid/articles/2026/10/story-9557969?utm_source=share&utm_medium=link&ref=sfp-seed
Y3n,https://news.example.invalid/articles/2026/10/story-230849?utm_source=share&utm_medium=link&ref=sfp-seed
ntQt,https://news.example.invalid/articles/2026/10/story-5596273?utm_source=share&utm_medium=link&ref=sfp-seed
qWx5,https://news.example.invalid/articles/2026/10/story-6421531?utm_source=share&utm_medium=link&ref=sfp-seed
6pnw,https://news.example.invalid/articles/2026/10/story-1527526?utm_source=share&utm_medium=link&ref=sfp-seed
A32t,https://news.example.invalid/articles/2026/10/story-8591493?utm_source=share&utm_medium=link&ref=sfp-seed
rKjD,https://news.example.invalid/articles/2026/10/story-6612897?utm_source=share&utm_medium=link&ref=sfp-seed
pfCJ,https://news.example.invalid/articles/2026/10/story-6018261?utm_source=share&utm_medium=link&ref=sfp-seed
cre5,https://news.example.invalid/articles/2026/10/story-2964597?utm_source=share&utm_medium=link&ref=sfp-seed
3cW,https://news.example.invalid/articles/2026/10/story-12334?utm_source=share&utm_medium=link&ref=sfp-seed
1aW5,https://news.example.invalid/articles/2026/10/story-280369?utm_source=share&utm_medium=link&ref=sfp-seed
4IQk,https://news.example.invalid/articles/2026/10/story-1125692?utm_source=share&utm_medium=link&ref=sfp-seed
c8em,https://news.example.invalid/articles/2026/10/story-2891578?utm_source=share&utm_medium=link&ref=sfp-seed
eAec,https://news.example.invalid/articles/2026/10/story-3475856?utm_source=share&utm_medium=link&ref=sfp-seed
FLRq,https://news.example.invalid/articles/2026/10/story-9955428?utm_source=share&utm_medium=link&ref=sfp-seed
hCCR,https://news.example.invalid/articles/2026/10/story-4200057?utm_source=share&utm_medium=link&ref=sfp-seed
eK71,https://news.example.invalid/articles/2026/10/story-3513851?utm_source=share&utm_medium=link&ref=sfp-seed
xKGd,https://news.example.invalid/articles/2026/10/story-8044265?utm_source=share&utm_medium=link&ref=sfp-seed
dRAR,https://news.example.invalid/articles/2026/10/story-3304281?utm_source=share&utm_medium=link&ref=sfp-seed
hGF5,https://news.example.invalid/articles/2026/10/story-4215571?utm_source=share&utm_medium=link&ref=sfp-seed
882X,https://news.example.invalid/articles/2026/10/story-1937559?utm_source=share&utm_medium=link&ref=sfp-seed
8yzy,https://news.example.invalid/articles/2026/10/story-2039524?utm_source=share&utm_medium=link&ref=sfp-seed
3CtP,https://news.example.invalid/articles/2026/10/story-862905?utm_source=share&utm_medium=link&ref=sfp-seed
ajLW,https://news.example.invalid/articles/2026/10/story-2459288?utm_source=share&utm_medium=link&ref=sfp-seed
B7dB,https://news.example.invalid/articles/2026/10/story-8845887?utm_source=share&utm_medium=link&ref=sfp-seed
xNqy,https://news.example.invalid/articles/2026/10/story-8054826?utm_source=share&utm_medium=link&ref=sfp-seed
5E0J,https://news.example.invalid/articles/2026/10/story-1345445?utm_source=share&utm_medium=link&ref=sfp-seed
nuvi,https://news.example.invalid/articles/2026/10/story-5598804?utm_source=share&utm_medium=link&ref=sfp-seed
cmJk,https://news.example.invalid/articles/2026/10/story-2947314?utm_source=share&utm_medium=link&ref=sfp-seed
tGeu,https://news.example.invalid/articles/2026/10/story-7073858?utm_source=share&utm_medium=link&ref=sfp-seed
dz8W,https://news.example.invalid/articles/2026/10/story-3233358?utm_source=share&utm_medium=link&ref=sfp-seed
jevM,https://news.example.invalid/articles/2026/10/story-4584018?utm_source=share&utm_medium=link&ref=sfp-seed
9rpr,https://news.example.invalid/articles/2026/10/story-2250317?utm_source=share&utm_medium=link&ref=sfp-seed
lYIQ,https://news.example.invalid/articles/2026/10/story-5238308?utm_source=share&utm_medium=link&ref=sfp-seed
fvkk,https://news.example.invalid/articles/2026/10/story-3695344?utm_source=share&utm_medium=link&ref=sfp-seed
tdC1,https://news.example.invalid/articles/2026/10/story-6963841?utm_source=share&utm_medium=link&ref=sfp-seed
EWWD,https://news.example.invalid/articles/2026/10/story-9759707?utm_source=share&utm_medium=link&ref=sfp-seed
u9hd,https://news.example.invalid/articles/2026/10/story-7185503?utm_source=share&utm_medium=link&ref=sfp-seed
zRcl,https://news.example.invalid/articles/2026/10/story-8545977?utm_source=share&utm_medium=link&ref=sfp-seed
D1UU,https://news.example.invalid/articles/2026/10/story-9302164?utm_source=share&utm_medium=link&ref=sfp-seed
hyF,https://news.example.invalid/articles/2026/10/story-67497?utm_source=share&utm_medium=link&ref=sfp-seed
94yU,https://news.example.invalid/articles/2026/10/story-2162492?utm_source=share&utm_medium=link&ref=sfp-seed
Cf0z,https://news.example.invalid/articles/2026/10/story-9114159?utm_source=share&utm_medium=link&ref=sfp-seed
d8eW,https://news.example.invalid/articles/2026/10/story-3129942?utm_source=share&utm_medium=link&ref=sfp-seed
p2mx,https://news.example.invalid/articles/2026/10/story-5967285?utm_source=share&utm_medium=link&ref=sfp-seed
58HD,https://news.example.invalid/articles/2026/10/story-1225097?utm_source=share&utm_medium=link&ref=sfp-seed
lsZl,https://news.example.invalid/articles/2026/10/story-5116323?utm_source=share&utm_medium=link&ref=sfp-seed
FMb4,https://news.example.invalid/articles/2026/10/story-9956646?utm_source=share&utm_medium=link&ref=sfp-seed
yQb7,https://news.example.invalid/articles/2026/10/story-8303729?utm_source=share&utm_medium=link&ref=sfp-seed
8tJk,https://news.example.invalid/articles/2026/10/story-2020910?utm_source=share&utm_medium=link&ref=sfp-seed
BPBH,https://news.example.invalid/articles/2026/10/story-9016517?utm_source=share&utm_medium=link&ref=sfp-seed
8Tpi,https://news.example.invalid/articles/2026/10/story-2119612?utm_source=share&utm_medium=link&ref=sfp-seed
oFdi,https://news.example.invalid/articles/2026/10/story-5878300?utm_source=share&utm_medium=link&ref=sfp-seed
kvoO,https://news.example.invalid/articles/2026/10/story-4887262?utm_source=share&utm_medium=link&ref=sfp-seed
8a4l,https://news.example.invalid/articles/2026/10/story-1945333?utm_source=share&utm_medium=link&ref=sfp-seed
5Eck,https://news.example.invalid/articles/2026/10/story-1346164?utm_source=share&utm_medium=link&ref=sfp-seed
dl1W,https://news.example.invalid/articles/2026/10/story-3179108?utm_source=share&utm_medium=link&ref=sfp-seed
lsTm,https://news.example.invalid/articles/2026/10/story-5115952?utm_source=share&utm_medium=link&ref=sfp-seed
cD0d,https://news.example.invalid/articles/2026/10/story-3009865?utm_source=share&utm_medium=link&ref=sfp-seed
u8uh,https://news.example.invalid/articles/2026/10/story-7182469?utm_source=share&utm_medium=link&ref=sfp-seed
zz3t,https://news.example.invalid/articles/2026/10/story-8476235?utm_source=share&utm_medium=link&ref=sfp-seed
sNA5,https://news.example.invalid/articles/2026/10/story-6863777?utm_source=share&utm_medium=link&ref=sfp-seed
2vck,https://news.example.invalid/articles/2026/10/story-596584?utm_source=share&utm_medium=link&ref=sfp-seed
4C7K,https://news.example.invalid/articles/2026/10/story-1099864?utm_source=share&utm_medium=link&ref=sfp-seed
jj5J,https://news.example.invalid/articles/2026/10/story-4601623?utm_source=share&utm_medium=link&ref=sfp-seed
Cs47,https://news.example.invalid/articles/2026/10/story-9164351?utm_source=share&utm_medium=link&ref=sfp-seed
jbN1,https://news.example.invalid/articles/2026/10/story-4573555?utm_source=share&utm_medium=link&ref=sfp-seed
1lST,https://news.example.invalid/articles/2026/10/story-322455?utm_source=share&utm_medium=link&ref=sfp-seed
7WoH,https://news.example.invalid/articles/2026/10/story-1892779?utm_source=share&utm_medium=link&ref=sfp-seed
yVG2,https://news.example.invalid/articles/2026/10/story-8324866?utm_source=share&utm_medium=link&ref=sfp-seed
9hBv,https://news.example.invalid/articles/2026/10/story-2212625?utm_source=share&utm_medium=link&ref=sfp-seed
qA3e,https://news.example.invalid/articles/2026/10/story-6335112?utm_source=share&utm_medium=link&ref=sfp-seed
1vTN,https://news.example.invalid/articles/2026/10/story-360951?utm_source=share&utm_medium=link&ref=sfp-seed
5z8L,https://news.example.invalid/articles/2026/10/story-1326723?utm_source=share&utm_medium=link&ref=sfp-seed
9XwZ,https://news.example.invalid/articles/2026/10/story-2373793?utm_source=share&utm_medium=link&ref=sfp-seed
9Tsn,https://news.example.invalid/articles/2026/10/story-2358131?utm_source=share&utm_medium=link&ref=sfp-seed
6zdD,https://news.example.invalid/articles/2026/10/story-1565353?utm_source=share&utm_medium=link&ref=sfp-seed
3NJE,https://news.example.invalid/articles/2026/10/story-906170?utm_source=share&utm_medium=link&ref=sfp-seed
k1oL,https://news.example.invalid/articles/2026/10/story-4771939?utm_source=share&utm_medium=link&ref=sfp-seed
5yOz,https://news.example.invalid/articles/2026/10/story-1325471?utm_source=share&utm_medium=link&ref=sfp-seed
BpJU,https://news.example.invalid/articles/2026/10/story-8917082?utm_source=share&utm_medium=link&ref=sfp-seed
mkqz,https://news.example.invalid/articles/2026/10/story-5321743?utm_source=share&utm_medium=link&ref=sfp-seed
dAlO,https://news.example.invalid/articles/2026/10/story-3238000?utm_source=share&utm_medium=link&ref=sfp-seed
79hK,https://news.example.invalid/articles/2026/10/story-1703992?utm_source=share&utm_medium=link&ref=sfp-seed
khGA,https://news.example.invalid/articles/2026/10/story-4834548?utm_source=share&utm_medium=link&ref=sfp-seed
FRky,https://news.example.invalid/articles/2026/10/story-9976454?utm_source=share&utm_medium=link&ref=sfp-seed
wwru,https://news.example.invalid/articles/2026/10/story-7751208?utm_source=share&utm_medium=link&ref=sfp-seed
Co4l,https://news.example.invalid/articles/2026/10/story-9148989?utm_source=share&utm_medium=link&ref=sfp-seed
dW6k,https://news.example.invalid/articles/2026/10/story-3321608?utm_source=share&utm_medium=link&ref=sfp-seed
bpEH,https://news.example.invalid/articles/2026/10/story-2720231?utm_source=share&utm_medium=link&ref=sfp-seed
jiye,https://news.example.invalid/articles/2026/10/story-4599546?utm_source=share&utm_medium=link&ref=sfp-seed
9epv,https://news.example.invalid/articles/2026/10/story-2200349?utm_source=share&utm_medium=link&ref=sfp-seed
hBmU,https://news.example.invalid/articles/2026/10/story-4195224?utm_source=share&utm_medium=link&ref=sfp-seed
BIqe,https://news.example.invalid/articles/2026/10/story-8988898?utm_source=share&utm_medium=link&ref=sfp-seed
fhLU,https://news.example.invalid/articles/2026/10/story-3643238?utm_source=share&utm_medium=link&ref=sfp-seed
jvgH,https://news.example.invalid/articles/2026/10/story-4648431?utm_source=share&utm_medium=link&ref=sfp-seed
DACh,https://news.example.invalid/articles/2026/10/story-9435549?utm_source=share&utm_medium=link&ref=sfp-seed
qXdz,https://news.example.invalid/articles/2026/10/story-6424165?utm_source=share&utm_medium=link&ref=sfp-seed
gtjA,https://news.example.invalid/articles/2026/10/story-3925938?utm_source=share&utm_medium=link&ref=sfp-seed
6Z9P,https://news.example.invalid/articles/2026/10/story-1665061?utm_source=share&utm_medium=link&ref=sfp-seed
vw8K,https://news.example.invalid/articles/2026/10/story-7511718?utm_source=share&utm_medium=link&ref=sfp-seed
bOOW,https://news.example.invalid/articles/2026/10/story-2816966?utm_source=share&utm_medium=link&ref=sfp-seed
cmYt,https://news.example.invalid/articles/2026/10/story-2948253?utm_source=share&utm_medium=link&ref=sfp-seed
FJfR,https://news.example.invalid/articles/2026/10/story-9945411?utm_source=share&utm_medium=link&ref=sfp-seed
DrCh,https://news.example.invalid/articles/2026/10/story-9400953?utm_source=share&utm_medium=link&ref=sfp-seed
9qU,https://news.example.invalid/articles/2026/10/story-36264?utm_source=share&utm_medium=link&ref=sfp-seed
ooU,https://news.example.invalid/articles/2026/10/story-93800?utm_source=share&utm_medium=link&ref=sfp-seed
pYgd,https://news.example.invalid/articles/2026/10/story-6189845?utm_source=share&utm_medium=link&ref=sfp-seed
y6SP,https://news.example.invalid/articles/2026/10/story-8129615?utm_source=share&utm_medium=link&ref=sfp-seed
qsLS,https://news.example.invalid/articles/2026/10/story-6307128?utm_source=share&utm_medium=link&ref=sfp-seed
Fb6x,https://news.example.invalid/articles/2026/10/story-9814137?utm_source=share&utm_medium=link&ref=sfp-seed
mGRN,https://news.example.invalid/articles/2026/10/story-5407999?utm_source=share&utm_medium=link&ref=sfp-seed
lI6V,https://news.example.invalid/articles/2026/10/story-5174453?utm_source=share&utm_medium=link&ref=sfp-seed
FgL4,https://news.example.invalid/articles/2026/10/story-9835870?utm_source=share&utm_medium=link&ref=sfp-seed
CJ1S,https://news.example.invalid/articles/2026/10/story-9229560?utm_source=share&utm_medium=link&ref=sfp-seed
oVMv,https://news.example.invalid/articles/2026/10/story-5941987?utm_source=share&utm_medium=link&ref=sfp-seed
1Ml6,https://news.example.invalid/articles/2026/10/story-424148?utm_source=share&utm_medium=link&ref=sfp-seed
zmi9,https://news.example.invalid/articles/2026/10/story-8427173?utm_source=share&utm_medium=link&ref=sfp-seed
Eaaa,https://news.example.invalid/articles/2026/10/story-9572190?utm_source=share&utm_medium=link&ref=sfp-seed
l7EG,https://news.example.invalid/articles/2026/10/story-5034318?utm_source=share&utm_medium=link&ref=sfp-seed
n7A3,https://news.example.invalid/articles/2026/10/story-5510687?utm_source=share&utm_medium=link&ref=sfp-seed
ASPl,https://news.example.invalid/articles/2026/10/story-8790567?utm_source=share&utm_medium=link&ref=sfp-seed
rq4f,https://news.example.invalid/articles/2026/10/story-6535063?utm_source=share&utm_medium=link&ref=sfp-seed
nAOo,https://news.example.invalid/articles/2026/10/story-5623052?utm_source=share&utm_medium=link&ref=sfp-seed
8C19,https://news.example.invalid/articles/2026/10/story-2052767?utm_source=share&utm_medium=link&ref=sfp-seed
FjlP,https://news.example.invalid/articles/2026/10/story-9845837?utm_source=share&utm_medium=link&ref=sfp-seed
8oGh,https://news.example.invalid/articles/2026/10/story-2001501?utm_source=share&utm_medium=link&ref=sfp-seed
tDcr,https://news.example.invalid/articles/2026/10/story-7062199?utm_source=share&utm_medium=link&ref=sfp-seed
q73I,https://news.example.invalid/articles/2026/10/story-6223666?utm_source=share&utm_medium=link&ref=sfp-seed
ziuJ,https://news.example.invalid/articles/2026/10/story-8412577?utm_source=share&utm_medium=link&ref=sfp-seed
ihgj,https://news.example.invalid/articles/2026/10/story-4356263?utm_source=share&utm_medium=link&ref=sfp-seed
qbxq,https://news.example.invalid/articles/2026/10/story-6240884?utm_source=share&utm_medium=link&ref=sfp-seed
5vbY,https://news.example.invalid/articles/2026/10/story-1311546?utm_source=share&utm_medium=link&ref=sfp-seed
kzTf,https://news.example.invalid/articles/2026/10/story-4904525?utm_source=share&utm_medium=link&ref=sfp-seed
8HOT,https://news.example.invalid/articles/2026/10/story-2075071?utm_source=share&utm_medium=link&ref=sfp-seed
Ds2w,https://news.example.invalid/articles/2026/10/story-9402580?utm_source=share&utm_medium=link&ref=sfp-seed
rwF9,https://news.example.invalid/articles/2026/10/story-6560415?utm_source=share&utm_medium=link&ref=sfp-seed
alxh,https://news.example.invalid/articles/2026/10/story-2466067?utm_source=share&utm_medium=link&ref=sfp-seed
o3VO,https://news.example.invalid/articles/2026/10/story-5734988?utm_source=share&utm_medium=link&ref=sfp-seed
F3BI,https://news.example.invalid/articles/2026/10/story-9785318?utm_source=share&utm_medium=link&ref=sfp-seed
6ZkS,https://news.example.invalid/articles/2026/10/story-1665746?utm_source=share&utm_medium=link&ref=sfp-seed
BLDf,https://news.example.invalid/articles/2026/10/story-9001237?utm_source=share&utm_medium=link&ref=sfp-seed
39pi,https://news.example.invalid/articles/2026/10/story-751148?utm_source=share&utm_medium=link&ref=sfp-seed
6Nf2,https://news.example.invalid/articles/2026/10/story-1619256?utm_source=share&utm_medium=link&ref=sfp-seed
eDdr,https://news.example.invalid/articles/2026/10/story-3487341?utm_source=share&utm_medium=link&ref=sfp-seed
6nU6,https://news.example.invalid/articles/2026/10/story-1521858?utm_source=share&utm_medium=link&ref=sfp-seed
mcwe,https://news.example.invalid/articles/2026/10/story-5291342?utm_source=share&utm_medium=link&ref=sfp-seed
eSin,https://news.example.invalid/articles/2026/10/story-3545307?utm_source=share&utm_medium=link&ref=sfp-seed
s7Vv,https://news.example.invalid/articles/2026/10/story-6703657?utm_source=share&utm_medium=link&ref=sfp-seed
vfQH,https://news.example.invalid/articles/2026/10/story-7449095?utm_source=share&utm_medium=link&ref=sfp-seed
uqfT,https://news.example.invalid/articles/2026/10/story-7250769?utm_source=share&utm_medium=link&ref=sfp-seed
o92b,https://news.example.invalid/articles/2026/10/story-5754603?utm_source=share&utm_medium=link&ref=sfp-seed
dPJt,https://news.example.invalid/articles/2026/10/story-3297127?utm_source=share&utm_medium=link&ref=sfp-seed
COEa,https://news.example.invalid/articles/2026/10/story-9251154?utm_source=share&utm_medium=link&ref=sfp-seed
26kn,https://news.example.invalid/articles/2026/10/story-500983?utm_source=share&utm_medium=link&ref=sfp-seed
mi6b,https://news.example.invalid/articles/2026/10/story-5312791?utm_source=share&utm_medium=link&ref=sfp-seed
bJE2,https://news.example.invalid/articles/2026/10/story-2797070?utm_source=share&utm_medium=link&ref=sfp-seed
BAyc,https://news.example.invalid/articles/2026/10/story-8958640?utm_source=share&utm_medium=link&ref=sfp-seed
aWOh,https://news.example.invalid/articles/2026/10/story-2609349?utm_source=share&utm_medium=link&ref=sfp-seed
rWQe,https://news.example.invalid/articles/2026/10/story-6661046?utm_source=share&utm_medium=link&ref=sfp-seed
cAws,https://news.example.invalid/articles/2026/10/story-3000332?utm_source=share&utm_medium=link&ref=sfp-seed
nWrT,https://news.example.invalid/articles/2026/10/story-5706225?utm_source=share&utm_medium=link&ref=sfp-seed
riqD,https://news.example.invalid/articles/2026/10/story-6505699?utm_source=share&utm_medium=link&ref=sfp-seed
gQdZ,https://news.example.invalid/articles/2026/10/story-4014003?utm_source=share&utm_medium=link&ref=sfp-seed
3zG8,https://news.example.invalid/articles/2026/10/story-852136?utm_source=share&utm_medium=link&ref=sfp-seed
31s0,https://news.example.invalid/articles/2026/10/story-720564?utm_source=share&utm_medium=link&ref=sfp-seed
ovZb,https://news.example.invalid/articles/2026/10/story-5842829?utm_source=share&utm_medium=link&ref=sfp-seed
AJ2b,https://news.example.invalid/articles/2026/10/story-8752923?utm_source=share&utm_medium=link&ref=sfp-seed
f0no,https://news.example.invalid/articles/2026/10/story-3576370?utm_source=share&utm_medium=link&ref=sfp-seed
e99a,https://news.example.invalid/articles/2026/10/story-3371756?utm_source=share&utm_medium=link&ref=sfp-seed
qGcZ,https://news.example.invalid/articles/2026/10/story-6358781?utm_source=share&utm_medium=link&ref=sfp-seed
CCpP,https://news.example.invalid/articles/2026/10/story-9204137?utm_source=share&utm_medium=link&ref=sfp-seed
ueDB,https://news.example.invalid/articles/2026/10/story-7206111?utm_source=share&utm_medium=link&ref=sfp-seed
9BKl,https://news.example.invalid/articles/2026/10/story-2290053?utm_source=share&utm_medium=link&ref=sfp-seed
w7vR,https://news.example.invalid/articles/2026/10/story-7655379?utm_source=share&utm_medium=link&ref=sfp-seed
o4mK,https://news.example.invalid/articles/2026/10/story-5736658?utm_source=share&utm_medium=link&ref=sfp-seed
cKsN,https://news.example.invalid/articles/2026/10/story-3038545?utm_source=share&utm_medium=link&ref=sfp-seed
5eqQ,https://news.example.invalid/articles/2026/10/story-1247120?utm_source=share&utm_medium=link&ref=sfp-seed
dZQY,https://news.example.invalid/articles/2026/10/story-3336032?utm_source=share&utm_medium=link&ref=sfp-seed
rIYU,https://news.example.invalid/articles/2026/10/story-6607768?utm_source=share&utm_medium=link&ref=sfp-seed
yFmS,https://news.example.invalid/articles/2026/10/story-8262174?utm_source=share&utm_medium=link&ref=sfp-seed
vXAl,https://news.example.invalid/articles/2026/10/story-7617217?utm_source=share&utm_medium=link&ref=sfp-seed
20hr,https://news.example.invalid/articles/2026/10/story-477737?utm_source=share&utm_medium=link&ref=sfp-seed
5dlP,https://news.example.invalid/articles/2026/10/story-1242965?utm_source=share&utm_medium=link&ref=sfp-seed
cWog,https://news.example.invalid/articles/2026/10/story-3084392?utm_source=share&utm_medium=link&ref=sfp-seed
D6Ap,https://news.example.invalid/articles/2026/10/story-9320113?utm_source=share&utm_medium=link&ref=sfp-seed
x0ra,https://news.example.invalid/articles/2026/10/story-7866508?utm_source=share&utm_medium=link&ref=sfp-seed
p4VN,https://news.example.invalid/articles/2026/10/story-5977159?utm_source=share&utm_medium=link&ref=sfp-seed
DgZl,https://news.example.invalid/articles/2026/10/story-9360099?utm_source=share&utm_medium=link&ref=sfp-seed
tqJp,https://news.example.invalid/articles/2026/10/story-7014271?utm_source=share&utm_medium=link&ref=sfp-seed
k4J8,https://news.example.invalid/articles/2026/10/story-4784734?utm_source=share&utm_medium=link&ref=sfp-seed
5b4C,https://news.example.invalid/articles/2026/10/story-1234210?utm_source=share&utm_medium=link&ref=sfp-seed
jGds,https://news.example.invalid/articles/2026/10/story-4690514?utm_source=share&utm_medium=link&ref=sfp-seed
yvd,https://news.example.invalid/articles/2026/10/story-132631?utm_source=share&utm_medium=link&ref=sfp-seed
jxRg,https://news.example.invalid/articles/2026/10/story-4658386?utm_source=share&utm_medium=link&ref=sfp-seed
59He,https://news.example.invalid/articles/2026/10/story-1228916?utm_source=share&utm_medium=link&ref=sfp-seed
DbO5,https://news.example.invalid/articles/2026/10/story-9340181?utm_source=share&utm_medium=link&ref=sfp-seed
lbWn,https://news.example.invalid/articles/2026/10/story-5050791?utm_source=share&utm_medium=link&ref=sfp-seed
fjid,https://news.example.invalid/articles/2026/10/story-3649085?utm_source=share&utm_medium=link&ref=sfp-seed
22xD,https://news.example.invalid/articles/2026/10/story-486429?utm_source=share&utm_medium=link&ref=sfp-seed
tulj,https://news.example.invalid/articles/2026/10/story-7028153?utm_source=share&utm_medium=link&ref=sfp-seed
5IhZ,https://news.example.invalid/articles/2026/10/story-1361891?utm_source=share&utm_medium=link&ref=sfp-seed
v0au,https://news.example.invalid/articles/2026/10/story-7388818?utm_source=share&utm_medium=link&ref=sfp-seed
aaob,https://news.example.invalid/articles/2026/10/story-2423219?utm_source=share&utm_medium=link&ref=sfp-seed
l8mO,https://news.example.invalid/articles/2026/10/story-5037054?utm_source=share&utm_medium=link&ref=sfp-seed
aK8m,https://news.example.invalid/articles/2026/10/story-2560622?utm_source=share&utm_medium=link&ref=sfp-seed
pLus,https://news.example.invalid/articles/2026/10/story-6140756?utm_source=share&utm_medium=link&ref=sfp-seed
46RJ,https://news.example.invalid/articles/2026/10/story-979707?utm_source=share&utm_medium=link&ref=sfp-seed
vdds,https://news.example.invalid/articles/2026/10/story-7438974?utm_source=share&utm_medium=link&ref=sfp-seed
vQte,https://news.example.invalid/articles/2026/10/story-7589868?utm_source=share&utm_medium=link&ref=sfp-seed
lDEa,https://news.example.invalid/articles/2026/10/story-5157294?utm_source=share&utm_medium=link&ref=sfp-seed
6muS,https://news.example.invalid/articles/2026/10/story-1516450?utm_source=share&utm_medium=link&ref=sfp-seed
fhxD,https://news.example.invalid/articles/2026/10/story-3642353?utm_source=share&utm_medium=link&ref=sfp-seed
59ex,https://news.example.invalid/articles/2026/10/story-1227137?utm_source=share&utm_medium=link&ref=sfp-seed
jmdY,https://news.example.invalid/articles/2026/10/story-4613666?utm_source=share&utm_medium=link&ref=sfp-seed
flCm,https://news.example.invalid/articles/2026/10/story-3658022?utm_source=share&utm_medium=link&ref=sfp-seed
FMuB,https://news.example.invalid/articles/2026/10/story-9957857?utm_source=share&utm_medium=link&ref=sfp-seed
2qHz,https://news.example.invalid/articles/2026/10/story-579301?utm_source=share&utm_medium=link&ref=sfp-seed
opyp,https://news.example.invalid/articles/2026/10/story-5818105?utm_source=share&utm_medium=link&ref=sfp-seed
nERz,https://news.example.invalid/articles/2026/10/story-5638625?utm_source=share&utm_medium=link&ref=sfp-seed
4rc8,https://news.example.invalid/articles/2026/10/story-1057852?utm_source=share&utm_medium=link&ref=sfp-seed
Dchn,https://news.example.invalid/articles/2026/10/story-9341997?utm_source=share&utm_medium=link&ref=sfp-seed
lc3x,https://news.example.invalid/articles/2026/10/story-5051235?utm_source=share&utm_medium=link&ref=sfp-seed
xQoi,https://news.example.invalid/articles/2026/10/story-8066218?utm_source=share&utm_medium=link&ref=sfp-seed
goKB,https://news.example.invalid/articles/2026/10/story-3908393?utm_source=share&utm_medium=link&ref=sfp-seed
BYaV,https://news.example.invalid/articles/2026/10/story-9049453?utm_source=share&utm_medium=link&ref=sfp-seed
b8Dk,https://news.example.invalid/articles/2026/10/story-2654798?utm_source=share&utm_medium=link&ref=sfp-seed
8p0t,https://news.example.invalid/articles/2026/10/story-2002753?utm_source=share&utm_medium=link&ref=sfp-seed
EkII,https://news.example.invalid/articles/2026/10/story-9612772?utm_source=share&utm_medium=link&ref=sfp-seed
vilR,https://news.example.invalid/articles/2026/10/story-7458715?utm_source=share&utm_medium=link&ref=sfp-seed
hdkz,https://news.example.invalid/articles/2026/10/story-4102823?utm_source=share&utm_medium=link&ref=sfp-seed
wGEM,https://news.example.invalid/articles/2026/10/story-7790472?utm_source=share&utm_medium=link&ref=sfp-seed
hf2h,https://news.example.invalid/articles/2026/10/story-4109377?utm_source=share&utm_medium=link&ref=sfp-seed
z4pC,https://news.example.invalid/articles/2026/10/story-8358444?utm_source=share&utm_medium=link&ref=sfp-seed
dqq8,https://news.example.invalid/articles/2026/10/story-3199828?utm_source=share&utm_medium=link&ref=sfp-seed
19PR,https://news.example.invalid/articles/2026/10/story-276139?utm_source=share&utm_medium=link&ref=sfp-seed
nI9B,https://news.example.invalid/articles/2026/10/story-5651275?utm_source=share&utm_medium=link&ref=sfp-seed
kRGN,https://news.example.invalid/articles/2026/10/story-4972945?utm_source=share&utm_medium=link&ref=sfp-seed
vtG1,https://news.example.invalid/articles/2026/10/story-7502249?utm_source=share&utm_medium=link&ref=sfp-seed
2DkE,https://news.example.invalid/articles/2026/10/story-627852?utm_source=share&utm_medium=link&ref=sfp-seed
pZCJ,https://news.example.invalid/articles/2026/10/story-6195085?utm_source=share&utm_medium=link&ref=sfp-seed
8kmO,https://news.example.invalid/articles/2026/10/story-1984918?utm_source=share&utm_medium=link&ref=sfp-seed
k7Q9,https://news.example.invalid/articles/2026/10/story-4796701?utm_source=share&utm_medium=link&ref=sfp-seed
df2J,https://news.example.invalid/articles/2026/10/story-3156093?utm_source=share&utm_medium=link&ref=sfp-seed
iSHf,https://news.example.invalid/articles/2026/10/story-4500161?utm_source=share&utm_medium=link&ref=sfp-seed
BWHJ,https://news.example.invalid/articles/2026/10/story-9043799?utm_source=share&utm_medium=link&ref=sfp-seed
yk4J,https://news.example.invalid/articles/2026/10/story-8180325?utm_source=share&utm_medium=link&ref=sfp-seed
vnvK,https://news.example.invalid/articles/2026/10/story-7478548?utm_source=share&utm_medium=link&ref=sfp-seed
owVp,https://news.example.invalid/articles/2026/10/story-5846439?utm_source=share&utm_medium=link&ref=sfp-seed
7G1W,https://news.example.invalid/articles/2026/10/story-1829864?utm_source=share&utm_medium=link&ref=sfp-seed
gLo5,https://news.example.invalid/articles/2026/10/story-3995409?utm_source=share&utm_medium=link&ref=sfp-seed
35yI,https://news.example.invalid/articles/2026/10/story-736356?utm_source=share&utm_medium=link&ref=sfp-seed
vskz,https://news.example.invalid/articles/2026/10/story-7497075?utm_source=share&utm_medium=link&ref=sfp-seed
jHBD,https://news.example.invalid/articles/2026/10/story-4695857?utm_source=share&utm_medium=link&ref=sfp-seed
oL16,https://news.example.invalid/articles/2026/10/story-5900608?utm_source=share&utm_medium=link&ref=sfp-seed
yeah,https://news.example.invalid/articles/2026/10/story-8157605?utm_source=share&utm_medium=link&ref=sfp-seed
5vZm,https://news.example.invalid/articles/2026/10/story-1314608?utm_source=share&utm_medium=link&ref=sfp-seed
v3qu,https://news.example.invalid/articles/2026/10/story-7401342?utm_source=share&utm_medium=link&ref=sfp-seed
bl3w,https://news.example.invalid/articles/2026/10/story-2702550?utm_source=share&utm_medium=link&ref=sfp-seed
Qjr,https://news.example.invalid/articles/2026/10/story-201093?utm_source=share&utm_medium=link&ref=sfp-seed
ko4T,https://news.example.invalid/articles/2026/10/story-4859119?utm_source=share&utm_medium=link&ref=sfp-seed
v19G,https://news.example.invalid/articles/2026/10/story-7392612?utm_source=share&utm_medium=link&ref=sfp-seed
ALIv,https://news.example.invalid/articles/2026/10/story-8763235?utm_source=share&utm_medium=link&ref=sfp-seed
xwEV,https://news.example.invalid/articles/2026/10/story-7990369?utm_source=share&utm_medium=link&ref=sfp-seed
6cJV,https://news.example.invalid/articles/2026/10/story-1478943?utm_source=share&utm_medium=link&ref=sfp-seed
CjRU,https://news.example.invalid/articles/2026/10/story-9132842?utm_source=share&utm_medium=link&ref=sfp-seed
bt4V,https://news.example.invalid/articles/2026/10/story-2733389?utm_source=share&utm_medium=link&ref=sfp-seed
vD3O,https://news.example.invalid/articles/2026/10/story-7538320?utm_source=share&utm_medium=link&ref=sfp-seed
7iXk,https://news.example.invalid/articles/2026/10/story-1741166?utm_source=share&utm_medium=link&ref=sfp-seed
5bOf,https://news.example.invalid/articles/2026/10/story-1237039?utm_source=share&utm_medium=link&ref=sfp-seed
t2qr,https://news.example.invalid/articles/2026/10/story-6920839?utm_source=share&utm_medium=link&ref=sfp-seed
cq0i,https://news.example.invalid/articles/2026/10/story-2959898?utm_source=share&utm_medium=link&ref=sfp-seed
t7gH,https://news.example.invalid/articles/2026/10/story-6939455?utm_source=share&utm_medium=link&ref=sfp-seed
AzQE,https://news.example.invalid/articles/2026/10/story-8717612?utm_source=share&utm_medium=link&ref=sfp-seed
aBS9,https://news.example.invalid/articles/2026/10/story-2528865?utm_source=share&utm_medium=link&ref=sfp-seed
oUnz,https://news.example.invalid/articles/2026/10/story-5936597?utm_source=share&utm_medium=link&ref=sfp-seed
9i0F,https://news.example.invalid/articles/2026/10/story-2214185?utm_source=share&utm_medium=link&ref=sfp-seed
2abp,https://news.example.invalid/articles/2026/10/story-515803?utm_source=share&utm_medium=link&ref=sfp-seed
Ezcg,https://news.example.invalid/articles/2026/10/story-9668420?utm_source=share&utm_medium=link&ref=sfp-seed
qttY,https://news.example.invalid/articles/2026/10/story-6309862?utm_source=share&utm_medium=link&ref=sfp-seed
ainv,https://news.example.invalid/articles/2026/10/story-2453929?utm_source=share&utm_medium=link&ref=sfp-seed
886C,https://news.example.invalid/articles/2026/10/story-1937786?utm_source=share&utm_medium=link&ref=sfp-seed
argn,https://news.example.invalid/articles/2026/10/story-2488083?utm_source=share&utm_medium=link&ref=sfp-seed
y4ao,https://news.example.invalid/articles/2026/10/story-8119172?utm_source=share&utm_medium=link&ref=sfp-seed
ocpf,https://news.example.invalid/articles/2026/10/story-5767565?utm_source=share&utm_medium=link&ref=sfp-seed
tBzj,https://news.example.invalid/articles/2026/10/story-7055929?utm_source=share&utm_medium=link&ref=sfp-seed
2vLe,https://news.example.invalid/articles/2026/10/story-598748?utm_source=share&utm_medium=link&ref=sfp-seed
mwDH,https://news.example.invalid/articles/2026/10/story-5368685?utm_source=share&utm_medium=link&ref=sfp-seed
Aqcu,https://news.example.invalid/articles/2026/10/story-8680526?utm_source=share&utm_medium=link&ref=sfp-seed
EksG,https://news.example.invalid/articles/2026/10/story-9611778?utm_source=share&utm_medium=link&ref=sfp-seed
jX7P,https://news.example.invalid/articles/2026/10/story-4755513?utm_source=share&utm_medium=link&ref=sfp-seed
e2tw,https://news.example.invalid/articles/2026/10/story-3346110?utm_source=share&utm_medium=link&ref=sfp-seed
5JmM,https://news.example.invalid/articles/2026/10/story-1366032?utm_source=share&utm_medium=link&ref=sfp-seed
xNU2,https://news.example.invalid/articles/2026/10/story-8056654?utm_source=share&utm_medium=link&ref=sfp-seed
ccl,https://news.example.invalid/articles/2026/10/story-46893?utm_source=share&utm_medium=link&ref=sfp-seed
jmQ7,https://news.example.invalid/articles/2026/10/story-4616031?utm_source=share&utm_medium=link&ref=sfp-seed
hEUh,https://news.example.invalid/articles/2026/10/story-4208825?utm_source=share&utm_medium=link&ref=sfp-seed
uCfF,https://news.example.invalid/articles/2026/10/story-7296883?utm_source=share&utm_medium=link&ref=sfp-seed
rDo2,https://news.example.invalid/articles/2026/10/story-6586262?utm_source=share&utm_medium=link&ref=sfp-seed
b4he,https://news.example.invalid/articles/2026/10/story-2638052?utm_source=share&utm_medium=link&ref=sfp-seed
akvb,https://news.example.invalid/articles/2026/10/story-2462093?utm_source=share&utm_medium=link&ref=sfp-seed
AXgM,https://news.example.invalid/articles/2026/10/story-8807644?utm_source=share&utm_medium=link&ref=sfp-seed
gofU,https://news.example.invalid/articles/2026/10/story-3906490?utm_source=share&utm_medium=link&ref=sfp-seed
C2Z4,https://news.example.invalid/articles/2026/10/story-9067938?utm_source=share&utm_medium=link&ref=sfp-seed
qTKr,https://news.example.invalid/articles/2026/10/story-6410827?utm_source=share&utm_medium=link&ref=sfp-seed
pxW4,https://news.example.invalid/articles/2026/10/story-6088652?utm_source=share&utm_medium=link&ref=sfp-seed
GH2,https://news.example.invalid/articles/2026/10/story-164116?utm_source=share&utm_medium=link&ref=sfp-seed
2Uc6,https://news.example.invalid/articles/2026/10/story-692670?utm_source=share&utm_medium=link&ref=sfp-seed
qVh2,https://news.example.invalid/articles/2026/10/story-6416692?utm_source=share&utm_medium=link&ref=sfp-seed
F5K4,https://news.example.invalid/articles/2026/10/story-9793524?utm_source=share&utm_medium=link&ref=sfp-seed
bPT9,https://news.example.invalid/articles/2026/10/story-2821071?utm_source=share&utm_medium=link&ref=sfp-seed
jGp7,https://news.example.invalid/articles/2026/10/story-4691237?utm_source=share&utm_medium=link&ref=sfp-seed
o6MX,https://news.example.invalid/articles/2026/10/story-5745971?utm_source=share&utm_medium=link&ref=sfp-seed
eMDg,https://news.example.invalid/articles/2026/10/story-3523538?utm_source=share&utm_medium=link&ref=sfp-seed
uuX9,https://news.example.invalid/articles/2026/10/story-7268827?utm_source=share&utm_medium=link&ref=sfp-seed
pUYr,https://news.example.invalid/articles/2026/10/story-6177211?utm_source=share&utm_medium=link&ref=sfp-seed
MhD,https://news.example.invalid/articles/2026/10/story-185605?utm_source=share&utm_medium=link&ref=sfp-seed
fu1z,https://news.example.invalid/articles/2026/10/story-3690337?utm_source=share&utm_medium=link&ref=sfp-seed
t7SG,https://news.example.invalid/articles/2026/10/story-6941810?utm_source=share&utm_medium=link&ref=sfp-seed
hTU6,https://news.example.invalid/articles/2026/10/story-4266474?utm_source=share&utm_medium=link&ref=sfp-seed
msjt,https://news.example.invalid/articles/2026/10/story-5352055?utm_source=share&utm_medium=link&ref=sfp-seed
yxXx,https://news.example.invalid/articles/2026/10/story-8233695?utm_source=share&utm_medium=link&ref=sfp-seed
roYT,https://news.example.invalid/articles/2026/10/story-6530887?utm_source=share&utm_medium=link&ref=sfp-seed
iX5K,https://news.example.invalid/articles/2026/10/story-4517056?utm_source=share&utm_medium=link&ref=sfp-seed
gxKT,https://news.example.invalid/articles/2026/10/story-3943007?utm_source=share&utm_medium=link&ref=sfp-seed
dtP,https://news.example.invalid/articles/2026/10/story-51821?utm_source=share&utm_medium=link&ref=sfp-seed
zjq4,https://news.example.invalid/articles/2026/10/story-8416132?utm_source=share&utm_medium=link&ref=sfp-seed
a8sR,https://news.example.invalid/articles/2026/10/story-2415821?utm_source=share&utm_medium=link&ref=sfp-seed
uMSu,https://news.example.invalid/articles/2026/10/story-7337730?utm_source=share&utm_medium=link&ref=sfp-seed
24CN,https://news.example.invalid/articles/2026/10/story-494437?utm_source=share&utm_medium=link&ref=sfp-seed
eJCe,https://news.example.invalid/articles/2026/10/story-3511942?utm_source=share&utm_medium=link&ref=sfp-seed
qr7z,https://news.example.invalid/articles/2026/10/story-6300785?utm_source=share&utm_medium=link&ref=sfp-seed
F1KI,https://news.example.invalid/articles/2026/10/story-9778188?utm_source=share&utm_medium=link&ref=sfp-seed
flLZ,https://news.example.invalid/articles/2026/10/story-3658619?utm_source=share&utm_medium=link&ref=sfp-seed
3ou8,https://news.example.invalid/articles/2026/10/story-809108?utm_source=share&utm_medium=link&ref=sfp-seed
BUio,https://news.example.invalid/articles/2026/10/story-9034540?utm_source=share&utm_medium=link&ref=sfp-seed
pkxF,https://news.example.invalid/articles/2026/10/story-6037167?utm_source=share&utm_medium=link&ref=sfp-seed
pE0j,https://news.example.invalid/articles/2026/10/story-6111979?utm_source=share&utm_medium=link&ref=sfp-seed
zRZQ,https://news.example.invalid/articles/2026/10/story-8549046?utm_source=share&utm_medium=link&ref=sfp-seed
eRh4,https://news.example.invalid/articles/2026/10/story-3541382?utm_source=share&utm_medium=link&ref=sfp-seed
45jr,https://news.example.invalid/articles/2026/10/story-973737?utm_source=share&utm_medium=link&ref=sfp-seed
liwX,https://news.example.invalid/articles/2026/10/story-5076123?utm_source=share&utm_medium=link&ref=sfp-seed
xxy0,https://news.example.invalid/articles/2026/10/story-7993784?utm_source=share&utm_medium=link&ref=sfp-seed
jMIY,https://news.example.invalid/articles/2026/10/story-4715532?utm_source=share&utm_medium=link&ref=sfp-seed
vT9x,https://news.example.invalid/articles/2026/10/story-7600179?utm_source=share&utm_medium=link&ref=sfp-seed
cNBl,https://news.example.invalid/articles/2026/10/story-3050607?utm_source=share&utm_medium=link&ref=sfp-seed
j4f0,https://news.example.invalid/articles/2026/10/story-4544538?utm_source=share&utm_medium=link&ref=sfp-seed
nr2c,https://news.example.invalid/articles/2026/10/story-5585468?utm_source=share&utm_medium=link&ref=sfp-seed
4tBT,https://news.example.invalid/articles/2026/10/story-1067137?utm_source=share&utm_medium=link&ref=sfp-seed
pJ6W,https://news.example.invalid/articles/2026/10/story-6131610?utm_source=share&utm_medium=link&ref=sfp-seed
XDK,https://news.example.invalid/articles/2026/10/story-229260?utm_source=share&utm_medium=link&ref=sfp-seed
C7BK,https://news.example.invalid/articles/2026/10/story-9085712?utm_source=share&utm_medium=link&ref=sfp-seed
cibA,https://news.example.invalid/articles/2026/10/story-2929846?utm_source=share&utm_medium=link&ref=sfp-seed
oKP5,https://news.example.invalid/articles/2026/10/story-5899863?utm_source=share&utm_medium=link&ref=sfp-seed
qNep,https://news.example.invalid/articles/2026/10/story-6385777?utm_source=share&utm_medium=link&ref=sfp-seed
b3Tb,https://news.example.invalid/articles/2026/10/story-2636561?utm_source=share&utm_medium=link&ref=sfp-seed
971g,https://news.example.invalid/articles/2026/10/story-2171938?utm_source=share&utm_medium=link&ref=sfp-seed
wGZm,https://news.example.invalid/articles/2026/10/story-7791748?utm_source=share&utm_medium=link&ref=sfp-seed
f2Gu,https://news.example.invalid/articles/2026/10/story-3585242?utm_source=share&utm_medium=link&ref=sfp-seed
vg2k,https://news.example.invalid/articles/2026/10/story-7449816?utm_source=share&utm_medium=link&ref=sfp-seed
eE3Y,https://news.example.invalid/articles/2026/10/story-3490598?utm_source=share&utm_medium=link&ref=sfp-seed
io0U,https://news.example.invalid/articles/2026/10/story-4382216?utm_source=share&utm_medium=link&ref=sfp-seed
psGk,https://news.example.invalid/articles/2026/10/story-6068456?utm_source=share&utm_medium=link&ref=sfp-seed
kOFU,https://news.example.invalid/articles/2026/10/story-4961358?utm_source=share&utm_medium=link&ref=sfp-seed
Dk0V,https://news.example.invalid/articles/2026/10/story-9371729?utm_source=share&utm_medium=link&ref=sfp-seed
b7fW,https://news.example.invalid/articles/2026/10/story-2649504?utm_source=share&utm_medium=link&ref=sfp-seed
1Z7g,https://news.example.invalid/articles/2026/10/story-473262?utm_source=share&utm_medium=link&ref=sfp-seed
nx9r,https://news.example.invalid/articles/2026/10/story-5608981?utm_source=share&utm_medium=link&ref=sfp-seed
zEtp,https://news.example.invalid/articles/2026/10/story-8497063?utm_source=share&utm_medium=link&ref=sfp-seed
4XQy,https://news.example.invalid/articles/2026/10/story-1183366?utm_source=share&utm_medium=link&ref=sfp-seed
EO9d,https://news.example.invalid/articles/2026/10/story-9725891?utm_source=share&utm_medium=link&ref=sfp-seed
5Lof,https://news.example.invalid/articles/2026/10/story-1373811?utm_source=share&utm_medium=link&ref=sfp-seed
xQUs,https://news.example.invalid/articles/2026/10/story-8068212?utm_source=share&utm_medium=link&ref=sfp-seed
euWo,https://news.example.invalid/articles/2026/10/story-3455532?utm_source=share&utm_medium=link&ref=sfp-seed
J8s,https://news.example.invalid/articles/2026/10/story-173504?utm_source=share&utm_medium=link&ref=sfp-seed
fw7R,https://news.example.invalid/articles/2026/10/story-3698415?utm_source=share&utm_medium=link&ref=sfp-seed
T2G,https://news.example.invalid/articles/2026/10/story-211586?utm_source=share&utm_medium=link&ref=sfp-seed
DALL,https://news.example.invalid/articles/2026/10/story-9436137?utm_source=share&utm_medium=link&ref=sfp-seed
nWZs,https://news.example.invalid/articles/2026/10/story-5708306?utm_source=share&utm_medium=link&ref=sfp-seed
hQLI,https://news.example.invalid/articles/2026/10/story-4254422?utm_source=share&utm_medium=link&ref=sfp-seed
bc8q,https://news.example.invalid/articles/2026/10/story-2668258?utm_source=share&utm_medium=link&ref=sfp-seed
zIr4,https://news.example.invalid/articles/2026/10/story-8512294?utm_source=share&utm_medium=link&ref=sfp-seed
b7Bn,https://news.example.invalid/articles/2026/10/story-2650833?utm_source=share&utm_medium=link&ref=sfp-seed
FcHv,https://news.example.invalid/articles/2026/10/story-9820273?utm_source=share&utm_medium=link&ref=sfp-seed
mcrT,https://news.example.invalid/articles/2026/10/story-5291073?utm_source=share&utm_medium=link&ref=sfp-seed
sKTm,https://news.example.invalid/articles/2026/10/story-6853440?utm_source=share&utm_medium=link&ref=sfp-seed
ldXt,https://news.example.invalid/articles/2026/10/story-5058547?utm_source=share&utm_medium=link&ref=sfp-seed
bzFd,https://news.example.invalid/articles/2026/10/story-2758703?utm_source=share&utm_medium=link&ref=sfp-seed
nlwP,https://news.example.invalid/articles/2026/10/story-5564303?utm_source=share&utm_medium=link&ref=sfp-seed
todX,https://news.example.invalid/articles/2026/10/story-7004633?utm_source=share&utm_medium=link&ref=sfp-seed
pL5l,https://news.example.invalid/articles/2026/10/story-6139199?utm_source=share&utm_medium=link&ref=sfp-seed
y6BU,https://news.example.invalid/articles/2026/10/story-8128566?utm_source=share&utm_medium=link&ref=sfp-seed
2klC,https://news.example.invalid/articles/2026/10/story-554876?utm_source=share&utm_medium=link&ref=sfp-seed
FSXS,https://news.example.invalid/articles/2026/10/story-9982736?utm_source=share&utm_medium=link&ref=sfp-seed
B3gx,https://news.example.invalid/articles/2026/10/story-8830693?utm_source=share&utm_medium=link&ref=sfp-seed
iOK4,https://news.example.invalid/articles/2026/10/story-4484960?utm_source=share&utm_medium=link&ref=sfp-seed
dYic,https://news.example.invalid/articles/2026/10/story-3330032?utm_source=share&utm_medium=link&ref=sfp-seed
80AO,https://news.example.invalid/articles/2026/10/story-1908906?utm_source=share&utm_medium=link&ref=sfp-seed
i4dC,https://news.example.invalid/articles/2026/10/story-4306124?utm_source=share&utm_medium=link&ref=sfp-seed
vjde,https://news.example.invalid/articles/2026/10/story-7462024?utm_source=share&utm_medium=link&ref=sfp-seed
pbG8,https://news.example.invalid/articles/2026/10/story-6003096?utm_source=share&utm_medium=link&ref=sfp-seed
oemo,https://news.example.invalid/articles/2026/10/story-5775076?utm_source=share&utm_medium=link&ref=sfp-seed
DyVD,https://news.example.invalid/articles/2026/10/story-9429061?utm_source=share&utm_medium=link&ref=sfp-seed
g5Dw,https://news.example.invalid/articles/2026/10/story-3834918?utm_source=share&utm_medium=link&ref=sfp-seed
peoz,https://news.example.invalid/articles/2026/10/story-6013539?utm_source=share&utm_medium=link&ref=sfp-seed
77cn,https://news.example.invalid/articles/2026/10/story-1695971?utm_source=share&utm_medium=link&ref=sfp-seed
yJIF,https://news.example.invalid/articles/2026/10/story-8278901?utm_source=share&utm_medium=link&ref=sfp-seed
tbZL,https://news.example.invalid/articles/2026/10/story-6957625?utm_source=share&utm_medium=link&ref=sfp-seed
mf5B,https://news.example.invalid/articles/2026/10/story-5301223?utm_source=share&utm_medium=link&ref=sfp-seed
blgx,https://news.example.invalid/articles/2026/10/story-2703357?utm_source=share&utm_medium=link&ref=sfp-seed
5fCw,https://news.example.invalid/articles/2026/10/story-1251688?utm_source=share&utm_medium=link&ref=sfp-seed
bLss,https://news.example.invalid/articles/2026/10/story-2804040?utm_source=share&utm_medium=link&ref=sfp-seed
m2I2,https://news.example.invalid/articles/2026/10/story-5253634?utm_source=share&utm_medium=link&ref=sfp-seed
nbVl,https://news.example.invalid/articles/2026/10/story-5527383?utm_source=share&utm_medium=link&ref=sfp-seed
lASk,https://news.example.invalid/articles/2026/10/story-5146640?utm_source=share&utm_medium=link&ref=sfp-seed
6ZdC,https://news.example.invalid/articles/2026/10/story-1665296?utm_source=share&utm_medium=link&ref=sfp-seed
jZVO,https://news.example.invalid/articles/2026/10/story-4766300?utm_source=share&utm_medium=link&ref=sfp-seed
3GGe,https://news.example.invalid/articles/2026/10/story-879050?utm_source=share&utm_medium=link&ref=sfp-seed
wWH3,https://news.example.invalid/articles/2026/10/story-7852117?utm_source=share&utm_medium=link&ref=sfp-seed
wyxZ,https://news.example.invalid/articles/2026/10/story-7759299?utm_source=share&utm_medium=link&ref=sfp-seed
5MUe,https://news.example.invalid/articles/2026/10/story-1379638?utm_source=share&utm_medium=link&ref=sfp-seed
1UH5,https://news.example.invalid/articles/2026/10/story-456263?utm_source=share&utm_medium=link&ref=sfp-seed
m48s,https://news.example.invalid/articles/2026/10/story-5259116?utm_source=share&utm_medium=link&ref=sfp-seed
s8LM,https://news.example.invalid/articles/2026/10/story-6706898?utm_source=share&utm_medium=link&ref=sfp-seed
yNwV,https://news.example.invalid/articles/2026/10/story-8293549?utm_source=share&utm_medium=link&ref=sfp-seed
kh8l,https://news.example.invalid/articles/2026/10/story-4832425?utm_source=share&utm_medium=link&ref=sfp-seed
afuH,https://news.example.invalid/articles/2026/10/story-2442843?utm_source=share&utm_medium=link&ref=sfp-seed
Cjnq,https://news.example.invalid/articles/2026/10/story-9130952?utm_source=share&utm_medium=link&ref=sfp-seed
vZRi,https://news.example.invalid/articles/2026/10/story-7625956?utm_source=share&utm_medium=link&ref=sfp-seed
3WuP,https://news.example.invalid/articles/2026/10/story-939847?utm_source=share&utm_medium=link&ref=sfp-seed
jeA9,https://news.example.invalid/articles/2026/10/story-4584289?utm_source=share&utm_medium=link&ref=sfp-seed
jgXW,https://news.example.invalid/articles/2026/10/story-4593452?utm_source=share&utm_medium=link&ref=sfp-seed
otPC,https://news.example.invalid/articles/2026/10/story-5834548?utm_source=share&utm_medium=link&ref=sfp-seed
hn2g,https://news.example.invalid/articles/2026/10/story-4140128?utm_source=share&utm_medium=link&ref=sfp-seed
d8eR,https://news.example.invalid/articles/2026/10/story-3129937?utm_source=share&utm_medium=link&ref=sfp-seed
gPaa,https://news.example.invalid/articles/2026/10/story-4009922?utm_source=share&utm_medium=link&ref=sfp-seed
mkDI,https://news.example.invalid/articles/2026/10/story-5322558?utm_source=share&utm_medium=link&ref=sfp-seed
ovSO,https://news.example.invalid/articles/2026/10/story-5842434?utm_source=share&utm_medium=link&ref=sfp-seed
8lem,https://news.example.invalid/articles/2026/10/story-1988238?utm_source=share&utm_medium=link&ref=sfp-seed
vkNk,https://news.example.invalid/articles/2026/10/story-7468106?utm_source=share&utm_medium=link&ref=sfp-seed
xYUp,https://news.example.invalid/articles/2026/10/story-8098961?utm_source=share&utm_medium=link&ref=sfp-seed
dayn,https://news.example.invalid/articles/2026/10/story-3138835?utm_source=share&utm_medium=link&ref=sfp-seed
7adp,https://news.example.invalid/articles/2026/10/story-1707567?utm_source=share&utm_medium=link&ref=sfp-seed
pznD,https://news.example.invalid/articles/2026/10/story-6094205?utm_source=share&utm_medium=link&ref=sfp-seed
fSBL,https://news.example.invalid/articles/2026/10/story-3784837?utm_source=share&utm_medium=link&ref=sfp-seed
nItr,https://news.example.invalid/articles/2026/10/story-5652505?utm_source=share&utm_medium=link&ref=sfp-seed
2Q2e,https://news.example.invalid/articles/2026/10/story-676682?utm_source=share&utm_medium=link&ref=sfp-seed
xpPm,https://news.example.invalid/articles/2026/10/story-7964108?utm_source=share&utm_medium=link&ref=sfp-seed
rpbf,https://news.example.invalid/articles/2026/10/story-6531653?utm_source=share&utm_medium=link&ref=sfp-seed
dLBW,https://news.example.invalid/articles/2026/10/story-3281284?utm_source=share&utm_medium=link&ref=sfp-seed
3Knh,https://news.example.invalid/articles/2026/10/story-893251?utm_source=share&utm_medium=link&ref=sfp-seed
gXrX,https://news.example.invalid/articles/2026/10/story-4041777?utm_source=share&utm_medium=link&ref=sfp-seed
tgxV,https://news.example.invalid/articles/2026/10/story-6975119?utm_source=share&utm_medium=link&ref=sfp-seed
FeoW,https://news.example.invalid/articles/2026/10/story-9826810?utm_source=share&utm_medium=link&ref=sfp-seed
4FQu,https://news.example.invalid/articles/2026/10/story-1114170?utm_source=share&utm_medium=link&ref=sfp-seed
kxlc,https://news.example.invalid/articles/2026/10/story-4894726?utm_source=share&utm_medium=link&ref=sfp-seed
ljLG,https://news.example.invalid/articles/2026/10/story-5080880?utm_source=share&utm_medium=link&ref=sfp-seed
foge,https://news.example.invalid/articles/2026/10/story-3668182?utm_source=share&utm_medium=link&ref=sfp-seed
kl7h,https://news.example.invalid/articles/2026/10/story-4847735?utm_source=share&utm_medium=link&ref=sfp-seed
BDKr,https://news.example.invalid/articles/2026/10/story-8970931?utm_source=share&utm_medium=link&ref=sfp-seed
2xIL,https://news.example.invalid/articles/2026/10/story-606283?utm_source=share&utm_medium=link&ref=sfp-seed
pHvF,https://news.example.invalid/articles/2026/10/story-6125455?utm_source=share&utm_medium=link&ref=sfp-seed
naeT,https://news.example.invalid/articles/2026/10/story-5520907?utm_source=share&utm_medium=link&ref=sfp-seed
h6Km,https://news.example.invalid/articles/2026/10/story-4077514?utm_source=share&utm_medium=link&ref=sfp-seed
31Ot,https://news.example.invalid/articles/2026/10/story-721957?utm_source=share&utm_medium=link&ref=sfp-seed
Eii4,https://news.example.invalid/articles/2026/10/story-9603432?utm_source=share&utm_medium=link&ref=sfp-seed
aHTy,https://news.example.invalid/articles/2026/10/story-2552016?utm_source=share&utm_medium=link&ref=sfp-seed
tnGT,https://news.example.invalid/articles/2026/10/story-7002583?utm_source=share&utm_medium=link&ref=sfp-seed
8e9s,https://news.example.invalid/articles/2026/10/story-1961026?utm_source=share&utm_medium=link&ref=sfp-seed
lohq,https://news.example.invalid/articles/2026/10/story-5098224?utm_source=share&utm_medium=link&ref=sfp-seed
av3N,https://news.example.invalid/articles/2026/10/story-2502679?utm_source=share&utm_medium=link&ref=sfp-seed
5O7G,https://news.example.invalid/articles/2026/10/story-1384316?utm_source=share&utm_medium=link&ref=sfp-seed
sTYb,https://news.example.invalid/articles/2026/10/story-6888335?utm_source=share&utm_medium=link&ref=sfp-seed
qG4E,https://news.example.invalid/articles/2026/10/story-6358264?utm_source=share&utm_medium=link&ref=sfp-seed
c5vf,https://news.example.invalid/articles/2026/10/story-2881093?utm_source=share&utm_medium=link&ref=sfp-seed
dv9J,https://news.example.invalid/articles/2026/10/story-3218031?utm_source=share&utm_medium=link&ref=sfp-seed
B88M,https://news.example.invalid/articles/2026/10/story-8849432?utm_source=share&utm_medium=link&ref=sfp-seed
mv9C,https://news.example.invalid/articles/2026/10/story-5362976?utm_source=share&utm_medium=link&ref=sfp-seed
e9ZS,https://news.example.invalid/articles/2026/10/story-3375024?utm_source=share&utm_medium=link&ref=sfp-seed
xMyW,https://news.example.invalid/articles/2026/10/story-8051502?utm_source=share&utm_medium=link&ref=sfp-seed
lOb7,https://news.example.invalid/articles/2026/10/story-5197777?utm_source=share&utm_medium=link&ref=sfp-seed
xLXJ,https://news.example.invalid/articles/2026/10/story-8049195?utm_source=share&utm_medium=link&ref=sfp-seed
wT4t,https://news.example.invalid/articles/2026/10/story-7838193?utm_source=share&utm_medium=link&ref=sfp-seed
qFUF,https://news.example.invalid/articles/2026/10/story-6357645?utm_source=share&utm_medium=link&ref=sfp-seed
7Ykt,https://news.example.invalid/articles/2026/10/story-1900205?utm_source=share&utm_medium=link&ref=sfp-seed
oLgm,https://news.example.invalid/articles/2026/10/story-5901554?utm_source=share&utm_medium=link&ref=sfp-seed
3PVN,https://news.example.invalid/articles/2026/10/story-914611?utm_source=share&utm_medium=link&ref=sfp-seed
m9bF,https://news.example.invalid/articles/2026/10/story-5278535?utm_source=share&utm_medium=link&ref=sfp-seed
cSvo,https://news.example.invalid/articles/2026/10/story-3069458?utm_source=share&utm_medium=link&ref=sfp-seed
e0hq,https://news.example.invalid/articles/2026/10/story-3337672?utm_source=share&utm_medium=link&ref=sfp-seed
leRS,https://news.example.invalid/articles/2026/10/story-5062044?utm_source=share&utm_medium=link&ref=sfp-seed
kuyN,https://news.example.invalid/articles/2026/10/story-4884037?utm_source=share&utm_medium=link&ref=sfp-seed
BgaJ,https://news.example.invalid/articles/2026/10/story-8880305?utm_source=share&utm_medium=link&ref=sfp-seed
51CO,https://news.example.invalid/articles/2026/10/story-1197890?utm_source=share&utm_medium=link&ref=sfp-seed
5phV,https://news.example.invalid/articles/2026/10/story-1288851?utm_source=share&utm_medium=link&ref=sfp-seed
FOPo,https://news.example.invalid/articles/2026/10/story-9966834?utm_source=share&utm_medium=link&ref=sfp-seed
aH9O,https://news.example.invalid/articles/2026/10/story-2549180?utm_source=share&utm_medium=link&ref=sfp-seed
kOsF,https://news.example.invalid/articles/2026/10/story-4960537?utm_source=share&utm_medium=link&ref=sfp-seed
pqjs,https://news.example.invalid/articles/2026/10/story-6059350?utm_source=share&utm_medium=link&ref=sfp-seed
wAZY,https://news.example.invalid/articles/2026/10/story-7768722?utm_source=share&utm_medium=link&ref=sfp-seed
77Rf,https://news.example.invalid/articles/2026/10/story-1698505?utm_source=share&utm_medium=link&ref=sfp-seed
El8b,https://news.example.invalid/articles/2026/10/story-9614351?utm_source=share&utm_medium=link&ref=sfp-seed
wau8,https://news.example.invalid/articles/2026/10/story-7666804?utm_source=share&utm_medium=link&ref=sfp-seed
yq7z,https://news.example.invalid/articles/2026/10/story-8203565?utm_source=share&utm_medium=link&ref=sfp-seed
oxZE,https://news.example.invalid/articles/2026/10/story-5850546?utm_source=share&utm_medium=link&ref=sfp-seed
km14,https://news.example.invalid/articles/2026/10/story-4851194?utm_source=share&utm_medium=link&ref=sfp-seed
kaoh,https://news.example.invalid/articles/2026/10/story-4806505?utm_source=share&utm_medium=link&ref=sfp-seed
8Zr3,https://news.example.invalid/articles/2026/10/story-2142785?utm_source=share&utm_medium=link&ref=sfp-seed
urXP,https://news.example.invalid/articles/2026/10/story-7257337?utm_source=share&utm_medium=link&ref=sfp-seed
uBrT,https://news.example.invalid/articles/2026/10/story-7293797?utm_source=share&utm_medium=link&ref=sfp-seed
qjFd,https://news.example.invalid/articles/2026/10/story-6272119?utm_source=share&utm_medium=link&ref=sfp-seed
ACeo,https://news.example.invalid/articles/2026/10/story-8726772?utm_source=share&utm_medium=link&ref=sfp-seed
Bl01,https://news.example.invalid/articles/2026/10/story-8898861?utm_source=share&utm_medium=link&ref=sfp-seed
jsvT,https://news.example.invalid/articles/2026/10/story-4637841?utm_source=share&utm_medium=link&ref=sfp-seed
mEFe,https://news.example.invalid/articles/2026/10/story-5399532?utm_source=share&utm_medium=link&ref=sfp-seed
wV7M,https://news.example.invalid/articles/2026/10/story-7846086?utm_source=share&utm_medium=link&ref=sfp-seed
aG7m,https://news.example.invalid/articles/2026/10/story-2545184?utm_source=share&utm_medium=link&ref=sfp-seed
eTC0,https://news.example.invalid/articles/2026/10/story-3550368?utm_source=share&utm_medium=link&ref=sfp-seed
mSip,https://news.example.invalid/articles/2026/10/story-5451933?utm_source=share&utm_medium=link&ref=sfp-seed
x9Ls,https://news.example.invalid/articles/2026/10/story-7902362?utm_source=share&utm_medium=link&ref=sfp-seed
DlW7,https://news.example.invalid/articles/2026/10/story-9379119?utm_source=share&utm_medium=link&ref=sfp-seed
yqt5,https://news.example.invalid/articles/2026/10/story-8204899?utm_source=share&utm_medium=link&ref=sfp-seed
gxAb,https://news.example.invalid/articles/2026/10/story-3942343?utm_source=share&utm_medium=link&ref=sfp-seed
oCqW,https://news.example.invalid/articles/2026/10/story-5867614?utm_source=share&utm_medium=link&ref=sfp-seed
wewn,https://news.example.invalid/articles/2026/10/story-7682319?utm_source=share&utm_medium=link&ref=sfp-seed
y2Tf,https://news.example.invalid/articles/2026/10/story-8114265?utm_source=share&utm_medium=link&ref=sfp-seed
iFbl,https://news.example.invalid/articles/2026/10/story-4448211?utm_source=share&utm_medium=link&ref=sfp-seed
cRiK,https://news.example.invalid/articles/2026/10/story-3064830?utm_source=share&utm_medium=link&ref=sfp-seed
6sRB,https://news.example.invalid/articles/2026/10/story-1540923?utm_source=share&utm_medium=link&ref=sfp-seed
7IOk,https://news.example.invalid/articles/2026/10/story-1840552?utm_source=share&utm_medium=link&ref=sfp-seed
3ZHr,https://news.example.invalid/articles/2026/10/story-952161?utm_source=share&utm_medium=link&ref=sfp-seed
AV7L,https://news.example.invalid/articles/2026/10/story-8799397?utm_source=share&utm_medium=link&ref=sfp-seed
bCvE,https://news.example.invalid/articles/2026/10/story-2769642?utm_source=share&utm_medium=link&ref=sfp-seed
sQoy,https://news.example.invalid/articles/2026/10/story-6874594?utm_source=share&utm_medium=link&ref=sfp-seed
F8nB,https://news.example.invalid/articles/2026/10/story-9803663?utm_source=share&utm_medium=link&ref=sfp-seed
qcYp,https://news.example.invalid/articles/2026/10/story-6246401?utm_source=share&utm_medium=link&ref=sfp-seed
rpVE,https://news.example.invalid/articles/2026/10/story-6534530?utm_source=share&utm_medium=link&ref=sfp-seed
xrIC,https://news.example.invalid/articles/2026/10/story-7971378?utm_source=share&utm_medium=link&ref=sfp-seed
5sRH,https://news.example.invalid/articles/2026/10/story-1302601?utm_source=share&utm_medium=link&ref=sfp-seed
wvhG,https://news.example.invalid/articles/2026/10/story-7746756?utm_source=share&utm_medium=link&ref=sfp-seed
Bg5h,https://news.example.invalid/articles/2026/10/story-8879967?utm_source=share&utm_medium=link&ref=sfp-seed
xY1r,https://news.example.invalid/articles/2026/10/story-8095553?utm_source=share&utm_medium=link&ref=sfp-seed
EpRE,https://news.example.invalid/articles/2026/10/story-9632546?utm_source=share&utm_medium=link&ref=sfp-seed
ay2z,https://news.example.invalid/articles/2026/10/story-2514135?utm_source=share&utm_medium=link&ref=sfp-seed
zwou,https://news.example.invalid/articles/2026/10/story-8466006?utm_source=share&utm_medium=link&ref=sfp-seed
snMT,https://news.example.invalid/articles/2026/10/story-6764627?utm_source=share&utm_medium=link&ref=sfp-seed
cvze,https://news.example.invalid/articles/2026/10/story-2981284?utm_source=share&utm_medium=link&ref=sfp-seed
fJND,https://news.example.invalid/articles/2026/10/story-3750977?utm_source=share&utm_medium=link&ref=sfp-seed
furk,https://news.example.invalid/articles/2026/10/story-3691934?utm_source=share&utm_medium=link&ref=sfp-seed
iaIR,https://news.example.invalid/articles/2026/10/story-4331125?utm_source=share&utm_medium=link&ref=sfp-seed
kDTi,https://news.example.invalid/articles/2026/10/story-4919904?utm_source=share&utm_medium=link&ref=sfp-seed
eVjz,https://news.example.invalid/articles/2026/10/story-3556913?utm_source=share&utm_medium=link&ref=sfp-seed
eAi0,https://news.example.invalid/articles/2026/10/story-3476092?utm_source=share&utm_medium=link&ref=sfp-seed
vAOU,https://news.example.invalid/articles/2026/10/story-7529708?utm_source=share&utm_medium=link&ref=sfp-seed
yC7s,https://news.example.invalid/articles/2026/10/story-8249686?utm_source=share&utm_medium=link&ref=sfp-seed
q51n,https://news.example.invalid/articles/2026/10/story-6215833?utm_source=share&utm_medium=link&ref=sfp-seed
i9g6,https://news.example.invalid/articles/2026/10/story-4325498?utm_source=share&utm_medium=link&ref=sfp-seed
9Bv5,https://news.example.invalid/articles/2026/10/story-2289107?utm_source=share&utm_medium=link&ref=sfp-seed
3Yt4,https://news.example.invalid/articles/2026/10/story-947426?utm_source=share&utm_medium=link&ref=sfp-seed
CaAa,https://news.example.invalid/articles/2026/10/story-9097146?utm_source=share&utm_medium=link&ref=sfp-seed
ak1P,https://news.example.invalid/articles/2026/10/story-2460273?utm_source=share&utm_medium=link&ref=sfp-seed
n3Us,https://news.example.invalid/articles/2026/10/story-5496576?utm_source=share&utm_medium=link&ref=sfp-seed
7PVf,https://news.example.invalid/articles/2026/10/story-1867889?utm_source=share&utm_medium=link&ref=sfp-seed
kfyE,https://news.example.invalid/articles/2026/10/story-4826368?utm_source=share&utm_medium=link&ref=sfp-seed
i4OX,https://news.example.invalid/articles/2026/10/story-4308439?utm_source=share&utm_medium=link&ref=sfp-seed
9hW7,https://news.example.invalid/articles/2026/10/story-2213903?utm_source=share&utm_medium=link&ref=sfp-seed
zQEi,https://news.example.invalid/articles/2026/10/story-8543866?utm_source=share&utm_medium=link&ref=sfp-seed
r1IZ,https://news.example.invalid/articles/2026/10/story-6441489?utm_source=share&utm_medium=link&ref=sfp-seed
362d,https://news.example.invalid/articles/2026/10/story-738185?utm_source=share&utm_medium=link&ref=sfp-seed
9T51,https://news.example.invalid/articles/2026/10/story-2356683?utm_source=share&utm_medium=link&ref=sfp-seed
a8Ij,https://news.example.invalid/articles/2026/10/story-2416779?utm_source=share&utm_medium=link&ref=sfp-seed
6i7O,https://news.example.invalid/articles/2026/10/story-1499644?utm_source=share&utm_medium=link&ref=sfp-seed
FPu3,https://news.example.invalid/articles/2026/10/story-9969355?utm_source=share&utm_medium=link&ref=sfp-seed
9c5O,https://news.example.invalid/articles/2026/10/story-2191440?utm_source=share&utm_medium=link&ref=sfp-seed
4cyu,https://news.example.invalid/articles/2026/10/story-1001578?utm_source=share&utm_medium=link&ref=sfp-seed
hcmm,https://news.example.invalid/articles/2026/10/story-4099090?utm_source=share&utm_medium=link&ref=sfp-seed
i0Lo,https://news.example.invalid/articles/2026/10/story-4292842?utm_source=share&utm_medium=link&ref=sfp-seed
h04G,https://news.example.invalid/articles/2026/10/story-4051866?utm_source=share&utm_medium=link&ref=sfp-seed
C2oo,https://news.example.invalid/articles/2026/10/story-9065664?utm_source=share&utm_medium=link&ref=sfp-seed
sOF3,https://news.example.invalid/articles/2026/10/story-6867929?utm_source=share&utm_medium=link&ref=sfp-seed
3nR1,https://news.example.invalid/articles/2026/10/story-806683?utm_source=share&utm_medium=link&ref=sfp-seed
Ccmr,https://news.example.invalid/articles/2026/10/story-9103983?utm_source=share&utm_medium=link&ref=sfp-seed
dMaH,https://news.example.invalid/articles/2026/10/story-3283439?utm_source=share&utm_medium=link&ref=sfp-seed
2Z23,https://news.example.invalid/articles/2026/10/story-711267?utm_source=share&utm_medium=link&ref=sfp-seed
ar3j,https://news.example.invalid/articles/2026/10/story-2487273?utm_source=share&utm_medium=link&ref=sfp-seed
y5LG,https://news.example.invalid/articles/2026/10/story-8125328?utm_source=share&utm_medium=link&ref=sfp-seed
3fPq,https://news.example.invalid/articles/2026/10/story-775832?utm_source=share&utm_medium=link&ref=sfp-seed
7dVJ,https://news.example.invalid/articles/2026/10/story-1721847?utm_source=share&utm_medium=link&ref=sfp-seed
EEXt,https://news.example.invalid/articles/2026/10/story-9690567?utm_source=share&utm_medium=link&ref=sfp-seed
lRRY,https://news.example.invalid/articles/2026/10/story-5211966?utm_source=share&utm_medium=link&ref=sfp-seed
An5c,https://news.example.invalid/articles/2026/10/story-8668542?utm_source=share&utm_medium=link&ref=sfp-seed
4zoe,https://news.example.invalid/articles/2026/10/story-1089354?utm_source=share&utm_medium=link&ref=sfp-seed
Ccbk,https://news.example.invalid/articles/2026/10/story-9103294?utm_source=share&utm_medium=link&ref=sfp-seed
