code,url
FXsl,https://made.example.invalid/e02-10/2-0?utm_source=share&ref=g74of9qu
FXsm,https://made.example.invalid/e02-10/6-1?utm_source=share&ref=1rtgur5a
FXsn,https://made.example.invalid/e02-10/4-2?utm_source=share&ref=36z2n84y
FXso,https://made.example.invalid/e02-10/3-3?utm_source=share&ref=pvarzxur
FXsp,https://made.example.invalid/e02-10/9-4?utm_source=share&ref=a1rjrcao
FXsq,https://made.example.invalid/e02-10/2-5?utm_source=share&ref=e38km5bm
FXsr,https://made.example.invalid/e02-10/6-6?utm_source=share&ref=bt7srkj1
FXss,https://made.example.invalid/e02-10/4-7?utm_source=share&ref=f2k8il8w
FXst,https://made.example.invalid/e02-10/3-8?utm_source=share&ref=uabqbb03
FXsu,https://made.example.invalid/e02-10/9-9?utm_source=share&ref=uuifc6xe
FXsv,https://made.example.invalid/e02-10/2-10?utm_source=share&ref=xzxun4r4
FXsw,https://made.example.invalid/e02-10/6-11?utm_source=share&ref=4gehy4m6
FXsx,https://made.example.invalid/e02-10/4-12?utm_source=share&ref=tc1wc9k3
FXsy,https://made.example.invalid/e02-10/3-13?utm_source=share&ref=xrbs8mh0
FXsz,https://made.example.invalid/e02-10/9-14?utm_source=share&ref=ff9d4m4p
FXsA,https://made.example.invalid/e02-10/2-15?utm_source=share&ref=lznr3qo9
FXsB,https://made.example.invalid/e02-10/6-16?utm_source=share&ref=hmjbobx6
FXsC,https://made.example.invalid/e02-10/4-17?utm_source=share&ref=yr34hzrg
FXsD,https://made.example.invalid/e02-10/3-18?utm_source=share&ref=yfi2f9d2
FXsE,https://made.example.invalid/e02-10/9-19?utm_source=share&ref=e4hrfxzm
FXsF,https://made.example.invalid/e02-10/2-20?utm_source=share&ref=s29o4jef
FXsG,https://made.example.invalid/e02-10/6-21?utm_source=share&ref=7rm42dls
FXsH,https://made.example.invalid/e02-10/4-22?utm_source=share&ref=kygv3iuh
FXsI,https://made.example.invalid/e02-10/3-23?utm_source=share&ref=k6l8jbt6
FXsJ,https://made.example.invalid/e02-10/9-24?utm_source=share&ref=c9y3mter
FXsK,https://made.example.invalid/e02-10/2-25?utm_source=share&ref=4oa4iv6z
FXsL,https://made.example.invalid/e02-10/6-26?utm_source=share&ref=jyhnuml1
FXsM,https://made.example.invalid/e02-10/4-27?utm_source=share&ref=e8jlqkb7
FXsN,https://made.example.invalid/e02-10/3-28?utm_source=share&ref=0p0zjlrs
FXsO,https://made.example.invalid/e02-10/9-29?utm_source=share&ref=c1ehr78b
FXsP,https://made.example.invalid/e02-10/2-30?utm_source=share&ref=wpgzk4bd
FXsQ,https://made.example.invalid/e02-10/6-31?utm_source=share&ref=lkzbr1id
FXsR,https://made.example.invalid/e02-10/4-32?utm_source=share&ref=mdczsvdk
FXsS,https://made.example.invalid/e02-10/3-33?utm_source=share&ref=exbw8ap4
FXsT,https://made.example.invalid/e02-10/9-34?utm_source=share&ref=hpb5xgpy
FXsU,https://made.example.invalid/e02-10/2-35?utm_source=share&ref=mknggxjx
FXsV,https://made.example.invalid/e02-10/6-36?utm_source=share&ref=gr8pbkyt
FXsW,https://made.example.invalid/e02-10/4-37?utm_source=share&ref=9h1ja5x6
FXsX,https://made.example.invalid/e02-10/3-38?utm_source=share&ref=m48sc65j
FXsY,https://made.example.invalid/e02-10/9-39?utm_source=share&ref=r918czlh
FXsZ,https://made.example.invalid/e02-10/2-40?utm_source=share&ref=ag0mx39b
FXt0,https://made.example.invalid/e02-10/6-41?utm_source=share&ref=sro9js63
FXt1,https://made.example.invalid/e02-10/4-42?utm_source=share&ref=zax2qjkq
FXt2,https://made.example.invalid/e02-10/3-43?utm_source=share&ref=d3kg6k0f
FXt3,https://made.example.invalid/e02-10/9-44?utm_source=share&ref=4kp30zfu
FXt4,https://made.example.invalid/e02-10/2-45?utm_source=share&ref=i6bgca2c
FXt5,https://made.example.invalid/e02-10/6-46?utm_source=share&ref=48k51hd8
FXt6,https://made.example.invalid/e02-10/4-47?utm_source=share&ref=ymelebsw
FXt7,https://made.example.invalid/e02-10/3-48?utm_source=share&ref=jam94jrj
FXt8,https://made.example.invalid/e02-10/9-49?utm_source=share&ref=bxg99zi4
FXt9,https://made.example.invalid/e02-10/2-50?utm_source=share&ref=vfcijyfw
FXta,https://made.example.invalid/e02-10/6-51?utm_source=share&ref=vza1eu9d
FXtb,https://made.example.invalid/e02-10/4-52?utm_source=share&ref=h3erwtia
FXtc,https://made.example.invalid/e02-10/3-53?utm_source=share&ref=oxo5p2f2
FXtd,https://made.example.invalid/e02-10/9-54?utm_source=share&ref=7ovgbful
FXte,https://made.example.invalid/e02-10/2-55?utm_source=share&ref=s2w4ouvo
FXtf,https://made.example.invalid/e02-10/6-56?utm_source=share&ref=i5gfyavv
FXtg,https://made.example.invalid/e02-10/4-57?utm_source=share&ref=9kmombxv
FXth,https://made.example.invalid/e02-10/3-58?utm_source=share&ref=lu5qfcoz
FXti,https://made.example.invalid/e02-10/9-59?utm_source=share&ref=i0wnrfyq
FXtj,https://made.example.invalid/e02-10/2-60?utm_source=share&ref=agfz08ko
FXtk,https://made.example.invalid/e02-10/6-61?utm_source=share&ref=geivn590
FXtl,https://made.example.invalid/e02-10/4-62?utm_source=share&ref=blli53p2
FXtm,https://made.example.invalid/e02-10/3-63?utm_source=share&ref=uir3ie44
FXtn,https://made.example.invalid/e02-10/9-64?utm_source=share&ref=slzdcja4
FXto,https://made.example.invalid/e02-10/2-65?utm_source=share&ref=9uz3fbq9
FXtp,https://made.example.invalid/e02-10/6-66?utm_source=share&ref=pogvld5j
FXtq,https://made.example.invalid/e02-10/4-67?utm_source=share&ref=xhxyfpbr
FXtr,https://made.example.invalid/e02-10/3-68?utm_source=share&ref=p8ptke6w
FXts,https://made.example.invalid/e02-10/9-69?utm_source=share&ref=mxj5gsd0
FXtt,https://made.example.invalid/e02-10/2-70?utm_source=share&ref=khn7nwgo
FXtu,https://made.example.invalid/e02-10/6-71?utm_source=share&ref=gtuknct1
FXtv,https://made.example.invalid/e02-10/4-72?utm_source=share&ref=4of3nzuq
FXtw,https://made.example.invalid/e02-10/3-73?utm_source=share&ref=4nhpd7hb
FXtx,https://made.example.invalid/e02-10/9-74?utm_source=share&ref=222wjeyi
FXty,https://made.example.invalid/e02-10/2-75?utm_source=share&ref=e3lfuk23
FXtz,https://made.example.invalid/e02-10/6-76?utm_source=share&ref=jwx6ng0q
FXtA,https://made.example.invalid/e02-10/4-77?utm_source=share&ref=jl1tn4bj
FXtB,https://made.example.invalid/e02-10/3-78?utm_source=share&ref=s80jq3an
FXtC,https://made.example.invalid/e02-10/9-79?utm_source=share&ref=8d0mmzv0
FXtD,https://made.example.invalid/e02-10/2-80?utm_source=share&ref=uhre29yh
FXtE,https://made.example.invalid/e02-10/6-81?utm_source=share&ref=5ryvdhyh
FXtF,https://made.example.invalid/e02-10/4-82?utm_source=share&ref=7z196yjt
FXtG,https://made.example.invalid/e02-10/3-83?utm_source=share&ref=ez4eu7ac
FXtH,https://made.example.invalid/e02-10/9-84?utm_source=share&ref=l8kg0txg
FXtI,https://made.example.invalid/e02-10/2-85?utm_source=share&ref=xm4c7lqq
FXtJ,https://made.example.invalid/e02-10/6-86?utm_source=share&ref=e996rz8b
FXtK,https://made.example.invalid/e02-10/4-87?utm_source=share&ref=aycuuhkg
FXtL,https://made.example.invalid/e02-10/3-88?utm_source=share&ref=dh9ayjhv
FXtM,https://made.example.invalid/e02-10/9-89?utm_source=share&ref=ixqqshm4
FXtN,https://made.example.invalid/e02-10/2-90?utm_source=share&ref=3vbgzyxe
FXtO,https://made.example.invalid/e02-10/6-91?utm_source=share&ref=dmniclke
FXtP,https://made.example.invalid/e02-10/4-92?utm_source=share&ref=cb08hs04
FXtQ,https://made.example.invalid/e02-10/3-93?utm_source=share&ref=hx6y15xi
FXtR,https://made.example.invalid/e02-10/9-94?utm_source=share&ref=0oyw6o5c
FXtS,https://made.example.invalid/e02-10/2-95?utm_source=share&ref=myyoh3tb
FXtT,https://made.example.invalid/e02-10/6-96?utm_source=share&ref=png5bj2s
FXtU,https://made.example.invalid/e02-10/4-97?utm_source=share&ref=ncpuepuz
FXtV,https://made.example.invalid/e02-10/3-98?utm_source=share&ref=h58stg3v
FXtW,https://made.example.invalid/e02-10/9-99?utm_source=share&ref=2hs0rt9t
FXtX,https://made.example.invalid/e02-10/2-100?utm_source=share&ref=cjxmjbs0
FXtY,https://made.example.invalid/e02-10/6-101?utm_source=share&ref=wto17iol
FXtZ,https://made.example.invalid/e02-10/4-102?utm_source=share&ref=pnx0qijr
FXu0,https://made.example.invalid/e02-10/3-103?utm_source=share&ref=mdkxhl55
FXu1,https://made.example.invalid/e02-10/9-104?utm_source=share&ref=mkvxrwff
FXu2,https://made.example.invalid/e02-10/2-105?utm_source=share&ref=qijukg2q
FXu3,https://made.example.invalid/e02-10/6-106?utm_source=share&ref=uq71gj9p
FXu4,https://made.example.invalid/e02-10/4-107?utm_source=share&ref=8yt9lvxc
FXu5,https://made.example.invalid/e02-10/3-108?utm_source=share&ref=yx917xf3
FXu6,https://made.example.invalid/e02-10/9-109?utm_source=share&ref=85mlh4rs
FXu7,https://made.example.invalid/e02-10/2-110?utm_source=share&ref=jb9pg3oz
FXu8,https://made.example.invalid/e02-10/6-111?utm_source=share&ref=brn070ng
FXu9,https://made.example.invalid/e02-10/4-112?utm_source=share&ref=3c3qhpzf
FXua,https://made.example.invalid/e02-10/3-113?utm_source=share&ref=6mhjg86c
FXub,https://made.example.invalid/e02-10/9-114?utm_source=share&ref=ri8g9l3x
FXuc,https://made.example.invalid/e02-10/2-115?utm_source=share&ref=en8kbwxq
FXud,https://made.example.invalid/e02-10/6-116?utm_source=share&ref=y7pov7c6
FXue,https://made.example.invalid/e02-10/4-117?utm_source=share&ref=93l4umcb
FXuf,https://made.example.invalid/e02-10/3-118?utm_source=share&ref=5h6ewa05
FXug,https://made.example.invalid/e02-10/9-119?utm_source=share&ref=fq1ay7vv
FXuh,https://made.example.invalid/e02-10/2-120?utm_source=share&ref=92gm60sq
FXui,https://made.example.invalid/e02-10/6-121?utm_source=share&ref=4sqizxlo
FXuj,https://made.example.invalid/e02-10/4-122?utm_source=share&ref=njaijrka
FXuk,https://made.example.invalid/e02-10/3-123?utm_source=share&ref=1xh76ylo
FXul,https://made.example.invalid/e02-10/9-124?utm_source=share&ref=jwxkk5e9
FXum,https://made.example.invalid/e02-10/2-125?utm_source=share&ref=34pw18m2
FXun,https://made.example.invalid/e02-10/6-126?utm_source=share&ref=l4qoypig
FXuo,https://made.example.invalid/e02-10/4-127?utm_source=share&ref=yvxhn2ug
FXup,https://made.example.invalid/e02-10/3-128?utm_source=share&ref=u0rdk7fb
FXuq,https://made.example.invalid/e02-10/9-129?utm_source=share&ref=6f3w8ibf
FXur,https://made.example.invalid/e02-10/2-130?utm_source=share&ref=hox4f596
FXus,https://made.example.invalid/e02-10/6-131?utm_source=share&ref=nkp9rzhh
FXut,https://made.example.invalid/e02-10/4-132?utm_source=share&ref=nv8wz0ql
FXuu,https://made.example.invalid/e02-10/3-133?utm_source=share&ref=scp11bra
FXuv,https://made.example.invalid/e02-10/9-134?utm_source=share&ref=544m10l8
FXuw,https://made.example.invalid/e02-10/2-135?utm_source=share&ref=tqohs1w5
FXux,https://made.example.invalid/e02-10/6-136?utm_source=share&ref=aahxis9y
FXuy,https://made.example.invalid/e02-10/4-137?utm_source=share&ref=rvygjf34
FXuz,https://made.example.invalid/e02-10/3-138?utm_source=share&ref=70fw7lxu
FXuA,https://made.example.invalid/e02-10/9-139?utm_source=share&ref=hwx3ckm8
FXuB,https://made.example.invalid/e02-10/2-140?utm_source=share&ref=7fc6za55
FXuC,https://made.example.invalid/e02-10/6-141?utm_source=share&ref=nojcslle
FXuD,https://made.example.invalid/e02-10/4-142?utm_source=share&ref=hsd89v6d
FXuE,https://made.example.invalid/e02-10/3-143?utm_source=share&ref=i5vto9en
FXuF,https://made.example.invalid/e02-10/9-144?utm_source=share&ref=ijopk40t
FXuG,https://made.example.invalid/e02-10/2-145?utm_source=share&ref=y1sngr2b
FXuH,https://made.example.invalid/e02-10/6-146?utm_source=share&ref=7upe15sm
FXuI,https://made.example.invalid/e02-10/4-147?utm_source=share&ref=9wtbffe9
FXuJ,https://made.example.invalid/e02-10/3-148?utm_source=share&ref=pokfimz2
FXuK,https://made.example.invalid/e02-10/9-149?utm_source=share&ref=q6zos1qd
FXuL,https://made.example.invalid/e02-10/2-150?utm_source=share&ref=40y4wl7p
FXuM,https://made.example.invalid/e02-10/6-151?utm_source=share&ref=cqcz1kme
FXuN,https://made.example.invalid/e02-10/4-152?utm_source=share&ref=e3e0j23y
FXuO,https://made.example.invalid/e02-10/3-153?utm_source=share&ref=l9mf7zu6
FXuP,https://made.example.invalid/e02-10/9-154?utm_source=share&ref=0ffcmusg
FXuQ,https://made.example.invalid/e02-10/2-155?utm_source=share&ref=wnkwtzm6
FXuR,https://made.example.invalid/e02-10/6-156?utm_source=share&ref=pnrso7u2
FXuS,https://made.example.invalid/e02-10/4-157?utm_source=share&ref=a881v851
FXuT,https://made.example.invalid/e02-10/3-158?utm_source=share&ref=2gp7h6ef
FXuU,https://made.example.invalid/e02-10/9-159?utm_source=share&ref=pos2l1la
FXuV,https://made.example.invalid/e02-10/2-160?utm_source=share&ref=o33l7qh4
FXuW,https://made.example.invalid/e02-10/6-161?utm_source=share&ref=8hts68i3
FXuX,https://made.example.invalid/e02-10/4-162?utm_source=share&ref=y9dlcvj9
FXuY,https://made.example.invalid/e02-10/3-163?utm_source=share&ref=s6x5h0u7
FXuZ,https://made.example.invalid/e02-10/9-164?utm_source=share&ref=abmwnu8x
FXv0,https://made.example.invalid/e02-10/2-165?utm_source=share&ref=6p4gh4qr
FXv1,https://made.example.invalid/e02-10/6-166?utm_source=share&ref=5dw86hjt
FXv2,https://made.example.invalid/e02-10/4-167?utm_source=share&ref=qjbwghtz
FXv3,https://made.example.invalid/e02-10/3-168?utm_source=share&ref=dweejzom
FXv4,https://made.example.invalid/e02-10/9-169?utm_source=share&ref=0y6ualci
FXv5,https://made.example.invalid/e02-10/2-170?utm_source=share&ref=10cy67vc
FXv6,https://made.example.invalid/e02-10/6-171?utm_source=share&ref=xhiyay7o
FXv7,https://made.example.invalid/e02-10/4-172?utm_source=share&ref=d7p3n8jf
FXv8,https://made.example.invalid/e02-10/3-173?utm_source=share&ref=xkumew78
FXv9,https://made.example.invalid/e02-10/9-174?utm_source=share&ref=46jeewfc
FXva,https://made.example.invalid/e02-10/2-175?utm_source=share&ref=8gkovofe
FXvb,https://made.example.invalid/e02-10/6-176?utm_source=share&ref=kg3f9mkf
FXvc,https://made.example.invalid/e02-10/4-177?utm_source=share&ref=xpcgj22y
FXvd,https://made.example.invalid/e02-10/3-178?utm_source=share&ref=19fbocew
FXve,https://made.example.invalid/e02-10/9-179?utm_source=share&ref=krosb8rs
FXvf,https://made.example.invalid/e02-10/2-180?utm_source=share&ref=hg4pfcqd
FXvg,https://made.example.invalid/e02-10/6-181?utm_source=share&ref=k05ebvhh
FXvh,https://made.example.invalid/e02-10/4-182?utm_source=share&ref=2hhdl4cl
FXvi,https://made.example.invalid/e02-10/3-183?utm_source=share&ref=3j81eqr2
FXvj,https://made.example.invalid/e02-10/9-184?utm_source=share&ref=qn5qat2e
FXvk,https://made.example.invalid/e02-10/2-185?utm_source=share&ref=i5z95pe4
FXvl,https://made.example.invalid/e02-10/6-186?utm_source=share&ref=kmqrfw0u
FXvm,https://made.example.invalid/e02-10/4-187?utm_source=share&ref=qsu6un3c
FXvn,https://made.example.invalid/e02-10/3-188?utm_source=share&ref=sluxt5by
FXvo,https://made.example.invalid/e02-10/9-189?utm_source=share&ref=utst9xab
FXvp,https://made.example.invalid/e02-10/2-190?utm_source=share&ref=cddxgv58
FXvq,https://made.example.invalid/e02-10/6-191?utm_source=share&ref=iosh6284
FXvr,https://made.example.invalid/e02-10/4-192?utm_source=share&ref=9qjxgihu
FXvs,https://made.example.invalid/e02-10/3-193?utm_source=share&ref=v5jm42yt
FXvt,https://made.example.invalid/e02-10/9-194?utm_source=share&ref=zix0jw6n
FXvu,https://made.example.invalid/e02-10/2-195?utm_source=share&ref=2jtk9pay
FXvv,https://made.example.invalid/e02-10/6-196?utm_source=share&ref=r1bt8rca
FXvw,https://made.example.invalid/e02-10/4-197?utm_source=share&ref=t7yq1hhf
FXvx,https://made.example.invalid/e02-10/3-198?utm_source=share&ref=00o1n48e
FXvy,https://made.example.invalid/e02-10/9-199?utm_source=share&ref=ttxjb124
FXvz,https://made.example.invalid/e02-10/2-200?utm_source=share&ref=jx001niv
FXvA,https://made.example.invalid/e02-10/6-201?utm_source=share&ref=ii17zwwh
FXvB,https://made.example.invalid/e02-10/4-202?utm_source=share&ref=1d0idxwy
FXvC,https://made.example.invalid/e02-10/3-203?utm_source=share&ref=lwkrwurv
FXvD,https://made.example.invalid/e02-10/9-204?utm_source=share&ref=5vjxzeju
FXvE,https://made.example.invalid/e02-10/2-205?utm_source=share&ref=c3bcmolj
FXvF,https://made.example.invalid/e02-10/6-206?utm_source=share&ref=b7mlr3xy
FXvG,https://made.example.invalid/e02-10/4-207?utm_source=share&ref=g1izmhof
FXvH,https://made.example.invalid/e02-10/3-208?utm_source=share&ref=yesvqr3z
FXvI,https://made.example.invalid/e02-10/9-209?utm_source=share&ref=7ksycae2
FXvJ,https://made.example.invalid/e02-10/2-210?utm_source=share&ref=7wkfp54o
FXvK,https://made.example.invalid/e02-10/6-211?utm_source=share&ref=aulht790
FXvL,https://made.example.invalid/e02-10/4-212?utm_source=share&ref=bpuxmh0j
FXvM,https://made.example.invalid/e02-10/3-213?utm_source=share&ref=pg0qn21k
FXvN,https://made.example.invalid/e02-10/9-214?utm_source=share&ref=yll3fgfl
FXvO,https://made.example.invalid/e02-10/2-215?utm_source=share&ref=9afgcdb1
FXvP,https://made.example.invalid/e02-10/6-216?utm_source=share&ref=jdwf3k8b
FXvQ,https://made.example.invalid/e02-10/4-217?utm_source=share&ref=s0ynhatq
FXvR,https://made.example.invalid/e02-10/3-218?utm_source=share&ref=19bsax9i
FXvS,https://made.example.invalid/e02-10/9-219?utm_source=share&ref=q2n34anc
FXvT,https://made.example.invalid/e02-10/2-220?utm_source=share&ref=dtsnl9gx
FXvU,https://made.example.invalid/e02-10/6-221?utm_source=share&ref=ii29vr35
FXvV,https://made.example.invalid/e02-10/4-222?utm_source=share&ref=e47bosqm
FXvW,https://made.example.invalid/e02-10/3-223?utm_source=share&ref=b83utow2
FXvX,https://made.example.invalid/e02-10/9-224?utm_source=share&ref=djk9g5ak
FXvY,https://made.example.invalid/e02-10/2-225?utm_source=share&ref=u1dahg0m
FXvZ,https://made.example.invalid/e02-10/6-226?utm_source=share&ref=6vs0k568
FXw0,https://made.example.invalid/e02-10/4-227?utm_source=share&ref=ac0x1bs9
FXw1,https://made.example.invalid/e02-10/3-228?utm_source=share&ref=lgf0jdo3
FXw2,https://made.example.invalid/e02-10/9-229?utm_source=share&ref=jx9k5e1s
FXw3,https://made.example.invalid/e02-10/2-230?utm_source=share&ref=vs8vmrx8
FXw4,https://made.example.invalid/e02-10/6-231?utm_source=share&ref=srnbp2ug
FXw5,https://made.example.invalid/e02-10/4-232?utm_source=share&ref=5jpuwbo0
FXw6,https://made.example.invalid/e02-10/3-233?utm_source=share&ref=wpa7iala
FXw7,https://made.example.invalid/e02-10/9-234?utm_source=share&ref=nq1nsos3
FXw8,https://made.example.invalid/e02-10/2-235?utm_source=share&ref=64fjj8he
FXw9,https://made.example.invalid/e02-10/6-236?utm_source=share&ref=jdoqlju6
FXwa,https://made.example.invalid/e02-10/4-237?utm_source=share&ref=8qv3zrx7
FXwb,https://made.example.invalid/e02-10/3-238?utm_source=share&ref=cfmaawv6
FXwc,https://made.example.invalid/e02-10/9-239?utm_source=share&ref=i1rqybn9
FXwd,https://made.example.invalid/e02-10/2-240?utm_source=share&ref=ui7ufs9g
FXwe,https://made.example.invalid/e02-10/6-241?utm_source=share&ref=qjvtba8w
FXwf,https://made.example.invalid/e02-10/4-242?utm_source=share&ref=cli8g33b
FXwg,https://made.example.invalid/e02-10/3-243?utm_source=share&ref=6nv2x5o7
FXwh,https://made.example.invalid/e02-10/9-244?utm_source=share&ref=nmy5gdsw
FXwi,https://made.example.invalid/e02-10/2-245?utm_source=share&ref=g5mp7wm1
FXwj,https://made.example.invalid/e02-10/6-246?utm_source=share&ref=rzla2bjl
FXwk,https://made.example.invalid/e02-10/4-247?utm_source=share&ref=jq38x81o
FXwl,https://made.example.invalid/e02-10/3-248?utm_source=share&ref=q7wgwkhr
FXwm,https://made.example.invalid/e02-10/9-249?utm_source=share&ref=iye6fzg0
FXwn,https://made.example.invalid/e02-10/2-250?utm_source=share&ref=n60u0qm4
FXwo,https://made.example.invalid/e02-10/6-251?utm_source=share&ref=487tb7tw
FXwp,https://made.example.invalid/e02-10/4-252?utm_source=share&ref=py076wcv
FXwq,https://made.example.invalid/e02-10/3-253?utm_source=share&ref=srqn94l3
FXwr,https://made.example.invalid/e02-10/9-254?utm_source=share&ref=nll0puq0
FXws,https://made.example.invalid/e02-10/2-255?utm_source=share&ref=lbbgh1bc
FXwt,https://made.example.invalid/e02-10/6-256?utm_source=share&ref=qskkxvrj
FXwu,https://made.example.invalid/e02-10/4-257?utm_source=share&ref=vf9ztbuq
FXwv,https://made.example.invalid/e02-10/3-258?utm_source=share&ref=mmswe8kw
FXww,https://made.example.invalid/e02-10/9-259?utm_source=share&ref=9rswjy4z
FXwx,https://made.example.invalid/e02-10/2-260?utm_source=share&ref=7q846bnp
FXwy,https://made.example.invalid/e02-10/6-261?utm_source=share&ref=hvfgt0no
FXwz,https://made.example.invalid/e02-10/4-262?utm_source=share&ref=ekhq37ou
FXwA,https://made.example.invalid/e02-10/3-263?utm_source=share&ref=tcmw7r7j
FXwB,https://made.example.invalid/e02-10/9-264?utm_source=share&ref=idlo4an4
FXwC,https://made.example.invalid/e02-10/2-265?utm_source=share&ref=nyh2syl6
FXwD,https://made.example.invalid/e02-10/6-266?utm_source=share&ref=isx7d1zz
FXwE,https://made.example.invalid/e02-10/4-267?utm_source=share&ref=yct4vsoc
FXwF,https://made.example.invalid/e02-10/3-268?utm_source=share&ref=p5plw9qh
FXwG,https://made.example.invalid/e02-10/9-269?utm_source=share&ref=iybxjbaf
FXwH,https://made.example.invalid/e02-10/2-270?utm_source=share&ref=l0suaxfa
FXwI,https://made.example.invalid/e02-10/6-271?utm_source=share&ref=efea34zt
FXwJ,https://made.example.invalid/e02-10/4-272?utm_source=share&ref=w0h606fv
FXwK,https://made.example.invalid/e02-10/3-273?utm_source=share&ref=xvw8v2uc
FXwL,https://made.example.invalid/e02-10/9-274?utm_source=share&ref=kj2zcoh4
FXwM,https://made.example.invalid/e02-10/2-275?utm_source=share&ref=tjk7yfe1
FXwN,https://made.example.invalid/e02-10/6-276?utm_source=share&ref=7z2pj4se
FXwO,https://made.example.invalid/e02-10/4-277?utm_source=share&ref=dfett1qj
FXwP,https://made.example.invalid/e02-10/3-278?utm_source=share&ref=8e36lf3y
FXwQ,https://made.example.invalid/e02-10/9-279?utm_source=share&ref=baybfbip
FXwR,https://made.example.invalid/e02-10/2-280?utm_source=share&ref=rvwzp91b
FXwS,https://made.example.invalid/e02-10/6-281?utm_source=share&ref=zlfg1pd1
FXwT,https://made.example.invalid/e02-10/4-282?utm_source=share&ref=boqe1w1t
FXwU,https://made.example.invalid/e02-10/3-283?utm_source=share&ref=vw675zph
FXwV,https://made.example.invalid/e02-10/9-284?utm_source=share&ref=aq4qhfpk
FXwW,https://made.example.invalid/e02-10/2-285?utm_source=share&ref=8n18hq0p
FXwX,https://made.example.invalid/e02-10/6-286?utm_source=share&ref=e9zx16jf
FXwY,https://made.example.invalid/e02-10/4-287?utm_source=share&ref=im2iirap
FXwZ,https://made.example.invalid/e02-10/3-288?utm_source=share&ref=udkq61kc
FXx0,https://made.example.invalid/e02-10/9-289?utm_source=share&ref=zv2nw9wj
FXx1,https://made.example.invalid/e02-10/2-290?utm_source=share&ref=ilt8q3w4
FXx2,https://made.example.invalid/e02-10/6-291?utm_source=share&ref=aizwfq68
FXx3,https://made.example.invalid/e02-10/4-292?utm_source=share&ref=vekco0yl
FXx4,https://made.example.invalid/e02-10/3-293?utm_source=share&ref=515ei89c
FXx5,https://made.example.invalid/e02-10/9-294?utm_source=share&ref=cmikk2bl
FXx6,https://made.example.invalid/e02-10/2-295?utm_source=share&ref=zm603cy5
FXx7,https://made.example.invalid/e02-10/6-296?utm_source=share&ref=3vhvk6mb
FXx8,https://made.example.invalid/e02-10/4-297?utm_source=share&ref=09d9ivx6
FXx9,https://made.example.invalid/e02-10/3-298?utm_source=share&ref=3vb6biin
FXxa,https://made.example.invalid/e02-10/9-299?utm_source=share&ref=7t0bzs13
FXxb,https://made.example.invalid/e02-10/2-300?utm_source=share&ref=7d45jajc
FXxc,https://made.example.invalid/e02-10/6-301?utm_source=share&ref=i3fgq6ar
FXxd,https://made.example.invalid/e02-10/4-302?utm_source=share&ref=f2xein7c
FXxe,https://made.example.invalid/e02-10/3-303?utm_source=share&ref=u8w335os
FXxf,https://made.example.invalid/e02-10/9-304?utm_source=share&ref=f5q6y5em
FXxg,https://made.example.invalid/e02-10/2-305?utm_source=share&ref=vt4bj188
FXxh,https://made.example.invalid/e02-10/6-306?utm_source=share&ref=zvz4b9e4
FXxi,https://made.example.invalid/e02-10/4-307?utm_source=share&ref=r8ey1s63
FXxj,https://made.example.invalid/e02-10/3-308?utm_source=share&ref=klxy49a3
FXxk,https://made.example.invalid/e02-10/9-309?utm_source=share&ref=8akmnmlc
FXxl,https://made.example.invalid/e02-10/2-310?utm_source=share&ref=4r9mqwqk
FXxm,https://made.example.invalid/e02-10/6-311?utm_source=share&ref=ttis8335
FXxn,https://made.example.invalid/e02-10/4-312?utm_source=share&ref=wzlake47
FXxo,https://made.example.invalid/e02-10/3-313?utm_source=share&ref=4767chha
FXxp,https://made.example.invalid/e02-10/9-314?utm_source=share&ref=5txw1joa
FXxq,https://made.example.invalid/e02-10/2-315?utm_source=share&ref=ca8l9hh2
FXxr,https://made.example.invalid/e02-10/6-316?utm_source=share&ref=s16tgbe0
FXxs,https://made.example.invalid/e02-10/4-317?utm_source=share&ref=dnx4ohfk
FXxt,https://made.example.invalid/e02-10/3-318?utm_source=share&ref=1ze55rq2
FXxu,https://made.example.invalid/e02-10/9-319?utm_source=share&ref=gnjok99g
FXxv,https://made.example.invalid/e02-10/2-320?utm_source=share&ref=bye1t6bz
FXxw,https://made.example.invalid/e02-10/6-321?utm_source=share&ref=oycoxhei
FXxx,https://made.example.invalid/e02-10/4-322?utm_source=share&ref=ms1s2aip
FXxy,https://made.example.invalid/e02-10/3-323?utm_source=share&ref=u62a043c
FXxz,https://made.example.invalid/e02-10/9-324?utm_source=share&ref=u520s6bi
FXxA,https://made.example.invalid/e02-10/2-325?utm_source=share&ref=ozway86o
FXxB,https://made.example.invalid/e02-10/6-326?utm_source=share&ref=sjyxt4by
FXxC,https://made.example.invalid/e02-10/4-327?utm_source=share&ref=9asasafw
FXxD,https://made.example.invalid/e02-10/3-328?utm_source=share&ref=5yyog1iu
FXxE,https://made.example.invalid/e02-10/9-329?utm_source=share&ref=z7mv540f
FXxF,https://made.example.invalid/e02-10/2-330?utm_source=share&ref=47m96x27
FXxG,https://made.example.invalid/e02-10/6-331?utm_source=share&ref=mcax5832
FXxH,https://made.example.invalid/e02-10/4-332?utm_source=share&ref=l6p6qrng
FXxI,https://made.example.invalid/e02-10/3-333?utm_source=share&ref=s6fa0a7b
FXxJ,https://made.example.invalid/e02-10/9-334?utm_source=share&ref=ppv25dwi
FXxK,https://made.example.invalid/e02-10/2-335?utm_source=share&ref=qo3jcgxa
FXxL,https://made.example.invalid/e02-10/6-336?utm_source=share&ref=cl831ole
FXxM,https://made.example.invalid/e02-10/4-337?utm_source=share&ref=166m0c7g
FXxN,https://made.example.invalid/e02-10/3-338?utm_source=share&ref=odw1zlqu
FXxO,https://made.example.invalid/e02-10/9-339?utm_source=share&ref=ktwtj0f0
FXxP,https://made.example.invalid/e02-10/2-340?utm_source=share&ref=j343i5rm
FXxQ,https://made.example.invalid/e02-10/6-341?utm_source=share&ref=lg5bylzd
FXxR,https://made.example.invalid/e02-10/4-342?utm_source=share&ref=6h1vrm0f
FXxS,https://made.example.invalid/e02-10/3-343?utm_source=share&ref=31h4o8oy
FXxT,https://made.example.invalid/e02-10/9-344?utm_source=share&ref=ago9crop
FXxU,https://made.example.invalid/e02-10/2-345?utm_source=share&ref=ac5mp6z0
FXxV,https://made.example.invalid/e02-10/6-346?utm_source=share&ref=441ubawr
FXxW,https://made.example.invalid/e02-10/4-347?utm_source=share&ref=sbamtg7b
FXxX,https://made.example.invalid/e02-10/3-348?utm_source=share&ref=lxs3bk86
FXxY,https://made.example.invalid/e02-10/9-349?utm_source=share&ref=rvcd7apg
FXxZ,https://made.example.invalid/e02-10/2-350?utm_source=share&ref=jbs7rjg5
FXy0,https://made.example.invalid/e02-10/6-351?utm_source=share&ref=hhflvznf
FXy1,https://made.example.invalid/e02-10/4-352?utm_source=share&ref=xri73q6p
FXy2,https://made.example.invalid/e02-10/3-353?utm_source=share&ref=mggmf95c
FXy3,https://made.example.invalid/e02-10/9-354?utm_source=share&ref=5pgmvia3
FXy4,https://made.example.invalid/e02-10/2-355?utm_source=share&ref=7uzbb4pl
FXy5,https://made.example.invalid/e02-10/6-356?utm_source=share&ref=icr0ca24
FXy6,https://made.example.invalid/e02-10/4-357?utm_source=share&ref=9pa58b8b
FXy7,https://made.example.invalid/e02-10/3-358?utm_source=share&ref=j2pild07
FXy8,https://made.example.invalid/e02-10/9-359?utm_source=share&ref=6j3amin7
FXy9,https://made.example.invalid/e02-10/2-360?utm_source=share&ref=dudplvh3
FXya,https://made.example.invalid/e02-10/6-361?utm_source=share&ref=vvnwp26z
FXyb,https://made.example.invalid/e02-10/4-362?utm_source=share&ref=iwbqypey
FXyc,https://made.example.invalid/e02-10/3-363?utm_source=share&ref=xinomnso
FXyd,https://made.example.invalid/e02-10/9-364?utm_source=share&ref=14fv4tc1
FXye,https://made.example.invalid/e02-10/2-365?utm_source=share&ref=l0b7s77w
FXyf,https://made.example.invalid/e02-10/6-366?utm_source=share&ref=97okxlr4
FXyg,https://made.example.invalid/e02-10/4-367?utm_source=share&ref=rt9qta4y
FXyh,https://made.example.invalid/e02-10/3-368?utm_source=share&ref=gzf41mw1
FXyi,https://made.example.invalid/e02-10/9-369?utm_source=share&ref=mbk8lwl9
FXyj,https://made.example.invalid/e02-10/2-370?utm_source=share&ref=5sryuh9s
FXyk,https://made.example.invalid/e02-10/6-371?utm_source=share&ref=w6km5ekm
FXyl,https://made.example.invalid/e02-10/4-372?utm_source=share&ref=ignheqvq
FXym,https://made.example.invalid/e02-10/3-373?utm_source=share&ref=u486u33q
FXyn,https://made.example.invalid/e02-10/9-374?utm_source=share&ref=6z32dcco
FXyo,https://made.example.invalid/e02-10/2-375?utm_source=share&ref=ip8naipr
FXyp,https://made.example.invalid/e02-10/6-376?utm_source=share&ref=mxqwocl9
FXyq,https://made.example.invalid/e02-10/4-377?utm_source=share&ref=81eoae7e
FXyr,https://made.example.invalid/e02-10/3-378?utm_source=share&ref=1ywql87s
FXys,https://made.example.invalid/e02-10/9-379?utm_source=share&ref=gtc19zn9
FXyt,https://made.example.invalid/e02-10/2-380?utm_source=share&ref=3dlxgfvb
FXyu,https://made.example.invalid/e02-10/6-381?utm_source=share&ref=qm0vpe3e
FXyv,https://made.example.invalid/e02-10/4-382?utm_source=share&ref=olv3al7g
FXyw,https://made.example.invalid/e02-10/3-383?utm_source=share&ref=u3nlrvvt
FXyx,https://made.example.invalid/e02-10/9-384?utm_source=share&ref=2f4mdkyi
FXyy,https://made.example.invalid/e02-10/2-385?utm_source=share&ref=k8014h9j
FXyz,https://made.example.invalid/e02-10/6-386?utm_source=share&ref=lo9koqnr
FXyA,https://made.example.invalid/e02-10/4-387?utm_source=share&ref=j7g809f1
FXyB,https://made.example.invalid/e02-10/3-388?utm_source=share&ref=un2t4pkr
FXyC,https://made.example.invalid/e02-10/9-389?utm_source=share&ref=7u9xsa5j
FXyD,https://made.example.invalid/e02-10/2-390?utm_source=share&ref=kt7i24wf
FXyE,https://made.example.invalid/e02-10/6-391?utm_source=share&ref=ktlwrczc
FXyF,https://made.example.invalid/e02-10/4-392?utm_source=share&ref=5fj20c3z
FXyG,https://made.example.invalid/e02-10/3-393?utm_source=share&ref=c1k2t73n
FXyH,https://made.example.invalid/e02-10/9-394?utm_source=share&ref=x0pvwy1a
FXyI,https://made.example.invalid/e02-10/2-395?utm_source=share&ref=d3ajf1cl
FXyJ,https://made.example.invalid/e02-10/6-396?utm_source=share&ref=17rn3f8b
FXyK,https://made.example.invalid/e02-10/4-397?utm_source=share&ref=m4vfvmvg
FXyL,https://made.example.invalid/e02-10/3-398?utm_source=share&ref=w2bfpb35
FXyM,https://made.example.invalid/e02-10/9-399?utm_source=share&ref=l6ut72rb
FXyN,https://made.example.invalid/e02-10/2-400?utm_source=share&ref=yq50mbb9
FXyO,https://made.example.invalid/e02-10/6-401?utm_source=share&ref=fc2woj3g
FXyP,https://made.example.invalid/e02-10/4-402?utm_source=share&ref=unuh5u1u
FXyQ,https://made.example.invalid/e02-10/3-403?utm_source=share&ref=gzyhat74
FXyR,https://made.example.invalid/e02-10/9-404?utm_source=share&ref=2rckt8g3
FXyS,https://made.example.invalid/e02-10/2-405?utm_source=share&ref=1ypd6dv4
FXyT,https://made.example.invalid/e02-10/6-406?utm_source=share&ref=5ubdmycj
FXyU,https://made.example.invalid/e02-10/4-407?utm_source=share&ref=yw3bhggr
FXyV,https://made.example.invalid/e02-10/3-408?utm_source=share&ref=sst52eve
FXyW,https://made.example.invalid/e02-10/9-409?utm_source=share&ref=y9a3lr2w
FXyX,https://made.example.invalid/e02-10/2-410?utm_source=share&ref=4rapzs39
FXyY,https://made.example.invalid/e02-10/6-411?utm_source=share&ref=fkal3q6o
FXyZ,https://made.example.invalid/e02-10/4-412?utm_source=share&ref=6potjb8a
FXz0,https://made.example.invalid/e02-10/3-413?utm_source=share&ref=melc01dn
FXz1,https://made.example.invalid/e02-10/9-414?utm_source=share&ref=k5pl1zct
FXz2,https://made.example.invalid/e02-10/2-415?utm_source=share&ref=4ai9ltg0
FXz3,https://made.example.invalid/e02-10/6-416?utm_source=share&ref=la9oz9np
FXz4,https://made.example.invalid/e02-10/4-417?utm_source=share&ref=u43ckqkn
FXz5,https://made.example.invalid/e02-10/3-418?utm_source=share&ref=2p6p430e
FXz6,https://made.example.invalid/e02-10/9-419?utm_source=share&ref=hd4d0qg8
FXz7,https://made.example.invalid/e02-10/2-420?utm_source=share&ref=ltqf9905
FXz8,https://made.example.invalid/e02-10/6-421?utm_source=share&ref=sgfzwrud
FXz9,https://made.example.invalid/e02-10/4-422?utm_source=share&ref=hi53og60
FXza,https://made.example.invalid/e02-10/3-423?utm_source=share&ref=wxr5u9f5
FXzb,https://made.example.invalid/e02-10/9-424?utm_source=share&ref=qzygwubv
FXzc,https://made.example.invalid/e02-10/2-425?utm_source=share&ref=d6v8909r
FXzd,https://made.example.invalid/e02-10/6-426?utm_source=share&ref=5q4u508s
FXze,https://made.example.invalid/e02-10/4-427?utm_source=share&ref=q6pj2s21
FXzf,https://made.example.invalid/e02-10/3-428?utm_source=share&ref=xu1inoa0
FXzg,https://made.example.invalid/e02-10/9-429?utm_source=share&ref=sgzc17h9
FXzh,https://made.example.invalid/e02-10/2-430?utm_source=share&ref=gujkq4lo
FXzi,https://made.example.invalid/e02-10/6-431?utm_source=share&ref=3e1wni2c
FXzj,https://made.example.invalid/e02-10/4-432?utm_source=share&ref=xpycvlha
FXzk,https://made.example.invalid/e02-10/3-433?utm_source=share&ref=8tvber2a
FXzl,https://made.example.invalid/e02-10/9-434?utm_source=share&ref=55cd6z5g
FXzm,https://made.example.invalid/e02-10/2-435?utm_source=share&ref=sj2nnisv
FXzn,https://made.example.invalid/e02-10/6-436?utm_source=share&ref=bwg8fybf
FXzo,https://made.example.invalid/e02-10/4-437?utm_source=share&ref=kp5nxe2g
FXzp,https://made.example.invalid/e02-10/3-438?utm_source=share&ref=epialm3k
FXzq,https://made.example.invalid/e02-10/9-439?utm_source=share&ref=0ry7qabe
FXzr,https://made.example.invalid/e02-10/2-440?utm_source=share&ref=6u6wzep1
FXzs,https://made.example.invalid/e02-10/6-441?utm_source=share&ref=3gp53yxx
FXzt,https://made.example.invalid/e02-10/4-442?utm_source=share&ref=ibshvxi2
FXzu,https://made.example.invalid/e02-10/3-443?utm_source=share&ref=rns2yv05
FXzv,https://made.example.invalid/e02-10/9-444?utm_source=share&ref=141usagu
FXzw,https://made.example.invalid/e02-10/2-445?utm_source=share&ref=ov4u45k2
FXzx,https://made.example.invalid/e02-10/6-446?utm_source=share&ref=t67vu6z0
FXzy,https://made.example.invalid/e02-10/4-447?utm_source=share&ref=6egxesn6
FXzz,https://made.example.invalid/e02-10/3-448?utm_source=share&ref=s8egjtl5
FXzA,https://made.example.invalid/e02-10/9-449?utm_source=share&ref=76y1m21v
FXzB,https://made.example.invalid/e02-10/2-450?utm_source=share&ref=p25cqqcr
FXzC,https://made.example.invalid/e02-10/6-451?utm_source=share&ref=dv83lnbm
FXzD,https://made.example.invalid/e02-10/4-452?utm_source=share&ref=8rdpp2fb
FXzE,https://made.example.invalid/e02-10/3-453?utm_source=share&ref=6wrvnl2z
FXzF,https://made.example.invalid/e02-10/9-454?utm_source=share&ref=yp7bxoe4
FXzG,https://made.example.invalid/e02-10/2-455?utm_source=share&ref=wfx6or47
FXzH,https://made.example.invalid/e02-10/6-456?utm_source=share&ref=mvrfoufe
FXzI,https://made.example.invalid/e02-10/4-457?utm_source=share&ref=dj9xtiw3
FXzJ,https://made.example.invalid/e02-10/3-458?utm_source=share&ref=qsn3s7oi
FXzK,https://made.example.invalid/e02-10/9-459?utm_source=share&ref=b4bguymp
FXzL,https://made.example.invalid/e02-10/2-460?utm_source=share&ref=muc0jhfi
FXzM,https://made.example.invalid/e02-10/6-461?utm_source=share&ref=gs6oxrbe
FXzN,https://made.example.invalid/e02-10/4-462?utm_source=share&ref=enxqgcwr
FXzO,https://made.example.invalid/e02-10/3-463?utm_source=share&ref=r5hwy6t6
FXzP,https://made.example.invalid/e02-10/9-464?utm_source=share&ref=gmed3p3j
FXzQ,https://made.example.invalid/e02-10/2-465?utm_source=share&ref=uj7hf4mm
FXzR,https://made.example.invalid/e02-10/6-466?utm_source=share&ref=fpjl3511
FXzS,https://made.example.invalid/e02-10/4-467?utm_source=share&ref=8wqnclns
FXzT,https://made.example.invalid/e02-10/3-468?utm_source=share&ref=mptxibse
FXzU,https://made.example.invalid/e02-10/9-469?utm_source=share&ref=250asohj
FXzV,https://made.example.invalid/e02-10/2-470?utm_source=share&ref=953r15it
FXzW,https://made.example.invalid/e02-10/6-471?utm_source=share&ref=ed641vp4
FXzX,https://made.example.invalid/e02-10/4-472?utm_source=share&ref=bbil0486
FXzY,https://made.example.invalid/e02-10/3-473?utm_source=share&ref=pto7sd90
FXzZ,https://made.example.invalid/e02-10/9-474?utm_source=share&ref=sxctexc1
FXA0,https://made.example.invalid/e02-10/2-475?utm_source=share&ref=5dx9ozrn
FXA1,https://made.example.invalid/e02-10/6-476?utm_source=share&ref=c48p0qi2
FXA2,https://made.example.invalid/e02-10/4-477?utm_source=share&ref=o385ozgd
FXA3,https://made.example.invalid/e02-10/3-478?utm_source=share&ref=8dqgy2lp
FXA4,https://made.example.invalid/e02-10/9-479?utm_source=share&ref=wk7tmcyx
FXA5,https://made.example.invalid/e02-10/2-480?utm_source=share&ref=u8jnf3sx
FXA6,https://made.example.invalid/e02-10/6-481?utm_source=share&ref=gzf8bclc
FXA7,https://made.example.invalid/e02-10/4-482?utm_source=share&ref=mgt6s3vu
FXA8,https://made.example.invalid/e02-10/3-483?utm_source=share&ref=vcmrubg3
FXA9,https://made.example.invalid/e02-10/9-484?utm_source=share&ref=kvwwlqtz
FXAa,https://made.example.invalid/e02-10/2-485?utm_source=share&ref=j5iu79ky
FXAb,https://made.example.invalid/e02-10/6-486?utm_source=share&ref=zsqnj3gc
FXAc,https://made.example.invalid/e02-10/4-487?utm_source=share&ref=7y1x1lm8
FXAd,https://made.example.invalid/e02-10/3-488?utm_source=share&ref=ozm63zk7
FXAe,https://made.example.invalid/e02-10/9-489?utm_source=share&ref=ee4n711l
FXAf,https://made.example.invalid/e02-10/2-490?utm_source=share&ref=ymx7zo4u
FXAg,https://made.example.invalid/e02-10/6-491?utm_source=share&ref=0h49bfrv
FXAh,https://made.example.invalid/e02-10/4-492?utm_source=share&ref=3hrjew98
FXAi,https://made.example.invalid/e02-10/3-493?utm_source=share&ref=2lf6sa9m
FXAj,https://made.example.invalid/e02-10/9-494?utm_source=share&ref=1c5d02tl
FXAk,https://made.example.invalid/e02-10/2-495?utm_source=share&ref=tjy18log
FXAl,https://made.example.invalid/e02-10/6-496?utm_source=share&ref=94ba6fs5
FXAm,https://made.example.invalid/e02-10/4-497?utm_source=share&ref=hy7uvpyv
FXAn,https://made.example.invalid/e02-10/3-498?utm_source=share&ref=6ii6dd4w
FXAo,https://made.example.invalid/e02-10/9-499?utm_source=share&ref=iqi2ku8h
FXAp,https://made.example.invalid/e02-10/2-500?utm_source=share&ref=12dnq6lo
FXAq,https://made.example.invalid/e02-10/6-501?utm_source=share&ref=9uq3663m
FXAr,https://made.example.invalid/e02-10/4-502?utm_source=share&ref=gldp5pk8
FXAs,https://made.example.invalid/e02-10/3-503?utm_source=share&ref=td7sq70e
FXAt,https://made.example.invalid/e02-10/9-504?utm_source=share&ref=580inbj8
FXAu,https://made.example.invalid/e02-10/2-505?utm_source=share&ref=3gceoyra
FXAv,https://made.example.invalid/e02-10/6-506?utm_source=share&ref=r4ry0lnt
FXAw,https://made.example.invalid/e02-10/4-507?utm_source=share&ref=tntzbv27
FXAx,https://made.example.invalid/e02-10/3-508?utm_source=share&ref=gvpx9f0b
FXAy,https://made.example.invalid/e02-10/9-509?utm_source=share&ref=l7rsxt6e
FXAz,https://made.example.invalid/e02-10/2-510?utm_source=share&ref=xc9f79ux
FXAA,https://made.example.invalid/e02-10/6-511?utm_source=share&ref=ev4p1td7
FXAB,https://made.example.invalid/e02-10/4-512?utm_source=share&ref=7fc246a3
FXAC,https://made.example.invalid/e02-10/3-513?utm_source=share&ref=mvpo3x9g
FXAD,https://made.example.invalid/e02-10/9-514?utm_source=share&ref=lkaa7y1r
FXAE,https://made.example.invalid/e02-10/2-515?utm_source=share&ref=t59rzipw
FXAF,https://made.example.invalid/e02-10/6-516?utm_source=share&ref=by4nbxbn
FXAG,https://made.example.invalid/e02-10/4-517?utm_source=share&ref=48i1jf1t
FXAH,https://made.example.invalid/e02-10/3-518?utm_source=share&ref=qaszytqw
FXAI,https://made.example.invalid/e02-10/9-519?utm_source=share&ref=1pcxwjv3
FXAJ,https://made.example.invalid/e02-10/2-520?utm_source=share&ref=9rpyi2an
FXAK,https://made.example.invalid/e02-10/6-521?utm_source=share&ref=yspcqy2z
FXAL,https://made.example.invalid/e02-10/4-522?utm_source=share&ref=1go7e86x
FXAM,https://made.example.invalid/e02-10/3-523?utm_source=share&ref=ktvyjp5a
FXAN,https://made.example.invalid/e02-10/9-524?utm_source=share&ref=n770bx3s
FXAO,https://made.example.invalid/e02-10/2-525?utm_source=share&ref=7388xw9u
FXAP,https://made.example.invalid/e02-10/6-526?utm_source=share&ref=ol51feak
FXAQ,https://made.example.invalid/e02-10/4-527?utm_source=share&ref=h6bihy9n
FXAR,https://made.example.invalid/e02-10/3-528?utm_source=share&ref=pfdxe9h8
FXAS,https://made.example.invalid/e02-10/9-529?utm_source=share&ref=ipqby4sg
FXAT,https://made.example.invalid/e02-10/2-530?utm_source=share&ref=zt4fxq2p
FXAU,https://made.example.invalid/e02-10/6-531?utm_source=share&ref=mtfbd3dk
FXAV,https://made.example.invalid/e02-10/4-532?utm_source=share&ref=74gcab4q
FXAW,https://made.example.invalid/e02-10/3-533?utm_source=share&ref=whad5ywe
FXAX,https://made.example.invalid/e02-10/9-534?utm_source=share&ref=5yj3d7op
FXAY,https://made.example.invalid/e02-10/2-535?utm_source=share&ref=k13b2ax5
FXAZ,https://made.example.invalid/e02-10/6-536?utm_source=share&ref=suh9fmjr
FXB0,https://made.example.invalid/e02-10/4-537?utm_source=share&ref=6uwcnqg6
FXB1,https://made.example.invalid/e02-10/3-538?utm_source=share&ref=ykmus9rv
FXB2,https://made.example.invalid/e02-10/9-539?utm_source=share&ref=jzhcz51o
FXB3,https://made.example.invalid/e02-10/2-540?utm_source=share&ref=ejs62ize
FXB4,https://made.example.invalid/e02-10/6-541?utm_source=share&ref=tvr4iokc
FXB5,https://made.example.invalid/e02-10/4-542?utm_source=share&ref=t5bt210h
FXB6,https://made.example.invalid/e02-10/3-543?utm_source=share&ref=2i3d3xw0
FXB7,https://made.example.invalid/e02-10/9-544?utm_source=share&ref=k891oqt5
FXB8,https://made.example.invalid/e02-10/2-545?utm_source=share&ref=3gcmcy4a
FXB9,https://made.example.invalid/e02-10/6-546?utm_source=share&ref=438o3lam
FXBa,https://made.example.invalid/e02-10/4-547?utm_source=share&ref=p2lljljb
FXBb,https://made.example.invalid/e02-10/3-548?utm_source=share&ref=huhqv95v
FXBc,https://made.example.invalid/e02-10/9-549?utm_source=share&ref=1woucdps
FXBd,https://made.example.invalid/e02-10/2-550?utm_source=share&ref=h6mvodis
FXBe,https://made.example.invalid/e02-10/6-551?utm_source=share&ref=5rid30q7
FXBf,https://made.example.invalid/e02-10/4-552?utm_source=share&ref=ez59bcdc
FXBg,https://made.example.invalid/e02-10/3-553?utm_source=share&ref=lby2ss0n
FXBh,https://made.example.invalid/e02-10/9-554?utm_source=share&ref=06haouf1
FXBi,https://made.example.invalid/e02-10/2-555?utm_source=share&ref=dipzldlv
FXBj,https://made.example.invalid/e02-10/6-556?utm_source=share&ref=xa7efmjk
FXBk,https://made.example.invalid/e02-10/4-557?utm_source=share&ref=4lwtlba5
FXBl,https://made.example.invalid/e02-10/3-558?utm_source=share&ref=6wv9ih77
FXBm,https://made.example.invalid/e02-10/9-559?utm_source=share&ref=wsdyvtwx
FXBn,https://made.example.invalid/e02-10/2-560?utm_source=share&ref=i342i6s2
FXBo,https://made.example.invalid/e02-10/6-561?utm_source=share&ref=h3lvtn5b
FXBp,https://made.example.invalid/e02-10/4-562?utm_source=share&ref=50y10elq
FXBq,https://made.example.invalid/e02-10/3-563?utm_source=share&ref=4wdzfs6n
FXBr,https://made.example.invalid/e02-10/9-564?utm_source=share&ref=yc49s40m
FXBs,https://made.example.invalid/e02-10/2-565?utm_source=share&ref=5zlbvhxi
FXBt,https://made.example.invalid/e02-10/6-566?utm_source=share&ref=5sx5yjnf
FXBu,https://made.example.invalid/e02-10/4-567?utm_source=share&ref=g6ptkwox
FXBv,https://made.example.invalid/e02-10/3-568?utm_source=share&ref=k9ly37ef
FXBw,https://made.example.invalid/e02-10/9-569?utm_source=share&ref=nhr2hqy9
FXBx,https://made.example.invalid/e02-10/2-570?utm_source=share&ref=vibfqwu6
FXBy,https://made.example.invalid/e02-10/6-571?utm_source=share&ref=cr650yqr
FXBz,https://made.example.invalid/e02-10/4-572?utm_source=share&ref=nbcfb9xa
FXBA,https://made.example.invalid/e02-10/3-573?utm_source=share&ref=7p3lmk2o
FXBB,https://made.example.invalid/e02-10/9-574?utm_source=share&ref=c06l47ty
FXBC,https://made.example.invalid/e02-10/2-575?utm_source=share&ref=udyhztzb
FXBD,https://made.example.invalid/e02-10/6-576?utm_source=share&ref=4puay5ys
FXBE,https://made.example.invalid/e02-10/4-577?utm_source=share&ref=3yr51oz9
FXBF,https://made.example.invalid/e02-10/3-578?utm_source=share&ref=z529y1m7
FXBG,https://made.example.invalid/e02-10/9-579?utm_source=share&ref=ceg4d88i
FXBH,https://made.example.invalid/e02-10/2-580?utm_source=share&ref=nq7dgk6a
FXBI,https://made.example.invalid/e02-10/6-581?utm_source=share&ref=w3wwoec5
FXBJ,https://made.example.invalid/e02-10/4-582?utm_source=share&ref=3ti2ov5v
FXBK,https://made.example.invalid/e02-10/3-583?utm_source=share&ref=vnbgnpc7
FXBL,https://made.example.invalid/e02-10/9-584?utm_source=share&ref=sv49ydp5
FXBM,https://made.example.invalid/e02-10/2-585?utm_source=share&ref=1kt9a9vj
FXBN,https://made.example.invalid/e02-10/6-586?utm_source=share&ref=mr9qecuf
FXBO,https://made.example.invalid/e02-10/4-587?utm_source=share&ref=q6q16xlw
FXBP,https://made.example.invalid/e02-10/3-588?utm_source=share&ref=qjr6chpj
FXBQ,https://made.example.invalid/e02-10/9-589?utm_source=share&ref=4bxdahdz
FXBR,https://made.example.invalid/e02-10/2-590?utm_source=share&ref=93s16shv
FXBS,https://made.example.invalid/e02-10/6-591?utm_source=share&ref=0n364pyb
FXBT,https://made.example.invalid/e02-10/4-592?utm_source=share&ref=1w49daeh
FXBU,https://made.example.invalid/e02-10/3-593?utm_source=share&ref=9uhi8iqf
FXBV,https://made.example.invalid/e02-10/9-594?utm_source=share&ref=huyypc1p
FXBW,https://made.example.invalid/e02-10/2-595?utm_source=share&ref=earwlzu3
FXBX,https://made.example.invalid/e02-10/6-596?utm_source=share&ref=fvy5hmnk
FXBY,https://made.example.invalid/e02-10/4-597?utm_source=share&ref=4dvg8gly
FXBZ,https://made.example.invalid/e02-10/3-598?utm_source=share&ref=ttwf8270
FXC0,https://made.example.invalid/e02-10/9-599?utm_source=share&ref=mcbyb6l5
FXC1,https://made.example.invalid/e02-10/2-600?utm_source=share&ref=z4pbtxo0
FXC2,https://made.example.invalid/e02-10/6-601?utm_source=share&ref=d0ckx9ta
FXC3,https://made.example.invalid/e02-10/4-602?utm_source=share&ref=d8wo1kts
FXC4,https://made.example.invalid/e02-10/3-603?utm_source=share&ref=gvibltmr
FXC5,https://made.example.invalid/e02-10/9-604?utm_source=share&ref=qool393z
FXC6,https://made.example.invalid/e02-10/2-605?utm_source=share&ref=4hbxmsns
FXC7,https://made.example.invalid/e02-10/6-606?utm_source=share&ref=h797ochq
FXC8,https://made.example.invalid/e02-10/4-607?utm_source=share&ref=m26g5b7v
FXC9,https://made.example.invalid/e02-10/3-608?utm_source=share&ref=xfl2xtib
FXCa,https://made.example.invalid/e02-10/9-609?utm_source=share&ref=0mv6boeu
FXCb,https://made.example.invalid/e02-10/2-610?utm_source=share&ref=hej08mlm
FXCc,https://made.example.invalid/e02-10/6-611?utm_source=share&ref=2iaqps3o
FXCd,https://made.example.invalid/e02-10/4-612?utm_source=share&ref=47jzwpbl
FXCe,https://made.example.invalid/e02-10/3-613?utm_source=share&ref=oc75ux8x
FXCf,https://made.example.invalid/e02-10/9-614?utm_source=share&ref=0qoqj9qs
FXCg,https://made.example.invalid/e02-10/2-615?utm_source=share&ref=c5pfsb69
FXCh,https://made.example.invalid/e02-10/6-616?utm_source=share&ref=aa7wk76a
FXCi,https://made.example.invalid/e02-10/4-617?utm_source=share&ref=uur2dk5d
FXCj,https://made.example.invalid/e02-10/3-618?utm_source=share&ref=0to2pnja
FXCk,https://made.example.invalid/e02-10/9-619?utm_source=share&ref=2psp2gal
FXCl,https://made.example.invalid/e02-10/2-620?utm_source=share&ref=s4g3hqqv
FXCm,https://made.example.invalid/e02-10/6-621?utm_source=share&ref=vn14ywvp
FXCn,https://made.example.invalid/e02-10/4-622?utm_source=share&ref=uby5aez0
FXCo,https://made.example.invalid/e02-10/3-623?utm_source=share&ref=py14cjuw
FXCp,https://made.example.invalid/e02-10/9-624?utm_source=share&ref=woj0fgum
FXCq,https://made.example.invalid/e02-10/2-625?utm_source=share&ref=c0meh5rw
FXCr,https://made.example.invalid/e02-10/6-626?utm_source=share&ref=guq9bpey
FXCs,https://made.example.invalid/e02-10/4-627?utm_source=share&ref=98puglkt
FXCt,https://made.example.invalid/e02-10/3-628?utm_source=share&ref=0ahleesp
FXCu,https://made.example.invalid/e02-10/9-629?utm_source=share&ref=k9bl3k4p
FXCv,https://made.example.invalid/e02-10/2-630?utm_source=share&ref=47mdeuzn
FXCw,https://made.example.invalid/e02-10/6-631?utm_source=share&ref=dhondcw7
FXCx,https://made.example.invalid/e02-10/4-632?utm_source=share&ref=cafjom19
FXCy,https://made.example.invalid/e02-10/3-633?utm_source=share&ref=54xt9syi
FXCz,https://made.example.invalid/e02-10/9-634?utm_source=share&ref=xa5t4e0p
FXCA,https://made.example.invalid/e02-10/2-635?utm_source=share&ref=4koub2yp
FXCB,https://made.example.invalid/e02-10/6-636?utm_source=share&ref=fzzxzbqw
FXCC,https://made.example.invalid/e02-10/4-637?utm_source=share&ref=x94cdxwu
FXCD,https://made.example.invalid/e02-10/3-638?utm_source=share&ref=35tllv45
FXCE,https://made.example.invalid/e02-10/9-639?utm_source=share&ref=6qqihu31
FXCF,https://made.example.invalid/e02-10/2-640?utm_source=share&ref=7cgggoom
FXCG,https://made.example.invalid/e02-10/6-641?utm_source=share&ref=rzies82z
FXCH,https://made.example.invalid/e02-10/4-642?utm_source=share&ref=ipht702s
FXCI,https://made.example.invalid/e02-10/3-643?utm_source=share&ref=n2u10h8u
FXCJ,https://made.example.invalid/e02-10/9-644?utm_source=share&ref=aezuiuwq
FXCK,https://made.example.invalid/e02-10/2-645?utm_source=share&ref=d53ycytd
FXCL,https://made.example.invalid/e02-10/6-646?utm_source=share&ref=fwmhk53u
FXCM,https://made.example.invalid/e02-10/4-647?utm_source=share&ref=7scuyoxg
FXCN,https://made.example.invalid/e02-10/3-648?utm_source=share&ref=61z1yey8
FXCO,https://made.example.invalid/e02-10/9-649?utm_source=share&ref=yjbpumok
FXCP,https://made.example.invalid/e02-10/2-650?utm_source=share&ref=0virjf8u
FXCQ,https://made.example.invalid/e02-10/6-651?utm_source=share&ref=tsk6xugp
FXCR,https://made.example.invalid/e02-10/4-652?utm_source=share&ref=uw8jxij0
FXCS,https://made.example.invalid/e02-10/3-653?utm_source=share&ref=xg22ekgr
FXCT,https://made.example.invalid/e02-10/9-654?utm_source=share&ref=xwz1h3xj
FXCU,https://made.example.invalid/e02-10/2-655?utm_source=share&ref=vter4jea
FXCV,https://made.example.invalid/e02-10/6-656?utm_source=share&ref=s3goyfxh
FXCW,https://made.example.invalid/e02-10/4-657?utm_source=share&ref=3skn0ae4
FXCX,https://made.example.invalid/e02-10/3-658?utm_source=share&ref=l3l36lrf
FXCY,https://made.example.invalid/e02-10/9-659?utm_source=share&ref=yk4qzqoc
FXCZ,https://made.example.invalid/e02-10/2-660?utm_source=share&ref=mz1wdllp
FXD0,https://made.example.invalid/e02-10/6-661?utm_source=share&ref=mqv1jhof
FXD1,https://made.example.invalid/e02-10/4-662?utm_source=share&ref=0sen0idx
FXD2,https://made.example.invalid/e02-10/3-663?utm_source=share&ref=ffu1ccfx
FXD3,https://made.example.invalid/e02-10/9-664?utm_source=share&ref=wdqpdivf
FXD4,https://made.example.invalid/e02-10/2-665?utm_source=share&ref=pz2ih7gn
FXD5,https://made.example.invalid/e02-10/6-666?utm_source=share&ref=59z4ejz8
FXD6,https://made.example.invalid/e02-10/4-667?utm_source=share&ref=wuj2wtix
FXD7,https://made.example.invalid/e02-10/3-668?utm_source=share&ref=ppoxgqpb
FXD8,https://made.example.invalid/e02-10/9-669?utm_source=share&ref=gj5lo7l8
FXD9,https://made.example.invalid/e02-10/2-670?utm_source=share&ref=722yes7a
FXDa,https://made.example.invalid/e02-10/6-671?utm_source=share&ref=rlvtnqjw
FXDb,https://made.example.invalid/e02-10/4-672?utm_source=share&ref=mazvjv3t
FXDc,https://made.example.invalid/e02-10/3-673?utm_source=share&ref=mnkf6mq9
FXDd,https://made.example.invalid/e02-10/9-674?utm_source=share&ref=y8goonol
FXDe,https://made.example.invalid/e02-10/2-675?utm_source=share&ref=f2igak4k
FXDf,https://made.example.invalid/e02-10/6-676?utm_source=share&ref=p7tecqca
FXDg,https://made.example.invalid/e02-10/4-677?utm_source=share&ref=w3liu6ec
FXDh,https://made.example.invalid/e02-10/3-678?utm_source=share&ref=pp7orq4x
FXDi,https://made.example.invalid/e02-10/9-679?utm_source=share&ref=oa3onpb2
FXDj,https://made.example.invalid/e02-10/2-680?utm_source=share&ref=9bvd7x17
FXDk,https://made.example.invalid/e02-10/6-681?utm_source=share&ref=lkvtcxd6
FXDl,https://made.example.invalid/e02-10/4-682?utm_source=share&ref=pbm0m9xv
FXDm,https://made.example.invalid/e02-10/3-683?utm_source=share&ref=6duvt8ry
FXDn,https://made.example.invalid/e02-10/9-684?utm_source=share&ref=i2c68ie0
FXDo,https://made.example.invalid/e02-10/2-685?utm_source=share&ref=m18oqyww
FXDp,https://made.example.invalid/e02-10/6-686?utm_source=share&ref=nwqwihth
FXDq,https://made.example.invalid/e02-10/4-687?utm_source=share&ref=pmtfl16e
FXDr,https://made.example.invalid/e02-10/3-688?utm_source=share&ref=6zqavi48
FXDs,https://made.example.invalid/e02-10/9-689?utm_source=share&ref=0mjamt7m
FXDt,https://made.example.invalid/e02-10/2-690?utm_source=share&ref=ggd837e0
FXDu,https://made.example.invalid/e02-10/6-691?utm_source=share&ref=gmoae4po
FXDv,https://made.example.invalid/e02-10/4-692?utm_source=share&ref=1bwt3fwd
FXDw,https://made.example.invalid/e02-10/3-693?utm_source=share&ref=a6rn93r6
FXDx,https://made.example.invalid/e02-10/9-694?utm_source=share&ref=w37rlqrz
FXDy,https://made.example.invalid/e02-10/2-695?utm_source=share&ref=xum6z0oj
FXDz,https://made.example.invalid/e02-10/6-696?utm_source=share&ref=0e5ge3v2
FXDA,https://made.example.invalid/e02-10/4-697?utm_source=share&ref=1y2kndpu
FXDB,https://made.example.invalid/e02-10/3-698?utm_source=share&ref=dq76gv50
FXDC,https://made.example.invalid/e02-10/9-699?utm_source=share&ref=tj2o205w
FXDD,https://made.example.invalid/e02-10/2-700?utm_source=share&ref=lek2rann
FXDE,https://made.example.invalid/e02-10/6-701?utm_source=share&ref=obl7j331
FXDF,https://made.example.invalid/e02-10/4-702?utm_source=share&ref=qhtb31pd
FXDG,https://made.example.invalid/e02-10/3-703?utm_source=share&ref=ltj62qsq
FXDH,https://made.example.invalid/e02-10/9-704?utm_source=share&ref=pf9dl431
FXDI,https://made.example.invalid/e02-10/2-705?utm_source=share&ref=18ql3546
FXDJ,https://made.example.invalid/e02-10/6-706?utm_source=share&ref=sczfroht
FXDK,https://made.example.invalid/e02-10/4-707?utm_source=share&ref=3tnrkdgx
FXDL,https://made.example.invalid/e02-10/3-708?utm_source=share&ref=927zkwb9
FXDM,https://made.example.invalid/e02-10/9-709?utm_source=share&ref=wvdzlrhv
FXDN,https://made.example.invalid/e02-10/2-710?utm_source=share&ref=gg1klps7
FXDO,https://made.example.invalid/e02-10/6-711?utm_source=share&ref=267ybg6c
FXDP,https://made.example.invalid/e02-10/4-712?utm_source=share&ref=8v02isrz
FXDQ,https://made.example.invalid/e02-10/3-713?utm_source=share&ref=e8f874ec
FXDR,https://made.example.invalid/e02-10/9-714?utm_source=share&ref=9nv2sm8i
FXDS,https://made.example.invalid/e02-10/2-715?utm_source=share&ref=nhp1kcht
FXDT,https://made.example.invalid/e02-10/6-716?utm_source=share&ref=fmafg15x
FXDU,https://made.example.invalid/e02-10/4-717?utm_source=share&ref=agkbcu4i
FXDV,https://made.example.invalid/e02-10/3-718?utm_source=share&ref=t4qt9ttq
FXDW,https://made.example.invalid/e02-10/9-719?utm_source=share&ref=fcr3dvsf
FXDX,https://made.example.invalid/e02-10/2-720?utm_source=share&ref=nvwv0853
wpu0,https://news.example.invalid/articles/2026/10/story-7724456?utm_source=share&utm_medium=link&ref=sfp-seed
gG9t,https://news.example.invalid/articles/2026/10/story-3975283?utm_source=share&utm_medium=link&ref=sfp-seed
yiAR,https://news.example.invalid/articles/2026/10/story-8174629?utm_source=share&utm_medium=link&ref=sfp-seed
kKL9,https://news.example.invalid/articles/2026/10/story-4946307?utm_source=share&utm_medium=link&ref=sfp-seed
E38Y,https://news.example.invalid/articles/2026/10/story-9545208?utm_source=share&utm_medium=link&ref=sfp-seed
jGP6,https://news.example.invalid/articles/2026/10/story-4692848?utm_source=share&utm_medium=link&ref=sfp-seed
bfEd,https://news.example.invalid/articles/2026/10/story-2681761?utm_source=share&utm_medium=link&ref=sfp-seed
ls0C,https://news.example.invalid/articles/2026/10/story-5112558?utm_source=share&utm_medium=link&ref=sfp-seed
cxTO,https://news.example.invalid/articles/2026/10/story-2990248?utm_source=share&utm_medium=link&ref=sfp-seed
3nnC,https://news.example.invalid/articles/2026/10/story-804860?utm_source=share&utm_medium=link&ref=sfp-seed
eHGP,https://news.example.invalid/articles/2026/10/story-3504539?utm_source=share&utm_medium=link&ref=sfp-seed
ueS3,https://news.example.invalid/articles/2026/10/story-7207007?utm_source=share&utm_medium=link&ref=sfp-seed
gOn0,https://news.example.invalid/articles/2026/10/story-4006874?utm_source=share&utm_medium=link&ref=sfp-seed
6LSu,https://news.example.invalid/articles/2026/10/story-1614014?utm_source=share&utm_medium=link&ref=sfp-seed
7LYl,https://news.example.invalid/articles/2026/10/story-1852705?utm_source=share&utm_medium=link&ref=sfp-seed
oX8j,https://news.example.invalid/articles/2026/10/story-5947183?utm_source=share&utm_medium=link&ref=sfp-seed
Fyx2,https://news.example.invalid/articles/2026/10/story-9904192?utm_source=share&utm_medium=link&ref=sfp-seed
3zSw,https://news.example.invalid/articles/2026/10/story-852904?utm_source=share&utm_medium=link&ref=sfp-seed
oaJN,https://news.example.invalid/articles/2026/10/story-5761151?utm_source=share&utm_medium=link&ref=sfp-seed
1DYt,https://news.example.invalid/articles/2026/10/story-391993?utm_source=share&utm_medium=link&ref=sfp-seed
zfoa,https://news.example.invalid/articles/2026/10/story-8400638?utm_source=share&utm_medium=link&ref=sfp-seed
ec3J,https://news.example.invalid/articles/2026/10/story-3382951?utm_source=share&utm_medium=link&ref=sfp-seed
cfoI,https://news.example.invalid/articles/2026/10/story-2919128?utm_source=share&utm_medium=link&ref=sfp-seed
Cr0a,https://news.example.invalid/articles/2026/10/story-9160262?utm_source=share&utm_medium=link&ref=sfp-seed
8epY,https://news.example.invalid/articles/2026/10/story-1962050?utm_source=share&utm_medium=link&ref=sfp-seed
fG1Y,https://news.example.invalid/articles/2026/10/story-3736490?utm_source=share&utm_medium=link&ref=sfp-seed
eOMX,https://news.example.invalid/articles/2026/10/story-3531827?utm_source=share&utm_medium=link&ref=sfp-seed
o2Yj,https://news.example.invalid/articles/2026/10/story-5731299?utm_source=share&utm_medium=link&ref=sfp-seed
Eo1a,https://news.example.invalid/articles/2026/10/story-9625448?utm_source=share&utm_medium=link&ref=sfp-seed
pw4A,https://news.example.invalid/articles/2026/10/story-6081492?utm_source=share&utm_medium=link&ref=sfp-seed
dYTR,https://news.example.invalid/articles/2026/10/story-3332367?utm_source=share&utm_medium=link&ref=sfp-seed
FSM3,https://news.example.invalid/articles/2026/10/story-9982003?utm_source=share&utm_medium=link&ref=sfp-seed
zRcx,https://news.example.invalid/articles/2026/10/story-8545989?utm_source=share&utm_medium=link&ref=sfp-seed
8pgN,https://news.example.invalid/articles/2026/10/story-2003765?utm_source=share&utm_medium=link&ref=sfp-seed
2jIw,https://news.example.invalid/articles/2026/10/story-552452?utm_source=share&utm_medium=link&ref=sfp-seed
aq9x,https://news.example.invalid/articles/2026/10/story-2483815?utm_source=share&utm_medium=link&ref=sfp-seed
spVo,https://news.example.invalid/articles/2026/10/story-6772842?utm_source=share&utm_medium=link&ref=sfp-seed
irJX,https://news.example.invalid/articles/2026/10/story-4396541?utm_source=share&utm_medium=link&ref=sfp-seed
iz5S,https://news.example.invalid/articles/2026/10/story-4424808?utm_source=share&utm_medium=link&ref=sfp-seed
kTzL,https://news.example.invalid/articles/2026/10/story-4980197?utm_source=share&utm_medium=link&ref=sfp-seed
5g8y,https://news.example.invalid/articles/2026/10/story-1253674?utm_source=share&utm_medium=link&ref=sfp-seed
lBBG,https://news.example.invalid/articles/2026/10/story-5149452?utm_source=share&utm_medium=link&ref=sfp-seed
n6c4,https://news.example.invalid/articles/2026/10/story-5505356?utm_source=share&utm_medium=link&ref=sfp-seed
ggSN,https://news.example.invalid/articles/2026/10/story-3878149?utm_source=share&utm_medium=link&ref=sfp-seed
80tw,https://news.example.invalid/articles/2026/10/story-1908454?utm_source=share&utm_medium=link&ref=sfp-seed
hiwP,https://news.example.invalid/articles/2026/10/story-4122803?utm_source=share&utm_medium=link&ref=sfp-seed
wG8C,https://news.example.invalid/articles/2026/10/story-7788478?utm_source=share&utm_medium=link&ref=sfp-seed
fcIj,https://news.example.invalid/articles/2026/10/story-3623795?utm_source=share&utm_medium=link&ref=sfp-seed
57Ek,https://news.example.invalid/articles/2026/10/story-1221048?utm_source=share&utm_medium=link&ref=sfp-seed
4fLd,https://news.example.invalid/articles/2026/10/story-1013899?utm_source=share&utm_medium=link&ref=sfp-seed
ffwf,https://news.example.invalid/articles/2026/10/story-3634579?utm_source=share&utm_medium=link&ref=sfp-seed
yVet,https://news.example.invalid/articles/2026/10/story-8323157?utm_source=share&utm_medium=link&ref=sfp-seed
bTX5,https://news.example.invalid/articles/2026/10/story-2836691?utm_source=share&utm_medium=link&ref=sfp-seed
dSIX,https://news.example.invalid/articles/2026/10/story-3308627?utm_source=share&utm_medium=link&ref=sfp-seed
kotu,https://news.example.invalid/articles/2026/10/story-4860644?utm_source=share&utm_medium=link&ref=sfp-seed
7PMh,https://news.example.invalid/articles/2026/10/story-1867333?utm_source=share&utm_medium=link&ref=sfp-seed
ujrl,https://news.example.invalid/articles/2026/10/story-7224571?utm_source=share&utm_medium=link&ref=sfp-seed
hf3g,https://news.example.invalid/articles/2026/10/story-4109438?utm_source=share&utm_medium=link&ref=sfp-seed
qNa1,https://news.example.invalid/articles/2026/10/story-6385505?utm_source=share&utm_medium=link&ref=sfp-seed
998x,https://news.example.invalid/articles/2026/10/story-2180077?utm_source=share&utm_medium=link&ref=sfp-seed
aVav,https://news.example.invalid/articles/2026/10/story-2603039?utm_source=share&utm_medium=link&ref=sfp-seed
AYMh,https://news.example.invalid/articles/2026/10/story-8813441?utm_source=share&utm_medium=link&ref=sfp-seed
BHDz,https://news.example.invalid/articles/2026/10/story-8985881?utm_source=share&utm_medium=link&ref=sfp-seed
AB41,https://news.example.invalid/articles/2026/10/story-8722285?utm_source=share&utm_medium=link&ref=sfp-seed
hRRc,https://news.example.invalid/articles/2026/10/story-4258606?utm_source=share&utm_medium=link&ref=sfp-seed
rpwA,https://news.example.invalid/articles/2026/10/story-6532976?utm_source=share&utm_medium=link&ref=sfp-seed
m0Hd,https://news.example.invalid/articles/2026/10/story-5245895?utm_source=share&utm_medium=link&ref=sfp-seed
7pFa,https://news.example.invalid/articles/2026/10/story-1766948?utm_source=share&utm_medium=link&ref=sfp-seed
55ur,https://news.example.invalid/articles/2026/10/story-1212747?utm_source=share&utm_medium=link&ref=sfp-seed
15Ou,https://news.example.invalid/articles/2026/10/story-260678?utm_source=share&utm_medium=link&ref=sfp-seed
sNmY,https://news.example.invalid/articles/2026/10/story-6862964?utm_source=share&utm_medium=link&ref=sfp-seed
FL6d,https://news.example.invalid/articles/2026/10/story-9952501?utm_source=share&utm_medium=link&ref=sfp-seed
kxpb,https://news.example.invalid/articles/2026/10/story-4894973?utm_source=share&utm_medium=link&ref=sfp-seed
kO0h,https://news.example.invalid/articles/2026/10/story-4958777?utm_source=share&utm_medium=link&ref=sfp-seed
wPO7,https://news.example.invalid/articles/2026/10/story-7825647?utm_source=share&utm_medium=link&ref=sfp-seed
bb46,https://news.example.invalid/articles/2026/10/story-2664146?utm_source=share&utm_medium=link&ref=sfp-seed
zosv,https://news.example.invalid/articles/2026/10/story-8435503?utm_source=share&utm_medium=link&ref=sfp-seed
tfdL,https://news.example.invalid/articles/2026/10/story-6970025?utm_source=share&utm_medium=link&ref=sfp-seed
rpig,https://news.example.invalid/articles/2026/10/story-6532088?utm_source=share&utm_medium=link&ref=sfp-seed
jZG6,https://news.example.invalid/articles/2026/10/story-4765326?utm_source=share&utm_medium=link&ref=sfp-seed
guq4,https://news.example.invalid/articles/2026/10/story-3930184?utm_source=share&utm_medium=link&ref=sfp-seed
zDBz,https://news.example.invalid/articles/2026/10/story-8493725?utm_source=share&utm_medium=link&ref=sfp-seed
aIz9,https://news.example.invalid/articles/2026/10/story-2554595?utm_source=share&utm_medium=link&ref=sfp-seed
BqhV,https://news.example.invalid/articles/2026/10/story-8919191?utm_source=share&utm_medium=link&ref=sfp-seed
8wQg,https://news.example.invalid/articles/2026/10/story-2032872?utm_source=share&utm_medium=link&ref=sfp-seed
6AUb,https://news.example.invalid/articles/2026/10/story-1571835?utm_source=share&utm_medium=link&ref=sfp-seed
C2YP,https://news.example.invalid/articles/2026/10/story-9067923?utm_source=share&utm_medium=link&ref=sfp-seed
he36,https://news.example.invalid/articles/2026/10/story-4105584?utm_source=share&utm_medium=link&ref=sfp-seed
tNR5,https://news.example.invalid/articles/2026/10/story-7103159?utm_source=share&utm_medium=link&ref=sfp-seed
yNZG,https://news.example.invalid/articles/2026/10/story-8295332?utm_source=share&utm_medium=link&ref=sfp-seed
7TXU,https://news.example.invalid/articles/2026/10/story-1883430?utm_source=share&utm_medium=link&ref=sfp-seed
ogJU,https://news.example.invalid/articles/2026/10/story-5784222?utm_source=share&utm_medium=link&ref=sfp-seed
qlud,https://news.example.invalid/articles/2026/10/story-6279125?utm_source=share&utm_medium=link&ref=sfp-seed
iLsB,https://news.example.invalid/articles/2026/10/story-4472345?utm_source=share&utm_medium=link&ref=sfp-seed
fLrp,https://news.example.invalid/articles/2026/10/story-3757287?utm_source=share&utm_medium=link&ref=sfp-seed
11Ze,https://news.example.invalid/articles/2026/10/story-245968?utm_source=share&utm_medium=link&ref=sfp-seed
5IF6,https://news.example.invalid/articles/2026/10/story-1363324?utm_source=share&utm_medium=link&ref=sfp-seed
jdhs,https://news.example.invalid/articles/2026/10/story-4579286?utm_source=share&utm_medium=link&ref=sfp-seed
7mMx,https://news.example.invalid/articles/2026/10/story-1755873?utm_source=share&utm_medium=link&ref=sfp-seed
fYFU,https://news.example.invalid/articles/2026/10/story-3808158?utm_source=share&utm_medium=link&ref=sfp-seed
AhSk,https://news.example.invalid/articles/2026/10/story-8648524?utm_source=share&utm_medium=link&ref=sfp-seed
BPqQ,https://news.example.invalid/articles/2026/10/story-9015844?utm_source=share&utm_medium=link&ref=sfp-seed
xi4G,https://news.example.invalid/articles/2026/10/story-7934306?utm_source=share&utm_medium=link&ref=sfp-seed
89tU,https://news.example.invalid/articles/2026/10/story-1943074?utm_source=share&utm_medium=link&ref=sfp-seed
3LpD,https://news.example.invalid/articles/2026/10/story-897241?utm_source=share&utm_medium=link&ref=sfp-seed
zjL0,https://news.example.invalid/articles/2026/10/story-8417430?utm_source=share&utm_medium=link&ref=sfp-seed
bprf,https://news.example.invalid/articles/2026/10/story-2719397?utm_source=share&utm_medium=link&ref=sfp-seed
7lrU,https://news.example.invalid/articles/2026/10/story-1750750?utm_source=share&utm_medium=link&ref=sfp-seed
Bbw4,https://news.example.invalid/articles/2026/10/story-8862408?utm_source=share&utm_medium=link&ref=sfp-seed
aCKN,https://news.example.invalid/articles/2026/10/story-2532253?utm_source=share&utm_medium=link&ref=sfp-seed
iywA,https://news.example.invalid/articles/2026/10/story-4422620?utm_source=share&utm_medium=link&ref=sfp-seed
4S6m,https://news.example.invalid/articles/2026/10/story-1161282?utm_source=share&utm_medium=link&ref=sfp-seed
yvnW,https://news.example.invalid/articles/2026/10/story-8223800?utm_source=share&utm_medium=link&ref=sfp-seed
ATSZ,https://news.example.invalid/articles/2026/10/story-8794637?utm_source=share&utm_medium=link&ref=sfp-seed
Ceom,https://news.example.invalid/articles/2026/10/story-9111790?utm_source=share&utm_medium=link&ref=sfp-seed
jM7t,https://news.example.invalid/articles/2026/10/story-4713207?utm_source=share&utm_medium=link&ref=sfp-seed
uE6,https://news.example.invalid/articles/2026/10/story-117806?utm_source=share&utm_medium=link&ref=sfp-seed
9tFl,https://news.example.invalid/articles/2026/10/story-2258991?utm_source=share&utm_medium=link&ref=sfp-seed
EbAE,https://news.example.invalid/articles/2026/10/story-9577676?utm_source=share&utm_medium=link&ref=sfp-seed
4UKQ,https://news.example.invalid/articles/2026/10/story-1171480?utm_source=share&utm_medium=link&ref=sfp-seed
DboE,https://news.example.invalid/articles/2026/10/story-9338604?utm_source=share&utm_medium=link&ref=sfp-seed
fE6p,https://news.example.invalid/articles/2026/10/story-3729077?utm_source=share&utm_medium=link&ref=sfp-seed
4B2W,https://news.example.invalid/articles/2026/10/story-1095722?utm_source=share&utm_medium=link&ref=sfp-seed
Aw7r,https://news.example.invalid/articles/2026/10/story-8703277?utm_source=share&utm_medium=link&ref=sfp-seed
73J7,https://news.example.invalid/articles/2026/10/story-1682625?utm_source=share&utm_medium=link&ref=sfp-seed
ow0Z,https://news.example.invalid/articles/2026/10/story-5842941?utm_source=share&utm_medium=link&ref=sfp-seed
lPiW,https://news.example.invalid/articles/2026/10/story-5202106?utm_source=share&utm_medium=link&ref=sfp-seed
1mrw,https://news.example.invalid/articles/2026/10/story-324602?utm_source=share&utm_medium=link&ref=sfp-seed
edB6,https://news.example.invalid/articles/2026/10/story-3388864?utm_source=share&utm_medium=link&ref=sfp-seed
bFhK,https://news.example.invalid/articles/2026/10/story-2780312?utm_source=share&utm_medium=link&ref=sfp-seed
hS3c,https://news.example.invalid/articles/2026/10/story-4259350?utm_source=share&utm_medium=link&ref=sfp-seed
wE3k,https://news.example.invalid/articles/2026/10/story-7780462?utm_source=share&utm_medium=link&ref=sfp-seed
xBdK,https://news.example.invalid/articles/2026/10/story-8007904?utm_source=share&utm_medium=link&ref=sfp-seed
svQh,https://news.example.invalid/articles/2026/10/story-6795589?utm_source=share&utm_medium=link&ref=sfp-seed
gTDE,https://news.example.invalid/articles/2026/10/story-4027126?utm_source=share&utm_medium=link&ref=sfp-seed
lRy2,https://news.example.invalid/articles/2026/10/story-5210730?utm_source=share&utm_medium=link&ref=sfp-seed
Frtu,https://news.example.invalid/articles/2026/10/story-9877064?utm_source=share&utm_medium=link&ref=sfp-seed
qrs7,https://news.example.invalid/articles/2026/10/story-6302059?utm_source=share&utm_medium=link&ref=sfp-seed
4r9p,https://news.example.invalid/articles/2026/10/story-1057683?utm_source=share&utm_medium=link&ref=sfp-seed
p2Mb,https://news.example.invalid/articles/2026/10/story-5968875?utm_source=share&utm_medium=link&ref=sfp-seed
4knY,https://news.example.invalid/articles/2026/10/story-1031678?utm_source=share&utm_medium=link&ref=sfp-seed
wlDm,https://news.example.invalid/articles/2026/10/story-7709660?utm_source=share&utm_medium=link&ref=sfp-seed
anDn,https://news.example.invalid/articles/2026/10/story-2474133?utm_source=share&utm_medium=link&ref=sfp-seed
gHW1,https://news.example.invalid/articles/2026/10/story-3982137?utm_source=share&utm_medium=link&ref=sfp-seed
9Z57,https://news.example.invalid/articles/2026/10/story-2379753?utm_source=share&utm_medium=link&ref=sfp-seed
Dauf,https://news.example.invalid/articles/2026/10/story-9335107?utm_source=share&utm_medium=link&ref=sfp-seed
DLni,https://news.example.invalid/articles/2026/10/story-9476904?utm_source=share&utm_medium=link&ref=sfp-seed
z4iO,https://news.example.invalid/articles/2026/10/story-8358022?utm_source=share&utm_medium=link&ref=sfp-seed
3g8,https://news.example.invalid/articles/2026/10/story-12532?utm_source=share&utm_medium=link&ref=sfp-seed
FWw9,https://news.example.invalid/articles/2026/10/story-9996393?utm_source=share&utm_medium=link&ref=sfp-seed
gWZf,https://news.example.invalid/articles/2026/10/story-4039997?utm_source=share&utm_medium=link&ref=sfp-seed
c2If,https://news.example.invalid/articles/2026/10/story-2870367?utm_source=share&utm_medium=link&ref=sfp-seed
7qT,https://news.example.invalid/articles/2026/10/story-28575?utm_source=share&utm_medium=link&ref=sfp-seed
DFPG,https://news.example.invalid/articles/2026/10/story-9455600?utm_source=share&utm_medium=link&ref=sfp-seed
NXA,https://news.example.invalid/articles/2026/10/story-192050?utm_source=share&utm_medium=link&ref=sfp-seed
z9MK,https://news.example.invalid/articles/2026/10/story-8379098?utm_source=share&utm_medium=link&ref=sfp-seed
XyK,https://news.example.invalid/articles/2026/10/story-228950?utm_source=share&utm_medium=link&ref=sfp-seed
tqw7,https://news.example.invalid/articles/2026/10/story-7013447?utm_source=share&utm_medium=link&ref=sfp-seed
f9aZ,https://news.example.invalid/articles/2026/10/story-3610197?utm_source=share&utm_medium=link&ref=sfp-seed
5AQ1,https://news.example.invalid/articles/2026/10/story-1333249?utm_source=share&utm_medium=link&ref=sfp-seed
yOWO,https://news.example.invalid/articles/2026/10/story-8298998?utm_source=share&utm_medium=link&ref=sfp-seed
aTTQ,https://news.example.invalid/articles/2026/10/story-2598162?utm_source=share&utm_medium=link&ref=sfp-seed
e8Nf,https://news.example.invalid/articles/2026/10/story-3370397?utm_source=share&utm_medium=link&ref=sfp-seed
wR4y,https://news.example.invalid/articles/2026/10/story-7830510?utm_source=share&utm_medium=link&ref=sfp-seed
7TAx,https://news.example.invalid/articles/2026/10/story-1881981?utm_source=share&utm_medium=link&ref=sfp-seed
cD3X,https://news.example.invalid/articles/2026/10/story-3010097?utm_source=share&utm_medium=link&ref=sfp-seed
7jlv,https://news.example.invalid/articles/2026/10/story-1742665?utm_source=share&utm_medium=link&ref=sfp-seed
CyJd,https://news.example.invalid/articles/2026/10/story-9189963?utm_source=share&utm_medium=link&ref=sfp-seed
F4vO,https://news.example.invalid/articles/2026/10/story-9788796?utm_source=share&utm_medium=link&ref=sfp-seed
34dp,https://news.example.invalid/articles/2026/10/story-731191?utm_source=share&utm_medium=link&ref=sfp-seed
Eef9,https://news.example.invalid/articles/2026/10/story-9587875?utm_source=share&utm_medium=link&ref=sfp-seed
2eY8,https://news.example.invalid/articles/2026/10/story-534200?utm_source=share&utm_medium=link&ref=sfp-seed
n8ic,https://news.example.invalid/articles/2026/10/story-5513424?utm_source=share&utm_medium=link&ref=sfp-seed
wtmC,https://news.example.invalid/articles/2026/10/story-7739374?utm_source=share&utm_medium=link&ref=sfp-seed
ispM,https://news.example.invalid/articles/2026/10/story-4399134?utm_source=share&utm_medium=link&ref=sfp-seed
EeR0,https://news.example.invalid/articles/2026/10/story-9590222?utm_source=share&utm_medium=link&ref=sfp-seed
13OE,https://news.example.invalid/articles/2026/10/story-253000?utm_source=share&utm_medium=link&ref=sfp-seed
r6Kx,https://news.example.invalid/articles/2026/10/story-6460805?utm_source=share&utm_medium=link&ref=sfp-seed
spEa,https://news.example.invalid/articles/2026/10/story-6771774?utm_source=share&utm_medium=link&ref=sfp-seed
jL2a,https://news.example.invalid/articles/2026/10/story-4709034?utm_source=share&utm_medium=link&ref=sfp-seed
4C3J,https://news.example.invalid/articles/2026/10/story-1099615?utm_source=share&utm_medium=link&ref=sfp-seed
Ezqx,https://news.example.invalid/articles/2026/10/story-9669305?utm_source=share&utm_medium=link&ref=sfp-seed
kDXh,https://news.example.invalid/articles/2026/10/story-4920151?utm_source=share&utm_medium=link&ref=sfp-seed
gA1t,https://news.example.invalid/articles/2026/10/story-3951723?utm_source=share&utm_medium=link&ref=sfp-seed
lVMG,https://news.example.invalid/articles/2026/10/story-5227014?utm_source=share&utm_medium=link&ref=sfp-seed
ClDg,https://news.example.invalid/articles/2026/10/story-9139622?utm_source=share&utm_medium=link&ref=sfp-seed
l9mm,https://news.example.invalid/articles/2026/10/story-5040870?utm_source=share&utm_medium=link&ref=sfp-seed
xM6t,https://news.example.invalid/articles/2026/10/story-8049737?utm_source=share&utm_medium=link&ref=sfp-seed
AaWF,https://news.example.invalid/articles/2026/10/story-8621885?utm_source=share&utm_medium=link&ref=sfp-seed
DFvo,https://news.example.invalid/articles/2026/10/story-9454342?utm_source=share&utm_medium=link&ref=sfp-seed
uiLb,https://news.example.invalid/articles/2026/10/story-7221957?utm_source=share&utm_medium=link&ref=sfp-seed
s6rP,https://news.example.invalid/articles/2026/10/story-6697973?utm_source=share&utm_medium=link&ref=sfp-seed
c2um,https://news.example.invalid/articles/2026/10/story-2869506?utm_source=share&utm_medium=link&ref=sfp-seed
xgBi,https://news.example.invalid/articles/2026/10/story-7928640?utm_source=share&utm_medium=link&ref=sfp-seed
mx01,https://news.example.invalid/articles/2026/10/story-5370069?utm_source=share&utm_medium=link&ref=sfp-seed
DnCL,https://news.example.invalid/articles/2026/10/story-9385607?utm_source=share&utm_medium=link&ref=sfp-seed
xyB9,https://news.example.invalid/articles/2026/10/story-7997823?utm_source=share&utm_medium=link&ref=sfp-seed
uuF3,https://news.example.invalid/articles/2026/10/story-7267705?utm_source=share&utm_medium=link&ref=sfp-seed
6Dap,https://news.example.invalid/articles/2026/10/story-1580529?utm_source=share&utm_medium=link&ref=sfp-seed
9bdi,https://news.example.invalid/articles/2026/10/story-2188060?utm_source=share&utm_medium=link&ref=sfp-seed
w22n,https://news.example.invalid/articles/2026/10/story-7634331?utm_source=share&utm_medium=link&ref=sfp-seed
j6Ng,https://news.example.invalid/articles/2026/10/story-4554350?utm_source=share&utm_medium=link&ref=sfp-seed
wSHM,https://news.example.invalid/articles/2026/10/story-7836786?utm_source=share&utm_medium=link&ref=sfp-seed
A5bb,https://news.example.invalid/articles/2026/10/story-8599721?utm_source=share&utm_medium=link&ref=sfp-seed
zHQv,https://news.example.invalid/articles/2026/10/story-8510027?utm_source=share&utm_medium=link&ref=sfp-seed
moV,https://news.example.invalid/articles/2026/10/story-86113?utm_source=share&utm_medium=link&ref=sfp-seed
2BMZ,https://news.example.invalid/articles/2026/10/story-621921?utm_source=share&utm_medium=link&ref=sfp-seed
CWdU,https://news.example.invalid/articles/2026/10/story-9280278?utm_source=share&utm_medium=link&ref=sfp-seed
pU4t,https://news.example.invalid/articles/2026/10/story-6173741?utm_source=share&utm_medium=link&ref=sfp-seed
3VC2,https://news.example.invalid/articles/2026/10/story-936450?utm_source=share&utm_medium=link&ref=sfp-seed
1mul,https://news.example.invalid/articles/2026/10/story-324777?utm_source=share&utm_medium=link&ref=sfp-seed
2wkI,https://news.example.invalid/articles/2026/10/story-600948?utm_source=share&utm_medium=link&ref=sfp-seed
b3Hh,https://news.example.invalid/articles/2026/10/story-2635823?utm_source=share&utm_medium=link&ref=sfp-seed
rm20,https://news.example.invalid/articles/2026/10/story-6519548?utm_source=share&utm_medium=link&ref=sfp-seed
zNeq,https://news.example.invalid/articles/2026/10/story-8530730?utm_source=share&utm_medium=link&ref=sfp-seed
ylIY,https://news.example.invalid/articles/2026/10/story-8186664?utm_source=share&utm_medium=link&ref=sfp-seed
dygh,https://news.example.invalid/articles/2026/10/story-3229969?utm_source=share&utm_medium=link&ref=sfp-seed
70gq,https://news.example.invalid/articles/2026/10/story-1669314?utm_source=share&utm_medium=link&ref=sfp-seed
e9Y3,https://news.example.invalid/articles/2026/10/story-3374911?utm_source=share&utm_medium=link&ref=sfp-seed
e35s,https://news.example.invalid/articles/2026/10/story-3348462?utm_source=share&utm_medium=link&ref=sfp-seed
qO2O,https://news.example.invalid/articles/2026/10/story-6388902?utm_source=share&utm_medium=link&ref=sfp-seed
xQoQ,https://news.example.invalid/articles/2026/10/story-8066252?utm_source=share&utm_medium=link&ref=sfp-seed
ets9,https://news.example.invalid/articles/2026/10/story-3449813?utm_source=share&utm_medium=link&ref=sfp-seed
rbGp,https://news.example.invalid/articles/2026/10/story-6479769?utm_source=share&utm_medium=link&ref=sfp-seed
edoJ,https://news.example.invalid/articles/2026/10/story-3388097?utm_source=share&utm_medium=link&ref=sfp-seed
8wY0,https://news.example.invalid/articles/2026/10/story-2033352?utm_source=share&utm_medium=link&ref=sfp-seed
5kN,https://news.example.invalid/articles/2026/10/story-20509?utm_source=share&utm_medium=link&ref=sfp-seed
5c3z,https://news.example.invalid/articles/2026/10/story-1237989?utm_source=share&utm_medium=link&ref=sfp-seed
zF32,https://news.example.invalid/articles/2026/10/story-8499272?utm_source=share&utm_medium=link&ref=sfp-seed
p9Oq,https://news.example.invalid/articles/2026/10/story-5995922?utm_source=share&utm_medium=link&ref=sfp-seed
hV5R,https://news.example.invalid/articles/2026/10/story-4271047?utm_source=share&utm_medium=link&ref=sfp-seed
xhlL,https://news.example.invalid/articles/2026/10/story-7931521?utm_source=share&utm_medium=link&ref=sfp-seed
puiv,https://news.example.invalid/articles/2026/10/story-6074667?utm_source=share&utm_medium=link&ref=sfp-seed
AP3w,https://news.example.invalid/articles/2026/10/story-8776070?utm_source=share&utm_medium=link&ref=sfp-seed
i9n1,https://news.example.invalid/articles/2026/10/story-4325927?utm_source=share&utm_medium=link&ref=sfp-seed
kdeF,https://news.example.invalid/articles/2026/10/story-4817441?utm_source=share&utm_medium=link&ref=sfp-seed
45nc,https://news.example.invalid/articles/2026/10/story-973970?utm_source=share&utm_medium=link&ref=sfp-seed
1UuF,https://news.example.invalid/articles/2026/10/story-455493?utm_source=share&utm_medium=link&ref=sfp-seed
EDto,https://news.example.invalid/articles/2026/10/story-9684858?utm_source=share&utm_medium=link&ref=sfp-seed
g9zp,https://news.example.invalid/articles/2026/10/story-3850039?utm_source=share&utm_medium=link&ref=sfp-seed
viXt,https://news.example.invalid/articles/2026/10/story-7461047?utm_source=share&utm_medium=link&ref=sfp-seed
bEjL,https://news.example.invalid/articles/2026/10/story-2776593?utm_source=share&utm_medium=link&ref=sfp-seed
miGO,https://news.example.invalid/articles/2026/10/story-5315062?utm_source=share&utm_medium=link&ref=sfp-seed
crDR,https://news.example.invalid/articles/2026/10/story-2966195?utm_source=share&utm_medium=link&ref=sfp-seed
9fRh,https://news.example.invalid/articles/2026/10/story-2205915?utm_source=share&utm_medium=link&ref=sfp-seed
3c9g,https://news.example.invalid/articles/2026/10/story-761686?utm_source=share&utm_medium=link&ref=sfp-seed
xvFy,https://news.example.invalid/articles/2026/10/story-7986564?utm_source=share&utm_medium=link&ref=sfp-seed
6JPn,https://news.example.invalid/articles/2026/10/story-1606133?utm_source=share&utm_medium=link&ref=sfp-seed
qXJ,https://news.example.invalid/articles/2026/10/story-103647?utm_source=share&utm_medium=link&ref=sfp-seed
kw8,https://news.example.invalid/articles/2026/10/story-78872?utm_source=share&utm_medium=link&ref=sfp-seed
hrdd,https://news.example.invalid/articles/2026/10/story-4156183?utm_source=share&utm_medium=link&ref=sfp-seed
tVTM,https://news.example.invalid/articles/2026/10/story-7134078?utm_source=share&utm_medium=link&ref=sfp-seed
lwaU,https://news.example.invalid/articles/2026/10/story-5128572?utm_source=share&utm_medium=link&ref=sfp-seed
xVjL,https://news.example.invalid/articles/2026/10/story-8085157?utm_source=share&utm_medium=link&ref=sfp-seed
1NDj,https://news.example.invalid/articles/2026/10/story-429121?utm_source=share&utm_medium=link&ref=sfp-seed
eQIB,https://news.example.invalid/articles/2026/10/story-3539245?utm_source=share&utm_medium=link&ref=sfp-seed
utxZ,https://news.example.invalid/articles/2026/10/story-7263423?utm_source=share&utm_medium=link&ref=sfp-seed
7FyP,https://news.example.invalid/articles/2026/10/story-1828059?utm_source=share&utm_medium=link&ref=sfp-seed
baq,https://news.example.invalid/articles/2026/10/story-42930?utm_source=share&utm_medium=link&ref=sfp-seed
Fr7A,https://news.example.invalid/articles/2026/10/story-9875706?utm_source=share&utm_medium=link&ref=sfp-seed
uHFD,https://news.example.invalid/articles/2026/10/story-7317713?utm_source=share&utm_medium=link&ref=sfp-seed
a2e3,https://news.example.invalid/articles/2026/10/story-2391839?utm_source=share&utm_medium=link&ref=sfp-seed
9Vco,https://news.example.invalid/articles/2026/10/story-2364828?utm_source=share&utm_medium=link&ref=sfp-seed
f6Jw,https://news.example.invalid/articles/2026/10/story-3600806?utm_source=share&utm_medium=link&ref=sfp-seed
FS4E,https://news.example.invalid/articles/2026/10/story-9979312?utm_source=share&utm_medium=link&ref=sfp-seed
vqyJ,https://news.example.invalid/articles/2026/10/story-7490265?utm_source=share&utm_medium=link&ref=sfp-seed
9QWh,https://news.example.invalid/articles/2026/10/story-2348453?utm_source=share&utm_medium=link&ref=sfp-seed
wMwv,https://news.example.invalid/articles/2026/10/story-7813023?utm_source=share&utm_medium=link&ref=sfp-seed
cism,https://news.example.invalid/articles/2026/10/story-2930886?utm_source=share&utm_medium=link&ref=sfp-seed
b0mf,https://news.example.invalid/articles/2026/10/story-2622987?utm_source=share&utm_medium=link&ref=sfp-seed
xZtk,https://news.example.invalid/articles/2026/10/story-8101126?utm_source=share&utm_medium=link&ref=sfp-seed
qhmc,https://news.example.invalid/articles/2026/10/story-6263252?utm_source=share&utm_medium=link&ref=sfp-seed
w4A1,https://news.example.invalid/articles/2026/10/story-7644105?utm_source=share&utm_medium=link&ref=sfp-seed
pm5A,https://news.example.invalid/articles/2026/10/story-6043114?utm_source=share&utm_medium=link&ref=sfp-seed
AXU8,https://news.example.invalid/articles/2026/10/story-8810084?utm_source=share&utm_medium=link&ref=sfp-seed
fF4P,https://news.example.invalid/articles/2026/10/story-3732823?utm_source=share&utm_medium=link&ref=sfp-seed
ES8r,https://news.example.invalid/articles/2026/10/story-9741219?utm_source=share&utm_medium=link&ref=sfp-seed
luCi,https://news.example.invalid/articles/2026/10/story-5122582?utm_source=share&utm_medium=link&ref=sfp-seed
1DH5,https://news.example.invalid/articles/2026/10/story-390915?utm_source=share&utm_medium=link&ref=sfp-seed
u8AO,https://news.example.invalid/articles/2026/10/story-7182874?utm_source=share&utm_medium=link&ref=sfp-seed
yQtd,https://news.example.invalid/articles/2026/10/story-8304851?utm_source=share&utm_medium=link&ref=sfp-seed
y5EA,https://news.example.invalid/articles/2026/10/story-8124888?utm_source=share&utm_medium=link&ref=sfp-seed
Dxk,https://news.example.invalid/articles/2026/10/story-151982?utm_source=share&utm_medium=link&ref=sfp-seed
o98v,https://news.example.invalid/articles/2026/10/story-5754995?utm_source=share&utm_medium=link&ref=sfp-seed
B0Dr,https://news.example.invalid/articles/2026/10/story-8820581?utm_source=share&utm_medium=link&ref=sfp-seed
uBtK,https://news.example.invalid/articles/2026/10/story-7293912?utm_source=share&utm_medium=link&ref=sfp-seed
psX0,https://news.example.invalid/articles/2026/10/story-6069490?utm_source=share&utm_medium=link&ref=sfp-seed
Ct5c,https://news.example.invalid/articles/2026/10/story-9168262?utm_source=share&utm_medium=link&ref=sfp-seed
3OX9,https://news.example.invalid/articles/2026/10/story-910851?utm_source=share&utm_medium=link&ref=sfp-seed
md3E,https://news.example.invalid/articles/2026/10/story-5293414?utm_source=share&utm_medium=link&ref=sfp-seed
oz6r,https://news.example.invalid/articles/2026/10/story-5854811?utm_source=share&utm_medium=link&ref=sfp-seed
gfAs,https://news.example.invalid/articles/2026/10/story-3873168?utm_source=share&utm_medium=link&ref=sfp-seed
zEQs,https://news.example.invalid/articles/2026/10/story-8498492?utm_source=share&utm_medium=link&ref=sfp-seed
nF5v,https://news.example.invalid/articles/2026/10/story-5639489?utm_source=share&utm_medium=link&ref=sfp-seed
u1SA,https://news.example.invalid/articles/2026/10/story-7157068?utm_source=share&utm_medium=link&ref=sfp-seed
glc6,https://news.example.invalid/articles/2026/10/story-3894722?utm_source=share&utm_medium=link&ref=sfp-seed
DCOr,https://news.example.invalid/articles/2026/10/story-9443991?utm_source=share&utm_medium=link&ref=sfp-seed
dLp8,https://news.example.invalid/articles/2026/10/story-3280490?utm_source=share&utm_medium=link&ref=sfp-seed
85G4,https://news.example.invalid/articles/2026/10/story-1928452?utm_source=share&utm_medium=link&ref=sfp-seed
F8z3,https://news.example.invalid/articles/2026/10/story-9804373?utm_source=share&utm_medium=link&ref=sfp-seed
jlgo,https://news.example.invalid/articles/2026/10/story-4609972?utm_source=share&utm_medium=link&ref=sfp-seed
buA,https://news.example.invalid/articles/2026/10/story-44180?utm_source=share&utm_medium=link&ref=sfp-seed
Edry,https://news.example.invalid/articles/2026/10/story-9584800?utm_source=share&utm_medium=link&ref=sfp-seed
uGds,https://news.example.invalid/articles/2026/10/story-7312122?utm_source=share&utm_medium=link&ref=sfp-seed
xTSV,https://news.example.invalid/articles/2026/10/story-8079649?utm_source=share&utm_medium=link&ref=sfp-seed
68Ss,https://news.example.invalid/articles/2026/10/story-1464096?utm_source=share&utm_medium=link&ref=sfp-seed
p3YM,https://news.example.invalid/articles/2026/10/story-5973500?utm_source=share&utm_medium=link&ref=sfp-seed
sMHd,https://news.example.invalid/articles/2026/10/story-6860375?utm_source=share&utm_medium=link&ref=sfp-seed
guMC,https://news.example.invalid/articles/2026/10/story-3931582?utm_source=share&utm_medium=link&ref=sfp-seed
C7q0,https://news.example.invalid/articles/2026/10/story-9084984?utm_source=share&utm_medium=link&ref=sfp-seed
9tSl,https://news.example.invalid/articles/2026/10/story-2259797?utm_source=share&utm_medium=link&ref=sfp-seed
aNyl,https://news.example.invalid/articles/2026/10/story-2573765?utm_source=share&utm_medium=link&ref=sfp-seed
ENvV,https://news.example.invalid/articles/2026/10/story-9723455?utm_source=share&utm_medium=link&ref=sfp-seed
bdLj,https://news.example.invalid/articles/2026/10/story-2674513?utm_source=share&utm_medium=link&ref=sfp-seed
nrcn,https://news.example.invalid/articles/2026/10/story-5586099?utm_source=share&utm_medium=link&ref=sfp-seed
dAQu,https://news.example.invalid/articles/2026/10/story-3239902?utm_source=share&utm_medium=link&ref=sfp-seed
vnxI,https://news.example.invalid/articles/2026/10/story-7478670?utm_source=share&utm_medium=link&ref=sfp-seed
gPvv,https://news.example.invalid/articles/2026/10/story-4011245?utm_source=share&utm_medium=link&ref=sfp-seed
pbVR,https://news.example.invalid/articles/2026/10/story-6004071?utm_source=share&utm_medium=link&ref=sfp-seed
tyb,https://news.example.invalid/articles/2026/10/story-113595?utm_source=share&utm_medium=link&ref=sfp-seed
C1KH,https://news.example.invalid/articles/2026/10/story-9063203?utm_source=share&utm_medium=link&ref=sfp-seed
mYqY,https://news.example.invalid/articles/2026/10/story-5475528?utm_source=share&utm_medium=link&ref=sfp-seed
7XuX,https://news.example.invalid/articles/2026/10/story-1897011?utm_source=share&utm_medium=link&ref=sfp-seed
8Vwn,https://news.example.invalid/articles/2026/10/story-2127739?utm_source=share&utm_medium=link&ref=sfp-seed
DWBr,https://news.example.invalid/articles/2026/10/story-9520065?utm_source=share&utm_medium=link&ref=sfp-seed
hXeZ,https://news.example.invalid/articles/2026/10/story-4279301?utm_source=share&utm_medium=link&ref=sfp-seed
ykor,https://news.example.invalid/articles/2026/10/story-8181547?utm_source=share&utm_medium=link&ref=sfp-seed
tz5D,https://news.example.invalid/articles/2026/10/story-7046401?utm_source=share&utm_medium=link&ref=sfp-seed
vVPk,https://news.example.invalid/articles/2026/10/story-7610458?utm_source=share&utm_medium=link&ref=sfp-seed
mzHi,https://news.example.invalid/articles/2026/10/story-5380440?utm_source=share&utm_medium=link&ref=sfp-seed
B2ef,https://news.example.invalid/articles/2026/10/story-8826707?utm_source=share&utm_medium=link&ref=sfp-seed
1X11,https://news.example.invalid/articles/2026/10/story-465187?utm_source=share&utm_medium=link&ref=sfp-seed
4WYU,https://news.example.invalid/articles/2026/10/story-1180040?utm_source=share&utm_medium=link&ref=sfp-seed
rSQR,https://news.example.invalid/articles/2026/10/story-6645709?utm_source=share&utm_medium=link&ref=sfp-seed
DPZX,https://news.example.invalid/articles/2026/10/story-9494677?utm_source=share&utm_medium=link&ref=sfp-seed
2ur7,https://news.example.invalid/articles/2026/10/story-593657?utm_source=share&utm_medium=link&ref=sfp-seed
kusE,https://news.example.invalid/articles/2026/10/story-4883656?utm_source=share&utm_medium=link&ref=sfp-seed
fXwI,https://news.example.invalid/articles/2026/10/story-3803744?utm_source=share&utm_medium=link&ref=sfp-seed
Ct3W,https://news.example.invalid/articles/2026/10/story-9168184?utm_source=share&utm_medium=link&ref=sfp-seed
ji6q,https://news.example.invalid/articles/2026/10/story-4597822?utm_source=share&utm_medium=link&ref=sfp-seed
7ic4,https://news.example.invalid/articles/2026/10/story-1738236?utm_source=share&utm_medium=link&ref=sfp-seed
cdBP,https://news.example.invalid/articles/2026/10/story-2912253?utm_source=share&utm_medium=link&ref=sfp-seed
oq6Q,https://news.example.invalid/articles/2026/10/story-5820240?utm_source=share&utm_medium=link&ref=sfp-seed
DDRr,https://news.example.invalid/articles/2026/10/story-9448021?utm_source=share&utm_medium=link&ref=sfp-seed
jQD0,https://news.example.invalid/articles/2026/10/story-4730538?utm_source=share&utm_medium=link&ref=sfp-seed
DrNB,https://news.example.invalid/articles/2026/10/story-9401655?utm_source=share&utm_medium=link&ref=sfp-seed
cxA9,https://news.example.invalid/articles/2026/10/story-2989029?utm_source=share&utm_medium=link&ref=sfp-seed
i7n0,https://news.example.invalid/articles/2026/10/story-4318238?utm_source=share&utm_medium=link&ref=sfp-seed
qd8D,https://news.example.invalid/articles/2026/10/story-6247035?utm_source=share&utm_medium=link&ref=sfp-seed
z1Ah,https://news.example.invalid/articles/2026/10/story-8347573?utm_source=share&utm_medium=link&ref=sfp-seed
4WTJ,https://news.example.invalid/articles/2026/10/story-1179719?utm_source=share&utm_medium=link&ref=sfp-seed
tQYj,https://news.example.invalid/articles/2026/10/story-7115139?utm_source=share&utm_medium=link&ref=sfp-seed
AFU4,https://news.example.invalid/articles/2026/10/story-8740888?utm_source=share&utm_medium=link&ref=sfp-seed
tNF1,https://news.example.invalid/articles/2026/10/story-7102411?utm_source=share&utm_medium=link&ref=sfp-seed
6b24,https://news.example.invalid/articles/2026/10/story-1472380?utm_source=share&utm_medium=link&ref=sfp-seed
1SId,https://news.example.invalid/articles/2026/10/story-448645?utm_source=share&utm_medium=link&ref=sfp-seed
eIGH,https://news.example.invalid/articles/2026/10/story-3508375?utm_source=share&utm_medium=link&ref=sfp-seed
v7xk,https://news.example.invalid/articles/2026/10/story-7417142?utm_source=share&utm_medium=link&ref=sfp-seed
uTAp,https://news.example.invalid/articles/2026/10/story-7363517?utm_source=share&utm_medium=link&ref=sfp-seed
6ee1,https://news.example.invalid/articles/2026/10/story-1484653?utm_source=share&utm_medium=link&ref=sfp-seed
qWNA,https://news.example.invalid/articles/2026/10/story-6422554?utm_source=share&utm_medium=link&ref=sfp-seed
fmaP,https://news.example.invalid/articles/2026/10/story-3660159?utm_source=share&utm_medium=link&ref=sfp-seed
mOH5,https://news.example.invalid/articles/2026/10/story-5438087?utm_source=share&utm_medium=link&ref=sfp-seed
o5I4,https://news.example.invalid/articles/2026/10/story-5741824?utm_source=share&utm_medium=link&ref=sfp-seed
s7f1,https://news.example.invalid/articles/2026/10/story-6701023?utm_source=share&utm_medium=link&ref=sfp-seed
pvcy,https://news.example.invalid/articles/2026/10/story-6078142?utm_source=share&utm_medium=link&ref=sfp-seed
cppb,https://news.example.invalid/articles/2026/10/story-2957597?utm_source=share&utm_medium=link&ref=sfp-seed
EL7P,https://news.example.invalid/articles/2026/10/story-9714273?utm_source=share&utm_medium=link&ref=sfp-seed
gfkv,https://news.example.invalid/articles/2026/10/story-3872179?utm_source=share&utm_medium=link&ref=sfp-seed
sSzo,https://news.example.invalid/articles/2026/10/story-6882954?utm_source=share&utm_medium=link&ref=sfp-seed
tZis,https://news.example.invalid/articles/2026/10/story-7147140?utm_source=share&utm_medium=link&ref=sfp-seed
gYYD,https://news.example.invalid/articles/2026/10/story-4047647?utm_source=share&utm_medium=link&ref=sfp-seed
b65L,https://news.example.invalid/articles/2026/10/story-2645029?utm_source=share&utm_medium=link&ref=sfp-seed
vojg,https://news.example.invalid/articles/2026/10/story-7481618?utm_source=share&utm_medium=link&ref=sfp-seed
nAx7,https://news.example.invalid/articles/2026/10/story-5621981?utm_source=share&utm_medium=link&ref=sfp-seed
ifTX,https://news.example.invalid/articles/2026/10/story-4351033?utm_source=share&utm_medium=link&ref=sfp-seed
d8x9,https://news.example.invalid/articles/2026/10/story-3131071?utm_source=share&utm_medium=link&ref=sfp-seed
rMiC,https://news.example.invalid/articles/2026/10/story-6620522?utm_source=share&utm_medium=link&ref=sfp-seed
6NBy,https://news.example.invalid/articles/2026/10/story-1620652?utm_source=share&utm_medium=link&ref=sfp-seed
omnV,https://news.example.invalid/articles/2026/10/story-5805923?utm_source=share&utm_medium=link&ref=sfp-seed
oLBF,https://news.example.invalid/articles/2026/10/story-5902875?utm_source=share&utm_medium=link&ref=sfp-seed
tscH,https://news.example.invalid/articles/2026/10/story-7019931?utm_source=share&utm_medium=link&ref=sfp-seed
xR8c,https://news.example.invalid/articles/2026/10/story-8069064?utm_source=share&utm_medium=link&ref=sfp-seed
gCvD,https://news.example.invalid/articles/2026/10/story-3961281?utm_source=share&utm_medium=link&ref=sfp-seed
y35W,https://news.example.invalid/articles/2026/10/story-8115052?utm_source=share&utm_medium=link&ref=sfp-seed
gAxS,https://news.example.invalid/articles/2026/10/story-3953732?utm_source=share&utm_medium=link&ref=sfp-seed
6rYX,https://news.example.invalid/articles/2026/10/story-1537535?utm_source=share&utm_medium=link&ref=sfp-seed
p2tN,https://news.example.invalid/articles/2026/10/story-5967735?utm_source=share&utm_medium=link&ref=sfp-seed
EHoK,https://news.example.invalid/articles/2026/10/story-9699946?utm_source=share&utm_medium=link&ref=sfp-seed
sCXD,https://news.example.invalid/articles/2026/10/story-6822953?utm_source=share&utm_medium=link&ref=sfp-seed
9UFp,https://news.example.invalid/articles/2026/10/story-2362783?utm_source=share&utm_medium=link&ref=sfp-seed
r2dp,https://news.example.invalid/articles/2026/10/story-6443375?utm_source=share&utm_medium=link&ref=sfp-seed
rQzq,https://news.example.invalid/articles/2026/10/story-6636940?utm_source=share&utm_medium=link&ref=sfp-seed
iRCJ,https://news.example.invalid/articles/2026/10/story-4496037?utm_source=share&utm_medium=link&ref=sfp-seed
ixqn,https://news.example.invalid/articles/2026/10/story-4418391?utm_source=share&utm_medium=link&ref=sfp-seed
dQRq,https://news.example.invalid/articles/2026/10/story-3301464?utm_source=share&utm_medium=link&ref=sfp-seed
3YK9,https://news.example.invalid/articles/2026/10/story-948485?utm_source=share&utm_medium=link&ref=sfp-seed
f8aw,https://news.example.invalid/articles/2026/10/story-3606324?utm_source=share&utm_medium=link&ref=sfp-seed
1PYQ,https://news.example.invalid/articles/2026/10/story-438144?utm_source=share&utm_medium=link&ref=sfp-seed
uBi3,https://news.example.invalid/articles/2026/10/story-7293187?utm_source=share&utm_medium=link&ref=sfp-seed
xrWP,https://news.example.invalid/articles/2026/10/story-7972259?utm_source=share&utm_medium=link&ref=sfp-seed
7HA3,https://news.example.invalid/articles/2026/10/story-1835823?utm_source=share&utm_medium=link&ref=sfp-seed
AakC,https://news.example.invalid/articles/2026/10/story-8619526?utm_source=share&utm_medium=link&ref=sfp-seed
3Ypd,https://news.example.invalid/articles/2026/10/story-947187?utm_source=share&utm_medium=link&ref=sfp-seed
peTB,https://news.example.invalid/articles/2026/10/story-6015463?utm_source=share&utm_medium=link&ref=sfp-seed
d5l,https://news.example.invalid/articles/2026/10/story-50303?utm_source=share&utm_medium=link&ref=sfp-seed
fcV,https://news.example.invalid/articles/2026/10/story-58461?utm_source=share&utm_medium=link&ref=sfp-seed
1AlQ,https://news.example.invalid/articles/2026/10/story-378066?utm_source=share&utm_medium=link&ref=sfp-seed
rAcW,https://news.example.invalid/articles/2026/10/story-6574042?utm_source=share&utm_medium=link&ref=sfp-seed
7CIe,https://news.example.invalid/articles/2026/10/story-1817110?utm_source=share&utm_medium=link&ref=sfp-seed
pAgx,https://news.example.invalid/articles/2026/10/story-6097609?utm_source=share&utm_medium=link&ref=sfp-seed
sefs,https://news.example.invalid/articles/2026/10/story-6727958?utm_source=share&utm_medium=link&ref=sfp-seed
9Hnp,https://news.example.invalid/articles/2026/10/story-2311695?utm_source=share&utm_medium=link&ref=sfp-seed
3oJ,https://news.example.invalid/articles/2026/10/story-13065?utm_source=share&utm_medium=link&ref=sfp-seed
cVJV,https://news.example.invalid/articles/2026/10/story-3081891?utm_source=share&utm_medium=link&ref=sfp-seed
4EkK,https://news.example.invalid/articles/2026/10/story-1108358?utm_source=share&utm_medium=link&ref=sfp-seed
vw1N,https://news.example.invalid/articles/2026/10/story-7511287?utm_source=share&utm_medium=link&ref=sfp-seed
4epi,https://news.example.invalid/articles/2026/10/story-1008696?utm_source=share&utm_medium=link&ref=sfp-seed
6ee,https://news.example.invalid/articles/2026/10/story-23946?utm_source=share&utm_medium=link&ref=sfp-seed
stXt,https://news.example.invalid/articles/2026/10/story-6788347?utm_source=share&utm_medium=link&ref=sfp-seed
gdqp,https://news.example.invalid/articles/2026/10/story-3864857?utm_source=share&utm_medium=link&ref=sfp-seed
r9KP,https://news.example.invalid/articles/2026/10/story-6472355?utm_source=share&utm_medium=link&ref=sfp-seed
g7DW,https://news.example.invalid/articles/2026/10/story-3842632?utm_source=share&utm_medium=link&ref=sfp-seed
DhjZ,https://news.example.invalid/articles/2026/10/story-9361379?utm_source=share&utm_medium=link&ref=sfp-seed
qZXL,https://news.example.invalid/articles/2026/10/story-6434717?utm_source=share&utm_medium=link&ref=sfp-seed
299H,https://news.example.invalid/articles/2026/10/story-511853?utm_source=share&utm_medium=link&ref=sfp-seed
BTKT,https://news.example.invalid/articles/2026/10/story-9032463?utm_source=share&utm_medium=link&ref=sfp-seed
DbFM,https://news.example.invalid/articles/2026/10/story-9339666?utm_source=share&utm_medium=link&ref=sfp-seed
w5V9,https://news.example.invalid/articles/2026/10/story-7649259?utm_source=share&utm_medium=link&ref=sfp-seed
3jEZ,https://news.example.invalid/articles/2026/10/story-790561?utm_source=share&utm_medium=link&ref=sfp-seed
bGUJ,https://news.example.invalid/articles/2026/10/story-2786573?utm_source=share&utm_medium=link&ref=sfp-seed
rsMo,https://news.example.invalid/articles/2026/10/story-6545488?utm_source=share&utm_medium=link&ref=sfp-seed
Cfv9,https://news.example.invalid/articles/2026/10/story-9116055?utm_source=share&utm_medium=link&ref=sfp-seed
ngD6,https://news.example.invalid/articles/2026/10/story-5545472?utm_source=share&utm_medium=link&ref=sfp-seed
yumo,https://news.example.invalid/articles/2026/10/story-8219860?utm_source=share&utm_medium=link&ref=sfp-seed
DhGg,https://news.example.invalid/articles/2026/10/story-9362760?utm_source=share&utm_medium=link&ref=sfp-seed
uhRk,https://news.example.invalid/articles/2026/10/story-7218494?utm_source=share&utm_medium=link&ref=sfp-seed
cCGN,https://news.example.invalid/articles/2026/10/story-3008661?utm_source=share&utm_medium=link&ref=sfp-seed
qjub,https://news.example.invalid/articles/2026/10/story-6271435?utm_source=share&utm_medium=link&ref=sfp-seed
f1im,https://news.example.invalid/articles/2026/10/story-3579902?utm_source=share&utm_medium=link&ref=sfp-seed
raYT,https://news.example.invalid/articles/2026/10/story-6477071?utm_source=share&utm_medium=link&ref=sfp-seed
6Yis,https://news.example.invalid/articles/2026/10/story-1661752?utm_source=share&utm_medium=link&ref=sfp-seed
dqmI,https://news.example.invalid/articles/2026/10/story-3199616?utm_source=share&utm_medium=link&ref=sfp-seed
fo3K,https://news.example.invalid/articles/2026/10/story-3667408?utm_source=share&utm_medium=link&ref=sfp-seed
bGvq,https://news.example.invalid/articles/2026/10/story-2785004?utm_source=share&utm_medium=link&ref=sfp-seed
lOhf,https://news.example.invalid/articles/2026/10/story-5198157?utm_source=share&utm_medium=link&ref=sfp-seed
y3FQ,https://news.example.invalid/articles/2026/10/story-8117278?utm_source=share&utm_medium=link&ref=sfp-seed
8sGt,https://news.example.invalid/articles/2026/10/story-2016889?utm_source=share&utm_medium=link&ref=sfp-seed
oJnO,https://news.example.invalid/articles/2026/10/story-5894328?utm_source=share&utm_medium=link&ref=sfp-seed
s0kF,https://news.example.invalid/articles/2026/10/story-6674465?utm_source=share&utm_medium=link&ref=sfp-seed
fL8m,https://news.example.invalid/articles/2026/10/story-3756106?utm_source=share&utm_medium=link&ref=sfp-seed
mYLN,https://news.example.invalid/articles/2026/10/story-5476819?utm_source=share&utm_medium=link&ref=sfp-seed
69Cq,https://news.example.invalid/articles/2026/10/story-1466946?utm_source=share&utm_medium=link&ref=sfp-seed
c7iW,https://news.example.invalid/articles/2026/10/story-2888018?utm_source=share&utm_medium=link&ref=sfp-seed
1bE8,https://news.example.invalid/articles/2026/10/story-283100?utm_source=share&utm_medium=link&ref=sfp-seed
C6aN,https://news.example.invalid/articles/2026/10/story-9080197?utm_source=share&utm_medium=link&ref=sfp-seed
b6C0,https://news.example.invalid/articles/2026/10/story-2647028?utm_source=share&utm_medium=link&ref=sfp-seed
2ReZ,https://news.example.invalid/articles/2026/10/story-681317?utm_source=share&utm_medium=link&ref=sfp-seed
3yyR,https://news.example.invalid/articles/2026/10/story-847841?utm_source=share&utm_medium=link&ref=sfp-seed
ga4v,https://news.example.invalid/articles/2026/10/story-3851967?utm_source=share&utm_medium=link&ref=sfp-seed
D6kX,https://news.example.invalid/articles/2026/10/story-9319155?utm_source=share&utm_medium=link&ref=sfp-seed
BjzA,https://news.example.invalid/articles/2026/10/story-8893378?utm_source=share&utm_medium=link&ref=sfp-seed
j7EZ,https://news.example.invalid/articles/2026/10/story-4557681?utm_source=share&utm_medium=link&ref=sfp-seed
8VAJ,https://news.example.invalid/articles/2026/10/story-2128009?utm_source=share&utm_medium=link&ref=sfp-seed
qtDw,https://news.example.invalid/articles/2026/10/story-6310454?utm_source=share&utm_medium=link&ref=sfp-seed
yy0x,https://news.example.invalid/articles/2026/10/story-8233881?utm_source=share&utm_medium=link&ref=sfp-seed
wuPa,https://news.example.invalid/articles/2026/10/story-7744988?utm_source=share&utm_medium=link&ref=sfp-seed
vSd0,https://news.example.invalid/articles/2026/10/story-7596550?utm_source=share&utm_medium=link&ref=sfp-seed
iNmP,https://news.example.invalid/articles/2026/10/story-4479675?utm_source=share&utm_medium=link&ref=sfp-seed
1iQP,https://news.example.invalid/articles/2026/10/story-310795?utm_source=share&utm_medium=link&ref=sfp-seed
9bP3,https://news.example.invalid/articles/2026/10/story-2190401?utm_source=share&utm_medium=link&ref=sfp-seed
vQvG,https://news.example.invalid/articles/2026/10/story-7590020?utm_source=share&utm_medium=link&ref=sfp-seed
4spi,https://news.example.invalid/articles/2026/10/story-1062512?utm_source=share&utm_medium=link&ref=sfp-seed
C098,https://news.example.invalid/articles/2026/10/story-9057030?utm_source=share&utm_medium=link&ref=sfp-seed
FWyv,https://news.example.invalid/articles/2026/10/story-9996539?utm_source=share&utm_medium=link&ref=sfp-seed
iYXo,https://news.example.invalid/articles/2026/10/story-4524226?utm_source=share&utm_medium=link&ref=sfp-seed
52uM,https://news.example.invalid/articles/2026/10/story-1201236?utm_source=share&utm_medium=link&ref=sfp-seed
jagS,https://news.example.invalid/articles/2026/10/story-4567718?utm_source=share&utm_medium=link&ref=sfp-seed
ecIH,https://news.example.invalid/articles/2026/10/story-3385491?utm_source=share&utm_medium=link&ref=sfp-seed
zF2z,https://news.example.invalid/articles/2026/10/story-8499243?utm_source=share&utm_medium=link&ref=sfp-seed
2Wsj,https://news.example.invalid/articles/2026/10/story-701363?utm_source=share&utm_medium=link&ref=sfp-seed
nnbk,https://news.example.invalid/articles/2026/10/story-5570658?utm_source=share&utm_medium=link&ref=sfp-seed
jEJT,https://news.example.invalid/articles/2026/10/story-4684837?utm_source=share&utm_medium=link&ref=sfp-seed
1z0n,https://news.example.invalid/articles/2026/10/story-372891?utm_source=share&utm_medium=link&ref=sfp-seed
dFOO,https://news.example.invalid/articles/2026/10/story-3259018?utm_source=share&utm_medium=link&ref=sfp-seed
CYPg,https://news.example.invalid/articles/2026/10/story-9290282?utm_source=share&utm_medium=link&ref=sfp-seed
9cuW,https://news.example.invalid/articles/2026/10/story-2192998?utm_source=share&utm_medium=link&ref=sfp-seed
9ohG,https://news.example.invalid/articles/2026/10/story-2238304?utm_source=share&utm_medium=link&ref=sfp-seed
DkJ2,https://news.example.invalid/articles/2026/10/story-9374464?utm_source=share&utm_medium=link&ref=sfp-seed
fdge,https://news.example.invalid/articles/2026/10/story-3625898?utm_source=share&utm_medium=link&ref=sfp-seed
8L9S,https://news.example.invalid/articles/2026/10/story-2087904?utm_source=share&utm_medium=link&ref=sfp-seed
9t2x,https://news.example.invalid/articles/2026/10/story-2256585?utm_source=share&utm_medium=link&ref=sfp-seed
ywDu,https://news.example.invalid/articles/2026/10/story-8228608?utm_source=share&utm_medium=link&ref=sfp-seed
fSG6,https://news.example.invalid/articles/2026/10/story-3785106?utm_source=share&utm_medium=link&ref=sfp-seed
BKzY,https://news.example.invalid/articles/2026/10/story-8997190?utm_source=share&utm_medium=link&ref=sfp-seed
otyc,https://news.example.invalid/articles/2026/10/story-5833468?utm_source=share&utm_medium=link&ref=sfp-seed
hQNU,https://news.example.invalid/articles/2026/10/story-4254558?utm_source=share&utm_medium=link&ref=sfp-seed
h93o,https://news.example.invalid/articles/2026/10/story-4086382?utm_source=share&utm_medium=link&ref=sfp-seed
c6By,https://news.example.invalid/articles/2026/10/story-2885328?utm_source=share&utm_medium=link&ref=sfp-seed
iuUh,https://news.example.invalid/articles/2026/10/story-4408713?utm_source=share&utm_medium=link&ref=sfp-seed
EDv3,https://news.example.invalid/articles/2026/10/story-9684961?utm_source=share&utm_medium=link&ref=sfp-seed
gMQR,https://news.example.invalid/articles/2026/10/story-4001037?utm_source=share&utm_medium=link&ref=sfp-seed
An1,https://news.example.invalid/articles/2026/10/story-139811?utm_source=share&utm_medium=link&ref=sfp-seed
kAbv,https://news.example.invalid/articles/2026/10/story-4905657?utm_source=share&utm_medium=link&ref=sfp-seed
tkOy,https://news.example.invalid/articles/2026/10/story-6991526?utm_source=share&utm_medium=link&ref=sfp-seed
wtau,https://news.example.invalid/articles/2026/10/story-7738622?utm_source=share&utm_medium=link&ref=sfp-seed
fvBq,https://news.example.invalid/articles/2026/10/story-3696404?utm_source=share&utm_medium=link&ref=sfp-seed
wYLI,https://news.example.invalid/articles/2026/10/story-7860094?utm_source=share&utm_medium=link&ref=sfp-seed
xSnJ,https://news.example.invalid/articles/2026/10/story-8073871?utm_source=share&utm_medium=link&ref=sfp-seed
F7G7,https://news.example.invalid/articles/2026/10/story-9800967?utm_source=share&utm_medium=link&ref=sfp-seed
6n2u,https://news.example.invalid/articles/2026/10/story-1518534?utm_source=share&utm_medium=link&ref=sfp-seed
MOE,https://news.example.invalid/articles/2026/10/story-187652?utm_source=share&utm_medium=link&ref=sfp-seed
nIWM,https://news.example.invalid/articles/2026/10/story-5654324?utm_source=share&utm_medium=link&ref=sfp-seed
iISl,https://news.example.invalid/articles/2026/10/story-4462409?utm_source=share&utm_medium=link&ref=sfp-seed
epcb,https://news.example.invalid/articles/2026/10/story-3433447?utm_source=share&utm_medium=link&ref=sfp-seed
pRw9,https://news.example.invalid/articles/2026/10/story-6163925?utm_source=share&utm_medium=link&ref=sfp-seed
dJ0H,https://news.example.invalid/articles/2026/10/story-3271287?utm_source=share&utm_medium=link&ref=sfp-seed
qz6w,https://news.example.invalid/articles/2026/10/story-6331472?utm_source=share&utm_medium=link&ref=sfp-seed
qbtp,https://news.example.invalid/articles/2026/10/story-6240635?utm_source=share&utm_medium=link&ref=sfp-seed
lct8,https://news.example.invalid/articles/2026/10/story-5052822?utm_source=share&utm_medium=link&ref=sfp-seed
wNDu,https://news.example.invalid/articles/2026/10/story-7817300?utm_source=share&utm_medium=link&ref=sfp-seed
sCs2,https://news.example.invalid/articles/2026/10/story-6820994?utm_source=share&utm_medium=link&ref=sfp-seed
ft9Y,https://news.example.invalid/articles/2026/10/story-3687014?utm_source=share&utm_medium=link&ref=sfp-seed
CNgB,https://news.example.invalid/articles/2026/10/story-9245849?utm_source=share&utm_medium=link&ref=sfp-seed
oDXq,https://news.example.invalid/articles/2026/10/story-5873472?utm_source=share&utm_medium=link&ref=sfp-seed
y4zD,https://news.example.invalid/articles/2026/10/story-8120737?utm_source=share&utm_medium=link&ref=sfp-seed
fyeU,https://news.example.invalid/articles/2026/10/story-3706540?utm_source=share&utm_medium=link&ref=sfp-seed
eIUv,https://news.example.invalid/articles/2026/10/story-3509231?utm_source=share&utm_medium=link&ref=sfp-seed
zIJy,https://news.example.invalid/articles/2026/10/story-8513440?utm_source=share&utm_medium=link&ref=sfp-seed
neyJ,https://news.example.invalid/articles/2026/10/story-5537513?utm_source=share&utm_medium=link&ref=sfp-seed
nQYY,https://news.example.invalid/articles/2026/10/story-5685212?utm_source=share&utm_medium=link&ref=sfp-seed
e6EI,https://news.example.invalid/articles/2026/10/story-3362180?utm_source=share&utm_medium=link&ref=sfp-seed
BEMQ,https://news.example.invalid/articles/2026/10/story-8974924?utm_source=share&utm_medium=link&ref=sfp-seed
9mej,https://news.example.invalid/articles/2026/10/story-2230407?utm_source=share&utm_medium=link&ref=sfp-seed
bDeF,https://news.example.invalid/articles/2026/10/story-2772433?utm_source=share&utm_medium=link&ref=sfp-seed
2qls,https://news.example.invalid/articles/2026/10/story-577930?utm_source=share&utm_medium=link&ref=sfp-seed
Cr7f,https://news.example.invalid/articles/2026/10/story-9160701?utm_source=share&utm_medium=link&ref=sfp-seed
xJuE,https://news.example.invalid/articles/2026/10/story-8039704?utm_source=share&utm_medium=link&ref=sfp-seed
eEsC,https://news.example.invalid/articles/2026/10/story-3492126?utm_source=share&utm_medium=link&ref=sfp-seed
sgvU,https://news.example.invalid/articles/2026/10/story-6736666?utm_source=share&utm_medium=link&ref=sfp-seed
wgHU,https://news.example.invalid/articles/2026/10/story-7690722?utm_source=share&utm_medium=link&ref=sfp-seed
tM0J,https://news.example.invalid/articles/2026/10/story-7096069?utm_source=share&utm_medium=link&ref=sfp-seed
qBuO,https://news.example.invalid/articles/2026/10/story-6340666?utm_source=share&utm_medium=link&ref=sfp-seed
sAjM,https://news.example.invalid/articles/2026/10/story-6812794?utm_source=share&utm_medium=link&ref=sfp-seed
4iDP,https://news.example.invalid/articles/2026/10/story-1024973?utm_source=share&utm_medium=link&ref=sfp-seed
jhWs,https://news.example.invalid/articles/2026/10/story-4597204?utm_source=share&utm_medium=link&ref=sfp-seed
j0yc,https://news.example.invalid/articles/2026/10/story-4530352?utm_source=share&utm_medium=link&ref=sfp-seed
lzNA,https://news.example.invalid/articles/2026/10/story-5142502?utm_source=share&utm_medium=link&ref=sfp-seed
fzUa,https://news.example.invalid/articles/2026/10/story-3712942?utm_source=share&utm_medium=link&ref=sfp-seed
CqpO,https://news.example.invalid/articles/2026/10/story-9158008?utm_source=share&utm_medium=link&ref=sfp-seed
9Yrz,https://news.example.invalid/articles/2026/10/story-2377301?utm_source=share&utm_medium=link&ref=sfp-seed
67Cr,https://news.example.invalid/articles/2026/10/story-1459259?utm_source=share&utm_medium=link&ref=sfp-seed
fgUv,https://news.example.invalid/articles/2026/10/story-3639927?utm_source=share&utm_medium=link&ref=sfp-seed
C4Q1,https://news.example.invalid/articles/2026/10/story-9075065?utm_source=share&utm_medium=link&ref=sfp-seed
ody3,https://news.example.invalid/articles/2026/10/story-5771955?utm_source=share&utm_medium=link&ref=sfp-seed
yn9H,https://news.example.invalid/articles/2026/10/story-8192165?utm_source=share&utm_medium=link&ref=sfp-seed
uR5o,https://news.example.invalid/articles/2026/10/story-7353906?utm_source=share&utm_medium=link&ref=sfp-seed
AcV1,https://news.example.invalid/articles/2026/10/story-8629471?utm_source=share&utm_medium=link&ref=sfp-seed
dYcP,https://news.example.invalid/articles/2026/10/story-3329699?utm_source=share&utm_medium=link&ref=sfp-seed
gRU9,https://news.example.invalid/articles/2026/10/story-4020461?utm_source=share&utm_medium=link&ref=sfp-seed
2RHG,https://news.example.invalid/articles/2026/10/story-683096?utm_source=share&utm_medium=link&ref=sfp-seed
i1oB,https://news.example.invalid/articles/2026/10/story-4295273?utm_source=share&utm_medium=link&ref=sfp-seed
ohSm,https://news.example.invalid/articles/2026/10/story-5788590?utm_source=share&utm_medium=link&ref=sfp-seed
iU4i,https://news.example.invalid/articles/2026/10/story-4505434?utm_source=share&utm_medium=link&ref=sfp-seed
a5y1,https://news.example.invalid/articles/2026/10/story-2404609?utm_source=share&utm_medium=link&ref=sfp-seed
ymIl,https://news.example.invalid/articles/2026/10/story-8190469?utm_source=share&utm_medium=link&ref=sfp-seed
rPxz,https://news.example.invalid/articles/2026/10/story-6632981?utm_source=share&utm_medium=link&ref=sfp-seed
cSPD,https://news.example.invalid/articles/2026/10/story-3070713?utm_source=share&utm_medium=link&ref=sfp-seed
oFlt,https://news.example.invalid/articles/2026/10/story-5878807?utm_source=share&utm_medium=link&ref=sfp-seed
iJge,https://news.example.invalid/articles/2026/10/story-4463890?utm_source=share&utm_medium=link&ref=sfp-seed
jNtG,https://news.example.invalid/articles/2026/10/story-4718428?utm_source=share&utm_medium=link&ref=sfp-seed
iMgp,https://news.example.invalid/articles/2026/10/story-4475433?utm_source=share&utm_medium=link&ref=sfp-seed
F5Ss,https://news.example.invalid/articles/2026/10/story-9794044?utm_source=share&utm_medium=link&ref=sfp-seed
xowu,https://news.example.invalid/articles/2026/10/story-7959094?utm_source=share&utm_medium=link&ref=sfp-seed
xa8c,https://news.example.invalid/articles/2026/10/story-7903772?utm_source=share&utm_medium=link&ref=sfp-seed
g1J2,https://news.example.invalid/articles/2026/10/story-3819884?utm_source=share&utm_medium=link&ref=sfp-seed
8rnm,https://news.example.invalid/articles/2026/10/story-2011860?utm_source=share&utm_medium=link&ref=sfp-seed
vQLH,https://news.example.invalid/articles/2026/10/story-7591013?utm_source=share&utm_medium=link&ref=sfp-seed
12k,https://news.example.invalid/articles/2026/10/story-3988?utm_source=share&utm_medium=link&ref=sfp-seed
g1wJ,https://news.example.invalid/articles/2026/10/story-3819121?utm_source=share&utm_medium=link&ref=sfp-seed
uQr6,https://news.example.invalid/articles/2026/10/story-7351408?utm_source=share&utm_medium=link&ref=sfp-seed
m3vh,https://news.example.invalid/articles/2026/10/story-5256687?utm_source=share&utm_medium=link&ref=sfp-seed
qFlU,https://news.example.invalid/articles/2026/10/story-6355490?utm_source=share&utm_medium=link&ref=sfp-seed
q0mW,https://news.example.invalid/articles/2026/10/story-6197950?utm_source=share&utm_medium=link&ref=sfp-seed
3Cdj,https://news.example.invalid/articles/2026/10/story-861881?utm_source=share&utm_medium=link&ref=sfp-seed
tIue,https://news.example.invalid/articles/2026/10/story-7082522?utm_source=share&utm_medium=link&ref=sfp-seed
oWId,https://news.example.invalid/articles/2026/10/story-5945565?utm_source=share&utm_medium=link&ref=sfp-seed
mb0M,https://news.example.invalid/articles/2026/10/story-5285548?utm_source=share&utm_medium=link&ref=sfp-seed
cC0L,https://news.example.invalid/articles/2026/10/story-3006055?utm_source=share&utm_medium=link&ref=sfp-seed
7QDx,https://news.example.invalid/articles/2026/10/story-1870635?utm_source=share&utm_medium=link&ref=sfp-seed
6iP9,https://news.example.invalid/articles/2026/10/story-1502331?utm_source=share&utm_medium=link&ref=sfp-seed
zyyq,https://news.example.invalid/articles/2026/10/story-8474310?utm_source=share&utm_medium=link&ref=sfp-seed
vI75,https://news.example.invalid/articles/2026/10/story-7557743?utm_source=share&utm_medium=link&ref=sfp-seed
dzN0,https://news.example.invalid/articles/2026/10/story-3235842?utm_source=share&utm_medium=link&ref=sfp-seed
9IfI,https://news.example.invalid/articles/2026/10/story-2315062?utm_source=share&utm_medium=link&ref=sfp-seed
trSw,https://news.example.invalid/articles/2026/10/story-7018680?utm_source=share&utm_medium=link&ref=sfp-seed
qlTE,https://news.example.invalid/articles/2026/10/story-6280702?utm_source=share&utm_medium=link&ref=sfp-seed
nk4Z,https://news.example.invalid/articles/2026/10/story-5558733?utm_source=share&utm_medium=link&ref=sfp-seed
yXeb,https://news.example.invalid/articles/2026/10/story-8330827?utm_source=share&utm_medium=link&ref=sfp-seed
aMiD,https://news.example.invalid/articles/2026/10/story-2568947?utm_source=share&utm_medium=link&ref=sfp-seed
vaTj,https://news.example.invalid/articles/2026/10/story-7430037?utm_source=share&utm_medium=link&ref=sfp-seed
5URZ,https://news.example.invalid/articles/2026/10/story-1410251?utm_source=share&utm_medium=link&ref=sfp-seed
FibF,https://news.example.invalid/articles/2026/10/story-9841363?utm_source=share&utm_medium=link&ref=sfp-seed
vIhl,https://news.example.invalid/articles/2026/10/story-7558379?utm_source=share&utm_medium=link&ref=sfp-seed
EulU,https://news.example.invalid/articles/2026/10/story-9649798?utm_source=share&utm_medium=link&ref=sfp-seed
smf7,https://news.example.invalid/articles/2026/10/story-6758689?utm_source=share&utm_medium=link&ref=sfp-seed
mBuO,https://news.example.invalid/articles/2026/10/story-5387354?utm_source=share&utm_medium=link&ref=sfp-seed
Fmbd,https://news.example.invalid/articles/2026/10/story-9856711?utm_source=share&utm_medium=link&ref=sfp-seed
n5hK,https://news.example.invalid/articles/2026/10/story-5501864?utm_source=share&utm_medium=link&ref=sfp-seed
rETq,https://news.example.invalid/articles/2026/10/story-6592052?utm_source=share&utm_medium=link&ref=sfp-seed
ggf4,https://news.example.invalid/articles/2026/10/story-3875686?utm_source=share&utm_medium=link&ref=sfp-seed
tIcs,https://news.example.invalid/articles/2026/10/story-7081420?utm_source=share&utm_medium=link&ref=sfp-seed
oaNS,https://news.example.invalid/articles/2026/10/story-5761404?utm_source=share&utm_medium=link&ref=sfp-seed
rAJo,https://news.example.invalid/articles/2026/10/story-6576054?utm_source=share&utm_medium=link&ref=sfp-seed
1Bye,https://news.example.invalid/articles/2026/10/story-382678?utm_source=share&utm_medium=link&ref=sfp-seed
mxUL,https://news.example.invalid/articles/2026/10/story-5373587?utm_source=share&utm_medium=link&ref=sfp-seed
gxm4,https://news.example.invalid/articles/2026/10/story-3941468?utm_source=share&utm_medium=link&ref=sfp-seed
vWkf,https://news.example.invalid/articles/2026/10/story-7612375?utm_source=share&utm_medium=link&ref=sfp-seed
c72i,https://news.example.invalid/articles/2026/10/story-2886986?utm_source=share&utm_medium=link&ref=sfp-seed
pTU,https://news.example.invalid/articles/2026/10/story-99566?utm_source=share&utm_medium=link&ref=sfp-seed
9U4J,https://news.example.invalid/articles/2026/10/story-2360509?utm_source=share&utm_medium=link&ref=sfp-seed
7Ikn,https://news.example.invalid/articles/2026/10/story-1838695?utm_source=share&utm_medium=link&ref=sfp-seed
7RER,https://news.example.invalid/articles/2026/10/story-1874561?utm_source=share&utm_medium=link&ref=sfp-seed
EB56,https://news.example.invalid/articles/2026/10/story-9675664?utm_source=share&utm_medium=link&ref=sfp-seed
5cah,https://news.example.invalid/articles/2026/10/story-1238405?utm_source=share&utm_medium=link&ref=sfp-seed
o1uU,https://news.example.invalid/articles/2026/10/story-5725632?utm_source=share&utm_medium=link&ref=sfp-seed
izaF,https://news.example.invalid/articles/2026/10/story-4425105?utm_source=share&utm_medium=link&ref=sfp-seed
nPnp,https://news.example.invalid/articles/2026/10/story-5679039?utm_source=share&utm_medium=link&ref=sfp-seed
sRPK,https://news.example.invalid/articles/2026/10/story-6880124?utm_source=share&utm_medium=link&ref=sfp-seed
yuha,https://news.example.invalid/articles/2026/10/story-8219536?utm_source=share&utm_medium=link&ref=sfp-seed
fFz7,https://news.example.invalid/articles/2026/10/story-3734701?utm_source=share&utm_medium=link&ref=sfp-seed
98iX,https://news.example.invalid/articles/2026/10/story-2176879?utm_source=share&utm_medium=link&ref=sfp-seed
m3BQ,https://news.example.invalid/articles/2026/10/story-5257094?utm_source=share&utm_medium=link&ref=sfp-seed
f5t,https://news.example.invalid/articles/2026/10/story-57999?utm_source=share&utm_medium=link&ref=sfp-seed
dUPV,https://news.example.invalid/articles/2026/10/story-3316747?utm_source=share&utm_medium=link&ref=sfp-seed
t9Ed,https://news.example.invalid/articles/2026/10/story-6948601?utm_source=share&utm_medium=link&ref=sfp-seed
kPK4,https://news.example.invalid/articles/2026/10/story-4965460?utm_source=share&utm_medium=link&ref=sfp-seed
uO4E,https://news.example.invalid/articles/2026/10/story-7342328?utm_source=share&utm_medium=link&ref=sfp-seed
5Ziv,https://news.example.invalid/articles/2026/10/story-1427271?utm_source=share&utm_medium=link&ref=sfp-seed
ztCn,https://news.example.invalid/articles/2026/10/story-8455335?utm_source=share&utm_medium=link&ref=sfp-seed
tpxt,https://news.example.invalid/articles/2026/10/story-7009687?utm_source=share&utm_medium=link&ref=sfp-seed
eInw,https://news.example.invalid/articles/2026/10/story-3507186?utm_source=share&utm_medium=link&ref=sfp-seed
xt84,https://news.example.invalid/articles/2026/10/story-7976800?utm_source=share&utm_medium=link&ref=sfp-seed
hL5T,https://news.example.invalid/articles/2026/10/story-4232609?utm_source=share&utm_medium=link&ref=sfp-seed
8NaG,https://news.example.invalid/articles/2026/10/story-2095642?utm_source=share&utm_medium=link&ref=sfp-seed
g9h0,https://news.example.invalid/articles/2026/10/story-3848898?utm_source=share&utm_medium=link&ref=sfp-seed
2vwP,https://news.example.invalid/articles/2026/10/story-597855?utm_source=share&utm_medium=link&ref=sfp-seed
8Nhx,https://news.example.invalid/articles/2026/10/story-2096067?utm_source=share&utm_medium=link&ref=sfp-seed
tY3S,https://news.example.invalid/articles/2026/10/story-7142392?utm_source=share&utm_medium=link&ref=sfp-seed
esx7,https://news.example.invalid/articles/2026/10/story-3446277?utm_source=share&utm_medium=link&ref=sfp-seed
vPnO,https://news.example.invalid/articles/2026/10/story-7585688?utm_source=share&utm_medium=link&ref=sfp-seed
nayj,https://news.example.invalid/articles/2026/10/story-5522111?utm_source=share&utm_medium=link&ref=sfp-seed
SkY,https://news.example.invalid/articles/2026/10/story-208876?utm_source=share&utm_medium=link&ref=sfp-seed
5e4O,https://news.example.invalid/articles/2026/10/story-1245754?utm_source=share&utm_medium=link&ref=sfp-seed
DcLX,https://news.example.invalid/articles/2026/10/story-9343893?utm_source=share&utm_medium=link&ref=sfp-seed
2rUa,https://news.example.invalid/articles/2026/10/story-583926?utm_source=share&utm_medium=link&ref=sfp-seed
qfak,https://news.example.invalid/articles/2026/10/story-6254828?utm_source=share&utm_medium=link&ref=sfp-seed
8AoU,https://news.example.invalid/articles/2026/10/story-2046552?utm_source=share&utm_medium=link&ref=sfp-seed
eJp7,https://news.example.invalid/articles/2026/10/story-3511129?utm_source=share&utm_medium=link&ref=sfp-seed
wZQP,https://news.example.invalid/articles/2026/10/story-7864255?utm_source=share&utm_medium=link&ref=sfp-seed
mlf6,https://news.example.invalid/articles/2026/10/story-5324876?utm_source=share&utm_medium=link&ref=sfp-seed
uUWV,https://news.example.invalid/articles/2026/10/story-7368757?utm_source=share&utm_medium=link&ref=sfp-seed
6YkV,https://news.example.invalid/articles/2026/10/story-1661905?utm_source=share&utm_medium=link&ref=sfp-seed
efMc,https://news.example.invalid/articles/2026/10/story-3397240?utm_source=share&utm_medium=link&ref=sfp-seed
uN50,https://news.example.invalid/articles/2026/10/story-7338506?utm_source=share&utm_medium=link&ref=sfp-seed
dmO8,https://news.example.invalid/articles/2026/10/story-3185940?utm_source=share&utm_medium=link&ref=sfp-seed
jz2t,https://news.example.invalid/articles/2026/10/story-4662925?utm_source=share&utm_medium=link&ref=sfp-seed
FecD,https://news.example.invalid/articles/2026/10/story-9826047?utm_source=share&utm_medium=link&ref=sfp-seed
Awp8,https://news.example.invalid/articles/2026/10/story-8704374?utm_source=share&utm_medium=link&ref=sfp-seed
BdAx,https://news.example.invalid/articles/2026/10/story-8870373?utm_source=share&utm_medium=link&ref=sfp-seed
1BRg,https://news.example.invalid/articles/2026/10/story-383858?utm_source=share&utm_medium=link&ref=sfp-seed
sMDf,https://news.example.invalid/articles/2026/10/story-6860129?utm_source=share&utm_medium=link&ref=sfp-seed
xjsj,https://news.example.invalid/articles/2026/10/story-7939615?utm_source=share&utm_medium=link&ref=sfp-seed
rjCO,https://news.example.invalid/articles/2026/10/story-6510298?utm_source=share&utm_medium=link&ref=sfp-seed
scow,https://news.example.invalid/articles/2026/10/story-6720832?utm_source=share&utm_medium=link&ref=sfp-seed
mzaI,https://news.example.invalid/articles/2026/10/story-5378420?utm_source=share&utm_medium=link&ref=sfp-seed
au1Q,https://news.example.invalid/articles/2026/10/story-2498714?utm_source=share&utm_medium=link&ref=sfp-seed
dNrt,https://news.example.invalid/articles/2026/10/story-3288323?utm_source=share&utm_medium=link&ref=sfp-seed
2rxi,https://news.example.invalid/articles/2026/10/story-582508?utm_source=share&utm_medium=link&ref=sfp-seed
j0C6,https://news.example.invalid/articles/2026/10/story-4530594?utm_source=share&utm_medium=link&ref=sfp-seed
pLKn,https://news.example.invalid/articles/2026/10/story-6141743?utm_source=share&utm_medium=link&ref=sfp-seed
oXNr,https://news.example.invalid/articles/2026/10/story-5949733?utm_source=share&utm_medium=link&ref=sfp-seed
bPgi,https://news.example.invalid/articles/2026/10/story-2818662?utm_source=share&utm_medium=link&ref=sfp-seed
cz2x,https://news.example.invalid/articles/2026/10/story-2994633?utm_source=share&utm_medium=link&ref=sfp-seed
8r3g,https://news.example.invalid/articles/2026/10/story-2010614?utm_source=share&utm_medium=link&ref=sfp-seed
9fE7,https://news.example.invalid/articles/2026/10/story-2205099?utm_source=share&utm_medium=link&ref=sfp-seed
cjiO,https://news.example.invalid/articles/2026/10/story-2934138?utm_source=share&utm_medium=link&ref=sfp-seed
tAeY,https://news.example.invalid/articles/2026/10/story-7050824?utm_source=share&utm_medium=link&ref=sfp-seed
pM1M,https://news.example.invalid/articles/2026/10/story-6142822?utm_source=share&utm_medium=link&ref=sfp-seed
AAwG,https://news.example.invalid/articles/2026/10/story-8720218?utm_source=share&utm_medium=link&ref=sfp-seed
d5vO,https://news.example.invalid/articles/2026/10/story-3119456?utm_source=share&utm_medium=link&ref=sfp-seed
1Y1Z,https://news.example.invalid/articles/2026/10/story-469091?utm_source=share&utm_medium=link&ref=sfp-seed
jCw6,https://news.example.invalid/articles/2026/10/story-4676294?utm_source=share&utm_medium=link&ref=sfp-seed
KWY,https://news.example.invalid/articles/2026/10/story-180480?utm_source=share&utm_medium=link&ref=sfp-seed
c5P6,https://news.example.invalid/articles/2026/10/story-2882324?utm_source=share&utm_medium=link&ref=sfp-seed
3S0Q,https://news.example.invalid/articles/2026/10/story-922612?utm_source=share&utm_medium=link&ref=sfp-seed
dnrm,https://news.example.invalid/articles/2026/10/story-3188372?utm_source=share&utm_medium=link&ref=sfp-seed
FMuy,https://news.example.invalid/articles/2026/10/story-9957854?utm_source=share&utm_medium=link&ref=sfp-seed
qxWf,https://news.example.invalid/articles/2026/10/story-6326991?utm_source=share&utm_medium=link&ref=sfp-seed
lTns,https://news.example.invalid/articles/2026/10/story-5217762?utm_source=share&utm_medium=link&ref=sfp-seed
db7p,https://news.example.invalid/articles/2026/10/story-3141007?utm_source=share&utm_medium=link&ref=sfp-seed
D0dM,https://news.example.invalid/articles/2026/10/story-9295646?utm_source=share&utm_medium=link&ref=sfp-seed
f7o3,https://news.example.invalid/articles/2026/10/story-3603319?utm_source=share&utm_medium=link&ref=sfp-seed
gizR,https://news.example.invalid/articles/2026/10/story-3884663?utm_source=share&utm_medium=link&ref=sfp-seed
4BL0,https://news.example.invalid/articles/2026/10/story-1098454?utm_source=share&utm_medium=link&ref=sfp-seed
yyKo,https://news.example.invalid/articles/2026/10/story-8236724?utm_source=share&utm_medium=link&ref=sfp-seed
14On,https://news.example.invalid/articles/2026/10/story-256827?utm_source=share&utm_medium=link&ref=sfp-seed
nnIY,https://news.example.invalid/articles/2026/10/story-5572744?utm_source=share&utm_medium=link&ref=sfp-seed
keYU,https://news.example.invalid/articles/2026/10/story-4824152?utm_source=share&utm_medium=link&ref=sfp-seed
mAkz,https://news.example.invalid/articles/2026/10/story-5382875?utm_source=share&utm_medium=link&ref=sfp-seed
CFSO,https://news.example.invalid/articles/2026/10/story-9217466?utm_source=share&utm_medium=link&ref=sfp-seed
DJmf,https://news.example.invalid/articles/2026/10/story-9469151?utm_source=share&utm_medium=link&ref=sfp-seed
Cdsx,https://news.example.invalid/articles/2026/10/story-9108205?utm_source=share&utm_medium=link&ref=sfp-seed
EoWy,https://news.example.invalid/articles/2026/10/story-9629006?utm_source=share&utm_medium=link&ref=sfp-seed
sVBX,https://news.example.invalid/articles/2026/10/story-6894645?utm_source=share&utm_medium=link&ref=sfp-seed
klB8,https://news.example.invalid/articles/2026/10/story-4849586?utm_source=share&utm_medium=link&ref=sfp-seed
FlBv,https://news.example.invalid/articles/2026/10/story-9854497?utm_source=share&utm_medium=link&ref=sfp-seed
dSdZ,https://news.example.invalid/articles/2026/10/story-3306707?utm_source=share&utm_medium=link&ref=sfp-seed
AdfR,https://news.example.invalid/articles/2026/10/story-8630763?utm_source=share&utm_medium=link&ref=sfp-seed
vEIe,https://news.example.invalid/articles/2026/10/story-7544670?utm_source=share&utm_medium=link&ref=sfp-seed
yqlH,https://news.example.invalid/articles/2026/10/story-8204441?utm_source=share&utm_medium=link&ref=sfp-seed
9T8f,https://news.example.invalid/articles/2026/10/story-2356883?utm_source=share&utm_medium=link&ref=sfp-seed
exhQ,https://news.example.invalid/articles/2026/10/story-3464550?utm_source=share&utm_medium=link&ref=sfp-seed
DwdR,https://news.example.invalid/articles/2026/10/story-9418659?utm_source=share&utm_medium=link&ref=sfp-seed
bTq7,https://news.example.invalid/articles/2026/10/story-2834647?utm_source=share&utm_medium=link&ref=sfp-seed
nRgR,https://news.example.invalid/articles/2026/10/story-5686321?utm_source=share&utm_medium=link&ref=sfp-seed
Czxl,https://news.example.invalid/articles/2026/10/story-9193071?utm_source=share&utm_medium=link&ref=sfp-seed
uiUz,https://news.example.invalid/articles/2026/10/story-7222539?utm_source=share&utm_medium=link&ref=sfp-seed
gqCt,https://news.example.invalid/articles/2026/10/story-3915577?utm_source=share&utm_medium=link&ref=sfp-seed
k0lR,https://news.example.invalid/articles/2026/10/story-4767915?utm_source=share&utm_medium=link&ref=sfp-seed
CrKz,https://news.example.invalid/articles/2026/10/story-9163139?utm_source=share&utm_medium=link&ref=sfp-seed
xz7c,https://news.example.invalid/articles/2026/10/story-7999810?utm_source=share&utm_medium=link&ref=sfp-seed
vREU,https://news.example.invalid/articles/2026/10/story-7594436?utm_source=share&utm_medium=link&ref=sfp-seed
ypBX,https://news.example.invalid/articles/2026/10/story-8201605?utm_source=share&utm_medium=link&ref=sfp-seed
vSI0,https://news.example.invalid/articles/2026/10/story-7598472?utm_source=share&utm_medium=link&ref=sfp-seed
yhe5,https://news.example.invalid/articles/2026/10/story-8169373?utm_source=share&utm_medium=link&ref=sfp-seed
3I6y,https://news.example.invalid/articles/2026/10/story-884526?utm_source=share&utm_medium=link&ref=sfp-seed
bOHY,https://news.example.invalid/articles/2026/10/story-2816534?utm_source=share&utm_medium=link&ref=sfp-seed
vZR3,https://news.example.invalid/articles/2026/10/story-7625941?utm_source=share&utm_medium=link&ref=sfp-seed
6Bxs,https://news.example.invalid/articles/2026/10/story-1574270?utm_source=share&utm_medium=link&ref=sfp-seed
ixfE,https://news.example.invalid/articles/2026/10/story-4417726?utm_source=share&utm_medium=link&ref=sfp-seed
ssn6,https://news.example.invalid/articles/2026/10/story-6782248?utm_source=share&utm_medium=link&ref=sfp-seed
328q,https://news.example.invalid/articles/2026/10/story-723194?utm_source=share&utm_medium=link&ref=sfp-seed
whJ,https://news.example.invalid/articles/2026/10/story-124107?utm_source=share&utm_medium=link&ref=sfp-seed
yhQZ,https://news.example.invalid/articles/2026/10/story-8171785?utm_source=share&utm_medium=link&ref=sfp-seed
bZZu,https://news.example.invalid/articles/2026/10/story-2859904?utm_source=share&utm_medium=link&ref=sfp-seed
45pa,https://news.example.invalid/articles/2026/10/story-974092?utm_source=share&utm_medium=link&ref=sfp-seed
wm0E,https://news.example.invalid/articles/2026/10/story-7711104?utm_source=share&utm_medium=link&ref=sfp-seed
F9nJ,https://news.example.invalid/articles/2026/10/story-9807515?utm_source=share&utm_medium=link&ref=sfp-seed
zh06,https://news.example.invalid/articles/2026/10/story-8406834?utm_source=share&utm_medium=link&ref=sfp-seed
6ZSH,https://news.example.invalid/articles/2026/10/story-1667843?utm_source=share&utm_medium=link&ref=sfp-seed
lG4L,https://news.example.invalid/articles/2026/10/story-5166631?utm_source=share&utm_medium=link&ref=sfp-seed
sOLh,https://news.example.invalid/articles/2026/10/story-6868315?utm_source=share&utm_medium=link&ref=sfp-seed
wHyq,https://news.example.invalid/articles/2026/10/story-7793922?utm_source=share&utm_medium=link&ref=sfp-seed
sTk1,https://news.example.invalid/articles/2026/10/story-6885845?utm_source=share&utm_medium=link&ref=sfp-seed
izSt,https://news.example.invalid/articles/2026/10/story-4427821?utm_source=share&utm_medium=link&ref=sfp-seed
BUEw,https://news.example.invalid/articles/2026/10/story-9035912?utm_source=share&utm_medium=link&ref=sfp-seed
FjlI,https://news.example.invalid/articles/2026/10/story-9845830?utm_source=share&utm_medium=link&ref=sfp-seed
w507,https://news.example.invalid/articles/2026/10/story-7645723?utm_source=share&utm_medium=link&ref=sfp-seed
657N,https://news.example.invalid/articles/2026/10/story-1449671?utm_source=share&utm_medium=link&ref=sfp-seed
cVgv,https://news.example.invalid/articles/2026/10/story-3080067?utm_source=share&utm_medium=link&ref=sfp-seed
kUXX,https://news.example.invalid/articles/2026/10/story-4985541?utm_source=share&utm_medium=link&ref=sfp-seed
EtvW,https://news.example.invalid/articles/2026/10/story-9646576?utm_source=share&utm_medium=link&ref=sfp-seed
uFAC,https://news.example.invalid/articles/2026/10/story-7309714?utm_source=share&utm_medium=link&ref=sfp-seed
xgFB,https://news.example.invalid/articles/2026/10/story-7928907?utm_source=share&utm_medium=link&ref=sfp-seed
qDSp,https://news.example.invalid/articles/2026/10/story-6349817?utm_source=share&utm_medium=link&ref=sfp-seed
3cew,https://news.example.invalid/articles/2026/10/story-762012?utm_source=share&utm_medium=link&ref=sfp-seed
outC,https://news.example.invalid/articles/2026/10/story-5837028?utm_source=share&utm_medium=link&ref=sfp-seed
8COn,https://news.example.invalid/articles/2026/10/story-2055819?utm_source=share&utm_medium=link&ref=sfp-seed
dpHK,https://news.example.invalid/articles/2026/10/story-3197076?utm_source=share&utm_medium=link&ref=sfp-seed
r4fy,https://news.example.invalid/articles/2026/10/story-6451196?utm_source=share&utm_medium=link&ref=sfp-seed
sLOI,https://news.example.invalid/articles/2026/10/story-6856996?utm_source=share&utm_medium=link&ref=sfp-seed
dSZk,https://news.example.invalid/articles/2026/10/story-3309642?utm_source=share&utm_medium=link&ref=sfp-seed
lTyN,https://news.example.invalid/articles/2026/10/story-5218465?utm_source=share&utm_medium=link&ref=sfp-seed
5eo9,https://news.example.invalid/articles/2026/10/story-1246953?utm_source=share&utm_medium=link&ref=sfp-seed
qczU,https://news.example.invalid/articles/2026/10/story-6244882?utm_source=share&utm_medium=link&ref=sfp-seed
n9ec,https://news.example.invalid/articles/2026/10/story-5517020?utm_source=share&utm_medium=link&ref=sfp-seed
aVR4,https://news.example.invalid/articles/2026/10/story-2605678?utm_source=share&utm_medium=link&ref=sfp-seed
ofcw,https://news.example.invalid/articles/2026/10/story-5778308?utm_source=share&utm_medium=link&ref=sfp-seed
FPKq,https://news.example.invalid/articles/2026/10/story-9970370?utm_source=share&utm_medium=link&ref=sfp-seed
yj8R,https://news.example.invalid/articles/2026/10/story-8176737?utm_source=share&utm_medium=link&ref=sfp-seed
z7hp,https://news.example.invalid/articles/2026/10/story-8369467?utm_source=share&utm_medium=link&ref=sfp-seed
bvti,https://news.example.invalid/articles/2026/10/story-2742588?utm_source=share&utm_medium=link&ref=sfp-seed
7fl0,https://news.example.invalid/articles/2026/10/story-1727258?utm_source=share&utm_medium=link&ref=sfp-seed
yZia,https://news.example.invalid/articles/2026/10/story-8338762?utm_source=share&utm_medium=link&ref=sfp-seed
lwuz,https://news.example.invalid/articles/2026/10/story-5129791?utm_source=share&utm_medium=link&ref=sfp-seed
oQRZ,https://news.example.invalid/articles/2026/10/story-5923107?utm_source=share&utm_medium=link&ref=sfp-seed
FkS7,https://news.example.invalid/articles/2026/10/story-9851683?utm_source=share&utm_medium=link&ref=sfp-seed
iNgP,https://news.example.invalid/articles/2026/10/story-4479303?utm_source=share&utm_medium=link&ref=sfp-seed
CniS,https://news.example.invalid/articles/2026/10/story-9146046?utm_source=share&utm_medium=link&ref=sfp-seed
EeDD,https://news.example.invalid/articles/2026/10/story-9589393?utm_source=share&utm_medium=link&ref=sfp-seed
ivV7,https://news.example.invalid/articles/2026/10/story-4412609?utm_source=share&utm_medium=link&ref=sfp-seed
bsqP,https://news.example.invalid/articles/2026/10/story-2730903?utm_source=share&utm_medium=link&ref=sfp-seed
61qK,https://news.example.invalid/articles/2026/10/story-1435470?utm_source=share&utm_medium=link&ref=sfp-seed
i25w,https://news.example.invalid/articles/2026/10/story-4297934?utm_source=share&utm_medium=link&ref=sfp-seed
AqaS,https://news.example.invalid/articles/2026/10/story-8680426?utm_source=share&utm_medium=link&ref=sfp-seed
Bv06,https://news.example.invalid/articles/2026/10/story-8937306?utm_source=share&utm_medium=link&ref=sfp-seed
vzEG,https://news.example.invalid/articles/2026/10/story-7525230?utm_source=share&utm_medium=link&ref=sfp-seed
Es7Y,https://news.example.invalid/articles/2026/10/story-9641246?utm_source=share&utm_medium=link&ref=sfp-seed
jxtr,https://news.example.invalid/articles/2026/10/story-4656909?utm_source=share&utm_medium=link&ref=sfp-seed
nxn6,https://news.example.invalid/articles/2026/10/story-5609828?utm_source=share&utm_medium=link&ref=sfp-seed
mAeb,https://news.example.invalid/articles/2026/10/story-5382479?utm_source=share&utm_medium=link&ref=sfp-seed
8yG3,https://news.example.invalid/articles/2026/10/story-2039927?utm_source=share&utm_medium=link&ref=sfp-seed
xKoD,https://news.example.invalid/articles/2026/10/story-8043175?utm_source=share&utm_medium=link&ref=sfp-seed
uENF,https://news.example.invalid/articles/2026/10/story-7306679?utm_source=share&utm_medium=link&ref=sfp-seed
wGuO,https://news.example.invalid/articles/2026/10/story-7789854?utm_source=share&utm_medium=link&ref=sfp-seed
4Uvp,https://news.example.invalid/articles/2026/10/story-1170523?utm_source=share&utm_medium=link&ref=sfp-seed
46en,https://news.example.invalid/articles/2026/10/story-977267?utm_source=share&utm_medium=link&ref=sfp-seed
3k5J,https://news.example.invalid/articles/2026/10/story-792219?utm_source=share&utm_medium=link&ref=sfp-seed
xgqb,https://news.example.invalid/articles/2026/10/story-7927951?utm_source=share&utm_medium=link&ref=sfp-seed
1uWL,https://news.example.invalid/articles/2026/10/story-357291?utm_source=share&utm_medium=link&ref=sfp-seed
4c0U,https://news.example.invalid/articles/2026/10/story-999496?utm_source=share&utm_medium=link&ref=sfp-seed
md9i,https://news.example.invalid/articles/2026/10/story-5293764?utm_source=share&utm_medium=link&ref=sfp-seed
xyLu,https://news.example.invalid/articles/2026/10/story-7998464?utm_source=share&utm_medium=link&ref=sfp-seed
u3eT,https://news.example.invalid/articles/2026/10/story-7162295?utm_source=share&utm_medium=link&ref=sfp-seed
7qWp,https://news.example.invalid/articles/2026/10/story-1771861?utm_source=share&utm_medium=link&ref=sfp-seed
DPa4,https://news.example.invalid/articles/2026/10/story-9491460?utm_source=share&utm_medium=link&ref=sfp-seed
oWgN,https://news.example.invalid/articles/2026/10/story-5943865?utm_source=share&utm_medium=link&ref=sfp-seed
j9OK,https://news.example.invalid/articles/2026/10/story-4565974?utm_source=share&utm_medium=link&ref=sfp-seed
FSU1,https://news.example.invalid/articles/2026/10/story-9982497?utm_source=share&utm_medium=link&ref=sfp-seed
bOVZ,https://news.example.invalid/articles/2026/10/story-2817403?utm_source=share&utm_medium=link&ref=sfp-seed
iAXe,https://news.example.invalid/articles/2026/10/story-4431960?utm_source=share&utm_medium=link&ref=sfp-seed
uhUC,https://news.example.invalid/articles/2026/10/story-7218698?utm_source=share&utm_medium=link&ref=sfp-seed
2B8G,https://news.example.invalid/articles/2026/10/story-619422?utm_source=share&utm_medium=link&ref=sfp-seed
FNcZ,https://news.example.invalid/articles/2026/10/story-9960609?utm_source=share&utm_medium=link&ref=sfp-seed
CANm,https://news.example.invalid/articles/2026/10/story-9197908?utm_source=share&utm_medium=link&ref=sfp-seed
sv7O,https://news.example.invalid/articles/2026/10/story-6792832?utm_source=share&utm_medium=link&ref=sfp-seed
8Yp1,https://news.example.invalid/articles/2026/10/story-2138815?utm_source=share&utm_medium=link&ref=sfp-seed
fYkj,https://news.example.invalid/articles/2026/10/story-3806819?utm_source=share&utm_medium=link&ref=sfp-seed
voKR,https://news.example.invalid/articles/2026/10/story-7483329?utm_source=share&utm_medium=link&ref=sfp-seed
wSNg,https://news.example.invalid/articles/2026/10/story-7837126?utm_source=share&utm_medium=link&ref=sfp-seed
tvrW,https://news.example.invalid/articles/2026/10/story-7032408?utm_source=share&utm_medium=link&ref=sfp-seed
99py,https://news.example.invalid/articles/2026/10/story-2181132?utm_source=share&utm_medium=link&ref=sfp-seed
4q1f,https://news.example.invalid/articles/2026/10/story-1053333?utm_source=share&utm_medium=link&ref=sfp-seed
1RzE,https://news.example.invalid/articles/2026/10/story-444270?utm_source=share&utm_medium=link&ref=sfp-seed
jnAk,https://news.example.invalid/articles/2026/10/story-4618896?utm_source=share&utm_medium=link&ref=sfp-seed
i3po,https://news.example.invalid/articles/2026/10/story-4303010?utm_source=share&utm_medium=link&ref=sfp-seed
pJSA,https://news.example.invalid/articles/2026/10/story-6134564?utm_source=share&utm_medium=link&ref=sfp-seed
pKnM,https://news.example.invalid/articles/2026/10/story-6136498?utm_source=share&utm_medium=link&ref=sfp-seed
fFYz,https://news.example.invalid/articles/2026/10/story-3736279?utm_source=share&utm_medium=link&ref=sfp-seed
mf7f,https://news.example.invalid/articles/2026/10/story-5301325?utm_source=share&utm_medium=link&ref=sfp-seed
3pF7,https://news.example.invalid/articles/2026/10/story-813633?utm_source=share&utm_medium=link&ref=sfp-seed
tNhw,https://news.example.invalid/articles/2026/10/story-7100954?utm_source=share&utm_medium=link&ref=sfp-seed
tSlq,https://news.example.invalid/articles/2026/10/story-7120416?utm_source=share&utm_medium=link&ref=sfp-seed
kc9n,https://news.example.invalid/articles/2026/10/story-4813269?utm_source=share&utm_medium=link&ref=sfp-seed
2uX1,https://news.example.invalid/articles/2026/10/story-595635?utm_source=share&utm_medium=link&ref=sfp-seed
Czgf,https://news.example.invalid/articles/2026/10/story-9192011?utm_source=share&utm_medium=link&ref=sfp-seed
ubhQ,https://news.example.invalid/articles/2026/10/story-7193230?utm_source=share&utm_medium=link&ref=sfp-seed
BlyI,https://news.example.invalid/articles/2026/10/story-8901012?utm_source=share&utm_medium=link&ref=sfp-seed
Fg3N,https://news.example.invalid/articles/2026/10/story-9833187?utm_source=share&utm_medium=link&ref=sfp-seed
A82y,https://news.example.invalid/articles/2026/10/story-8610718?utm_source=share&utm_medium=link&ref=sfp-seed
bCVq,https://news.example.invalid/articles/2026/10/story-2771240?utm_source=share&utm_medium=link&ref=sfp-seed
u7hJ,https://news.example.invalid/articles/2026/10/story-7177847?utm_source=share&utm_medium=link&ref=sfp-seed
f0pn,https://news.example.invalid/articles/2026/10/story-3576493?utm_source=share&utm_medium=link&ref=sfp-seed
f18Q,https://news.example.invalid/articles/2026/10/story-3579312?utm_source=share&utm_medium=link&ref=sfp-seed
2awR,https://news.example.invalid/articles/2026/10/story-517133?utm_source=share&utm_medium=link&ref=sfp-seed
5RMT,https://news.example.invalid/articles/2026/10/story-1398403?utm_source=share&utm_medium=link&ref=sfp-seed
sxGw,https://news.example.invalid/articles/2026/10/story-6802672?utm_source=share&utm_medium=link&ref=sfp-seed
hRto,https://news.example.invalid/articles/2026/10/story-4257130?utm_source=share&utm_medium=link&ref=sfp-seed
mv2a,https://news.example.invalid/articles/2026/10/story-5362514?utm_source=share&utm_medium=link&ref=sfp-seed
uiWg,https://news.example.invalid/articles/2026/10/story-7222644?utm_source=share&utm_medium=link&ref=sfp-seed
64Qx,https://news.example.invalid/articles/2026/10/story-1448601?utm_source=share&utm_medium=link&ref=sfp-seed
DmeQ,https://news.example.invalid/articles/2026/10/story-9380280?utm_source=share&utm_medium=link&ref=sfp-seed
Fsp0,https://news.example.invalid/articles/2026/10/story-9880630?utm_source=share&utm_medium=link&ref=sfp-seed
wXzi,https://news.example.invalid/articles/2026/10/story-7855480?utm_source=share&utm_medium=link&ref=sfp-seed
fNoy,https://news.example.invalid/articles/2026/10/story-3764798?utm_source=share&utm_medium=link&ref=sfp-seed
8dGw,https://news.example.invalid/articles/2026/10/story-1959232?utm_source=share&utm_medium=link&ref=sfp-seed
iI2s,https://news.example.invalid/articles/2026/10/story-4459192?utm_source=share&utm_medium=link&ref=sfp-seed
dpyq,https://news.example.invalid/articles/2026/10/story-3196498?utm_source=share&utm_medium=link&ref=sfp-seed
CLNu,https://news.example.invalid/articles/2026/10/story-9240200?utm_source=share&utm_medium=link&ref=sfp-seed
z7Yt,https://news.example.invalid/articles/2026/10/story-8372137?utm_source=share&utm_medium=link&ref=sfp-seed
tMu0,https://news.example.invalid/articles/2026/10/story-7097884?utm_source=share&utm_medium=link&ref=sfp-seed
wzEf,https://news.example.invalid/articles/2026/10/story-7763531?utm_source=share&utm_medium=link&ref=sfp-seed
q7d0,https://news.example.invalid/articles/2026/10/story-6224242?utm_source=share&utm_medium=link&ref=sfp-seed
1Yu2,https://news.example.invalid/articles/2026/10/story-470830?utm_source=share&utm_medium=link&ref=sfp-seed
9ULC,https://news.example.invalid/articles/2026/10/story-2363168?utm_source=share&utm_medium=link&ref=sfp-seed
24U1,https://news.example.invalid/articles/2026/10/story-495505?utm_source=share&utm_medium=link&ref=sfp-seed
jmqT,https://news.example.invalid/articles/2026/10/story-4614467?utm_source=share&utm_medium=link&ref=sfp-seed
qxkF,https://news.example.invalid/articles/2026/10/story-6324661?utm_source=share&utm_medium=link&ref=sfp-seed
3I2J,https://news.example.invalid/articles/2026/10/story-884289?utm_source=share&utm_medium=link&ref=sfp-seed
6yn,https://news.example.invalid/articles/2026/10/story-25195?utm_source=share&utm_medium=link&ref=sfp-seed
87n5,https://news.example.invalid/articles/2026/10/story-1934963?utm_source=share&utm_medium=link&ref=sfp-seed
njwt,https://news.example.invalid/articles/2026/10/story-5556593?utm_source=share&utm_medium=link&ref=sfp-seed
ubTa,https://news.example.invalid/articles/2026/10/story-7195544?utm_source=share&utm_medium=link&ref=sfp-seed
7M5Q,https://news.example.invalid/articles/2026/10/story-1853170?utm_source=share&utm_medium=link&ref=sfp-seed
i0Mp,https://news.example.invalid/articles/2026/10/story-4292905?utm_source=share&utm_medium=link&ref=sfp-seed
exkE,https://news.example.invalid/articles/2026/10/story-3464724?utm_source=share&utm_medium=link&ref=sfp-seed
yZfL,https://news.example.invalid/articles/2026/10/story-8338613?utm_source=share&utm_medium=link&ref=sfp-seed
ulrS,https://news.example.invalid/articles/2026/10/story-7232292?utm_source=share&utm_medium=link&ref=sfp-seed
eQ0y,https://news.example.invalid/articles/2026/10/story-3536514?utm_source=share&utm_medium=link&ref=sfp-seed
moTn,https://news.example.invalid/articles/2026/10/story-5338905?utm_source=share&utm_medium=link&ref=sfp-seed
usrT,https://news.example.invalid/articles/2026/10/story-7259201?utm_source=share&utm_medium=link&ref=sfp-seed
ifuA,https://news.example.invalid/articles/2026/10/story-4349460?utm_source=share&utm_medium=link&ref=sfp-seed
vxjU,https://news.example.invalid/articles/2026/10/story-7516254?utm_source=share&utm_medium=link&ref=sfp-seed
Fy4i,https://news.example.invalid/articles/2026/10/story-9902410?utm_source=share&utm_medium=link&ref=sfp-seed
Bkis,https://news.example.invalid/articles/2026/10/story-8896160?utm_source=share&utm_medium=link&ref=sfp-seed
d3qs,https://news.example.invalid/articles/2026/10/story-3111436?utm_source=share&utm_medium=link&ref=sfp-seed
nGB3,https://news.example.invalid/articles/2026/10/story-5645289?utm_source=share&utm_medium=link&ref=sfp-seed
eD5d,https://news.example.invalid/articles/2026/10/story-3486831?utm_source=share&utm_medium=link&ref=sfp-seed
dVVf,https://news.example.invalid/articles/2026/10/story-3320921?utm_source=share&utm_medium=link&ref=sfp-seed
qDIw,https://news.example.invalid/articles/2026/10/story-6349204?utm_source=share&utm_medium=link&ref=sfp-seed
AUBH,https://news.example.invalid/articles/2026/10/story-8797409?utm_source=share&utm_medium=link&ref=sfp-seed
myCV,https://news.example.invalid/articles/2026/10/story-5376325?utm_source=share&utm_medium=link&ref=sfp-seed
lCEG,https://news.example.invalid/articles/2026/10/story-5153482?utm_source=share&utm_medium=link&ref=sfp-seed
6Cib,https://news.example.invalid/articles/2026/10/story-1577167?utm_source=share&utm_medium=link&ref=sfp-seed
7gLP,https://news.example.invalid/articles/2026/10/story-1732765?utm_source=share&utm_medium=link&ref=sfp-seed
tfX3,https://news.example.invalid/articles/2026/10/story-6972833?utm_source=share&utm_medium=link&ref=sfp-seed
sqZ9,https://news.example.invalid/articles/2026/10/story-6776919?utm_source=share&utm_medium=link&ref=sfp-seed
aIVC,https://news.example.invalid/articles/2026/10/story-2555988?utm_source=share&utm_medium=link&ref=sfp-seed
x35t,https://news.example.invalid/articles/2026/10/story-7876695?utm_source=share&utm_medium=link&ref=sfp-seed
xvYM,https://news.example.invalid/articles/2026/10/story-7987756?utm_source=share&utm_medium=link&ref=sfp-seed
3dY8,https://news.example.invalid/articles/2026/10/story-768684?utm_source=share&utm_medium=link&ref=sfp-seed
26uF,https://news.example.invalid/articles/2026/10/story-501621?utm_source=share&utm_medium=link&ref=sfp-seed
bttD,https://news.example.invalid/articles/2026/10/story-2734921?utm_source=share&utm_medium=link&ref=sfp-seed
l60g,https://news.example.invalid/articles/2026/10/story-5027968?utm_source=share&utm_medium=link&ref=sfp-seed
bJOc,https://news.example.invalid/articles/2026/10/story-2797700?utm_source=share&utm_medium=link&ref=sfp-seed
fKFK,https://news.example.invalid/articles/2026/10/story-3754332?utm_source=share&utm_medium=link&ref=sfp-seed
C3rr,https://news.example.invalid/articles/2026/10/story-9069697?utm_source=share&utm_medium=link&ref=sfp-seed
3qgN,https://news.example.invalid/articles/2026/10/story-815969?utm_source=share&utm_medium=link&ref=sfp-seed
ucwD,https://news.example.invalid/articles/2026/10/story-7197991?utm_source=share&utm_medium=link&ref=sfp-seed
5Y8P,https://news.example.invalid/articles/2026/10/story-1422827?utm_source=share&utm_medium=link&ref=sfp-seed
oGKy,https://news.example.invalid/articles/2026/10/story-5884206?utm_source=share&utm_medium=link&ref=sfp-seed
eorV,https://news.example.invalid/articles/2026/10/story-3430579?utm_source=share&utm_medium=link&ref=sfp-seed
3FIK,https://news.example.invalid/articles/2026/10/story-875362?utm_source=share&utm_medium=link&ref=sfp-seed
kcOs,https://news.example.invalid/articles/2026/10/story-4815816?utm_source=share&utm_medium=link&ref=sfp-seed
mOjC,https://news.example.invalid/articles/2026/10/story-5436632?utm_source=share&utm_medium=link&ref=sfp-seed
6tyo,https://news.example.invalid/articles/2026/10/story-1543576?utm_source=share&utm_medium=link&ref=sfp-seed
w0Rl,https://news.example.invalid/articles/2026/10/story-7629803?utm_source=share&utm_medium=link&ref=sfp-seed
vFIA,https://news.example.invalid/articles/2026/10/story-7548536?utm_source=share&utm_medium=link&ref=sfp-seed
1D9W,https://news.example.invalid/articles/2026/10/story-388860?utm_source=share&utm_medium=link&ref=sfp-seed
8CxG,https://news.example.invalid/articles/2026/10/story-2054784?utm_source=share&utm_medium=link&ref=sfp-seed
p7Gg,https://news.example.invalid/articles/2026/10/story-5987728?utm_source=share&utm_medium=link&ref=sfp-seed
6XxL,https://news.example.invalid/articles/2026/10/story-1658857?utm_source=share&utm_medium=link&ref=sfp-seed
2zsn,https://news.example.invalid/articles/2026/10/story-612955?utm_source=share&utm_medium=link&ref=sfp-seed
rbhU,https://news.example.invalid/articles/2026/10/story-6478250?utm_source=share&utm_medium=link&ref=sfp-seed
dQbi,https://news.example.invalid/articles/2026/10/story-3298852?utm_source=share&utm_medium=link&ref=sfp-seed
ph5G,https://news.example.invalid/articles/2026/10/story-6023900?utm_source=share&utm_medium=link&ref=sfp-seed
so7A,https://news.example.invalid/articles/2026/10/story-6765910?utm_source=share&utm_medium=link&ref=sfp-seed
lZPu,https://news.example.invalid/articles/2026/10/story-5242564?utm_source=share&utm_medium=link&ref=sfp-seed
28CJ,https://news.example.invalid/articles/2026/10/story-509809?utm_source=share&utm_medium=link&ref=sfp-seed
Eodu,https://news.example.invalid/articles/2026/10/story-9626212?utm_source=share&utm_medium=link&ref=sfp-seed
ful6,https://news.example.invalid/articles/2026/10/story-3691548?utm_source=share&utm_medium=link&ref=sfp-seed
vcEb,https://news.example.invalid/articles/2026/10/story-7436787?utm_source=share&utm_medium=link&ref=sfp-seed
5DPT,https://news.example.invalid/articles/2026/10/story-1344773?utm_source=share&utm_medium=link&ref=sfp-seed
rW8t,https://news.example.invalid/articles/2026/10/story-6658333?utm_source=share&utm_medium=link&ref=sfp-seed
CkqY,https://news.example.invalid/articles/2026/10/story-9135016?utm_source=share&utm_medium=link&ref=sfp-seed
4GLW,https://news.example.invalid/articles/2026/10/story-1117732?utm_source=share&utm_medium=link&ref=sfp-seed
j2MK,https://news.example.invalid/articles/2026/10/story-4538942?utm_source=share&utm_medium=link&ref=sfp-seed
zf0j,https://news.example.invalid/articles/2026/10/story-8399159?utm_source=share&utm_medium=link&ref=sfp-seed
3dV6,https://news.example.invalid/articles/2026/10/story-768496?utm_source=share&utm_medium=link&ref=sfp-seed
tfcD,https://news.example.invalid/articles/2026/10/story-6969955?utm_source=share&utm_medium=link&ref=sfp-seed
lIpQ,https://news.example.invalid/articles/2026/10/story-5175626?utm_source=share&utm_medium=link&ref=sfp-seed
jnbJ,https://news.example.invalid/articles/2026/10/story-4617371?utm_source=share&utm_medium=link&ref=sfp-seed
41yt,https://news.example.invalid/articles/2026/10/story-959293?utm_source=share&utm_medium=link&ref=sfp-seed
8xOz,https://news.example.invalid/articles/2026/10/story-2036611?utm_source=share&utm_medium=link&ref=sfp-seed
pGEV,https://news.example.invalid/articles/2026/10/story-6122185?utm_source=share&utm_medium=link&ref=sfp-seed
blps,https://news.example.invalid/articles/2026/10/story-2703910?utm_source=share&utm_medium=link&ref=sfp-seed
CNa8,https://news.example.invalid/articles/2026/10/story-9245448?utm_source=share&utm_medium=link&ref=sfp-seed
j6Qd,https://news.example.invalid/articles/2026/10/story-4554533?utm_source=share&utm_medium=link&ref=sfp-seed
pqGF,https://news.example.invalid/articles/2026/10/story-6060789?utm_source=share&utm_medium=link&ref=sfp-seed
zLhh,https://news.example.invalid/articles/2026/10/story-8523219?utm_source=share&utm_medium=link&ref=sfp-seed
tLKs,https://news.example.invalid/articles/2026/10/story-7095060?utm_source=share&utm_medium=link&ref=sfp-seed
tgXI,https://news.example.invalid/articles/2026/10/story-6976718?utm_source=share&utm_medium=link&ref=sfp-seed
g2rh,https://news.example.invalid/articles/2026/10/story-3822627?utm_source=share&utm_medium=link&ref=sfp-seed
nI5z,https://news.example.invalid/articles/2026/10/story-5651025?utm_source=share&utm_medium=link&ref=sfp-seed
cv0h,https://news.example.invalid/articles/2026/10/story-2979117?utm_source=share&utm_medium=link&ref=sfp-seed
dgKq,https://news.example.invalid/articles/2026/10/story-3162646?utm_source=share&utm_medium=link&ref=sfp-seed
jhWa,https://news.example.invalid/articles/2026/10/story-4597186?utm_source=share&utm_medium=link&ref=sfp-seed
CMDc,https://news.example.invalid/articles/2026/10/story-9243406?utm_source=share&utm_medium=link&ref=sfp-seed
j4S0,https://news.example.invalid/articles/2026/10/story-4546956?utm_source=share&utm_medium=link&ref=sfp-seed
xEIp,https://news.example.invalid/articles/2026/10/story-8021337?utm_source=share&utm_medium=link&ref=sfp-seed
tUH7,https://news.example.invalid/articles/2026/10/story-7129449?utm_source=share&utm_medium=link&ref=sfp-seed
pIH,https://news.example.invalid/articles/2026/10/story-98871?utm_source=share&utm_medium=link&ref=sfp-seed
aDCV,https://news.example.invalid/articles/2026/10/story-2535609?utm_source=share&utm_medium=link&ref=sfp-seed
aIQb,https://news.example.invalid/articles/2026/10/story-2555651?utm_source=share&utm_medium=link&ref=sfp-seed
xVEP,https://news.example.invalid/articles/2026/10/story-8086463?utm_source=share&utm_medium=link&ref=sfp-seed
j2O2,https://news.example.invalid/articles/2026/10/story-4539022?utm_source=share&utm_medium=link&ref=sfp-seed
FqCy,https://news.example.invalid/articles/2026/10/story-9873782?utm_source=share&utm_medium=link&ref=sfp-seed
Dlos,https://news.example.invalid/articles/2026/10/story-9377032?utm_source=share&utm_medium=link&ref=sfp-seed
pQxM,https://news.example.invalid/articles/2026/10/story-6160182?utm_source=share&utm_medium=link&ref=sfp-seed
5rN5,https://news.example.invalid/articles/2026/10/story-1298471?utm_source=share&utm_medium=link&ref=sfp-seed
1wbZ,https://news.example.invalid/articles/2026/10/story-362079?utm_source=share&utm_medium=link&ref=sfp-seed
ghOP,https://news.example.invalid/articles/2026/10/story-3881747?utm_source=share&utm_medium=link&ref=sfp-seed
cXzu,https://news.example.invalid/articles/2026/10/story-3088932?utm_source=share&utm_medium=link&ref=sfp-seed
ky0d,https://news.example.invalid/articles/2026/10/story-4897269?utm_source=share&utm_medium=link&ref=sfp-seed
f2qX,https://news.example.invalid/articles/2026/10/story-3584279?utm_source=share&utm_medium=link&ref=sfp-seed
zasy,https://news.example.invalid/articles/2026/10/story-8381690?utm_source=share&utm_medium=link&ref=sfp-seed
mYuq,https://news.example.invalid/articles/2026/10/story-5475742?utm_source=share&utm_medium=link&ref=sfp-seed
bCJQ,https://news.example.invalid/articles/2026/10/story-2770522?utm_source=share&utm_medium=link&ref=sfp-seed
vxU9,https://news.example.invalid/articles/2026/10/story-7518501?utm_source=share&utm_medium=link&ref=sfp-seed
yb4c,https://news.example.invalid/articles/2026/10/story-8145696?utm_source=share&utm_medium=link&ref=sfp-seed
jpg3,https://news.example.invalid/articles/2026/10/story-4625327?utm_source=share&utm_medium=link&ref=sfp-seed
1nFO,https://news.example.invalid/articles/2026/10/story-329332?utm_source=share&utm_medium=link&ref=sfp-seed
AxXK,https://news.example.invalid/articles/2026/10/story-8710364?utm_source=share&utm_medium=link&ref=sfp-seed
9fmB,https://news.example.invalid/articles/2026/10/story-2204013?utm_source=share&utm_medium=link&ref=sfp-seed
lEvb,https://news.example.invalid/articles/2026/10/story-5160581?utm_source=share&utm_medium=link&ref=sfp-seed
A7TW,https://news.example.invalid/articles/2026/10/story-8610184?utm_source=share&utm_medium=link&ref=sfp-seed
6lqk,https://news.example.invalid/articles/2026/10/story-1512324?utm_source=share&utm_medium=link&ref=sfp-seed
2BKV,https://news.example.invalid/articles/2026/10/story-621793?utm_source=share&utm_medium=link&ref=sfp-seed
3Cxa,https://news.example.invalid/articles/2026/10/story-863112?utm_source=share&utm_medium=link&ref=sfp-seed
