ts,cpu0_busy_pct,cpu1_busy_pct,cpu2_busy_pct,cpu3_busy_pct,cpu4_busy_pct,cpu5_busy_pct,cpu6_busy_pct,cpu7_busy_pct,cpu_iowait_pct,cpu_steal_pct,mem_used_mb,disk_read_kbps,disk_write_kbps,net_rx_kbps,net_tx_kbps,tcp_inuse,tcp_timewait,accept_queue_443,turned_away,node_cpu_pct,node_rss_mb,nginx_cpu_pct,nginx_rss_mb,k6_cpu_pct,k6_rss_mb
1791223144,0.0,0.0,0.0,2.9,0.0,1.0,0.0,0.0,0.0,0.0,474,0,0,1,0,3,0,0,0,0.0,0,0.0,0,0.0,0
1791223145,1.0,0.0,0.0,5.0,0.0,0.0,0.0,1.0,0.0,0.0,474,0,448,0,0,4,0,0,0,0.0,0,0.0,0,0.0,0
1791223146,3.0,2.0,0.0,4.0,0.0,0.0,0.0,0.0,0.0,0.0,474,0,0,4,4,4,0,0,0,0.0,0,0.0,0,0.0,0
1791223147,22.2,16.8,4.0,27.0,6.1,6.1,5.9,7.0,0.0,0.0,642,0,0,1,1,4,0,0,0,0.0,0,0.0,0,76.0,198
1791223148,12.0,1.0,23.5,4.0,6.1,6.0,2.1,7.1,0.0,0.0,698,0,4,174,176,4,0,0,0,0.0,0,0.0,0,63.0,244
1791223149,4.0,6.1,8.1,7.0,2.0,1.0,5.2,3.2,0.1,0.0,699,0,64,233,236,5,0,0,0,0.0,0,0.0,0,34.0,243
1791223150,1.0,6.1,12.2,7.1,0.0,2.0,9.1,1.1,0.0,0.0,644,0,0,234,236,4,0,0,0,0.0,0,0.0,0,41.0,135
1791223151,2.0,1.0,5.2,8.1,4.2,4.1,6.2,7.9,0.0,0.0,638,0,288,233,236,5,0,0,0,0.0,0,0.0,0,38.0,135
1791223152,5.1,1.0,1.0,3.2,4.0,3.1,6.0,6.1,0.0,0.0,638,0,0,234,237,4,0,0,0,0.0,0,0.0,0,30.0,135
1791223153,4.0,4.0,4.2,3.0,8.1,1.0,5.1,3.2,0.0,0.0,631,0,28,233,236,5,0,0,0,0.0,0,0.0,0,37.0,135
1791223154,1.0,0.0,7.1,7.1,9.3,2.1,0.0,7.1,0.0,0.0,629,0,32,235,236,4,0,0,0,0.0,0,0.0,0,33.0,135
1791223155,4.0,4.0,6.2,3.0,10.0,5.2,6.0,3.0,0.0,0.0,627,0,0,232,235,4,0,0,0,0.0,0,0.0,0,36.0,135
1791223156,0.0,6.1,5.3,0.0,8.2,6.1,4.1,0.0,0.0,0.0,621,0,28,234,235,4,0,0,0,0.0,0,0.0,0,32.0,135
1791223157,3.0,7.1,2.1,4.2,5.0,6.1,4.0,0.0,0.0,0.0,620,0,0,233,235,5,0,0,0,0.0,0,0.0,0,34.0,135
1791223158,4.0,3.1,1.0,6.1,4.0,6.1,0.0,3.0,0.0,0.0,612,0,0,234,236,5,0,0,0,0.0,0,0.0,0,28.0,135
1791223159,3.0,5.1,1.0,7.1,7.1,5.1,2.2,7.1,0.0,0.0,611,0,76,233,235,5,0,0,0,0.0,0,0.0,0,35.0,135
1791223160,6.0,7.0,5.3,0.0,8.1,0.0,3.0,5.1,0.0,0.0,608,0,0,233,235,4,0,0,0,0.0,0,0.0,0,29.0,135
1791223161,4.0,6.1,4.3,6.1,7.0,0.0,3.1,0.0,0.0,0.0,604,0,12,232,235,4,0,0,0,0.0,0,0.0,0,31.0,135
1791223162,4.0,6.2,0.0,0.0,11.1,1.1,4.0,5.1,0.0,0.0,604,0,20,232,236,4,0,0,0,0.0,0,0.0,0,35.0,135
1791223163,4.0,4.0,2.0,0.0,9.1,2.2,7.1,6.0,0.0,0.0,602,0,8,233,235,4,0,0,0,0.0,0,0.0,0,30.0,135
1791223164,4.0,4.2,1.0,0.0,8.0,2.1,2.0,5.2,0.0,0.0,601,0,0,233,236,4,0,0,0,0.0,0,0.0,0,29.0,135
1791223165,2.0,1.1,6.1,6.1,6.0,0.0,5.0,3.0,0.0,0.0,601,0,0,234,236,4,0,0,0,0.0,0,0.0,0,25.0,135
1791223166,7.1,4.2,2.1,2.0,7.1,2.0,3.1,4.0,0.0,0.0,601,0,0,233,235,4,0,0,0,0.0,0,0.0,0,33.0,135
1791223167,7.0,0.0,4.1,7.1,5.1,0.0,4.1,4.2,0.0,0.0,601,0,116,233,235,4,0,0,0,0.0,0,0.0,0,31.0,135
1791223168,5.9,0.0,5.3,4.1,8.1,0.0,7.1,3.1,0.0,0.0,601,0,0,232,235,4,0,0,0,0.0,0,0.0,0,31.0,135
1791223169,4.1,7.9,4.3,8.2,11.1,1.0,1.0,1.0,0.0,0.0,601,0,4,232,235,4,0,0,0,0.0,0,0.0,0,39.0,136
1791223170,5.1,7.1,4.3,8.2,4.0,6.1,0.0,0.0,0.0,0.0,601,0,0,232,235,4,0,0,0,0.0,0,0.0,0,35.0,136
1791223171,5.9,7.1,9.1,2.1,7.0,4.2,0.0,4.0,0.0,0.0,601,0,0,233,236,4,0,0,0,0.0,0,0.0,0,37.0,137
1791223172,2.0,2.0,10.3,3.0,9.1,3.2,2.0,4.0,0.0,0.0,601,0,20,233,236,4,0,0,0,0.0,0,0.0,0,33.0,137
1791223173,6.1,1.0,9.3,0.0,7.1,2.2,6.1,0.0,0.0,0.0,601,0,0,233,236,4,0,0,0,0.0,0,0.0,0,34.0,138
1791223174,4.0,6.1,5.1,5.0,7.1,3.2,1.0,6.1,0.0,0.0,601,0,52,233,236,4,0,0,0,0.0,0,0.0,0,34.0,138
1791223175,4.0,2.0,5.2,4.2,2.0,4.1,5.1,5.1,0.0,0.0,601,0,4,233,236,4,0,0,0,0.0,0,0.0,0,30.0,138
1791223176,3.0,4.0,10.2,2.2,6.1,0.0,1.0,6.2,0.0,0.0,602,0,0,233,236,4,0,0,0,0.0,0,0.0,0,35.0,139
1791223177,1.0,6.2,12.0,3.2,1.0,7.0,3.1,1.0,0.0,0.0,602,0,28,232,235,4,0,0,0,0.0,0,0.0,0,32.0,139
1791223178,6.1,6.0,5.2,3.2,6.0,4.0,5.0,2.0,0.0,0.0,602,0,0,233,235,4,0,0,0,0.0,0,0.0,0,35.0,139
1791223179,1.0,2.0,10.1,8.1,4.1,6.1,0.0,1.1,0.0,0.0,602,0,0,233,236,4,0,0,0,0.0,0,0.0,0,33.0,139
1791223180,0.0,0.0,7.4,7.1,8.0,6.1,2.0,2.2,0.0,0.0,602,0,80,232,235,4,0,0,0,0.0,0,0.0,0,32.0,139
1791223181,6.9,1.0,9.1,10.1,5.1,4.0,3.0,3.2,0.0,0.0,602,0,4,233,236,4,0,0,0,0.0,0,0.0,0,40.0,141
1791223182,4.0,6.1,10.2,5.1,5.1,3.0,0.0,1.1,0.0,0.0,602,0,0,232,236,4,0,0,0,0.0,0,0.0,0,35.0,141
1791223183,6.1,3.0,12.0,5.1,5.1,6.1,4.0,3.2,0.0,0.0,603,0,28,234,237,4,0,0,0,0.0,0,0.0,0,40.0,142
1791223184,5.1,5.1,5.1,6.0,1.1,2.0,2.0,6.1,0.0,0.0,603,0,0,234,236,4,0,0,0,0.0,0,0.0,0,32.0,142
1791223185,6.1,7.0,8.2,5.1,2.2,2.0,0.0,3.1,0.0,0.0,603,0,52,233,235,4,0,0,0,0.0,0,0.0,0,32.0,142
1791223186,7.9,2.0,6.1,10.9,5.1,1.0,1.0,8.0,0.0,0.0,603,0,0,232,235,4,0,0,0,0.0,0,0.0,0,34.0,142
1791223187,8.0,0.0,8.1,6.1,2.1,5.1,0.0,4.0,0.0,0.0,603,0,8,233,236,4,0,0,0,0.0,0,0.0,0,33.0,142
1791223188,2.0,2.0,5.2,7.2,3.2,6.1,5.2,5.1,0.0,0.0,603,0,48,233,236,4,0,0,0,0.0,0,0.0,0,39.0,142
1791223189,4.3,7.1,11.1,2.0,4.1,7.0,0.0,0.0,0.0,0.0,603,0,0,234,236,4,0,0,0,0.0,0,0.0,0,33.0,143
1791223190,5.2,4.1,5.2,0.0,6.1,1.0,7.0,5.1,0.0,0.0,603,0,28,234,236,4,0,0,0,0.0,0,0.0,0,32.0,143
1791223191,3.2,5.1,8.2,6.1,1.0,2.0,5.2,7.1,0.0,0.0,603,0,0,232,235,4,0,0,0,0.0,0,0.0,0,40.0,143
1791223192,3.2,3.0,8.2,7.1,3.0,0.0,5.1,4.1,0.0,0.0,603,0,0,233,237,4,0,0,0,0.0,0,0.0,0,32.0,143
1791223193,3.2,6.9,2.1,5.1,4.1,0.0,0.0,6.1,0.0,0.0,604,0,32,233,235,4,0,0,0,0.0,0,0.0,0,29.0,143
1791223194,7.0,2.0,7.1,7.1,2.1,3.0,4.0,7.1,0.0,0.0,604,0,0,234,236,4,0,0,0,0.0,0,0.0,0,38.0,144
1791223195,9.0,2.2,4.1,4.1,4.1,4.0,0.0,2.0,0.0,0.0,604,0,0,233,236,4,0,0,0,0.0,0,0.0,0,31.0,144
1791223196,7.1,2.1,7.2,2.0,6.1,3.0,4.0,5.1,0.0,0.0,604,0,56,233,236,4,0,0,0,0.0,0,0.0,0,38.0,145
1791223197,7.1,1.0,6.2,5.1,1.1,4.1,4.1,1.0,0.0,0.0,604,0,0,233,236,4,0,0,0,0.0,0,0.0,0,32.0,145
1791223198,5.0,0.0,6.1,5.2,2.1,4.1,3.0,2.0,0.0,0.0,604,0,0,233,235,5,0,0,0,0.0,0,0.0,0,30.0,145
1791223199,5.1,1.0,7.1,5.0,4.2,6.1,6.0,1.0,0.0,0.0,604,0,4,233,235,4,0,0,0,0.0,0,0.0,0,34.0,146
1791223200,1.1,7.1,8.2,0.0,2.0,6.1,4.0,1.0,0.0,0.0,604,0,28,233,236,4,0,0,0,0.0,0,0.0,0,34.0,146
1791223201,5.1,7.0,6.1,5.0,0.0,4.1,5.1,0.0,0.0,0.0,604,0,52,233,236,4,0,0,0,0.0,0,0.0,0,28.0,146
1791223202,7.1,4.1,6.2,7.1,2.1,1.0,2.0,5.2,0.0,0.0,604,0,0,233,237,4,0,0,0,0.0,0,0.0,0,37.0,146
1791223203,7.0,7.0,5.1,6.1,2.2,4.0,0.0,1.0,0.0,0.0,604,0,0,233,236,4,0,0,0,0.0,0,0.0,0,31.0,146
1791223204,5.2,1.0,10.1,11.1,2.1,5.1,2.0,3.0,0.0,0.0,605,0,0,234,237,4,0,0,0,0.0,0,0.0,0,38.0,148
1791223205,4.1,0.0,2.0,7.1,0.0,4.1,6.1,5.2,0.0,0.0,605,0,4,233,236,4,0,0,0,0.0,0,0.0,0,32.0,148
1791223206,3.0,1.1,6.1,7.1,3.0,4.0,5.1,0.0,0.1,0.0,605,0,108,232,236,5,0,0,0,0.0,0,0.0,0,30.0,148
1791223207,3.0,8.2,2.1,6.2,3.0,6.1,5.1,3.1,0.0,0.0,605,0,0,233,236,5,0,0,0,0.0,0,0.0,0,34.0,148
1791223208,7.9,4.0,0.0,5.1,2.2,7.0,0.0,4.1,0.0,0.0,605,0,0,233,237,4,0,0,0,0.0,0,0.0,0,29.0,148
1791223209,6.1,1.0,6.1,7.1,1.1,6.1,0.0,5.1,0.0,0.0,605,0,0,233,237,4,0,0,0,0.0,0,0.0,0,34.0,148
1791223210,7.0,1.0,5.2,6.2,6.2,6.1,3.1,3.1,0.0,0.0,605,0,0,232,237,4,0,0,0,0.0,0,0.0,0,38.0,150
1791223211,1.1,1.0,5.1,4.0,5.1,7.1,4.1,1.0,0.0,0.0,605,0,128,232,236,4,0,0,0,0.0,0,0.0,0,33.0,150
1791223212,3.2,0.0,7.1,8.2,3.0,6.1,6.1,0.0,0.0,0.0,605,0,184,233,236,4,0,0,0,0.0,0,0.0,0,34.0,150
1791223213,1.0,2.0,7.1,14.0,1.1,6.1,1.0,6.1,0.1,0.0,605,0,0,232,235,4,0,0,0,0.0,0,0.0,0,37.0,150
1791223214,0.0,4.2,6.2,4.0,3.2,4.0,0.0,4.1,0.0,0.0,605,0,0,234,236,4,0,0,0,0.0,0,0.0,0,30.0,150
1791223215,2.0,5.0,7.1,6.1,2.1,5.1,3.1,6.1,0.0,0.0,605,0,0,231,234,4,0,0,0,0.0,0,0.0,0,35.0,150
1791223216,6.0,6.1,6.3,8.3,0.0,0.0,6.1,1.0,0.0,0.0,605,0,68,232,235,4,0,0,0,0.0,0,0.0,0,34.0,150
1791223217,5.1,8.0,5.3,4.0,0.0,1.0,6.1,4.1,0.0,0.0,605,0,4,232,235,4,0,0,0,0.0,0,0.0,0,32.0,150
1791223218,2.1,4.0,4.1,8.2,6.1,4.0,4.0,7.0,0.0,0.0,605,0,0,233,235,5,0,0,0,0.0,0,0.0,0,35.0,151
1791223219,3.1,3.1,5.1,5.0,2.0,5.1,5.1,3.0,0.0,0.0,605,0,0,233,236,4,0,0,0,0.0,0,0.0,0,32.0,151
1791223220,8.2,2.1,7.1,4.0,6.0,0.0,2.0,4.2,0.0,0.0,606,0,0,232,236,4,0,0,0,0.0,0,0.0,0,32.0,151
1791223221,4.0,4.2,7.2,9.0,3.0,3.0,0.0,6.1,0.1,0.0,606,0,92,232,235,4,0,0,0,0.0,0,0.0,0,35.0,152
1791223222,0.0,2.0,8.2,5.3,5.1,5.1,4.0,3.1,0.0,0.0,606,0,0,232,235,4,0,0,0,0.0,0,0.0,0,33.0,152
1791223223,3.1,0.0,6.1,4.0,2.0,7.1,5.2,6.1,0.0,0.0,606,0,4,233,236,4,0,0,0,0.0,0,0.0,0,31.0,152
1791223224,3.1,5.1,3.1,11.1,2.1,6.1,3.0,5.1,0.0,0.0,606,0,0,232,235,4,0,0,0,0.0,0,0.0,0,40.0,153
1791223225,4.0,8.9,6.1,5.0,2.1,0.0,4.1,1.0,0.0,0.0,607,0,0,233,235,5,0,0,0,0.0,0,0.0,0,28.0,153
1791223226,5.2,6.1,1.0,2.0,4.1,3.0,1.0,7.1,0.0,0.0,607,0,88,234,236,4,0,0,0,0.0,0,0.0,0,33.0,153
1791223227,6.2,7.1,2.0,6.0,2.1,7.1,4.1,4.1,0.0,0.0,607,0,0,232,235,4,0,0,0,0.0,0,0.0,0,39.0,154
1791223228,6.0,6.1,0.0,5.1,2.2,6.1,0.0,7.1,0.0,0.0,607,0,0,232,236,5,0,0,0,0.0,0,0.0,0,31.0,154
1791223229,5.9,6.1,0.0,4.0,2.1,6.1,1.0,4.0,0.0,0.0,607,0,8,234,236,4,0,0,0,0.0,0,0.0,0,27.0,154
1791223230,1.0,2.0,5.2,8.0,7.1,6.1,6.2,2.2,0.0,0.0,607,0,0,233,235,5,0,0,0,0.0,0,0.0,0,39.0,155
1791223231,2.1,4.0,2.1,6.1,1.0,2.0,8.0,4.1,0.1,0.0,607,0,88,232,236,4,0,0,0,0.0,0,0.0,0,33.0,155
1791223232,4.2,4.0,7.1,6.2,0.0,0.0,5.1,5.1,0.0,0.0,607,0,0,234,236,4,0,0,0,0.0,0,0.0,0,30.0,155
1791223233,3.1,7.0,4.2,4.0,4.0,5.0,9.0,5.1,0.0,0.0,608,0,0,234,236,4,0,0,0,0.0,0,0.0,0,37.0,156
1791223234,4.0,5.0,4.1,0.0,5.1,5.1,5.1,2.1,0.0,0.0,608,0,0,233,236,4,0,0,0,0.0,0,0.0,0,32.0,156
1791223235,5.0,2.0,5.1,0.0,6.1,6.1,6.1,1.1,0.0,0.0,608,0,4,233,235,4,0,0,0,0.0,0,0.0,0,28.0,156
1791223236,7.1,2.0,12.1,6.1,3.2,2.0,2.0,4.1,0.0,0.0,608,0,80,233,235,4,0,0,0,0.0,0,0.0,0,38.0,157
1791223237,5.0,0.0,9.3,7.0,3.1,0.0,0.0,6.1,0.0,0.0,608,0,0,233,236,4,0,0,0,0.0,0,0.0,0,32.0,157
1791223238,6.0,4.0,5.1,3.0,0.0,6.1,1.1,7.1,0.0,0.0,608,0,0,233,235,4,0,0,0,0.0,0,0.0,0,31.0,157
1791223239,3.0,2.0,7.2,2.1,5.1,7.1,6.2,2.2,0.0,0.0,608,0,0,233,236,4,0,0,0,0.0,0,0.0,0,38.0,157
1791223240,5.1,0.0,7.1,4.0,1.0,6.1,6.1,3.2,0.0,0.0,608,0,0,233,236,4,0,0,0,0.0,0,0.0,0,31.0,157
1791223241,3.0,0.0,3.1,6.1,3.0,5.1,6.1,2.1,0.0,0.0,608,0,4,232,235,4,0,0,0,0.0,0,0.0,0,30.0,157
1791223242,8.1,0.0,11.1,3.2,5.1,6.1,2.0,1.0,0.0,0.0,608,0,88,232,235,4,0,0,0,0.0,0,0.0,0,38.0,159
1791223243,7.0,1.0,4.1,5.1,3.1,2.1,7.1,4.0,0.0,0.0,608,0,0,233,235,4,0,0,0,0.0,0,0.0,0,32.0,159
1791223244,7.9,1.0,5.1,8.2,1.1,0.0,2.1,4.1,0.0,0.0,609,0,0,232,236,4,0,0,0,0.0,0,0.0,0,31.0,159
1791223245,8.1,3.0,3.1,7.1,6.1,2.1,3.1,4.1,0.0,0.0,608,0,0,230,235,5,0,0,0,0.0,0,0.0,0,42.0,159
1791223246,4.0,3.0,6.2,4.1,6.0,0.0,3.2,7.0,0.0,0.0,608,0,0,233,235,4,0,0,0,0.0,0,0.0,0,31.0,159
1791223247,1.0,6.1,4.1,6.1,5.1,0.0,0.0,5.2,0.0,0.0,609,0,92,233,235,4,0,0,0,0.0,0,0.0,0,31.0,159
1791223248,6.0,6.1,14.1,2.0,2.0,1.0,4.2,7.1,0.0,0.0,609,0,0,232,235,4,0,0,0,0.0,0,0.0,0,40.0,160
1791223249,5.1,7.1,4.2,0.0,4.0,5.1,1.1,1.0,0.0,0.0,609,0,0,234,236,4,0,0,0,0.0,0,0.0,0,32.0,160
1791223250,6.0,5.2,6.1,0.0,5.1,5.1,1.0,1.0,0.0,0.0,609,0,0,233,235,4,0,0,0,0.0,0,0.0,0,30.0,160
1791223251,5.0,8.1,10.4,6.1,6.0,4.0,6.1,2.1,0.0,0.0,609,0,0,231,235,5,0,0,0,0.0,0,0.0,0,43.0,160
1791223252,1.0,5.1,4.3,4.1,6.1,6.1,5.2,0.0,0.0,0.0,609,0,92,232,234,4,0,0,0,0.0,0,0.0,0,33.0,160
1791223253,1.0,4.1,6.1,8.4,7.1,5.1,1.0,0.0,0.0,0.0,609,0,4,232,235,4,0,0,0,0.0,0,0.0,0,30.0,160
1791223254,2.0,7.0,9.3,2.0,5.1,4.0,6.9,1.0,0.0,0.0,609,0,0,232,235,4,0,0,0,0.0,0,0.0,0,36.0,160
1791223255,5.0,7.1,5.1,0.0,1.1,5.1,4.1,2.0,0.0,0.0,609,0,0,232,235,4,0,0,0,0.0,0,0.0,0,31.0,160
1791223256,5.1,5.1,0.0,5.0,3.2,7.1,5.1,0.0,0.0,0.0,609,0,0,232,236,4,0,0,0,0.0,0,0.0,0,28.0,160
1791223257,5.1,3.1,5.2,12.0,2.2,4.0,5.1,2.0,0.0,0.0,609,0,88,231,235,5,0,0,0,0.0,0,0.0,0,43.0,160
1791223258,2.0,6.0,6.1,4.0,5.1,1.1,7.1,5.1,0.0,0.0,609,0,0,233,236,5,0,0,0,0.0,0,0.0,0,34.0,160
1791223259,2.9,5.1,1.0,5.1,7.1,2.1,5.2,6.1,0.0,0.0,610,0,4,232,236,5,0,0,0,0.0,0,0.0,0,34.0,160
1791223260,5.1,5.1,6.1,7.2,7.2,2.0,3.1,4.1,0.0,0.0,610,0,0,233,236,4,0,0,0,0.0,0,0.0,0,40.0,161
1791223261,9.0,2.0,0.0,5.0,6.0,1.1,5.1,4.1,0.0,0.0,610,0,0,233,236,4,0,0,0,0.0,0,0.0,0,31.0,161
1791223262,6.1,3.0,3.1,3.0,2.1,2.1,6.1,3.0,0.1,0.0,610,0,88,233,236,4,0,0,0,0.0,0,0.0,0,31.0,161
1791223263,4.1,3.0,8.1,5.1,8.1,5.3,5.1,4.0,0.0,0.0,610,0,0,233,236,4,0,0,0,0.0,0,0.0,0,41.0,162
1791223264,3.2,0.0,0.0,11.2,3.1,6.1,0.0,6.1,0.0,0.0,610,0,0,230,235,5,0,0,0,0.0,0,0.0,0,32.0,162
1791223265,2.2,0.0,0.0,13.1,6.1,5.2,0.0,4.0,0.0,0.0,610,0,4,234,236,4,0,0,0,0.0,0,0.0,0,33.0,162
1791223266,4.2,1.0,2.1,6.0,8.2,8.0,6.1,5.1,0.0,0.0,610,0,0,233,235,4,0,0,0,0.0,0,0.0,0,41.0,163
1791223267,8.0,0.0,2.0,8.2,2.1,6.1,0.0,6.1,0.0,0.0,610,0,88,233,234,4,0,0,0,0.0,0,0.0,0,30.0,163
1791223268,7.0,0.0,2.0,11.1,3.2,4.0,0.0,6.1,0.0,0.0,610,0,0,232,235,4,0,0,0,0.0,0,0.0,0,32.0,164
1791223269,7.9,5.0,7.1,5.0,2.2,0.0,8.1,1.0,0.0,0.0,611,0,0,233,235,4,0,0,0,0.0,0,0.0,0,36.0,164
1791223270,3.0,8.2,9.3,9.4,5.0,1.0,1.0,2.1,0.0,0.0,611,0,0,232,235,4,0,0,0,0.0,0,0.0,0,37.0,164
1791223271,1.0,5.1,7.1,4.0,5.1,8.1,0.0,2.2,0.0,0.0,611,0,8,231,235,5,0,0,0,0.0,0,0.0,0,33.0,164
1791223272,6.0,2.0,9.1,4.0,7.1,6.1,0.0,2.1,0.0,0.0,611,0,88,232,236,4,0,0,0,0.0,0,0.0,0,32.0,164
1791223273,8.9,2.0,7.1,6.0,4.0,7.1,5.1,3.3,0.0,0.0,611,0,0,232,236,4,0,0,0,0.0,0,0.0,0,43.0,166
1791223274,6.1,0.0,7.2,5.1,0.0,7.1,7.1,2.2,0.0,0.0,611,0,0,233,236,4,0,0,0,0.0,0,0.0,0,35.0,166
1791223275,3.0,3.1,1.0,10.1,0.0,4.1,7.1,3.2,0.0,0.0,611,0,0,233,236,4,0,0,0,0.0,0,0.0,0,32.0,166
1791223276,1.0,4.1,10.2,8.2,3.0,5.1,7.1,2.1,0.0,0.0,611,0,0,234,236,4,0,0,0,0.0,0,0.0,0,43.0,167
1791223277,8.9,2.0,9.4,7.0,4.1,0.0,8.0,0.0,0.1,0.0,611,0,96,232,234,4,0,0,0,0.0,0,0.0,0,31.0,167
1791223278,5.1,4.1,7.2,6.2,6.1,0.0,2.0,0.0,0.0,0.0,611,0,0,231,234,4,0,0,0,0.0,0,0.0,0,33.0,167
1791223279,7.1,3.2,13.3,8.0,2.0,2.0,1.0,7.1,0.0,0.0,611,0,0,232,234,4,0,0,0,0.0,0,0.0,0,44.0,167
1791223280,5.0,0.0,7.2,0.0,7.0,2.1,5.1,5.1,0.0,0.0,611,0,0,233,235,4,0,0,0,0.0,0,0.0,0,30.0,167
1791223281,0.0,6.1,4.1,0.0,5.0,1.1,5.2,5.1,0.0,0.0,612,0,0,233,235,4,0,0,0,0.0,0,0.0,0,30.0,167
1791223282,2.0,6.1,4.1,0.0,4.1,1.1,5.0,7.1,0.0,0.0,612,0,0,233,235,4,0,0,0,0.0,0,0.0,0,31.0,167
1791223283,7.0,9.2,6.1,1.0,6.1,1.0,4.3,7.1,0.0,0.0,611,0,84,232,234,4,0,0,0,0.0,0,0.0,0,43.0,168
1791223284,6.0,5.1,9.3,0.0,4.0,0.0,5.1,2.1,0.0,0.0,612,0,0,232,235,5,0,0,0,0.0,0,0.0,0,32.0,168
1791223285,7.1,3.1,4.1,1.0,5.1,0.0,6.1,3.2,0.0,0.0,612,0,0,233,236,4,0,0,0,0.0,0,0.0,0,31.0,168
1791223286,4.1,4.1,7.1,2.0,5.1,4.0,7.1,3.0,0.0,0.0,612,0,0,233,235,4,0,0,0,0.0,0,0.0,0,34.0,168
1791223287,6.0,2.1,4.2,9.2,4.1,6.0,2.0,0.0,0.0,0.0,612,0,0,233,236,4,0,0,0,0.0,0,0.0,0,33.0,168
1791223288,5.9,1.1,5.1,6.1,6.1,4.1,2.0,0.0,0.0,0.0,612,0,84,234,236,4,0,0,0,0.0,0,0.0,0,29.0,168
1791223289,5.1,4.1,5.2,10.0,4.2,3.0,5.0,1.0,0.0,0.0,612,0,4,234,236,4,0,0,0,0.0,0,0.0,0,38.0,169
1791223290,1.0,3.0,4.0,6.1,4.0,2.0,4.1,1.1,0.0,0.0,613,0,0,234,236,5,0,0,0,0.0,0,0.0,0,26.0,169
1791223291,2.0,5.1,14.1,4.0,1.0,0.0,6.1,2.2,0.0,0.0,613,0,0,234,237,4,0,0,0,0.0,0,0.0,0,35.0,169
1791223292,0.0,6.0,7.1,5.2,0.0,6.0,6.1,1.1,0.0,0.0,613,0,0,233,236,4,0,0,0,0.0,0,0.0,0,31.0,169
1791223293,7.0,5.1,4.1,4.0,2.1,8.1,5.1,1.0,0.0,0.0,614,0,88,233,236,4,0,0,0,0.0,0,0.0,0,41.0,171
1791223294,2.0,4.1,6.1,3.1,2.1,4.1,3.1,0.0,0.0,0.0,614,0,0,234,236,4,0,0,0,0.0,0,0.0,0,28.0,171
1791223295,5.9,6.1,4.1,5.0,0.0,3.1,5.1,0.0,0.0,0.0,614,0,4,233,235,4,0,0,0,0.0,0,0.0,0,29.0,171
1791223296,7.0,5.0,9.1,5.2,2.0,4.1,3.0,2.0,0.0,0.0,614,0,0,233,236,4,0,0,0,0.0,0,0.0,0,34.0,171
1791223297,7.1,0.0,10.2,8.1,0.0,3.0,3.0,2.1,0.0,0.0,614,0,0,232,234,5,0,0,0,0.0,0,0.0,0,32.0,171
1791223298,7.9,0.0,11.1,3.1,3.0,0.0,5.1,2.1,0.0,0.0,614,0,88,232,235,4,0,0,0,0.0,0,0.0,0,32.0,171
1791223299,7.9,4.2,6.2,7.1,8.1,3.0,6.1,3.0,0.0,0.0,614,0,0,234,236,4,0,0,0,0.0,0,0.0,0,43.0,171
1791223300,1.0,3.0,7.2,3.2,7.1,7.1,0.0,4.1,0.0,0.0,614,0,0,233,235,4,0,0,0,0.0,0,0.0,0,32.0,171
1791223301,1.0,0.0,14.0,2.2,4.1,8.0,0.0,5.1,0.0,0.0,614,0,4,233,236,4,0,0,0,0.0,0,0.0,0,34.0,171
1791223302,1.0,6.1,9.3,3.2,6.1,1.0,0.0,5.1,0.0,0.0,614,0,0,232,235,4,0,0,0,0.0,0,0.0,0,32.0,171
1791223303,2.1,8.2,12.1,3.0,2.0,7.1,8.1,2.0,0.0,0.0,614,0,88,233,235,4,0,0,0,0.0,0,0.0,0,42.0,171
1791223304,4.2,6.0,4.1,4.0,3.1,5.0,6.1,0.0,0.0,0.0,614,0,0,233,236,4,0,0,0,0.0,0,0.0,0,34.0,171
1791223305,3.2,7.8,8.2,0.0,6.1,7.1,3.0,0.0,0.0,0.0,614,0,0,234,236,4,0,0,0,0.0,0,0.0,0,31.0,171
1791223306,4.3,10.9,11.1,2.0,8.1,4.0,6.1,2.0,0.0,0.0,614,0,0,232,235,5,0,0,0,0.0,0,0.0,0,43.0,171
1791223307,2.0,3.2,8.1,0.0,6.1,7.1,2.0,4.0,0.0,0.0,614,0,4,232,236,5,0,0,0,0.0,0,0.0,0,33.0,171
1791223308,3.0,6.1,5.1,1.1,6.1,1.0,1.0,7.0,0.0,0.0,615,0,88,234,236,4,0,0,0,0.0,0,0.0,0,30.0,172
1791223309,5.0,5.1,6.2,9.2,7.2,4.0,3.1,5.1,0.0,0.0,615,0,0,234,236,4,0,0,0,0.0,0,0.0,0,43.0,172
1791223310,5.0,6.1,4.1,5.0,2.2,0.0,4.1,6.1,0.0,0.0,615,0,0,233,236,4,0,0,0,0.0,0,0.0,0,33.0,172
1791223311,2.0,4.1,6.1,7.1,2.1,0.0,3.1,4.0,0.0,0.0,616,0,0,231,236,4,0,0,0,0.0,0,0.0,0,28.0,172
1791223312,3.0,3.0,7.2,5.2,1.1,0.0,5.0,6.1,0.0,0.0,616,0,0,232,235,4,0,0,0,0.0,0,0.0,0,36.0,174
1791223313,1.0,6.1,11.5,7.2,2.0,1.0,7.1,8.1,0.1,0.0,617,0,104,232,235,4,0,0,0,0.0,0,0.0,0,39.0,175
1791223314,2.0,3.2,9.2,4.0,4.1,0.0,6.1,4.1,0.0,0.0,617,0,0,233,236,4,0,0,0,0.0,0,0.0,0,30.0,175
1791223315,1.0,4.1,4.1,6.1,3.2,6.1,0.0,5.1,0.0,0.0,617,0,0,232,235,5,0,0,0,0.0,0,0.0,0,31.0,175
1791223316,5.0,5.0,8.2,8.1,6.2,3.1,3.1,7.1,0.0,0.0,618,0,0,234,237,4,0,0,0,0.0,0,0.0,0,42.0,176
1791223317,4.0,1.0,10.1,2.0,7.1,2.1,0.0,5.1,0.0,0.0,618,0,0,233,236,4,0,0,0,0.0,0,0.0,0,32.0,177
1791223318,6.1,0.0,5.1,8.2,5.2,0.0,1.0,6.1,0.0,0.0,618,0,64,232,236,4,0,0,0,0.0,0,0.0,0,34.0,177
1791223319,6.1,0.0,5.1,5.1,5.1,0.0,1.1,5.1,0.0,0.0,618,0,4,233,236,4,0,0,0,0.0,0,0.0,0,30.0,177
1791223320,2.0,1.0,12.4,5.2,8.0,6.1,4.1,6.2,0.0,0.0,620,0,0,232,236,4,0,0,0,0.0,0,0.0,0,46.0,180
1791223321,8.0,0.0,5.1,4.2,5.2,3.1,1.1,2.0,0.0,0.0,620,0,0,231,236,5,0,0,0,0.0,0,0.0,0,32.0,180
1791223322,5.9,5.9,8.2,5.1,2.0,6.0,2.2,2.0,0.0,0.0,620,0,0,234,236,4,0,0,0,0.0,0,0.0,0,34.0,180
1791223323,6.0,5.1,6.1,8.2,4.0,6.1,3.2,2.0,0.0,0.0,620,0,0,231,235,5,0,0,0,0.0,0,0.0,0,44.0,180
1791223324,1.0,4.0,4.3,9.4,6.1,1.0,4.0,1.0,0.0,0.0,620,0,80,234,236,4,0,0,0,0.0,0,0.0,0,31.0,180
1791223325,2.0,5.0,4.3,4.0,6.1,4.0,6.1,4.0,0.0,0.0,620,0,4,233,236,4,0,0,0,0.0,0,0.0,0,32.0,180
1791223326,6.1,3.1,4.3,6.1,0.0,6.1,0.0,1.0,0.0,0.0,621,0,0,234,236,4,0,0,0,0.0,0,0.0,0,32.0,180
1791223327,4.0,5.0,6.2,9.1,8.4,8.2,1.0,5.1,0.0,0.0,621,0,0,233,235,4,0,0,0,0.0,0,0.0,0,43.0,180
1791223328,5.0,0.0,2.0,6.1,8.1,2.2,1.0,5.2,0.0,0.0,621,0,0,234,236,4,0,0,0,0.0,0,0.0,0,32.0,180
1791223329,5.0,8.2,5.1,1.0,4.0,2.1,0.0,7.1,0.0,0.0,621,0,80,232,235,4,0,0,0,0.0,0,0.0,0,32.0,180
1791223330,7.1,7.1,6.2,6.0,6.0,2.1,2.0,7.1,0.0,0.0,621,0,0,232,236,4,0,0,0,0.0,0,0.0,0,43.0,180
1791223331,4.1,3.0,7.3,2.2,8.1,0.0,0.0,5.1,0.0,0.0,621,0,4,231,235,5,0,0,0,0.0,0,0.0,0,32.0,180
1791223332,7.8,2.0,6.1,2.2,12.2,0.0,1.0,5.1,0.0,0.0,621,0,0,233,236,5,0,0,0,0.0,0,0.0,0,30.0,180
1791223333,2.0,5.1,8.1,4.2,2.0,6.1,2.0,4.0,0.0,0.0,621,0,0,235,236,4,0,0,0,0.0,0,0.0,0,33.0,180
1791223334,2.0,7.1,6.1,2.1,7.3,4.0,3.1,6.1,0.0,0.0,621,0,120,233,235,4,0,0,0,0.0,0,0.0,0,41.0,180
1791223335,1.0,2.0,7.1,6.1,5.3,0.0,7.0,5.1,0.0,0.0,621,0,0,232,235,5,0,0,0,0.0,0,0.0,0,31.0,180
1791223336,2.9,7.1,9.3,4.0,2.2,0.0,3.1,5.1,0.0,0.0,621,0,0,234,236,5,0,0,0,0.0,0,0.0,0,32.0,180
1791223337,2.0,6.2,7.1,8.3,2.0,1.0,7.0,7.0,0.0,0.0,621,0,4,232,235,5,0,0,0,0.0,0,0.0,0,42.0,180
1791223338,4.1,1.0,6.2,5.0,7.1,6.0,4.1,0.0,0.0,0.0,621,0,0,233,236,4,0,0,0,0.0,0,0.0,0,32.0,180
1791223339,6.1,2.1,6.1,4.0,2.0,5.2,6.0,0.0,0.0,0.0,621,0,84,234,235,4,0,0,0,0.0,0,0.0,0,28.0,180
1791223340,4.0,1.1,8.2,3.0,4.0,6.1,3.0,0.0,0.0,0.0,622,0,0,233,236,4,0,0,0,0.0,0,0.0,0,34.0,180
1791223341,4.0,4.2,7.2,9.0,2.0,8.1,8.1,3.0,0.0,0.0,622,0,0,233,236,4,0,0,0,0.0,0,0.0,0,44.0,181
1791223342,6.0,3.2,4.1,5.1,0.0,4.1,5.1,6.0,0.0,0.0,622,0,0,229,233,6,0,0,0,0.0,0,0.0,0,31.0,181
1791223343,6.1,2.2,6.0,5.0,3.1,4.1,4.1,1.0,0.0,0.0,622,0,4,235,238,4,0,0,0,0.0,0,0.0,0,33.0,181
1791223344,7.1,0.0,6.2,5.1,5.1,0.0,3.0,5.1,0.0,0.0,622,0,84,232,235,4,0,0,0,0.0,0,0.0,0,31.0,181
1791223345,5.0,2.1,9.1,7.3,6.1,7.1,5.1,8.1,0.0,0.0,622,0,0,233,236,4,0,0,0,0.0,0,0.0,0,49.0,183
1791223346,2.0,4.1,8.1,6.4,4.2,1.0,5.1,1.0,0.0,0.0,622,0,0,231,235,4,0,0,0,0.0,0,0.0,0,32.0,183
1791223347,6.0,5.0,7.1,5.0,8.1,3.2,1.0,1.0,0.0,0.0,622,0,0,233,236,4,0,0,0,0.0,0,0.0,0,33.0,183
1791223348,3.0,5.1,7.2,5.0,5.1,1.1,0.0,5.1,0.0,0.0,623,0,0,232,236,4,0,0,0,0.0,0,0.0,0,32.0,183
1791223349,2.1,4.2,3.0,13.1,5.1,7.9,2.0,7.1,0.1,0.0,623,0,68,231,235,4,0,0,0,0.0,0,0.0,0,41.0,184
1791223350,9.0,3.2,4.2,4.0,5.1,0.0,0.0,5.1,0.0,0.0,623,0,0,233,236,4,0,0,0,0.0,0,0.0,0,30.0,184
1791223351,3.1,2.1,8.2,4.0,7.1,1.0,0.0,4.0,0.0,0.0,624,0,0,233,236,4,0,0,0,0.0,0,0.0,0,32.0,184
1791223352,6.2,8.2,8.2,5.2,3.1,3.0,1.0,5.1,0.0,0.0,624,0,0,232,235,4,0,0,0,0.0,0,0.0,0,44.0,184
1791223353,1.0,6.1,6.2,6.2,6.1,2.0,4.1,2.0,0.0,0.0,624,0,0,232,235,5,0,0,0,0.0,0,0.0,0,33.0,184
1791223354,0.0,6.1,6.2,6.3,5.1,1.0,7.1,1.0,0.0,0.0,624,0,92,233,235,5,0,0,0,0.0,0,0.0,0,34.0,184
1791223355,1.0,5.1,7.1,4.0,1.0,4.2,4.1,1.1,0.0,0.0,624,0,8,234,236,4,0,0,0,0.0,0,0.0,0,31.0,184
1791223356,5.0,7.2,7.2,9.1,7.1,4.0,3.1,3.1,0.0,0.0,624,0,0,232,235,4,0,0,0,0.0,0,0.0,0,42.0,184
1791223357,7.9,2.1,2.0,5.0,6.9,3.0,6.0,0.0,0.0,0.0,624,0,0,233,235,4,0,0,0,0.0,0,0.0,0,29.0,184
1791223358,7.1,2.1,5.1,3.1,4.1,2.0,4.1,0.0,0.0,0.0,624,0,0,233,235,4,0,0,0,0.0,0,0.0,0,31.0,184
1791223359,5.1,2.1,7.2,6.0,7.1,0.0,6.1,0.0,0.1,0.0,624,0,92,232,235,4,0,0,0,0.0,0,0.0,0,30.0,186
1791223360,5.0,4.0,8.1,8.2,10.1,7.1,4.2,1.0,0.0,0.0,624,0,0,232,235,4,0,0,0,0.0,0,0.0,0,46.0,186
1791223361,1.0,0.0,5.2,6.1,7.1,2.2,7.0,0.0,0.0,0.0,624,0,4,232,236,4,0,0,0,0.0,0,0.0,0,32.0,186
1791223362,7.0,4.0,5.1,6.1,3.0,4.0,4.1,2.2,0.0,0.0,624,0,0,232,236,4,0,0,0,0.0,0,0.0,0,35.0,186
1791223363,4.0,6.1,3.1,6.2,7.0,8.1,6.1,3.2,0.0,0.0,625,0,0,233,236,4,0,0,0,0.0,0,0.0,0,44.0,186
1791223364,2.0,2.2,6.2,8.1,0.0,5.0,7.1,4.0,0.0,0.0,625,0,80,233,236,4,0,0,0,0.0,0,0.0,0,33.0,186
1791223365,0.0,1.1,9.2,2.0,4.0,5.1,1.0,6.1,0.0,0.0,625,0,0,234,236,5,0,0,0,0.0,0,0.0,0,31.0,186
1791223366,0.0,2.1,5.2,5.1,7.1,5.0,2.0,5.9,0.0,0.0,625,0,0,234,236,4,0,0,0,0.0,0,0.0,0,30.0,186
1791223367,3.9,4.3,9.1,4.1,6.1,3.1,5.1,3.1,0.0,0.0,626,0,4,233,236,4,0,0,0,0.0,0,0.0,0,41.0,188
1791223368,7.1,5.1,5.3,1.0,0.0,8.0,6.1,1.0,0.0,0.0,626,0,0,232,235,5,0,0,0,0.0,0,0.0,0,33.0,188
1791223369,8.9,7.0,6.4,7.1,0.0,5.0,6.1,0.0,0.0,0.0,626,0,0,232,235,4,0,0,0,0.0,0,0.0,0,35.0,188
1791223370,6.1,1.0,3.3,4.0,0.0,5.1,6.1,5.1,0.0,0.0,626,0,84,233,235,4,0,0,0,0.0,0,0.0,0,30.0,188
1791223371,8.1,5.1,6.3,10.2,2.0,3.0,2.0,7.1,0.0,0.0,627,0,0,231,234,4,0,0,0,0.0,0,0.0,0,45.0,189
1791223372,6.9,4.0,4.1,4.3,6.0,4.0,0.0,6.1,0.0,0.0,627,0,0,231,235,4,0,0,0,0.0,0,0.0,0,33.0,189
1791223373,5.9,5.1,3.1,3.3,6.1,5.0,0.0,6.1,0.0,0.0,627,0,4,233,235,5,0,0,0,0.0,0,0.0,0,32.0,189
1791223374,2.0,8.0,9.1,2.2,6.1,4.0,0.0,3.0,0.0,0.0,627,0,0,232,235,4,0,0,0,0.0,0,0.0,0,32.0,189
1791223375,2.0,5.1,8.1,5.2,6.1,8.1,2.0,8.2,0.0,0.0,627,0,84,231,235,4,0,0,0,0.0,0,0.0,0,44.0,190
1791223376,0.0,6.1,5.2,4.1,6.9,5.0,1.1,2.0,0.0,0.0,628,0,0,230,235,5,0,0,0,0.0,0,0.0,0,30.0,190
1791223377,4.1,6.1,8.1,7.1,5.2,2.0,0.0,6.0,0.3,0.0,628,464,0,233,235,4,0,0,0,0.0,0,0.0,0,33.0,190
1791223378,1.1,5.0,9.1,7.1,6.1,4.0,0.0,1.0,0.0,0.0,628,0,0,231,235,4,0,0,0,0.0,0,0.0,0,32.0,190
1791223379,5.2,6.1,5.2,6.2,7.1,8.9,3.0,6.1,0.0,0.0,628,0,4,232,235,4,0,0,0,0.0,0,0.0,0,46.0,190
1791223380,6.1,5.0,9.0,0.0,0.0,1.0,2.2,7.0,0.1,0.0,628,0,392,234,235,5,0,0,0,0.0,0,0.0,0,31.0,190
1791223381,8.9,5.1,5.2,4.1,0.0,5.1,0.0,1.1,0.0,0.0,628,0,0,233,235,4,0,0,0,0.0,0,0.0,0,29.0,190
1791223382,4.2,6.1,7.1,2.0,0.0,5.0,3.1,4.2,0.0,0.0,628,0,4,233,236,4,0,0,0,0.0,0,0.0,0,31.0,190
1791223383,3.2,6.2,6.1,6.0,3.0,6.0,6.1,6.1,0.0,0.0,628,0,0,232,236,5,0,0,0,0.0,0,0.0,0,43.0,191
1791223384,0.0,6.1,6.2,0.0,3.1,3.0,5.1,1.1,0.0,0.0,629,0,0,232,236,4,0,0,0,0.0,0,0.0,0,30.0,191
1791223385,5.0,5.0,4.0,0.0,7.1,2.0,4.1,3.2,0.0,0.0,629,0,216,234,236,4,0,0,0,0.0,0,0.0,0,29.0,191
1791223386,5.1,3.0,1.0,0.0,6.1,4.1,5.1,1.1,0.0,0.0,629,0,0,233,236,4,0,0,0,0.0,0,0.0,0,29.0,191
1791223387,3.0,9.1,2.0,6.2,7.1,8.0,6.1,4.2,0.0,0.0,630,0,0,233,235,4,0,0,0,0.0,0,0.0,0,48.0,192
1791223388,5.9,1.1,7.2,2.0,0.0,12.1,6.1,0.0,0.0,0.0,630,0,0,232,235,4,0,0,0,0.0,0,0.0,0,32.0,192
1791223389,7.0,6.1,4.1,2.0,1.0,7.0,5.1,0.0,0.0,0.0,630,0,0,232,235,4,0,0,0,0.0,0,0.0,0,31.0,192
1791223390,7.1,5.0,0.0,6.2,3.2,4.0,3.0,5.1,0.0,0.0,630,0,96,232,236,5,0,0,0,0.0,0,0.0,0,34.0,192
1791223391,8.0,5.0,3.1,6.4,6.2,7.1,2.0,8.2,0.0,0.0,630,0,4,233,236,4,0,0,0,0.0,0,0.0,0,48.0,192
1791223392,5.0,4.1,7.1,2.0,6.2,5.0,3.2,0.0,0.0,0.0,631,0,0,233,236,4,0,0,0,0.0,0,0.0,0,32.0,192
1791223393,5.1,2.0,0.0,7.1,6.0,5.0,1.1,8.0,0.0,0.0,631,0,0,233,235,4,0,0,0,0.0,0,0.0,0,32.0,192
1791223394,4.9,4.0,6.2,6.1,4.0,5.0,3.2,3.0,0.0,0.0,631,0,0,232,234,5,0,0,0,0.0,0,0.0,0,32.0,192
1791223395,4.0,0.0,9.1,5.1,6.1,6.1,1.1,4.0,0.0,0.0,631,0,84,232,235,4,0,0,0,0.0,0,0.0,0,33.0,192
1791223396,2.0,4.0,6.2,9.2,5.1,5.1,3.2,8.2,0.0,0.0,631,0,0,233,236,4,0,0,0,0.0,0,0.0,0,47.0,193
1791223397,5.0,4.1,2.0,6.1,5.0,3.0,4.2,3.1,0.0,0.0,631,0,8,232,235,4,0,0,0,0.0,0,0.0,0,31.0,193
1791223398,5.1,1.0,0.0,7.1,6.0,5.0,4.1,2.1,0.0,0.0,631,0,0,233,235,4,0,0,0,0.0,0,0.0,0,31.0,193
1791223399,6.0,0.0,7.1,7.1,6.1,4.1,0.0,3.2,0.0,0.0,631,0,0,232,236,4,0,0,0,0.0,0,0.0,0,32.0,193
1791223400,8.2,3.1,8.3,3.0,3.0,9.2,9.1,7.1,0.1,0.0,632,0,96,232,235,5,0,0,0,0.0,0,0.0,0,48.0,194
1791223401,7.9,3.2,5.1,8.0,0.0,5.0,1.0,7.1,0.0,0.0,632,0,0,233,235,4,0,0,0,0.0,0,0.0,0,33.0,194
1791223402,6.0,2.1,2.1,3.1,0.0,7.1,3.0,6.1,0.0,0.0,632,0,0,233,235,4,0,0,0,0.0,0,0.0,0,30.0,194
1791223403,7.0,7.0,5.3,0.0,2.0,7.0,0.0,5.1,0.0,0.0,632,0,4,233,234,4,0,0,0,0.0,0,0.0,0,30.0,194
1791223404,5.0,5.0,5.4,4.0,11.2,8.1,2.0,6.1,0.0,0.0,632,0,0,232,234,4,0,0,0,0.0,0,0.0,0,45.0,195
1791223405,4.0,6.1,2.0,1.1,6.1,7.1,0.0,5.0,0.0,0.0,633,0,100,233,235,4,0,0,0,0.0,0,0.0,0,30.0,195
1791223406,5.0,1.0,4.3,9.1,5.0,6.1,0.0,6.1,0.0,0.0,633,0,0,233,235,4,0,0,0,0.0,0,0.0,0,32.0,195
1791223407,6.0,0.0,5.3,5.1,9.1,7.1,0.0,2.0,0.0,0.0,633,0,0,232,234,4,0,0,0,0.0,0,0.0,0,32.0,195
1791223408,5.1,6.1,4.2,6.1,11.2,6.1,2.0,5.2,0.0,0.0,634,0,0,232,235,4,0,0,0,0.0,0,0.0,0,47.0,196
1791223409,5.1,1.0,9.1,5.2,4.0,6.1,0.0,1.1,0.0,0.0,634,0,4,232,235,4,0,0,0,0.0,0,0.0,0,33.0,196
1791223410,7.0,7.1,2.0,1.0,5.1,6.0,4.0,3.2,0.0,0.0,634,0,0,234,236,4,0,0,0,0.0,0,0.0,0,32.0,196
1791223411,6.9,4.0,6.1,0.0,5.0,2.1,2.0,2.1,0.1,0.0,634,0,76,233,235,4,0,0,0,0.0,0,0.0,0,27.0,196
1791223412,7.1,7.0,6.2,2.0,9.0,6.3,2.0,7.1,0.0,0.0,634,0,0,233,235,4,0,0,0,0.0,0,0.0,0,45.0,196
1791223413,3.0,2.0,9.1,4.1,3.0,6.1,0.0,3.2,0.0,0.0,635,0,0,232,235,4,0,0,0,0.0,0,0.0,0,33.0,196
1791223414,7.0,5.0,4.0,2.0,2.0,1.0,4.1,0.0,0.0,0.0,635,0,0,233,235,4,0,0,0,0.0,0,0.0,0,27.0,196
1791223415,6.1,6.1,5.2,0.0,10.2,1.0,1.0,1.1,0.0,0.0,635,0,4,233,236,4,0,0,0,0.0,0,0.0,0,32.0,196
1791223416,9.9,5.2,8.2,6.0,4.1,7.1,2.0,4.2,0.0,0.0,635,0,88,233,237,4,0,0,0,0.0,0,0.0,0,49.0,196
1791223417,1.0,7.1,1.0,4.1,8.1,5.1,3.2,0.0,0.0,0.0,635,0,0,233,236,5,0,0,0,0.0,0,0.0,0,32.0,196
1791223418,1.0,6.1,3.1,1.0,8.2,6.1,1.1,0.0,0.0,0.0,635,0,0,234,236,4,0,0,0,0.0,0,0.0,0,31.0,196
1791223419,2.0,3.0,9.1,5.0,5.0,6.1,1.1,3.0,0.0,0.0,639,0,0,233,235,4,0,0,0,0.0,0,0.0,0,35.0,199
1791223420,4.0,8.1,6.1,4.1,8.1,7.1,4.3,8.1,0.0,0.0,639,0,0,233,236,4,0,0,0,0.0,0,0.0,0,50.0,199
1791223421,1.0,4.1,6.4,7.0,5.1,3.1,0.0,7.1,0.1,0.0,639,0,92,232,236,4,0,0,0,0.0,0,0.0,0,34.0,199
1791223422,2.0,6.1,1.0,5.2,6.2,4.0,0.0,8.1,0.0,0.0,639,0,0,233,235,4,0,0,0,0.0,0,0.0,0,34.0,199
1791223423,1.0,1.0,4.3,5.3,8.1,5.1,2.0,5.1,0.0,0.0,639,0,0,233,236,4,0,0,0,0.0,0,0.0,0,34.0,199
1791223424,1.0,5.1,5.2,2.1,5.0,6.1,1.0,7.1,0.0,0.0,639,0,0,232,236,4,0,0,0,0.0,0,0.0,0,32.0,199
1791223425,7.0,7.2,8.2,2.0,5.0,3.1,8.2,7.1,0.0,0.0,641,0,0,232,235,4,0,0,0,0.0,0,0.0,0,47.0,201
1791223426,7.0,3.2,7.2,0.0,2.0,6.1,1.0,3.0,0.0,0.0,641,0,88,233,236,4,0,0,0,0.0,0,0.0,0,31.0,201
1791223427,6.0,2.0,9.2,0.0,5.0,2.1,8.1,4.0,0.0,0.0,641,0,4,233,236,4,0,0,0,0.0,0,0.0,0,33.0,201
1791223428,5.0,2.1,8.2,0.0,5.0,7.1,3.1,2.0,0.0,0.0,641,0,0,233,235,4,0,0,0,0.0,0,0.0,0,29.0,201
1791223429,8.0,3.2,11.1,3.0,5.1,6.0,7.0,6.1,0.0,0.0,641,0,0,232,234,4,0,0,0,0.0,0,0.0,0,51.0,202
1791223430,3.0,3.2,8.2,0.0,6.0,3.1,6.1,3.0,0.0,0.0,641,0,0,232,235,4,0,0,0,0.0,0,0.0,0,32.0,202
1791223431,1.0,2.2,7.1,1.0,5.0,6.1,6.1,6.0,0.0,0.0,641,0,92,233,235,5,0,0,0,0.0,0,0.0,0,31.0,202
1791223432,5.0,2.1,3.1,8.9,3.0,3.0,7.1,4.0,0.0,0.0,641,0,32,232,236,5,0,0,0,0.0,0,0.0,0,35.0,202
1791223433,4.0,3.2,6.1,2.0,10.1,10.0,6.1,5.0,0.0,0.0,643,0,4,232,235,4,0,0,0,0.0,0,0.0,0,45.0,202
1791223434,6.1,0.0,5.3,6.0,5.0,5.1,0.0,3.1,0.0,0.0,643,0,0,232,235,4,0,0,0,0.0,0,0.0,0,29.0,202
1791223435,3.0,3.0,2.2,7.1,7.0,1.0,6.1,0.0,0.0,0.0,643,0,0,232,234,4,0,0,0,0.0,0,0.0,0,28.0,202
1791223436,8.1,2.0,5.1,7.0,5.4,0.0,7.0,0.0,0.0,0.0,643,0,56,233,235,4,0,0,0,0.0,0,0.0,0,31.0,202
1791223437,5.9,5.9,2.1,7.1,5.0,3.1,7.1,0.0,0.0,0.0,643,0,0,233,235,5,0,0,0,0.0,0,0.0,0,31.0,202
1791223438,4.0,8.0,8.2,10.2,11.2,3.0,3.0,5.2,0.0,0.0,644,0,28,233,235,4,0,0,0,0.0,0,0.0,0,50.0,204
1791223439,3.0,2.0,5.2,9.1,5.0,4.0,1.0,1.1,0.0,0.0,644,0,8,232,235,6,0,0,0,0.0,0,0.0,0,33.0,204
1791223440,6.9,6.0,8.2,0.0,9.2,2.0,0.0,2.1,0.0,0.0,644,0,0,233,235,6,0,0,0,0.0,0,0.0,0,32.0,204
1791223441,2.0,5.0,10.0,8.1,5.1,4.1,0.0,2.2,0.0,0.0,644,0,52,234,236,4,0,0,0,0.0,0,0.0,0,33.0,204
1791223442,8.0,7.2,6.2,5.1,8.0,7.1,2.0,7.1,0.0,0.0,644,0,0,232,236,4,0,0,0,0.0,0,0.0,0,49.0,204
1791223443,7.1,5.1,6.4,8.2,4.0,5.1,0.0,0.0,0.0,0.0,644,0,0,233,235,4,0,0,0,0.0,0,0.0,0,35.0,204
1791223444,7.1,8.1,4.3,7.0,5.0,2.0,0.0,4.0,0.0,0.0,645,0,36,233,235,4,0,0,0,0.0,0,0.0,0,34.0,204
1791223445,1.0,7.3,4.3,6.1,8.2,0.0,0.0,4.1,0.0,0.0,645,0,4,232,234,4,0,0,0,0.0,0,0.0,0,35.0,204
1791223446,5.0,9.0,7.4,8.1,8.0,5.1,2.0,7.1,0.0,0.0,645,0,56,231,234,4,0,0,0,0.0,0,0.0,0,48.0,205
1791223447,0.0,6.1,8.1,6.1,4.0,1.1,0.0,6.1,0.0,0.0,645,0,44,230,235,5,0,0,0,0.0,0,0.0,0,33.0,205
1791223448,0.0,7.0,6.1,7.1,5.0,1.1,7.0,0.0,0.0,0.0,646,0,0,233,235,4,0,0,0,0.0,0,0.0,0,32.0,205
1791223449,0.0,5.2,7.1,6.2,5.0,2.2,4.1,0.0,0.0,0.0,646,0,176,233,236,5,0,0,0,0.0,0,0.0,0,33.0,205
1791223450,0.0,4.1,6.1,6.1,5.2,1.0,5.1,0.0,0.0,0.0,646,0,0,232,235,4,0,0,0,0.0,0,0.0,0,29.0,205
1791223451,4.1,5.0,5.0,8.1,6.0,5.2,5.2,8.1,0.0,0.0,646,0,4,232,235,4,0,0,0,0.0,0,0.0,0,45.0,206
1791223452,2.2,5.0,3.1,5.1,5.0,8.2,4.0,1.0,0.0,0.0,647,0,56,232,236,4,0,0,0,0.0,0,0.0,0,34.0,206
1791223453,2.1,7.0,4.1,2.0,2.0,7.0,7.1,1.0,0.0,0.0,647,0,36,233,236,4,0,0,0,0.0,0,0.0,0,33.0,206
1791223454,2.1,6.1,10.0,0.0,8.1,5.1,2.1,0.0,0.0,0.0,647,0,0,233,236,4,0,0,0,0.0,0,0.0,0,31.0,206
1791223455,5.3,7.9,2.1,2.0,7.1,9.0,8.2,9.0,0.0,0.0,647,0,0,231,235,4,0,0,0,0.0,0,0.0,0,51.0,206
1791223456,6.1,2.0,5.4,0.0,5.1,5.1,7.0,4.1,0.0,0.0,647,0,0,232,236,4,0,0,0,0.0,0,0.0,0,31.0,206
1791223457,6.1,0.0,7.1,3.2,9.0,2.0,5.1,0.0,0.0,0.0,647,0,32,232,236,4,0,0,0,0.0,0,0.0,0,36.0,206
1791223458,8.8,3.1,7.1,3.2,2.0,5.1,6.1,0.0,0.0,0.0,647,0,8,234,236,4,0,0,0,0.0,0,0.0,0,32.0,206
1791223459,6.1,8.0,2.1,3.2,4.0,4.0,5.1,0.0,0.0,0.0,647,0,28,233,236,4,0,0,0,0.0,0,0.0,0,31.0,206
1791223460,10.0,6.1,2.1,3.0,10.0,8.1,8.2,5.2,0.0,0.0,647,0,0,232,235,5,0,0,0,0.0,0,0.0,0,52.0,206
1791223461,7.9,6.1,1.0,0.0,6.1,2.0,5.1,2.1,0.0,0.0,647,0,0,233,235,4,0,0,0,0.0,0,0.0,0,31.0,206
1791223462,6.1,6.1,0.0,0.0,2.0,10.0,7.0,2.2,0.0,0.0,647,0,80,233,235,5,0,0,0,0.0,0,0.0,0,32.0,206
1791223463,10.0,3.9,0.0,0.0,4.1,9.2,4.1,1.1,0.0,0.0,647,0,4,232,235,5,0,0,0,0.0,0,0.0,0,32.0,206
1791223464,6.2,8.1,3.0,2.0,7.0,9.1,7.1,6.1,0.0,0.0,647,0,40,232,235,5,0,0,0,0.0,0,0.0,0,47.0,207
1791223465,1.0,7.0,4.3,4.0,0.0,5.9,6.1,7.1,0.0,0.0,648,0,0,232,235,4,0,0,0,0.0,0,0.0,0,32.0,207
1791223466,4.1,1.0,4.3,1.0,5.0,3.1,7.1,4.1,0.0,0.0,648,0,0,232,235,4,0,0,0,0.0,0,0.0,0,33.0,207
1791223467,6.0,2.0,6.2,1.0,1.0,5.0,7.1,7.0,0.0,0.0,648,0,52,233,235,4,0,0,0,0.0,0,0.0,0,32.0,207
1791223468,8.2,5.3,4.1,2.0,5.1,10.1,6.1,4.1,0.0,0.0,649,0,0,233,235,4,0,0,0,0.0,0,0.0,0,46.0,207
1791223469,0.0,7.1,0.0,3.2,2.0,5.1,6.1,5.1,0.0,0.0,649,0,4,231,235,4,0,0,0,0.0,0,0.0,0,31.0,208
1791223470,1.0,3.0,1.0,4.1,6.2,3.0,5.1,5.1,0.0,0.0,649,0,28,232,236,4,0,0,0,0.0,0,0.0,0,28.0,208
1791223471,8.9,4.0,4.1,3.2,4.0,0.0,5.1,2.0,0.0,0.0,649,0,0,233,236,4,0,0,0,0.0,0,0.0,0,31.0,208
1791223472,7.0,7.1,4.0,3.2,4.0,0.0,3.1,4.0,0.0,0.0,649,0,56,233,236,4,0,0,0,0.0,0,0.0,0,31.0,208
1791223473,5.1,7.1,4.2,3.1,8.3,7.1,5.1,7.1,0.0,0.0,650,0,0,233,236,4,0,0,0,0.0,0,0.0,0,49.0,209
1791223474,2.0,7.1,5.0,0.0,6.9,3.0,2.2,6.1,0.0,0.0,650,0,0,233,236,4,0,0,0,0.0,0,0.0,0,32.0,209
1791223475,8.0,7.0,1.0,5.0,4.1,1.0,1.0,6.1,0.0,0.0,650,0,36,233,235,4,0,0,0,0.0,0,0.0,0,30.0,209
1791223476,5.1,5.2,3.0,6.1,5.1,0.0,0.0,5.2,0.0,0.0,651,0,0,233,236,4,0,0,0,0.0,0,0.0,0,34.0,209
1791223477,1.0,9.1,7.2,4.1,8.2,4.1,2.0,9.0,0.0,0.0,651,0,28,232,236,4,0,0,0,0.0,0,0.0,0,48.0,209
1791223478,8.0,2.0,1.0,4.0,4.0,6.1,2.2,8.0,0.0,0.0,651,0,0,233,235,4,0,0,0,0.0,0,0.0,0,32.0,209
1791223479,1.0,1.0,7.2,5.1,4.0,6.1,2.1,6.1,0.0,0.0,651,0,0,233,235,5,0,0,0,0.0,0,0.0,0,30.0,209
1791223480,6.9,1.0,8.9,6.1,5.1,6.9,1.1,0.0,0.1,0.0,651,0,48,233,235,4,0,0,0,0.0,0,0.0,0,31.0,209
1791223481,2.0,0.0,6.2,5.1,9.2,0.0,3.2,6.1,0.0,0.0,651,0,8,234,236,4,0,0,0,0.0,0,0.0,0,32.0,209
1791223482,5.1,4.2,12.1,13.0,7.1,7.1,2.1,5.0,0.0,0.0,652,0,52,232,234,4,0,0,0,0.0,0,0.0,0,53.0,210
1791223483,8.0,2.2,2.0,7.1,5.1,5.0,4.1,0.0,0.0,0.0,652,0,0,232,234,4,0,0,0,0.0,0,0.0,0,32.0,210
1791223484,6.0,2.1,1.0,5.1,5.2,5.0,5.0,0.0,0.0,0.0,652,0,0,233,235,5,0,0,0,0.0,0,0.0,0,29.0,210
1791223485,7.0,2.1,0.0,7.9,5.9,4.0,5.1,0.0,0.0,0.0,652,0,0,234,235,4,0,0,0,0.0,0,0.0,0,28.0,210
1791223486,7.9,3.2,2.1,5.1,6.1,5.0,4.1,0.0,0.0,0.0,652,0,36,233,235,4,0,0,0,0.0,0,0.0,0,32.0,210
1791223487,4.0,7.1,11.1,8.2,3.0,7.0,5.3,9.0,0.0,0.0,652,0,56,233,235,4,0,0,0,0.0,0,0.0,0,51.0,210
1791223488,0.0,0.0,7.1,6.1,6.1,4.0,3.2,5.1,0.0,0.0,653,0,0,232,235,4,0,0,0,0.0,0,0.0,0,33.0,210
1791223489,0.0,0.0,9.2,5.1,5.1,4.0,2.2,7.0,0.0,0.0,655,0,0,233,235,4,0,0,0,0.0,0,0.0,0,34.0,212
1791223490,0.0,0.0,5.2,6.1,6.0,5.1,3.1,3.1,0.0,0.0,655,0,0,231,235,4,0,0,0,0.0,0,0.0,0,29.0,212
1791223491,7.1,3.2,5.1,9.2,2.0,7.0,9.2,5.2,0.0,0.0,655,0,8,232,235,4,0,0,0,0.0,0,0.0,0,53.0,212
1791223492,3.0,3.1,0.0,7.2,5.1,5.1,5.1,5.3,0.0,0.0,655,0,84,233,236,4,0,0,0,0.0,0,0.0,0,32.0,212
1791223493,3.0,3.0,0.0,5.2,6.1,3.0,5.1,2.1,0.0,0.0,655,0,4,232,235,4,0,0,0,0.0,0,0.0,0,32.0,212
1791223494,5.2,7.1,0.0,7.9,6.1,2.0,0.0,2.1,0.0,0.0,655,0,0,233,236,4,0,0,0,0.0,0,0.0,0,34.0,212
1791223495,8.8,6.9,1.0,4.1,3.1,6.9,0.0,2.2,0.0,0.0,655,0,0,233,235,4,0,0,0,0.0,0,0.0,0,31.0,212
1791223496,7.2,7.0,6.1,3.0,9.2,9.2,3.0,6.2,0.0,0.0,657,0,0,235,236,4,0,0,0,0.0,0,0.0,0,49.0,214
1791223497,7.0,3.2,8.2,0.0,4.1,8.0,0.0,2.0,0.0,0.0,657,0,0,234,236,4,0,0,0,0.0,0,0.0,0,31.0,214
1791223498,5.0,2.2,9.1,7.1,3.0,5.0,4.0,2.0,0.0,0.0,657,0,80,234,236,4,0,0,0,0.0,0,0.0,0,33.0,214
1791223499,2.0,0.0,2.1,5.1,5.1,5.0,5.1,4.1,0.0,0.0,657,0,4,233,235,4,0,0,0,0.0,0,0.0,0,30.0,214
1791223500,6.4,4.0,5.1,8.3,4.0,5.0,8.1,9.1,0.0,0.0,657,0,0,233,236,4,0,0,0,0.0,0,0.0,0,53.0,214
1791223501,7.1,2.2,7.2,7.1,1.0,5.1,0.0,6.0,0.0,0.0,658,0,0,233,236,4,0,0,0,0.0,0,0.0,0,33.0,215
1791223502,5.1,2.1,8.2,6.1,2.0,5.0,0.0,4.0,0.0,0.0,658,0,0,233,236,4,0,0,0,0.0,0,0.0,0,31.0,215
1791223503,4.1,1.0,7.0,6.1,5.1,3.0,0.0,7.1,0.3,0.0,652,0,252,232,235,4,0,0,0,0.0,0,0.0,0,33.0,215
1791223504,5.0,3.2,5.2,0.0,6.1,6.1,0.0,7.1,0.0,0.0,652,0,0,233,235,4,0,0,0,0.0,0,0.0,0,30.0,215
1791223505,10.9,7.4,8.5,4.0,7.1,7.0,2.0,6.1,0.0,0.0,654,0,4,232,235,4,0,0,0,0.0,0,0.0,0,51.0,216
1791223506,7.1,2.0,6.3,3.1,7.1,4.0,0.0,6.1,0.0,0.0,654,0,0,233,235,4,0,0,0,0.0,0,0.0,0,33.0,216
1791223507,2.0,1.1,2.1,5.2,1.0,10.1,4.1,4.0,0.0,0.0,654,0,8,233,235,4,0,0,0,0.0,0,0.0,0,31.0,216
1791223508,0.0,4.0,4.3,8.2,4.0,4.0,5.1,2.0,0.0,0.0,654,0,88,231,234,4,0,0,0,0.0,0,0.0,0,30.0,216
1791223509,3.0,2.0,6.3,3.0,4.1,2.0,6.1,7.1,0.0,0.0,654,0,0,233,235,4,0,0,0,0.0,0,0.0,0,35.0,216
1791223510,3.0,7.1,7.1,9.0,4.3,9.2,3.0,8.1,0.0,0.0,655,0,0,233,235,4,0,0,0,0.0,0,0.0,0,50.0,217
1791223511,0.0,4.0,1.0,8.1,2.1,7.1,5.1,4.1,0.0,0.0,655,0,4,233,235,4,0,0,0,0.0,0,0.0,0,30.0,217
1791223512,0.0,5.1,7.1,0.0,1.1,5.0,5.1,6.0,0.0,0.0,655,0,0,233,236,4,0,0,0,0.0,0,0.0,0,30.0,217
1791223513,3.0,5.9,9.2,0.0,2.1,7.1,7.0,1.0,0.0,0.0,655,0,108,232,236,4,0,0,0,0.0,0,0.0,0,32.0,217
1791223514,2.0,7.1,9.1,6.2,6.4,8.0,7.2,3.0,0.0,0.0,655,0,0,232,236,4,0,0,0,0.0,0,0.0,0,52.0,217
1791223515,4.0,0.0,9.2,3.2,5.1,5.0,7.1,1.0,0.0,0.0,655,0,0,234,236,4,0,0,0,0.0,0,0.0,0,33.0,217
1791223516,9.9,0.0,3.1,6.1,6.4,1.0,4.1,5.1,0.0,0.0,655,0,0,234,236,4,0,0,0,0.0,0,0.0,0,33.0,217
1791223517,6.0,1.0,5.1,5.1,7.0,2.2,3.0,2.0,0.0,0.0,655,0,4,233,235,4,0,0,0,0.0,0,0.0,0,31.0,217
1791223518,9.1,0.0,7.4,5.1,5.0,1.1,0.0,4.0,0.0,0.0,656,0,92,232,235,4,0,0,0,0.0,0,0.0,0,35.0,217
1791223519,7.0,2.0,9.2,8.2,7.1,3.1,4.3,10.1,0.0,0.0,656,0,0,233,236,5,0,0,0,0.0,0,0.0,0,48.0,218
1791223520,0.0,0.0,5.1,5.1,3.0,5.1,3.1,6.2,0.0,0.0,657,0,0,233,236,4,0,0,0,0.0,0,0.0,0,30.0,218
1791223521,3.1,0.0,6.1,5.1,4.0,3.1,1.1,0.0,0.0,0.0,657,0,0,233,236,4,0,0,0,0.0,0,0.0,0,25.0,218
1791223522,6.1,0.0,6.1,1.0,8.1,5.1,2.1,0.0,0.0,0.0,657,0,0,234,236,4,0,0,0,0.0,0,0.0,0,28.0,218
1791223523,5.1,1.0,6.2,0.0,3.0,6.1,2.2,5.2,0.0,0.0,657,0,104,231,235,6,0,0,0,0.0,0,0.0,0,31.0,218
1791223524,10.0,5.1,6.3,5.0,9.1,4.0,7.3,6.0,0.0,0.0,657,0,0,234,235,4,0,0,0,0.0,0,0.0,0,53.0,219
1791223525,7.0,4.0,7.1,4.1,4.0,1.1,5.0,2.0,0.0,0.0,658,0,0,233,235,4,0,0,0,0.0,0,0.0,0,31.0,219
1791223526,6.1,0.0,6.2,7.1,5.0,2.1,1.0,2.0,0.0,0.0,658,0,0,233,235,5,0,0,0,0.0,0,0.0,0,31.0,219
1791223527,5.0,1.0,8.2,8.2,6.0,1.0,4.1,0.0,0.0,0.0,658,0,0,233,235,4,0,0,0,0.0,0,0.0,0,31.0,219
1791223528,7.1,1.0,6.1,6.1,4.0,4.1,2.2,0.0,0.0,0.0,658,0,96,233,235,4,0,0,0,0.0,0,0.0,0,33.0,219
1791223529,4.0,6.1,6.2,8.2,10.3,5.0,8.2,9.0,0.0,0.0,658,0,4,233,236,5,0,0,0,0.0,0,0.0,0,51.0,219
1791223530,4.0,7.2,5.4,7.1,7.1,0.0,1.0,1.0,0.0,0.0,658,0,0,233,235,4,0,0,0,0.0,0,0.0,0,34.0,219
1791223531,8.9,1.0,2.0,0.0,10.1,0.0,3.1,4.1,0.0,0.0,658,0,0,233,236,4,0,0,0,0.0,0,0.0,0,32.0,219
1791223532,6.1,7.0,5.1,4.1,5.1,0.0,4.1,6.1,0.0,0.0,659,0,0,231,235,5,0,0,0,0.0,0,0.0,0,34.0,219
1791223533,3.0,5.2,5.1,0.0,3.2,5.0,5.1,6.0,0.0,0.0,659,0,92,233,236,4,0,0,0,0.0,0,0.0,0,51.0,220
1791223534,6.3,5.0,8.3,3.0,9.1,5.0,7.1,10.2,0.0,0.0,661,0,0,232,235,4,0,0,0,0.0,0,0.0,0,33.0,221
1791223535,1.1,8.0,8.1,0.0,0.0,10.2,3.0,4.0,0.0,0.0,661,0,4,233,236,4,0,0,0,0.0,0,0.0,0,32.0,221
1791223536,5.2,7.0,3.1,0.0,8.1,3.0,4.0,3.0,0.0,0.0,661,0,0,232,235,4,0,0,0,0.0,0,0.0,0,32.0,221
1791223537,4.2,4.0,6.1,0.0,6.1,4.0,6.1,1.0,0.0,0.0,661,0,0,232,235,4,0,0,0,0.0,0,0.0,0,30.0,221
1791223538,4.3,9.0,6.1,7.1,8.1,8.1,8.1,5.0,0.0,0.0,661,0,0,233,235,4,0,0,0,0.0,0,0.0,0,53.0,222
1791223539,0.0,0.0,6.2,7.1,1.0,9.1,6.1,5.1,0.0,0.0,662,0,100,231,235,4,0,0,0,0.0,0,0.0,0,33.0,222
1791223540,0.0,4.0,4.3,8.0,0.0,4.0,6.1,6.1,0.0,0.0,662,0,0,232,235,4,0,0,0,0.0,0,0.0,0,33.0,222
1791223541,7.0,6.0,3.3,5.1,3.0,5.0,7.0,1.0,0.1,0.0,662,0,4,232,235,4,0,0,0,0.0,0,0.0,0,32.0,222
1791223542,7.0,4.1,3.1,4.0,5.1,3.0,6.1,0.0,0.0,0.0,663,0,0,232,235,4,0,0,0,0.0,0,0.0,0,30.0,222
1791223543,8.0,6.2,2.1,10.0,4.1,8.0,4.0,6.0,0.0,0.0,662,0,0,233,236,4,0,0,0,0.0,0,0.0,0,44.0,222
1791223544,5.0,5.1,3.1,4.1,2.1,4.0,6.1,0.0,0.0,0.0,663,0,84,232,236,5,0,0,0,0.0,0,0.0,0,32.0,222
1791223545,7.1,3.0,0.0,6.1,2.2,4.0,3.1,4.1,0.0,0.0,663,0,0,234,237,4,0,0,0,0.0,0,0.0,0,32.0,222
1791223546,8.9,1.0,2.1,2.0,3.2,5.0,6.1,4.1,0.0,0.0,663,0,0,233,236,4,0,0,0,0.0,0,0.0,0,31.0,222
1791223547,6.1,4.1,3.1,4.0,0.0,5.0,2.0,5.1,0.0,0.0,663,0,4,232,234,4,0,0,0,0.0,0,0.0,0,32.0,222
1791223548,8.2,9.1,6.1,6.1,4.1,10.0,5.0,7.0,0.0,0.0,664,0,0,233,236,4,0,0,0,0.0,0,0.0,0,53.0,223
1791223549,3.1,4.2,6.2,7.1,4.1,5.1,0.0,1.0,0.1,0.0,664,0,92,233,236,4,0,0,0,0.0,0,0.0,0,33.0,223
1791223550,6.1,3.2,2.0,9.0,7.0,5.0,0.0,4.1,0.0,0.0,664,0,0,234,236,4,0,0,0,0.0,0,0.0,0,34.0,223
1791223551,3.0,1.1,1.0,5.1,8.1,4.0,4.0,5.1,0.0,0.0,664,0,0,233,236,4,0,0,0,0.0,0,0.0,0,31.0,223
1791223552,1.0,1.1,0.0,5.1,3.0,9.1,5.2,4.0,0.0,0.0,664,0,0,234,236,4,0,0,0,0.0,0,0.0,0,33.0,223
1791223553,7.0,7.4,3.1,11.2,6.1,9.4,5.1,7.1,0.0,0.0,665,0,4,232,235,4,0,0,0,0.0,0,0.0,0,58.0,225
1791223554,4.0,6.1,0.0,5.2,0.0,6.1,3.1,5.0,0.1,0.0,666,0,88,232,235,4,0,0,0,0.0,0,0.0,0,28.0,225
1791223555,6.0,1.0,6.2,7.1,0.0,3.1,6.1,2.2,0.0,0.0,666,0,0,233,235,4,0,0,0,0.0,0,0.0,0,32.0,225
1791223556,2.0,8.1,7.1,6.2,0.0,5.9,1.0,1.1,0.0,0.0,666,0,0,232,235,4,0,0,0,0.0,0,0.0,0,32.0,225
1791223557,4.0,5.1,5.2,6.2,0.0,1.0,3.1,2.1,0.0,0.0,666,0,0,231,235,4,0,0,0,0.0,0,0.0,0,32.0,225
1791223558,9.1,3.0,7.1,9.2,4.0,7.9,7.1,2.2,0.0,0.0,667,0,0,232,235,4,0,0,0,0.0,0,0.0,0,52.0,226
1791223559,1.0,0.0,2.0,1.0,0.0,5.1,1.0,0.0,0.0,0.0,668,0,92,16,21,78,0,0,0,0.0,0,0.0,0,10.0,226
1791223560,3.0,0.0,2.0,3.0,1.0,5.0,2.0,0.0,0.0,0.0,669,0,0,0,9,130,0,0,0,0.0,0,0.0,0,10.0,226
1791223561,2.0,0.0,2.0,1.0,2.0,5.0,1.0,1.0,0.0,0.0,669,0,0,0,13,181,0,0,0,0.0,0,0.0,0,10.0,226
1791223562,2.0,0.0,1.0,2.0,1.0,4.1,1.0,0.0,0.0,0.0,669,0,0,0,16,232,0,0,0,0.0,0,0.0,0,11.0,226
1791223563,1.0,0.0,2.0,2.0,0.0,6.1,0.0,0.0,0.0,0.0,670,0,0,1,20,280,0,0,0,0.0,0,0.0,0,10.0,226
1791223564,4.0,0.0,2.0,0.0,2.0,5.0,1.0,0.0,0.0,0.0,682,0,4,0,23,331,0,0,0,0.0,0,0.0,0,12.0,236
1791223565,5.1,4.0,7.1,7.0,5.0,8.1,4.0,2.0,0.0,0.0,690,0,28,0,21,381,0,0,0,0.0,0,0.0,0,43.0,240
1791223566,1.0,0.0,2.0,1.0,0.0,8.0,2.0,0.0,0.0,0.0,691,0,0,0,27,432,0,0,0,0.0,0,0.0,0,9.0,240
1791223567,0.0,0.0,2.0,2.0,0.0,5.0,2.0,2.9,0.0,0.0,692,0,0,0,26,483,0,0,0,0.0,0,0.0,0,11.0,240
1791223568,2.0,0.0,1.0,3.0,0.0,5.0,3.0,0.0,0.0,0.0,696,0,0,0,25,534,0,0,0,0.0,0,0.0,0,11.0,247
1791223569,2.0,0.0,3.0,3.0,0.0,5.0,2.0,2.0,0.0,0.0,703,0,0,0,29,621,0,0,0,0.0,0,0.0,0,11.0,255
1791223570,0.0,2.0,2.0,3.0,0.0,5.1,1.0,2.0,0.0,0.0,732,0,8,0,34,697,0,0,0,0.0,0,0.0,0,13.0,267
1791223571,5.0,1.0,2.0,2.0,0.0,5.0,2.0,2.0,0.0,0.0,737,0,20,0,36,774,0,0,0,0.0,0,0.0,0,12.0,278
1791223572,0.0,0.0,1.0,2.0,0.0,5.1,3.0,1.0,0.0,0.0,756,0,0,0,38,849,0,0,0,0.0,0,0.0,0,14.0,290
1791223573,2.0,0.0,2.0,1.0,0.0,5.0,2.0,3.0,0.0,0.0,760,0,0,0,38,927,0,0,0,0.0,0,0.0,0,12.0,302
1791223574,3.0,0.0,3.0,3.0,1.0,5.9,0.0,1.0,0.0,0.0,780,0,0,0,42,1003,0,0,0,0.0,0,0.0,0,13.0,314
1791223575,2.0,0.0,0.0,1.0,2.0,5.0,0.0,3.0,0.0,0.0,791,0,0,0,41,1080,0,0,0,0.0,0,0.0,0,32.0,326
1791223576,7.0,5.0,7.1,6.1,5.0,8.2,6.1,5.0,0.0,0.0,792,0,24,0,41,1156,0,0,0,0.0,0,0.0,0,26.0,327
1791223577,3.0,2.0,1.0,1.0,0.0,5.9,3.0,2.0,0.0,0.0,793,0,4,0,43,1233,0,0,0,0.0,0,0.0,0,10.0,327
1791223578,2.0,0.0,1.0,3.0,1.0,5.0,0.0,2.0,0.0,0.0,793,0,0,0,42,1309,0,0,0,0.0,0,0.0,0,10.0,327
1791223579,2.0,2.0,2.0,1.0,2.0,2.0,0.0,2.0,0.0,0.0,791,0,0,0,49,1403,0,0,0,0.0,0,0.0,0,11.0,328
1791223580,2.0,0.0,1.0,2.0,0.0,5.0,0.0,1.0,0.0,0.0,792,0,36,0,52,1493,0,0,0,0.0,0,0.0,0,9.0,328
1791223581,2.0,3.0,1.0,3.0,1.0,6.0,0.0,1.0,0.0,0.0,794,0,0,0,49,1582,0,0,0,0.0,0,0.0,0,12.0,329
1791223582,2.0,0.0,0.0,1.0,2.0,5.0,1.0,1.0,0.0,0.0,795,0,52,0,53,1670,0,0,0,0.0,0,0.0,0,11.0,336
1791223583,2.0,0.0,0.0,2.0,1.0,5.9,2.0,4.0,0.0,0.0,815,0,4,0,54,1760,0,0,0,0.0,0,0.0,0,11.0,345
1791223584,2.0,0.0,0.0,1.0,2.0,4.1,2.0,0.0,0.0,0.0,824,0,0,0,52,1850,0,0,0,0.0,0,0.0,0,12.0,354
1791223585,2.9,0.0,0.0,2.0,3.0,5.0,0.0,2.0,0.0,0.0,843,0,0,0,55,1939,0,0,0,0.0,0,0.0,0,12.0,364
1791223586,1.0,0.0,0.0,2.0,1.0,6.1,0.0,2.0,0.0,0.0,844,0,0,0,53,2027,0,0,0,0.0,0,0.0,0,9.0,374
1791223587,2.0,2.0,0.0,4.0,0.0,6.0,1.0,2.0,0.0,0.0,861,0,0,0,55,2117,0,0,0,0.0,0,0.0,0,13.0,384
1791223588,2.0,3.0,0.0,1.0,0.0,8.0,0.0,2.0,0.0,0.0,871,0,12,0,57,2206,0,0,0,0.0,0,0.0,0,11.0,394
1791223589,2.0,1.0,1.0,2.0,0.0,5.1,3.0,0.0,0.0,0.0,873,0,4,0,55,2233,0,0,0,0.0,0,0.0,0,13.0,403
1791223590,1.0,0.0,0.0,2.0,1.0,8.0,2.0,0.0,0.0,0.0,878,0,32,0,60,2278,0,0,0,0.0,0,0.0,0,13.0,412
1791223591,2.0,0.0,0.0,2.0,2.0,7.1,2.0,1.0,0.0,0.0,891,0,0,0,57,2324,0,0,0,0.0,0,0.0,0,11.0,421
1791223592,0.0,2.0,2.0,2.0,0.0,3.1,0.0,2.0,0.0,0.0,910,0,0,0,60,2369,0,0,0,0.0,0,0.0,0,11.0,430
1791223593,5.1,1.0,3.0,2.0,2.0,6.9,4.0,2.0,0.0,0.0,913,0,0,0,60,2411,0,0,0,0.0,0,0.0,0,46.0,440
1791223594,3.0,3.0,6.1,3.1,4.0,6.1,4.0,4.0,0.0,0.0,921,0,0,0,58,2456,0,0,0,0.0,0,0.0,0,10.0,440
1791223595,0.0,0.0,1.0,2.0,0.0,6.0,3.0,3.0,0.1,0.0,921,0,68,0,61,2502,0,0,0,0.0,0,0.0,0,10.0,440
1791223596,2.0,0.0,1.0,1.0,2.0,6.0,1.0,0.0,0.0,0.0,918,0,0,0,62,2547,0,0,0,0.0,0,0.0,0,10.0,440
1791223597,3.0,1.0,2.0,1.0,1.0,5.1,2.0,0.0,0.0,0.0,918,0,0,0,58,2591,0,0,0,0.0,0,0.0,0,10.0,440
1791223598,1.0,2.0,0.0,3.0,0.0,4.9,3.0,0.0,0.0,0.0,916,0,0,0,63,2636,0,0,0,0.0,0,0.0,0,11.0,440
1791223599,1.0,1.0,2.0,0.0,2.0,6.1,2.0,0.0,0.0,0.0,922,0,0,0,57,2649,0,0,0,0.0,0,0.0,0,12.0,441
1791223600,1.0,0.0,1.0,1.0,2.0,8.0,2.0,1.0,0.0,0.0,920,0,68,0,64,2672,0,0,0,0.0,0,0.0,0,11.0,441
1791223601,0.0,0.0,0.0,1.0,3.0,6.1,0.0,1.0,0.0,0.0,919,0,4,0,64,2694,0,0,0,0.0,0,0.0,0,10.0,442
1791223602,3.0,0.0,0.0,2.0,2.0,6.1,2.0,0.0,0.0,0.0,919,0,0,0,61,2717,0,0,0,0.0,0,0.0,0,11.0,442
1791223603,0.0,1.0,0.0,0.0,2.0,5.9,1.0,3.0,0.0,0.0,916,0,0,0,64,2737,0,0,0,0.0,0,0.0,0,11.0,442
1791223604,1.0,1.0,2.0,2.0,3.0,6.0,0.0,2.0,0.0,0.0,916,0,0,0,64,2760,0,0,0,0.0,0,0.0,0,11.0,443
1791223605,2.0,1.0,0.0,1.0,1.0,5.1,1.0,2.0,0.0,0.0,916,0,4,9,64,2782,0,0,0,0.0,0,0.0,0,11.0,443
1791223606,1.0,1.0,0.0,0.0,2.0,8.0,1.0,2.0,0.0,0.0,917,0,24,0,65,2805,0,0,0,0.0,0,0.0,0,11.0,444
1791223607,3.0,3.0,0.0,0.0,1.0,6.0,0.0,1.0,0.0,0.0,917,0,4,0,65,2827,0,0,0,0.0,0,0.0,0,10.0,445
1791223608,1.0,4.0,0.0,0.0,3.0,5.1,2.0,2.0,0.0,0.0,924,0,0,0,62,2850,0,0,0,0.0,0,0.0,0,12.0,451
1791223609,2.0,2.0,1.0,0.0,1.0,8.0,1.0,0.0,0.0,0.0,933,0,0,0,65,2857,0,0,0,0.0,0,0.0,0,11.0,459
1791223610,3.0,2.0,1.0,0.0,2.0,5.1,0.0,3.0,0.0,0.0,933,0,32,0,63,2867,0,0,0,0.0,0,0.0,0,12.0,466
1791223611,0.0,1.0,0.0,2.0,2.0,7.1,0.0,1.0,0.0,0.0,943,0,0,0,66,2879,0,0,0,0.0,0,0.0,0,12.0,475
1791223612,1.0,2.0,0.0,1.0,4.0,6.0,2.0,2.0,0.0,0.0,951,0,32,0,66,2891,0,0,0,0.0,0,0.0,0,12.0,483
1791223613,2.0,1.0,0.0,0.0,1.0,7.0,2.0,1.0,0.0,0.0,959,0,8,0,63,2901,0,0,0,0.0,0,0.0,0,13.0,491
1791223614,1.0,1.0,2.0,0.0,2.0,6.1,2.0,1.0,0.0,0.0,969,0,0,0,66,2912,0,0,0,0.0,0,0.0,0,12.0,499
1791223615,2.0,2.0,0.0,2.0,1.0,6.1,1.0,0.0,0.0,0.0,979,0,36,0,66,2923,0,0,0,0.0,0,0.0,0,12.0,507
1791223616,1.0,2.0,0.0,1.0,0.0,2.0,6.0,2.0,0.0,0.0,991,0,0,0,63,2936,0,0,0,0.0,0,0.0,0,11.0,515
1791223617,1.0,2.0,1.0,3.0,1.0,2.0,5.1,2.0,0.0,0.0,1002,0,4,0,66,2946,0,0,0,0.0,0,0.0,0,12.0,524
1791223618,8.1,6.1,7.0,8.1,7.1,7.1,13.1,8.0,0.0,0.0,1002,0,36,0,63,2958,0,0,0,0.0,0,0.0,0,59.0,528
1791223619,3.0,0.0,0.0,2.0,1.0,1.0,7.1,1.0,0.0,0.0,1002,0,4,0,66,2961,0,0,0,0.0,0,0.0,0,12.0,528
1791223620,3.0,1.0,0.0,2.0,1.0,2.0,5.0,2.0,0.0,0.0,1001,0,32,0,67,2966,0,0,0,0.0,0,0.0,0,10.0,528
1791223621,1.0,1.0,0.0,0.0,0.0,0.0,7.1,1.0,0.0,0.0,1001,0,0,0,60,2972,0,0,0,0.0,0,0.0,0,11.0,528
1791223622,1.0,3.0,0.0,4.0,0.0,1.0,6.0,1.0,0.0,0.0,1001,0,0,0,67,2978,0,0,0,0.0,0,0.0,0,11.0,528
1791223623,2.0,3.0,0.0,3.0,1.0,1.0,5.1,2.0,0.0,0.0,1001,0,8,0,67,2985,0,0,0,0.0,0,0.0,0,12.0,528
1791223624,2.0,1.0,2.0,1.0,0.0,2.0,6.0,0.0,0.0,0.0,1001,0,28,0,64,2989,0,0,0,0.0,0,0.0,0,9.0,528
1791223625,1.0,3.0,1.0,0.0,0.0,1.0,7.1,0.0,0.0,0.0,1001,0,4,0,67,2994,0,0,0,0.0,0,0.0,0,12.0,528
1791223626,2.0,0.0,2.0,1.0,0.0,1.0,5.1,0.0,0.0,0.0,1001,0,36,0,64,3000,0,0,0,0.0,0,0.0,0,10.0,528
1791223627,2.0,1.0,2.0,3.1,0.0,2.0,6.1,1.0,0.0,0.0,1001,0,0,0,67,3006,0,0,0,0.0,0,0.0,0,12.0,528
1791223628,1.0,2.0,2.0,2.0,1.0,0.0,5.1,0.0,0.0,0.0,1001,0,0,0,67,3011,0,0,0,0.0,0,0.0,0,10.0,528
1791223629,2.0,2.0,4.0,2.0,3.0,0.0,6.0,0.0,0.0,0.0,1001,0,0,0,64,3013,0,0,0,0.0,0,0.0,0,12.0,528
1791223630,2.0,1.0,0.0,2.0,0.0,0.0,6.0,0.0,0.0,0.0,1001,0,28,0,67,3015,0,0,0,0.0,0,0.0,0,9.0,528
1791223631,1.0,2.0,1.0,1.0,1.0,0.0,5.9,0.0,0.0,0.0,1001,0,4,0,67,3018,0,0,0,0.0,0,0.0,0,11.0,528
1791223632,0.0,2.0,3.0,1.0,1.0,0.0,6.1,0.0,0.0,0.0,1001,0,0,0,64,3022,0,0,0,0.0,0,0.0,0,10.0,528
1791223633,3.0,2.0,0.0,1.0,3.0,0.0,6.1,0.0,0.0,0.0,1001,0,0,0,67,3025,0,0,0,0.0,0,0.0,0,10.0,529
1791223634,3.0,0.0,2.0,0.0,1.0,2.0,6.0,2.0,0.0,0.0,1001,0,0,0,64,3028,0,0,0,0.0,0,0.0,0,11.0,529
1791223635,0.0,2.0,1.0,0.0,1.0,0.0,7.1,1.0,0.1,0.0,1002,0,72,0,67,3030,0,0,0,0.0,0,0.0,0,11.0,529
1791223636,1.0,3.0,3.0,1.0,2.0,0.0,6.1,0.0,0.0,0.0,1002,0,0,0,68,3033,0,0,0,0.0,0,0.0,0,11.0,530
1791223637,2.0,2.0,1.0,0.0,2.0,0.0,8.0,0.0,0.0,0.0,1002,0,4,0,64,3036,0,0,0,0.0,0,0.0,0,11.0,530
1791223638,0.0,0.0,1.0,1.0,1.0,1.0,5.1,3.0,0.0,0.0,1002,0,0,0,67,3038,0,0,0,0.0,0,0.0,0,11.0,530
1791223639,3.0,2.0,2.0,1.0,2.0,1.0,5.1,0.0,0.0,0.0,1002,0,0,0,67,3039,0,0,0,0.0,0,0.0,0,11.0,531
1791223640,3.0,1.0,0.0,0.0,1.0,2.0,5.1,1.0,0.0,0.0,1002,0,24,0,64,3041,0,0,0,0.0,0,0.0,0,12.0,531
1791223641,0.0,3.0,0.0,3.0,1.0,1.0,6.9,2.0,0.0,0.0,1002,0,36,0,67,3042,0,0,0,0.0,0,0.0,0,12.0,532
1791223642,2.0,0.0,2.0,3.0,1.0,2.0,5.1,2.0,0.0,0.0,1004,0,0,0,60,3044,0,0,0,0.0,0,0.0,0,12.0,539
1791223643,3.0,1.0,2.0,2.0,0.0,1.0,6.0,3.0,0.0,0.0,1008,0,4,0,67,3045,0,0,0,0.0,0,0.0,0,13.0,547
1791223644,3.0,2.0,1.0,0.0,1.0,2.0,7.1,0.0,0.0,0.0,1012,0,0,0,68,3046,0,0,0,0.0,0,0.0,0,11.0,555
1791223645,1.0,1.0,0.0,0.0,2.0,2.0,5.1,2.0,0.0,0.0,1020,0,0,0,64,3048,0,0,0,0.0,0,0.0,0,9.0,563
1791223646,6.0,8.1,7.1,5.1,6.1,8.0,10.1,9.0,0.0,0.0,1032,0,0,0,68,3048,0,0,0,0.0,0,0.0,0,58.0,570
1791223647,1.0,3.0,1.0,2.0,2.0,0.0,5.9,2.0,0.0,0.0,1032,0,56,0,67,3050,0,0,0,0.0,0,0.0,0,11.0,570
1791223648,1.0,0.0,1.0,2.0,1.0,0.0,6.1,0.0,0.0,0.0,1032,0,0,0,64,3051,0,0,0,0.0,0,0.0,0,11.0,570
1791223649,3.0,2.0,1.0,2.0,1.0,1.0,5.1,2.0,0.0,0.0,1032,0,4,0,68,3052,0,0,0,0.0,0,0.0,0,11.0,570
1791223650,0.0,0.0,0.0,2.0,1.0,2.0,6.0,1.0,0.0,0.0,1032,0,0,0,64,3053,0,0,0,0.0,0,0.0,0,8.0,570
1791223651,2.0,0.0,0.0,3.0,1.0,1.0,6.0,1.0,0.0,0.0,1032,0,0,0,68,3053,0,0,0,0.0,0,0.0,0,11.0,570
1791223652,2.0,1.0,0.0,0.0,2.0,2.0,5.1,2.0,0.0,0.0,1032,0,0,0,68,3054,0,0,0,0.0,0,0.0,0,10.0,570
1791223653,1.0,2.0,1.0,2.0,3.0,2.0,5.1,1.0,0.0,0.0,1032,0,60,0,64,3055,0,0,0,0.0,0,0.0,0,11.0,570
1791223654,0.0,1.0,1.0,1.0,1.0,0.0,6.0,1.0,0.0,0.0,1032,0,0,0,68,3056,0,0,0,0.0,0,0.0,0,10.0,570
1791223655,1.0,1.0,0.0,2.0,2.0,1.0,5.1,2.0,0.0,0.0,1032,0,8,0,68,3057,0,0,0,0.0,0,0.0,0,12.0,570
1791223656,0.0,0.0,3.0,1.0,1.0,5.0,0.0,2.0,0.0,0.0,1032,0,0,0,65,3056,0,0,0,0.0,0,0.0,0,12.0,570
1791223657,3.0,1.0,0.0,2.0,2.0,6.1,0.0,1.0,0.0,0.0,1032,0,0,0,68,3057,0,0,0,0.0,0,0.0,0,11.0,570
1791223658,3.0,0.0,1.0,1.0,2.0,7.0,0.0,2.0,0.0,0.0,1032,0,0,0,64,3058,0,0,0,0.0,0,0.0,0,11.0,570
1791223659,2.0,0.0,1.0,2.0,1.0,5.0,0.0,1.0,0.0,0.0,1032,0,68,0,68,3058,0,0,0,0.0,0,0.0,0,10.0,570
1791223660,3.0,3.0,2.0,1.0,2.0,3.0,0.0,1.0,0.0,0.0,1032,0,0,0,68,3059,0,0,0,0.0,0,0.0,0,11.0,570
1791223661,2.0,0.0,0.0,3.0,2.0,5.1,0.0,1.0,0.0,0.0,1032,0,4,0,64,3059,0,0,0,0.0,0,0.0,0,10.0,570
1791223662,2.0,1.0,1.0,1.0,1.0,4.0,0.0,1.0,0.0,0.0,1032,0,0,0,67,3059,0,0,0,0.0,0,0.0,0,11.0,570
1791223663,1.0,1.0,2.0,3.0,2.0,5.1,0.0,3.0,0.0,0.0,1032,0,0,0,61,3060,0,0,0,0.0,0,0.0,0,11.0,570
1791223664,2.0,1.0,1.0,0.0,0.0,6.0,0.0,1.0,0.0,0.0,1032,0,8,0,68,3060,0,0,0,0.0,0,0.0,0,10.0,570
1791223665,3.0,2.0,3.0,1.0,0.0,6.1,0.0,1.0,0.0,0.0,1032,0,24,0,68,3061,0,0,0,0.0,0,0.0,0,11.0,570
1791223666,1.0,2.0,2.0,2.0,0.0,6.1,0.0,0.0,0.0,0.0,1032,0,32,0,64,3061,0,0,0,0.0,0,0.0,0,10.0,570
1791223667,4.0,1.0,0.0,2.0,1.0,7.9,0.0,0.0,0.0,0.0,1032,0,4,0,68,3061,0,0,0,0.0,0,0.0,0,11.0,570
1791223668,0.0,2.0,3.0,2.0,3.0,6.1,2.0,0.0,0.0,0.0,1032,0,0,5,68,2962,0,0,0,0.0,0,0.0,0,14.0,570
1791223669,4.0,7.0,3.1,4.0,2.1,8.2,2.0,3.1,0.0,0.0,1028,0,0,45,62,2100,0,0,0,0.0,0,0.0,0,30.0,570
1791223670,3.0,4.1,3.0,1.0,4.0,5.1,2.0,2.0,0.0,0.0,1023,0,24,22,30,1691,0,0,0,0.0,0,0.0,0,21.0,571
1791223671,5.0,1.0,3.0,2.0,1.0,7.1,0.0,1.0,0.0,0.0,1023,0,0,16,22,1380,0,0,0,0.0,0,0.0,0,20.0,573
1791223672,2.0,3.0,2.1,1.0,1.0,7.0,3.0,1.0,0.0,0.0,1027,0,92,16,21,1083,0,0,0,0.0,0,0.0,0,18.0,581
1791223673,8.9,8.2,7.1,7.2,6.1,12.0,8.0,8.1,0.0,0.0,1029,0,4,11,15,877,0,0,0,0.0,0,0.0,0,64.0,583
1791223674,2.0,2.0,0.0,3.0,2.0,7.1,1.0,1.0,0.0,0.0,1017,0,0,11,15,671,0,0,0,0.0,0,0.0,0,16.0,583
1791223675,2.0,1.0,1.0,0.0,0.0,5.1,2.0,2.0,0.0,0.0,1017,0,0,1,15,659,0,0,0,0.0,0,0.0,0,9.0,583
1791223676,2.0,2.1,3.0,3.0,1.0,7.1,1.0,1.0,0.0,0.0,1017,0,24,16,21,363,0,0,0,0.0,0,0.0,0,19.0,583
1791223677,1.0,2.0,2.0,0.0,1.0,9.0,3.0,1.0,0.0,0.0,1017,0,0,6,8,248,0,0,0,0.0,0,0.0,0,15.0,583
1791223678,0.0,0.0,1.0,2.0,2.0,2.0,2.1,1.0,0.0,0.0,1014,0,36,5,7,146,0,0,0,0.0,0,0.0,0,15.0,583
1791223679,2.0,2.0,0.0,3.0,1.0,6.0,1.0,3.0,0.0,0.0,1012,0,4,5,7,108,0,0,0,0.0,0,0.0,0,14.0,583
1791223680,4.9,1.0,4.0,2.0,0.0,2.0,2.0,2.0,0.0,0.0,1012,0,0,5,7,108,0,0,0,0.0,0,0.0,0,15.0,583
1791223681,1.0,2.1,1.0,3.0,1.0,4.0,1.0,0.0,0.0,0.0,1012,0,0,5,7,108,0,0,0,0.0,0,0.0,0,12.0,583
1791223682,1.0,1.0,0.0,1.0,4.0,4.0,2.0,1.0,0.0,0.0,1012,0,0,5,7,108,0,0,0,0.0,0,0.0,0,14.0,583
1791223683,1.0,1.0,2.0,1.0,0.0,3.0,3.0,0.0,0.0,0.0,1012,0,28,5,7,108,0,0,0,0.0,0,0.0,0,13.0,583
1791223684,2.0,4.0,2.0,2.0,0.0,3.0,3.0,0.0,0.0,0.0,1012,0,0,5,7,108,0,0,0,0.0,0,0.0,0,14.0,583
1791223685,1.0,3.0,4.0,0.0,1.0,4.0,2.0,0.0,0.0,0.0,1012,0,4,6,7,58,0,0,0,0.0,0,0.0,0,12.0,583
1791223686,4.0,0.0,1.0,2.0,2.1,5.0,2.0,2.0,0.0,0.0,1012,0,0,5,7,4,0,0,0,0.0,0,0.0,0,14.0,583
1791223687,1.0,0.0,4.0,2.0,1.0,5.0,2.0,1.0,0.0,0.0,1012,0,0,5,7,4,0,0,0,0.0,0,0.0,0,12.0,583
1791223688,0.0,0.0,2.0,1.0,1.0,5.0,2.0,1.0,0.0,0.0,1012,0,16,5,7,4,0,0,0,0.0,0,0.0,0,14.0,583
1791223689,4.0,2.0,2.0,2.0,0.0,3.0,3.0,1.0,0.0,0.0,1012,0,12,5,7,4,0,0,0,0.0,0,0.0,0,13.0,583
1791223690,2.0,0.0,2.0,3.1,1.0,5.0,0.0,2.0,0.0,0.0,1012,0,0,6,7,4,0,0,0,0.0,0,0.0,0,13.0,583
1791223691,4.0,0.0,4.0,3.0,0.0,4.0,0.0,0.0,0.0,0.0,1012,0,4,5,7,4,0,0,0,0.0,0,0.0,0,14.0,583
1791223692,0.0,0.0,2.0,1.0,3.0,3.0,2.1,1.0,0.0,0.0,1012,0,0,5,7,4,0,0,0,0.0,0,0.0,0,12.0,583
1791223693,3.0,0.0,0.0,1.0,1.0,4.0,0.0,3.0,0.0,0.0,1012,0,0,5,7,4,0,0,0,0.0,0,0.0,0,13.0,583
1791223694,1.0,0.0,1.0,4.0,3.0,4.0,1.0,1.0,0.0,0.0,1012,0,0,5,7,4,0,0,0,0.0,0,0.0,0,12.0,583
1791223695,0.0,1.0,4.0,2.0,2.0,4.0,1.0,0.0,0.0,0.0,1012,0,0,5,7,4,0,0,0,0.0,0,0.0,0,14.0,583
1791223696,0.0,2.0,1.0,1.0,1.0,5.0,1.0,3.0,0.1,0.0,1012,0,12,5,7,4,0,0,0,0.0,0,0.0,0,13.0,583
1791223697,0.0,4.0,1.0,3.0,2.0,4.0,0.0,1.0,0.0,0.0,1012,0,8,5,7,4,0,0,0,0.0,0,0.0,0,14.0,583
1791223698,3.0,0.0,1.0,3.1,1.0,5.0,0.0,2.0,0.0,0.0,1012,0,0,5,7,4,0,0,0,0.0,0,0.0,0,36.0,583
1791223699,6.0,8.2,7.2,8.1,9.1,8.0,6.1,8.1,0.0,0.0,1012,0,0,6,8,4,0,0,0,0.0,0,0.0,0,37.0,583
1791223700,0.0,3.0,1.0,1.0,1.0,6.1,0.0,3.1,0.0,0.0,1013,0,0,5,7,4,0,0,0,0.0,0,0.0,0,13.0,583
1791223701,2.0,3.0,2.1,3.1,0.0,4.0,0.0,3.0,0.0,0.0,1013,0,0,5,7,4,0,0,0,0.0,0,0.0,0,14.0,583
1791223702,3.0,0.0,1.0,4.0,2.0,5.0,0.0,0.0,0.0,0.0,1013,0,24,5,7,4,0,0,0,0.0,0,0.0,0,15.0,583
1791223703,2.0,4.0,1.0,0.0,4.0,5.1,1.0,0.0,0.0,0.0,1013,0,4,5,7,4,0,0,0,0.0,0,0.0,0,14.0,583
1791223704,0.0,1.0,2.1,1.0,1.0,5.0,3.0,0.0,0.0,0.0,1013,0,0,5,7,4,0,0,0,0.0,0,0.0,0,13.0,583
1791223705,1.0,3.0,1.0,3.1,0.0,4.0,2.0,0.0,0.0,0.0,1013,0,0,5,7,4,0,0,0,0.0,0,0.0,0,13.0,583
1791223706,0.0,2.0,2.1,2.0,3.0,5.0,1.0,0.0,0.0,0.0,1013,0,0,5,7,4,0,0,0,0.0,0,0.0,0,14.0,583
1791223707,0.0,2.0,4.0,1.0,1.0,6.0,1.0,0.0,0.0,0.0,1013,0,12,5,7,4,0,0,0,0.0,0,0.0,0,13.0,583
1791223708,0.0,2.0,4.0,3.0,3.0,4.0,2.0,0.0,0.0,0.0,1013,0,0,5,7,4,0,0,0,0.0,0,0.0,0,14.0,583
1791223709,1.0,2.0,2.0,0.0,0.0,5.1,1.0,1.0,0.0,0.0,1013,0,16,5,7,4,0,0,0,0.0,0,0.0,0,13.0,583
1791223710,3.0,2.0,2.0,1.0,2.0,6.1,1.0,0.0,0.0,0.0,1013,0,188,5,7,4,0,0,0,0.0,0,0.0,0,11.0,583
1791223711,2.0,2.0,1.0,0.0,2.0,4.0,2.0,0.0,0.0,0.0,1013,0,0,5,7,4,0,0,0,0.0,0,0.0,0,15.0,583
1791223712,0.0,3.0,1.0,1.0,2.0,5.0,1.0,2.0,0.0,0.0,1013,0,0,5,7,4,0,0,0,0.0,0,0.0,0,14.0,583
1791223713,4.0,4.0,4.0,1.0,1.0,4.0,0.0,0.0,0.0,0.0,1013,0,0,5,7,4,0,0,0,0.0,0,0.0,0,13.0,583
1791223714,2.0,0.0,0.0,1.0,0.0,7.1,2.0,0.0,0.0,0.0,1013,0,0,5,7,4,0,0,0,0.0,0,0.0,0,13.0,583
1791223715,3.0,3.0,1.0,0.0,1.0,5.0,3.0,0.0,0.0,0.0,1013,0,28,5,7,4,0,0,0,0.0,0,0.0,0,13.0,583
1791223716,2.0,2.0,0.0,2.1,2.0,4.0,2.0,0.0,0.0,0.0,1013,0,0,5,7,4,0,0,0,0.0,0,0.0,0,14.0,583
1791223717,4.0,3.1,0.0,2.1,1.0,5.0,1.0,0.0,0.0,0.0,1013,0,0,5,7,4,0,0,0,0.0,0,0.0,0,13.0,583
1791223718,3.0,2.0,0.0,0.0,3.0,6.0,1.0,0.0,0.0,0.0,1013,0,0,5,7,4,0,0,0,0.0,0,0.0,0,13.0,583
1791223719,3.0,0.0,0.0,1.0,1.0,6.1,3.0,0.0,0.0,0.0,1013,0,0,5,7,4,0,0,0,0.0,0,0.0,0,14.0,583
1791223720,1.0,1.0,2.0,1.0,3.0,5.0,1.0,0.0,0.0,0.0,1013,0,12,5,7,4,0,0,0,0.0,0,0.0,0,12.0,583
1791223721,1.0,0.0,3.0,0.0,1.0,5.2,1.0,3.0,0.0,0.0,1013,0,16,5,7,4,0,0,0,0.0,0,0.0,0,14.0,583
1791223722,0.0,0.0,2.0,2.0,1.0,8.0,0.0,1.0,0.0,0.0,1013,0,0,5,7,4,0,0,0,0.0,0,0.0,0,12.0,583
1791223723,5.0,9.1,7.0,6.2,7.1,10.2,9.0,8.0,0.0,0.0,1013,0,0,5,7,4,0,0,0,0.0,0,0.0,0,59.0,583
1791223724,3.0,3.0,0.0,2.0,3.0,1.0,4.0,0.0,0.0,0.0,1014,0,0,5,7,4,0,0,0,0.0,0,0.0,0,13.0,583
1791223725,4.0,3.0,0.0,0.0,3.0,2.0,5.2,0.0,0.0,0.0,1014,0,0,5,7,4,0,0,0,0.0,0,0.0,0,15.0,583
1791223726,4.0,3.0,0.0,1.0,1.0,2.0,4.1,1.0,0.0,0.0,1014,0,12,5,7,4,0,0,0,0.0,0,0.0,0,15.0,583
1791223727,0.0,3.0,0.0,3.0,0.0,4.0,4.0,1.0,0.0,0.0,1014,0,4,5,7,4,0,0,0,0.0,0,0.0,0,14.0,583
1791223728,2.0,1.0,0.0,2.0,1.0,0.0,4.0,5.0,0.0,0.0,1014,0,0,5,7,4,0,0,0,0.0,0,0.0,0,14.0,583
1791223729,1.0,3.0,0.0,1.0,0.0,2.0,5.0,2.0,0.0,0.0,1014,0,0,5,7,4,0,0,0,0.0,0,0.0,0,13.0,583
1791223730,0.0,3.0,2.0,0.0,0.0,3.0,4.0,1.0,0.0,0.0,1014,0,0,5,7,4,0,0,0,0.0,0,0.0,0,14.0,583
1791223731,5.0,2.0,2.0,2.0,0.0,2.0,4.0,1.0,0.0,0.0,1014,0,0,5,7,4,0,0,0,0.0,0,0.0,0,13.0,583
1791223732,0.0,1.0,1.0,1.0,0.0,4.0,3.0,1.0,0.0,0.0,1014,0,0,5,7,4,0,0,0,0.0,0,0.0,0,14.0,583
1791223733,3.0,3.0,2.1,2.0,0.0,0.0,5.0,3.0,0.0,0.0,1014,0,16,5,7,4,0,0,0,0.0,0,0.0,0,14.0,583
1791223734,4.0,1.0,0.0,1.0,0.0,0.0,4.0,2.0,0.0,0.0,1013,0,0,5,7,4,0,0,0,0.0,0,0.0,0,14.0,583
1791223735,2.0,4.0,3.1,3.0,0.0,0.0,5.0,2.0,0.0,0.0,1013,0,0,5,7,4,0,0,0,0.0,0,0.0,0,13.0,583
1791223736,3.0,0.0,2.0,2.0,0.0,0.0,5.0,3.0,0.0,0.0,1013,0,0,5,7,4,0,0,0,0.0,0,0.0,0,13.0,583
1791223737,0.0,3.0,1.0,3.0,0.0,1.0,4.0,2.0,0.0,0.0,1013,0,0,5,7,4,0,0,0,0.0,0,0.0,0,11.0,583
1791223738,0.0,1.0,2.0,3.0,0.0,3.0,5.0,1.0,0.0,0.0,1013,0,0,5,7,4,0,0,0,0.0,0,0.0,0,14.0,583
1791223739,2.0,0.0,0.0,3.0,2.0,0.0,2.0,3.0,0.0,0.0,1013,0,20,5,7,4,0,0,0,0.0,0,0.0,0,13.0,583
1791223740,2.0,0.0,4.0,2.0,0.0,0.0,4.0,1.0,0.0,0.0,1013,0,0,6,7,4,0,0,0,0.0,0,0.0,0,13.0,583
1791223741,3.0,3.0,3.0,2.0,0.0,0.0,5.0,3.0,0.0,0.0,1013,0,0,5,7,4,0,0,0,0.0,0,0.0,0,12.0,583
1791223742,4.0,1.0,1.0,0.0,0.0,2.0,4.0,0.0,0.0,0.0,1013,0,0,5,7,4,0,0,0,0.0,0,0.0,0,12.0,583
1791223743,3.0,0.0,2.0,1.0,0.0,1.0,5.0,3.0,0.0,0.0,1013,0,0,5,7,4,0,0,0,0.0,0,0.0,0,12.0,583
1791223744,4.0,1.0,4.0,0.0,0.0,2.0,4.0,2.0,0.0,0.0,1013,0,0,5,7,4,0,0,0,0.0,0,0.0,0,12.0,583
1791223745,2.0,1.0,0.0,2.0,0.0,2.0,4.0,1.0,0.0,0.0,1013,0,212,5,7,4,0,0,0,0.0,0,0.0,0,13.0,583
1791223746,1.0,1.0,2.0,1.0,0.0,2.0,2.0,3.0,0.0,0.0,1013,0,0,5,7,4,0,0,0,0.0,0,0.0,0,12.0,583
1791223747,3.9,2.0,3.0,4.0,0.0,2.0,5.0,0.0,0.0,0.0,1013,0,36,5,7,4,0,0,0,0.0,0,0.0,0,14.0,583
1791223748,2.0,2.0,1.0,2.0,0.0,3.1,5.0,2.0,0.0,0.0,1013,0,0,5,7,4,0,0,0,0.0,0,0.0,0,14.0,583
1791223749,7.1,8.2,7.1,6.0,7.1,6.1,13.3,8.1,0.0,0.0,1013,0,0,5,7,4,0,0,0,0.0,0,0.0,0,60.0,583
1791223750,3.0,0.0,2.1,0.0,2.0,2.0,7.0,0.0,0.0,0.0,1013,0,28,5,7,4,0,0,0,0.0,0,0.0,0,14.0,583
1791223751,3.0,2.0,1.0,0.0,2.0,3.0,3.1,1.0,0.0,0.0,1013,0,4,5,7,4,0,0,0,0.0,0,0.0,0,15.0,583
1791223752,1.0,1.0,3.1,2.0,1.0,2.0,5.0,2.0,0.0,0.0,1013,0,0,5,7,4,0,0,0,0.0,0,0.0,0,13.0,583
1791223753,1.0,3.1,0.0,3.0,0.0,0.0,5.1,0.0,0.0,0.0,1013,0,12,5,7,4,0,0,0,0.0,0,0.0,0,14.0,583
1791223754,3.0,2.0,3.0,2.0,3.0,0.0,5.0,0.0,0.0,0.0,1013,0,0,5,7,4,0,0,0,0.0,0,0.0,0,12.0,583
1791223755,4.0,2.0,2.1,2.0,3.1,1.0,4.0,1.0,0.0,0.0,1013,0,0,5,7,4,0,0,0,0.0,0,0.0,0,14.0,583
1791223756,1.0,0.0,1.0,3.0,0.0,0.0,4.0,3.0,0.0,0.0,1013,0,40,6,7,4,0,0,0,0.0,0,0.0,0,15.0,583
1791223757,4.0,1.0,3.0,3.1,1.0,0.0,5.0,1.0,0.0,0.0,1013,0,0,5,7,4,0,0,0,0.0,0,0.0,0,14.0,583
1791223758,2.0,1.0,0.0,2.0,2.0,2.0,2.0,0.0,0.0,0.0,1013,0,0,5,7,4,0,0,0,0.0,0,0.0,0,14.0,583
1791223759,0.0,1.0,0.0,2.0,1.0,2.0,4.1,2.0,0.1,0.0,1013,0,24,5,7,4,0,0,0,0.0,0,0.0,0,13.0,583
1791223760,5.0,2.2,0.0,4.1,7.0,6.1,5.1,2.0,0.0,0.0,1013,0,0,215,219,7,0,0,0,0.0,0,0.0,0,31.0,583
1791223761,1.0,1.1,0.0,9.0,3.1,6.1,4.0,5.1,0.0,0.0,1014,0,0,231,235,8,0,0,0,0.0,0,0.0,0,35.0,583
1791223762,2.0,4.2,3.1,6.1,5.1,4.1,5.0,4.0,0.0,0.0,1014,0,68,233,235,10,0,0,0,0.0,0,0.0,0,33.0,583
1791223763,1.0,5.1,6.3,0.0,7.0,8.1,5.0,6.0,0.0,0.0,1014,0,0,231,234,12,0,0,0,0.0,0,0.0,0,32.0,583
1791223764,2.0,4.1,3.2,0.0,6.2,2.0,4.0,6.1,0.0,0.0,1013,0,0,230,233,14,0,0,0,0.0,0,0.0,0,32.0,583
1791223765,2.0,2.0,7.2,4.2,0.0,6.1,10.1,6.0,0.0,0.0,1013,0,24,237,237,4,0,0,0,0.0,0,0.0,0,32.0,583
1791223766,1.0,4.0,2.1,2.2,4.0,5.0,5.0,5.2,0.0,0.0,1013,0,0,233,236,4,0,0,0,0.0,0,0.0,0,31.0,583
1791223767,10.0,10.0,8.2,7.5,12.0,11.0,11.0,12.0,0.0,0.0,1013,0,0,233,235,4,0,0,0,0.0,0,0.0,0,78.0,583
1791223768,1.0,6.2,3.1,6.1,1.1,4.1,10.2,0.0,0.0,0.0,1013,0,4,232,235,5,0,0,0,0.0,0,0.0,0,35.0,583
1791223769,1.0,5.1,2.0,5.1,4.2,5.1,5.0,4.1,0.0,0.0,1013,0,76,233,236,4,0,0,0,0.0,0,0.0,0,31.0,583
1791223770,5.0,3.0,1.1,7.1,2.1,4.0,11.1,1.0,0.0,0.0,1013,0,0,232,235,4,0,0,0,0.0,0,0.0,0,30.0,583
1791223771,7.0,4.1,0.0,6.1,2.1,5.1,4.0,0.0,0.0,0.0,1013,0,24,233,235,4,0,0,0,0.0,0,0.0,0,30.0,583
1791223772,6.1,5.1,3.2,0.0,6.2,9.0,5.0,0.0,0.0,0.0,1013,0,0,233,236,4,0,0,0,0.0,0,0.0,0,33.0,583
1791223773,5.0,6.1,7.1,1.0,2.1,4.0,4.0,3.1,0.0,0.0,1013,0,0,233,236,4,0,0,0,0.0,0,0.0,0,30.0,583
1791223774,1.0,5.1,7.2,0.0,2.2,7.1,8.2,3.0,0.0,0.0,1013,0,4,232,236,4,0,0,0,0.0,0,0.0,0,31.0,583
1791223775,1.0,5.1,3.0,0.0,5.0,8.1,6.4,5.1,0.0,0.0,1013,0,0,233,236,4,0,0,0,0.0,0,0.0,0,32.0,583
1791223776,5.9,2.0,2.1,6.1,2.0,6.1,2.1,3.0,0.0,0.0,1013,0,12,233,236,4,0,0,0,0.0,0,0.0,0,31.0,583
1791223777,5.1,1.0,11.0,8.1,2.0,5.1,3.2,3.0,0.0,0.0,1013,0,92,232,235,4,0,0,0,0.0,0,0.0,0,35.0,583
1791223778,3.0,1.0,0.0,5.1,8.1,5.0,2.2,9.2,0.0,0.0,1013,0,0,230,235,5,0,0,0,0.0,0,0.0,0,33.0,583
1791223779,4.0,0.0,1.0,4.0,8.1,7.1,2.2,6.1,0.0,0.0,1013,0,0,234,236,5,0,0,0,0.0,0,0.0,0,33.0,583
1791223780,7.9,0.0,0.0,6.0,3.0,4.0,5.2,7.2,0.0,0.0,1013,0,8,233,235,4,0,0,0,0.0,0,0.0,0,30.0,583
1791223781,11.1,14.9,7.3,7.1,13.1,6.9,10.3,11.5,0.0,0.0,1013,0,0,232,236,4,0,0,0,0.0,0,0.0,0,80.0,583
1791223782,2.1,6.1,9.0,0.0,5.2,0.0,5.1,6.2,0.0,0.0,1013,0,0,233,236,4,0,0,0,0.0,0,0.0,0,34.0,583
1791223783,3.2,2.0,5.1,8.2,6.1,0.0,5.2,5.1,0.0,0.0,1013,0,32,233,236,5,0,0,0,0.0,0,0.0,0,34.0,583
1791223784,3.2,3.1,2.0,4.1,6.1,0.0,9.0,7.1,0.0,0.0,1013,0,0,232,236,4,0,0,0,0.0,0,0.0,0,34.0,583
1791223785,4.1,5.2,3.1,1.0,4.0,0.0,5.1,9.1,0.0,0.0,1014,0,76,232,235,4,0,0,0,0.0,0,0.0,0,30.0,583
1791223786,6.0,2.1,6.2,7.0,7.0,0.0,5.1,3.0,0.0,0.0,1014,0,4,232,235,5,0,0,0,0.0,0,0.0,0,34.0,583
1791223787,8.9,5.1,9.1,1.0,6.2,0.0,2.0,0.0,0.0,0.0,1014,0,0,232,235,4,0,0,0,0.0,0,0.0,0,32.0,583
1791223788,3.1,3.1,4.1,7.1,2.0,1.0,4.1,4.1,0.0,0.0,1014,0,8,231,235,4,0,0,0,0.0,0,0.0,0,32.0,583
1791223789,5.9,2.2,6.2,9.1,0.0,6.1,6.1,0.0,0.0,0.0,1013,0,24,232,235,4,0,0,0,0.0,0,0.0,0,34.0,583
1791223790,8.1,0.0,7.1,1.0,3.0,2.0,3.1,2.1,0.0,0.0,1014,0,0,231,235,5,0,0,0,0.0,0,0.0,0,28.0,583
1791223791,4.0,3.1,9.0,0.0,5.1,0.0,3.0,4.0,0.0,0.0,1014,0,0,233,235,4,0,0,0,0.0,0,0.0,0,27.0,583
1791223792,5.0,2.1,8.1,0.0,6.1,0.0,5.1,5.1,0.0,0.0,1014,0,4,230,234,4,0,0,0,0.0,0,0.0,0,30.0,583
1791223793,10.0,2.1,7.1,0.0,6.0,0.0,6.1,3.0,0.0,0.0,1014,0,80,231,234,4,0,0,0,0.0,0,0.0,0,32.0,583
1791223794,8.2,7.3,11.1,10.0,9.2,9.0,8.2,14.4,0.0,0.0,1014,0,0,232,234,4,0,0,0,0.0,0,0.0,0,77.0,583
1791223795,2.0,3.1,4.1,5.1,7.1,5.1,0.0,6.3,0.0,0.0,1014,0,0,232,234,4,0,0,0,0.0,0,0.0,0,33.0,583
1791223796,0.0,2.1,6.1,5.1,7.1,5.1,0.0,4.0,0.1,0.0,1014,0,24,232,234,4,0,0,0,0.0,0,0.0,0,30.0,583
1791223797,5.9,1.1,7.1,6.1,7.1,1.0,0.0,5.9,0.0,0.0,1014,0,0,232,235,5,0,0,0,0.0,0,0.0,0,32.0,583
1791223798,4.0,7.0,4.1,6.1,0.0,5.1,0.0,6.3,0.0,0.0,1014,0,4,232,235,4,0,0,0,0.0,0,0.0,0,33.0,583
1791223799,7.0,5.1,4.1,8.1,0.0,6.1,0.0,2.2,0.0,0.0,1014,0,0,232,234,4,0,0,0,0.0,0,0.0,0,32.0,583
1791223800,4.0,5.2,11.1,5.2,0.0,3.0,0.0,2.2,0.0,0.0,1014,0,0,231,235,5,0,0,0,0.0,0,0.0,0,32.0,583
1791223801,3.0,8.1,8.2,4.0,4.0,4.0,0.0,1.1,0.1,0.0,1015,0,104,232,236,4,0,0,0,0.0,0,0.0,0,32.0,583
1791223802,0.0,3.0,11.1,4.0,6.0,6.0,3.0,2.1,0.0,0.0,1015,0,0,232,236,4,0,0,0,0.0,0,0.0,0,28.0,583
1791223803,1.0,1.0,3.1,6.2,4.0,5.1,5.1,1.1,0.0,0.0,1015,0,0,233,236,4,0,0,0,0.0,0,0.0,0,32.0,583
1791223804,4.0,6.1,5.1,3.0,4.1,5.1,1.0,3.2,0.0,0.0,1015,0,4,232,236,4,0,0,0,0.0,0,0.0,0,33.0,583
1791223805,4.0,6.1,4.1,0.0,5.1,7.1,0.0,2.2,0.0,0.0,1015,0,0,233,236,4,0,0,0,0.0,0,0.0,0,30.0,583
1791223806,8.0,5.1,2.0,0.0,6.1,6.1,0.0,1.1,0.1,0.0,1015,0,24,233,236,4,0,0,0,0.0,0,0.0,0,33.0,583
1791223807,5.0,7.9,8.2,4.0,8.2,9.1,7.1,5.3,0.0,0.0,1017,0,28,233,236,4,0,0,0,0.0,0,0.0,0,76.0,583
1791223808,4.0,9.3,12.2,11.1,8.1,7.4,5.1,5.0,0.0,0.0,1017,0,0,232,235,4,0,0,0,0.0,0,0.0,0,35.0,583
1791223809,0.0,6.0,11.2,7.1,5.1,1.1,0.0,0.0,0.0,0.0,1017,0,76,232,236,4,0,0,0,0.0,0,0.0,0,30.0,583
1791223810,0.0,4.1,10.1,5.1,6.1,1.0,2.1,0.0,0.0,0.0,1017,0,4,233,236,4,0,0,0,0.0,0,0.0,0,31.0,583
1791223811,1.0,7.0,6.2,2.0,7.1,6.1,0.0,0.0,0.0,0.0,1018,0,180,233,236,4,0,0,0,0.0,0,0.0,0,31.0,583
1791223812,7.0,4.1,9.1,0.0,0.0,5.1,0.0,2.2,0.0,0.0,1018,0,48,232,236,5,0,0,0,0.0,0,0.0,0,30.0,583
1791223813,2.0,7.1,8.3,6.1,2.0,3.0,0.0,2.1,0.0,0.0,1018,0,0,233,236,4,0,0,0,0.0,0,0.0,0,30.0,583
1791223814,5.0,3.0,8.1,7.1,0.0,4.1,4.0,1.1,0.0,0.0,1018,0,0,232,235,4,0,0,0,0.0,0,0.0,0,32.0,583
1791223815,3.0,5.1,6.1,5.1,5.1,2.0,4.0,2.2,0.0,0.0,1018,0,0,232,235,5,0,0,0,0.0,0,0.0,0,33.0,583
1791223816,7.0,6.1,4.2,0.0,5.2,0.0,6.1,3.2,0.0,0.0,1018,0,60,233,236,4,0,0,0,0.0,0,0.0,0,32.0,583
1791223817,9.0,6.1,5.2,0.0,7.1,1.0,4.1,1.1,0.0,0.0,1018,0,0,233,236,4,0,0,0,0.0,0,0.0,0,33.0,583
1791223818,6.1,1.1,6.1,0.0,5.1,5.1,5.1,0.0,0.0,0.0,1018,0,28,232,235,4,0,0,0,0.0,0,0.0,0,31.0,583
1791223819,7.0,5.1,4.1,4.1,5.1,3.0,1.0,2.2,0.0,0.0,1018,0,0,232,235,4,0,0,0,0.0,0,0.0,0,32.0,583
1791223820,6.0,6.9,6.1,7.0,7.0,0.0,0.0,3.1,0.0,0.0,1018,0,0,232,235,5,0,0,0,0.0,0,0.0,0,28.0,583
1791223821,10.2,8.0,14.4,11.2,10.0,9.2,10.1,7.2,0.0,0.0,1018,0,0,234,236,4,0,0,0,0.0,0,0.0,0,82.0,583
1791223822,4.1,6.9,7.2,5.1,0.0,4.0,1.0,0.0,0.0,0.0,1018,0,84,233,236,4,0,0,0,0.0,0,0.0,0,26.0,583
1791223823,7.1,5.1,5.1,6.1,2.2,0.0,6.1,0.0,0.0,0.0,1019,0,0,233,236,4,0,0,0,0.0,0,0.0,0,33.0,583
1791223824,7.0,7.1,4.1,7.1,1.1,1.0,6.1,0.0,0.0,0.0,1019,0,28,233,235,4,0,0,0,0.0,0,0.0,0,31.0,583
1791223825,6.1,6.1,4.1,8.0,2.2,3.1,1.0,0.0,0.0,0.0,1019,0,0,231,234,4,0,0,0,0.0,0,0.0,0,33.0,583
1791223826,8.8,8.0,6.1,5.1,1.1,4.1,4.1,0.0,0.0,0.0,1019,0,0,233,235,4,0,0,0,0.0,0,0.0,0,32.0,583
1791223827,5.1,5.1,5.1,2.0,5.1,2.1,3.2,0.0,0.0,0.0,1019,0,0,233,235,4,0,0,0,0.0,0,0.0,0,32.0,583
1791223828,7.0,7.0,5.1,6.1,8.1,0.0,1.1,0.0,0.0,0.0,1019,0,4,233,235,5,0,0,0,0.0,0,0.0,0,33.0,583
1791223829,6.9,7.1,4.1,6.0,9.0,0.0,2.2,0.0,0.0,0.0,1019,0,76,232,235,4,0,0,0,0.0,0,0.0,0,34.0,583
1791223830,4.0,5.1,4.1,5.0,6.1,4.0,1.0,0.0,0.0,0.0,1019,0,0,232,234,4,0,0,0,0.0,0,0.0,0,27.0,583
1791223831,5.0,7.1,5.2,4.1,5.1,1.0,0.0,2.1,0.0,0.0,1019,0,0,232,234,4,0,0,0,0.0,0,0.0,0,30.0,583
1791223832,3.1,7.0,5.1,9.1,3.0,3.0,0.0,1.1,0.0,0.0,1019,0,0,233,235,4,0,0,0,0.0,0,0.0,0,32.0,583
1791223833,4.0,7.1,5.1,1.0,6.0,5.0,4.0,1.1,0.0,0.0,1013,0,0,231,235,5,0,0,0,0.0,0,0.0,0,33.0,583
1791223834,7.1,7.1,4.1,0.0,5.1,5.1,1.0,3.2,0.0,0.0,1013,0,4,234,236,4,0,0,0,0.0,0,0.0,0,61.0,583
1791223835,7.9,12.1,11.8,12.1,13.0,6.1,6.1,13.3,0.0,0.0,1013,0,96,230,233,4,0,0,0,0.0,0,0.0,0,52.0,583
1791223836,0.0,3.2,8.2,5.1,4.1,4.0,3.0,7.0,0.0,0.0,1013,0,0,232,235,5,0,0,0,0.0,0,0.0,0,33.0,583
1791223837,0.0,3.2,0.0,11.1,7.0,1.0,3.0,4.1,0.0,0.0,1013,0,0,233,235,4,0,0,0,0.0,0,0.0,0,30.0,583
1791223838,2.0,3.2,0.0,9.1,6.1,5.0,5.1,1.0,0.0,0.0,1013,0,0,230,234,5,0,0,0,0.0,0,0.0,0,31.0,583
1791223839,1.0,2.2,7.1,6.0,5.1,6.1,6.1,0.0,0.0,0.0,1013,0,0,232,235,4,0,0,0,0.0,0,0.0,0,33.0,583
1791223840,2.0,5.1,9.2,2.0,2.2,7.1,4.0,5.0,0.0,0.0,1021,0,28,231,235,4,0,0,0,0.0,0,0.0,0,34.0,589
1791223841,1.0,2.1,9.2,5.1,4.2,6.0,2.0,1.0,0.0,0.0,1021,0,0,231,235,4,0,0,0,0.0,0,0.0,0,32.0,589
1791223842,2.9,7.1,3.2,5.1,6.1,4.1,7.1,0.0,0.0,0.0,1021,0,52,231,234,4,0,0,0,0.0,0,0.0,0,34.0,589
1791223843,0.0,4.0,10.0,5.3,5.1,8.0,0.0,1.0,0.0,0.0,1021,0,28,232,234,4,0,0,0,0.0,0,0.0,0,33.0,589
1791223844,3.0,4.0,3.1,5.9,6.1,6.1,1.1,7.1,0.0,0.0,1021,0,0,233,235,4,0,0,0,0.0,0,0.0,0,32.0,589
1791223845,2.0,6.9,4.2,1.0,7.1,2.0,3.2,7.1,0.0,0.0,1021,0,24,232,235,4,0,0,0,0.0,0,0.0,0,34.0,589
1791223846,1.0,5.1,5.1,5.1,6.1,5.1,0.0,3.1,0.0,0.0,1021,0,4,232,235,4,0,0,0,0.0,0,0.0,0,30.0,589
1791223847,8.1,4.1,4.0,5.0,6.1,1.0,4.0,5.1,0.0,0.0,1022,0,0,232,234,4,0,0,0,0.0,0,0.0,0,31.0,589
1791223848,13.1,6.1,13.1,14.4,13.0,5.1,6.0,11.1,0.0,0.0,1022,0,80,231,234,4,0,0,0,0.0,0,0.0,0,78.0,589
1791223849,5.9,0.0,5.1,4.0,4.0,3.2,5.1,8.1,0.0,0.0,1022,0,0,233,234,4,0,0,0,0.0,0,0.0,0,31.0,589
1791223850,5.1,1.0,3.1,5.1,4.2,4.1,4.1,8.1,0.0,0.0,1022,0,0,231,234,5,0,0,0,0.0,0,0.0,0,32.0,589
1791223851,5.0,0.0,0.0,2.0,1.1,6.1,6.1,7.0,0.1,0.0,1022,0,24,231,235,5,0,0,0,0.0,0,0.0,0,32.0,589
1791223852,7.1,3.0,1.0,5.0,2.1,4.0,6.1,7.1,0.0,0.0,1022,0,4,231,235,4,0,0,0,0.0,0,0.0,0,32.0,589
1791223853,4.1,0.0,4.1,4.0,1.1,8.0,2.0,5.2,0.0,0.0,1022,0,0,232,235,4,0,0,0,0.0,0,0.0,0,33.0,589
1791223854,8.0,6.2,6.3,0.0,5.0,4.1,0.0,6.1,0.0,0.0,1022,0,0,231,235,4,0,0,0,0.0,0,0.0,0,33.0,589
1791223855,6.0,7.0,3.2,0.0,4.0,3.1,0.0,7.2,0.0,0.0,1023,0,0,230,233,5,0,0,0,0.0,0,0.0,0,32.0,589
1791223856,6.0,6.1,3.1,6.1,5.1,2.0,0.0,6.0,0.0,0.0,1023,0,88,232,234,4,0,0,0,0.0,0,0.0,0,27.0,589
1791223857,7.0,5.1,1.0,5.2,1.1,4.0,0.0,5.1,0.0,0.0,1023,0,0,232,234,4,0,0,0,0.0,0,0.0,0,31.0,589
1791223858,5.1,6.1,1.0,7.1,2.1,4.0,0.0,6.1,0.0,0.0,1023,0,4,231,234,4,0,0,0,0.0,0,0.0,0,31.0,589
1791223859,6.9,7.1,5.2,6.1,2.1,5.0,0.0,0.0,0.0,0.0,1023,0,0,231,234,4,0,0,0,0.0,0,0.0,0,31.0,589
1791223860,6.0,7.9,7.1,2.0,1.1,5.2,0.0,0.0,0.0,0.0,1023,0,0,231,234,4,0,0,0,0.0,0,0.0,0,31.0,589
1791223861,7.0,10.2,12.2,13.0,13.1,14.9,8.6,6.1,0.0,0.0,1023,0,0,233,236,5,0,0,0,0.0,0,0.0,0,79.0,589
1791223862,8.0,0.0,6.1,3.1,2.0,0.0,7.0,2.0,0.0,0.0,1023,0,24,233,235,4,0,0,0,0.0,0,0.0,0,33.0,589
1791223863,8.0,0.0,7.1,8.1,4.0,1.1,2.1,3.1,0.0,0.0,1023,0,0,232,235,4,0,0,0,0.0,0,0.0,0,32.0,589
1791223864,8.0,0.0,8.0,6.1,3.0,2.1,5.2,3.0,0.0,0.0,1023,0,88,231,235,4,0,0,0,0.0,0,0.0,0,33.0,589
1791223865,8.1,0.0,7.2,7.1,5.0,1.1,3.1,2.1,0.0,0.0,1024,0,0,232,235,4,0,0,0,0.0,0,0.0,0,34.0,589
1791223866,1.0,4.1,8.1,7.1,3.0,3.2,5.1,1.0,0.0,0.0,1024,0,0,232,234,4,0,0,0,0.0,0,0.0,0,33.0,589
1791223867,0.0,6.1,5.2,6.2,4.0,0.0,4.1,0.0,0.0,0.0,1024,0,0,231,234,4,0,0,0,0.0,0,0.0,0,32.0,589
1791223868,4.0,5.2,1.0,3.0,5.0,2.1,7.1,5.1,0.0,0.0,1024,0,28,232,235,4,0,0,0,0.0,0,0.0,0,33.0,589
1791223869,4.0,2.2,7.1,6.1,5.0,4.0,1.0,4.1,0.0,0.0,1024,0,0,231,235,4,0,0,0,0.0,0,0.0,0,34.0,589
1791223870,0.0,5.2,6.1,3.0,9.2,3.1,6.1,0.0,0.0,0.0,1024,0,4,232,235,4,0,0,0,0.0,0,0.0,0,31.0,589
1791223871,4.0,1.0,1.0,5.2,2.0,1.1,6.2,4.0,0.0,0.0,1024,0,52,231,235,4,0,0,0,0.0,0,0.0,0,32.0,589
1791223872,7.9,2.0,0.0,6.1,6.1,0.0,6.1,2.0,0.0,0.0,1024,0,0,232,235,4,0,0,0,0.0,0,0.0,0,34.0,589
1791223873,4.0,6.2,1.0,8.0,7.0,3.1,5.2,0.0,0.0,0.0,1024,0,0,231,236,4,0,0,0,0.0,0,0.0,0,33.0,589
1791223874,6.9,1.1,0.0,6.2,4.0,3.0,8.1,0.0,0.0,0.0,1024,0,24,231,234,5,0,0,0,0.0,0,0.0,0,32.0,589
1791223875,9.2,9.5,6.2,11.2,11.0,13.1,8.0,11.1,0.0,0.0,1024,0,16,231,234,4,0,0,0,0.0,0,0.0,0,79.0,589
1791223876,5.1,1.1,6.0,1.0,7.1,4.1,3.0,4.1,0.0,0.0,1024,0,4,232,235,4,0,0,0,0.0,0,0.0,0,32.0,589
1791223877,7.9,3.1,2.0,0.0,4.0,4.1,5.1,5.1,0.0,0.0,1024,0,80,233,235,4,0,0,0,0.0,0,0.0,0,27.0,589
1791223878,7.0,4.2,0.0,0.0,2.0,4.0,4.0,8.0,0.0,0.0,1024,0,0,233,236,5,0,0,0,0.0,0,0.0,0,29.0,589
1791223879,8.2,0.0,6.1,1.0,7.1,1.0,1.0,7.1,0.0,0.0,1025,0,0,232,235,4,0,0,0,0.0,0,0.0,0,36.0,589
1791223880,7.0,3.1,8.1,3.1,5.0,4.0,3.0,5.2,0.1,0.0,1025,0,24,233,235,4,0,0,0,0.0,0,0.0,0,33.0,589
1791223881,6.1,4.2,5.2,3.1,4.1,6.1,0.0,2.0,0.0,0.0,1025,0,0,232,235,5,0,0,0,0.0,0,0.0,0,33.0,589
1791223882,3.9,7.2,4.1,4.3,8.1,5.2,0.0,0.0,0.0,0.0,1025,0,4,233,235,4,0,0,0,0.0,0,0.0,0,33.0,589
1791223883,4.1,2.0,6.2,2.2,5.0,6.1,6.2,0.0,0.0,0.0,1025,0,0,232,236,4,0,0,0,0.0,0,0.0,0,33.0,589
1791223884,8.0,7.0,2.0,4.2,5.1,5.1,5.2,0.0,0.0,0.0,1025,0,0,231,234,5,0,0,0,0.0,0,0.0,0,36.0,589
1791223885,8.0,3.0,5.2,0.0,6.2,8.2,3.0,0.0,0.0,0.0,1025,0,100,233,235,4,0,0,0,0.0,0,0.0,0,33.0,589
1791223886,8.1,4.1,3.1,2.1,3.2,11.0,2.0,0.0,0.0,0.0,1025,0,0,233,235,4,0,0,0,0.0,0,0.0,0,33.0,589
1791223887,7.1,1.0,5.1,4.0,1.1,9.2,6.1,0.0,0.0,0.0,1025,0,0,232,235,4,0,0,0,0.0,0,0.0,0,33.0,589
1791223888,14.1,7.0,10.4,9.5,10.4,13.1,10.1,11.0,0.0,0.0,1025,0,4,231,235,4,0,0,0,0.0,0,0.0,0,87.0,589
1791223889,7.0,4.0,0.0,2.0,6.1,5.0,2.1,4.1,0.0,0.0,1025,0,0,233,235,4,0,0,0,0.0,0,0.0,0,29.0,589
1791223890,8.0,6.9,1.0,4.0,6.1,2.0,1.1,3.0,0.0,0.0,1025,0,28,233,234,4,0,0,0,0.0,0,0.0,0,34.0,589
1791223891,7.1,7.1,1.0,7.1,1.0,4.0,3.2,5.1,0.1,0.0,1025,0,0,232,235,5,0,0,0,0.0,0,0.0,0,33.0,589
1791223892,9.8,3.0,4.1,7.1,0.0,2.0,1.1,5.1,0.0,0.0,1026,0,56,234,235,5,0,0,0,0.0,0,0.0,0,34.0,589
1791223893,2.0,1.0,2.1,4.0,4.0,10.0,3.2,6.1,0.0,0.0,1026,0,0,233,235,4,0,0,0,0.0,0,0.0,0,32.0,589
1791223894,7.0,2.0,0.0,5.1,6.1,4.0,2.2,7.1,0.0,0.0,1026,0,4,232,235,4,0,0,0,0.0,0,0.0,0,35.0,589
1791223895,7.1,5.9,1.0,8.1,5.2,5.0,0.0,2.0,0.0,0.0,1026,0,4,231,234,4,0,0,0,0.0,0,0.0,0,34.0,589
1791223896,6.1,0.0,1.0,5.1,1.1,6.1,4.0,6.1,0.0,0.0,1026,0,0,231,235,5,0,0,0,0.0,0,0.0,0,33.0,589
1791223897,7.9,2.0,8.2,1.0,3.2,5.0,5.9,5.1,0.0,0.0,1026,0,24,233,236,4,0,0,0,0.0,0,0.0,0,32.0,589
1791223898,8.0,4.1,0.0,5.1,1.1,4.1,5.3,1.0,0.0,0.0,1026,0,80,231,236,4,0,0,0,0.0,0,0.0,0,33.0,589
1791223899,5.1,5.1,0.0,7.1,4.0,2.2,5.0,6.1,0.0,0.0,1026,0,0,232,235,5,0,0,0,0.0,0,0.0,0,35.0,589
1791223900,7.0,0.0,6.2,1.0,8.2,2.1,5.1,4.1,0.0,0.0,1026,0,4,232,235,4,0,0,0,0.0,0,0.0,0,33.0,589
1791223901,8.0,3.0,6.1,4.0,5.1,3.2,4.0,2.0,0.0,0.0,1026,0,0,233,235,4,0,0,0,0.0,0,0.0,0,30.0,589
1791223902,9.0,10.3,13.1,14.1,10.0,7.5,9.9,11.1,0.0,0.0,1026,0,0,232,236,4,0,0,0,0.0,0,0.0,0,88.0,589
1791223903,0.0,0.0,7.2,5.1,6.1,5.2,5.4,3.1,0.0,0.0,1026,0,24,232,235,4,0,0,0,0.0,0,0.0,0,35.0,589
1791223904,4.2,0.0,10.0,0.0,6.1,6.1,2.0,5.1,0.0,0.0,1026,0,0,231,234,5,0,0,0,0.0,0,0.0,0,32.0,589
1791223905,3.2,2.0,9.1,5.1,6.1,5.1,5.0,2.0,0.0,0.0,1026,0,4,231,235,5,0,0,0,0.0,0,0.0,0,32.0,589
1791223906,3.2,4.0,4.1,8.1,5.1,5.1,5.0,0.0,0.0,0.0,1026,0,76,230,234,4,0,0,0,0.0,0,0.0,0,33.0,589
1791223907,3.2,3.0,4.0,7.1,6.1,3.1,8.2,0.0,0.0,0.0,1026,0,0,231,234,4,0,0,0,0.0,0,0.0,0,34.0,589
1791223908,2.2,1.0,6.2,5.1,7.1,6.1,5.0,0.0,0.0,0.0,1026,0,24,232,235,4,0,0,0,0.0,0,0.0,0,33.0,589
1791223909,3.2,8.9,8.2,4.0,6.1,2.0,4.0,0.0,0.0,0.0,1027,0,0,231,235,4,0,0,0,0.0,0,0.0,0,32.0,589
1791223910,4.2,7.0,6.1,5.1,7.0,0.0,4.0,0.0,0.0,0.0,1027,0,0,233,235,4,0,0,0,0.0,0,0.0,0,33.0,589
1791223911,2.2,8.1,2.1,6.1,3.0,0.0,8.2,4.0,0.1,0.0,1027,0,8,231,235,5,0,0,0,0.0,0,0.0,0,34.0,589
1791223912,2.2,8.0,0.0,5.1,2.0,4.1,5.0,6.1,0.0,0.0,1026,0,0,233,235,5,0,0,0,0.0,0,0.0,0,33.0,589
1791223913,1.1,6.1,5.1,8.1,0.0,7.1,5.0,4.0,0.0,0.0,1027,0,80,233,235,4,0,0,0,0.0,0,0.0,0,36.0,589
1791223914,4.2,6.9,1.0,6.2,4.1,3.0,4.0,3.1,0.0,0.0,1027,0,0,233,235,4,0,0,0,0.0,0,0.0,0,32.0,589
1791223915,4.2,3.0,6.1,9.0,8.1,1.0,6.0,8.0,0.0,0.0,1027,0,0,230,234,5,0,0,0,0.0,0,0.0,0,62.0,589
1791223916,13.1,11.0,6.2,7.4,11.1,5.1,8.1,10.0,0.0,0.0,1027,0,0,233,235,4,0,0,0,0.0,0,0.0,0,52.0,589
1791223917,3.0,7.2,4.3,0.0,5.1,5.0,3.0,4.0,0.0,0.0,1027,0,4,231,234,4,0,0,0,0.0,0,0.0,0,33.0,589
1791223918,5.0,7.1,4.3,0.0,6.1,4.1,5.0,2.0,0.1,0.0,1027,0,28,230,233,4,0,0,0,0.0,0,0.0,0,34.0,589
1791223919,7.1,5.2,0.0,1.0,7.0,7.0,4.1,4.1,0.0,0.0,1027,0,80,231,235,5,0,0,0,0.0,0,0.0,0,34.0,589
1791223920,7.1,2.1,0.0,0.0,5.1,5.2,5.2,1.0,0.0,0.0,1027,0,0,232,234,4,0,0,0,0.0,0,0.0,0,30.0,589
1791223921,9.0,2.0,4.2,2.1,4.0,7.1,3.1,2.0,0.0,0.0,1027,0,0,233,235,4,0,0,0,0.0,0,0.0,0,34.0,589
1791223922,6.1,2.2,8.2,0.0,1.0,5.1,6.9,6.1,0.0,0.0,1027,0,0,233,235,4,0,0,0,0.0,0,0.0,0,33.0,589
1791223923,7.0,3.2,7.0,0.0,4.0,4.0,2.0,6.1,0.0,0.0,1028,0,4,232,235,4,0,0,0,0.0,0,0.0,0,31.0,589
1791223924,5.1,2.1,9.2,0.0,2.0,5.1,2.0,4.1,0.0,0.0,1028,0,24,232,234,4,0,0,0,0.0,0,0.0,0,32.0,589
1791223925,6.1,2.2,5.1,0.0,4.0,0.0,9.2,7.1,0.0,0.0,1028,0,0,232,235,4,0,0,0,0.0,0,0.0,0,32.0,589
1791223926,6.0,1.1,9.1,0.0,6.1,0.0,4.0,7.1,0.0,0.0,1028,0,0,232,234,5,0,0,0,0.0,0,0.0,0,33.0,589
1791223927,7.1,2.1,0.0,2.0,7.1,5.0,5.0,7.1,0.0,0.0,1028,0,80,234,236,4,0,0,0,0.0,0,0.0,0,32.0,589
1791223928,7.1,3.2,1.0,4.1,2.0,4.1,7.1,4.0,0.0,0.0,1028,0,0,231,235,4,0,0,0,0.0,0,0.0,0,33.0,589
1791223929,5.0,2.1,9.1,0.0,2.0,3.0,5.1,6.1,0.0,0.0,1028,0,40,230,235,4,0,0,0,0.0,0,0.0,0,53.0,589
1791223930,10.3,11.3,6.2,7.1,12.1,14.0,12.1,9.0,0.0,0.0,1028,0,0,232,235,4,0,0,0,0.0,0,0.0,0,55.0,589
1791223931,3.2,8.9,3.1,6.0,1.0,1.0,5.1,4.0,0.0,0.0,1028,0,0,231,234,4,0,0,0,0.0,0,0.0,0,33.0,589
1791223932,3.2,7.1,8.1,4.1,4.0,0.0,2.0,5.0,0.0,0.0,1028,0,0,232,235,4,0,0,0,0.0,0,0.0,0,32.0,589
1791223933,2.1,6.1,4.0,6.1,6.1,2.0,1.0,4.0,0.0,0.0,1028,0,0,230,234,4,0,0,0,0.0,0,0.0,0,33.0,589
1791223934,3.1,7.0,4.2,3.0,5.1,0.0,3.1,6.2,0.0,0.0,1029,0,76,232,234,4,0,0,0,0.0,0,0.0,0,29.0,589
1791223935,1.1,7.9,9.2,0.0,6.1,0.0,6.1,4.0,0.0,0.0,1028,0,4,230,233,4,0,0,0,0.0,0,0.0,0,33.0,589
1791223936,6.2,1.0,8.2,0.0,8.0,2.0,6.1,1.1,0.0,0.0,1029,0,0,232,235,4,0,0,0,0.0,0,0.0,0,33.0,589
1791223937,7.9,4.0,7.2,0.0,4.1,5.1,5.0,2.2,0.0,0.0,1029,0,0,231,234,4,0,0,0,0.0,0,0.0,0,33.0,589
1791223938,5.1,5.0,1.0,6.1,0.0,3.0,8.0,2.2,0.0,0.0,1029,0,0,231,234,5,0,0,0,0.0,0,0.0,0,31.0,589
1791223939,1.0,7.1,0.0,4.1,4.0,9.1,2.0,2.2,0.1,0.0,1029,0,24,232,235,4,0,0,0,0.0,0,0.0,0,35.0,589
1791223940,3.0,6.1,1.0,7.1,8.1,2.0,5.1,2.2,0.0,0.0,1029,0,80,232,235,4,0,0,0,0.0,0,0.0,0,33.0,589
1791223941,2.1,5.1,1.0,7.1,7.1,0.0,4.0,4.0,0.0,0.0,1029,0,4,231,234,4,0,0,0,0.0,0,0.0,0,32.0,589
1791223942,4.2,7.0,1.0,4.1,3.0,4.0,6.1,5.0,0.0,0.0,1029,0,0,231,235,4,0,0,0,0.0,0,0.0,0,31.0,589
1791223943,2.1,2.0,0.0,8.1,3.1,7.1,5.1,4.0,0.0,0.0,1029,0,0,231,234,4,0,0,0,0.0,0,0.0,0,31.0,589
1791223944,12.0,10.0,7.1,11.2,13.0,7.0,13.1,14.6,0.0,0.0,1029,0,0,231,235,4,0,0,0,0.0,0,0.0,0,83.0,589
1791223945,5.1,6.1,2.0,6.2,6.1,0.0,2.2,2.0,0.0,0.0,1029,0,24,232,235,5,0,0,0,0.0,0,0.0,0,35.0,589
1791223946,10.0,4.1,7.1,0.0,7.1,0.0,1.0,5.2,0.0,0.0,1029,0,0,232,235,4,0,0,0,0.0,0,0.0,0,34.0,589
1791223947,7.0,5.1,7.3,0.0,6.0,0.0,2.2,5.0,0.0,0.0,1029,0,4,232,235,4,0,0,0,0.0,0,0.0,0,32.0,589
1791223948,5.2,5.2,4.0,0.0,6.1,3.0,2.2,4.0,0.0,0.0,1029,0,76,231,234,5,0,0,0,0.0,0,0.0,0,32.0,589
1791223949,8.9,2.0,6.1,1.0,5.1,7.1,1.1,4.0,0.0,0.0,1029,0,0,232,235,4,0,0,0,0.0,0,0.0,0,33.0,589
1791223950,5.1,5.0,0.0,0.0,7.1,7.1,2.1,5.1,0.0,0.0,1029,0,0,232,235,5,0,0,0,0.0,0,0.0,0,33.0,589
1791223951,5.1,5.1,0.0,0.0,6.1,6.2,1.1,4.0,0.0,0.0,1029,0,24,231,235,4,0,0,0,0.0,0,0.0,0,31.0,589
1791223952,6.9,5.1,0.0,0.0,6.0,7.0,3.2,5.0,0.0,0.0,1029,0,0,231,234,4,0,0,0,0.0,0,0.0,0,30.0,589
1791223953,5.1,5.1,0.0,4.1,5.1,1.0,1.1,5.1,0.0,0.0,1030,0,8,231,234,5,0,0,0,0.0,0,0.0,0,30.0,589
1791223954,5.1,4.0,2.1,3.0,6.1,0.0,5.2,6.2,0.0,0.0,1030,0,0,234,235,5,0,0,0,0.0,0,0.0,0,30.0,589
1791223955,3.2,4.1,7.1,2.0,6.1,0.0,5.1,4.1,0.0,0.0,1030,0,0,232,234,4,0,0,0,0.0,0,0.0,0,32.0,589
1791223956,2.2,6.0,6.2,6.1,7.0,0.0,0.0,5.0,0.0,0.0,1030,0,124,233,235,4,0,0,0,0.0,0,0.0,0,32.0,589
1791223957,3.2,3.0,8.1,6.2,4.1,0.0,4.0,5.0,0.0,0.0,1030,0,0,232,234,4,0,0,0,0.0,0,0.0,0,32.0,589
1791223958,11.2,12.0,11.3,7.1,8.0,7.4,15.0,8.1,0.0,0.0,1030,0,0,233,236,4,0,0,0,0.0,0,0.0,0,79.0,589
1791223959,7.0,0.0,6.2,0.0,0.0,3.1,9.2,6.1,0.0,0.0,1030,0,4,233,236,4,0,0,0,0.0,0,0.0,0,30.0,589
1791223960,5.0,5.1,6.1,1.0,0.0,3.2,11.0,6.1,0.0,0.0,1030,0,0,232,235,4,0,0,0,0.0,0,0.0,0,34.0,589
1791223961,5.0,2.0,8.2,0.0,0.0,1.1,8.2,8.1,0.0,0.0,1030,0,28,231,234,4,0,0,0,0.0,0,0.0,0,34.0,589
1791223962,7.0,5.9,7.1,6.1,0.0,2.0,6.2,0.0,0.0,0.0,1030,0,0,231,234,4,0,0,0,0.0,0,0.0,0,31.0,589
1791223963,5.9,4.1,4.1,7.1,0.0,5.1,4.0,5.2,0.0,0.0,1030,0,52,232,235,4,0,0,0,0.0,0,0.0,0,31.0,589
1791223964,4.1,3.1,5.3,6.1,0.0,0.0,9.1,5.1,0.0,0.0,1030,0,0,230,234,4,0,0,0,0.0,0,0.0,0,34.0,589
1791223965,1.0,7.0,4.3,8.2,0.0,4.0,6.0,5.1,0.0,0.0,1030,0,4,231,234,4,0,0,0,0.0,0,0.0,0,35.0,589
1791223966,4.0,5.2,3.1,9.1,0.0,1.0,7.1,6.1,0.0,0.0,1030,0,0,232,234,4,0,0,0,0.0,0,0.0,0,34.0,589
1791223967,9.0,3.1,5.1,6.1,2.0,1.0,4.0,4.0,0.1,0.0,1030,0,44,232,234,4,0,0,0,0.0,0,0.0,0,30.0,589
1791223968,4.0,3.2,5.2,8.2,4.0,0.0,8.2,0.0,0.0,0.0,1030,0,0,232,234,4,0,0,0,0.0,0,0.0,0,34.0,589
1791223969,1.0,6.1,5.3,9.0,6.1,5.1,4.0,0.0,0.0,0.0,1030,0,80,232,235,4,0,0,0,0.0,0,0.0,0,34.0,589
1791223970,0.0,5.1,6.4,5.2,8.1,0.0,5.0,5.0,0.0,0.0,1031,0,0,232,234,4,0,0,0,0.0,0,0.0,0,33.0,589
1791223971,4.0,6.1,3.3,3.0,4.1,0.0,4.0,5.1,0.0,0.0,1031,0,4,232,236,4,0,0,0,0.0,0,0.0,0,31.0,589
1791223972,8.2,12.2,7.5,13.1,10.4,9.2,11.9,10.0,0.0,0.0,1031,0,0,232,235,4,0,0,0,0.0,0,0.0,0,89.0,589
1791223973,1.0,2.0,8.0,7.1,8.0,2.2,9.2,0.0,0.0,0.0,1031,0,0,231,234,5,0,0,0,0.0,0,0.0,0,34.0,589
1791223974,9.0,1.0,7.1,5.2,1.1,4.0,4.0,0.0,0.0,0.0,1031,0,24,233,235,4,0,0,0,0.0,0,0.0,0,33.0,589
1791223975,1.0,6.1,8.2,4.0,2.1,4.2,7.0,0.0,0.0,0.0,1031,0,0,233,235,4,0,0,0,0.0,0,0.0,0,33.0,589
1791223976,4.0,7.0,2.1,6.1,7.0,3.2,4.0,0.0,0.0,0.0,1031,0,0,233,236,4,0,0,0,0.0,0,0.0,0,32.0,589
1791223977,2.0,5.1,4.1,7.2,1.0,3.1,5.1,5.1,0.0,0.0,1031,0,80,233,235,4,0,0,0,0.0,0,0.0,0,30.0,589
1791223978,3.0,2.0,6.1,7.1,2.1,5.2,2.0,2.0,0.0,0.0,1031,0,0,232,234,5,0,0,0,0.0,0,0.0,0,33.0,589
1791223979,6.1,5.1,0.0,4.0,2.2,8.1,4.0,3.0,0.0,0.0,1031,0,36,233,236,5,0,0,0,0.0,0,0.0,0,33.0,589
1791223980,7.1,7.1,0.0,0.0,2.2,6.1,4.0,6.1,0.0,0.0,1032,0,0,233,235,4,0,0,0,0.0,0,0.0,0,35.0,589
1791223981,3.0,5.0,5.1,0.0,1.1,9.0,4.0,4.0,0.0,0.0,1032,0,0,231,235,5,0,0,0,0.0,0,0.0,0,29.0,589
1791223982,2.0,6.1,7.1,0.0,2.1,4.1,5.0,3.1,0.0,0.0,1031,0,0,232,235,4,0,0,0,0.0,0,0.0,0,31.0,589
1791223983,8.9,5.0,2.1,0.0,2.1,7.1,3.1,3.0,0.0,0.0,1031,0,4,231,234,5,0,0,0,0.0,0,0.0,0,31.0,589
1791223984,7.9,7.1,10.9,0.0,2.1,5.1,0.0,5.9,0.0,0.0,1031,0,80,233,235,4,0,0,0,0.0,0,0.0,0,31.0,589
1791223985,5.1,7.1,2.1,4.1,1.1,5.1,0.0,4.0,0.0,0.0,1031,0,0,232,235,4,0,0,0,0.0,0,0.0,0,31.0,589
1791223986,10.9,8.1,9.2,8.0,8.3,13.0,9.9,11.2,0.0,0.0,1031,0,0,232,234,5,0,0,0,0.0,0,0.0,0,75.0,589
1791223987,5.0,0.0,7.0,3.1,2.0,5.2,7.1,7.4,0.0,0.0,1031,0,0,234,236,4,0,0,0,0.0,0,0.0,0,32.0,589
1791223988,2.2,2.0,5.2,8.0,0.0,8.1,5.1,1.0,0.0,0.0,1031,0,0,233,235,4,0,0,0,0.0,0,0.0,0,34.0,589
1791223989,6.9,3.1,7.1,7.1,0.0,1.0,6.1,5.0,0.0,0.0,1031,0,12,232,234,4,0,0,0,0.0,0,0.0,0,31.0,589
1791223990,2.0,1.1,8.2,9.0,2.0,2.0,3.0,5.0,0.0,0.0,1032,0,92,232,235,4,0,0,0,0.0,0,0.0,0,32.0,589
1791223991,0.0,2.2,8.1,5.1,0.0,4.1,6.1,5.0,0.0,0.0,1032,0,0,233,235,4,0,0,0,0.0,0,0.0,0,31.0,589
1791223992,0.0,2.1,10.0,5.1,0.0,5.1,6.0,4.0,0.0,0.0,1032,0,0,232,235,4,0,0,0,0.0,0,0.0,0,31.0,589
1791223993,0.0,1.1,7.1,4.1,3.0,2.0,5.2,5.0,0.0,0.0,1032,0,0,233,235,4,0,0,0,0.0,0,0.0,0,29.0,589
1791223994,0.0,2.2,9.2,7.0,6.1,6.0,3.0,3.0,0.0,0.0,1032,0,0,232,234,4,0,0,0,0.0,0,0.0,0,33.0,589
1791223995,0.0,2.1,2.0,1.0,4.0,6.1,5.0,9.1,0.0,0.0,1032,0,36,232,235,4,0,0,0,0.0,0,0.0,0,31.0,589
1791223996,0.0,2.1,3.0,2.0,7.1,6.2,7.1,4.0,0.0,0.0,1033,0,0,231,234,4,0,0,0,0.0,0,0.0,0,32.0,589
1791223997,4.3,0.0,0.0,7.1,7.0,7.0,6.1,5.1,0.0,0.0,1033,0,52,231,235,4,0,0,0,0.0,0,0.0,0,36.0,589
1791223998,4.3,0.0,5.1,8.1,0.0,6.1,7.0,5.1,0.0,0.0,1033,0,0,231,235,5,0,0,0,0.0,0,0.0,0,32.0,589
1791223999,3.0,2.2,7.2,4.1,4.0,7.0,3.1,5.0,0.0,0.0,1033,0,0,231,235,4,0,0,0,0.0,0,0.0,0,33.0,589
1791224000,7.1,10.3,13.0,13.3,11.2,12.1,13.1,12.1,0.0,0.0,1033,0,48,232,234,4,0,0,0,0.0,0,0.0,0,90.0,589
1791224001,7.1,1.1,1.0,7.1,0.0,6.1,2.0,9.2,0.0,0.0,1034,0,4,233,236,4,0,0,0,0.0,0,0.0,0,36.0,589
1791224002,0.0,3.2,8.2,7.1,0.0,0.0,6.1,9.2,0.0,0.0,1034,0,0,233,235,4,0,0,0,0.0,0,0.0,0,33.0,589
1791224003,6.0,2.1,2.0,5.1,0.0,0.0,5.2,9.1,0.0,0.0,1034,0,80,233,235,4,0,0,0,0.0,0,0.0,0,28.0,589
1791224004,6.1,3.1,6.2,6.1,0.0,3.0,3.0,5.0,0.0,0.0,1034,0,0,232,234,4,0,0,0,0.0,0,0.0,0,30.0,589
1791224005,6.1,0.0,8.0,1.1,0.0,6.1,7.0,3.0,0.0,0.0,1034,0,0,232,235,4,0,0,0,0.0,0,0.0,0,32.0,589
1791224006,7.9,0.0,7.2,3.2,4.1,6.0,3.0,4.0,0.0,0.0,1034,0,24,232,235,4,0,0,0,0.0,0,0.0,0,31.0,589
1791224007,6.1,4.0,5.1,3.2,1.0,1.0,4.1,3.0,0.0,0.0,1034,0,4,232,234,4,0,0,0,0.0,0,0.0,0,31.0,589
1791224008,5.1,6.1,5.3,6.2,0.0,0.0,7.0,5.0,0.0,0.0,1034,0,0,232,234,4,0,0,0,0.0,0,0.0,0,32.0,589
1791224009,6.9,5.1,5.3,9.1,0.0,3.0,1.0,3.1,0.0,0.0,1034,0,0,231,235,4,0,0,0,0.0,0,0.0,0,32.0,589
1791224010,8.0,5.1,3.3,8.2,0.0,1.0,8.0,1.0,0.0,0.0,1034,0,52,231,234,4,0,0,0,0.0,0,0.0,0,34.0,589
1791224011,3.9,7.1,5.2,4.2,4.1,6.0,1.0,2.0,0.0,0.0,1034,0,0,231,235,4,0,0,0,0.0,0,0.0,0,34.0,589
1791224012,2.0,3.0,5.2,2.1,6.1,6.1,7.1,6.1,0.0,0.0,1034,0,24,231,235,4,0,0,0,0.0,0,0.0,0,32.0,589
1791224013,1.0,4.0,5.4,7.1,5.1,1.0,7.1,4.0,0.0,0.0,1035,0,4,230,234,4,0,0,0,0.0,0,0.0,0,34.0,589
1791224014,0.0,7.0,4.2,5.1,5.1,0.0,7.1,5.9,0.0,0.0,1035,0,0,232,235,4,0,0,0,0.0,0,0.0,0,31.0,589
1791224015,11.1,12.2,14.3,10.3,9.1,7.1,8.3,10.1,0.0,0.0,1035,0,0,231,234,4,0,0,0,0.0,0,0.0,0,82.0,590
1791224016,2.0,8.0,7.1,4.1,0.0,7.0,2.2,5.0,0.0,0.0,1035,0,80,230,234,4,0,0,0,0.0,0,0.0,0,33.0,590
1791224017,0.0,5.1,8.2,5.2,0.0,5.1,3.2,4.0,0.0,0.0,1035,0,0,231,235,4,0,0,0,0.0,0,0.0,0,32.0,590
1791224018,5.0,2.0,1.0,9.0,5.1,6.0,1.1,5.0,0.1,0.0,1035,0,24,232,235,4,0,0,0,0.0,0,0.0,0,34.0,590
1791224019,5.1,3.1,0.0,6.1,3.1,3.0,3.2,5.0,0.0,0.0,1035,0,4,232,234,4,0,0,0,0.0,0,0.0,0,31.0,590
1791224020,5.0,3.0,4.1,7.1,0.0,5.1,1.1,3.1,0.0,0.0,1035,0,0,232,235,5,0,0,0,0.0,0,0.0,0,29.0,590
1791224021,8.0,0.0,0.0,8.1,4.0,7.1,3.2,5.0,0.0,0.0,1043,0,0,232,235,4,0,0,0,0.0,0,0.0,0,34.0,596
1791224022,7.1,2.0,5.1,7.1,0.0,6.1,1.1,4.0,0.0,0.0,1043,0,0,232,234,5,0,0,0,0.0,0,0.0,0,33.0,596
1791224023,9.1,4.1,3.1,6.1,0.0,6.1,2.1,5.1,0.0,0.0,1043,0,12,233,236,4,0,0,0,0.0,0,0.0,0,34.0,596
1791224024,7.1,7.9,1.0,8.0,0.0,4.0,1.1,2.0,0.0,0.0,1043,0,88,231,235,4,0,0,0,0.0,0,0.0,0,33.0,596
1791224025,5.9,2.0,2.0,8.2,0.0,3.1,6.1,3.2,0.0,0.0,1043,0,4,231,234,4,0,0,0,0.0,0,0.0,0,32.0,596
1791224026,6.1,7.0,0.0,3.0,0.0,8.0,3.2,6.0,0.0,0.0,1043,0,0,230,235,5,0,0,0,0.0,0,0.0,0,32.0,596
1791224027,4.2,4.0,1.0,8.1,0.0,6.1,7.9,5.0,0.0,0.0,1043,0,0,232,235,4,0,0,0,0.0,0,0.0,0,32.0,596
1791224028,3.2,6.1,0.0,6.1,0.0,5.1,5.2,5.0,0.0,0.0,1044,0,0,231,234,4,0,0,0,0.0,0,0.0,0,31.0,596
1791224029,12.2,11.6,8.2,8.1,15.0,9.0,11.0,13.1,0.0,0.0,1044,0,28,233,235,4,0,0,0,0.0,0,0.0,0,89.0,596
1791224030,8.0,2.1,5.0,3.0,6.1,0.0,5.2,6.1,0.0,0.0,1044,0,0,230,235,4,0,0,0,0.0,0,0.0,0,31.0,596
1791224031,3.2,6.1,7.2,0.0,6.1,0.0,5.0,8.1,0.0,0.0,1044,0,4,231,234,4,0,0,0,0.0,0,0.0,0,36.0,596
1791224032,3.2,7.1,3.0,5.1,6.1,0.0,5.0,4.1,0.0,0.0,1044,0,80,231,235,4,0,0,0,0.0,0,0.0,0,34.0,596
1791224033,3.2,5.9,6.1,5.2,3.1,0.0,5.0,7.1,0.0,0.0,1044,0,0,232,235,4,0,0,0,0.0,0,0.0,0,33.0,596
1791224034,3.2,0.0,12.1,6.0,6.9,0.0,6.0,5.1,0.0,0.0,1044,0,40,230,234,5,0,0,0,0.0,0,0.0,0,35.0,596
1791224035,2.2,1.0,8.2,2.0,5.2,0.0,6.1,7.0,0.0,0.0,1044,0,0,232,234,4,0,0,0,0.0,0,0.0,0,34.0,596
1791224036,7.0,1.1,6.1,0.0,1.0,4.0,5.1,5.1,0.0,0.0,1044,0,0,234,235,4,0,0,0,0.0,0,0.0,0,32.0,596
1791224037,4.0,3.2,4.0,7.1,3.0,3.0,5.0,5.2,0.0,0.0,1044,0,8,233,235,4,0,0,0,0.0,0,0.0,0,33.0,596
1791224038,9.1,2.2,1.0,6.0,6.1,5.1,5.0,2.0,0.0,0.0,1045,0,0,234,235,5,0,0,0,0.0,0,0.0,0,33.0,596
1791224039,7.1,1.1,5.1,6.1,2.0,2.0,4.0,3.0,0.0,0.0,1045,0,80,233,235,4,0,0,0,0.0,0,0.0,0,31.0,596
1791224040,8.0,3.2,7.1,4.0,1.0,1.0,3.0,5.1,0.1,0.0,1045,0,0,233,234,4,0,0,0,0.0,0,0.0,0,31.0,596
1791224041,5.1,3.2,6.1,5.2,1.0,0.0,2.0,8.1,0.0,0.0,1045,0,0,232,236,4,0,0,0,0.0,0,0.0,0,33.0,596
1791224042,2.1,6.1,3.1,5.1,4.1,2.0,4.0,2.0,0.0,0.0,1045,0,0,232,235,4,0,0,0,0.0,0,0.0,0,32.0,596
1791224043,3.2,6.1,1.0,7.1,6.1,5.1,5.0,0.0,0.0,0.0,1045,0,4,232,235,4,0,0,0,0.0,0,0.0,0,33.0,596
1791224044,14.1,11.5,15.0,8.1,7.0,12.2,15.5,6.1,0.0,0.0,1045,0,12,232,235,4,0,0,0,0.0,0,0.0,0,85.0,597
1791224045,8.0,1.1,8.2,3.1,0.0,5.0,5.0,5.1,0.0,0.0,1045,0,96,233,235,5,0,0,0,0.0,0,0.0,0,35.0,597
1791224046,7.0,1.1,4.2,3.0,3.0,3.0,7.1,5.1,0.0,0.0,1046,0,0,232,234,5,0,0,0,0.0,0,0.0,0,32.0,597
1791224047,1.0,2.2,4.0,7.0,8.0,4.0,5.0,5.0,0.0,0.0,1046,0,0,231,235,4,0,0,0,0.0,0,0.0,0,31.0,597
1791224048,2.0,2.2,7.1,5.2,7.1,0.0,5.0,5.1,0.0,0.0,1046,0,0,230,234,5,0,0,0,0.0,0,0.0,0,34.0,597
1791224049,6.1,2.2,6.2,3.0,6.2,5.1,5.1,1.0,0.0,0.0,1046,0,4,232,235,4,0,0,0,0.0,0,0.0,0,36.0,597
1791224050,5.1,3.2,7.1,0.0,4.0,3.0,4.0,5.9,0.0,0.0,1046,0,24,232,234,5,0,0,0,0.0,0,0.0,0,29.0,597
1791224051,5.0,2.1,9.0,0.0,7.1,4.1,4.0,1.0,0.0,0.0,1046,0,0,232,235,4,0,0,0,0.0,0,0.0,0,30.0,597
1791224052,3.0,1.1,5.2,0.0,6.1,7.0,3.0,4.1,0.0,0.0,1046,0,0,231,235,5,0,0,0,0.0,0,0.0,0,32.0,597
1791224053,5.1,3.2,4.1,0.0,7.1,2.0,4.1,9.1,0.0,0.0,1046,0,80,233,235,4,0,0,0,0.0,0,0.0,0,34.0,597
1791224054,4.1,1.1,4.3,0.0,2.0,3.0,7.1,7.2,0.0,0.0,1046,0,0,231,234,4,0,0,0,0.0,0,0.0,0,33.0,597
1791224055,4.0,6.1,5.3,0.0,6.1,3.0,5.1,6.1,0.0,0.0,1046,0,4,232,235,4,0,0,0,0.0,0,0.0,0,31.0,597
1791224056,0.0,6.2,4.3,0.0,4.1,6.1,2.0,5.1,0.0,0.0,1046,0,0,232,234,4,0,0,0,0.0,0,0.0,0,32.0,597
1791224057,6.1,5.1,4.2,0.0,6.1,2.0,5.0,5.1,0.0,0.0,1046,0,24,231,234,4,0,0,0,0.0,0,0.0,0,30.0,597
1791224058,8.1,7.9,5.3,0.0,4.1,1.0,4.0,4.1,0.0,0.0,1046,0,0,233,234,4,0,0,0,0.0,0,0.0,0,57.0,597
1791224059,17.6,8.0,9.3,10.6,10.1,7.1,11.1,12.1,0.0,0.0,1047,0,0,233,235,4,0,0,0,0.0,0,0.0,0,60.0,597
1791224060,8.1,5.1,2.1,1.1,0.0,0.0,5.1,5.1,0.0,0.0,1047,0,52,234,235,4,0,0,0,0.0,0,0.0,0,29.0,597
1791224061,5.1,5.1,6.2,3.2,0.0,0.0,5.1,4.0,0.0,0.0,1047,0,4,233,235,4,0,0,0,0.0,0,0.0,0,30.0,597
1791224062,5.0,6.1,8.2,2.1,0.0,1.1,6.1,3.0,0.0,0.0,1046,0,0,232,235,4,0,0,0,0.0,0,0.0,0,33.0,597
1791224063,8.1,0.0,7.1,5.2,0.0,3.2,7.1,5.0,0.0,0.0,1047,0,24,233,235,4,0,0,0,0.0,0,0.0,0,33.0,597
1791224064,8.0,0.0,7.2,7.1,0.0,1.1,7.1,2.0,0.0,0.0,1047,0,0,233,235,4,0,0,0,0.0,0,0.0,0,36.0,597
1791224065,6.1,5.0,5.0,3.0,0.0,2.1,4.1,10.1,0.0,0.0,1047,0,0,233,235,4,0,0,0,0.0,0,0.0,0,32.0,597
1791224066,2.0,5.1,8.2,1.1,0.0,0.0,6.1,4.0,0.0,0.0,1047,0,76,233,235,4,0,0,0,0.0,0,0.0,0,33.0,597
1791224067,8.9,5.1,3.1,6.1,0.0,2.1,6.1,4.0,0.0,0.0,1047,0,4,232,235,4,0,0,0,0.0,0,0.0,0,35.0,597
1791224068,7.0,4.1,1.0,7.1,3.0,2.2,6.1,4.0,0.0,0.0,1047,0,24,232,234,4,0,0,0,0.0,0,0.0,0,33.0,597
1791224069,7.1,6.0,0.0,3.0,5.1,3.2,6.1,5.0,0.0,0.0,1047,0,0,232,234,4,0,0,0,0.0,0,0.0,0,33.0,597
1791224070,6.1,7.1,4.1,2.1,2.0,0.0,5.1,4.0,0.0,0.0,1047,0,0,233,235,4,0,0,0,0.0,0,0.0,0,34.0,597
1791224071,4.0,7.1,8.1,3.2,2.0,3.0,5.0,4.0,0.0,0.0,1047,0,0,232,235,4,0,0,0,0.0,0,0.0,0,34.0,597
1791224072,7.0,1.0,5.2,3.2,0.0,7.1,4.0,6.0,0.0,0.0,1047,0,0,232,236,4,0,0,0,0.0,0,0.0,0,32.0,597
1791224073,12.0,11.2,12.2,9.4,6.0,10.2,7.1,10.1,0.0,0.0,1048,0,4,230,232,4,0,0,0,0.0,0,0.0,0,84.0,598
1791224074,1.0,8.0,1.0,7.2,1.0,7.1,2.0,10.1,0.1,0.0,1048,0,104,235,237,4,0,0,0,0.0,0,0.0,0,34.0,598
1791224075,4.3,7.0,1.0,7.1,0.0,4.0,6.2,5.0,0.0,0.0,1048,0,0,232,235,4,0,0,0,0.0,0,0.0,0,34.0,598
1791224076,2.2,6.1,0.0,8.1,0.0,8.1,6.1,4.0,0.0,0.0,1048,0,0,233,235,4,0,0,0,0.0,0,0.0,0,35.0,598
1791224077,2.1,6.1,1.0,6.1,2.0,4.1,5.2,5.1,0.0,0.0,1048,0,0,233,235,4,0,0,0,0.0,0,0.0,0,35.0,598
1791224078,2.2,4.1,5.2,2.0,5.1,0.0,5.1,5.0,0.0,0.0,1048,0,0,233,235,4,0,0,0,0.0,0,0.0,0,30.0,598
1791224079,2.1,8.1,6.1,0.0,5.1,0.0,5.1,4.0,0.0,0.0,1048,0,8,233,235,4,0,0,0,0.0,0,0.0,0,30.0,598
1791224080,5.2,5.1,8.2,0.0,4.1,2.0,7.0,4.0,0.0,0.0,1048,0,28,232,235,4,0,0,0,0.0,0,0.0,0,32.0,598
1791224081,4.2,7.0,7.0,1.0,5.1,0.0,5.1,3.0,0.0,0.0,1048,0,52,232,236,4,0,0,0,0.0,0,0.0,0,30.0,598
1791224082,2.1,7.1,6.2,0.0,5.1,1.0,5.1,4.0,0.0,0.0,1048,0,0,231,234,4,0,0,0,0.0,0,0.0,0,31.0,598
1791224083,5.2,0.0,8.1,0.0,4.1,2.0,3.1,8.1,0.0,0.0,1048,0,0,232,234,4,0,0,0,0.0,0,0.0,0,28.0,598
1791224084,10.9,3.0,5.2,7.1,1.0,0.0,2.1,4.0,0.0,0.0,1048,0,0,232,235,4,0,0,0,0.0,0,0.0,0,35.0,598
1791224085,8.0,6.1,8.1,6.1,0.0,0.0,2.2,5.0,0.0,0.0,1048,0,8,232,234,4,0,0,0,0.0,0,0.0,0,32.0,598
1791224086,6.0,8.0,7.1,5.2,0.0,0.0,3.2,4.0,0.0,0.0,1049,0,24,231,234,4,0,0,0,0.0,0,0.0,0,33.0,598
1791224087,5.1,5.2,5.2,8.0,0.0,0.0,2.2,5.0,0.0,0.0,1049,0,80,231,234,4,0,0,0,0.0,0,0.0,0,31.0,598
1791224088,13.1,12.0,12.2,13.1,10.2,7.1,9.6,7.1,0.0,0.0,1049,0,0,230,234,4,0,0,0,0.0,0,0.0,0,83.0,598
1791224089,6.0,4.0,1.0,0.0,6.1,6.1,5.1,2.1,0.0,0.0,1049,0,0,231,234,4,0,0,0,0.0,0,0.0,0,29.0,598
1791224090,6.0,4.0,7.1,0.0,5.1,5.1,1.0,2.1,0.0,0.0,1049,0,0,232,235,4,0,0,0,0.0,0,0.0,0,29.0,598
1791224091,5.1,7.1,8.1,0.0,6.1,4.0,2.0,3.2,0.0,0.0,1049,0,4,231,234,4,0,0,0,0.0,0,0.0,0,33.0,598
1791224092,6.1,4.0,8.2,0.0,4.1,1.0,3.2,9.1,0.0,0.0,1049,0,24,232,235,4,0,0,0,0.0,0,0.0,0,34.0,598
1791224093,2.2,0.0,8.1,0.0,4.0,6.1,6.1,8.2,0.0,0.0,1049,0,0,232,235,4,0,0,0,0.0,0,0.0,0,34.0,598
1791224094,2.1,0.0,2.1,0.0,6.1,3.0,6.1,10.0,0.0,0.0,1049,0,0,234,235,4,0,0,0,0.0,0,0.0,0,28.0,598
1791224095,4.2,7.1,3.0,0.0,6.0,4.0,0.0,6.9,0.0,0.0,1050,0,80,232,234,4,0,0,0,0.0,0,0.0,0,31.0,598
1791224096,4.2,5.0,6.1,4.0,1.0,5.1,0.0,7.1,0.0,0.0,1050,0,0,232,234,4,0,0,0,0.0,0,0.0,0,30.0,598
1791224097,4.1,4.0,4.1,5.0,4.0,7.0,0.0,5.0,0.0,0.0,1050,0,4,232,235,4,0,0,0,0.0,0,0.0,0,28.0,598
1791224098,1.1,4.0,1.0,4.0,6.1,6.1,0.0,6.1,0.0,0.0,1050,0,28,232,234,4,0,0,0,0.0,0,0.0,0,28.0,598
1791224099,2.1,4.0,6.1,5.1,2.0,6.1,0.0,6.1,0.0,0.0,1050,0,0,231,234,5,0,0,0,0.0,0,0.0,0,29.0,598
1791224100,3.2,7.0,3.1,10.0,5.1,7.0,0.0,0.0,0.0,0.0,1050,0,0,233,235,4,0,0,0,0.0,0,0.0,0,30.0,598
1791224101,3.2,4.1,0.0,5.1,7.2,7.1,0.0,4.0,0.0,0.0,1050,0,0,232,235,4,0,0,0,0.0,0,0.0,0,34.0,598
1791224102,1.0,7.0,3.0,4.1,6.0,5.1,1.0,5.0,0.0,0.0,1052,0,0,233,236,4,0,0,0,0.0,0,0.0,0,30.0,598
1791224103,9.9,12.1,13.5,11.7,12.1,10.2,9.1,14.0,0.0,0.0,1052,0,16,232,235,4,0,0,0,0.0,0,0.0,0,91.0,598
1791224104,6.9,2.0,4.2,8.1,3.0,5.1,3.0,2.0,0.0,0.0,1052,0,0,232,235,4,0,0,0,0.0,0,0.0,0,33.0,598
1791224105,1.0,4.0,5.4,9.2,0.0,6.1,2.1,5.1,0.1,0.0,1052,0,36,231,234,4,0,0,0,0.0,0,0.0,0,34.0,598
1791224106,0.0,7.0,4.3,7.1,1.0,7.1,6.1,4.0,0.0,0.0,1052,0,0,233,234,4,0,0,0,0.0,0,0.0,0,34.0,598
1791224107,5.1,4.1,2.1,6.2,5.1,5.2,1.0,5.0,0.0,0.0,1052,0,180,232,235,4,0,0,0,0.0,0,0.0,0,33.0,598
1791224108,7.0,5.1,0.0,2.2,6.1,3.0,4.1,5.0,0.0,0.0,1052,0,0,233,235,4,0,0,0,0.0,0,0.0,0,30.0,598
1791224109,7.9,1.0,0.0,3.2,5.1,3.1,5.1,5.0,0.0,0.0,1052,0,4,232,235,4,0,0,0,0.0,0,0.0,0,33.0,598
1791224110,7.1,0.0,0.0,3.2,5.1,6.2,7.1,4.0,0.0,0.0,1052,0,24,231,235,4,0,0,0,0.0,0,0.0,0,32.0,598
1791224111,7.0,3.0,1.0,3.2,5.0,7.1,6.1,4.0,0.0,0.0,1052,0,0,231,234,4,0,0,0,0.0,0,0.0,0,32.0,598
1791224112,5.1,6.1,0.0,3.2,3.0,3.0,8.1,5.0,0.0,0.0,1052,0,0,232,235,4,0,0,0,0.0,0,0.0,0,32.0,598
1791224113,2.0,5.2,0.0,2.2,6.1,4.0,6.1,5.0,0.0,0.0,1052,0,12,232,235,5,0,0,0,0.0,0,0.0,0,35.0,598
1791224114,5.1,3.1,1.0,1.0,5.1,7.1,6.1,5.0,0.0,0.0,1052,0,0,231,235,4,0,0,0,0.0,0,0.0,0,31.0,598
1791224115,1.0,3.2,6.1,2.0,4.1,5.1,6.1,2.0,0.0,0.0,1053,0,4,231,235,4,0,0,0,0.0,0,0.0,0,35.0,598
1791224116,0.0,2.2,7.1,5.1,7.2,0.0,4.1,2.0,0.0,0.0,1053,0,0,230,235,5,0,0,0,0.0,0,0.0,0,33.0,598
1791224117,8.9,2.2,7.2,0.0,5.1,0.0,6.1,3.0,0.0,0.0,1053,0,0,231,234,5,0,0,0,0.0,0,0.0,0,33.0,598
1791224118,6.1,2.2,6.1,6.1,4.0,1.0,4.0,5.0,0.0,0.0,1053,0,12,231,234,4,0,0,0,0.0,0,0.0,0,33.0,598
1791224119,10.9,13.3,10.6,7.1,11.3,11.1,10.2,12.0,0.0,0.0,1053,0,0,231,235,4,0,0,0,0.0,0,0.0,0,87.0,599
1791224120,0.0,6.1,4.3,5.0,1.0,6.1,5.1,4.0,0.0,0.0,1053,0,0,231,234,4,0,0,0,0.0,0,0.0,0,30.0,599
1791224121,0.0,5.2,7.2,7.1,5.1,6.1,2.0,4.0,0.0,0.0,1053,0,8,232,235,4,0,0,0,0.0,0,0.0,0,35.0,599
1791224122,4.0,1.1,3.1,4.1,7.1,3.0,0.0,5.0,0.0,0.0,1053,0,0,232,235,4,0,0,0,0.0,0,0.0,0,30.0,599
1791224123,6.1,2.1,1.0,2.0,5.0,6.1,0.0,6.1,0.0,0.0,1053,0,0,233,235,4,0,0,0,0.0,0,0.0,0,25.0,599
1791224124,8.0,0.0,4.3,6.1,5.1,6.1,0.0,5.0,0.0,0.0,1054,0,24,231,234,5,0,0,0,0.0,0,0.0,0,32.0,599
1791224125,8.0,0.0,4.3,7.1,6.0,3.1,0.0,4.0,0.0,0.0,1054,0,0,231,234,4,0,0,0,0.0,0,0.0,0,30.0,599
1791224126,8.9,1.1,8.2,7.1,2.0,5.0,0.0,5.0,0.0,0.0,1054,0,0,232,234,4,0,0,0,0.0,0,0.0,0,34.0,599
1791224127,5.1,2.1,6.2,8.1,4.0,1.0,0.0,5.0,0.0,0.0,1054,0,304,231,234,4,0,0,0,0.0,0,0.0,0,33.0,599
1791224128,6.0,5.0,3.3,5.1,8.0,0.0,0.0,6.1,0.0,0.0,1054,0,0,230,233,4,0,0,0,0.0,0,0.0,0,32.0,599
1791224129,7.1,5.0,3.2,6.1,3.1,0.0,0.0,5.1,0.0,0.0,1054,0,40,232,234,4,0,0,0,0.0,0,0.0,0,29.0,599
1791224130,8.1,5.0,6.3,2.0,6.9,4.0,0.0,5.0,0.0,0.0,1054,0,0,231,234,4,0,0,0,0.0,0,0.0,0,32.0,599
1791224131,6.1,5.0,3.1,3.1,2.1,5.1,1.0,4.0,0.0,0.0,1054,0,0,233,235,4,0,0,0,0.0,0,0.0,0,30.0,599
1791224132,2.0,5.3,0.0,7.0,0.0,5.1,6.1,6.1,0.0,0.0,1055,0,0,233,235,4,0,0,0,0.0,0,0.0,0,31.0,599
1791224133,0.0,2.2,4.0,7.1,1.0,4.1,5.1,7.1,0.0,0.0,1054,0,4,233,235,4,0,0,0,0.0,0,0.0,0,32.0,599
1791224134,11.0,9.2,10.4,12.1,8.2,12.2,10.0,12.1,0.0,0.0,1057,0,12,232,234,4,0,0,0,0.0,0,0.0,0,85.0,602
1791224135,4.0,5.1,7.2,2.0,0.0,3.0,1.1,4.1,0.0,0.0,1057,0,0,232,235,4,0,0,0,0.0,0,0.0,0,33.0,602
1791224136,6.0,7.0,9.1,0.0,0.0,5.0,3.2,4.1,0.0,0.0,1057,0,0,232,235,4,0,0,0,0.0,0,0.0,0,30.0,602
1791224137,9.0,1.0,7.2,0.0,3.0,3.1,2.1,8.1,0.0,0.0,1057,0,0,232,234,4,0,0,0,0.0,0,0.0,0,32.0,602
1791224138,4.0,7.1,6.1,0.0,0.0,6.0,1.1,5.1,0.0,0.0,1057,0,0,232,234,4,0,0,0,0.0,0,0.0,0,31.0,602
1791224139,8.1,2.0,7.1,0.0,1.1,7.1,0.0,6.1,0.0,0.0,1057,0,4,232,235,4,0,0,0,0.0,0,0.0,0,35.0,602
1791224140,4.9,7.1,6.2,4.0,3.2,6.1,3.0,6.0,0.0,0.0,1057,0,12,232,235,4,0,0,0,0.0,0,0.0,0,33.0,602
1791224141,5.1,6.0,1.0,5.2,2.2,6.1,2.0,5.0,0.0,0.0,1058,0,0,231,234,4,0,0,0,0.0,0,0.0,0,32.0,602
1791224142,1.0,5.1,0.0,8.1,2.2,4.0,6.1,4.0,0.0,0.0,1058,0,0,231,234,5,0,0,0,0.0,0,0.0,0,33.0,602
1791224143,5.0,8.9,0.0,8.0,2.2,2.0,5.1,5.0,0.0,0.0,1058,0,0,231,234,4,0,0,0,0.0,0,0.0,0,34.0,602
1791224144,7.0,1.0,1.0,7.1,1.1,5.1,6.1,4.0,0.0,0.0,1058,0,0,231,235,4,0,0,0,0.0,0,0.0,0,32.0,602
1791224145,7.1,4.0,0.0,6.1,0.0,6.1,1.0,5.0,0.0,0.0,1058,0,4,232,235,4,0,0,0,0.0,0,0.0,0,30.0,602
1791224146,8.0,7.1,1.0,6.0,3.2,4.1,1.0,4.0,0.0,0.0,1058,0,12,232,235,4,0,0,0,0.0,0,0.0,0,32.0,602
1791224147,4.0,3.1,0.0,4.1,1.1,6.1,2.0,10.1,0.0,0.0,1058,0,0,232,235,4,0,0,0,0.0,0,0.0,0,33.0,602
1791224148,9.9,6.1,1.0,7.0,2.1,6.1,0.0,1.0,0.0,0.0,1058,0,0,232,235,4,0,0,0,0.0,0,0.0,0,29.0,602
1791224149,16.2,14.0,12.2,7.1,8.2,9.5,8.1,12.1,0.0,0.0,1058,0,0,232,235,4,0,0,0,0.0,0,0.0,0,89.0,602
1791224150,6.0,5.1,4.0,7.1,0.0,3.2,4.0,8.2,0.0,0.0,1058,0,0,231,235,4,0,0,0,0.0,0,0.0,0,35.0,602
1791224151,9.1,7.1,9.1,2.0,0.0,3.2,0.0,5.1,0.0,0.0,1058,0,4,232,234,4,0,0,0,0.0,0,0.0,0,32.0,602
1791224152,5.0,3.0,8.2,8.2,0.0,1.1,2.1,6.1,0.0,0.0,1058,0,12,232,235,4,0,0,0,0.0,0,0.0,0,34.0,602
1791224153,10.2,7.1,7.1,0.0,0.0,0.0,2.2,6.1,0.0,0.0,1058,0,0,231,234,5,0,0,0,0.0,0,0.0,0,33.0,602
1791224154,5.9,6.1,9.1,7.1,0.0,0.0,3.2,5.1,0.0,0.0,1058,0,0,234,236,4,0,0,0,0.0,0,0.0,0,34.0,602
1791224155,5.1,5.1,6.2,6.1,5.1,0.0,2.2,0.0,0.0,0.0,1058,0,0,232,235,4,0,0,0,0.0,0,0.0,0,34.0,602
1791224156,4.0,5.1,6.1,4.0,7.0,0.0,6.2,0.0,0.0,0.0,1059,0,0,232,234,4,0,0,0,0.0,0,0.0,0,32.0,602
1791224157,4.0,4.1,5.2,5.2,0.0,3.2,6.2,0.0,0.0,0.0,1059,0,8,232,235,4,0,0,0,0.0,0,0.0,0,31.0,602
1791224158,5.0,5.0,8.2,5.1,3.0,2.1,6.1,0.0,0.0,0.0,1059,0,24,232,235,4,0,0,0,0.0,0,0.0,0,33.0,602
1791224159,4.0,6.1,6.2,1.0,4.1,5.0,3.1,0.0,0.0,0.0,1059,0,0,231,235,4,0,0,0,0.0,0,0.0,0,30.0,602
1791224160,7.1,5.1,3.0,6.2,5.1,1.1,2.1,0.0,0.0,0.0,1059,0,300,232,235,4,0,0,0,0.0,0,0.0,0,31.0,602
1791224161,5.0,2.0,10.0,6.1,5.0,2.2,6.0,0.0,0.0,0.0,1058,0,0,233,235,4,0,0,0,0.0,0,0.0,0,33.0,602
1791224162,9.0,4.0,7.2,2.0,5.0,2.2,2.0,0.0,0.0,0.0,1058,0,0,234,236,4,0,0,0,0.0,0,0.0,0,32.0,602
1791224163,8.1,7.1,7.1,5.1,4.0,1.1,0.0,0.0,0.0,0.0,1059,0,32,232,235,4,0,0,0,0.0,0,0.0,0,32.0,602
1791224164,16.0,12.0,12.1,9.9,8.1,13.1,10.5,10.2,0.0,0.0,1059,0,0,232,234,4,0,0,0,0.0,0,0.0,0,87.0,602
1791224165,6.0,5.1,7.1,0.0,8.1,8.0,2.2,1.0,0.0,0.0,1059,0,0,232,234,4,0,0,0,0.0,0,0.0,0,32.0,602
1791224166,6.0,6.1,6.2,0.0,7.1,6.1,2.2,0.0,0.0,0.0,1059,0,0,233,236,4,0,0,0,0.0,0,0.0,0,33.0,602
1791224167,4.0,5.1,8.2,0.0,1.0,5.2,1.1,2.0,0.0,0.0,1059,0,0,232,235,4,0,0,0,0.0,0,0.0,0,32.0,602
1791224168,7.1,4.1,7.1,2.0,0.0,6.1,2.1,2.0,0.0,0.0,1059,0,32,232,234,5,0,0,0,0.0,0,0.0,0,33.0,602
1791224169,7.0,0.0,7.2,7.1,0.0,6.1,1.1,5.0,0.0,0.0,1059,0,4,232,235,5,0,0,0,0.0,0,0.0,0,33.0,602
1791224170,5.1,5.9,8.2,5.1,0.0,0.0,4.1,4.1,0.0,0.0,1059,0,0,233,236,4,0,0,0,0.0,0,0.0,0,32.0,602
1791224171,6.1,6.1,5.4,5.0,0.0,6.1,2.0,5.0,0.0,0.0,1059,0,0,232,234,4,0,0,0,0.0,0,0.0,0,32.0,602
1791224172,4.0,5.1,3.3,7.1,0.0,5.1,5.1,5.0,0.0,0.0,1059,0,0,232,235,4,0,0,0,0.0,0,0.0,0,35.0,602
1791224173,5.0,6.2,4.2,1.0,5.1,5.0,2.0,3.0,0.1,0.0,1059,0,12,233,235,4,0,0,0,0.0,0,0.0,0,32.0,602
1791224174,6.1,1.0,4.3,6.1,8.1,4.0,1.0,3.0,0.0,0.0,1060,0,0,232,234,4,0,0,0,0.0,0,0.0,0,34.0,602
1791224175,9.0,0.0,4.3,5.1,6.1,2.0,4.1,1.0,0.0,0.0,1060,0,4,233,234,4,0,0,0,0.0,0,0.0,0,36.0,602
1791224176,7.1,2.2,8.1,5.0,1.0,0.0,5.1,5.0,0.0,0.0,1060,0,0,232,235,4,0,0,0,0.0,0,0.0,0,31.0,602
1791224177,8.0,2.1,0.0,2.0,4.0,4.1,0.0,9.1,0.0,0.0,1060,0,0,231,235,4,0,0,0,0.0,0,0.0,0,32.0,602
1791224178,6.0,2.0,2.1,0.0,5.2,7.1,0.0,8.2,0.0,0.0,1060,0,0,233,235,4,0,0,0,0.0,0,0.0,0,32.0,602
1791224179,10.1,11.0,14.6,9.4,14.1,10.1,9.1,13.1,0.0,0.0,1060,0,12,232,235,4,0,0,0,0.0,0,0.0,0,92.0,603
1791224180,2.0,6.1,5.2,3.2,6.1,2.0,3.0,3.0,0.0,0.0,1060,0,0,231,235,4,0,0,0,0.0,0,0.0,0,31.0,603
1791224181,8.1,5.1,0.0,3.3,5.1,0.0,5.2,4.0,0.0,0.0,1060,0,4,232,235,4,0,0,0,0.0,0,0.0,0,34.0,603
1791224182,8.1,6.0,3.1,2.1,6.1,0.0,7.0,5.0,0.0,0.0,1060,0,0,232,234,4,0,0,0,0.0,0,0.0,0,32.0,603
1791224183,8.1,8.0,3.2,0.0,5.1,0.0,5.1,5.0,0.0,0.0,1060,0,0,231,234,4,0,0,0,0.0,0,0.0,0,32.0,603
1791224184,6.0,7.0,4.3,0.0,5.0,0.0,6.1,5.0,0.0,0.0,1060,0,12,232,234,4,0,0,0,0.0,0,0.0,0,33.0,603
1791224185,5.9,0.0,9.2,1.1,7.1,1.0,4.1,4.0,0.0,0.0,1060,0,0,232,234,4,0,0,0,0.0,0,0.0,0,32.0,603
1791224186,6.1,0.0,8.1,1.0,3.0,1.0,7.1,7.2,0.0,0.0,1060,0,0,231,234,4,0,0,0,0.0,0,0.0,0,33.0,603
1791224187,8.1,3.2,4.1,1.0,0.0,5.1,6.1,9.0,0.0,0.0,1060,0,4,231,234,4,0,0,0,0.0,0,0.0,0,32.0,603
1791224188,7.9,2.2,7.1,1.0,0.0,6.0,5.2,2.0,0.0,0.0,1061,0,0,231,234,4,0,0,0,0.0,0,0.0,0,33.0,603
1791224189,7.1,1.1,4.1,7.1,0.0,2.1,4.1,5.0,0.0,0.0,1061,0,12,232,234,4,0,0,0,0.0,0,0.0,0,32.0,603
1791224190,5.1,2.2,5.1,8.1,0.0,2.0,6.1,3.0,0.0,0.0,1061,0,0,231,234,4,0,0,0,0.0,0,0.0,0,35.0,603
1791224191,8.1,2.1,6.1,0.0,0.0,2.0,6.0,11.0,0.0,0.0,1061,0,300,232,235,5,0,0,0,0.0,0,0.0,0,32.0,603
1791224192,4.0,2.2,6.1,2.1,2.0,5.1,4.0,2.0,0.0,0.0,1061,0,0,233,236,4,0,0,0,0.0,0,0.0,0,32.0,603
1791224193,5.0,3.2,7.1,0.0,7.1,7.0,7.1,0.0,0.0,0.0,1061,0,4,232,234,4,0,0,0,0.0,0,0.0,0,34.0,603
1791224194,13.1,10.3,10.2,10.1,9.1,14.1,11.3,11.9,0.1,0.0,1061,0,0,232,235,4,0,0,0,0.0,0,0.0,0,88.0,604
1791224195,6.0,4.0,7.2,6.1,5.1,2.0,1.1,1.0,0.1,0.0,1061,0,24,233,235,4,0,0,0,0.0,0,0.0,0,32.0,604
1791224196,6.0,6.1,0.0,4.1,7.1,6.1,2.2,1.0,0.0,0.0,1061,0,0,232,235,4,0,0,0,0.0,0,0.0,0,34.0,604
1791224197,8.9,1.0,0.0,0.0,6.1,8.1,4.2,5.2,0.0,0.0,1061,0,0,232,235,4,0,0,0,0.0,0,0.0,0,36.0,604
1791224198,2.0,4.0,0.0,5.1,5.1,4.1,7.1,1.1,0.0,0.0,1061,0,0,233,236,4,0,0,0,0.0,0,0.0,0,30.0,604
1791224199,4.1,5.0,1.0,9.0,1.0,5.1,5.1,3.2,0.0,0.0,1061,0,8,233,234,4,0,0,0,0.0,0,0.0,0,34.0,604
1791224200,2.0,8.1,0.0,7.1,4.0,6.1,1.0,2.2,0.0,0.0,1061,0,28,231,235,4,0,0,0,0.0,0,0.0,0,31.0,604
1791224201,3.9,10.2,2.0,7.1,7.1,6.1,0.0,2.2,0.0,0.0,1062,0,0,234,236,4,0,0,0,0.0,0,0.0,0,37.0,604
1791224202,4.0,8.1,7.1,5.0,2.0,1.0,4.1,3.2,0.0,0.0,1062,0,0,232,235,4,0,0,0,0.0,0,0.0,0,33.0,604
1791224203,6.1,5.1,7.3,0.0,1.0,6.2,3.2,4.0,0.0,0.0,1062,0,0,233,235,4,0,0,0,0.0,0,0.0,0,35.0,604
1791224204,6.1,6.9,6.1,6.1,0.0,5.1,2.2,5.1,0.0,0.0,1062,0,0,232,235,4,0,0,0,0.0,0,0.0,0,34.0,604
1791224205,6.1,4.0,7.1,0.0,0.0,6.1,3.2,7.0,0.0,0.0,1062,0,28,232,235,4,0,0,0,0.0,0,0.0,0,32.0,604
1791224206,5.9,3.0,9.1,4.1,2.0,5.1,2.2,3.1,0.0,0.0,1062,0,0,232,234,4,0,0,0,0.0,0,0.0,0,34.0,604
1791224207,7.1,4.0,6.2,0.0,1.0,7.1,1.1,6.1,0.0,0.0,1062,0,0,233,235,4,0,0,0,0.0,0,0.0,0,34.0,604
1791224208,1.0,4.0,2.1,6.1,4.0,6.1,2.2,3.1,0.0,0.0,1062,0,0,233,236,4,0,0,0,0.0,0,0.0,0,32.0,604
1791224209,11.0,13.1,7.2,11.2,10.2,10.3,8.4,12.1,0.0,0.0,1062,0,0,232,235,4,0,0,0,0.0,0,0.0,0,86.0,604
1791224210,0.0,4.0,9.2,2.0,5.2,7.1,2.1,4.0,0.0,0.0,1063,0,12,232,235,4,0,0,0,0.0,0,0.0,0,35.0,604
1791224211,0.0,4.0,9.1,0.0,4.0,6.1,1.1,5.1,0.0,0.0,1063,0,4,232,235,4,0,0,0,0.0,0,0.0,0,31.0,604
1791224212,4.1,5.0,3.1,0.0,8.0,5.1,2.2,5.1,0.0,0.0,1063,0,0,232,235,4,0,0,0,0.0,0,0.0,0,32.0,605
1791224213,7.9,7.1,1.0,0.0,7.1,7.1,2.2,0.0,0.0,0.0,1063,0,0,231,235,4,0,0,0,0.0,0,0.0,0,33.0,605
1791224214,8.0,9.0,0.0,0.0,7.1,6.0,1.1,2.0,0.0,0.0,1064,0,0,231,235,5,0,0,0,0.0,0,0.0,0,34.0,605
1791224215,6.1,7.1,3.1,0.0,5.1,2.0,1.0,7.4,0.0,0.0,1064,0,0,232,235,5,0,0,0,0.0,0,0.0,0,34.0,605
1791224216,5.1,1.0,7.1,0.0,5.1,6.2,1.1,4.0,0.0,0.0,1064,0,12,233,235,4,0,0,0,0.0,0,0.0,0,33.0,605
1791224217,6.1,6.1,0.0,0.0,5.2,5.1,0.0,6.3,0.0,0.0,1064,0,4,232,235,4,0,0,0,0.0,0,0.0,0,32.0,605
1791224218,5.0,5.2,1.0,0.0,9.1,1.0,1.1,10.9,0.0,0.0,1064,0,0,232,235,5,0,0,0,0.0,0,0.0,0,32.0,605
1791224219,7.0,8.0,5.2,5.1,3.0,3.0,3.2,4.0,0.0,0.0,1064,0,0,232,235,4,0,0,0,0.0,0,0.0,0,31.0,605
1791224220,6.0,4.0,9.1,6.1,0.0,2.0,1.1,2.0,0.0,0.0,1064,0,0,232,235,5,0,0,0,0.0,0,0.0,0,32.0,605
1791224221,2.0,2.0,9.0,7.2,0.0,6.1,2.2,5.0,0.0,0.0,1064,0,12,232,236,4,0,0,0,0.0,0,0.0,0,34.0,605
1791224222,7.0,7.0,5.2,5.1,0.0,4.1,1.1,5.0,0.0,0.0,1065,4,40,231,235,4,0,0,0,0.0,0,0.0,0,32.0,605
1791224223,2.1,9.1,1.0,7.1,0.0,7.1,3.1,4.0,0.0,0.0,1065,0,304,232,235,4,0,0,0,0.0,0,0.0,0,35.0,605
1791224224,6.1,2.1,2.0,6.1,0.0,5.1,6.1,4.0,0.0,0.0,1065,0,0,233,235,4,0,0,0,0.0,0,0.0,0,30.0,605
1791224225,8.1,7.1,10.5,12.2,9.2,14.0,14.1,17.0,0.0,0.0,1071,0,0,230,234,4,0,0,0,0.0,0,0.0,0,88.0,612
1791224226,0.0,7.1,3.1,2.2,4.1,6.1,5.1,4.0,0.0,0.0,1071,0,0,232,234,4,0,0,0,0.0,0,0.0,0,33.0,612
1791224227,0.0,5.1,3.2,4.1,4.0,2.0,6.1,3.0,0.0,0.0,1071,0,180,231,234,4,0,0,0,0.0,0,0.0,0,32.0,612
1791224228,0.0,8.9,2.0,3.0,1.0,11.1,3.0,5.1,0.1,0.0,480,0,48,70,69,3,1,0,0,0.0,0,0.0,0,-34067.0,0
1791224229,2.0,2.0,0.0,0.0,0.0,0.0,0.0,5.0,0.0,0.0,480,0,4,4,3,4,1,0,0,0.0,0,0.0,0,0.0,0
