code,url
FXsm,https://made.example.invalid/e07-05/11-1?utm_source=share&ref=l46jjrdc
FXsl,https://made.example.invalid/e07-05/7-0?utm_source=share&ref=p40kot5y
FXsn,https://made.example.invalid/e07-05/13-2?utm_source=share&ref=ihfzy62z
FXso,https://made.example.invalid/e07-05/20-3?utm_source=share&ref=k0cg10wv
FXsp,https://made.example.invalid/e07-05/17-4?utm_source=share&ref=4gy86bgu
FXsq,https://made.example.invalid/e07-05/11-5?utm_source=share&ref=zm6a32ti
FXsr,https://made.example.invalid/e07-05/7-6?utm_source=share&ref=hpamnt66
FXss,https://made.example.invalid/e07-05/13-7?utm_source=share&ref=g5lakzfg
FXst,https://made.example.invalid/e07-05/20-8?utm_source=share&ref=gz2fnfzf
FXsu,https://made.example.invalid/e07-05/17-9?utm_source=share&ref=yrr7rzgh
FXsv,https://made.example.invalid/e07-05/11-10?utm_source=share&ref=xtzp5iri
FXsw,https://made.example.invalid/e07-05/7-11?utm_source=share&ref=ij99wvsm
FXsx,https://made.example.invalid/e07-05/13-12?utm_source=share&ref=whzxoibb
FXsy,https://made.example.invalid/e07-05/20-13?utm_source=share&ref=uudfflf6
FXsz,https://made.example.invalid/e07-05/17-14?utm_source=share&ref=wcrp0bdz
FXsA,https://made.example.invalid/e07-05/11-15?utm_source=share&ref=a8k0c3fw
FXsB,https://made.example.invalid/e07-05/7-16?utm_source=share&ref=50fzwhan
FXsC,https://made.example.invalid/e07-05/13-17?utm_source=share&ref=ytdyarce
FXsD,https://made.example.invalid/e07-05/20-18?utm_source=share&ref=9djcjiqh
FXsE,https://made.example.invalid/e07-05/17-19?utm_source=share&ref=ol9g0er6
FXsF,https://made.example.invalid/e07-05/11-20?utm_source=share&ref=8io1ya7n
FXsG,https://made.example.invalid/e07-05/7-21?utm_source=share&ref=9u7sfi34
FXsH,https://made.example.invalid/e07-05/13-22?utm_source=share&ref=lxys0y82
FXsI,https://made.example.invalid/e07-05/20-23?utm_source=share&ref=9w5s9d75
FXsJ,https://made.example.invalid/e07-05/17-24?utm_source=share&ref=sgci953q
FXsK,https://made.example.invalid/e07-05/11-25?utm_source=share&ref=8llvswn4
FXsL,https://made.example.invalid/e07-05/7-26?utm_source=share&ref=l56xnh1b
FXsM,https://made.example.invalid/e07-05/13-27?utm_source=share&ref=ag7uzpea
FXsN,https://made.example.invalid/e07-05/20-28?utm_source=share&ref=3kzm53ip
FXsO,https://made.example.invalid/e07-05/17-29?utm_source=share&ref=fd8zgi68
FXsP,https://made.example.invalid/e07-05/11-30?utm_source=share&ref=esgv0ip5
FXsQ,https://made.example.invalid/e07-05/7-31?utm_source=share&ref=48hr9i9e
FXsR,https://made.example.invalid/e07-05/13-32?utm_source=share&ref=e11ehr7p
FXsS,https://made.example.invalid/e07-05/20-33?utm_source=share&ref=ujd7he4o
FXsT,https://made.example.invalid/e07-05/17-34?utm_source=share&ref=hmczr0cp
FXsU,https://made.example.invalid/e07-05/11-35?utm_source=share&ref=aky5gzq2
FXsV,https://made.example.invalid/e07-05/7-36?utm_source=share&ref=wlq598lh
FXsW,https://made.example.invalid/e07-05/13-37?utm_source=share&ref=w82jea89
FXsX,https://made.example.invalid/e07-05/20-38?utm_source=share&ref=a1xez1gu
FXsY,https://made.example.invalid/e07-05/17-39?utm_source=share&ref=wwtf6mly
FXsZ,https://made.example.invalid/e07-05/11-40?utm_source=share&ref=slv8zsvl
FXt0,https://made.example.invalid/e07-05/7-41?utm_source=share&ref=bw4jshm0
FXt1,https://made.example.invalid/e07-05/13-42?utm_source=share&ref=0sctih67
FXt2,https://made.example.invalid/e07-05/20-43?utm_source=share&ref=8jby9p6n
FXt3,https://made.example.invalid/e07-05/17-44?utm_source=share&ref=nbxq82v4
FXt4,https://made.example.invalid/e07-05/11-45?utm_source=share&ref=j5a28iu5
FXt5,https://made.example.invalid/e07-05/7-46?utm_source=share&ref=za231yob
FXt6,https://made.example.invalid/e07-05/13-47?utm_source=share&ref=0i0ad4j6
FXt7,https://made.example.invalid/e07-05/20-48?utm_source=share&ref=gsdmq5xf
FXt8,https://made.example.invalid/e07-05/17-49?utm_source=share&ref=n73g6q74
FXt9,https://made.example.invalid/e07-05/11-50?utm_source=share&ref=oz8na078
FXta,https://made.example.invalid/e07-05/7-51?utm_source=share&ref=cckr8sjn
FXtb,https://made.example.invalid/e07-05/13-52?utm_source=share&ref=exdrau8n
FXtc,https://made.example.invalid/e07-05/20-53?utm_source=share&ref=nuncpm0d
FXtd,https://made.example.invalid/e07-05/17-54?utm_source=share&ref=hnpnxdfx
FXte,https://made.example.invalid/e07-05/11-55?utm_source=share&ref=y9xwr94i
FXtf,https://made.example.invalid/e07-05/7-56?utm_source=share&ref=vigqk4ju
FXtg,https://made.example.invalid/e07-05/13-57?utm_source=share&ref=r4ur11ag
FXth,https://made.example.invalid/e07-05/20-58?utm_source=share&ref=rs1igzwj
FXti,https://made.example.invalid/e07-05/17-59?utm_source=share&ref=aen5mrju
FXtj,https://made.example.invalid/e07-05/11-60?utm_source=share&ref=vl72ik7g
FXtk,https://made.example.invalid/e07-05/7-61?utm_source=share&ref=8dtk0fsa
FXtl,https://made.example.invalid/e07-05/13-62?utm_source=share&ref=7zfa3q07
FXtm,https://made.example.invalid/e07-05/20-63?utm_source=share&ref=pgh78q8y
FXtn,https://made.example.invalid/e07-05/17-64?utm_source=share&ref=paxdrz5f
FXto,https://made.example.invalid/e07-05/11-65?utm_source=share&ref=8p2kyvv6
FXtp,https://made.example.invalid/e07-05/7-66?utm_source=share&ref=2o6cc1cs
FXtq,https://made.example.invalid/e07-05/13-67?utm_source=share&ref=aasta10r
FXtr,https://made.example.invalid/e07-05/20-68?utm_source=share&ref=ypviesx3
FXts,https://made.example.invalid/e07-05/17-69?utm_source=share&ref=dz24juln
FXtt,https://made.example.invalid/e07-05/11-70?utm_source=share&ref=k5vqhsv1
FXtu,https://made.example.invalid/e07-05/7-71?utm_source=share&ref=kior2qse
FXtv,https://made.example.invalid/e07-05/13-72?utm_source=share&ref=pzzgpueq
FXtw,https://made.example.invalid/e07-05/20-73?utm_source=share&ref=i0qsivvy
FXtx,https://made.example.invalid/e07-05/17-74?utm_source=share&ref=lblvp558
FXty,https://made.example.invalid/e07-05/11-75?utm_source=share&ref=12alxxzk
FXtz,https://made.example.invalid/e07-05/7-76?utm_source=share&ref=s19nd70x
FXtA,https://made.example.invalid/e07-05/13-77?utm_source=share&ref=jepi4i7l
FXtB,https://made.example.invalid/e07-05/20-78?utm_source=share&ref=57s68zgf
FXtC,https://made.example.invalid/e07-05/17-79?utm_source=share&ref=el2zcsd7
FXtD,https://made.example.invalid/e07-05/11-80?utm_source=share&ref=kf110q5p
FXtE,https://made.example.invalid/e07-05/7-81?utm_source=share&ref=usdam0ey
FXtF,https://made.example.invalid/e07-05/13-82?utm_source=share&ref=kp80uzh6
FXtG,https://made.example.invalid/e07-05/20-83?utm_source=share&ref=smgtisbm
FXtH,https://made.example.invalid/e07-05/17-84?utm_source=share&ref=gq8a1ec7
FXtI,https://made.example.invalid/e07-05/11-85?utm_source=share&ref=79qphrcv
FXtJ,https://made.example.invalid/e07-05/7-86?utm_source=share&ref=7fyxafmm
FXtK,https://made.example.invalid/e07-05/13-87?utm_source=share&ref=6adczrfq
FXtL,https://made.example.invalid/e07-05/20-88?utm_source=share&ref=1p0k7jis
FXtM,https://made.example.invalid/e07-05/17-89?utm_source=share&ref=hc0jsp9g
FXtN,https://made.example.invalid/e07-05/11-90?utm_source=share&ref=bl6veqvm
FXtO,https://made.example.invalid/e07-05/7-91?utm_source=share&ref=4s5gq6y9
FXtP,https://made.example.invalid/e07-05/13-92?utm_source=share&ref=kv98p5sk
FXtQ,https://made.example.invalid/e07-05/20-93?utm_source=share&ref=qk88ewn3
FXtR,https://made.example.invalid/e07-05/17-94?utm_source=share&ref=6424700o
FXtS,https://made.example.invalid/e07-05/11-95?utm_source=share&ref=dws6yehs
FXtT,https://made.example.invalid/e07-05/7-96?utm_source=share&ref=6exe2r5s
FXtU,https://made.example.invalid/e07-05/13-97?utm_source=share&ref=rusyum07
FXtV,https://made.example.invalid/e07-05/20-98?utm_source=share&ref=q6tadd3z
FXtW,https://made.example.invalid/e07-05/17-99?utm_source=share&ref=vgz4t1pq
FXtX,https://made.example.invalid/e07-05/11-100?utm_source=share&ref=drvlu9b6
FXtY,https://made.example.invalid/e07-05/7-101?utm_source=share&ref=2bd096e8
FXtZ,https://made.example.invalid/e07-05/13-102?utm_source=share&ref=1rlb5x40
FXu0,https://made.example.invalid/e07-05/20-103?utm_source=share&ref=ep32wujt
FXu1,https://made.example.invalid/e07-05/17-104?utm_source=share&ref=bfiuaeja
FXu2,https://made.example.invalid/e07-05/11-105?utm_source=share&ref=j22487u0
FXu3,https://made.example.invalid/e07-05/7-106?utm_source=share&ref=gxi9w0hi
FXu4,https://made.example.invalid/e07-05/13-107?utm_source=share&ref=ijkk4awb
FXu5,https://made.example.invalid/e07-05/20-108?utm_source=share&ref=olm7sevk
FXu6,https://made.example.invalid/e07-05/17-109?utm_source=share&ref=8yks70lb
FXu7,https://made.example.invalid/e07-05/11-110?utm_source=share&ref=fwuvny2w
FXu8,https://made.example.invalid/e07-05/7-111?utm_source=share&ref=wo5wtdd4
FXu9,https://made.example.invalid/e07-05/13-112?utm_source=share&ref=9efyanim
FXua,https://made.example.invalid/e07-05/20-113?utm_source=share&ref=wxxj0ksx
FXub,https://made.example.invalid/e07-05/17-114?utm_source=share&ref=2hzn0ipv
FXuc,https://made.example.invalid/e07-05/11-115?utm_source=share&ref=uqis6q2h
FXud,https://made.example.invalid/e07-05/7-116?utm_source=share&ref=ytay7w20
FXue,https://made.example.invalid/e07-05/13-117?utm_source=share&ref=zy20dnsd
FXuf,https://made.example.invalid/e07-05/20-118?utm_source=share&ref=mxfomghu
FXug,https://made.example.invalid/e07-05/17-119?utm_source=share&ref=lw5yxq0r
FXuh,https://made.example.invalid/e07-05/11-120?utm_source=share&ref=v1g7d8tb
FXui,https://made.example.invalid/e07-05/7-121?utm_source=share&ref=l7v4temw
FXuj,https://made.example.invalid/e07-05/13-122?utm_source=share&ref=u2hvdi86
FXuk,https://made.example.invalid/e07-05/20-123?utm_source=share&ref=othlh9g7
FXul,https://made.example.invalid/e07-05/17-124?utm_source=share&ref=7ibjlpoy
FXum,https://made.example.invalid/e07-05/11-125?utm_source=share&ref=berznyzg
FXun,https://made.example.invalid/e07-05/7-126?utm_source=share&ref=9d9bwtht
FXuo,https://made.example.invalid/e07-05/13-127?utm_source=share&ref=p0lgxy4y
FXup,https://made.example.invalid/e07-05/20-128?utm_source=share&ref=sulloqp4
FXuq,https://made.example.invalid/e07-05/17-129?utm_source=share&ref=m3su0vyf
FXur,https://made.example.invalid/e07-05/11-130?utm_source=share&ref=odr78a77
FXus,https://made.example.invalid/e07-05/7-131?utm_source=share&ref=cfsko534
FXut,https://made.example.invalid/e07-05/13-132?utm_source=share&ref=zazs35e9
FXuu,https://made.example.invalid/e07-05/20-133?utm_source=share&ref=sx46wiep
FXuv,https://made.example.invalid/e07-05/17-134?utm_source=share&ref=ja3pu3wh
FXuw,https://made.example.invalid/e07-05/11-135?utm_source=share&ref=axu1l823
FXux,https://made.example.invalid/e07-05/7-136?utm_source=share&ref=u6s5qs4k
FXuy,https://made.example.invalid/e07-05/13-137?utm_source=share&ref=hzsjr9yc
FXuz,https://made.example.invalid/e07-05/20-138?utm_source=share&ref=qcs3h9dz
FXuA,https://made.example.invalid/e07-05/17-139?utm_source=share&ref=ati67fms
FXuB,https://made.example.invalid/e07-05/11-140?utm_source=share&ref=9zuf6ntg
FXuC,https://made.example.invalid/e07-05/7-141?utm_source=share&ref=b05aisux
FXuD,https://made.example.invalid/e07-05/13-142?utm_source=share&ref=lybwewca
FXuE,https://made.example.invalid/e07-05/20-143?utm_source=share&ref=49b87s85
FXuF,https://made.example.invalid/e07-05/17-144?utm_source=share&ref=ds7xcwkw
FXuG,https://made.example.invalid/e07-05/11-145?utm_source=share&ref=1qjwnmay
FXuH,https://made.example.invalid/e07-05/7-146?utm_source=share&ref=kqac8fyu
FXuI,https://made.example.invalid/e07-05/13-147?utm_source=share&ref=4azct8p2
FXuJ,https://made.example.invalid/e07-05/20-148?utm_source=share&ref=gl91c5r9
FXuK,https://made.example.invalid/e07-05/17-149?utm_source=share&ref=2b278cyg
FXuL,https://made.example.invalid/e07-05/11-150?utm_source=share&ref=schp3em7
FXuM,https://made.example.invalid/e07-05/7-151?utm_source=share&ref=onmyppcd
FXuN,https://made.example.invalid/e07-05/13-152?utm_source=share&ref=t2y1crm4
FXuO,https://made.example.invalid/e07-05/20-153?utm_source=share&ref=nybf5f07
FXuP,https://made.example.invalid/e07-05/17-154?utm_source=share&ref=sr5j18f3
FXuQ,https://made.example.invalid/e07-05/11-155?utm_source=share&ref=90f7zt7u
FXuR,https://made.example.invalid/e07-05/7-156?utm_source=share&ref=i1z61avc
FXuS,https://made.example.invalid/e07-05/13-157?utm_source=share&ref=aywgjxz0
FXuT,https://made.example.invalid/e07-05/20-158?utm_source=share&ref=o8sohbne
FXuU,https://made.example.invalid/e07-05/17-159?utm_source=share&ref=hv6waxdy
FXuV,https://made.example.invalid/e07-05/11-160?utm_source=share&ref=2r1wdpew
FXuW,https://made.example.invalid/e07-05/7-161?utm_source=share&ref=4vc0gk1o
FXuX,https://made.example.invalid/e07-05/13-162?utm_source=share&ref=frka3wk8
FXuY,https://made.example.invalid/e07-05/20-163?utm_source=share&ref=nm5ps260
FXuZ,https://made.example.invalid/e07-05/17-164?utm_source=share&ref=qe7nbeo1
FXv0,https://made.example.invalid/e07-05/11-165?utm_source=share&ref=qxwju7eg
FXv1,https://made.example.invalid/e07-05/7-166?utm_source=share&ref=qtc4yci9
FXv2,https://made.example.invalid/e07-05/13-167?utm_source=share&ref=a22i5h4z
FXv3,https://made.example.invalid/e07-05/20-168?utm_source=share&ref=4keu6u18
FXv4,https://made.example.invalid/e07-05/17-169?utm_source=share&ref=xvh6wr4f
FXv5,https://made.example.invalid/e07-05/11-170?utm_source=share&ref=rsobcwcr
FXv6,https://made.example.invalid/e07-05/7-171?utm_source=share&ref=pnwqlphx
FXv7,https://made.example.invalid/e07-05/13-172?utm_source=share&ref=ykva4jw6
FXv8,https://made.example.invalid/e07-05/20-173?utm_source=share&ref=rx9d1iqu
FXv9,https://made.example.invalid/e07-05/17-174?utm_source=share&ref=m5hzexej
FXva,https://made.example.invalid/e07-05/11-175?utm_source=share&ref=caobxexw
FXvb,https://made.example.invalid/e07-05/7-176?utm_source=share&ref=sy10rwrf
FXvc,https://made.example.invalid/e07-05/13-177?utm_source=share&ref=zyqwro47
FXvd,https://made.example.invalid/e07-05/20-178?utm_source=share&ref=c362c3sy
FXve,https://made.example.invalid/e07-05/17-179?utm_source=share&ref=w25by4zt
FXvf,https://made.example.invalid/e07-05/11-180?utm_source=share&ref=1wv2jyv8
FXvg,https://made.example.invalid/e07-05/7-181?utm_source=share&ref=wefh8pt2
FXvh,https://made.example.invalid/e07-05/13-182?utm_source=share&ref=ffx6cgx1
FXvi,https://made.example.invalid/e07-05/20-183?utm_source=share&ref=q7typapt
FXvj,https://made.example.invalid/e07-05/17-184?utm_source=share&ref=egl3xt03
FXvk,https://made.example.invalid/e07-05/11-185?utm_source=share&ref=i5k6kvh3
FXvl,https://made.example.invalid/e07-05/7-186?utm_source=share&ref=vv7h4b1t
FXvm,https://made.example.invalid/e07-05/13-187?utm_source=share&ref=bg84n0ns
FXvn,https://made.example.invalid/e07-05/20-188?utm_source=share&ref=y0mu5utw
FXvo,https://made.example.invalid/e07-05/17-189?utm_source=share&ref=vbvjg95y
FXvp,https://made.example.invalid/e07-05/11-190?utm_source=share&ref=sa86cagi
FXvq,https://made.example.invalid/e07-05/7-191?utm_source=share&ref=fly8qax0
FXvr,https://made.example.invalid/e07-05/13-192?utm_source=share&ref=1g9fq6eb
FXvs,https://made.example.invalid/e07-05/20-193?utm_source=share&ref=53zhwj6j
FXvt,https://made.example.invalid/e07-05/17-194?utm_source=share&ref=of3qoac0
FXvu,https://made.example.invalid/e07-05/11-195?utm_source=share&ref=3x0ugk91
FXvv,https://made.example.invalid/e07-05/7-196?utm_source=share&ref=rwfflxuc
FXvw,https://made.example.invalid/e07-05/13-197?utm_source=share&ref=m76pgec7
FXvx,https://made.example.invalid/e07-05/20-198?utm_source=share&ref=27egt8d5
FXvy,https://made.example.invalid/e07-05/17-199?utm_source=share&ref=mwscunrj
FXvz,https://made.example.invalid/e07-05/11-200?utm_source=share&ref=76baahxe
FXvA,https://made.example.invalid/e07-05/7-201?utm_source=share&ref=bt00cw7r
FXvB,https://made.example.invalid/e07-05/13-202?utm_source=share&ref=3fet66fq
FXvC,https://made.example.invalid/e07-05/20-203?utm_source=share&ref=lhekbcn5
FXvD,https://made.example.invalid/e07-05/17-204?utm_source=share&ref=2mu9h3gq
FXvE,https://made.example.invalid/e07-05/11-205?utm_source=share&ref=df4jh7mg
FXvF,https://made.example.invalid/e07-05/7-206?utm_source=share&ref=ow1nuhz1
FXvG,https://made.example.invalid/e07-05/13-207?utm_source=share&ref=aur92lay
FXvH,https://made.example.invalid/e07-05/20-208?utm_source=share&ref=7ldj7nlv
FXvI,https://made.example.invalid/e07-05/17-209?utm_source=share&ref=n8ydtssf
FXvJ,https://made.example.invalid/e07-05/11-210?utm_source=share&ref=zhmt6ox5
FXvK,https://made.example.invalid/e07-05/7-211?utm_source=share&ref=zbxepayh
FXvL,https://made.example.invalid/e07-05/13-212?utm_source=share&ref=1dkcsjv4
FXvM,https://made.example.invalid/e07-05/20-213?utm_source=share&ref=dlwgjqo7
FXvN,https://made.example.invalid/e07-05/17-214?utm_source=share&ref=m98lpd3p
FXvO,https://made.example.invalid/e07-05/11-215?utm_source=share&ref=yolce9vj
FXvP,https://made.example.invalid/e07-05/7-216?utm_source=share&ref=aig3p2av
FXvQ,https://made.example.invalid/e07-05/13-217?utm_source=share&ref=wnzomz20
FXvR,https://made.example.invalid/e07-05/20-218?utm_source=share&ref=fr67qrsm
FXvS,https://made.example.invalid/e07-05/17-219?utm_source=share&ref=a6ft6g6i
FXvT,https://made.example.invalid/e07-05/11-220?utm_source=share&ref=4fu2o5i3
FXvU,https://made.example.invalid/e07-05/7-221?utm_source=share&ref=ytqdmcif
FXvV,https://made.example.invalid/e07-05/13-222?utm_source=share&ref=t89j1bsb
FXvW,https://made.example.invalid/e07-05/20-223?utm_source=share&ref=6ybzl759
FXvX,https://made.example.invalid/e07-05/17-224?utm_source=share&ref=vxo8iq2m
FXvY,https://made.example.invalid/e07-05/11-225?utm_source=share&ref=vhji1zxn
FXvZ,https://made.example.invalid/e07-05/7-226?utm_source=share&ref=b77xpt9y
FXw0,https://made.example.invalid/e07-05/13-227?utm_source=share&ref=2fv15549
FXw1,https://made.example.invalid/e07-05/20-228?utm_source=share&ref=2d348eb4
FXw2,https://made.example.invalid/e07-05/17-229?utm_source=share&ref=yc7hz7h9
FXw3,https://made.example.invalid/e07-05/11-230?utm_source=share&ref=r7homj9w
FXw4,https://made.example.invalid/e07-05/7-231?utm_source=share&ref=uxoiu63h
FXw5,https://made.example.invalid/e07-05/13-232?utm_source=share&ref=23w7lc1q
FXw6,https://made.example.invalid/e07-05/20-233?utm_source=share&ref=1r7907pl
FXw7,https://made.example.invalid/e07-05/17-234?utm_source=share&ref=2u78zhsy
FXw8,https://made.example.invalid/e07-05/11-235?utm_source=share&ref=rkoyxstt
FXw9,https://made.example.invalid/e07-05/7-236?utm_source=share&ref=q40puf7p
FXwa,https://made.example.invalid/e07-05/13-237?utm_source=share&ref=tdb6xrej
FXwb,https://made.example.invalid/e07-05/20-238?utm_source=share&ref=jjaskuzg
FXwc,https://made.example.invalid/e07-05/17-239?utm_source=share&ref=vqwnvh4u
FXwd,https://made.example.invalid/e07-05/11-240?utm_source=share&ref=gy5c7lmo
FXwe,https://made.example.invalid/e07-05/7-241?utm_source=share&ref=069xivgg
FXwf,https://made.example.invalid/e07-05/13-242?utm_source=share&ref=499jj2ad
FXwg,https://made.example.invalid/e07-05/20-243?utm_source=share&ref=acnbf0bs
FXwh,https://made.example.invalid/e07-05/17-244?utm_source=share&ref=oquoifj2
FXwi,https://made.example.invalid/e07-05/11-245?utm_source=share&ref=128ji7q0
FXwj,https://made.example.invalid/e07-05/7-246?utm_source=share&ref=un28unwz
FXwk,https://made.example.invalid/e07-05/13-247?utm_source=share&ref=8vrrovnq
FXwl,https://made.example.invalid/e07-05/20-248?utm_source=share&ref=z99uaqj1
FXwm,https://made.example.invalid/e07-05/17-249?utm_source=share&ref=xggkjy0e
FXwn,https://made.example.invalid/e07-05/11-250?utm_source=share&ref=lhu4rc8m
FXwo,https://made.example.invalid/e07-05/7-251?utm_source=share&ref=1jb6crrb
FXwp,https://made.example.invalid/e07-05/13-252?utm_source=share&ref=l1v3vm6b
FXwq,https://made.example.invalid/e07-05/20-253?utm_source=share&ref=cvldqvlb
FXwr,https://made.example.invalid/e07-05/17-254?utm_source=share&ref=rrv5j7u7
FXws,https://made.example.invalid/e07-05/11-255?utm_source=share&ref=nsiq90en
FXwt,https://made.example.invalid/e07-05/7-256?utm_source=share&ref=bksip87o
FXwu,https://made.example.invalid/e07-05/13-257?utm_source=share&ref=z8bl0bpb
FXwv,https://made.example.invalid/e07-05/20-258?utm_source=share&ref=msz4x8sa
FXww,https://made.example.invalid/e07-05/17-259?utm_source=share&ref=7jxrxnli
FXwx,https://made.example.invalid/e07-05/11-260?utm_source=share&ref=zpgk5z82
FXwy,https://made.example.invalid/e07-05/7-261?utm_source=share&ref=p7c09qn9
FXwz,https://made.example.invalid/e07-05/13-262?utm_source=share&ref=bexqbqdj
FXwA,https://made.example.invalid/e07-05/20-263?utm_source=share&ref=y06gzzma
FXwB,https://made.example.invalid/e07-05/17-264?utm_source=share&ref=gdepmyf5
FXwC,https://made.example.invalid/e07-05/11-265?utm_source=share&ref=dewkgrkt
FXwD,https://made.example.invalid/e07-05/7-266?utm_source=share&ref=9k5bjwk1
FXwE,https://made.example.invalid/e07-05/13-267?utm_source=share&ref=0dt9il1x
FXwF,https://made.example.invalid/e07-05/20-268?utm_source=share&ref=pscc6whf
FXwG,https://made.example.invalid/e07-05/17-269?utm_source=share&ref=zslktfza
FXwH,https://made.example.invalid/e07-05/11-270?utm_source=share&ref=5n2cztk7
FXwI,https://made.example.invalid/e07-05/7-271?utm_source=share&ref=plyxhd5s
FXwJ,https://made.example.invalid/e07-05/13-272?utm_source=share&ref=5149pxiw
FXwK,https://made.example.invalid/e07-05/20-273?utm_source=share&ref=s8tfj3wu
FXwL,https://made.example.invalid/e07-05/17-274?utm_source=share&ref=b2hjlzrl
FXwM,https://made.example.invalid/e07-05/11-275?utm_source=share&ref=1mgthdyx
FXwN,https://made.example.invalid/e07-05/7-276?utm_source=share&ref=yv6o0izb
FXwO,https://made.example.invalid/e07-05/13-277?utm_source=share&ref=rc0sttwg
FXwP,https://made.example.invalid/e07-05/20-278?utm_source=share&ref=szvqrvyw
FXwQ,https://made.example.invalid/e07-05/17-279?utm_source=share&ref=tdmqxfoq
FXwR,https://made.example.invalid/e07-05/11-280?utm_source=share&ref=5sfqibq3
FXwS,https://made.example.invalid/e07-05/7-281?utm_source=share&ref=30dq4nt5
FXwT,https://made.example.invalid/e07-05/13-282?utm_source=share&ref=46jkjfjq
FXwU,https://made.example.invalid/e07-05/20-283?utm_source=share&ref=38czt78w
FXwV,https://made.example.invalid/e07-05/17-284?utm_source=share&ref=9eb36bc4
FXwW,https://made.example.invalid/e07-05/11-285?utm_source=share&ref=tb5ovd4d
FXwX,https://made.example.invalid/e07-05/7-286?utm_source=share&ref=4kfy6yv6
FXwY,https://made.example.invalid/e07-05/13-287?utm_source=share&ref=joz05pq6
FXwZ,https://made.example.invalid/e07-05/20-288?utm_source=share&ref=m0vs97bm
FXx0,https://made.example.invalid/e07-05/17-289?utm_source=share&ref=vsfwx3ot
FXx1,https://made.example.invalid/e07-05/11-290?utm_source=share&ref=270vlmhi
FXx2,https://made.example.invalid/e07-05/7-291?utm_source=share&ref=894iinef
FXx3,https://made.example.invalid/e07-05/13-292?utm_source=share&ref=30y0oihf
FXx4,https://made.example.invalid/e07-05/20-293?utm_source=share&ref=aagkn59n
FXx5,https://made.example.invalid/e07-05/17-294?utm_source=share&ref=7ba8pyqg
FXx6,https://made.example.invalid/e07-05/11-295?utm_source=share&ref=q9ddwjka
FXx7,https://made.example.invalid/e07-05/7-296?utm_source=share&ref=uqi9cseb
FXx8,https://made.example.invalid/e07-05/13-297?utm_source=share&ref=2mn9ixkw
FXx9,https://made.example.invalid/e07-05/20-298?utm_source=share&ref=6myj0cy9
FXxa,https://made.example.invalid/e07-05/17-299?utm_source=share&ref=2efotprx
FXxb,https://made.example.invalid/e07-05/11-300?utm_source=share&ref=twqd5miv
FXxc,https://made.example.invalid/e07-05/7-301?utm_source=share&ref=kp041dla
FXxd,https://made.example.invalid/e07-05/13-302?utm_source=share&ref=3ixnw1ed
FXxe,https://made.example.invalid/e07-05/20-303?utm_source=share&ref=l5v68q4k
FXxf,https://made.example.invalid/e07-05/17-304?utm_source=share&ref=0sksklnv
FXxg,https://made.example.invalid/e07-05/11-305?utm_source=share&ref=vyr7dwng
FXxh,https://made.example.invalid/e07-05/7-306?utm_source=share&ref=9fa39fqo
FXxi,https://made.example.invalid/e07-05/13-307?utm_source=share&ref=lgpgpzo4
FXxj,https://made.example.invalid/e07-05/20-308?utm_source=share&ref=de8a9jj0
FXxk,https://made.example.invalid/e07-05/17-309?utm_source=share&ref=xiwv9skl
FXxl,https://made.example.invalid/e07-05/11-310?utm_source=share&ref=aeurf2be
FXxm,https://made.example.invalid/e07-05/7-311?utm_source=share&ref=t7r030n8
FXxn,https://made.example.invalid/e07-05/13-312?utm_source=share&ref=g3hykjz0
FXxo,https://made.example.invalid/e07-05/20-313?utm_source=share&ref=p98vbyd1
FXxp,https://made.example.invalid/e07-05/17-314?utm_source=share&ref=13ko6p1r
FXxq,https://made.example.invalid/e07-05/11-315?utm_source=share&ref=1xvwarcq
FXxr,https://made.example.invalid/e07-05/7-316?utm_source=share&ref=g7k0hmsg
FXxs,https://made.example.invalid/e07-05/13-317?utm_source=share&ref=si16lovb
FXxt,https://made.example.invalid/e07-05/20-318?utm_source=share&ref=dzoj5lj3
FXxu,https://made.example.invalid/e07-05/17-319?utm_source=share&ref=3o98wqrp
FXxv,https://made.example.invalid/e07-05/11-320?utm_source=share&ref=52c0rivv
FXxw,https://made.example.invalid/e07-05/7-321?utm_source=share&ref=otv2k8zt
FXxx,https://made.example.invalid/e07-05/13-322?utm_source=share&ref=mne1b2im
FXxy,https://made.example.invalid/e07-05/20-323?utm_source=share&ref=ph3ey2oq
FXxz,https://made.example.invalid/e07-05/17-324?utm_source=share&ref=fsosxy9v
FXxA,https://made.example.invalid/e07-05/11-325?utm_source=share&ref=rkkkkhei
FXxB,https://made.example.invalid/e07-05/7-326?utm_source=share&ref=tdb2c0p7
FXxC,https://made.example.invalid/e07-05/13-327?utm_source=share&ref=iweq1bge
FXxD,https://made.example.invalid/e07-05/20-328?utm_source=share&ref=afonh0bu
FXxE,https://made.example.invalid/e07-05/17-329?utm_source=share&ref=06bt5xa6
FXxF,https://made.example.invalid/e07-05/11-330?utm_source=share&ref=j4jluqck
FXxG,https://made.example.invalid/e07-05/7-331?utm_source=share&ref=4z0g2czd
FXxH,https://made.example.invalid/e07-05/13-332?utm_source=share&ref=njpgyaue
FXxI,https://made.example.invalid/e07-05/20-333?utm_source=share&ref=f3s1dkz7
FXxJ,https://made.example.invalid/e07-05/17-334?utm_source=share&ref=ktiu2h3q
FXxK,https://made.example.invalid/e07-05/11-335?utm_source=share&ref=ztdgmpyn
FXxL,https://made.example.invalid/e07-05/7-336?utm_source=share&ref=gaky1hy1
FXxM,https://made.example.invalid/e07-05/13-337?utm_source=share&ref=d58tq44d
FXxN,https://made.example.invalid/e07-05/20-338?utm_source=share&ref=vompox7w
FXxO,https://made.example.invalid/e07-05/17-339?utm_source=share&ref=fznwfvpj
FXxP,https://made.example.invalid/e07-05/11-340?utm_source=share&ref=k5pqp8zb
FXxQ,https://made.example.invalid/e07-05/7-341?utm_source=share&ref=bcwjxfdw
FXxR,https://made.example.invalid/e07-05/13-342?utm_source=share&ref=jcrarwon
FXxS,https://made.example.invalid/e07-05/20-343?utm_source=share&ref=do3chwgs
FXxT,https://made.example.invalid/e07-05/17-344?utm_source=share&ref=vemseocc
FXxU,https://made.example.invalid/e07-05/11-345?utm_source=share&ref=3pc2gy8n
FXxV,https://made.example.invalid/e07-05/7-346?utm_source=share&ref=6sw22zdy
FXxW,https://made.example.invalid/e07-05/13-347?utm_source=share&ref=vcadmsib
FXxX,https://made.example.invalid/e07-05/20-348?utm_source=share&ref=r5mow0x8
FXxY,https://made.example.invalid/e07-05/17-349?utm_source=share&ref=e765lk3x
FXxZ,https://made.example.invalid/e07-05/11-350?utm_source=share&ref=xn3o6zx1
FXy0,https://made.example.invalid/e07-05/7-351?utm_source=share&ref=9tr5kbqb
FXy1,https://made.example.invalid/e07-05/13-352?utm_source=share&ref=tqacx5ki
FXy2,https://made.example.invalid/e07-05/20-353?utm_source=share&ref=4kjbwyok
FXy3,https://made.example.invalid/e07-05/17-354?utm_source=share&ref=231y9utb
FXy4,https://made.example.invalid/e07-05/11-355?utm_source=share&ref=vplkk5qt
FXy5,https://made.example.invalid/e07-05/7-356?utm_source=share&ref=tiqa5ntk
FXy6,https://made.example.invalid/e07-05/13-357?utm_source=share&ref=7rpbks92
FXy7,https://made.example.invalid/e07-05/20-358?utm_source=share&ref=p0g1vr1h
FXy8,https://made.example.invalid/e07-05/17-359?utm_source=share&ref=964l7o31
FXy9,https://made.example.invalid/e07-05/11-360?utm_source=share&ref=ygips0fd
FXya,https://made.example.invalid/e07-05/7-361?utm_source=share&ref=mxntxr29
FXyb,https://made.example.invalid/e07-05/13-362?utm_source=share&ref=7yec5qh1
FXyc,https://made.example.invalid/e07-05/20-363?utm_source=share&ref=hc7uuump
FXyd,https://made.example.invalid/e07-05/17-364?utm_source=share&ref=8n5ooh1e
FXye,https://made.example.invalid/e07-05/11-365?utm_source=share&ref=c8uj50tw
FXyf,https://made.example.invalid/e07-05/7-366?utm_source=share&ref=o3ckskzl
FXyg,https://made.example.invalid/e07-05/13-367?utm_source=share&ref=jh1g16w5
FXyh,https://made.example.invalid/e07-05/20-368?utm_source=share&ref=0xbbfkam
FXyi,https://made.example.invalid/e07-05/17-369?utm_source=share&ref=aerqbt6a
FXyj,https://made.example.invalid/e07-05/11-370?utm_source=share&ref=vdi8vkau
FXyk,https://made.example.invalid/e07-05/7-371?utm_source=share&ref=wzbwzvoi
FXyl,https://made.example.invalid/e07-05/13-372?utm_source=share&ref=9kkjebmu
FXym,https://made.example.invalid/e07-05/20-373?utm_source=share&ref=rtyhyz8u
FXyn,https://made.example.invalid/e07-05/17-374?utm_source=share&ref=9jsf3jwr
FXyo,https://made.example.invalid/e07-05/11-375?utm_source=share&ref=ncwy9xru
FXyp,https://made.example.invalid/e07-05/7-376?utm_source=share&ref=awteufsr
FXyq,https://made.example.invalid/e07-05/13-377?utm_source=share&ref=t8zteepg
FXyr,https://made.example.invalid/e07-05/20-378?utm_source=share&ref=jrpf5l3r
FXys,https://made.example.invalid/e07-05/17-379?utm_source=share&ref=t0i7bizm
FXyt,https://made.example.invalid/e07-05/11-380?utm_source=share&ref=aj7ywxry
FXyu,https://made.example.invalid/e07-05/7-381?utm_source=share&ref=wtu9uaz0
FXyv,https://made.example.invalid/e07-05/13-382?utm_source=share&ref=vvlb3lbw
FXyw,https://made.example.invalid/e07-05/20-383?utm_source=share&ref=t1c7chil
FXyx,https://made.example.invalid/e07-05/17-384?utm_source=share&ref=ltlc9osi
FXyy,https://made.example.invalid/e07-05/11-385?utm_source=share&ref=b2vowbzp
FXyz,https://made.example.invalid/e07-05/7-386?utm_source=share&ref=25lxlog0
FXyA,https://made.example.invalid/e07-05/13-387?utm_source=share&ref=68oz0cdp
FXyB,https://made.example.invalid/e07-05/20-388?utm_source=share&ref=v3toaduz
FXyC,https://made.example.invalid/e07-05/17-389?utm_source=share&ref=486k0599
FXyD,https://made.example.invalid/e07-05/11-390?utm_source=share&ref=vzmug0hi
FXyE,https://made.example.invalid/e07-05/7-391?utm_source=share&ref=71sduqk4
FXyF,https://made.example.invalid/e07-05/13-392?utm_source=share&ref=jgii0pks
FXyG,https://made.example.invalid/e07-05/20-393?utm_source=share&ref=hvkgav69
FXyH,https://made.example.invalid/e07-05/17-394?utm_source=share&ref=iis91a2r
FXyI,https://made.example.invalid/e07-05/11-395?utm_source=share&ref=v2y81esv
FXyJ,https://made.example.invalid/e07-05/7-396?utm_source=share&ref=0saah3g8
FXyK,https://made.example.invalid/e07-05/13-397?utm_source=share&ref=nlc67k8s
FXyL,https://made.example.invalid/e07-05/20-398?utm_source=share&ref=1wxlj5tb
FXyM,https://made.example.invalid/e07-05/17-399?utm_source=share&ref=tlargm8d
FXyN,https://made.example.invalid/e07-05/11-400?utm_source=share&ref=k9rntc1v
FXyO,https://made.example.invalid/e07-05/7-401?utm_source=share&ref=42eyi9na
FXyP,https://made.example.invalid/e07-05/13-402?utm_source=share&ref=1pvsjng2
FXyQ,https://made.example.invalid/e07-05/20-403?utm_source=share&ref=171xi0uz
FXyR,https://made.example.invalid/e07-05/17-404?utm_source=share&ref=b5iysi8w
FXyS,https://made.example.invalid/e07-05/11-405?utm_source=share&ref=oywuyr7j
FXyT,https://made.example.invalid/e07-05/7-406?utm_source=share&ref=87yohrip
FXyU,https://made.example.invalid/e07-05/13-407?utm_source=share&ref=mpajcsoi
FXyV,https://made.example.invalid/e07-05/20-408?utm_source=share&ref=youbiap2
FXyW,https://made.example.invalid/e07-05/17-409?utm_source=share&ref=qdthtpin
FXyX,https://made.example.invalid/e07-05/11-410?utm_source=share&ref=soog6odi
FXyY,https://made.example.invalid/e07-05/7-411?utm_source=share&ref=bush0hia
FXyZ,https://made.example.invalid/e07-05/13-412?utm_source=share&ref=vhefpu1o
FXz0,https://made.example.invalid/e07-05/20-413?utm_source=share&ref=ubketrq5
FXz1,https://made.example.invalid/e07-05/17-414?utm_source=share&ref=n373mcy0
FXz2,https://made.example.invalid/e07-05/11-415?utm_source=share&ref=y4umomb9
FXz3,https://made.example.invalid/e07-05/7-416?utm_source=share&ref=l4c7n7y2
FXz4,https://made.example.invalid/e07-05/13-417?utm_source=share&ref=7e8yudvy
FXz5,https://made.example.invalid/e07-05/20-418?utm_source=share&ref=3pnagow0
FXz6,https://made.example.invalid/e07-05/17-419?utm_source=share&ref=q2zi3pv8
FXz7,https://made.example.invalid/e07-05/11-420?utm_source=share&ref=5m7eitgd
FXz8,https://made.example.invalid/e07-05/7-421?utm_source=share&ref=q32qahvm
FXz9,https://made.example.invalid/e07-05/13-422?utm_source=share&ref=f6lhbyd6
FXza,https://made.example.invalid/e07-05/20-423?utm_source=share&ref=ey5f6keq
FXzb,https://made.example.invalid/e07-05/17-424?utm_source=share&ref=jen51nko
FXzc,https://made.example.invalid/e07-05/11-425?utm_source=share&ref=5mhho2s9
FXzd,https://made.example.invalid/e07-05/7-426?utm_source=share&ref=l34yn5yk
FXze,https://made.example.invalid/e07-05/13-427?utm_source=share&ref=lg6azcu4
FXzf,https://made.example.invalid/e07-05/20-428?utm_source=share&ref=qdnpd5x4
FXzg,https://made.example.invalid/e07-05/17-429?utm_source=share&ref=gqrzxi87
FXzh,https://made.example.invalid/e07-05/11-430?utm_source=share&ref=qusi1wj9
FXzi,https://made.example.invalid/e07-05/7-431?utm_source=share&ref=wwk3ecp9
FXzj,https://made.example.invalid/e07-05/13-432?utm_source=share&ref=yv20z1k5
FXzk,https://made.example.invalid/e07-05/20-433?utm_source=share&ref=u68mkk8b
FXzl,https://made.example.invalid/e07-05/17-434?utm_source=share&ref=s0g5usx2
FXzm,https://made.example.invalid/e07-05/11-435?utm_source=share&ref=qvbex52c
FXzn,https://made.example.invalid/e07-05/7-436?utm_source=share&ref=raumwseq
FXzo,https://made.example.invalid/e07-05/13-437?utm_source=share&ref=g9koytv4
FXzp,https://made.example.invalid/e07-05/20-438?utm_source=share&ref=q2orm5se
FXzq,https://made.example.invalid/e07-05/17-439?utm_source=share&ref=04h5npww
FXzr,https://made.example.invalid/e07-05/11-440?utm_source=share&ref=f78yhb1p
FXzs,https://made.example.invalid/e07-05/7-441?utm_source=share&ref=sok1zwqn
FXzt,https://made.example.invalid/e07-05/13-442?utm_source=share&ref=73uuhq6x
FXzu,https://made.example.invalid/e07-05/20-443?utm_source=share&ref=30fr745r
FXzv,https://made.example.invalid/e07-05/17-444?utm_source=share&ref=lzxv77f5
FXzw,https://made.example.invalid/e07-05/11-445?utm_source=share&ref=wn2bsg7t
FXzx,https://made.example.invalid/e07-05/7-446?utm_source=share&ref=acobxman
FXzy,https://made.example.invalid/e07-05/13-447?utm_source=share&ref=adqsl0l6
FXzz,https://made.example.invalid/e07-05/20-448?utm_source=share&ref=5vuhtckb
FXzA,https://made.example.invalid/e07-05/17-449?utm_source=share&ref=euov7012
FXzB,https://made.example.invalid/e07-05/11-450?utm_source=share&ref=3nidds15
FXzC,https://made.example.invalid/e07-05/7-451?utm_source=share&ref=m0oujryw
FXzD,https://made.example.invalid/e07-05/13-452?utm_source=share&ref=8obaynn3
FXzE,https://made.example.invalid/e07-05/20-453?utm_source=share&ref=ffazoqve
FXzF,https://made.example.invalid/e07-05/17-454?utm_source=share&ref=6ujt3xip
FXzG,https://made.example.invalid/e07-05/11-455?utm_source=share&ref=fyiwnono
FXzH,https://made.example.invalid/e07-05/7-456?utm_source=share&ref=sljs4jbc
FXzI,https://made.example.invalid/e07-05/13-457?utm_source=share&ref=djtygbje
FXzJ,https://made.example.invalid/e07-05/20-458?utm_source=share&ref=jhht16co
FXzK,https://made.example.invalid/e07-05/17-459?utm_source=share&ref=hld83lt4
FXzL,https://made.example.invalid/e07-05/11-460?utm_source=share&ref=x2ewwogf
FXzM,https://made.example.invalid/e07-05/7-461?utm_source=share&ref=2s46m5uj
FXzN,https://made.example.invalid/e07-05/13-462?utm_source=share&ref=urf82e01
FXzO,https://made.example.invalid/e07-05/20-463?utm_source=share&ref=4xvii50b
FXzP,https://made.example.invalid/e07-05/17-464?utm_source=share&ref=e2lxpzb4
FXzQ,https://made.example.invalid/e07-05/11-465?utm_source=share&ref=2jdf17ro
FXzR,https://made.example.invalid/e07-05/7-466?utm_source=share&ref=f1wb681j
FXzS,https://made.example.invalid/e07-05/13-467?utm_source=share&ref=q85h50j5
FXzT,https://made.example.invalid/e07-05/20-468?utm_source=share&ref=bo3pwlpt
FXzU,https://made.example.invalid/e07-05/17-469?utm_source=share&ref=i026uypj
FXzV,https://made.example.invalid/e07-05/11-470?utm_source=share&ref=d2v6imea
FXzW,https://made.example.invalid/e07-05/7-471?utm_source=share&ref=ytwjyfq6
FXzX,https://made.example.invalid/e07-05/13-472?utm_source=share&ref=s8rzumee
FXzY,https://made.example.invalid/e07-05/20-473?utm_source=share&ref=jtcrti05
FXzZ,https://made.example.invalid/e07-05/17-474?utm_source=share&ref=duug39yr
FXA0,https://made.example.invalid/e07-05/11-475?utm_source=share&ref=gvxdlhro
FXA1,https://made.example.invalid/e07-05/7-476?utm_source=share&ref=fgmhlkgm
FXA2,https://made.example.invalid/e07-05/13-477?utm_source=share&ref=oxzoz227
FXA3,https://made.example.invalid/e07-05/20-478?utm_source=share&ref=ielo1m22
FXA4,https://made.example.invalid/e07-05/17-479?utm_source=share&ref=47q6jtof
FXA5,https://made.example.invalid/e07-05/11-480?utm_source=share&ref=9q9sw898
FXA6,https://made.example.invalid/e07-05/7-481?utm_source=share&ref=j8kro7sz
FXA7,https://made.example.invalid/e07-05/13-482?utm_source=share&ref=opd47znv
FXA8,https://made.example.invalid/e07-05/20-483?utm_source=share&ref=rbpc1lmn
FXA9,https://made.example.invalid/e07-05/17-484?utm_source=share&ref=9ph0kr35
FXAa,https://made.example.invalid/e07-05/11-485?utm_source=share&ref=p2lvhwvh
FXAb,https://made.example.invalid/e07-05/7-486?utm_source=share&ref=tgkzh8dr
FXAc,https://made.example.invalid/e07-05/13-487?utm_source=share&ref=99o1mho1
FXAd,https://made.example.invalid/e07-05/20-488?utm_source=share&ref=wrq822xy
FXAe,https://made.example.invalid/e07-05/17-489?utm_source=share&ref=2b293t92
FXAf,https://made.example.invalid/e07-05/11-490?utm_source=share&ref=b470655m
FXAg,https://made.example.invalid/e07-05/7-491?utm_source=share&ref=jlzk11ic
FXAh,https://made.example.invalid/e07-05/13-492?utm_source=share&ref=58b5pozq
FXAi,https://made.example.invalid/e07-05/20-493?utm_source=share&ref=5rpclx24
FXAj,https://made.example.invalid/e07-05/17-494?utm_source=share&ref=ttfqdxxb
FXAk,https://made.example.invalid/e07-05/11-495?utm_source=share&ref=v8fmpqay
FXAl,https://made.example.invalid/e07-05/7-496?utm_source=share&ref=ssl857eb
FXAm,https://made.example.invalid/e07-05/13-497?utm_source=share&ref=d0zamfmc
FXAn,https://made.example.invalid/e07-05/20-498?utm_source=share&ref=3et7we5p
FXAo,https://made.example.invalid/e07-05/17-499?utm_source=share&ref=b9xms6dl
FXAp,https://made.example.invalid/e07-05/11-500?utm_source=share&ref=7jqjjrtf
FXAq,https://made.example.invalid/e07-05/7-501?utm_source=share&ref=iy9mvl6z
FXAr,https://made.example.invalid/e07-05/13-502?utm_source=share&ref=ahj58l4a
FXAs,https://made.example.invalid/e07-05/20-503?utm_source=share&ref=wqi5z0s2
FXAt,https://made.example.invalid/e07-05/17-504?utm_source=share&ref=8wbuq7oq
FXAu,https://made.example.invalid/e07-05/11-505?utm_source=share&ref=lyopwjbn
FXAv,https://made.example.invalid/e07-05/7-506?utm_source=share&ref=moc4fbk8
FXAw,https://made.example.invalid/e07-05/13-507?utm_source=share&ref=nnb02hah
FXAx,https://made.example.invalid/e07-05/20-508?utm_source=share&ref=yf8nutjh
FXAy,https://made.example.invalid/e07-05/17-509?utm_source=share&ref=h4g7wsli
FXAz,https://made.example.invalid/e07-05/11-510?utm_source=share&ref=fxx14n31
FXAA,https://made.example.invalid/e07-05/7-511?utm_source=share&ref=mhn1qsfu
FXAB,https://made.example.invalid/e07-05/13-512?utm_source=share&ref=1vfxp1gg
FXAC,https://made.example.invalid/e07-05/20-513?utm_source=share&ref=dm55v1g4
FXAD,https://made.example.invalid/e07-05/17-514?utm_source=share&ref=dbsg6akk
FXAE,https://made.example.invalid/e07-05/11-515?utm_source=share&ref=fi3w4y78
FXAF,https://made.example.invalid/e07-05/7-516?utm_source=share&ref=4ks007hh
FXAG,https://made.example.invalid/e07-05/13-517?utm_source=share&ref=oovd895x
FXAH,https://made.example.invalid/e07-05/20-518?utm_source=share&ref=06iqv9am
FXAI,https://made.example.invalid/e07-05/17-519?utm_source=share&ref=66od183d
FXAJ,https://made.example.invalid/e07-05/11-520?utm_source=share&ref=mwfc8uk2
FXAK,https://made.example.invalid/e07-05/7-521?utm_source=share&ref=t6ikavy2
FXAL,https://made.example.invalid/e07-05/13-522?utm_source=share&ref=l5n3e8wr
FXAM,https://made.example.invalid/e07-05/20-523?utm_source=share&ref=zk2j4lp1
FXAN,https://made.example.invalid/e07-05/17-524?utm_source=share&ref=ao30vc2b
FXAO,https://made.example.invalid/e07-05/11-525?utm_source=share&ref=qpcrci76
FXAP,https://made.example.invalid/e07-05/7-526?utm_source=share&ref=0f7cyv1r
FXAQ,https://made.example.invalid/e07-05/13-527?utm_source=share&ref=55sbkb7u
FXAR,https://made.example.invalid/e07-05/20-528?utm_source=share&ref=zz8xgpud
FXAS,https://made.example.invalid/e07-05/17-529?utm_source=share&ref=by9nhn81
FXAT,https://made.example.invalid/e07-05/11-530?utm_source=share&ref=kjzq3mpp
FXAU,https://made.example.invalid/e07-05/7-531?utm_source=share&ref=ggibtgr6
FXAV,https://made.example.invalid/e07-05/13-532?utm_source=share&ref=tqpvrwz0
FXAW,https://made.example.invalid/e07-05/20-533?utm_source=share&ref=4ak33s67
FXAX,https://made.example.invalid/e07-05/17-534?utm_source=share&ref=icgzyy13
FXAY,https://made.example.invalid/e07-05/11-535?utm_source=share&ref=brancjwm
FXAZ,https://made.example.invalid/e07-05/7-536?utm_source=share&ref=xfgx9xc6
FXB0,https://made.example.invalid/e07-05/13-537?utm_source=share&ref=idhg58tq
FXB1,https://made.example.invalid/e07-05/20-538?utm_source=share&ref=xiv8eaqc
FXB2,https://made.example.invalid/e07-05/17-539?utm_source=share&ref=h9labyu4
FXB3,https://made.example.invalid/e07-05/11-540?utm_source=share&ref=luhbzfo4
FXB4,https://made.example.invalid/e07-05/7-541?utm_source=share&ref=ps9ja4oy
FXB5,https://made.example.invalid/e07-05/13-542?utm_source=share&ref=45s2xo1y
FXB6,https://made.example.invalid/e07-05/20-543?utm_source=share&ref=h6lxs4sb
FXB7,https://made.example.invalid/e07-05/17-544?utm_source=share&ref=m1bza7gq
FXB8,https://made.example.invalid/e07-05/11-545?utm_source=share&ref=f0iqn64u
FXB9,https://made.example.invalid/e07-05/7-546?utm_source=share&ref=lm9dxqz0
FXBa,https://made.example.invalid/e07-05/13-547?utm_source=share&ref=jw43rswx
FXBb,https://made.example.invalid/e07-05/20-548?utm_source=share&ref=ong1howq
FXBc,https://made.example.invalid/e07-05/17-549?utm_source=share&ref=62p64m8y
FXBd,https://made.example.invalid/e07-05/11-550?utm_source=share&ref=we5ycz51
FXBe,https://made.example.invalid/e07-05/7-551?utm_source=share&ref=1oq9pgwt
FXBf,https://made.example.invalid/e07-05/13-552?utm_source=share&ref=flrpodpr
FXBg,https://made.example.invalid/e07-05/20-553?utm_source=share&ref=81eemux7
FXBh,https://made.example.invalid/e07-05/17-554?utm_source=share&ref=jcl0r5wp
FXBi,https://made.example.invalid/e07-05/11-555?utm_source=share&ref=l0q085a6
FXBj,https://made.example.invalid/e07-05/7-556?utm_source=share&ref=vp8w478b
FXBk,https://made.example.invalid/e07-05/13-557?utm_source=share&ref=wnjkulag
FXBl,https://made.example.invalid/e07-05/20-558?utm_source=share&ref=jw2t1d9l
FXBm,https://made.example.invalid/e07-05/17-559?utm_source=share&ref=v8jh9v7z
FXBn,https://made.example.invalid/e07-05/11-560?utm_source=share&ref=6asm3l7d
FXBo,https://made.example.invalid/e07-05/7-561?utm_source=share&ref=scxby97g
FXBp,https://made.example.invalid/e07-05/13-562?utm_source=share&ref=zdau7zz2
FXBq,https://made.example.invalid/e07-05/20-563?utm_source=share&ref=qbljgzx0
FXBr,https://made.example.invalid/e07-05/17-564?utm_source=share&ref=yklrsn92
FXBs,https://made.example.invalid/e07-05/11-565?utm_source=share&ref=e311phr1
FXBt,https://made.example.invalid/e07-05/7-566?utm_source=share&ref=11g36qcn
FXBu,https://made.example.invalid/e07-05/13-567?utm_source=share&ref=k1773g9h
FXBv,https://made.example.invalid/e07-05/20-568?utm_source=share&ref=oatllg5n
FXBw,https://made.example.invalid/e07-05/17-569?utm_source=share&ref=5c1ws0we
FXBx,https://made.example.invalid/e07-05/11-570?utm_source=share&ref=jfs36g00
FXBy,https://made.example.invalid/e07-05/7-571?utm_source=share&ref=31zfc5mi
FXBz,https://made.example.invalid/e07-05/13-572?utm_source=share&ref=hxnj70mm
FXBA,https://made.example.invalid/e07-05/20-573?utm_source=share&ref=jv5ebpi7
FXBB,https://made.example.invalid/e07-05/17-574?utm_source=share&ref=e4ljiswq
FXBC,https://made.example.invalid/e07-05/11-575?utm_source=share&ref=ewy1wuuq
FXBD,https://made.example.invalid/e07-05/7-576?utm_source=share&ref=tiyy42mb
FXBE,https://made.example.invalid/e07-05/13-577?utm_source=share&ref=pt4kufq9
FXBF,https://made.example.invalid/e07-05/20-578?utm_source=share&ref=aerkf71f
FXBG,https://made.example.invalid/e07-05/17-579?utm_source=share&ref=dx4knysh
FXBH,https://made.example.invalid/e07-05/11-580?utm_source=share&ref=4sn5ntod
FXBI,https://made.example.invalid/e07-05/7-581?utm_source=share&ref=92t7yxo6
FXBJ,https://made.example.invalid/e07-05/13-582?utm_source=share&ref=t39gyy62
FXBK,https://made.example.invalid/e07-05/20-583?utm_source=share&ref=9nyra0ez
FXBL,https://made.example.invalid/e07-05/17-584?utm_source=share&ref=wasy9x8s
FXBM,https://made.example.invalid/e07-05/11-585?utm_source=share&ref=fijz5478
FXBN,https://made.example.invalid/e07-05/7-586?utm_source=share&ref=iixkgyxb
FXBO,https://made.example.invalid/e07-05/13-587?utm_source=share&ref=68zhkdsm
FXBP,https://made.example.invalid/e07-05/20-588?utm_source=share&ref=aa9qtklb
FXBQ,https://made.example.invalid/e07-05/17-589?utm_source=share&ref=hdrrwbm7
FXBR,https://made.example.invalid/e07-05/11-590?utm_source=share&ref=2izdfk0p
FXBS,https://made.example.invalid/e07-05/7-591?utm_source=share&ref=goiikbnr
FXBT,https://made.example.invalid/e07-05/13-592?utm_source=share&ref=rmiu0agy
FXBU,https://made.example.invalid/e07-05/20-593?utm_source=share&ref=b8f3w9p7
FXBV,https://made.example.invalid/e07-05/17-594?utm_source=share&ref=ozl2yhxk
FXBW,https://made.example.invalid/e07-05/11-595?utm_source=share&ref=43i3lhwv
FXBX,https://made.example.invalid/e07-05/7-596?utm_source=share&ref=faxwrafn
FXBY,https://made.example.invalid/e07-05/13-597?utm_source=share&ref=3kmdynsi
FXBZ,https://made.example.invalid/e07-05/20-598?utm_source=share&ref=9dwkivfx
FXC0,https://made.example.invalid/e07-05/17-599?utm_source=share&ref=1maweewr
FXC1,https://made.example.invalid/e07-05/11-600?utm_source=share&ref=ticlnqah
FXC2,https://made.example.invalid/e07-05/7-601?utm_source=share&ref=qs96ogm5
FXC3,https://made.example.invalid/e07-05/13-602?utm_source=share&ref=nava20mb
FXC4,https://made.example.invalid/e07-05/20-603?utm_source=share&ref=6w3spujb
FXC5,https://made.example.invalid/e07-05/17-604?utm_source=share&ref=rps7i7a7
FXC6,https://made.example.invalid/e07-05/11-605?utm_source=share&ref=bmasd3ry
FXC7,https://made.example.invalid/e07-05/7-606?utm_source=share&ref=ubqo9mki
FXC8,https://made.example.invalid/e07-05/13-607?utm_source=share&ref=kojt6j6e
FXC9,https://made.example.invalid/e07-05/20-608?utm_source=share&ref=oe6cx141
FXCa,https://made.example.invalid/e07-05/17-609?utm_source=share&ref=lob4977s
FXCb,https://made.example.invalid/e07-05/11-610?utm_source=share&ref=fkrbgs6z
FXCc,https://made.example.invalid/e07-05/7-611?utm_source=share&ref=03zvug75
FXCd,https://made.example.invalid/e07-05/13-612?utm_source=share&ref=vs52evh0
FXCe,https://made.example.invalid/e07-05/20-613?utm_source=share&ref=gbs590ly
FXCf,https://made.example.invalid/e07-05/17-614?utm_source=share&ref=n0gpb43u
FXCg,https://made.example.invalid/e07-05/11-615?utm_source=share&ref=3zbya1ax
FXCh,https://made.example.invalid/e07-05/7-616?utm_source=share&ref=v13qv06e
FXCi,https://made.example.invalid/e07-05/13-617?utm_source=share&ref=gs2k2cry
FXCj,https://made.example.invalid/e07-05/20-618?utm_source=share&ref=91onfu73
FXCk,https://made.example.invalid/e07-05/17-619?utm_source=share&ref=o10rfcxc
FXCl,https://made.example.invalid/e07-05/11-620?utm_source=share&ref=32hkxw6v
FXCm,https://made.example.invalid/e07-05/7-621?utm_source=share&ref=oblftkxc
FXCn,https://made.example.invalid/e07-05/13-622?utm_source=share&ref=lv4ft2bz
FXCo,https://made.example.invalid/e07-05/20-623?utm_source=share&ref=4oud991l
FXCp,https://made.example.invalid/e07-05/17-624?utm_source=share&ref=ob5ttlf0
FXCq,https://made.example.invalid/e07-05/11-625?utm_source=share&ref=9zn9dfp0
FXCr,https://made.example.invalid/e07-05/7-626?utm_source=share&ref=pq9okfom
FXCs,https://made.example.invalid/e07-05/13-627?utm_source=share&ref=ep4rg0kt
FXCt,https://made.example.invalid/e07-05/20-628?utm_source=share&ref=rlzsd5wa
FXCu,https://made.example.invalid/e07-05/17-629?utm_source=share&ref=d9u1it3d
FXCv,https://made.example.invalid/e07-05/11-630?utm_source=share&ref=im31mo5d
FXCw,https://made.example.invalid/e07-05/7-631?utm_source=share&ref=5kh7bwj0
FXCx,https://made.example.invalid/e07-05/13-632?utm_source=share&ref=ftlzdyqh
FXCy,https://made.example.invalid/e07-05/20-633?utm_source=share&ref=w7jh7wml
FXCz,https://made.example.invalid/e07-05/17-634?utm_source=share&ref=wntp1tuj
FXCA,https://made.example.invalid/e07-05/11-635?utm_source=share&ref=gvycz1ko
FXCB,https://made.example.invalid/e07-05/7-636?utm_source=share&ref=crvkxvsc
FXCC,https://made.example.invalid/e07-05/13-637?utm_source=share&ref=pd4vmhlw
FXCD,https://made.example.invalid/e07-05/20-638?utm_source=share&ref=wv4x16uq
FXCE,https://made.example.invalid/e07-05/17-639?utm_source=share&ref=51oyvqiz
FXCF,https://made.example.invalid/e07-05/11-640?utm_source=share&ref=dzhso71c
FXCG,https://made.example.invalid/e07-05/7-641?utm_source=share&ref=x42394iu
FXCH,https://made.example.invalid/e07-05/13-642?utm_source=share&ref=0343081p
FXCI,https://made.example.invalid/e07-05/20-643?utm_source=share&ref=q2myr4qv
FXCJ,https://made.example.invalid/e07-05/17-644?utm_source=share&ref=159hpnmd
FXCK,https://made.example.invalid/e07-05/11-645?utm_source=share&ref=2bspvxb6
FXCL,https://made.example.invalid/e07-05/7-646?utm_source=share&ref=s42wtj3s
FXCM,https://made.example.invalid/e07-05/13-647?utm_source=share&ref=17ziqpqv
FXCN,https://made.example.invalid/e07-05/20-648?utm_source=share&ref=41hwy2d9
FXCO,https://made.example.invalid/e07-05/17-649?utm_source=share&ref=xonlrf2n
FXCP,https://made.example.invalid/e07-05/11-650?utm_source=share&ref=1ay52m9a
FXCQ,https://made.example.invalid/e07-05/7-651?utm_source=share&ref=6k1v3ebq
FXCR,https://made.example.invalid/e07-05/13-652?utm_source=share&ref=f7554yfd
FXCS,https://made.example.invalid/e07-05/20-653?utm_source=share&ref=g9xtoipb
FXCT,https://made.example.invalid/e07-05/17-654?utm_source=share&ref=sb8twz75
FXCU,https://made.example.invalid/e07-05/11-655?utm_source=share&ref=wppt44aj
FXCV,https://made.example.invalid/e07-05/7-656?utm_source=share&ref=xzbwx06s
FXCW,https://made.example.invalid/e07-05/13-657?utm_source=share&ref=ohbmcvyf
FXCX,https://made.example.invalid/e07-05/20-658?utm_source=share&ref=00t9o6nr
FXCY,https://made.example.invalid/e07-05/17-659?utm_source=share&ref=dq6asuyt
FXCZ,https://made.example.invalid/e07-05/11-660?utm_source=share&ref=gnd5is7x
FXD0,https://made.example.invalid/e07-05/7-661?utm_source=share&ref=r0g78m3r
FXD1,https://made.example.invalid/e07-05/13-662?utm_source=share&ref=yi9ebayk
FXD2,https://made.example.invalid/e07-05/20-663?utm_source=share&ref=h1qepumd
FXD3,https://made.example.invalid/e07-05/17-664?utm_source=share&ref=3tqywlnl
FXD4,https://made.example.invalid/e07-05/11-665?utm_source=share&ref=8xxtu3aq
FXD5,https://made.example.invalid/e07-05/7-666?utm_source=share&ref=ei3fejjb
FXD6,https://made.example.invalid/e07-05/13-667?utm_source=share&ref=0c967n7i
FXD7,https://made.example.invalid/e07-05/20-668?utm_source=share&ref=8mqv5owl
FXD8,https://made.example.invalid/e07-05/17-669?utm_source=share&ref=cesx6oik
FXD9,https://made.example.invalid/e07-05/11-670?utm_source=share&ref=i5cpt5zt
FXDa,https://made.example.invalid/e07-05/7-671?utm_source=share&ref=es9un1i2
FXDb,https://made.example.invalid/e07-05/13-672?utm_source=share&ref=b57ljf74
FXDc,https://made.example.invalid/e07-05/20-673?utm_source=share&ref=tv6mw3cz
FXDd,https://made.example.invalid/e07-05/17-674?utm_source=share&ref=xr5z6eig
FXDe,https://made.example.invalid/e07-05/11-675?utm_source=share&ref=uiadp0i3
FXDf,https://made.example.invalid/e07-05/7-676?utm_source=share&ref=5nfnaya7
FXDg,https://made.example.invalid/e07-05/13-677?utm_source=share&ref=d6mvh5xl
FXDh,https://made.example.invalid/e07-05/20-678?utm_source=share&ref=shn3hgzd
FXDi,https://made.example.invalid/e07-05/17-679?utm_source=share&ref=pf8ydjxk
FXDj,https://made.example.invalid/e07-05/11-680?utm_source=share&ref=ao8i7phg
FXDk,https://made.example.invalid/e07-05/7-681?utm_source=share&ref=umf7gx5j
FXDl,https://made.example.invalid/e07-05/13-682?utm_source=share&ref=uylfgq5n
FXDm,https://made.example.invalid/e07-05/20-683?utm_source=share&ref=vfxp7mzf
FXDn,https://made.example.invalid/e07-05/17-684?utm_source=share&ref=7omjilcj
FXDo,https://made.example.invalid/e07-05/11-685?utm_source=share&ref=fmks1s80
FXDp,https://made.example.invalid/e07-05/7-686?utm_source=share&ref=txk4dvwr
FXDq,https://made.example.invalid/e07-05/13-687?utm_source=share&ref=7s968g1g
FXDr,https://made.example.invalid/e07-05/20-688?utm_source=share&ref=4cab8dfq
FXDs,https://made.example.invalid/e07-05/17-689?utm_source=share&ref=a71fzi8y
FXDt,https://made.example.invalid/e07-05/11-690?utm_source=share&ref=gn16semb
FXDu,https://made.example.invalid/e07-05/7-691?utm_source=share&ref=kfjhtkzo
FXDv,https://made.example.invalid/e07-05/13-692?utm_source=share&ref=z8dvqgmj
FXDw,https://made.example.invalid/e07-05/20-693?utm_source=share&ref=1gm8zd2c
FXDx,https://made.example.invalid/e07-05/17-694?utm_source=share&ref=v5znofo0
FXDy,https://made.example.invalid/e07-05/11-695?utm_source=share&ref=jqk63omc
FXDz,https://made.example.invalid/e07-05/7-696?utm_source=share&ref=syy0p6rh
FXDA,https://made.example.invalid/e07-05/13-697?utm_source=share&ref=x0yx4eue
FXDB,https://made.example.invalid/e07-05/20-698?utm_source=share&ref=xuldv7kn
FXDC,https://made.example.invalid/e07-05/17-699?utm_source=share&ref=ky9u6x3g
FXDD,https://made.example.invalid/e07-05/11-700?utm_source=share&ref=5qp9xiob
FXDE,https://made.example.invalid/e07-05/7-701?utm_source=share&ref=mdmb2an6
FXDF,https://made.example.invalid/e07-05/13-702?utm_source=share&ref=l8p442n0
FXDG,https://made.example.invalid/e07-05/20-703?utm_source=share&ref=ch136khh
FXDH,https://made.example.invalid/e07-05/17-704?utm_source=share&ref=kqywr00z
FXDI,https://made.example.invalid/e07-05/11-705?utm_source=share&ref=otsei0a2
FXDJ,https://made.example.invalid/e07-05/7-706?utm_source=share&ref=myxqj92x
FXDK,https://made.example.invalid/e07-05/13-707?utm_source=share&ref=d9d80zwf
FXDL,https://made.example.invalid/e07-05/20-708?utm_source=share&ref=jke7k7dv
FXDM,https://made.example.invalid/e07-05/17-709?utm_source=share&ref=mlk5ulgq
FXDN,https://made.example.invalid/e07-05/11-710?utm_source=share&ref=n8l3b80o
FXDO,https://made.example.invalid/e07-05/7-711?utm_source=share&ref=iciyzpze
FXDP,https://made.example.invalid/e07-05/13-712?utm_source=share&ref=jtp00kgc
FXDQ,https://made.example.invalid/e07-05/20-713?utm_source=share&ref=vu3uy0lp
FXDR,https://made.example.invalid/e07-05/17-714?utm_source=share&ref=6969aqj4
FXDS,https://made.example.invalid/e07-05/11-715?utm_source=share&ref=ikughkx3
FXDT,https://made.example.invalid/e07-05/7-716?utm_source=share&ref=lgejuf7o
FXDU,https://made.example.invalid/e07-05/13-717?utm_source=share&ref=rpjl0nzf
FXDV,https://made.example.invalid/e07-05/20-718?utm_source=share&ref=a4q1spkf
FXDW,https://made.example.invalid/e07-05/17-719?utm_source=share&ref=tagpmt8z
FXDX,https://made.example.invalid/e07-05/11-720?utm_source=share&ref=y0xxt2p0
FXDY,https://made.example.invalid/e07-05/7-721?utm_source=share&ref=1ondj8yb
FXDZ,https://made.example.invalid/e07-05/13-722?utm_source=share&ref=4qr79a5u
FXE0,https://made.example.invalid/e07-05/20-723?utm_source=share&ref=h5k1vt60
FXE1,https://made.example.invalid/e07-05/17-724?utm_source=share&ref=oz2enb9c
FXE2,https://made.example.invalid/e07-05/11-725?utm_source=share&ref=hiq0mwy9
FXE3,https://made.example.invalid/e07-05/7-726?utm_source=share&ref=ch0ajaz1
FXE4,https://made.example.invalid/e07-05/13-727?utm_source=share&ref=8bo6v2n9
FXE5,https://made.example.invalid/e07-05/20-728?utm_source=share&ref=y4nww77l
FXE6,https://made.example.invalid/e07-05/17-729?utm_source=share&ref=rnc18l2o
FXE7,https://made.example.invalid/e07-05/11-730?utm_source=share&ref=e7h9u7h4
FXE8,https://made.example.invalid/e07-05/7-731?utm_source=share&ref=nndr9pnp
FXE9,https://made.example.invalid/e07-05/13-732?utm_source=share&ref=nv7fjwu5
FXEa,https://made.example.invalid/e07-05/20-733?utm_source=share&ref=7ukiis9x
FXEb,https://made.example.invalid/e07-05/17-734?utm_source=share&ref=501quxqk
FXEc,https://made.example.invalid/e07-05/11-735?utm_source=share&ref=w85vdcxl
FXEd,https://made.example.invalid/e07-05/7-736?utm_source=share&ref=qgembwrx
FXEe,https://made.example.invalid/e07-05/13-737?utm_source=share&ref=jf9pkgbb
FXEf,https://made.example.invalid/e07-05/20-738?utm_source=share&ref=ej5ib5l2
FXEg,https://made.example.invalid/e07-05/17-739?utm_source=share&ref=ryxkwktq
FXEh,https://made.example.invalid/e07-05/11-740?utm_source=share&ref=sjo1lvv8
FXEi,https://made.example.invalid/e07-05/7-741?utm_source=share&ref=49tbp55j
FXEj,https://made.example.invalid/e07-05/13-742?utm_source=share&ref=5qvivw87
FXEk,https://made.example.invalid/e07-05/20-743?utm_source=share&ref=tdy7ab3c
FXEl,https://made.example.invalid/e07-05/17-744?utm_source=share&ref=kduqjzkk
FXEm,https://made.example.invalid/e07-05/11-745?utm_source=share&ref=2rzfclge
FXEn,https://made.example.invalid/e07-05/7-746?utm_source=share&ref=q9aj04df
FXEo,https://made.example.invalid/e07-05/13-747?utm_source=share&ref=6ohqxl19
FXEp,https://made.example.invalid/e07-05/20-748?utm_source=share&ref=khme8h1t
FXEq,https://made.example.invalid/e07-05/17-749?utm_source=share&ref=0qghq7b7
FXEr,https://made.example.invalid/e07-05/11-750?utm_source=share&ref=nr3vfq3b
FXEs,https://made.example.invalid/e07-05/7-751?utm_source=share&ref=gysc3yla
FXEt,https://made.example.invalid/e07-05/13-752?utm_source=share&ref=85r9i27r
FXEu,https://made.example.invalid/e07-05/20-753?utm_source=share&ref=2t8nawnp
FXEv,https://made.example.invalid/e07-05/17-754?utm_source=share&ref=dx8jnazc
FXEw,https://made.example.invalid/e07-05/11-755?utm_source=share&ref=gysfospq
FXEx,https://made.example.invalid/e07-05/7-756?utm_source=share&ref=4pfxsxpe
FXEy,https://made.example.invalid/e07-05/13-757?utm_source=share&ref=d5aueu5l
FXEz,https://made.example.invalid/e07-05/20-758?utm_source=share&ref=888se0d6
FXEA,https://made.example.invalid/e07-05/17-759?utm_source=share&ref=fzr8pc8l
FXEB,https://made.example.invalid/e07-05/11-760?utm_source=share&ref=n307j2ug
FXEC,https://made.example.invalid/e07-05/7-761?utm_source=share&ref=vqondykj
FXED,https://made.example.invalid/e07-05/13-762?utm_source=share&ref=trvvfz9n
FXEE,https://made.example.invalid/e07-05/20-763?utm_source=share&ref=y2hggkzq
FXEF,https://made.example.invalid/e07-05/17-764?utm_source=share&ref=71fhi6ww
FXEG,https://made.example.invalid/e07-05/11-765?utm_source=share&ref=5xvg9xzl
FXEH,https://made.example.invalid/e07-05/7-766?utm_source=share&ref=1111kwys
FXEI,https://made.example.invalid/e07-05/13-767?utm_source=share&ref=w8h3in4l
FXEJ,https://made.example.invalid/e07-05/20-768?utm_source=share&ref=4shnxtkc
FXEK,https://made.example.invalid/e07-05/17-769?utm_source=share&ref=j76vgymd
FXEL,https://made.example.invalid/e07-05/11-770?utm_source=share&ref=ub9tu2wy
FXEM,https://made.example.invalid/e07-05/7-771?utm_source=share&ref=g5sry540
FXEN,https://made.example.invalid/e07-05/13-772?utm_source=share&ref=06wou4wr
FXEO,https://made.example.invalid/e07-05/20-773?utm_source=share&ref=spdsycwn
FXEP,https://made.example.invalid/e07-05/17-774?utm_source=share&ref=0my2xmfw
FXEQ,https://made.example.invalid/e07-05/11-775?utm_source=share&ref=ys8puqy3
FXER,https://made.example.invalid/e07-05/7-776?utm_source=share&ref=n41yw261
FXES,https://made.example.invalid/e07-05/13-777?utm_source=share&ref=hxfpyc5g
FXET,https://made.example.invalid/e07-05/20-778?utm_source=share&ref=a87laqeb
FXEU,https://made.example.invalid/e07-05/17-779?utm_source=share&ref=u11plffq
FXEV,https://made.example.invalid/e07-05/11-780?utm_source=share&ref=ob0nbj1o
FXEW,https://made.example.invalid/e07-05/7-781?utm_source=share&ref=zjgch8k1
FXEX,https://made.example.invalid/e07-05/13-782?utm_source=share&ref=6eg3114g
FXEY,https://made.example.invalid/e07-05/20-783?utm_source=share&ref=cgtsgag4
FXEZ,https://made.example.invalid/e07-05/17-784?utm_source=share&ref=w0mjul1o
FXF0,https://made.example.invalid/e07-05/11-785?utm_source=share&ref=lask2bdi
FXF1,https://made.example.invalid/e07-05/7-786?utm_source=share&ref=jf6kt6w6
FXF2,https://made.example.invalid/e07-05/13-787?utm_source=share&ref=osnzpqzt
FXF3,https://made.example.invalid/e07-05/20-788?utm_source=share&ref=7nwdqg2f
FXF4,https://made.example.invalid/e07-05/17-789?utm_source=share&ref=3ryh07r9
FXF5,https://made.example.invalid/e07-05/11-790?utm_source=share&ref=lv6604np
FXF6,https://made.example.invalid/e07-05/7-791?utm_source=share&ref=co8ghbqt
FXF7,https://made.example.invalid/e07-05/13-792?utm_source=share&ref=6iohn0l6
FXF8,https://made.example.invalid/e07-05/20-793?utm_source=share&ref=if2usftv
FXF9,https://made.example.invalid/e07-05/17-794?utm_source=share&ref=icsw5g7s
FXFa,https://made.example.invalid/e07-05/11-795?utm_source=share&ref=oh6xm2q0
FXFb,https://made.example.invalid/e07-05/7-796?utm_source=share&ref=m55b73c2
FXFc,https://made.example.invalid/e07-05/13-797?utm_source=share&ref=kvzooglw
FXFd,https://made.example.invalid/e07-05/20-798?utm_source=share&ref=w3i5jm66
FXFe,https://made.example.invalid/e07-05/17-799?utm_source=share&ref=lqskd5tt
FXFf,https://made.example.invalid/e07-05/11-800?utm_source=share&ref=husc8216
FXFg,https://made.example.invalid/e07-05/7-801?utm_source=share&ref=kdrfsh9w
FXFh,https://made.example.invalid/e07-05/13-802?utm_source=share&ref=qawnmgyc
FXFi,https://made.example.invalid/e07-05/20-803?utm_source=share&ref=kqj0nugh
FXFj,https://made.example.invalid/e07-05/17-804?utm_source=share&ref=6lq6xzl6
FXFk,https://made.example.invalid/e07-05/11-805?utm_source=share&ref=vt535g8k
FXFl,https://made.example.invalid/e07-05/7-806?utm_source=share&ref=z9f9c92t
FXFm,https://made.example.invalid/e07-05/13-807?utm_source=share&ref=79mj62af
FXFn,https://made.example.invalid/e07-05/20-808?utm_source=share&ref=xrwwas0s
FXFo,https://made.example.invalid/e07-05/17-809?utm_source=share&ref=l5ujc9ki
FXFp,https://made.example.invalid/e07-05/11-810?utm_source=share&ref=svopmysz
FXFq,https://made.example.invalid/e07-05/7-811?utm_source=share&ref=wy1p9o4k
FXFr,https://made.example.invalid/e07-05/13-812?utm_source=share&ref=acaxzlwi
FXFs,https://made.example.invalid/e07-05/20-813?utm_source=share&ref=nn4ozuhq
FXFt,https://made.example.invalid/e07-05/17-814?utm_source=share&ref=xbc2h1x3
FXFu,https://made.example.invalid/e07-05/11-815?utm_source=share&ref=izwrg9of
FXFv,https://made.example.invalid/e07-05/7-816?utm_source=share&ref=cpvvkacv
FXFw,https://made.example.invalid/e07-05/13-817?utm_source=share&ref=r4rswwke
FXFx,https://made.example.invalid/e07-05/20-818?utm_source=share&ref=4hqcne4j
FXFy,https://made.example.invalid/e07-05/17-819?utm_source=share&ref=naubr39l
FXFz,https://made.example.invalid/e07-05/11-820?utm_source=share&ref=6bkiu702
FXFA,https://made.example.invalid/e07-05/7-821?utm_source=share&ref=dpuw7b9t
FXFB,https://made.example.invalid/e07-05/13-822?utm_source=share&ref=ws4ly1m7
FXFC,https://made.example.invalid/e07-05/20-823?utm_source=share&ref=1ocie7ma
FXFD,https://made.example.invalid/e07-05/678-1503?utm_source=share&ref=28roz63s
FXFE,https://made.example.invalid/e07-05/978-1504?utm_source=share&ref=fj4shmuf
FXFF,https://made.example.invalid/e07-05/157-1505?utm_source=share&ref=cdbe3dhn
FXFG,https://made.example.invalid/e07-05/310-1506?utm_source=share&ref=ymjk1o9n
FXFH,https://made.example.invalid/e07-05/13-1507?utm_source=share&ref=c1prhiqo
FXFI,https://made.example.invalid/e07-05/874-1508?utm_source=share&ref=n9a2oynm
FXFJ,https://made.example.invalid/e07-05/7-1509?utm_source=share&ref=l5a1069l
FXFK,https://made.example.invalid/e07-05/830-1510?utm_source=share&ref=kbcqysmp
FXFL,https://made.example.invalid/e07-05/764-1511?utm_source=share&ref=xclfsbjp
FXFM,https://made.example.invalid/e07-05/624-1512?utm_source=share&ref=eeafuks4
FXFN,https://made.example.invalid/e07-05/533-1513?utm_source=share&ref=bibxof8k
FXFO,https://made.example.invalid/e07-05/430-1514?utm_source=share&ref=yguuu8ge
FXFP,https://made.example.invalid/e07-05/360-1515?utm_source=share&ref=q06z4w2p
FXFQ,https://made.example.invalid/e07-05/258-1516?utm_source=share&ref=wn868kj9
FXFR,https://made.example.invalid/e07-05/207-1517?utm_source=share&ref=3s833345
FXFS,https://made.example.invalid/e07-05/20-1518?utm_source=share&ref=8ss1q22l
FXFT,https://made.example.invalid/e07-05/11-1519?utm_source=share&ref=shws23kk
FXFU,https://made.example.invalid/e07-05/17-1520?utm_source=share&ref=9z7g9znt
FXFV,https://made.example.invalid/e07-05/930-1521?utm_source=share&ref=ucqj1uaa
FXFW,https://made.example.invalid/e07-05/713-1522?utm_source=share&ref=omz2ubyb
FXFX,https://made.example.invalid/e07-05/482-1523?utm_source=share&ref=j5iso7x3
FXFY,https://made.example.invalid/e07-05/678-1524?utm_source=share&ref=90q6jltq
FXFZ,https://made.example.invalid/e07-05/978-1525?utm_source=share&ref=2cz0s0cn
FXG0,https://made.example.invalid/e07-05/157-1526?utm_source=share&ref=asf5c2bf
FXG1,https://made.example.invalid/e07-05/310-1527?utm_source=share&ref=5lfvjqy3
FXG2,https://made.example.invalid/e07-05/13-1528?utm_source=share&ref=8r4hxczh
FXG3,https://made.example.invalid/e07-05/874-1529?utm_source=share&ref=h90amsk9
FXG4,https://made.example.invalid/e07-05/7-1530?utm_source=share&ref=gsd4gwii
FXG5,https://made.example.invalid/e07-05/830-1531?utm_source=share&ref=adb8pxrh
FXG6,https://made.example.invalid/e07-05/764-1532?utm_source=share&ref=emk0zycd
FXG7,https://made.example.invalid/e07-05/624-1533?utm_source=share&ref=8njsd7ev
FXG8,https://made.example.invalid/e07-05/533-1534?utm_source=share&ref=1gp7oh7d
FXG9,https://made.example.invalid/e07-05/430-1535?utm_source=share&ref=r387b6vo
FXGa,https://made.example.invalid/e07-05/360-1536?utm_source=share&ref=n57q1zug
FXGb,https://made.example.invalid/e07-05/258-1537?utm_source=share&ref=ur28p2ff
FXGc,https://made.example.invalid/e07-05/207-1538?utm_source=share&ref=372p1spl
FXGd,https://made.example.invalid/e07-05/20-1539?utm_source=share&ref=a0djjv9i
FXGe,https://made.example.invalid/e07-05/11-1540?utm_source=share&ref=rc82u69n
FXGf,https://made.example.invalid/e07-05/17-1541?utm_source=share&ref=rb9terqz
FXGg,https://made.example.invalid/e07-05/930-1542?utm_source=share&ref=92yjyi5r
FXGh,https://made.example.invalid/e07-05/713-1543?utm_source=share&ref=pctp3qvh
FXGi,https://made.example.invalid/e07-05/482-1544?utm_source=share&ref=2zjohuya
FXGj,https://made.example.invalid/e07-05/678-1545?utm_source=share&ref=zu7ifagh
FXGk,https://made.example.invalid/e07-05/978-1546?utm_source=share&ref=0qyh7r2f
FXGl,https://made.example.invalid/e07-05/157-1547?utm_source=share&ref=wc83h6wa
FXGm,https://made.example.invalid/e07-05/310-1548?utm_source=share&ref=vtdol4r5
FXGn,https://made.example.invalid/e07-05/13-1549?utm_source=share&ref=b447w1ng
FXGo,https://made.example.invalid/e07-05/874-1550?utm_source=share&ref=vae9dq9u
FXGp,https://made.example.invalid/e07-05/7-1551?utm_source=share&ref=sqigne4k
FXGq,https://made.example.invalid/e07-05/830-1552?utm_source=share&ref=rys1yv2n
FXGr,https://made.example.invalid/e07-05/764-1553?utm_source=share&ref=l99n5atk
FXGs,https://made.example.invalid/e07-05/624-1554?utm_source=share&ref=moxfedp5
FXGt,https://made.example.invalid/e07-05/533-1555?utm_source=share&ref=0sg45o5e
FXGu,https://made.example.invalid/e07-05/430-1556?utm_source=share&ref=ydoqa7qb
FXGv,https://made.example.invalid/e07-05/360-1557?utm_source=share&ref=ql0u7wac
FXGw,https://made.example.invalid/e07-05/258-1558?utm_source=share&ref=obbobzm6
FXGx,https://made.example.invalid/e07-05/207-1559?utm_source=share&ref=80zj7gre
FXGy,https://made.example.invalid/e07-05/20-1560?utm_source=share&ref=74o1hz66
FXGz,https://made.example.invalid/e07-05/11-1561?utm_source=share&ref=kl3xul31
FXGA,https://made.example.invalid/e07-05/17-1562?utm_source=share&ref=f6zebgg7
FXGB,https://made.example.invalid/e07-05/930-1563?utm_source=share&ref=lekvyzxv
FXGC,https://made.example.invalid/e07-05/713-1564?utm_source=share&ref=3l9aykvu
FXGD,https://made.example.invalid/e07-05/482-1565?utm_source=share&ref=2hjd5xd4
FXGE,https://made.example.invalid/e07-05/678-1566?utm_source=share&ref=f3b7d2vb
FXGF,https://made.example.invalid/e07-05/978-1567?utm_source=share&ref=kfese0pm
FXGG,https://made.example.invalid/e07-05/157-1568?utm_source=share&ref=3bqjfg7e
FXGH,https://made.example.invalid/e07-05/310-1569?utm_source=share&ref=xn5v5z6m
FXGI,https://made.example.invalid/e07-05/13-1570?utm_source=share&ref=bhcrlzuc
FXGJ,https://made.example.invalid/e07-05/874-1571?utm_source=share&ref=eg2yokal
FXGK,https://made.example.invalid/e07-05/7-1572?utm_source=share&ref=f392a46n
FXGL,https://made.example.invalid/e07-05/830-1573?utm_source=share&ref=8dewmwno
FXGM,https://made.example.invalid/e07-05/764-1574?utm_source=share&ref=39ttly8h
FXGN,https://made.example.invalid/e07-05/624-1575?utm_source=share&ref=p8svu0pm
FXGO,https://made.example.invalid/e07-05/533-1576?utm_source=share&ref=80onsw91
FXGP,https://made.example.invalid/e07-05/430-1577?utm_source=share&ref=mo5d87lc
FXGQ,https://made.example.invalid/e07-05/360-1578?utm_source=share&ref=792ufygw
FXGR,https://made.example.invalid/e07-05/258-1579?utm_source=share&ref=tvnjcbvs
FXGS,https://made.example.invalid/e07-05/207-1580?utm_source=share&ref=0a9cxuyr
FXGT,https://made.example.invalid/e07-05/20-1581?utm_source=share&ref=7sf30jfa
FXGU,https://made.example.invalid/e07-05/11-1582?utm_source=share&ref=fj3zcmxx
FXGV,https://made.example.invalid/e07-05/17-1583?utm_source=share&ref=k1r2kx34
FXGW,https://made.example.invalid/e07-05/930-1584?utm_source=share&ref=0oofp7ku
FXGX,https://made.example.invalid/e07-05/713-1585?utm_source=share&ref=ahthp3ve
FXGY,https://made.example.invalid/e07-05/482-1586?utm_source=share&ref=79ety2as
FXGZ,https://made.example.invalid/e07-05/678-1587?utm_source=share&ref=ht2kst9r
FXH0,https://made.example.invalid/e07-05/978-1588?utm_source=share&ref=t80r21iw
FXH1,https://made.example.invalid/e07-05/157-1589?utm_source=share&ref=svb0g2ka
FXH2,https://made.example.invalid/e07-05/310-1590?utm_source=share&ref=1qafsuct
FXH3,https://made.example.invalid/e07-05/13-1591?utm_source=share&ref=8rbbi5xe
FXH4,https://made.example.invalid/e07-05/874-1592?utm_source=share&ref=antfj6ij
FXH5,https://made.example.invalid/e07-05/7-1593?utm_source=share&ref=yctbutlj
FXH6,https://made.example.invalid/e07-05/830-1594?utm_source=share&ref=5uq1cau8
FXH7,https://made.example.invalid/e07-05/764-1595?utm_source=share&ref=ttwvij6n
FXH8,https://made.example.invalid/e07-05/624-1596?utm_source=share&ref=dsdjsvjo
FXH9,https://made.example.invalid/e07-05/533-1597?utm_source=share&ref=05ehrmng
FXHa,https://made.example.invalid/e07-05/430-1598?utm_source=share&ref=40a7ptue
FXHb,https://made.example.invalid/e07-05/360-1599?utm_source=share&ref=y4s0q1u2
FXHc,https://made.example.invalid/e07-05/258-1600?utm_source=share&ref=hyeew0qo
FXHd,https://made.example.invalid/e07-05/207-1601?utm_source=share&ref=wo9frf6p
FXHe,https://made.example.invalid/e07-05/20-1602?utm_source=share&ref=1h8yphwz
FXHf,https://made.example.invalid/e07-05/11-1603?utm_source=share&ref=pnay7xe3
FXHg,https://made.example.invalid/e07-05/17-1604?utm_source=share&ref=pwnxj0or
FXHh,https://made.example.invalid/e07-05/930-1605?utm_source=share&ref=dkh0apwa
FXHi,https://made.example.invalid/e07-05/713-1606?utm_source=share&ref=3gcr3a7g
FXHj,https://made.example.invalid/e07-05/482-1607?utm_source=share&ref=e60etx68
FXHk,https://made.example.invalid/e07-05/678-1608?utm_source=share&ref=vvoiczzg
FXHl,https://made.example.invalid/e07-05/978-1609?utm_source=share&ref=7d639l1c
FXHm,https://made.example.invalid/e07-05/157-1610?utm_source=share&ref=1bqxq8fd
FXHn,https://made.example.invalid/e07-05/310-1611?utm_source=share&ref=9jcakm1z
FXHo,https://made.example.invalid/e07-05/13-1612?utm_source=share&ref=sxum903e
FXHp,https://made.example.invalid/e07-05/874-1613?utm_source=share&ref=b0ac4don
FXHq,https://made.example.invalid/e07-05/7-1614?utm_source=share&ref=ksk3vf2b
FXHr,https://made.example.invalid/e07-05/830-1615?utm_source=share&ref=4mmcznct
FXHs,https://made.example.invalid/e07-05/764-1616?utm_source=share&ref=rpnm76wz
FXHt,https://made.example.invalid/e07-05/624-1617?utm_source=share&ref=kq5jd5jr
FXHu,https://made.example.invalid/e07-05/533-1618?utm_source=share&ref=925muyhb
FXHv,https://made.example.invalid/e07-05/430-1619?utm_source=share&ref=a3x0x41l
FXHw,https://made.example.invalid/e07-05/360-1620?utm_source=share&ref=c7unubm6
FXHx,https://made.example.invalid/e07-05/258-1621?utm_source=share&ref=qaydnmk9
FXHy,https://made.example.invalid/e07-05/207-1622?utm_source=share&ref=yqddsgz6
FXHz,https://made.example.invalid/e07-05/20-1623?utm_source=share&ref=ix0nm4ut
FXHA,https://made.example.invalid/e07-05/11-1624?utm_source=share&ref=one8gs1s
FXHB,https://made.example.invalid/e07-05/17-1625?utm_source=share&ref=2p048ssu
FXHC,https://made.example.invalid/e07-05/930-1626?utm_source=share&ref=olv7g9nj
FXHD,https://made.example.invalid/e07-05/713-1627?utm_source=share&ref=dn9avshk
FXHE,https://made.example.invalid/e07-05/482-1628?utm_source=share&ref=a0qbw7xk
FXHF,https://made.example.invalid/e07-05/678-1629?utm_source=share&ref=cx1bzdx5
FXHG,https://made.example.invalid/e07-05/978-1630?utm_source=share&ref=jzku8a41
FXHH,https://made.example.invalid/e07-05/157-1631?utm_source=share&ref=v9mxsstf
FXHI,https://made.example.invalid/e07-05/310-1632?utm_source=share&ref=q2b5wthh
FXHJ,https://made.example.invalid/e07-05/13-1633?utm_source=share&ref=rm4rq6tt
FXHK,https://made.example.invalid/e07-05/874-1634?utm_source=share&ref=1o7sm2oq
FXHL,https://made.example.invalid/e07-05/7-1635?utm_source=share&ref=3u9asmw5
FXHM,https://made.example.invalid/e07-05/830-1636?utm_source=share&ref=jf4vyhk2
FXHN,https://made.example.invalid/e07-05/764-1637?utm_source=share&ref=y42t8ab9
FXHO,https://made.example.invalid/e07-05/624-1638?utm_source=share&ref=f3ild527
FXHP,https://made.example.invalid/e07-05/533-1639?utm_source=share&ref=vogxqraa
FXHQ,https://made.example.invalid/e07-05/430-1640?utm_source=share&ref=iuqjo9p8
FXHR,https://made.example.invalid/e07-05/360-1641?utm_source=share&ref=ygph6zpm
FXHS,https://made.example.invalid/e07-05/258-1642?utm_source=share&ref=2cpf82pp
FXHT,https://made.example.invalid/e07-05/207-1643?utm_source=share&ref=6nqs9wgx
FXHU,https://made.example.invalid/e07-05/20-1644?utm_source=share&ref=anwxl7ih
FXHV,https://made.example.invalid/e07-05/11-1645?utm_source=share&ref=otys9sie
FXHW,https://made.example.invalid/e07-05/17-1646?utm_source=share&ref=x6phi0gw
FXHX,https://made.example.invalid/e07-05/930-1647?utm_source=share&ref=eyy07pu9
FXHY,https://made.example.invalid/e07-05/713-1648?utm_source=share&ref=x158upgc
FXHZ,https://made.example.invalid/e07-05/482-1649?utm_source=share&ref=69arnc37
FXI0,https://made.example.invalid/e07-05/678-1650?utm_source=share&ref=5d7ioey9
FXI1,https://made.example.invalid/e07-05/978-1651?utm_source=share&ref=11zclh2i
FXI2,https://made.example.invalid/e07-05/157-1652?utm_source=share&ref=9kkktj1z
FXI3,https://made.example.invalid/e07-05/310-1653?utm_source=share&ref=dyot30jp
FXI4,https://made.example.invalid/e07-05/13-1654?utm_source=share&ref=8un2qgzm
FXI5,https://made.example.invalid/e07-05/874-1655?utm_source=share&ref=dhhbbruo
FXI6,https://made.example.invalid/e07-05/7-1656?utm_source=share&ref=oory8ix7
FXI7,https://made.example.invalid/e07-05/830-1657?utm_source=share&ref=qjc7pmwp
FXI8,https://made.example.invalid/e07-05/764-1658?utm_source=share&ref=bocjxay1
FXI9,https://made.example.invalid/e07-05/624-1659?utm_source=share&ref=mobhpplr
FXIa,https://made.example.invalid/e07-05/533-1660?utm_source=share&ref=0m0dp21v
FXIb,https://made.example.invalid/e07-05/430-1661?utm_source=share&ref=bq3mtdr3
FXIc,https://made.example.invalid/e07-05/360-1662?utm_source=share&ref=6fdzlqkn
FXId,https://made.example.invalid/e07-05/258-1663?utm_source=share&ref=ffiptwbu
FXIe,https://made.example.invalid/e07-05/207-1664?utm_source=share&ref=otel2p1j
FXIf,https://made.example.invalid/e07-05/20-1665?utm_source=share&ref=t8b977am
FXIg,https://made.example.invalid/e07-05/11-1666?utm_source=share&ref=gp3fufeq
FXIh,https://made.example.invalid/e07-05/17-1667?utm_source=share&ref=1aqtfqor
FXIi,https://made.example.invalid/e07-05/930-1668?utm_source=share&ref=5h5f4i95
FXIj,https://made.example.invalid/e07-05/713-1669?utm_source=share&ref=eotlsj9s
FXIk,https://made.example.invalid/e07-05/482-1670?utm_source=share&ref=l1gpwv9h
FXIl,https://made.example.invalid/e07-05/678-1671?utm_source=share&ref=7rk0790p
FXIm,https://made.example.invalid/e07-05/978-1672?utm_source=share&ref=gjyecx77
FXIn,https://made.example.invalid/e07-05/157-1673?utm_source=share&ref=dauqnse6
FXIo,https://made.example.invalid/e07-05/310-1674?utm_source=share&ref=wzbdsfpr
FXIp,https://made.example.invalid/e07-05/13-1675?utm_source=share&ref=qvee68gd
FXIq,https://made.example.invalid/e07-05/874-1676?utm_source=share&ref=yiqeg73w
FXIr,https://made.example.invalid/e07-05/7-1677?utm_source=share&ref=7x35nipb
FXIs,https://made.example.invalid/e07-05/830-1678?utm_source=share&ref=327tx4rp
FXIt,https://made.example.invalid/e07-05/764-1679?utm_source=share&ref=tkhbp0bn
FXIu,https://made.example.invalid/e07-05/624-1680?utm_source=share&ref=4m8s7yvy
FXIv,https://made.example.invalid/e07-05/533-1681?utm_source=share&ref=x35j5wgy
FXIw,https://made.example.invalid/e07-05/430-1682?utm_source=share&ref=dl8l7w6k
FXIx,https://made.example.invalid/e07-05/360-1683?utm_source=share&ref=eq7c1uw4
FXIy,https://made.example.invalid/e07-05/258-1684?utm_source=share&ref=g971pp12
FXIz,https://made.example.invalid/e07-05/207-1685?utm_source=share&ref=85b7gxwk
FXIA,https://made.example.invalid/e07-05/20-1686?utm_source=share&ref=7f0xakxp
FXIB,https://made.example.invalid/e07-05/11-1687?utm_source=share&ref=qn4li7bm
FXIC,https://made.example.invalid/e07-05/17-1688?utm_source=share&ref=fec84db4
FXID,https://made.example.invalid/e07-05/930-1689?utm_source=share&ref=z7kkpcvb
FXIE,https://made.example.invalid/e07-05/713-1690?utm_source=share&ref=aq5zn2p7
FXIF,https://made.example.invalid/e07-05/482-1691?utm_source=share&ref=of8abxei
FXIG,https://made.example.invalid/e07-05/678-1692?utm_source=share&ref=cxsmap2h
FXIH,https://made.example.invalid/e07-05/978-1693?utm_source=share&ref=ybyswq6z
FXII,https://made.example.invalid/e07-05/157-1694?utm_source=share&ref=kdykkjjp
FXIJ,https://made.example.invalid/e07-05/310-1695?utm_source=share&ref=oflbzxog
FXIK,https://made.example.invalid/e07-05/13-1696?utm_source=share&ref=qiy7j7e6
FXIL,https://made.example.invalid/e07-05/874-1697?utm_source=share&ref=k1xxa8tt
FXIM,https://made.example.invalid/e07-05/7-1698?utm_source=share&ref=3el2zj99
FXIN,https://made.example.invalid/e07-05/830-1699?utm_source=share&ref=hlk26eo3
FXIO,https://made.example.invalid/e07-05/764-1700?utm_source=share&ref=6gb88w3o
FXIP,https://made.example.invalid/e07-05/624-1701?utm_source=share&ref=v3yxjfrg
FXIQ,https://made.example.invalid/e07-05/533-1702?utm_source=share&ref=h8fw9jdi
FXIR,https://made.example.invalid/e07-05/430-1703?utm_source=share&ref=a97ftjpf
FXIS,https://made.example.invalid/e07-05/360-1704?utm_source=share&ref=t7he616l
FXIT,https://made.example.invalid/e07-05/258-1705?utm_source=share&ref=p5xfh43k
FXIU,https://made.example.invalid/e07-05/207-1706?utm_source=share&ref=17hj56zh
FXIV,https://made.example.invalid/e07-05/20-1707?utm_source=share&ref=5h8vrqak
FXIW,https://made.example.invalid/e07-05/11-1708?utm_source=share&ref=7cp1509o
FXIX,https://made.example.invalid/e07-05/17-1709?utm_source=share&ref=zkc63opl
FXIY,https://made.example.invalid/e07-05/930-1710?utm_source=share&ref=ipf4r597
FXIZ,https://made.example.invalid/e07-05/713-1711?utm_source=share&ref=bevjn7k8
FXJ0,https://made.example.invalid/e07-05/482-1712?utm_source=share&ref=cgnxfodj
FXJ1,https://made.example.invalid/e07-05/678-1713?utm_source=share&ref=0h76buxw
FXJ2,https://made.example.invalid/e07-05/978-1714?utm_source=share&ref=5oeongae
FXJ3,https://made.example.invalid/e07-05/157-1715?utm_source=share&ref=9iopt9j3
FXJ4,https://made.example.invalid/e07-05/310-1716?utm_source=share&ref=rnfi3hzq
FXJ5,https://made.example.invalid/e07-05/13-1717?utm_source=share&ref=2z6a0x0s
FXJ6,https://made.example.invalid/e07-05/874-1718?utm_source=share&ref=32vmya9c
FXJ7,https://made.example.invalid/e07-05/7-1719?utm_source=share&ref=aaut5hxd
FXJ8,https://made.example.invalid/e07-05/830-1720?utm_source=share&ref=ee85kzs3
FXJ9,https://made.example.invalid/e07-05/764-1721?utm_source=share&ref=zowim7sb
FXJa,https://made.example.invalid/e07-05/624-1722?utm_source=share&ref=wbaqkdm4
FXJb,https://made.example.invalid/e07-05/533-1723?utm_source=share&ref=alzu7k1v
FXJc,https://made.example.invalid/e07-05/430-1724?utm_source=share&ref=jmzokxvt
FXJd,https://made.example.invalid/e07-05/360-1725?utm_source=share&ref=45dp2ed1
FXJe,https://made.example.invalid/e07-05/258-1726?utm_source=share&ref=1wn514wj
FXJf,https://made.example.invalid/e07-05/207-1727?utm_source=share&ref=yoc1ancs
FXJg,https://made.example.invalid/e07-05/20-1728?utm_source=share&ref=vg76k0wy
FXJh,https://made.example.invalid/e07-05/11-1729?utm_source=share&ref=jbn4jwm0
FXJi,https://made.example.invalid/e07-05/17-1730?utm_source=share&ref=db1dw8cy
FXJj,https://made.example.invalid/e07-05/930-1731?utm_source=share&ref=w6kvb9ec
FXJk,https://made.example.invalid/e07-05/713-1732?utm_source=share&ref=x8oqsdca
FXJl,https://made.example.invalid/e07-05/482-1733?utm_source=share&ref=zqpduwir
FXJm,https://made.example.invalid/e07-05/678-1734?utm_source=share&ref=xrpylyc2
FXJn,https://made.example.invalid/e07-05/978-1735?utm_source=share&ref=zy01t9kn
FXJo,https://made.example.invalid/e07-05/157-1736?utm_source=share&ref=gs6nrqql
FXJp,https://made.example.invalid/e07-05/310-1737?utm_source=share&ref=t2k0q2jm
FXJq,https://made.example.invalid/e07-05/13-1738?utm_source=share&ref=e53z86jr
FXJr,https://made.example.invalid/e07-05/874-1739?utm_source=share&ref=86dtc4zr
FXJs,https://made.example.invalid/e07-05/7-1740?utm_source=share&ref=wfsukzx5
FXJt,https://made.example.invalid/e07-05/830-1741?utm_source=share&ref=o6y8hnhg
FXJu,https://made.example.invalid/e07-05/764-1742?utm_source=share&ref=f9v0j823
FXJv,https://made.example.invalid/e07-05/624-1743?utm_source=share&ref=m1dbrdxg
FXJw,https://made.example.invalid/e07-05/533-1744?utm_source=share&ref=sk60aibe
FXJx,https://made.example.invalid/e07-05/430-1745?utm_source=share&ref=qu4iet8a
FXJy,https://made.example.invalid/e07-05/360-1746?utm_source=share&ref=wcop0l7v
FXJz,https://made.example.invalid/e07-05/258-1747?utm_source=share&ref=pahreez1
FXJA,https://made.example.invalid/e07-05/207-1748?utm_source=share&ref=vth8bpho
FXJB,https://made.example.invalid/e07-05/20-1749?utm_source=share&ref=skh2oep8
FXJC,https://made.example.invalid/e07-05/11-1750?utm_source=share&ref=j6y5aw3o
FXJD,https://made.example.invalid/e07-05/17-1751?utm_source=share&ref=5vk8s4dr
FXJE,https://made.example.invalid/e07-05/930-1752?utm_source=share&ref=u01xtbb0
FXJF,https://made.example.invalid/e07-05/713-1753?utm_source=share&ref=se9ug5ih
FXJG,https://made.example.invalid/e07-05/482-1754?utm_source=share&ref=fw2pen6z
FXJH,https://made.example.invalid/e07-05/678-1755?utm_source=share&ref=093dtytr
FXJI,https://made.example.invalid/e07-05/978-1756?utm_source=share&ref=7gzykoiy
FXJJ,https://made.example.invalid/e07-05/157-1757?utm_source=share&ref=sw96tic5
FXJK,https://made.example.invalid/e07-05/310-1758?utm_source=share&ref=uzhvvbd1
FXJL,https://made.example.invalid/e07-05/13-1759?utm_source=share&ref=k23qnmwj
FXJM,https://made.example.invalid/e07-05/874-1760?utm_source=share&ref=a9exupww
FXJN,https://made.example.invalid/e07-05/7-1761?utm_source=share&ref=4794cqa6
FXJO,https://made.example.invalid/e07-05/830-1762?utm_source=share&ref=rp5p7d2z
FXJP,https://made.example.invalid/e07-05/764-1763?utm_source=share&ref=ic6e3yq9
FXJQ,https://made.example.invalid/e07-05/624-1764?utm_source=share&ref=23tgljgp
FXJR,https://made.example.invalid/e07-05/533-1765?utm_source=share&ref=crwflhrt
FXJS,https://made.example.invalid/e07-05/430-1766?utm_source=share&ref=zy5rf3th
FXJT,https://made.example.invalid/e07-05/360-1767?utm_source=share&ref=qzzs6xef
FXJU,https://made.example.invalid/e07-05/258-1768?utm_source=share&ref=8ho0y305
FXJV,https://made.example.invalid/e07-05/207-1769?utm_source=share&ref=ffqk9k3a
FXJW,https://made.example.invalid/e07-05/20-1770?utm_source=share&ref=pzo9lokn
FXJX,https://made.example.invalid/e07-05/11-1771?utm_source=share&ref=sl8kvwyk
FXJY,https://made.example.invalid/e07-05/17-1772?utm_source=share&ref=qs0xz2o7
FXJZ,https://made.example.invalid/e07-05/930-1773?utm_source=share&ref=0fhjh2ec
FXK0,https://made.example.invalid/e07-05/713-1774?utm_source=share&ref=hzmxv9hb
FXK1,https://made.example.invalid/e07-05/482-1775?utm_source=share&ref=d6gew0ja
FXK2,https://made.example.invalid/e07-05/678-1776?utm_source=share&ref=e065hguy
FXK3,https://made.example.invalid/e07-05/978-1777?utm_source=share&ref=ay6rrt3f
FXK4,https://made.example.invalid/e07-05/157-1778?utm_source=share&ref=wy0u6x3e
FXK5,https://made.example.invalid/e07-05/310-1779?utm_source=share&ref=ov076a6y
FXK6,https://made.example.invalid/e07-05/13-1780?utm_source=share&ref=fn1zyu8m
FXK7,https://made.example.invalid/e07-05/874-1781?utm_source=share&ref=f9xd7ljx
FXK8,https://made.example.invalid/e07-05/7-1782?utm_source=share&ref=n803llra
FXK9,https://made.example.invalid/e07-05/830-1783?utm_source=share&ref=n9xguj0d
FXKa,https://made.example.invalid/e07-05/764-1784?utm_source=share&ref=cd1lwy2q
FXKb,https://made.example.invalid/e07-05/624-1785?utm_source=share&ref=1al1vywc
FXKc,https://made.example.invalid/e07-05/533-1786?utm_source=share&ref=0wlws3we
FXKd,https://made.example.invalid/e07-05/430-1787?utm_source=share&ref=hcsxxuif
FXKe,https://made.example.invalid/e07-05/360-1788?utm_source=share&ref=qerd2w0o
FXKf,https://made.example.invalid/e07-05/258-1789?utm_source=share&ref=zosnql00
FXKg,https://made.example.invalid/e07-05/207-1790?utm_source=share&ref=or3uyan6
FXKh,https://made.example.invalid/e07-05/20-1791?utm_source=share&ref=kkqr0cst
FXKi,https://made.example.invalid/e07-05/11-1792?utm_source=share&ref=s5ptfrpv
FXKj,https://made.example.invalid/e07-05/17-1793?utm_source=share&ref=xgvg96w8
FXKk,https://made.example.invalid/e07-05/930-1794?utm_source=share&ref=nipplsoo
FXKl,https://made.example.invalid/e07-05/713-1795?utm_source=share&ref=rvbgdjka
FXKm,https://made.example.invalid/e07-05/482-1796?utm_source=share&ref=mx6xjlpq
FXKn,https://made.example.invalid/e07-05/678-1797?utm_source=share&ref=r9y9x01l
FXKo,https://made.example.invalid/e07-05/978-1798?utm_source=share&ref=1diutbh0
FXKp,https://made.example.invalid/e07-05/157-1799?utm_source=share&ref=i8az2oit
FXKq,https://made.example.invalid/e07-05/310-1800?utm_source=share&ref=l9iq9bcc
FXKr,https://made.example.invalid/e07-05/13-1801?utm_source=share&ref=68p3q2v1
FXKs,https://made.example.invalid/e07-05/874-1802?utm_source=share&ref=zwlyw0cs
FXKt,https://made.example.invalid/e07-05/7-1803?utm_source=share&ref=a47t1djl
FXKu,https://made.example.invalid/e07-05/830-1804?utm_source=share&ref=11ebl4pm
FXKv,https://made.example.invalid/e07-05/764-1805?utm_source=share&ref=ql20f3hs
FXKw,https://made.example.invalid/e07-05/624-1806?utm_source=share&ref=ypqp72q9
FXKx,https://made.example.invalid/e07-05/533-1807?utm_source=share&ref=bgnuszs9
FXKy,https://made.example.invalid/e07-05/430-1808?utm_source=share&ref=t4l9em49
FXKz,https://made.example.invalid/e07-05/360-1809?utm_source=share&ref=v2s5k8yz
FXKA,https://made.example.invalid/e07-05/258-1810?utm_source=share&ref=kfopn7c1
FXKB,https://made.example.invalid/e07-05/207-1811?utm_source=share&ref=zs57nv32
FXKC,https://made.example.invalid/e07-05/20-1812?utm_source=share&ref=hla35i5j
FXKD,https://made.example.invalid/e07-05/11-1813?utm_source=share&ref=jb4wqcme
FXKE,https://made.example.invalid/e07-05/17-1814?utm_source=share&ref=lhk3hj6g
FXKF,https://made.example.invalid/e07-05/930-1815?utm_source=share&ref=0rvc8m7r
FXKG,https://made.example.invalid/e07-05/713-1816?utm_source=share&ref=l4qugv13
FXKH,https://made.example.invalid/e07-05/482-1817?utm_source=share&ref=n95prlsm
FXKI,https://made.example.invalid/e07-05/678-1818?utm_source=share&ref=s4inem95
FXKJ,https://made.example.invalid/e07-05/978-1819?utm_source=share&ref=q5znajac
FXKK,https://made.example.invalid/e07-05/157-1820?utm_source=share&ref=ituvdamy
FXKL,https://made.example.invalid/e07-05/310-1821?utm_source=share&ref=hcmiiwfl
FXKM,https://made.example.invalid/e07-05/13-1822?utm_source=share&ref=2p0autap
FXKN,https://made.example.invalid/e07-05/874-1823?utm_source=share&ref=vcdck11k
FXKO,https://made.example.invalid/e07-05/7-1824?utm_source=share&ref=z4wl5s0s
FXKP,https://made.example.invalid/e07-05/830-1825?utm_source=share&ref=r0aiogvx
FXKQ,https://made.example.invalid/e07-05/764-1826?utm_source=share&ref=xf0gu2rb
FXKR,https://made.example.invalid/e07-05/624-1827?utm_source=share&ref=ym991dj3
FXKS,https://made.example.invalid/e07-05/533-1828?utm_source=share&ref=osaxekmi
FXKT,https://made.example.invalid/e07-05/430-1829?utm_source=share&ref=tpif4lol
FXKU,https://made.example.invalid/e07-05/360-1830?utm_source=share&ref=2ne3n8tc
FXKV,https://made.example.invalid/e07-05/258-1831?utm_source=share&ref=sk0bo94h
FXKW,https://made.example.invalid/e07-05/207-1832?utm_source=share&ref=7uwww9mx
FXKX,https://made.example.invalid/e07-05/20-1833?utm_source=share&ref=4czmqbj9
FXKY,https://made.example.invalid/e07-05/11-1834?utm_source=share&ref=dfcjwrdt
FXKZ,https://made.example.invalid/e07-05/17-1835?utm_source=share&ref=6tzakwcb
FXL0,https://made.example.invalid/e07-05/930-1836?utm_source=share&ref=f6bnea8f
FXL1,https://made.example.invalid/e07-05/713-1837?utm_source=share&ref=eu5wrp20
FXL2,https://made.example.invalid/e07-05/482-1838?utm_source=share&ref=xb1m15fa
FXL3,https://made.example.invalid/e07-05/678-1839?utm_source=share&ref=a7wvzt9p
FXL4,https://made.example.invalid/e07-05/978-1840?utm_source=share&ref=a4ytv2yv
FXL5,https://made.example.invalid/e07-05/157-1841?utm_source=share&ref=w2umvje9
FXL6,https://made.example.invalid/e07-05/310-1842?utm_source=share&ref=l5ymwakt
FXL7,https://made.example.invalid/e07-05/13-1843?utm_source=share&ref=yr5a9jn9
FXL8,https://made.example.invalid/e07-05/874-1844?utm_source=share&ref=6trdyquy
FXL9,https://made.example.invalid/e07-05/7-1845?utm_source=share&ref=eh5i1j2r
FXLa,https://made.example.invalid/e07-05/830-1846?utm_source=share&ref=it3zr4wv
FXLb,https://made.example.invalid/e07-05/764-1847?utm_source=share&ref=676uxblf
FXLc,https://made.example.invalid/e07-05/624-1848?utm_source=share&ref=d7lako2t
FXLd,https://made.example.invalid/e07-05/533-1849?utm_source=share&ref=1dbdw338
FXLe,https://made.example.invalid/e07-05/430-1850?utm_source=share&ref=p7jeuxkh
FXLf,https://made.example.invalid/e07-05/360-1851?utm_source=share&ref=tzqrrtps
FXLg,https://made.example.invalid/e07-05/258-1852?utm_source=share&ref=ecix8hb0
FXLh,https://made.example.invalid/e07-05/207-1853?utm_source=share&ref=czthbi1n
FXLi,https://made.example.invalid/e07-05/20-1854?utm_source=share&ref=y5tdqjw5
FXLj,https://made.example.invalid/e07-05/11-1855?utm_source=share&ref=jkbrdap2
FXLk,https://made.example.invalid/e07-05/17-1856?utm_source=share&ref=f9ely0dt
FXLl,https://made.example.invalid/e07-05/930-1857?utm_source=share&ref=5up2cenl
FXLm,https://made.example.invalid/e07-05/713-1858?utm_source=share&ref=9g81o8hc
FXLn,https://made.example.invalid/e07-05/482-1859?utm_source=share&ref=v20kiw84
FXLo,https://made.example.invalid/e07-05/678-1860?utm_source=share&ref=mljpg2ch
FXLp,https://made.example.invalid/e07-05/978-1861?utm_source=share&ref=xst2xo1q
FXLq,https://made.example.invalid/e07-05/157-1862?utm_source=share&ref=rtavyvz1
FXLr,https://made.example.invalid/e07-05/310-1863?utm_source=share&ref=4g1rqlh3
FXLs,https://made.example.invalid/e07-05/13-1864?utm_source=share&ref=c9rx03ow
FXLt,https://made.example.invalid/e07-05/874-1865?utm_source=share&ref=f1qf6x8o
FXLu,https://made.example.invalid/e07-05/7-1866?utm_source=share&ref=w4w0mpvt
FXLv,https://made.example.invalid/e07-05/830-1867?utm_source=share&ref=drzdpoh5
FXLw,https://made.example.invalid/e07-05/764-1868?utm_source=share&ref=vfnurix5
FXLx,https://made.example.invalid/e07-05/624-1869?utm_source=share&ref=8ctmo7wq
FXLy,https://made.example.invalid/e07-05/533-1870?utm_source=share&ref=thef6pr6
FXLz,https://made.example.invalid/e07-05/430-1871?utm_source=share&ref=2baq5szz
FXLA,https://made.example.invalid/e07-05/360-1872?utm_source=share&ref=h4nqi5rg
FXLB,https://made.example.invalid/e07-05/258-1873?utm_source=share&ref=5yh3xhj0
FXLC,https://made.example.invalid/e07-05/207-1874?utm_source=share&ref=1jkhxvxm
FXLD,https://made.example.invalid/e07-05/20-1875?utm_source=share&ref=9mb5f6zs
FXLE,https://made.example.invalid/e07-05/11-1876?utm_source=share&ref=2n9ojevf
FXLF,https://made.example.invalid/e07-05/17-1877?utm_source=share&ref=3gozfi1k
FXLG,https://made.example.invalid/e07-05/930-1878?utm_source=share&ref=zqp1t766
FXLH,https://made.example.invalid/e07-05/713-1879?utm_source=share&ref=bs7ch7d9
FXLI,https://made.example.invalid/e07-05/482-1880?utm_source=share&ref=02wltd72
FXLJ,https://made.example.invalid/e07-05/678-1881?utm_source=share&ref=d0vx0je3
FXLK,https://made.example.invalid/e07-05/978-1882?utm_source=share&ref=tmsp6yip
FXLL,https://made.example.invalid/e07-05/157-1883?utm_source=share&ref=qinlad82
FXLM,https://made.example.invalid/e07-05/310-1884?utm_source=share&ref=9hwv1zdd
FXLN,https://made.example.invalid/e07-05/13-1885?utm_source=share&ref=j2u6rnus
FXLO,https://made.example.invalid/e07-05/874-1886?utm_source=share&ref=2w6zbqsa
FXLP,https://made.example.invalid/e07-05/7-1887?utm_source=share&ref=i5gw3ywv
FXLQ,https://made.example.invalid/e07-05/830-1888?utm_source=share&ref=6xola8s9
FXLR,https://made.example.invalid/e07-05/764-1889?utm_source=share&ref=v018dv8w
FXLS,https://made.example.invalid/e07-05/624-1890?utm_source=share&ref=y8ujfe2r
FXLT,https://made.example.invalid/e07-05/533-1891?utm_source=share&ref=fftszpuv
FXLU,https://made.example.invalid/e07-05/430-1892?utm_source=share&ref=ygdqdosg
FXLV,https://made.example.invalid/e07-05/360-1893?utm_source=share&ref=ppr3kljj
FXLW,https://made.example.invalid/e07-05/258-1894?utm_source=share&ref=fo3drhuu
FXLX,https://made.example.invalid/e07-05/207-1895?utm_source=share&ref=upjsn5u8
FXLY,https://made.example.invalid/e07-05/20-1896?utm_source=share&ref=0ykpy3r8
FXLZ,https://made.example.invalid/e07-05/11-1897?utm_source=share&ref=z8pib96j
FXM0,https://made.example.invalid/e07-05/17-1898?utm_source=share&ref=x2033hp0
FXM1,https://made.example.invalid/e07-05/930-1899?utm_source=share&ref=9y4mt512
FXM2,https://made.example.invalid/e07-05/713-1900?utm_source=share&ref=to1up4tm
FXM3,https://made.example.invalid/e07-05/482-1901?utm_source=share&ref=5qvjjeys
FXM4,https://made.example.invalid/e07-05/678-1902?utm_source=share&ref=tw16soag
FXM5,https://made.example.invalid/e07-05/978-1903?utm_source=share&ref=q19ldkrs
FXM6,https://made.example.invalid/e07-05/157-1904?utm_source=share&ref=vvngtvu7
FXM7,https://made.example.invalid/e07-05/310-1905?utm_source=share&ref=ub4b7ues
FXM8,https://made.example.invalid/e07-05/13-1906?utm_source=share&ref=nzxts37c
FXM9,https://made.example.invalid/e07-05/874-1907?utm_source=share&ref=5tyqago5
FXMa,https://made.example.invalid/e07-05/7-1908?utm_source=share&ref=htkggihw
FXMb,https://made.example.invalid/e07-05/830-1909?utm_source=share&ref=egkujkdc
FXMc,https://made.example.invalid/e07-05/764-1910?utm_source=share&ref=bq9ph8x0
FXMd,https://made.example.invalid/e07-05/624-1911?utm_source=share&ref=en2jg3t0
FXMe,https://made.example.invalid/e07-05/533-1912?utm_source=share&ref=q6h0i0lz
FXMf,https://made.example.invalid/e07-05/430-1913?utm_source=share&ref=enru2ez1
FXMg,https://made.example.invalid/e07-05/360-1914?utm_source=share&ref=tqoclicz
FXMh,https://made.example.invalid/e07-05/258-1915?utm_source=share&ref=6ghpxfnv
FXMi,https://made.example.invalid/e07-05/207-1916?utm_source=share&ref=8amehwkz
FXMj,https://made.example.invalid/e07-05/20-1917?utm_source=share&ref=lr6m3qz7
FXMk,https://made.example.invalid/e07-05/11-1918?utm_source=share&ref=8o6invht
FXMl,https://made.example.invalid/e07-05/17-1919?utm_source=share&ref=3j89twbo
FXMm,https://made.example.invalid/e07-05/930-1920?utm_source=share&ref=hrtn79o0
FXMn,https://made.example.invalid/e07-05/713-1921?utm_source=share&ref=2gkcksh6
FXMo,https://made.example.invalid/e07-05/482-1922?utm_source=share&ref=xpr2shwn
FXMp,https://made.example.invalid/e07-05/678-1923?utm_source=share&ref=ssdmxga0
FXMq,https://made.example.invalid/e07-05/978-1924?utm_source=share&ref=b95yh8zp
FXMr,https://made.example.invalid/e07-05/157-1925?utm_source=share&ref=ixdld8qi
FXMs,https://made.example.invalid/e07-05/310-1926?utm_source=share&ref=khc1ffiu
FXMt,https://made.example.invalid/e07-05/13-1927?utm_source=share&ref=gvh6eiiq
FXMu,https://made.example.invalid/e07-05/874-1928?utm_source=share&ref=uszb2h9k
FXMv,https://made.example.invalid/e07-05/7-1929?utm_source=share&ref=rubr10ea
FXMw,https://made.example.invalid/e07-05/830-1930?utm_source=share&ref=mat87uv4
FXMx,https://made.example.invalid/e07-05/764-1931?utm_source=share&ref=xgsqkzuu
FXMy,https://made.example.invalid/e07-05/624-1932?utm_source=share&ref=d58wn3e2
FXMz,https://made.example.invalid/e07-05/533-1933?utm_source=share&ref=4jy1a7cz
FXMA,https://made.example.invalid/e07-05/430-1934?utm_source=share&ref=coh1kiw2
FXMB,https://made.example.invalid/e07-05/360-1935?utm_source=share&ref=nch2flz6
FXMC,https://made.example.invalid/e07-05/258-1936?utm_source=share&ref=bxdvtcv3
FXMD,https://made.example.invalid/e07-05/207-1937?utm_source=share&ref=158ntdu5
FXME,https://made.example.invalid/e07-05/20-1938?utm_source=share&ref=gzo98kev
FXMF,https://made.example.invalid/e07-05/11-1939?utm_source=share&ref=p7cms2ef
FXMG,https://made.example.invalid/e07-05/17-1940?utm_source=share&ref=prfjxgtq
FXMH,https://made.example.invalid/e07-05/930-1941?utm_source=share&ref=p7dzp978
FXMI,https://made.example.invalid/e07-05/713-1942?utm_source=share&ref=tp82wlx9
FXMJ,https://made.example.invalid/e07-05/482-1943?utm_source=share&ref=z1zy5esl
FXMK,https://made.example.invalid/e07-05/678-1944?utm_source=share&ref=5onertvi
FXML,https://made.example.invalid/e07-05/978-1945?utm_source=share&ref=688sx2go
FXMM,https://made.example.invalid/e07-05/157-1946?utm_source=share&ref=mni2zq7h
FXMN,https://made.example.invalid/e07-05/310-1947?utm_source=share&ref=5x3syv4x
FXMO,https://made.example.invalid/e07-05/13-1948?utm_source=share&ref=oqgayjog
FXMP,https://made.example.invalid/e07-05/874-1949?utm_source=share&ref=sxryi52a
FXMQ,https://made.example.invalid/e07-05/7-1950?utm_source=share&ref=5vj3w8vp
FXMR,https://made.example.invalid/e07-05/830-1951?utm_source=share&ref=6cc55rrr
FXMS,https://made.example.invalid/e07-05/764-1952?utm_source=share&ref=mhe7lqxj
FXMT,https://made.example.invalid/e07-05/624-1953?utm_source=share&ref=pysi59dq
FXMU,https://made.example.invalid/e07-05/533-1954?utm_source=share&ref=idrwcrdr
FXMV,https://made.example.invalid/e07-05/430-1955?utm_source=share&ref=0aqqz78s
FXMW,https://made.example.invalid/e07-05/360-1956?utm_source=share&ref=ojcv9pnr
FXMX,https://made.example.invalid/e07-05/258-1957?utm_source=share&ref=bz1k5b4m
FXMY,https://made.example.invalid/e07-05/207-1958?utm_source=share&ref=1grnps62
FXMZ,https://made.example.invalid/e07-05/20-1959?utm_source=share&ref=ms1hlqql
FXN0,https://made.example.invalid/e07-05/11-1960?utm_source=share&ref=fvoh6qi6
FXN1,https://made.example.invalid/e07-05/17-1961?utm_source=share&ref=8g46hfq6
FXN2,https://made.example.invalid/e07-05/930-1962?utm_source=share&ref=bxhmvat5
FXN3,https://made.example.invalid/e07-05/713-1963?utm_source=share&ref=zdj2mt7e
FXN4,https://made.example.invalid/e07-05/482-1964?utm_source=share&ref=m4wrtdc0
FXN5,https://made.example.invalid/e07-05/678-1965?utm_source=share&ref=kzm4ofvv
FXN6,https://made.example.invalid/e07-05/978-1966?utm_source=share&ref=rri6e19m
FXN7,https://made.example.invalid/e07-05/157-1967?utm_source=share&ref=tm29tqgd
FXN8,https://made.example.invalid/e07-05/310-1968?utm_source=share&ref=le0hd3xt
FXN9,https://made.example.invalid/e07-05/13-1969?utm_source=share&ref=bnpm306q
FXNa,https://made.example.invalid/e07-05/874-1970?utm_source=share&ref=eb1ka6xr
FXNb,https://made.example.invalid/e07-05/7-1971?utm_source=share&ref=hobx1q26
FXNc,https://made.example.invalid/e07-05/830-1972?utm_source=share&ref=jzbsfhk1
FXNd,https://made.example.invalid/e07-05/764-1973?utm_source=share&ref=oalmzwcp
FXNe,https://made.example.invalid/e07-05/624-1974?utm_source=share&ref=u1wofur1
FXNf,https://made.example.invalid/e07-05/533-1975?utm_source=share&ref=b5y9ehwy
FXNg,https://made.example.invalid/e07-05/430-1976?utm_source=share&ref=sodm75mk
FXNh,https://made.example.invalid/e07-05/360-1977?utm_source=share&ref=9jvdrb98
FXNi,https://made.example.invalid/e07-05/258-1978?utm_source=share&ref=jbbhj8x4
FXNj,https://made.example.invalid/e07-05/207-1979?utm_source=share&ref=8j2jwi0r
FXNk,https://made.example.invalid/e07-05/20-1980?utm_source=share&ref=p32w02cx
FXNl,https://made.example.invalid/e07-05/11-1981?utm_source=share&ref=iubuieym
FXNm,https://made.example.invalid/e07-05/17-1982?utm_source=share&ref=8reg481g
FXNn,https://made.example.invalid/e07-05/930-1983?utm_source=share&ref=ht1g0f71
FXNo,https://made.example.invalid/e07-05/713-1984?utm_source=share&ref=numr6q1v
FXNp,https://made.example.invalid/e07-05/482-1985?utm_source=share&ref=gy0uqmlm
FXNq,https://made.example.invalid/e07-05/678-1986?utm_source=share&ref=bz30zycp
FXNr,https://made.example.invalid/e07-05/978-1987?utm_source=share&ref=1954o150
FXNs,https://made.example.invalid/e07-05/157-1988?utm_source=share&ref=5kvi6fbx
FXNt,https://made.example.invalid/e07-05/310-1989?utm_source=share&ref=nla4zvi0
FXNu,https://made.example.invalid/e07-05/13-1990?utm_source=share&ref=ge8nnfxw
FXNv,https://made.example.invalid/e07-05/874-1991?utm_source=share&ref=4ab5f7nn
FXNw,https://made.example.invalid/e07-05/7-1992?utm_source=share&ref=5813mjh9
FXNx,https://made.example.invalid/e07-05/830-1993?utm_source=share&ref=en35v2kh
FXNy,https://made.example.invalid/e07-05/764-1994?utm_source=share&ref=2nqjolvf
FXNz,https://made.example.invalid/e07-05/624-1995?utm_source=share&ref=46cplc5j
FXNA,https://made.example.invalid/e07-05/533-1996?utm_source=share&ref=d685veca
FXNB,https://made.example.invalid/e07-05/430-1997?utm_source=share&ref=ca2qcjab
FXNC,https://made.example.invalid/e07-05/360-1998?utm_source=share&ref=ip3665it
FXND,https://made.example.invalid/e07-05/258-1999?utm_source=share&ref=1sp9rjoz
FXNE,https://made.example.invalid/e07-05/207-2000?utm_source=share&ref=lc4fmhap
FXNF,https://made.example.invalid/e07-05/20-2001?utm_source=share&ref=r7qxkrbn
FXNG,https://made.example.invalid/e07-05/11-2002?utm_source=share&ref=d210v4kl
FXNH,https://made.example.invalid/e07-05/17-2003?utm_source=share&ref=mlc4a7o3
FXNI,https://made.example.invalid/e07-05/930-2004?utm_source=share&ref=ek2oupsx
FXNJ,https://made.example.invalid/e07-05/713-2005?utm_source=share&ref=h6f8i8ng
FXNK,https://made.example.invalid/e07-05/482-2006?utm_source=share&ref=rq1zvgkj
FXNL,https://made.example.invalid/e07-05/678-2007?utm_source=share&ref=sobl32eg
FXNM,https://made.example.invalid/e07-05/978-2008?utm_source=share&ref=neth1h42
FXNN,https://made.example.invalid/e07-05/157-2009?utm_source=share&ref=5zmufzz3
FXNO,https://made.example.invalid/e07-05/310-2010?utm_source=share&ref=yzjanekp
FXNP,https://made.example.invalid/e07-05/13-2011?utm_source=share&ref=p45yydya
FXNQ,https://made.example.invalid/e07-05/874-2012?utm_source=share&ref=mveiug70
FXNR,https://made.example.invalid/e07-05/7-2013?utm_source=share&ref=1t5tndej
FXNS,https://made.example.invalid/e07-05/830-2014?utm_source=share&ref=b72h8r06
FXNT,https://made.example.invalid/e07-05/764-2015?utm_source=share&ref=f81kt2uk
FXNU,https://made.example.invalid/e07-05/624-2016?utm_source=share&ref=o0hl56vb
FXNV,https://made.example.invalid/e07-05/533-2017?utm_source=share&ref=1wsglmbd
FXNW,https://made.example.invalid/e07-05/430-2018?utm_source=share&ref=fh96zcoq
FXNX,https://made.example.invalid/e07-05/360-2019?utm_source=share&ref=bkim3a6b
FXNY,https://made.example.invalid/e07-05/258-2020?utm_source=share&ref=epgromna
FXNZ,https://made.example.invalid/e07-05/207-2021?utm_source=share&ref=bc0781it
FXO0,https://made.example.invalid/e07-05/20-2022?utm_source=share&ref=7smn4pmq
FXO1,https://made.example.invalid/e07-05/11-2023?utm_source=share&ref=39n6qbr0
FXO2,https://made.example.invalid/e07-05/17-2024?utm_source=share&ref=y9j0ce0p
FXO3,https://made.example.invalid/e07-05/930-2025?utm_source=share&ref=99gu0nxf
FXO4,https://made.example.invalid/e07-05/713-2026?utm_source=share&ref=f7478fip
FXO5,https://made.example.invalid/e07-05/482-2027?utm_source=share&ref=dp17nhtp
FXO6,https://made.example.invalid/e07-05/678-2028?utm_source=share&ref=9pzud9go
FXO7,https://made.example.invalid/e07-05/978-2029?utm_source=share&ref=3bdn6r2d
FXO8,https://made.example.invalid/e07-05/157-2030?utm_source=share&ref=674n5lt9
FXO9,https://made.example.invalid/e07-05/310-2031?utm_source=share&ref=3nmye7d4
FXOa,https://made.example.invalid/e07-05/13-2032?utm_source=share&ref=iyjmw9gv
FXOb,https://made.example.invalid/e07-05/874-2033?utm_source=share&ref=rz2exa4l
FXOc,https://made.example.invalid/e07-05/7-2034?utm_source=share&ref=l9z2qfkk
FXOd,https://made.example.invalid/e07-05/830-2035?utm_source=share&ref=kymmfs9n
FXOe,https://made.example.invalid/e07-05/764-2036?utm_source=share&ref=vq5tyape
FXOf,https://made.example.invalid/e07-05/624-2037?utm_source=share&ref=r11vd5oj
FXOg,https://made.example.invalid/e07-05/533-2038?utm_source=share&ref=hjgjkrtr
FXOh,https://made.example.invalid/e07-05/430-2039?utm_source=share&ref=k8tcphbv
FXOi,https://made.example.invalid/e07-05/360-2040?utm_source=share&ref=25q52rjl
FXOj,https://made.example.invalid/e07-05/258-2041?utm_source=share&ref=a4n9jc9v
FXOk,https://made.example.invalid/e07-05/207-2042?utm_source=share&ref=uk7ga2aa
FXOl,https://made.example.invalid/e07-05/20-2043?utm_source=share&ref=lm2dy90v
FXOm,https://made.example.invalid/e07-05/11-2044?utm_source=share&ref=sm2gfbt2
FXOn,https://made.example.invalid/e07-05/17-2045?utm_source=share&ref=yaxtznja
FXOo,https://made.example.invalid/e07-05/930-2046?utm_source=share&ref=5igt5h8c
FXOp,https://made.example.invalid/e07-05/713-2047?utm_source=share&ref=6n7sum8e
FXOq,https://made.example.invalid/e07-05/482-2048?utm_source=share&ref=yh0dqi7e
FXOr,https://made.example.invalid/e07-05/678-2049?utm_source=share&ref=jgi9731x
FXOs,https://made.example.invalid/e07-05/978-2050?utm_source=share&ref=68vv833q
FXOt,https://made.example.invalid/e07-05/157-2051?utm_source=share&ref=menj3lic
FXOu,https://made.example.invalid/e07-05/310-2052?utm_source=share&ref=hxe5k5qr
FXOv,https://made.example.invalid/e07-05/13-2053?utm_source=share&ref=xzonu9gx
FXOw,https://made.example.invalid/e07-05/874-2054?utm_source=share&ref=xr2s58pl
FXOx,https://made.example.invalid/e07-05/7-2055?utm_source=share&ref=8tnj1xwb
FXOy,https://made.example.invalid/e07-05/830-2056?utm_source=share&ref=5zv3khwv
FXOz,https://made.example.invalid/e07-05/764-2057?utm_source=share&ref=s9r1iwl2
FXOA,https://made.example.invalid/e07-05/624-2058?utm_source=share&ref=3sf7pkqo
FXOB,https://made.example.invalid/e07-05/533-2059?utm_source=share&ref=dpps9jtw
FXOC,https://made.example.invalid/e07-05/430-2060?utm_source=share&ref=e8wqql62
FXOD,https://made.example.invalid/e07-05/360-2061?utm_source=share&ref=fc24bpkx
FXOE,https://made.example.invalid/e07-05/258-2062?utm_source=share&ref=2yk5sszl
FXOF,https://made.example.invalid/e07-05/207-2063?utm_source=share&ref=30ot09wp
FXOG,https://made.example.invalid/e07-05/20-2064?utm_source=share&ref=6wvzobvd
FXOH,https://made.example.invalid/e07-05/11-2065?utm_source=share&ref=qvkmd9yb
FXOI,https://made.example.invalid/e07-05/17-2066?utm_source=share&ref=gpbeaqb3
FXOJ,https://made.example.invalid/e07-05/930-2067?utm_source=share&ref=3fdhxx5i
FXOK,https://made.example.invalid/e07-05/713-2068?utm_source=share&ref=0los6lr9
FXOL,https://made.example.invalid/e07-05/482-2069?utm_source=share&ref=j1lgtws6
FXOM,https://made.example.invalid/e07-05/678-2070?utm_source=share&ref=bwt7bj1o
FXON,https://made.example.invalid/e07-05/978-2071?utm_source=share&ref=zfy738qs
FXOO,https://made.example.invalid/e07-05/157-2072?utm_source=share&ref=8utbfla1
FXOP,https://made.example.invalid/e07-05/310-2073?utm_source=share&ref=2crhfupl
FXOQ,https://made.example.invalid/e07-05/13-2074?utm_source=share&ref=174gtcca
FXOR,https://made.example.invalid/e07-05/874-2075?utm_source=share&ref=cekgx885
FXOS,https://made.example.invalid/e07-05/7-2076?utm_source=share&ref=xekw8267
FXOT,https://made.example.invalid/e07-05/830-2077?utm_source=share&ref=sgdljebm
FXOU,https://made.example.invalid/e07-05/764-2078?utm_source=share&ref=mu4dubdc
FXOV,https://made.example.invalid/e07-05/624-2079?utm_source=share&ref=qt4y4wx7
FXOW,https://made.example.invalid/e07-05/533-2080?utm_source=share&ref=tnd554pp
FXOX,https://made.example.invalid/e07-05/430-2081?utm_source=share&ref=xzl4yqzq
FXOY,https://made.example.invalid/e07-05/360-2082?utm_source=share&ref=4kq796zi
FXOZ,https://made.example.invalid/e07-05/258-2083?utm_source=share&ref=xxqth8hq
FXP0,https://made.example.invalid/e07-05/207-2084?utm_source=share&ref=v96abkut
FXP1,https://made.example.invalid/e07-05/20-2085?utm_source=share&ref=92r1j5s4
FXP2,https://made.example.invalid/e07-05/11-2086?utm_source=share&ref=x9u8sy98
FXP3,https://made.example.invalid/e07-05/17-2087?utm_source=share&ref=24h9fj1z
FXP4,https://made.example.invalid/e07-05/930-2088?utm_source=share&ref=5ewui32g
FXP5,https://made.example.invalid/e07-05/713-2089?utm_source=share&ref=o9pzny2o
FXP6,https://made.example.invalid/e07-05/482-2090?utm_source=share&ref=yuk1bzjy
FXP7,https://made.example.invalid/e07-05/678-2091?utm_source=share&ref=5taj4c0t
FXP8,https://made.example.invalid/e07-05/978-2092?utm_source=share&ref=7o0i127i
FXP9,https://made.example.invalid/e07-05/157-2093?utm_source=share&ref=bn17ilsi
FXPa,https://made.example.invalid/e07-05/310-2094?utm_source=share&ref=28m32qbs
FXPb,https://made.example.invalid/e07-05/13-2095?utm_source=share&ref=a8z8lc0o
FXPc,https://made.example.invalid/e07-05/874-2096?utm_source=share&ref=enrf8wo1
FXPd,https://made.example.invalid/e07-05/7-2097?utm_source=share&ref=bj72dj67
FXPe,https://made.example.invalid/e07-05/830-2098?utm_source=share&ref=bqwx937g
FXPf,https://made.example.invalid/e07-05/764-2099?utm_source=share&ref=6oflm45v
FXPg,https://made.example.invalid/e07-05/624-2100?utm_source=share&ref=yx7umdhu
FXPh,https://made.example.invalid/e07-05/533-2101?utm_source=share&ref=lj1qe1ht
FXPi,https://made.example.invalid/e07-05/430-2102?utm_source=share&ref=4hx57ncc
FXPj,https://made.example.invalid/e07-05/360-2103?utm_source=share&ref=n6vet08d
FXPk,https://made.example.invalid/e07-05/258-2104?utm_source=share&ref=m9dukunj
FXPl,https://made.example.invalid/e07-05/207-2105?utm_source=share&ref=vhqqe6u0
FXPm,https://made.example.invalid/e07-05/20-2106?utm_source=share&ref=onq3n5z1
FXPn,https://made.example.invalid/e07-05/11-2107?utm_source=share&ref=93mp79s7
FXPo,https://made.example.invalid/e07-05/17-2108?utm_source=share&ref=h14spx0p
FXPp,https://made.example.invalid/e07-05/930-2109?utm_source=share&ref=7q2e8psk
FXPq,https://made.example.invalid/e07-05/713-2110?utm_source=share&ref=hkj5s9m6
FXPr,https://made.example.invalid/e07-05/482-2111?utm_source=share&ref=isvsoioe
FXPs,https://made.example.invalid/e07-05/678-2112?utm_source=share&ref=m0syyr7w
FXPt,https://made.example.invalid/e07-05/978-2113?utm_source=share&ref=id4pw85k
FXPu,https://made.example.invalid/e07-05/157-2114?utm_source=share&ref=a3z8mjv1
FXPv,https://made.example.invalid/e07-05/310-2115?utm_source=share&ref=yoqj4dgv
FXPw,https://made.example.invalid/e07-05/13-2116?utm_source=share&ref=qjt8ltrt
FXPx,https://made.example.invalid/e07-05/874-2117?utm_source=share&ref=n9nampvj
FXPy,https://made.example.invalid/e07-05/7-2118?utm_source=share&ref=r33vtn4s
FXPz,https://made.example.invalid/e07-05/830-2119?utm_source=share&ref=rrxpt3qs
FXPA,https://made.example.invalid/e07-05/764-2120?utm_source=share&ref=f34rbzqa
FXPB,https://made.example.invalid/e07-05/624-2121?utm_source=share&ref=x25wizgg
FXPC,https://made.example.invalid/e07-05/533-2122?utm_source=share&ref=vjv0ftcg
FXPD,https://made.example.invalid/e07-05/430-2123?utm_source=share&ref=nuql7okg
FXPE,https://made.example.invalid/e07-05/360-2124?utm_source=share&ref=yga5ssb6
FXPF,https://made.example.invalid/e07-05/258-2125?utm_source=share&ref=a1bq0fj6
FXPG,https://made.example.invalid/e07-05/207-2126?utm_source=share&ref=fhshflc2
FXPH,https://made.example.invalid/e07-05/20-2127?utm_source=share&ref=oofzreuh
FXPI,https://made.example.invalid/e07-05/11-2128?utm_source=share&ref=9kk2i498
FXPJ,https://made.example.invalid/e07-05/17-2129?utm_source=share&ref=8awwxepx
FXPK,https://made.example.invalid/e07-05/930-2130?utm_source=share&ref=kz8q53gb
FXPL,https://made.example.invalid/e07-05/713-2131?utm_source=share&ref=80rall6x
FXPM,https://made.example.invalid/e07-05/482-2132?utm_source=share&ref=9pp6qwji
FXPN,https://made.example.invalid/e07-05/678-2133?utm_source=share&ref=g20atbbi
FXPO,https://made.example.invalid/e07-05/978-2134?utm_source=share&ref=j9x070qy
FXPP,https://made.example.invalid/e07-05/157-2135?utm_source=share&ref=w1hosemd
FXPQ,https://made.example.invalid/e07-05/310-2136?utm_source=share&ref=st4xvlo4
FXPR,https://made.example.invalid/e07-05/13-2137?utm_source=share&ref=gvefn9t0
FXPS,https://made.example.invalid/e07-05/874-2138?utm_source=share&ref=itct2sbd
FXPT,https://made.example.invalid/e07-05/7-2139?utm_source=share&ref=5zdnhfmm
FXPU,https://made.example.invalid/e07-05/830-2140?utm_source=share&ref=oa1djxca
FXPV,https://made.example.invalid/e07-05/764-2141?utm_source=share&ref=fhuitan2
FXPW,https://made.example.invalid/e07-05/624-2142?utm_source=share&ref=sz5wyw9m
FXPX,https://made.example.invalid/e07-05/533-2143?utm_source=share&ref=035zipq7
1UUq,https://news.example.invalid/articles/2026/10/story-457090?utm_source=share&utm_medium=link&ref=sfp-seed
DiYd,https://news.example.invalid/articles/2026/10/story-9367717?utm_source=share&utm_medium=link&ref=sfp-seed
eOB1,https://news.example.invalid/articles/2026/10/story-3531087?utm_source=share&utm_medium=link&ref=sfp-seed
nkRF,https://news.example.invalid/articles/2026/10/story-5561751?utm_source=share&utm_medium=link&ref=sfp-seed
3arG,https://news.example.invalid/articles/2026/10/story-755140?utm_source=share&utm_medium=link&ref=sfp-seed
k8qI,https://news.example.invalid/articles/2026/10/story-4798968?utm_source=share&utm_medium=link&ref=sfp-seed
yDw,https://news.example.invalid/articles/2026/10/story-133146?utm_source=share&utm_medium=link&ref=sfp-seed
A8F5,https://news.example.invalid/articles/2026/10/story-8613107?utm_source=share&utm_medium=link&ref=sfp-seed
dEAp,https://news.example.invalid/articles/2026/10/story-3254281?utm_source=share&utm_medium=link&ref=sfp-seed
cevq,https://news.example.invalid/articles/2026/10/story-2915700?utm_source=share&utm_medium=link&ref=sfp-seed
9LmH,https://news.example.invalid/articles/2026/10/story-2327027?utm_source=share&utm_medium=link&ref=sfp-seed
xCMq,https://news.example.invalid/articles/2026/10/story-8013898?utm_source=share&utm_medium=link&ref=sfp-seed
i6jb,https://news.example.invalid/articles/2026/10/story-4314157?utm_source=share&utm_medium=link&ref=sfp-seed
wvnp,https://news.example.invalid/articles/2026/10/story-7747111?utm_source=share&utm_medium=link&ref=sfp-seed
gKhF,https://news.example.invalid/articles/2026/10/story-3991167?utm_source=share&utm_medium=link&ref=sfp-seed
tf8Y,https://news.example.invalid/articles/2026/10/story-6969728?utm_source=share&utm_medium=link&ref=sfp-seed
DWfG,https://news.example.invalid/articles/2026/10/story-9518716?utm_source=share&utm_medium=link&ref=sfp-seed
45Pn,https://news.example.invalid/articles/2026/10/story-975717?utm_source=share&utm_medium=link&ref=sfp-seed
EMo3,https://news.example.invalid/articles/2026/10/story-9719123?utm_source=share&utm_medium=link&ref=sfp-seed
Awmi,https://news.example.invalid/articles/2026/10/story-8704198?utm_source=share&utm_medium=link&ref=sfp-seed
hBmi,https://news.example.invalid/articles/2026/10/story-4195186?utm_source=share&utm_medium=link&ref=sfp-seed
C8I5,https://news.example.invalid/articles/2026/10/story-9089949?utm_source=share&utm_medium=link&ref=sfp-seed
zYRj,https://news.example.invalid/articles/2026/10/story-8575425?utm_source=share&utm_medium=link&ref=sfp-seed
so5h,https://news.example.invalid/articles/2026/10/story-6765767?utm_source=share&utm_medium=link&ref=sfp-seed
8QyW,https://news.example.invalid/articles/2026/10/story-2108678?utm_source=share&utm_medium=link&ref=sfp-seed
BprZ,https://news.example.invalid/articles/2026/10/story-8915971?utm_source=share&utm_medium=link&ref=sfp-seed
AIUv,https://news.example.invalid/articles/2026/10/story-8752447?utm_source=share&utm_medium=link&ref=sfp-seed
pQAS,https://news.example.invalid/articles/2026/10/story-6160374?utm_source=share&utm_medium=link&ref=sfp-seed
bO2n,https://news.example.invalid/articles/2026/10/story-2813955?utm_source=share&utm_medium=link&ref=sfp-seed
6rRD,https://news.example.invalid/articles/2026/10/story-1537081?utm_source=share&utm_medium=link&ref=sfp-seed
A9dX,https://news.example.invalid/articles/2026/10/story-8615269?utm_source=share&utm_medium=link&ref=sfp-seed
jiWX,https://news.example.invalid/articles/2026/10/story-4601079?utm_source=share&utm_medium=link&ref=sfp-seed
xPbq,https://news.example.invalid/articles/2026/10/story-8061576?utm_source=share&utm_medium=link&ref=sfp-seed
cVN1,https://news.example.invalid/articles/2026/10/story-3082083?utm_source=share&utm_medium=link&ref=sfp-seed
Chlc,https://news.example.invalid/articles/2026/10/story-9123126?utm_source=share&utm_medium=link&ref=sfp-seed
7b3Z,https://news.example.invalid/articles/2026/10/story-1710827?utm_source=share&utm_medium=link&ref=sfp-seed
qg9F,https://news.example.invalid/articles/2026/10/story-6258631?utm_source=share&utm_medium=link&ref=sfp-seed
fs8P,https://news.example.invalid/articles/2026/10/story-3683099?utm_source=share&utm_medium=link&ref=sfp-seed
ybAd,https://news.example.invalid/articles/2026/10/story-8147681?utm_source=share&utm_medium=link&ref=sfp-seed
wo00,https://news.example.invalid/articles/2026/10/story-7718752?utm_source=share&utm_medium=link&ref=sfp-seed
gNjO,https://news.example.invalid/articles/2026/10/story-4002832?utm_source=share&utm_medium=link&ref=sfp-seed
filW,https://news.example.invalid/articles/2026/10/story-3645472?utm_source=share&utm_medium=link&ref=sfp-seed
i0G8,https://news.example.invalid/articles/2026/10/story-4292516?utm_source=share&utm_medium=link&ref=sfp-seed
319E,https://news.example.invalid/articles/2026/10/story-719426?utm_source=share&utm_medium=link&ref=sfp-seed
2PfB,https://news.example.invalid/articles/2026/10/story-673667?utm_source=share&utm_medium=link&ref=sfp-seed
3nh6,https://news.example.invalid/articles/2026/10/story-804456?utm_source=share&utm_medium=link&ref=sfp-seed
u4vh,https://news.example.invalid/articles/2026/10/story-7167155?utm_source=share&utm_medium=link&ref=sfp-seed
lDi8,https://news.example.invalid/articles/2026/10/story-5155928?utm_source=share&utm_medium=link&ref=sfp-seed
qyWc,https://news.example.invalid/articles/2026/10/story-6330832?utm_source=share&utm_medium=link&ref=sfp-seed
npl,https://news.example.invalid/articles/2026/10/story-89983?utm_source=share&utm_medium=link&ref=sfp-seed
8uXr,https://news.example.invalid/articles/2026/10/story-2025629?utm_source=share&utm_medium=link&ref=sfp-seed
beCo,https://news.example.invalid/articles/2026/10/story-2677804?utm_source=share&utm_medium=link&ref=sfp-seed
8mqI,https://news.example.invalid/articles/2026/10/story-1992848?utm_source=share&utm_medium=link&ref=sfp-seed
1T5M,https://news.example.invalid/articles/2026/10/story-450106?utm_source=share&utm_medium=link&ref=sfp-seed
cnay,https://news.example.invalid/articles/2026/10/story-2949002?utm_source=share&utm_medium=link&ref=sfp-seed
lW6q,https://news.example.invalid/articles/2026/10/story-5228238?utm_source=share&utm_medium=link&ref=sfp-seed
5Z0o,https://news.example.invalid/articles/2026/10/story-1426148?utm_source=share&utm_medium=link&ref=sfp-seed
5Nnm,https://news.example.invalid/articles/2026/10/story-1381444?utm_source=share&utm_medium=link&ref=sfp-seed
tyt7,https://news.example.invalid/articles/2026/10/story-7044013?utm_source=share&utm_medium=link&ref=sfp-seed
uE2G,https://news.example.invalid/articles/2026/10/story-7303766?utm_source=share&utm_medium=link&ref=sfp-seed
gGhr,https://news.example.invalid/articles/2026/10/story-3975777?utm_source=share&utm_medium=link&ref=sfp-seed
AfZD,https://news.example.invalid/articles/2026/10/story-8641289?utm_source=share&utm_medium=link&ref=sfp-seed
cV24,https://news.example.invalid/articles/2026/10/story-3079172?utm_source=share&utm_medium=link&ref=sfp-seed
CNq7,https://news.example.invalid/articles/2026/10/story-9246439?utm_source=share&utm_medium=link&ref=sfp-seed
d4vC,https://news.example.invalid/articles/2026/10/story-3115600?utm_source=share&utm_medium=link&ref=sfp-seed
vvzp,https://news.example.invalid/articles/2026/10/story-7509527?utm_source=share&utm_medium=link&ref=sfp-seed
7y7N,https://news.example.invalid/articles/2026/10/story-1799475?utm_source=share&utm_medium=link&ref=sfp-seed
iri7,https://news.example.invalid/articles/2026/10/story-4394815?utm_source=share&utm_medium=link&ref=sfp-seed
inE4,https://news.example.invalid/articles/2026/10/story-4380800?utm_source=share&utm_medium=link&ref=sfp-seed
wo2z,https://news.example.invalid/articles/2026/10/story-7718911?utm_source=share&utm_medium=link&ref=sfp-seed
usvz,https://news.example.invalid/articles/2026/10/story-7259429?utm_source=share&utm_medium=link&ref=sfp-seed
jse6,https://news.example.invalid/articles/2026/10/story-4636738?utm_source=share&utm_medium=link&ref=sfp-seed
a1ae,https://news.example.invalid/articles/2026/10/story-2387758?utm_source=share&utm_medium=link&ref=sfp-seed
9Thp,https://news.example.invalid/articles/2026/10/story-2357451?utm_source=share&utm_medium=link&ref=sfp-seed
1d60,https://news.example.invalid/articles/2026/10/story-288672?utm_source=share&utm_medium=link&ref=sfp-seed
uZT4,https://news.example.invalid/articles/2026/10/story-7387738?utm_source=share&utm_medium=link&ref=sfp-seed
FgAU,https://news.example.invalid/articles/2026/10/story-9835240?utm_source=share&utm_medium=link&ref=sfp-seed
cyyX,https://news.example.invalid/articles/2026/10/story-2992799?utm_source=share&utm_medium=link&ref=sfp-seed
hCUA,https://news.example.invalid/articles/2026/10/story-4201156?utm_source=share&utm_medium=link&ref=sfp-seed
Bt7B,https://news.example.invalid/articles/2026/10/story-8930083?utm_source=share&utm_medium=link&ref=sfp-seed
zV8x,https://news.example.invalid/articles/2026/10/story-8561117?utm_source=share&utm_medium=link&ref=sfp-seed
i3Sw,https://news.example.invalid/articles/2026/10/story-4304816?utm_source=share&utm_medium=link&ref=sfp-seed
1RI1,https://news.example.invalid/articles/2026/10/story-444789?utm_source=share&utm_medium=link&ref=sfp-seed
ql7k,https://news.example.invalid/articles/2026/10/story-6277706?utm_source=share&utm_medium=link&ref=sfp-seed
920K,https://news.example.invalid/articles/2026/10/story-2152686?utm_source=share&utm_medium=link&ref=sfp-seed
9O23,https://news.example.invalid/articles/2026/10/story-2337279?utm_source=share&utm_medium=link&ref=sfp-seed
j7Ux,https://news.example.invalid/articles/2026/10/story-4558645?utm_source=share&utm_medium=link&ref=sfp-seed
fSSw,https://news.example.invalid/articles/2026/10/story-3785876?utm_source=share&utm_medium=link&ref=sfp-seed
vcmg,https://news.example.invalid/articles/2026/10/story-7435676?utm_source=share&utm_medium=link&ref=sfp-seed
vpBq,https://news.example.invalid/articles/2026/10/story-7486588?utm_source=share&utm_medium=link&ref=sfp-seed
mlzU,https://news.example.invalid/articles/2026/10/story-5326166?utm_source=share&utm_medium=link&ref=sfp-seed
w20k,https://news.example.invalid/articles/2026/10/story-7634204?utm_source=share&utm_medium=link&ref=sfp-seed
86Zw,https://news.example.invalid/articles/2026/10/story-1933502?utm_source=share&utm_medium=link&ref=sfp-seed
r8zA,https://news.example.invalid/articles/2026/10/story-6467814?utm_source=share&utm_medium=link&ref=sfp-seed
D0Qf,https://news.example.invalid/articles/2026/10/story-9298031?utm_source=share&utm_medium=link&ref=sfp-seed
E67A,https://news.example.invalid/articles/2026/10/story-9556654?utm_source=share&utm_medium=link&ref=sfp-seed
f9f,https://news.example.invalid/articles/2026/10/story-58233?utm_source=share&utm_medium=link&ref=sfp-seed
n38Q,https://news.example.invalid/articles/2026/10/story-5493624?utm_source=share&utm_medium=link&ref=sfp-seed
bIAR,https://news.example.invalid/articles/2026/10/story-2793029?utm_source=share&utm_medium=link&ref=sfp-seed
5rLG,https://news.example.invalid/articles/2026/10/story-1298384?utm_source=share&utm_medium=link&ref=sfp-seed
6Yj5,https://news.example.invalid/articles/2026/10/story-1661791?utm_source=share&utm_medium=link&ref=sfp-seed
ze1Y,https://news.example.invalid/articles/2026/10/story-8395418?utm_source=share&utm_medium=link&ref=sfp-seed
B96j,https://news.example.invalid/articles/2026/10/story-8853123?utm_source=share&utm_medium=link&ref=sfp-seed
x4DR,https://news.example.invalid/articles/2026/10/story-7882671?utm_source=share&utm_medium=link&ref=sfp-seed
jp8y,https://news.example.invalid/articles/2026/10/story-4624862?utm_source=share&utm_medium=link&ref=sfp-seed
5OZ6,https://news.example.invalid/articles/2026/10/story-1387628?utm_source=share&utm_medium=link&ref=sfp-seed
avpC,https://news.example.invalid/articles/2026/10/story-2504032?utm_source=share&utm_medium=link&ref=sfp-seed
9f0I,https://news.example.invalid/articles/2026/10/story-2202656?utm_source=share&utm_medium=link&ref=sfp-seed
b5UG,https://news.example.invalid/articles/2026/10/story-2644342?utm_source=share&utm_medium=link&ref=sfp-seed
wOxm,https://news.example.invalid/articles/2026/10/story-7820764?utm_source=share&utm_medium=link&ref=sfp-seed
FxT5,https://news.example.invalid/articles/2026/10/story-9901715?utm_source=share&utm_medium=link&ref=sfp-seed
CzKP,https://news.example.invalid/articles/2026/10/story-9193907?utm_source=share&utm_medium=link&ref=sfp-seed
neou,https://news.example.invalid/articles/2026/10/story-5536878?utm_source=share&utm_medium=link&ref=sfp-seed
DqNO,https://news.example.invalid/articles/2026/10/story-9397824?utm_source=share&utm_medium=link&ref=sfp-seed
mxxP,https://news.example.invalid/articles/2026/10/story-5372165?utm_source=share&utm_medium=link&ref=sfp-seed
jAzh,https://news.example.invalid/articles/2026/10/story-4668803?utm_source=share&utm_medium=link&ref=sfp-seed
hYv7,https://news.example.invalid/articles/2026/10/story-4284145?utm_source=share&utm_medium=link&ref=sfp-seed
iwNe,https://news.example.invalid/articles/2026/10/story-4415964?utm_source=share&utm_medium=link&ref=sfp-seed
v3qb,https://news.example.invalid/articles/2026/10/story-7401323?utm_source=share&utm_medium=link&ref=sfp-seed
EC8k,https://news.example.invalid/articles/2026/10/story-9679708?utm_source=share&utm_medium=link&ref=sfp-seed
kNG1,https://news.example.invalid/articles/2026/10/story-4957521?utm_source=share&utm_medium=link&ref=sfp-seed
Ane9,https://news.example.invalid/articles/2026/10/story-8669097?utm_source=share&utm_medium=link&ref=sfp-seed
9uCZ,https://news.example.invalid/articles/2026/10/story-2262689?utm_source=share&utm_medium=link&ref=sfp-seed
dHiZ,https://news.example.invalid/articles/2026/10/story-3264733?utm_source=share&utm_medium=link&ref=sfp-seed
cBGg,https://news.example.invalid/articles/2026/10/story-3004784?utm_source=share&utm_medium=link&ref=sfp-seed
mdf,https://news.example.invalid/articles/2026/10/story-85389?utm_source=share&utm_medium=link&ref=sfp-seed
k4GQ,https://news.example.invalid/articles/2026/10/story-4784592?utm_source=share&utm_medium=link&ref=sfp-seed
FVX8,https://news.example.invalid/articles/2026/10/story-9994222?utm_source=share&utm_medium=link&ref=sfp-seed
bv0I,https://news.example.invalid/articles/2026/10/story-2740816?utm_source=share&utm_medium=link&ref=sfp-seed
qIZh,https://news.example.invalid/articles/2026/10/story-6369463?utm_source=share&utm_medium=link&ref=sfp-seed
1tFa,https://news.example.invalid/articles/2026/10/story-352356?utm_source=share&utm_medium=link&ref=sfp-seed
ovHM,https://news.example.invalid/articles/2026/10/story-5841750?utm_source=share&utm_medium=link&ref=sfp-seed
4sUN,https://news.example.invalid/articles/2026/10/story-1064465?utm_source=share&utm_medium=link&ref=sfp-seed
ylfU,https://news.example.invalid/articles/2026/10/story-8184862?utm_source=share&utm_medium=link&ref=sfp-seed
cWnX,https://news.example.invalid/articles/2026/10/story-3084373?utm_source=share&utm_medium=link&ref=sfp-seed
ttWE,https://news.example.invalid/articles/2026/10/story-7026624?utm_source=share&utm_medium=link&ref=sfp-seed
wCL7,https://news.example.invalid/articles/2026/10/story-7775489?utm_source=share&utm_medium=link&ref=sfp-seed
DvWD,https://news.example.invalid/articles/2026/10/story-9417591?utm_source=share&utm_medium=link&ref=sfp-seed
bLhz,https://news.example.invalid/articles/2026/10/story-2803365?utm_source=share&utm_medium=link&ref=sfp-seed
3TL7,https://news.example.invalid/articles/2026/10/story-929325?utm_source=share&utm_medium=link&ref=sfp-seed
Bjws,https://news.example.invalid/articles/2026/10/story-8893184?utm_source=share&utm_medium=link&ref=sfp-seed
1tWv,https://news.example.invalid/articles/2026/10/story-353431?utm_source=share&utm_medium=link&ref=sfp-seed
vNgr,https://news.example.invalid/articles/2026/10/story-7577543?utm_source=share&utm_medium=link&ref=sfp-seed
kkcp,https://news.example.invalid/articles/2026/10/story-4844209?utm_source=share&utm_medium=link&ref=sfp-seed
8cRc,https://news.example.invalid/articles/2026/10/story-1956050?utm_source=share&utm_medium=link&ref=sfp-seed
98RV,https://news.example.invalid/articles/2026/10/story-2179047?utm_source=share&utm_medium=link&ref=sfp-seed
5W6O,https://news.example.invalid/articles/2026/10/story-1415014?utm_source=share&utm_medium=link&ref=sfp-seed
9aB,https://news.example.invalid/articles/2026/10/story-35253?utm_source=share&utm_medium=link&ref=sfp-seed
CsKB,https://news.example.invalid/articles/2026/10/story-9166985?utm_source=share&utm_medium=link&ref=sfp-seed
mAJi,https://news.example.invalid/articles/2026/10/story-5384408?utm_source=share&utm_medium=link&ref=sfp-seed
kLsQ,https://news.example.invalid/articles/2026/10/story-4949016?utm_source=share&utm_medium=link&ref=sfp-seed
Fksx,https://news.example.invalid/articles/2026/10/story-9850097?utm_source=share&utm_medium=link&ref=sfp-seed
sQSD,https://news.example.invalid/articles/2026/10/story-6876459?utm_source=share&utm_medium=link&ref=sfp-seed
bKBa,https://news.example.invalid/articles/2026/10/story-2800736?utm_source=share&utm_medium=link&ref=sfp-seed
8zHL,https://news.example.invalid/articles/2026/10/story-2043877?utm_source=share&utm_medium=link&ref=sfp-seed
97hs,https://news.example.invalid/articles/2026/10/story-2172942?utm_source=share&utm_medium=link&ref=sfp-seed
289U,https://news.example.invalid/articles/2026/10/story-508022?utm_source=share&utm_medium=link&ref=sfp-seed
AJCS,https://news.example.invalid/articles/2026/10/story-8755198?utm_source=share&utm_medium=link&ref=sfp-seed
DS3g,https://news.example.invalid/articles/2026/10/story-9502570?utm_source=share&utm_medium=link&ref=sfp-seed
zhEB,https://news.example.invalid/articles/2026/10/story-8409345?utm_source=share&utm_medium=link&ref=sfp-seed
41Cw,https://news.example.invalid/articles/2026/10/story-959544?utm_source=share&utm_medium=link&ref=sfp-seed
xAJ,https://news.example.invalid/articles/2026/10/story-129129?utm_source=share&utm_medium=link&ref=sfp-seed
vD4S,https://news.example.invalid/articles/2026/10/story-7538386?utm_source=share&utm_medium=link&ref=sfp-seed
jneU,https://news.example.invalid/articles/2026/10/story-4617568?utm_source=share&utm_medium=link&ref=sfp-seed
154O,https://news.example.invalid/articles/2026/10/story-257846?utm_source=share&utm_medium=link&ref=sfp-seed
ENGY,https://news.example.invalid/articles/2026/10/story-9724140?utm_source=share&utm_medium=link&ref=sfp-seed
6OtK,https://news.example.invalid/articles/2026/10/story-1624012?utm_source=share&utm_medium=link&ref=sfp-seed
jsDu,https://news.example.invalid/articles/2026/10/story-4638312?utm_source=share&utm_medium=link&ref=sfp-seed
bcl6,https://news.example.invalid/articles/2026/10/story-2669044?utm_source=share&utm_medium=link&ref=sfp-seed
eITl,https://news.example.invalid/articles/2026/10/story-3509159?utm_source=share&utm_medium=link&ref=sfp-seed
pqUf,https://news.example.invalid/articles/2026/10/story-6061631?utm_source=share&utm_medium=link&ref=sfp-seed
dc4Z,https://news.example.invalid/articles/2026/10/story-3144701?utm_source=share&utm_medium=link&ref=sfp-seed
v4x3,https://news.example.invalid/articles/2026/10/story-7405593?utm_source=share&utm_medium=link&ref=sfp-seed
4mdY,https://news.example.invalid/articles/2026/10/story-1038746?utm_source=share&utm_medium=link&ref=sfp-seed
CvqZ,https://news.example.invalid/articles/2026/10/story-9177301?utm_source=share&utm_medium=link&ref=sfp-seed
40Ae,https://news.example.invalid/articles/2026/10/story-955558?utm_source=share&utm_medium=link&ref=sfp-seed
2euT,https://news.example.invalid/articles/2026/10/story-532387?utm_source=share&utm_medium=link&ref=sfp-seed
tceE,https://news.example.invalid/articles/2026/10/story-6958548?utm_source=share&utm_medium=link&ref=sfp-seed
87nq,https://news.example.invalid/articles/2026/10/story-1934984?utm_source=share&utm_medium=link&ref=sfp-seed
cEmK,https://news.example.invalid/articles/2026/10/story-3015106?utm_source=share&utm_medium=link&ref=sfp-seed
rStg,https://news.example.invalid/articles/2026/10/story-6644246?utm_source=share&utm_medium=link&ref=sfp-seed
Axv5,https://news.example.invalid/articles/2026/10/story-8708587?utm_source=share&utm_medium=link&ref=sfp-seed
6Xbm,https://news.example.invalid/articles/2026/10/story-1657468?utm_source=share&utm_medium=link&ref=sfp-seed
ufKJ,https://news.example.invalid/articles/2026/10/story-7210397?utm_source=share&utm_medium=link&ref=sfp-seed
uPi0,https://news.example.invalid/articles/2026/10/story-7347000?utm_source=share&utm_medium=link&ref=sfp-seed
gHn6,https://news.example.invalid/articles/2026/10/story-3979972?utm_source=share&utm_medium=link&ref=sfp-seed
rlsa,https://news.example.invalid/articles/2026/10/story-6517326?utm_source=share&utm_medium=link&ref=sfp-seed
ocig,https://news.example.invalid/articles/2026/10/story-5767132?utm_source=share&utm_medium=link&ref=sfp-seed
7Xee,https://news.example.invalid/articles/2026/10/story-1895974?utm_source=share&utm_medium=link&ref=sfp-seed
DSzm,https://news.example.invalid/articles/2026/10/story-9504560?utm_source=share&utm_medium=link&ref=sfp-seed
BhYm,https://news.example.invalid/articles/2026/10/story-8887226?utm_source=share&utm_medium=link&ref=sfp-seed
1rrE,https://news.example.invalid/articles/2026/10/story-343830?utm_source=share&utm_medium=link&ref=sfp-seed
CzVU,https://news.example.invalid/articles/2026/10/story-9194594?utm_source=share&utm_medium=link&ref=sfp-seed
vwYI,https://news.example.invalid/articles/2026/10/story-7514940?utm_source=share&utm_medium=link&ref=sfp-seed
cF4V,https://news.example.invalid/articles/2026/10/story-3017845?utm_source=share&utm_medium=link&ref=sfp-seed
nVsv,https://news.example.invalid/articles/2026/10/story-5702419?utm_source=share&utm_medium=link&ref=sfp-seed
P7R,https://news.example.invalid/articles/2026/10/story-196531?utm_source=share&utm_medium=link&ref=sfp-seed
fcPy,https://news.example.invalid/articles/2026/10/story-3624244?utm_source=share&utm_medium=link&ref=sfp-seed
fJIm,https://news.example.invalid/articles/2026/10/story-3750650?utm_source=share&utm_medium=link&ref=sfp-seed
DstU,https://news.example.invalid/articles/2026/10/story-9404278?utm_source=share&utm_medium=link&ref=sfp-seed
rBUG,https://news.example.invalid/articles/2026/10/story-6580598?utm_source=share&utm_medium=link&ref=sfp-seed
6PrP,https://news.example.invalid/articles/2026/10/story-1627737?utm_source=share&utm_medium=link&ref=sfp-seed
p2cZ,https://news.example.invalid/articles/2026/10/story-5966693?utm_source=share&utm_medium=link&ref=sfp-seed
lhPN,https://news.example.invalid/articles/2026/10/story-5073447?utm_source=share&utm_medium=link&ref=sfp-seed
u30C,https://news.example.invalid/articles/2026/10/story-7161410?utm_source=share&utm_medium=link&ref=sfp-seed
rLxA,https://news.example.invalid/articles/2026/10/story-6617606?utm_source=share&utm_medium=link&ref=sfp-seed
9jH,https://news.example.invalid/articles/2026/10/story-35817?utm_source=share&utm_medium=link&ref=sfp-seed
pLD7,https://news.example.invalid/articles/2026/10/story-6141293?utm_source=share&utm_medium=link&ref=sfp-seed
8jXS,https://news.example.invalid/articles/2026/10/story-1983372?utm_source=share&utm_medium=link&ref=sfp-seed
2cA8,https://news.example.invalid/articles/2026/10/story-525024?utm_source=share&utm_medium=link&ref=sfp-seed
74uV,https://news.example.invalid/articles/2026/10/story-1685589?utm_source=share&utm_medium=link&ref=sfp-seed
cNvX,https://news.example.invalid/articles/2026/10/story-3050273?utm_source=share&utm_medium=link&ref=sfp-seed
Bjd5,https://news.example.invalid/articles/2026/10/story-8891983?utm_source=share&utm_medium=link&ref=sfp-seed
Aa13,https://news.example.invalid/articles/2026/10/story-8618313?utm_source=share&utm_medium=link&ref=sfp-seed
AXKA,https://news.example.invalid/articles/2026/10/story-8809492?utm_source=share&utm_medium=link&ref=sfp-seed
jGXo,https://news.example.invalid/articles/2026/10/story-4693362?utm_source=share&utm_medium=link&ref=sfp-seed
pIxT,https://news.example.invalid/articles/2026/10/story-6129437?utm_source=share&utm_medium=link&ref=sfp-seed
wMH8,https://news.example.invalid/articles/2026/10/story-7813682?utm_source=share&utm_medium=link&ref=sfp-seed
wPLE,https://news.example.invalid/articles/2026/10/story-7825494?utm_source=share&utm_medium=link&ref=sfp-seed
gavu,https://news.example.invalid/articles/2026/10/story-3853640?utm_source=share&utm_medium=link&ref=sfp-seed
g7Vy,https://news.example.invalid/articles/2026/10/story-3843724?utm_source=share&utm_medium=link&ref=sfp-seed
xDJl,https://news.example.invalid/articles/2026/10/story-8017551?utm_source=share&utm_medium=link&ref=sfp-seed
1xrK,https://news.example.invalid/articles/2026/10/story-366900?utm_source=share&utm_medium=link&ref=sfp-seed
toW5,https://news.example.invalid/articles/2026/10/story-7007369?utm_source=share&utm_medium=link&ref=sfp-seed
Efb3,https://news.example.invalid/articles/2026/10/story-9591465?utm_source=share&utm_medium=link&ref=sfp-seed
7gYk,https://news.example.invalid/articles/2026/10/story-1733540?utm_source=share&utm_medium=link&ref=sfp-seed
8iYp,https://news.example.invalid/articles/2026/10/story-1979561?utm_source=share&utm_medium=link&ref=sfp-seed
s9Xf,https://news.example.invalid/articles/2026/10/story-6711453?utm_source=share&utm_medium=link&ref=sfp-seed
jt1M,https://news.example.invalid/articles/2026/10/story-4639818?utm_source=share&utm_medium=link&ref=sfp-seed
wRJi,https://news.example.invalid/articles/2026/10/story-7833036?utm_source=share&utm_medium=link&ref=sfp-seed
rTv5,https://news.example.invalid/articles/2026/10/story-6648203?utm_source=share&utm_medium=link&ref=sfp-seed
ginE,https://news.example.invalid/articles/2026/10/story-3883906?utm_source=share&utm_medium=link&ref=sfp-seed
CHTq,https://news.example.invalid/articles/2026/10/story-9225192?utm_source=share&utm_medium=link&ref=sfp-seed
Bq9w,https://news.example.invalid/articles/2026/10/story-8918670?utm_source=share&utm_medium=link&ref=sfp-seed
D6Pz,https://news.example.invalid/articles/2026/10/story-9321053?utm_source=share&utm_medium=link&ref=sfp-seed
wqnQ,https://news.example.invalid/articles/2026/10/story-7727918?utm_source=share&utm_medium=link&ref=sfp-seed
uCfC,https://news.example.invalid/articles/2026/10/story-7296880?utm_source=share&utm_medium=link&ref=sfp-seed
zzHa,https://news.example.invalid/articles/2026/10/story-8478696?utm_source=share&utm_medium=link&ref=sfp-seed
hU02,https://news.example.invalid/articles/2026/10/story-4266842?utm_source=share&utm_medium=link&ref=sfp-seed
4BTV,https://news.example.invalid/articles/2026/10/story-1099007?utm_source=share&utm_medium=link&ref=sfp-seed
ukbd,https://news.example.invalid/articles/2026/10/story-7227415?utm_source=share&utm_medium=link&ref=sfp-seed
etKl,https://news.example.invalid/articles/2026/10/story-3450941?utm_source=share&utm_medium=link&ref=sfp-seed
k3Zf,https://news.example.invalid/articles/2026/10/story-4781889?utm_source=share&utm_medium=link&ref=sfp-seed
xC3I,https://news.example.invalid/articles/2026/10/story-8011126?utm_source=share&utm_medium=link&ref=sfp-seed
9J7t,https://news.example.invalid/articles/2026/10/story-2318395?utm_source=share&utm_medium=link&ref=sfp-seed
vnM8,https://news.example.invalid/articles/2026/10/story-7479564?utm_source=share&utm_medium=link&ref=sfp-seed
dcox,https://news.example.invalid/articles/2026/10/story-3145913?utm_source=share&utm_medium=link&ref=sfp-seed
9GCe,https://news.example.invalid/articles/2026/10/story-2308770?utm_source=share&utm_medium=link&ref=sfp-seed
8tHv,https://news.example.invalid/articles/2026/10/story-2020797?utm_source=share&utm_medium=link&ref=sfp-seed
E93Y,https://news.example.invalid/articles/2026/10/story-9567962?utm_source=share&utm_medium=link&ref=sfp-seed
8GhL,https://news.example.invalid/articles/2026/10/story-2069173?utm_source=share&utm_medium=link&ref=sfp-seed
rByQ,https://news.example.invalid/articles/2026/10/story-6579244?utm_source=share&utm_medium=link&ref=sfp-seed
lvYy,https://news.example.invalid/articles/2026/10/story-5127806?utm_source=share&utm_medium=link&ref=sfp-seed
bzIW,https://news.example.invalid/articles/2026/10/story-2758934?utm_source=share&utm_medium=link&ref=sfp-seed
hRoW,https://news.example.invalid/articles/2026/10/story-4256854?utm_source=share&utm_medium=link&ref=sfp-seed
v3lC,https://news.example.invalid/articles/2026/10/story-7401040?utm_source=share&utm_medium=link&ref=sfp-seed
u7VH,https://news.example.invalid/articles/2026/10/story-7180325?utm_source=share&utm_medium=link&ref=sfp-seed
e1UD,https://news.example.invalid/articles/2026/10/story-3343947?utm_source=share&utm_medium=link&ref=sfp-seed
jPxB,https://news.example.invalid/articles/2026/10/story-4726359?utm_source=share&utm_medium=link&ref=sfp-seed
DmvR,https://news.example.invalid/articles/2026/10/story-9381335?utm_source=share&utm_medium=link&ref=sfp-seed
h7GY,https://news.example.invalid/articles/2026/10/story-4081148?utm_source=share&utm_medium=link&ref=sfp-seed
bzH2,https://news.example.invalid/articles/2026/10/story-2758816?utm_source=share&utm_medium=link&ref=sfp-seed
fXa6,https://news.example.invalid/articles/2026/10/story-3802342?utm_source=share&utm_medium=link&ref=sfp-seed
a0Uj,https://news.example.invalid/articles/2026/10/story-2386771?utm_source=share&utm_medium=link&ref=sfp-seed
ElcU,https://news.example.invalid/articles/2026/10/story-9614644?utm_source=share&utm_medium=link&ref=sfp-seed
icgF,https://news.example.invalid/articles/2026/10/story-4337065?utm_source=share&utm_medium=link&ref=sfp-seed
kIr3,https://news.example.invalid/articles/2026/10/story-4937373?utm_source=share&utm_medium=link&ref=sfp-seed
o4oF,https://news.example.invalid/articles/2026/10/story-5736777?utm_source=share&utm_medium=link&ref=sfp-seed
5jiI,https://news.example.invalid/articles/2026/10/story-1265836?utm_source=share&utm_medium=link&ref=sfp-seed
bHR3,https://news.example.invalid/articles/2026/10/story-2790189?utm_source=share&utm_medium=link&ref=sfp-seed
tD5H,https://news.example.invalid/articles/2026/10/story-7061781?utm_source=share&utm_medium=link&ref=sfp-seed
9mR6,https://news.example.invalid/articles/2026/10/story-2232812?utm_source=share&utm_medium=link&ref=sfp-seed
iCVs,https://news.example.invalid/articles/2026/10/story-4439538?utm_source=share&utm_medium=link&ref=sfp-seed
9hKW,https://news.example.invalid/articles/2026/10/story-2213210?utm_source=share&utm_medium=link&ref=sfp-seed
mwZr,https://news.example.invalid/articles/2026/10/story-5370033?utm_source=share&utm_medium=link&ref=sfp-seed
DIXe,https://news.example.invalid/articles/2026/10/story-9467600?utm_source=share&utm_medium=link&ref=sfp-seed
hA4d,https://news.example.invalid/articles/2026/10/story-4190221?utm_source=share&utm_medium=link&ref=sfp-seed
wWXH,https://news.example.invalid/articles/2026/10/story-7853149?utm_source=share&utm_medium=link&ref=sfp-seed
mzYD,https://news.example.invalid/articles/2026/10/story-5381515?utm_source=share&utm_medium=link&ref=sfp-seed
fkPy,https://news.example.invalid/articles/2026/10/story-3654996?utm_source=share&utm_medium=link&ref=sfp-seed
ehGT,https://news.example.invalid/articles/2026/10/story-3404599?utm_source=share&utm_medium=link&ref=sfp-seed
ibrw,https://news.example.invalid/articles/2026/10/story-4333894?utm_source=share&utm_medium=link&ref=sfp-seed
C9Hk,https://news.example.invalid/articles/2026/10/story-9093746?utm_source=share&utm_medium=link&ref=sfp-seed
41Xk,https://news.example.invalid/articles/2026/10/story-960834?utm_source=share&utm_medium=link&ref=sfp-seed
lyON,https://news.example.invalid/articles/2026/10/story-5138733?utm_source=share&utm_medium=link&ref=sfp-seed
MtB,https://news.example.invalid/articles/2026/10/story-186347?utm_source=share&utm_medium=link&ref=sfp-seed
bIl4,https://news.example.invalid/articles/2026/10/story-2792050?utm_source=share&utm_medium=link&ref=sfp-seed
94tZ,https://news.example.invalid/articles/2026/10/story-2162187?utm_source=share&utm_medium=link&ref=sfp-seed
Btnh,https://news.example.invalid/articles/2026/10/story-8931055?utm_source=share&utm_medium=link&ref=sfp-seed
iGuw,https://news.example.invalid/articles/2026/10/story-4453244?utm_source=share&utm_medium=link&ref=sfp-seed
2YZV,https://news.example.invalid/articles/2026/10/story-711135?utm_source=share&utm_medium=link&ref=sfp-seed
sd9L,https://news.example.invalid/articles/2026/10/story-6723761?utm_source=share&utm_medium=link&ref=sfp-seed
vxhI,https://news.example.invalid/articles/2026/10/story-7516118?utm_source=share&utm_medium=link&ref=sfp-seed
oIEt,https://news.example.invalid/articles/2026/10/story-5891517?utm_source=share&utm_medium=link&ref=sfp-seed
mkUL,https://news.example.invalid/articles/2026/10/story-5323615?utm_source=share&utm_medium=link&ref=sfp-seed
sv1z,https://news.example.invalid/articles/2026/10/story-6792445?utm_source=share&utm_medium=link&ref=sfp-seed
6Jvp,https://news.example.invalid/articles/2026/10/story-1604895?utm_source=share&utm_medium=link&ref=sfp-seed
obXh,https://news.example.invalid/articles/2026/10/story-5765831?utm_source=share&utm_medium=link&ref=sfp-seed
5PEv,https://news.example.invalid/articles/2026/10/story-1390195?utm_source=share&utm_medium=link&ref=sfp-seed
sAjT,https://news.example.invalid/articles/2026/10/story-6812801?utm_source=share&utm_medium=link&ref=sfp-seed
gSiD,https://news.example.invalid/articles/2026/10/story-4021979?utm_source=share&utm_medium=link&ref=sfp-seed
DTpX,https://news.example.invalid/articles/2026/10/story-9507821?utm_source=share&utm_medium=link&ref=sfp-seed
9sq2,https://news.example.invalid/articles/2026/10/story-2254198?utm_source=share&utm_medium=link&ref=sfp-seed
teoR,https://news.example.invalid/articles/2026/10/story-6966869?utm_source=share&utm_medium=link&ref=sfp-seed
s0AC,https://news.example.invalid/articles/2026/10/story-6675454?utm_source=share&utm_medium=link&ref=sfp-seed
Cd5z,https://news.example.invalid/articles/2026/10/story-9106781?utm_source=share&utm_medium=link&ref=sfp-seed
BcnA,https://news.example.invalid/articles/2026/10/story-8865726?utm_source=share&utm_medium=link&ref=sfp-seed
irnD,https://news.example.invalid/articles/2026/10/story-4395157?utm_source=share&utm_medium=link&ref=sfp-seed
8OWx,https://news.example.invalid/articles/2026/10/story-2102453?utm_source=share&utm_medium=link&ref=sfp-seed
1qyi,https://news.example.invalid/articles/2026/10/story-340398?utm_source=share&utm_medium=link&ref=sfp-seed
jP6I,https://news.example.invalid/articles/2026/10/story-4724692?utm_source=share&utm_medium=link&ref=sfp-seed
3le3,https://news.example.invalid/articles/2026/10/story-796579?utm_source=share&utm_medium=link&ref=sfp-seed
31i5,https://news.example.invalid/articles/2026/10/story-719949?utm_source=share&utm_medium=link&ref=sfp-seed
5d4D,https://news.example.invalid/articles/2026/10/story-1241899?utm_source=share&utm_medium=link&ref=sfp-seed
pj9,https://news.example.invalid/articles/2026/10/story-97287?utm_source=share&utm_medium=link&ref=sfp-seed
bf00,https://news.example.invalid/articles/2026/10/story-2679268?utm_source=share&utm_medium=link&ref=sfp-seed
69rv,https://news.example.invalid/articles/2026/10/story-1466269?utm_source=share&utm_medium=link&ref=sfp-seed
oDLn,https://news.example.invalid/articles/2026/10/story-5872725?utm_source=share&utm_medium=link&ref=sfp-seed
6Y9D,https://news.example.invalid/articles/2026/10/story-1661205?utm_source=share&utm_medium=link&ref=sfp-seed
ulWP,https://news.example.invalid/articles/2026/10/story-7234211?utm_source=share&utm_medium=link&ref=sfp-seed
5DCq,https://news.example.invalid/articles/2026/10/story-1343938?utm_source=share&utm_medium=link&ref=sfp-seed
fsMb,https://news.example.invalid/articles/2026/10/story-3685539?utm_source=share&utm_medium=link&ref=sfp-seed
jDrw,https://news.example.invalid/articles/2026/10/story-4679854?utm_source=share&utm_medium=link&ref=sfp-seed
88N6,https://news.example.invalid/articles/2026/10/story-1940420?utm_source=share&utm_medium=link&ref=sfp-seed
6zDh,https://news.example.invalid/articles/2026/10/story-1566943?utm_source=share&utm_medium=link&ref=sfp-seed
4dBy,https://news.example.invalid/articles/2026/10/story-1005612?utm_source=share&utm_medium=link&ref=sfp-seed
sMqf,https://news.example.invalid/articles/2026/10/story-6859323?utm_source=share&utm_medium=link&ref=sfp-seed
r72S,https://news.example.invalid/articles/2026/10/story-6461942?utm_source=share&utm_medium=link&ref=sfp-seed
6UMm,https://news.example.invalid/articles/2026/10/story-1648230?utm_source=share&utm_medium=link&ref=sfp-seed
kceq,https://news.example.invalid/articles/2026/10/story-4813582?utm_source=share&utm_medium=link&ref=sfp-seed
2bRE,https://news.example.invalid/articles/2026/10/story-522266?utm_source=share&utm_medium=link&ref=sfp-seed
91KV,https://news.example.invalid/articles/2026/10/story-2151705?utm_source=share&utm_medium=link&ref=sfp-seed
vU4a,https://news.example.invalid/articles/2026/10/story-7603690?utm_source=share&utm_medium=link&ref=sfp-seed
Flkf,https://news.example.invalid/articles/2026/10/story-9853427?utm_source=share&utm_medium=link&ref=sfp-seed
dMoD,https://news.example.invalid/articles/2026/10/story-3284303?utm_source=share&utm_medium=link&ref=sfp-seed
DUZj,https://news.example.invalid/articles/2026/10/story-9513857?utm_source=share&utm_medium=link&ref=sfp-seed
7iuy,https://news.example.invalid/articles/2026/10/story-1739382?utm_source=share&utm_medium=link&ref=sfp-seed
9UQm,https://news.example.invalid/articles/2026/10/story-2363462?utm_source=share&utm_medium=link&ref=sfp-seed
tAUj,https://news.example.invalid/articles/2026/10/story-7053387?utm_source=share&utm_medium=link&ref=sfp-seed
tlxJ,https://news.example.invalid/articles/2026/10/story-6994327?utm_source=share&utm_medium=link&ref=sfp-seed
bLp,https://news.example.invalid/articles/2026/10/story-45223?utm_source=share&utm_medium=link&ref=sfp-seed
Bl6m,https://news.example.invalid/articles/2026/10/story-8899254?utm_source=share&utm_medium=link&ref=sfp-seed
q1Ax,https://news.example.invalid/articles/2026/10/story-6202637?utm_source=share&utm_medium=link&ref=sfp-seed
zGFI,https://news.example.invalid/articles/2026/10/story-8505514?utm_source=share&utm_medium=link&ref=sfp-seed
2DsZ,https://news.example.invalid/articles/2026/10/story-628369?utm_source=share&utm_medium=link&ref=sfp-seed
5ko8,https://news.example.invalid/articles/2026/10/story-1270016?utm_source=share&utm_medium=link&ref=sfp-seed
CYkp,https://news.example.invalid/articles/2026/10/story-9288369?utm_source=share&utm_medium=link&ref=sfp-seed
ur3f,https://news.example.invalid/articles/2026/10/story-7253829?utm_source=share&utm_medium=link&ref=sfp-seed
upCN,https://news.example.invalid/articles/2026/10/story-7248345?utm_source=share&utm_medium=link&ref=sfp-seed
iAsn,https://news.example.invalid/articles/2026/10/story-4430047?utm_source=share&utm_medium=link&ref=sfp-seed
33tt,https://news.example.invalid/articles/2026/10/story-728343?utm_source=share&utm_medium=link&ref=sfp-seed
1nE8,https://news.example.invalid/articles/2026/10/story-329228?utm_source=share&utm_medium=link&ref=sfp-seed
ARRz,https://news.example.invalid/articles/2026/10/story-8786861?utm_source=share&utm_medium=link&ref=sfp-seed
88M4,https://news.example.invalid/articles/2026/10/story-1940356?utm_source=share&utm_medium=link&ref=sfp-seed
bFtc,https://news.example.invalid/articles/2026/10/story-2781022?utm_source=share&utm_medium=link&ref=sfp-seed
jN0,https://news.example.invalid/articles/2026/10/story-76074?utm_source=share&utm_medium=link&ref=sfp-seed
E8ro,https://news.example.invalid/articles/2026/10/story-9565570?utm_source=share&utm_medium=link&ref=sfp-seed
kAT9,https://news.example.invalid/articles/2026/10/story-4908363?utm_source=share&utm_medium=link&ref=sfp-seed
a83H,https://news.example.invalid/articles/2026/10/story-2414261?utm_source=share&utm_medium=link&ref=sfp-seed
bmkW,https://news.example.invalid/articles/2026/10/story-2707474?utm_source=share&utm_medium=link&ref=sfp-seed
hTjV,https://news.example.invalid/articles/2026/10/story-4264231?utm_source=share&utm_medium=link&ref=sfp-seed
oSc7,https://news.example.invalid/articles/2026/10/story-5928199?utm_source=share&utm_medium=link&ref=sfp-seed
yH11,https://news.example.invalid/articles/2026/10/story-8268507?utm_source=share&utm_medium=link&ref=sfp-seed
eerU,https://news.example.invalid/articles/2026/10/story-3392138?utm_source=share&utm_medium=link&ref=sfp-seed
wJIJ,https://news.example.invalid/articles/2026/10/story-7802249?utm_source=share&utm_medium=link&ref=sfp-seed
qMlw,https://news.example.invalid/articles/2026/10/story-6382374?utm_source=share&utm_medium=link&ref=sfp-seed
ljk0,https://news.example.invalid/articles/2026/10/story-5079164?utm_source=share&utm_medium=link&ref=sfp-seed
lGK2,https://news.example.invalid/articles/2026/10/story-5169190?utm_source=share&utm_medium=link&ref=sfp-seed
fRWt,https://news.example.invalid/articles/2026/10/story-3782277?utm_source=share&utm_medium=link&ref=sfp-seed
gOXS,https://news.example.invalid/articles/2026/10/story-4009160?utm_source=share&utm_medium=link&ref=sfp-seed
hYPo,https://news.example.invalid/articles/2026/10/story-4285402?utm_source=share&utm_medium=link&ref=sfp-seed
xoy5,https://news.example.invalid/articles/2026/10/story-7959193?utm_source=share&utm_medium=link&ref=sfp-seed
heHa,https://news.example.invalid/articles/2026/10/story-4108068?utm_source=share&utm_medium=link&ref=sfp-seed
3cLW,https://news.example.invalid/articles/2026/10/story-764084?utm_source=share&utm_medium=link&ref=sfp-seed
FnjI,https://news.example.invalid/articles/2026/10/story-9861082?utm_source=share&utm_medium=link&ref=sfp-seed
yKzD,https://news.example.invalid/articles/2026/10/story-8282185?utm_source=share&utm_medium=link&ref=sfp-seed
uNaI,https://news.example.invalid/articles/2026/10/story-7338860?utm_source=share&utm_medium=link&ref=sfp-seed
lXEv,https://news.example.invalid/articles/2026/10/story-5234195?utm_source=share&utm_medium=link&ref=sfp-seed
3QbF,https://news.example.invalid/articles/2026/10/story-915595?utm_source=share&utm_medium=link&ref=sfp-seed
3ECf,https://news.example.invalid/articles/2026/10/story-871115?utm_source=share&utm_medium=link&ref=sfp-seed
5iX2,https://news.example.invalid/articles/2026/10/story-1264492?utm_source=share&utm_medium=link&ref=sfp-seed
F6d6,https://news.example.invalid/articles/2026/10/story-9795324?utm_source=share&utm_medium=link&ref=sfp-seed
wLAf,https://news.example.invalid/articles/2026/10/story-7809411?utm_source=share&utm_medium=link&ref=sfp-seed
AjAy,https://news.example.invalid/articles/2026/10/story-8655110?utm_source=share&utm_medium=link&ref=sfp-seed
oYE6,https://news.example.invalid/articles/2026/10/story-5952998?utm_source=share&utm_medium=link&ref=sfp-seed
D70h,https://news.example.invalid/articles/2026/10/story-9321717?utm_source=share&utm_medium=link&ref=sfp-seed
xGdj,https://news.example.invalid/articles/2026/10/story-8027097?utm_source=share&utm_medium=link&ref=sfp-seed
rhtr,https://news.example.invalid/articles/2026/10/story-6502029?utm_source=share&utm_medium=link&ref=sfp-seed
g11b,https://news.example.invalid/articles/2026/10/story-3817165?utm_source=share&utm_medium=link&ref=sfp-seed
sjCM,https://news.example.invalid/articles/2026/10/story-6748624?utm_source=share&utm_medium=link&ref=sfp-seed
vUCG,https://news.example.invalid/articles/2026/10/story-7605830?utm_source=share&utm_medium=link&ref=sfp-seed
DTDG,https://news.example.invalid/articles/2026/10/story-9508672?utm_source=share&utm_medium=link&ref=sfp-seed
eiqO,https://news.example.invalid/articles/2026/10/story-3407446?utm_source=share&utm_medium=link&ref=sfp-seed
4Yfu,https://news.example.invalid/articles/2026/10/story-1184912?utm_source=share&utm_medium=link&ref=sfp-seed
zcUN,https://news.example.invalid/articles/2026/10/story-8391129?utm_source=share&utm_medium=link&ref=sfp-seed
mjAC,https://news.example.invalid/articles/2026/10/story-5318522?utm_source=share&utm_medium=link&ref=sfp-seed
DL86,https://news.example.invalid/articles/2026/10/story-9475962?utm_source=share&utm_medium=link&ref=sfp-seed
uAi7,https://news.example.invalid/articles/2026/10/story-7289347?utm_source=share&utm_medium=link&ref=sfp-seed
5HZ,https://news.example.invalid/articles/2026/10/story-21947?utm_source=share&utm_medium=link&ref=sfp-seed
848x,https://news.example.invalid/articles/2026/10/story-1922529?utm_source=share&utm_medium=link&ref=sfp-seed
jB8O,https://news.example.invalid/articles/2026/10/story-4671006?utm_source=share&utm_medium=link&ref=sfp-seed
pnmi,https://news.example.invalid/articles/2026/10/story-6047994?utm_source=share&utm_medium=link&ref=sfp-seed
cPA7,https://news.example.invalid/articles/2026/10/story-3058219?utm_source=share&utm_medium=link&ref=sfp-seed
iph1,https://news.example.invalid/articles/2026/10/story-4387059?utm_source=share&utm_medium=link&ref=sfp-seed
hYwo,https://news.example.invalid/articles/2026/10/story-4284224?utm_source=share&utm_medium=link&ref=sfp-seed
c6r0,https://news.example.invalid/articles/2026/10/story-2884674?utm_source=share&utm_medium=link&ref=sfp-seed
6b1V,https://news.example.invalid/articles/2026/10/story-1472371?utm_source=share&utm_medium=link&ref=sfp-seed
haWx,https://news.example.invalid/articles/2026/10/story-4093645?utm_source=share&utm_medium=link&ref=sfp-seed
d2AU,https://news.example.invalid/articles/2026/10/story-3108240?utm_source=share&utm_medium=link&ref=sfp-seed
heTQ,https://news.example.invalid/articles/2026/10/story-4108854?utm_source=share&utm_medium=link&ref=sfp-seed
8uzf,https://news.example.invalid/articles/2026/10/story-2024129?utm_source=share&utm_medium=link&ref=sfp-seed
6bgQ,https://news.example.invalid/articles/2026/10/story-1473296?utm_source=share&utm_medium=link&ref=sfp-seed
ihaz,https://news.example.invalid/articles/2026/10/story-4355907?utm_source=share&utm_medium=link&ref=sfp-seed
vdXW,https://news.example.invalid/articles/2026/10/story-7441856?utm_source=share&utm_medium=link&ref=sfp-seed
cMAG,https://news.example.invalid/articles/2026/10/story-3046722?utm_source=share&utm_medium=link&ref=sfp-seed
7SUt,https://news.example.invalid/articles/2026/10/story-1879373?utm_source=share&utm_medium=link&ref=sfp-seed
ftVx,https://news.example.invalid/articles/2026/10/story-3689963?utm_source=share&utm_medium=link&ref=sfp-seed
s8rr,https://news.example.invalid/articles/2026/10/story-6705637?utm_source=share&utm_medium=link&ref=sfp-seed
9bpR,https://news.example.invalid/articles/2026/10/story-2188839?utm_source=share&utm_medium=link&ref=sfp-seed
a47g,https://news.example.invalid/articles/2026/10/story-2399106?utm_source=share&utm_medium=link&ref=sfp-seed
ayY0,https://news.example.invalid/articles/2026/10/story-2517696?utm_source=share&utm_medium=link&ref=sfp-seed
UKj,https://news.example.invalid/articles/2026/10/story-218135?utm_source=share&utm_medium=link&ref=sfp-seed
lPpx,https://news.example.invalid/articles/2026/10/story-5202515?utm_source=share&utm_medium=link&ref=sfp-seed
DBFN,https://news.example.invalid/articles/2026/10/story-9439611?utm_source=share&utm_medium=link&ref=sfp-seed
4h23,https://news.example.invalid/articles/2026/10/story-1018787?utm_source=share&utm_medium=link&ref=sfp-seed
moxp,https://news.example.invalid/articles/2026/10/story-5337543?utm_source=share&utm_medium=link&ref=sfp-seed
oLNn,https://news.example.invalid/articles/2026/10/story-5903601?utm_source=share&utm_medium=link&ref=sfp-seed
mryE,https://news.example.invalid/articles/2026/10/story-5349152?utm_source=share&utm_medium=link&ref=sfp-seed
2hEG,https://news.example.invalid/articles/2026/10/story-544526?utm_source=share&utm_medium=link&ref=sfp-seed
sTBZ,https://news.example.invalid/articles/2026/10/story-6886959?utm_source=share&utm_medium=link&ref=sfp-seed
5wZ3,https://news.example.invalid/articles/2026/10/story-1318433?utm_source=share&utm_medium=link&ref=sfp-seed
keSM,https://news.example.invalid/articles/2026/10/story-4823772?utm_source=share&utm_medium=link&ref=sfp-seed
zYnA,https://news.example.invalid/articles/2026/10/story-8573582?utm_source=share&utm_medium=link&ref=sfp-seed
CUbL,https://news.example.invalid/articles/2026/10/story-9272457?utm_source=share&utm_medium=link&ref=sfp-seed
lnqS,https://news.example.invalid/articles/2026/10/story-5094966?utm_source=share&utm_medium=link&ref=sfp-seed
rWK,https://news.example.invalid/articles/2026/10/story-107430?utm_source=share&utm_medium=link&ref=sfp-seed
lkPD,https://news.example.invalid/articles/2026/10/story-5084969?utm_source=share&utm_medium=link&ref=sfp-seed
zsyM,https://news.example.invalid/articles/2026/10/story-8451268?utm_source=share&utm_medium=link&ref=sfp-seed
BabQ,https://news.example.invalid/articles/2026/10/story-8857310?utm_source=share&utm_medium=link&ref=sfp-seed
hIqk,https://news.example.invalid/articles/2026/10/story-4222344?utm_source=share&utm_medium=link&ref=sfp-seed
4Is5,https://news.example.invalid/articles/2026/10/story-1124189?utm_source=share&utm_medium=link&ref=sfp-seed
8AbW,https://news.example.invalid/articles/2026/10/story-2045748?utm_source=share&utm_medium=link&ref=sfp-seed
109y,https://news.example.invalid/articles/2026/10/story-238920?utm_source=share&utm_medium=link&ref=sfp-seed
v7Qr,https://news.example.invalid/articles/2026/10/story-7418327?utm_source=share&utm_medium=link&ref=sfp-seed
eTEa,https://news.example.invalid/articles/2026/10/story-3550502?utm_source=share&utm_medium=link&ref=sfp-seed
ahS4,https://news.example.invalid/articles/2026/10/story-2451980?utm_source=share&utm_medium=link&ref=sfp-seed
BdDe,https://news.example.invalid/articles/2026/10/story-8870540?utm_source=share&utm_medium=link&ref=sfp-seed
FEsG,https://news.example.invalid/articles/2026/10/story-9926986?utm_source=share&utm_medium=link&ref=sfp-seed
yUYn,https://news.example.invalid/articles/2026/10/story-8322159?utm_source=share&utm_medium=link&ref=sfp-seed
kqbP,https://news.example.invalid/articles/2026/10/story-4867237?utm_source=share&utm_medium=link&ref=sfp-seed
vrvi,https://news.example.invalid/articles/2026/10/story-7493896?utm_source=share&utm_medium=link&ref=sfp-seed
oGFY,https://news.example.invalid/articles/2026/10/story-5883922?utm_source=share&utm_medium=link&ref=sfp-seed
myxz,https://news.example.invalid/articles/2026/10/story-5375993?utm_source=share&utm_medium=link&ref=sfp-seed
CUBV,https://news.example.invalid/articles/2026/10/story-9274079?utm_source=share&utm_medium=link&ref=sfp-seed
nVXU,https://news.example.invalid/articles/2026/10/story-5704366?utm_source=share&utm_medium=link&ref=sfp-seed
fRRe,https://news.example.invalid/articles/2026/10/story-3781952?utm_source=share&utm_medium=link&ref=sfp-seed
dof9,https://news.example.invalid/articles/2026/10/story-3191459?utm_source=share&utm_medium=link&ref=sfp-seed
AsUn,https://news.example.invalid/articles/2026/10/story-8690935?utm_source=share&utm_medium=link&ref=sfp-seed
uFLf,https://news.example.invalid/articles/2026/10/story-7310373?utm_source=share&utm_medium=link&ref=sfp-seed
Eg5r,https://news.example.invalid/articles/2026/10/story-9594961?utm_source=share&utm_medium=link&ref=sfp-seed
uBRc,https://news.example.invalid/articles/2026/10/story-7295366?utm_source=share&utm_medium=link&ref=sfp-seed
tbpH,https://news.example.invalid/articles/2026/10/story-6955389?utm_source=share&utm_medium=link&ref=sfp-seed
zY0s,https://news.example.invalid/articles/2026/10/story-8572148?utm_source=share&utm_medium=link&ref=sfp-seed
zmcW,https://news.example.invalid/articles/2026/10/story-8426850?utm_source=share&utm_medium=link&ref=sfp-seed
8qpu,https://news.example.invalid/articles/2026/10/story-2008148?utm_source=share&utm_medium=link&ref=sfp-seed
nSMw,https://news.example.invalid/articles/2026/10/story-5692128?utm_source=share&utm_medium=link&ref=sfp-seed
DxdX,https://news.example.invalid/articles/2026/10/story-9422509?utm_source=share&utm_medium=link&ref=sfp-seed
mM9h,https://news.example.invalid/articles/2026/10/story-5428303?utm_source=share&utm_medium=link&ref=sfp-seed
EO5K,https://news.example.invalid/articles/2026/10/story-9725676?utm_source=share&utm_medium=link&ref=sfp-seed
Q0a,https://news.example.invalid/articles/2026/10/story-199898?utm_source=share&utm_medium=link&ref=sfp-seed
kZ7g,https://news.example.invalid/articles/2026/10/story-5001494?utm_source=share&utm_medium=link&ref=sfp-seed
AL3P,https://news.example.invalid/articles/2026/10/story-8760713?utm_source=share&utm_medium=link&ref=sfp-seed
5jfW,https://news.example.invalid/articles/2026/10/story-1265664?utm_source=share&utm_medium=link&ref=sfp-seed
vd2E,https://news.example.invalid/articles/2026/10/story-7438304?utm_source=share&utm_medium=link&ref=sfp-seed
60Uk,https://news.example.invalid/articles/2026/10/story-1433460?utm_source=share&utm_medium=link&ref=sfp-seed
alXA,https://news.example.invalid/articles/2026/10/story-2467698?utm_source=share&utm_medium=link&ref=sfp-seed
9pW5,https://news.example.invalid/articles/2026/10/story-2244653?utm_source=share&utm_medium=link&ref=sfp-seed
eNQ3,https://news.example.invalid/articles/2026/10/story-3528175?utm_source=share&utm_medium=link&ref=sfp-seed
liMA,https://news.example.invalid/articles/2026/10/story-5077092?utm_source=share&utm_medium=link&ref=sfp-seed
4s8p,https://news.example.invalid/articles/2026/10/story-1061465?utm_source=share&utm_medium=link&ref=sfp-seed
dtVj,https://news.example.invalid/articles/2026/10/story-3213293?utm_source=share&utm_medium=link&ref=sfp-seed
rJw9,https://news.example.invalid/articles/2026/10/story-6609829?utm_source=share&utm_medium=link&ref=sfp-seed
jEG1,https://news.example.invalid/articles/2026/10/story-4684597?utm_source=share&utm_medium=link&ref=sfp-seed
htFj,https://news.example.invalid/articles/2026/10/story-4165613?utm_source=share&utm_medium=link&ref=sfp-seed
FPgT,https://news.example.invalid/articles/2026/10/story-9968539?utm_source=share&utm_medium=link&ref=sfp-seed
Fn2J,https://news.example.invalid/articles/2026/10/story-9860029?utm_source=share&utm_medium=link&ref=sfp-seed
zxTV,https://news.example.invalid/articles/2026/10/story-8471799?utm_source=share&utm_medium=link&ref=sfp-seed
EVDj,https://news.example.invalid/articles/2026/10/story-9754665?utm_source=share&utm_medium=link&ref=sfp-seed
F4fm,https://news.example.invalid/articles/2026/10/story-9787776?utm_source=share&utm_medium=link&ref=sfp-seed
iTPu,https://news.example.invalid/articles/2026/10/story-4504516?utm_source=share&utm_medium=link&ref=sfp-seed
rL6f,https://news.example.invalid/articles/2026/10/story-6615911?utm_source=share&utm_medium=link&ref=sfp-seed
ejxr,https://news.example.invalid/articles/2026/10/story-3411701?utm_source=share&utm_medium=link&ref=sfp-seed
oCjv,https://news.example.invalid/articles/2026/10/story-5867153?utm_source=share&utm_medium=link&ref=sfp-seed
ci8G,https://news.example.invalid/articles/2026/10/story-2929666?utm_source=share&utm_medium=link&ref=sfp-seed
u357,https://news.example.invalid/articles/2026/10/story-7161689?utm_source=share&utm_medium=link&ref=sfp-seed
tZ0d,https://news.example.invalid/articles/2026/10/story-7146009?utm_source=share&utm_medium=link&ref=sfp-seed
pbCi,https://news.example.invalid/articles/2026/10/story-6002858?utm_source=share&utm_medium=link&ref=sfp-seed
wMc9,https://news.example.invalid/articles/2026/10/story-7811761?utm_source=share&utm_medium=link&ref=sfp-seed
meEG,https://news.example.invalid/articles/2026/10/story-5299554?utm_source=share&utm_medium=link&ref=sfp-seed
uYlQ,https://news.example.invalid/articles/2026/10/story-7381834?utm_source=share&utm_medium=link&ref=sfp-seed
EzQK,https://news.example.invalid/articles/2026/10/story-9670930?utm_source=share&utm_medium=link&ref=sfp-seed
7CT0,https://news.example.invalid/articles/2026/10/story-1817778?utm_source=share&utm_medium=link&ref=sfp-seed
wCxI,https://news.example.invalid/articles/2026/10/story-7774658?utm_source=share&utm_medium=link&ref=sfp-seed
fEI3,https://news.example.invalid/articles/2026/10/story-3731411?utm_source=share&utm_medium=link&ref=sfp-seed
2BT4,https://news.example.invalid/articles/2026/10/story-622298?utm_source=share&utm_medium=link&ref=sfp-seed
EHOC,https://news.example.invalid/articles/2026/10/story-9701550?utm_source=share&utm_medium=link&ref=sfp-seed
vahj,https://news.example.invalid/articles/2026/10/story-7427681?utm_source=share&utm_medium=link&ref=sfp-seed
xdO3,https://news.example.invalid/articles/2026/10/story-7917899?utm_source=share&utm_medium=link&ref=sfp-seed
jyfv,https://news.example.invalid/articles/2026/10/story-4659889?utm_source=share&utm_medium=link&ref=sfp-seed
kBr2,https://news.example.invalid/articles/2026/10/story-4910464?utm_source=share&utm_medium=link&ref=sfp-seed
7H6v,https://news.example.invalid/articles/2026/10/story-1833991?utm_source=share&utm_medium=link&ref=sfp-seed
Cpnu,https://news.example.invalid/articles/2026/10/story-9154020?utm_source=share&utm_medium=link&ref=sfp-seed
Eo7r,https://news.example.invalid/articles/2026/10/story-9625837?utm_source=share&utm_medium=link&ref=sfp-seed
zhy6,https://news.example.invalid/articles/2026/10/story-8408942?utm_source=share&utm_medium=link&ref=sfp-seed
6mlz,https://news.example.invalid/articles/2026/10/story-1515873?utm_source=share&utm_medium=link&ref=sfp-seed
kt2L,https://news.example.invalid/articles/2026/10/story-4878207?utm_source=share&utm_medium=link&ref=sfp-seed
r6qG,https://news.example.invalid/articles/2026/10/story-6459574?utm_source=share&utm_medium=link&ref=sfp-seed
cVDp,https://news.example.invalid/articles/2026/10/story-3081487?utm_source=share&utm_medium=link&ref=sfp-seed
zDQf,https://news.example.invalid/articles/2026/10/story-8494635?utm_source=share&utm_medium=link&ref=sfp-seed
1sF3,https://news.example.invalid/articles/2026/10/story-348505?utm_source=share&utm_medium=link&ref=sfp-seed
wpip,https://news.example.invalid/articles/2026/10/story-7723737?utm_source=share&utm_medium=link&ref=sfp-seed
jb66,https://news.example.invalid/articles/2026/10/story-4570894?utm_source=share&utm_medium=link&ref=sfp-seed
b5L7,https://news.example.invalid/articles/2026/10/story-2643749?utm_source=share&utm_medium=link&ref=sfp-seed
ycuS,https://news.example.invalid/articles/2026/10/story-8151194?utm_source=share&utm_medium=link&ref=sfp-seed
7Bo9,https://news.example.invalid/articles/2026/10/story-1812021?utm_source=share&utm_medium=link&ref=sfp-seed
eTEd,https://news.example.invalid/articles/2026/10/story-3550505?utm_source=share&utm_medium=link&ref=sfp-seed
yCvk,https://news.example.invalid/articles/2026/10/story-8251166?utm_source=share&utm_medium=link&ref=sfp-seed
ytJZ,https://news.example.invalid/articles/2026/10/story-8217479?utm_source=share&utm_medium=link&ref=sfp-seed
wk8i,https://news.example.invalid/articles/2026/10/story-7703890?utm_source=share&utm_medium=link&ref=sfp-seed
BlKX,https://news.example.invalid/articles/2026/10/story-8901771?utm_source=share&utm_medium=link&ref=sfp-seed
yuQs,https://news.example.invalid/articles/2026/10/story-8221724?utm_source=share&utm_medium=link&ref=sfp-seed
p3fi,https://news.example.invalid/articles/2026/10/story-5970680?utm_source=share&utm_medium=link&ref=sfp-seed
u8zv,https://news.example.invalid/articles/2026/10/story-7182793?utm_source=share&utm_medium=link&ref=sfp-seed
1BdM,https://news.example.invalid/articles/2026/10/story-381410?utm_source=share&utm_medium=link&ref=sfp-seed
jCWT,https://news.example.invalid/articles/2026/10/story-4677955?utm_source=share&utm_medium=link&ref=sfp-seed
gdwE,https://news.example.invalid/articles/2026/10/story-3865244?utm_source=share&utm_medium=link&ref=sfp-seed
8MHq,https://news.example.invalid/articles/2026/10/story-2093828?utm_source=share&utm_medium=link&ref=sfp-seed
oJoa,https://news.example.invalid/articles/2026/10/story-5894350?utm_source=share&utm_medium=link&ref=sfp-seed
cdzd,https://news.example.invalid/articles/2026/10/story-2912091?utm_source=share&utm_medium=link&ref=sfp-seed
1Ea3,https://news.example.invalid/articles/2026/10/story-392711?utm_source=share&utm_medium=link&ref=sfp-seed
hG4A,https://news.example.invalid/articles/2026/10/story-4213308?utm_source=share&utm_medium=link&ref=sfp-seed
j2mU,https://news.example.invalid/articles/2026/10/story-4537340?utm_source=share&utm_medium=link&ref=sfp-seed
bGGX,https://news.example.invalid/articles/2026/10/story-2785719?utm_source=share&utm_medium=link&ref=sfp-seed
iNA8,https://news.example.invalid/articles/2026/10/story-4480500?utm_source=share&utm_medium=link&ref=sfp-seed
lyx4,https://news.example.invalid/articles/2026/10/story-5137634?utm_source=share&utm_medium=link&ref=sfp-seed
92cw,https://news.example.invalid/articles/2026/10/story-2153416?utm_source=share&utm_medium=link&ref=sfp-seed
dfgU,https://news.example.invalid/articles/2026/10/story-3156972?utm_source=share&utm_medium=link&ref=sfp-seed
3igG,https://news.example.invalid/articles/2026/10/story-785210?utm_source=share&utm_medium=link&ref=sfp-seed
3bhk,https://news.example.invalid/articles/2026/10/story-758342?utm_source=share&utm_medium=link&ref=sfp-seed
xjpE,https://news.example.invalid/articles/2026/10/story-7939450?utm_source=share&utm_medium=link&ref=sfp-seed
zd7M,https://news.example.invalid/articles/2026/10/story-8391934?utm_source=share&utm_medium=link&ref=sfp-seed
v4nk,https://news.example.invalid/articles/2026/10/story-7404990?utm_source=share&utm_medium=link&ref=sfp-seed
FLfs,https://news.example.invalid/articles/2026/10/story-9953074?utm_source=share&utm_medium=link&ref=sfp-seed
heah,https://news.example.invalid/articles/2026/10/story-4106029?utm_source=share&utm_medium=link&ref=sfp-seed
3dPc,https://news.example.invalid/articles/2026/10/story-768130?utm_source=share&utm_medium=link&ref=sfp-seed
9zYE,https://news.example.invalid/articles/2026/10/story-2283252?utm_source=share&utm_medium=link&ref=sfp-seed
8hnW,https://news.example.invalid/articles/2026/10/story-1973456?utm_source=share&utm_medium=link&ref=sfp-seed
fl3l,https://news.example.invalid/articles/2026/10/story-3655851?utm_source=share&utm_medium=link&ref=sfp-seed
lzue,https://news.example.invalid/articles/2026/10/story-5141302?utm_source=share&utm_medium=link&ref=sfp-seed
adXt,https://news.example.invalid/articles/2026/10/story-2436939?utm_source=share&utm_medium=link&ref=sfp-seed
3To6,https://news.example.invalid/articles/2026/10/story-927898?utm_source=share&utm_medium=link&ref=sfp-seed
4b8U,https://news.example.invalid/articles/2026/10/story-996148?utm_source=share&utm_medium=link&ref=sfp-seed
7TOh,https://news.example.invalid/articles/2026/10/story-1882833?utm_source=share&utm_medium=link&ref=sfp-seed
1Bto,https://news.example.invalid/articles/2026/10/story-382378?utm_source=share&utm_medium=link&ref=sfp-seed
h65r,https://news.example.invalid/articles/2026/10/story-4074977?utm_source=share&utm_medium=link&ref=sfp-seed
DQDx,https://news.example.invalid/articles/2026/10/story-9497131?utm_source=share&utm_medium=link&ref=sfp-seed
8r3Q,https://news.example.invalid/articles/2026/10/story-2010650?utm_source=share&utm_medium=link&ref=sfp-seed
rkx5,https://news.example.invalid/articles/2026/10/story-6513787?utm_source=share&utm_medium=link&ref=sfp-seed
Aiyx,https://news.example.invalid/articles/2026/10/story-8651141?utm_source=share&utm_medium=link&ref=sfp-seed
6VPD,https://news.example.invalid/articles/2026/10/story-1652277?utm_source=share&utm_medium=link&ref=sfp-seed
wupX,https://news.example.invalid/articles/2026/10/story-7743425?utm_source=share&utm_medium=link&ref=sfp-seed
kpPa,https://news.example.invalid/articles/2026/10/story-4865832?utm_source=share&utm_medium=link&ref=sfp-seed
FAec,https://news.example.invalid/articles/2026/10/story-9910712?utm_source=share&utm_medium=link&ref=sfp-seed
sLzz,https://news.example.invalid/articles/2026/10/story-6856057?utm_source=share&utm_medium=link&ref=sfp-seed
rVSO,https://news.example.invalid/articles/2026/10/story-6657362?utm_source=share&utm_medium=link&ref=sfp-seed
DhXg,https://news.example.invalid/articles/2026/10/story-9363814?utm_source=share&utm_medium=link&ref=sfp-seed
9iZt,https://news.example.invalid/articles/2026/10/story-2217955?utm_source=share&utm_medium=link&ref=sfp-seed
wKas,https://news.example.invalid/articles/2026/10/story-7803968?utm_source=share&utm_medium=link&ref=sfp-seed
9yXT,https://news.example.invalid/articles/2026/10/story-2279361?utm_source=share&utm_medium=link&ref=sfp-seed
fUTd,https://news.example.invalid/articles/2026/10/story-3793607?utm_source=share&utm_medium=link&ref=sfp-seed
noE9,https://news.example.invalid/articles/2026/10/story-5576289?utm_source=share&utm_medium=link&ref=sfp-seed
8y4b,https://news.example.invalid/articles/2026/10/story-2037579?utm_source=share&utm_medium=link&ref=sfp-seed
3s71,https://news.example.invalid/articles/2026/10/story-823051?utm_source=share&utm_medium=link&ref=sfp-seed
bGEU,https://news.example.invalid/articles/2026/10/story-2785592?utm_source=share&utm_medium=link&ref=sfp-seed
oxCE,https://news.example.invalid/articles/2026/10/story-5849120?utm_source=share&utm_medium=link&ref=sfp-seed
iPTU,https://news.example.invalid/articles/2026/10/story-4489414?utm_source=share&utm_medium=link&ref=sfp-seed
2nUv,https://news.example.invalid/articles/2026/10/story-568571?utm_source=share&utm_medium=link&ref=sfp-seed
31Xh,https://news.example.invalid/articles/2026/10/story-722503?utm_source=share&utm_medium=link&ref=sfp-seed
cAv3,https://news.example.invalid/articles/2026/10/story-3000245?utm_source=share&utm_medium=link&ref=sfp-seed
pQLv,https://news.example.invalid/articles/2026/10/story-6161033?utm_source=share&utm_medium=link&ref=sfp-seed
CsVw,https://news.example.invalid/articles/2026/10/story-9167662?utm_source=share&utm_medium=link&ref=sfp-seed
2F5M,https://news.example.invalid/articles/2026/10/story-634618?utm_source=share&utm_medium=link&ref=sfp-seed
ohRS,https://news.example.invalid/articles/2026/10/story-5788560?utm_source=share&utm_medium=link&ref=sfp-seed
CzXi,https://news.example.invalid/articles/2026/10/story-9194680?utm_source=share&utm_medium=link&ref=sfp-seed
rEbS,https://news.example.invalid/articles/2026/10/story-6589352?utm_source=share&utm_medium=link&ref=sfp-seed
ekLp,https://news.example.invalid/articles/2026/10/story-3416411?utm_source=share&utm_medium=link&ref=sfp-seed
EXQk,https://news.example.invalid/articles/2026/10/story-9763160?utm_source=share&utm_medium=link&ref=sfp-seed
aeqT,https://news.example.invalid/articles/2026/10/story-2438763?utm_source=share&utm_medium=link&ref=sfp-seed
8zNZ,https://news.example.invalid/articles/2026/10/story-2044263?utm_source=share&utm_medium=link&ref=sfp-seed
DGvI,https://news.example.invalid/articles/2026/10/story-9458206?utm_source=share&utm_medium=link&ref=sfp-seed
bdHH,https://news.example.invalid/articles/2026/10/story-2674289?utm_source=share&utm_medium=link&ref=sfp-seed
DeD8,https://news.example.invalid/articles/2026/10/story-9351034?utm_source=share&utm_medium=link&ref=sfp-seed
1tue,https://news.example.invalid/articles/2026/10/story-351678?utm_source=share&utm_medium=link&ref=sfp-seed
6YYS,https://news.example.invalid/articles/2026/10/story-1664382?utm_source=share&utm_medium=link&ref=sfp-seed
AVbn,https://news.example.invalid/articles/2026/10/story-8799621?utm_source=share&utm_medium=link&ref=sfp-seed
uz8Y,https://news.example.invalid/articles/2026/10/story-7284936?utm_source=share&utm_medium=link&ref=sfp-seed
nLDd,https://news.example.invalid/articles/2026/10/story-5664643?utm_source=share&utm_medium=link&ref=sfp-seed
1SgT,https://news.example.invalid/articles/2026/10/story-446951?utm_source=share&utm_medium=link&ref=sfp-seed
vYQQ,https://news.example.invalid/articles/2026/10/story-7622084?utm_source=share&utm_medium=link&ref=sfp-seed
EiYO,https://news.example.invalid/articles/2026/10/story-9606082?utm_source=share&utm_medium=link&ref=sfp-seed
23v3,https://news.example.invalid/articles/2026/10/story-490113?utm_source=share&utm_medium=link&ref=sfp-seed
B0hv,https://news.example.invalid/articles/2026/10/story-8819221?utm_source=share&utm_medium=link&ref=sfp-seed
fhBk,https://news.example.invalid/articles/2026/10/story-3642582?utm_source=share&utm_medium=link&ref=sfp-seed
hMm7,https://news.example.invalid/articles/2026/10/story-4237459?utm_source=share&utm_medium=link&ref=sfp-seed
yds5,https://news.example.invalid/articles/2026/10/story-8154865?utm_source=share&utm_medium=link&ref=sfp-seed
X1Q,https://news.example.invalid/articles/2026/10/story-226910?utm_source=share&utm_medium=link&ref=sfp-seed
byjy,https://news.example.invalid/articles/2026/10/story-2753516?utm_source=share&utm_medium=link&ref=sfp-seed
a8P2,https://news.example.invalid/articles/2026/10/story-2417196?utm_source=share&utm_medium=link&ref=sfp-seed
gYqG,https://news.example.invalid/articles/2026/10/story-4045542?utm_source=share&utm_medium=link&ref=sfp-seed
kfhp,https://news.example.invalid/articles/2026/10/story-4825299?utm_source=share&utm_medium=link&ref=sfp-seed
iSOJ,https://news.example.invalid/articles/2026/10/story-4500625?utm_source=share&utm_medium=link&ref=sfp-seed
hxsg,https://news.example.invalid/articles/2026/10/story-4180180?utm_source=share&utm_medium=link&ref=sfp-seed
E8xC,https://news.example.invalid/articles/2026/10/story-9565956?utm_source=share&utm_medium=link&ref=sfp-seed
k7pa,https://news.example.invalid/articles/2026/10/story-4795028?utm_source=share&utm_medium=link&ref=sfp-seed
BjOs,https://news.example.invalid/articles/2026/10/story-8894300?utm_source=share&utm_medium=link&ref=sfp-seed
EwLU,https://news.example.invalid/articles/2026/10/story-9659098?utm_source=share&utm_medium=link&ref=sfp-seed
rycP,https://news.example.invalid/articles/2026/10/story-6566347?utm_source=share&utm_medium=link&ref=sfp-seed
457B,https://news.example.invalid/articles/2026/10/story-973003?utm_source=share&utm_medium=link&ref=sfp-seed
4mLV,https://news.example.invalid/articles/2026/10/story-1040851?utm_source=share&utm_medium=link&ref=sfp-seed
5sdm,https://news.example.invalid/articles/2026/10/story-1300100?utm_source=share&utm_medium=link&ref=sfp-seed
tVOG,https://news.example.invalid/articles/2026/10/story-7133762?utm_source=share&utm_medium=link&ref=sfp-seed
9Jwo,https://news.example.invalid/articles/2026/10/story-2319940?utm_source=share&utm_medium=link&ref=sfp-seed
EE7A,https://news.example.invalid/articles/2026/10/story-9687350?utm_source=share&utm_medium=link&ref=sfp-seed
3zI8,https://news.example.invalid/articles/2026/10/story-852260?utm_source=share&utm_medium=link&ref=sfp-seed
p6xF,https://news.example.invalid/articles/2026/10/story-5983351?utm_source=share&utm_medium=link&ref=sfp-seed
6erf,https://news.example.invalid/articles/2026/10/story-1485473?utm_source=share&utm_medium=link&ref=sfp-seed
alMn,https://news.example.invalid/articles/2026/10/story-2467003?utm_source=share&utm_medium=link&ref=sfp-seed
kfdv,https://news.example.invalid/articles/2026/10/story-4825057?utm_source=share&utm_medium=link&ref=sfp-seed
ncRM,https://news.example.invalid/articles/2026/10/story-5531006?utm_source=share&utm_medium=link&ref=sfp-seed
pNHs,https://news.example.invalid/articles/2026/10/story-6149250?utm_source=share&utm_medium=link&ref=sfp-seed
dDo6,https://news.example.invalid/articles/2026/10/story-3249674?utm_source=share&utm_medium=link&ref=sfp-seed
pQCe,https://news.example.invalid/articles/2026/10/story-6160458?utm_source=share&utm_medium=link&ref=sfp-seed
CJWW,https://news.example.invalid/articles/2026/10/story-9233098?utm_source=share&utm_medium=link&ref=sfp-seed
uBXD,https://news.example.invalid/articles/2026/10/story-7295765?utm_source=share&utm_medium=link&ref=sfp-seed
dU6F,https://news.example.invalid/articles/2026/10/story-3313941?utm_source=share&utm_medium=link&ref=sfp-seed
F6MQ,https://news.example.invalid/articles/2026/10/story-9797540?utm_source=share&utm_medium=link&ref=sfp-seed
sd0u,https://news.example.invalid/articles/2026/10/story-6723186?utm_source=share&utm_medium=link&ref=sfp-seed
1rIm,https://news.example.invalid/articles/2026/10/story-344866?utm_source=share&utm_medium=link&ref=sfp-seed
u8Oq,https://news.example.invalid/articles/2026/10/story-7183718?utm_source=share&utm_medium=link&ref=sfp-seed
4QCu,https://news.example.invalid/articles/2026/10/story-1155586?utm_source=share&utm_medium=link&ref=sfp-seed
nY94,https://news.example.invalid/articles/2026/10/story-5712746?utm_source=share&utm_medium=link&ref=sfp-seed
lUBq,https://news.example.invalid/articles/2026/10/story-5222472?utm_source=share&utm_medium=link&ref=sfp-seed
54K0,https://news.example.invalid/articles/2026/10/story-1209868?utm_source=share&utm_medium=link&ref=sfp-seed
nJZt,https://news.example.invalid/articles/2026/10/story-5658335?utm_source=share&utm_medium=link&ref=sfp-seed
jbiL,https://news.example.invalid/articles/2026/10/story-4571679?utm_source=share&utm_medium=link&ref=sfp-seed
b3iM,https://news.example.invalid/articles/2026/10/story-2634304?utm_source=share&utm_medium=link&ref=sfp-seed
DVsP,https://news.example.invalid/articles/2026/10/story-9515687?utm_source=share&utm_medium=link&ref=sfp-seed
6ggK,https://news.example.invalid/articles/2026/10/story-1492510?utm_source=share&utm_medium=link&ref=sfp-seed
wS88,https://news.example.invalid/articles/2026/10/story-7834576?utm_source=share&utm_medium=link&ref=sfp-seed
uMZ,https://news.example.invalid/articles/2026/10/story-118357?utm_source=share&utm_medium=link&ref=sfp-seed
FxhE,https://news.example.invalid/articles/2026/10/story-9899394?utm_source=share&utm_medium=link&ref=sfp-seed
jWem,https://news.example.invalid/articles/2026/10/story-4752074?utm_source=share&utm_medium=link&ref=sfp-seed
AFnZ,https://news.example.invalid/articles/2026/10/story-8738899?utm_source=share&utm_medium=link&ref=sfp-seed
yLq6,https://news.example.invalid/articles/2026/10/story-8285438?utm_source=share&utm_medium=link&ref=sfp-seed
nht,https://news.example.invalid/articles/2026/10/story-89495?utm_source=share&utm_medium=link&ref=sfp-seed
1m4g,https://news.example.invalid/articles/2026/10/story-323160?utm_source=share&utm_medium=link&ref=sfp-seed
d1fw,https://news.example.invalid/articles/2026/10/story-3103070?utm_source=share&utm_medium=link&ref=sfp-seed
s4Hm,https://news.example.invalid/articles/2026/10/story-6691248?utm_source=share&utm_medium=link&ref=sfp-seed
cJJm,https://news.example.invalid/articles/2026/10/story-3035728?utm_source=share&utm_medium=link&ref=sfp-seed
hRKf,https://news.example.invalid/articles/2026/10/story-4258175?utm_source=share&utm_medium=link&ref=sfp-seed
2zqc,https://news.example.invalid/articles/2026/10/story-612820?utm_source=share&utm_medium=link&ref=sfp-seed
pFzK,https://news.example.invalid/articles/2026/10/story-6118020?utm_source=share&utm_medium=link&ref=sfp-seed
wKoz,https://news.example.invalid/articles/2026/10/story-7804843?utm_source=share&utm_medium=link&ref=sfp-seed
attm,https://news.example.invalid/articles/2026/10/story-2496576?utm_source=share&utm_medium=link&ref=sfp-seed
Avcd,https://news.example.invalid/articles/2026/10/story-8699729?utm_source=share&utm_medium=link&ref=sfp-seed
zArS,https://news.example.invalid/articles/2026/10/story-8481592?utm_source=share&utm_medium=link&ref=sfp-seed
prwX,https://news.example.invalid/articles/2026/10/story-6064031?utm_source=share&utm_medium=link&ref=sfp-seed
usNi,https://news.example.invalid/articles/2026/10/story-7260528?utm_source=share&utm_medium=link&ref=sfp-seed
2hMj,https://news.example.invalid/articles/2026/10/story-544999?utm_source=share&utm_medium=link&ref=sfp-seed
nwi2,https://news.example.invalid/articles/2026/10/story-5605670?utm_source=share&utm_medium=link&ref=sfp-seed
gXLx,https://news.example.invalid/articles/2026/10/story-4042991?utm_source=share&utm_medium=link&ref=sfp-seed
5U9d,https://news.example.invalid/articles/2026/10/story-1407475?utm_source=share&utm_medium=link&ref=sfp-seed
hgCy,https://news.example.invalid/articles/2026/10/story-4115470?utm_source=share&utm_medium=link&ref=sfp-seed
l1Xq,https://news.example.invalid/articles/2026/10/story-5012416?utm_source=share&utm_medium=link&ref=sfp-seed
bdfw,https://news.example.invalid/articles/2026/10/story-2672542?utm_source=share&utm_medium=link&ref=sfp-seed
4epJ,https://news.example.invalid/articles/2026/10/story-1008723?utm_source=share&utm_medium=link&ref=sfp-seed
tQl2,https://news.example.invalid/articles/2026/10/story-7112704?utm_source=share&utm_medium=link&ref=sfp-seed
pgKo,https://news.example.invalid/articles/2026/10/story-6022580?utm_source=share&utm_medium=link&ref=sfp-seed
kRh1,https://news.example.invalid/articles/2026/10/story-4971347?utm_source=share&utm_medium=link&ref=sfp-seed
1GQX,https://news.example.invalid/articles/2026/10/story-403059?utm_source=share&utm_medium=link&ref=sfp-seed
h5kw,https://news.example.invalid/articles/2026/10/story-4072068?utm_source=share&utm_medium=link&ref=sfp-seed
bA2D,https://news.example.invalid/articles/2026/10/story-2760155?utm_source=share&utm_medium=link&ref=sfp-seed
2IlC,https://news.example.invalid/articles/2026/10/story-647132?utm_source=share&utm_medium=link&ref=sfp-seed
5Ywk,https://news.example.invalid/articles/2026/10/story-1424284?utm_source=share&utm_medium=link&ref=sfp-seed
rsR2,https://news.example.invalid/articles/2026/10/story-6545776?utm_source=share&utm_medium=link&ref=sfp-seed
CePK,https://news.example.invalid/articles/2026/10/story-9113488?utm_source=share&utm_medium=link&ref=sfp-seed
2yEZ,https://news.example.invalid/articles/2026/10/story-609893?utm_source=share&utm_medium=link&ref=sfp-seed
bSIP,https://news.example.invalid/articles/2026/10/story-2831963?utm_source=share&utm_medium=link&ref=sfp-seed
5L0F,https://news.example.invalid/articles/2026/10/story-1372349?utm_source=share&utm_medium=link&ref=sfp-seed
iw37,https://news.example.invalid/articles/2026/10/story-4413105?utm_source=share&utm_medium=link&ref=sfp-seed
Egy2,https://news.example.invalid/articles/2026/10/story-9596734?utm_source=share&utm_medium=link&ref=sfp-seed
t0p2,https://news.example.invalid/articles/2026/10/story-6913064?utm_source=share&utm_medium=link&ref=sfp-seed
1bsP,https://news.example.invalid/articles/2026/10/story-282399?utm_source=share&utm_medium=link&ref=sfp-seed
9oO9,https://news.example.invalid/articles/2026/10/story-2240317?utm_source=share&utm_medium=link&ref=sfp-seed
jT8L,https://news.example.invalid/articles/2026/10/story-4740195?utm_source=share&utm_medium=link&ref=sfp-seed
qV96,https://news.example.invalid/articles/2026/10/story-6416200?utm_source=share&utm_medium=link&ref=sfp-seed
iraP,https://news.example.invalid/articles/2026/10/story-4394363?utm_source=share&utm_medium=link&ref=sfp-seed
DWw6,https://news.example.invalid/articles/2026/10/story-9519734?utm_source=share&utm_medium=link&ref=sfp-seed
1Fjd,https://news.example.invalid/articles/2026/10/story-397123?utm_source=share&utm_medium=link&ref=sfp-seed
k6zO,https://news.example.invalid/articles/2026/10/story-4791844?utm_source=share&utm_medium=link&ref=sfp-seed
tWAa,https://news.example.invalid/articles/2026/10/story-7136706?utm_source=share&utm_medium=link&ref=sfp-seed
oRmk,https://news.example.invalid/articles/2026/10/story-5924988?utm_source=share&utm_medium=link&ref=sfp-seed
A9VS,https://news.example.invalid/articles/2026/10/story-8617992?utm_source=share&utm_medium=link&ref=sfp-seed
m9e2,https://news.example.invalid/articles/2026/10/story-5278682?utm_source=share&utm_medium=link&ref=sfp-seed
dJE4,https://news.example.invalid/articles/2026/10/story-3273728?utm_source=share&utm_medium=link&ref=sfp-seed
dWLp,https://news.example.invalid/articles/2026/10/story-3324155?utm_source=share&utm_medium=link&ref=sfp-seed
B5zh,https://news.example.invalid/articles/2026/10/story-8839543?utm_source=share&utm_medium=link&ref=sfp-seed
DLDQ,https://news.example.invalid/articles/2026/10/story-9477930?utm_source=share&utm_medium=link&ref=sfp-seed
20yF,https://news.example.invalid/articles/2026/10/story-478805?utm_source=share&utm_medium=link&ref=sfp-seed
6Pra,https://news.example.invalid/articles/2026/10/story-1627696?utm_source=share&utm_medium=link&ref=sfp-seed
4ySH,https://news.example.invalid/articles/2026/10/story-1087399?utm_source=share&utm_medium=link&ref=sfp-seed
suTb,https://news.example.invalid/articles/2026/10/story-6791925?utm_source=share&utm_medium=link&ref=sfp-seed
laPb,https://news.example.invalid/articles/2026/10/story-5046501?utm_source=share&utm_medium=link&ref=sfp-seed
kYk5,https://news.example.invalid/articles/2026/10/story-4998445?utm_source=share&utm_medium=link&ref=sfp-seed
ufhB,https://news.example.invalid/articles/2026/10/story-7208591?utm_source=share&utm_medium=link&ref=sfp-seed
tXWw,https://news.example.invalid/articles/2026/10/story-7141936?utm_source=share&utm_medium=link&ref=sfp-seed
4DVm,https://news.example.invalid/articles/2026/10/story-1106784?utm_source=share&utm_medium=link&ref=sfp-seed
xYWN,https://news.example.invalid/articles/2026/10/story-8099109?utm_source=share&utm_medium=link&ref=sfp-seed
wV6b,https://news.example.invalid/articles/2026/10/story-7845987?utm_source=share&utm_medium=link&ref=sfp-seed
wFNR,https://news.example.invalid/articles/2026/10/story-7787191?utm_source=share&utm_medium=link&ref=sfp-seed
6PiS,https://news.example.invalid/articles/2026/10/story-1627182?utm_source=share&utm_medium=link&ref=sfp-seed
v75R,https://news.example.invalid/articles/2026/10/story-7415439?utm_source=share&utm_medium=link&ref=sfp-seed
fTFU,https://news.example.invalid/articles/2026/10/story-3788938?utm_source=share&utm_medium=link&ref=sfp-seed
5fCU,https://news.example.invalid/articles/2026/10/story-1251712?utm_source=share&utm_medium=link&ref=sfp-seed
t7lI,https://news.example.invalid/articles/2026/10/story-6939766?utm_source=share&utm_medium=link&ref=sfp-seed
ljT9,https://news.example.invalid/articles/2026/10/story-5081343?utm_source=share&utm_medium=link&ref=sfp-seed
nMN5,https://news.example.invalid/articles/2026/10/story-5669099?utm_source=share&utm_medium=link&ref=sfp-seed
8JhX,https://news.example.invalid/articles/2026/10/story-2080717?utm_source=share&utm_medium=link&ref=sfp-seed
CoAK,https://news.example.invalid/articles/2026/10/story-9150998?utm_source=share&utm_medium=link&ref=sfp-seed
giBq,https://news.example.invalid/articles/2026/10/story-3884760?utm_source=share&utm_medium=link&ref=sfp-seed
EyCG,https://news.example.invalid/articles/2026/10/story-9666214?utm_source=share&utm_medium=link&ref=sfp-seed
5Y0z,https://news.example.invalid/articles/2026/10/story-1422315?utm_source=share&utm_medium=link&ref=sfp-seed
jcNU,https://news.example.invalid/articles/2026/10/story-4577454?utm_source=share&utm_medium=link&ref=sfp-seed
cMX5,https://news.example.invalid/articles/2026/10/story-3048111?utm_source=share&utm_medium=link&ref=sfp-seed
kUDQ,https://news.example.invalid/articles/2026/10/story-4984294?utm_source=share&utm_medium=link&ref=sfp-seed
iVoG,https://news.example.invalid/articles/2026/10/story-4510542?utm_source=share&utm_medium=link&ref=sfp-seed
ALaf,https://news.example.invalid/articles/2026/10/story-8761111?utm_source=share&utm_medium=link&ref=sfp-seed
5h0d,https://news.example.invalid/articles/2026/10/story-1257001?utm_source=share&utm_medium=link&ref=sfp-seed
a9gl,https://news.example.invalid/articles/2026/10/story-2418889?utm_source=share&utm_medium=link&ref=sfp-seed
zXZI,https://news.example.invalid/articles/2026/10/story-8572102?utm_source=share&utm_medium=link&ref=sfp-seed
7euH,https://news.example.invalid/articles/2026/10/story-1724015?utm_source=share&utm_medium=link&ref=sfp-seed
nbx,https://news.example.invalid/articles/2026/10/story-89127?utm_source=share&utm_medium=link&ref=sfp-seed
7dHK,https://news.example.invalid/articles/2026/10/story-1720980?utm_source=share&utm_medium=link&ref=sfp-seed
yRkD,https://news.example.invalid/articles/2026/10/story-8308163?utm_source=share&utm_medium=link&ref=sfp-seed
pTGp,https://news.example.invalid/articles/2026/10/story-6172249?utm_source=share&utm_medium=link&ref=sfp-seed
tN1C,https://news.example.invalid/articles/2026/10/story-7099968?utm_source=share&utm_medium=link&ref=sfp-seed
lj3t,https://news.example.invalid/articles/2026/10/story-5078139?utm_source=share&utm_medium=link&ref=sfp-seed
h2nR,https://news.example.invalid/articles/2026/10/story-4060743?utm_source=share&utm_medium=link&ref=sfp-seed
E7oy,https://news.example.invalid/articles/2026/10/story-9561550?utm_source=share&utm_medium=link&ref=sfp-seed
nDS9,https://news.example.invalid/articles/2026/10/story-5634817?utm_source=share&utm_medium=link&ref=sfp-seed
dijW,https://news.example.invalid/articles/2026/10/story-3168692?utm_source=share&utm_medium=link&ref=sfp-seed
pJjF,https://news.example.invalid/articles/2026/10/story-6132399?utm_source=share&utm_medium=link&ref=sfp-seed
umii,https://news.example.invalid/articles/2026/10/story-7235542?utm_source=share&utm_medium=link&ref=sfp-seed
chqE,https://news.example.invalid/articles/2026/10/story-2926936?utm_source=share&utm_medium=link&ref=sfp-seed
Dr1U,https://news.example.invalid/articles/2026/10/story-9398698?utm_source=share&utm_medium=link&ref=sfp-seed
lntg,https://news.example.invalid/articles/2026/10/story-5095114?utm_source=share&utm_medium=link&ref=sfp-seed
8wIY,https://news.example.invalid/articles/2026/10/story-2032420?utm_source=share&utm_medium=link&ref=sfp-seed
hxPm,https://news.example.invalid/articles/2026/10/story-4181612?utm_source=share&utm_medium=link&ref=sfp-seed
r9qn,https://news.example.invalid/articles/2026/10/story-6471087?utm_source=share&utm_medium=link&ref=sfp-seed
A9K8,https://news.example.invalid/articles/2026/10/story-8617264?utm_source=share&utm_medium=link&ref=sfp-seed
j4Do,https://news.example.invalid/articles/2026/10/story-4546050?utm_source=share&utm_medium=link&ref=sfp-seed
743u,https://news.example.invalid/articles/2026/10/story-1683888?utm_source=share&utm_medium=link&ref=sfp-seed
dqHJ,https://news.example.invalid/articles/2026/10/story-3200919?utm_source=share&utm_medium=link&ref=sfp-seed
vA7U,https://news.example.invalid/articles/2026/10/story-7527042?utm_source=share&utm_medium=link&ref=sfp-seed
EHOX,https://news.example.invalid/articles/2026/10/story-9701571?utm_source=share&utm_medium=link&ref=sfp-seed
iKSL,https://news.example.invalid/articles/2026/10/story-4470123?utm_source=share&utm_medium=link&ref=sfp-seed
2zRC,https://news.example.invalid/articles/2026/10/story-614520?utm_source=share&utm_medium=link&ref=sfp-seed
sUUk,https://news.example.invalid/articles/2026/10/story-6891940?utm_source=share&utm_medium=link&ref=sfp-seed
t0qU,https://news.example.invalid/articles/2026/10/story-6913180?utm_source=share&utm_medium=link&ref=sfp-seed
8nGB,https://news.example.invalid/articles/2026/10/story-1997677?utm_source=share&utm_medium=link&ref=sfp-seed
mnuP,https://news.example.invalid/articles/2026/10/story-5333539?utm_source=share&utm_medium=link&ref=sfp-seed
r9ns,https://news.example.invalid/articles/2026/10/story-6470906?utm_source=share&utm_medium=link&ref=sfp-seed
aAKY,https://news.example.invalid/articles/2026/10/story-2524576?utm_source=share&utm_medium=link&ref=sfp-seed
aMIj,https://news.example.invalid/articles/2026/10/story-2570539?utm_source=share&utm_medium=link&ref=sfp-seed
FwbI,https://news.example.invalid/articles/2026/10/story-9895182?utm_source=share&utm_medium=link&ref=sfp-seed
FzHn,https://news.example.invalid/articles/2026/10/story-9908677?utm_source=share&utm_medium=link&ref=sfp-seed
E9hB,https://news.example.invalid/articles/2026/10/story-9568807?utm_source=share&utm_medium=link&ref=sfp-seed
t3Lu,https://news.example.invalid/articles/2026/10/story-6925988?utm_source=share&utm_medium=link&ref=sfp-seed
6bhX,https://news.example.invalid/articles/2026/10/story-1473365?utm_source=share&utm_medium=link&ref=sfp-seed
uMuo,https://news.example.invalid/articles/2026/10/story-7336236?utm_source=share&utm_medium=link&ref=sfp-seed
aJOn,https://news.example.invalid/articles/2026/10/story-2559383?utm_source=share&utm_medium=link&ref=sfp-seed
jHzT,https://news.example.invalid/articles/2026/10/story-4695749?utm_source=share&utm_medium=link&ref=sfp-seed
okpK,https://news.example.invalid/articles/2026/10/story-5798348?utm_source=share&utm_medium=link&ref=sfp-seed
brCx,https://news.example.invalid/articles/2026/10/story-2727785?utm_source=share&utm_medium=link&ref=sfp-seed
6tPP,https://news.example.invalid/articles/2026/10/story-1544657?utm_source=share&utm_medium=link&ref=sfp-seed
hxdW,https://news.example.invalid/articles/2026/10/story-4179292?utm_source=share&utm_medium=link&ref=sfp-seed
r74Q,https://news.example.invalid/articles/2026/10/story-6462064?utm_source=share&utm_medium=link&ref=sfp-seed
6M1f,https://news.example.invalid/articles/2026/10/story-1614557?utm_source=share&utm_medium=link&ref=sfp-seed
8kxp,https://news.example.invalid/articles/2026/10/story-1985575?utm_source=share&utm_medium=link&ref=sfp-seed
Fdnp,https://news.example.invalid/articles/2026/10/story-9822871?utm_source=share&utm_medium=link&ref=sfp-seed
F5wa,https://news.example.invalid/articles/2026/10/story-9792662?utm_source=share&utm_medium=link&ref=sfp-seed
tukv,https://news.example.invalid/articles/2026/10/story-7028103?utm_source=share&utm_medium=link&ref=sfp-seed
58au,https://news.example.invalid/articles/2026/10/story-1223042?utm_source=share&utm_medium=link&ref=sfp-seed
g0qy,https://news.example.invalid/articles/2026/10/story-3814894?utm_source=share&utm_medium=link&ref=sfp-seed
E8sZ,https://news.example.invalid/articles/2026/10/story-9565669?utm_source=share&utm_medium=link&ref=sfp-seed
wbdi,https://news.example.invalid/articles/2026/10/story-7669604?utm_source=share&utm_medium=link&ref=sfp-seed
nntU,https://news.example.invalid/articles/2026/10/story-5571810?utm_source=share&utm_medium=link&ref=sfp-seed
id76,https://news.example.invalid/articles/2026/10/story-4340316?utm_source=share&utm_medium=link&ref=sfp-seed
eobh,https://news.example.invalid/articles/2026/10/story-3429547?utm_source=share&utm_medium=link&ref=sfp-seed
gBnX,https://news.example.invalid/articles/2026/10/story-3956961?utm_source=share&utm_medium=link&ref=sfp-seed
1yXE,https://news.example.invalid/articles/2026/10/story-372722?utm_source=share&utm_medium=link&ref=sfp-seed
oiOn,https://news.example.invalid/articles/2026/10/story-5792187?utm_source=share&utm_medium=link&ref=sfp-seed
wwsp,https://news.example.invalid/articles/2026/10/story-7751265?utm_source=share&utm_medium=link&ref=sfp-seed
ekjX,https://news.example.invalid/articles/2026/10/story-3414709?utm_source=share&utm_medium=link&ref=sfp-seed
7KKK,https://news.example.invalid/articles/2026/10/story-1848018?utm_source=share&utm_medium=link&ref=sfp-seed
MAc,https://news.example.invalid/articles/2026/10/story-186756?utm_source=share&utm_medium=link&ref=sfp-seed
wj6D,https://news.example.invalid/articles/2026/10/story-7699943?utm_source=share&utm_medium=link&ref=sfp-seed
hUIq,https://news.example.invalid/articles/2026/10/story-4269594?utm_source=share&utm_medium=link&ref=sfp-seed
AYvQ,https://news.example.invalid/articles/2026/10/story-8812422?utm_source=share&utm_medium=link&ref=sfp-seed
jmtt,https://news.example.invalid/articles/2026/10/story-4614627?utm_source=share&utm_medium=link&ref=sfp-seed
thFH,https://news.example.invalid/articles/2026/10/story-6979445?utm_source=share&utm_medium=link&ref=sfp-seed
5ouw,https://news.example.invalid/articles/2026/10/story-1285788?utm_source=share&utm_medium=link&ref=sfp-seed
2XQq,https://news.example.invalid/articles/2026/10/story-706702?utm_source=share&utm_medium=link&ref=sfp-seed
gbSE,https://news.example.invalid/articles/2026/10/story-3858920?utm_source=share&utm_medium=link&ref=sfp-seed
6VzM,https://news.example.invalid/articles/2026/10/story-1651294?utm_source=share&utm_medium=link&ref=sfp-seed
xWLb,https://news.example.invalid/articles/2026/10/story-8090701?utm_source=share&utm_medium=link&ref=sfp-seed
nccO,https://news.example.invalid/articles/2026/10/story-5528466?utm_source=share&utm_medium=link&ref=sfp-seed
AlGi,https://news.example.invalid/articles/2026/10/story-8663154?utm_source=share&utm_medium=link&ref=sfp-seed
EnOu,https://news.example.invalid/articles/2026/10/story-9624662?utm_source=share&utm_medium=link&ref=sfp-seed
cSs0,https://news.example.invalid/articles/2026/10/story-3069248?utm_source=share&utm_medium=link&ref=sfp-seed
mZZK,https://news.example.invalid/articles/2026/10/story-5481528?utm_source=share&utm_medium=link&ref=sfp-seed
nhNp,https://news.example.invalid/articles/2026/10/story-5549955?utm_source=share&utm_medium=link&ref=sfp-seed
dEkp,https://news.example.invalid/articles/2026/10/story-3253289?utm_source=share&utm_medium=link&ref=sfp-seed
8tFT,https://news.example.invalid/articles/2026/10/story-2020697?utm_source=share&utm_medium=link&ref=sfp-seed
2H5q,https://news.example.invalid/articles/2026/10/story-642284?utm_source=share&utm_medium=link&ref=sfp-seed
jwQD,https://news.example.invalid/articles/2026/10/story-4654503?utm_source=share&utm_medium=link&ref=sfp-seed
qDwN,https://news.example.invalid/articles/2026/10/story-6348477?utm_source=share&utm_medium=link&ref=sfp-seed
tpdW,https://news.example.invalid/articles/2026/10/story-7008476?utm_source=share&utm_medium=link&ref=sfp-seed
5tQ0,https://news.example.invalid/articles/2026/10/story-1306340?utm_source=share&utm_medium=link&ref=sfp-seed
u4FH,https://news.example.invalid/articles/2026/10/story-7167801?utm_source=share&utm_medium=link&ref=sfp-seed
aN4g,https://news.example.invalid/articles/2026/10/story-2571900?utm_source=share&utm_medium=link&ref=sfp-seed
d61,https://news.example.invalid/articles/2026/10/story-50345?utm_source=share&utm_medium=link&ref=sfp-seed
qC0J,https://news.example.invalid/articles/2026/10/story-6342645?utm_source=share&utm_medium=link&ref=sfp-seed
hwio,https://news.example.invalid/articles/2026/10/story-4175724?utm_source=share&utm_medium=link&ref=sfp-seed
kNC7,https://news.example.invalid/articles/2026/10/story-4957279?utm_source=share&utm_medium=link&ref=sfp-seed
kDR4,https://news.example.invalid/articles/2026/10/story-4919766?utm_source=share&utm_medium=link&ref=sfp-seed
zPo0,https://news.example.invalid/articles/2026/10/story-8539012?utm_source=share&utm_medium=link&ref=sfp-seed
az6p,https://news.example.invalid/articles/2026/10/story-2518217?utm_source=share&utm_medium=link&ref=sfp-seed
2GCX,https://news.example.invalid/articles/2026/10/story-640519?utm_source=share&utm_medium=link&ref=sfp-seed
dw3O,https://news.example.invalid/articles/2026/10/story-3221508?utm_source=share&utm_medium=link&ref=sfp-seed
A8E9,https://news.example.invalid/articles/2026/10/story-8613049?utm_source=share&utm_medium=link&ref=sfp-seed
hR6P,https://news.example.invalid/articles/2026/10/story-4255731?utm_source=share&utm_medium=link&ref=sfp-seed
qVwc,https://news.example.invalid/articles/2026/10/story-6417632?utm_source=share&utm_medium=link&ref=sfp-seed
ART3,https://news.example.invalid/articles/2026/10/story-8786953?utm_source=share&utm_medium=link&ref=sfp-seed
kYXP,https://news.example.invalid/articles/2026/10/story-5000909?utm_source=share&utm_medium=link&ref=sfp-seed
E5lj,https://news.example.invalid/articles/2026/10/story-9553661?utm_source=share&utm_medium=link&ref=sfp-seed
nMuX,https://news.example.invalid/articles/2026/10/story-5667975?utm_source=share&utm_medium=link&ref=sfp-seed
wncv,https://news.example.invalid/articles/2026/10/story-7715683?utm_source=share&utm_medium=link&ref=sfp-seed
ju2P,https://news.example.invalid/articles/2026/10/story-4643727?utm_source=share&utm_medium=link&ref=sfp-seed
ir15,https://news.example.invalid/articles/2026/10/story-4393759?utm_source=share&utm_medium=link&ref=sfp-seed
4ZxJ,https://news.example.invalid/articles/2026/10/story-1189887?utm_source=share&utm_medium=link&ref=sfp-seed
objA,https://news.example.invalid/articles/2026/10/story-5763370?utm_source=share&utm_medium=link&ref=sfp-seed
BcxH,https://news.example.invalid/articles/2026/10/story-8866353?utm_source=share&utm_medium=link&ref=sfp-seed
ai0I,https://news.example.invalid/articles/2026/10/story-2452516?utm_source=share&utm_medium=link&ref=sfp-seed
qcGW,https://news.example.invalid/articles/2026/10/story-6245318?utm_source=share&utm_medium=link&ref=sfp-seed
iva3,https://news.example.invalid/articles/2026/10/story-4409691?utm_source=share&utm_medium=link&ref=sfp-seed
Bf7R,https://news.example.invalid/articles/2026/10/story-8876283?utm_source=share&utm_medium=link&ref=sfp-seed
9XrT,https://news.example.invalid/articles/2026/10/story-2373477?utm_source=share&utm_medium=link&ref=sfp-seed
Bqk3,https://news.example.invalid/articles/2026/10/story-8919323?utm_source=share&utm_medium=link&ref=sfp-seed
8PDB,https://news.example.invalid/articles/2026/10/story-2105123?utm_source=share&utm_medium=link&ref=sfp-seed
eiWN,https://news.example.invalid/articles/2026/10/story-3409429?utm_source=share&utm_medium=link&ref=sfp-seed
9P5Z,https://news.example.invalid/articles/2026/10/story-2341367?utm_source=share&utm_medium=link&ref=sfp-seed
mRun,https://news.example.invalid/articles/2026/10/story-5448831?utm_source=share&utm_medium=link&ref=sfp-seed
sb9a,https://news.example.invalid/articles/2026/10/story-6716036?utm_source=share&utm_medium=link&ref=sfp-seed
cnn5,https://news.example.invalid/articles/2026/10/story-2949779?utm_source=share&utm_medium=link&ref=sfp-seed
l54K,https://news.example.invalid/articles/2026/10/story-5024402?utm_source=share&utm_medium=link&ref=sfp-seed
5tXB,https://news.example.invalid/articles/2026/10/story-1306811?utm_source=share&utm_medium=link&ref=sfp-seed
nmO5,https://news.example.invalid/articles/2026/10/story-5569217?utm_source=share&utm_medium=link&ref=sfp-seed
pLSA,https://news.example.invalid/articles/2026/10/story-6142252?utm_source=share&utm_medium=link&ref=sfp-seed
nj3M,https://news.example.invalid/articles/2026/10/story-5554814?utm_source=share&utm_medium=link&ref=sfp-seed
bFIE,https://news.example.invalid/articles/2026/10/story-2781980?utm_source=share&utm_medium=link&ref=sfp-seed
A217,https://news.example.invalid/articles/2026/10/story-8587565?utm_source=share&utm_medium=link&ref=sfp-seed
bSOu,https://news.example.invalid/articles/2026/10/story-2832314?utm_source=share&utm_medium=link&ref=sfp-seed
tTxl,https://news.example.invalid/articles/2026/10/story-7124999?utm_source=share&utm_medium=link&ref=sfp-seed
DCEb,https://news.example.invalid/articles/2026/10/story-9443355?utm_source=share&utm_medium=link&ref=sfp-seed
BJfO,https://news.example.invalid/articles/2026/10/story-8992096?utm_source=share&utm_medium=link&ref=sfp-seed
s76m,https://news.example.invalid/articles/2026/10/story-6700486?utm_source=share&utm_medium=link&ref=sfp-seed
EYJz,https://news.example.invalid/articles/2026/10/story-9766585?utm_source=share&utm_medium=link&ref=sfp-seed
d8ry,https://news.example.invalid/articles/2026/10/story-3130724?utm_source=share&utm_medium=link&ref=sfp-seed
60Et,https://news.example.invalid/articles/2026/10/story-1432477?utm_source=share&utm_medium=link&ref=sfp-seed
1Cwr,https://news.example.invalid/articles/2026/10/story-386411?utm_source=share&utm_medium=link&ref=sfp-seed
qzTq,https://news.example.invalid/articles/2026/10/story-6334504?utm_source=share&utm_medium=link&ref=sfp-seed
zHDd,https://news.example.invalid/articles/2026/10/story-8509203?utm_source=share&utm_medium=link&ref=sfp-seed
EbCP,https://news.example.invalid/articles/2026/10/story-9577811?utm_source=share&utm_medium=link&ref=sfp-seed
BZ4V,https://news.example.invalid/articles/2026/10/story-9052925?utm_source=share&utm_medium=link&ref=sfp-seed
xrwD,https://news.example.invalid/articles/2026/10/story-7970635?utm_source=share&utm_medium=link&ref=sfp-seed
Aotn,https://news.example.invalid/articles/2026/10/story-8673885?utm_source=share&utm_medium=link&ref=sfp-seed
seYv,https://news.example.invalid/articles/2026/10/story-6730751?utm_source=share&utm_medium=link&ref=sfp-seed
9CWI,https://news.example.invalid/articles/2026/10/story-2294664?utm_source=share&utm_medium=link&ref=sfp-seed
ymcl,https://news.example.invalid/articles/2026/10/story-8188485?utm_source=share&utm_medium=link&ref=sfp-seed
AnLn,https://news.example.invalid/articles/2026/10/story-8671157?utm_source=share&utm_medium=link&ref=sfp-seed
2KAD,https://news.example.invalid/articles/2026/10/story-655751?utm_source=share&utm_medium=link&ref=sfp-seed
kWWC,https://news.example.invalid/articles/2026/10/story-4993146?utm_source=share&utm_medium=link&ref=sfp-seed
aye3,https://news.example.invalid/articles/2026/10/story-2514847?utm_source=share&utm_medium=link&ref=sfp-seed
fc2K,https://news.example.invalid/articles/2026/10/story-3621218?utm_source=share&utm_medium=link&ref=sfp-seed
vexY,https://news.example.invalid/articles/2026/10/story-7444090?utm_source=share&utm_medium=link&ref=sfp-seed
zBpt,https://news.example.invalid/articles/2026/10/story-8485287?utm_source=share&utm_medium=link&ref=sfp-seed
hHrW,https://news.example.invalid/articles/2026/10/story-4218600?utm_source=share&utm_medium=link&ref=sfp-seed
nX42,https://news.example.invalid/articles/2026/10/story-5708590?utm_source=share&utm_medium=link&ref=sfp-seed
20M6,https://news.example.invalid/articles/2026/10/story-479638?utm_source=share&utm_medium=link&ref=sfp-seed
7bJU,https://news.example.invalid/articles/2026/10/story-1713426?utm_source=share&utm_medium=link&ref=sfp-seed
lUsn,https://news.example.invalid/articles/2026/10/story-5221911?utm_source=share&utm_medium=link&ref=sfp-seed
wwXZ,https://news.example.invalid/articles/2026/10/story-7753223?utm_source=share&utm_medium=link&ref=sfp-seed
9lEj,https://news.example.invalid/articles/2026/10/story-2228175?utm_source=share&utm_medium=link&ref=sfp-seed
FkO9,https://news.example.invalid/articles/2026/10/story-9851437?utm_source=share&utm_medium=link&ref=sfp-seed
jfVy,https://news.example.invalid/articles/2026/10/story-4589460?utm_source=share&utm_medium=link&ref=sfp-seed
4AGJ,https://news.example.invalid/articles/2026/10/story-1094345?utm_source=share&utm_medium=link&ref=sfp-seed
CfgZ,https://news.example.invalid/articles/2026/10/story-9115177?utm_source=share&utm_medium=link&ref=sfp-seed
DKS,https://news.example.invalid/articles/2026/10/story-152822?utm_source=share&utm_medium=link&ref=sfp-seed
rJCe,https://news.example.invalid/articles/2026/10/story-6610206?utm_source=share&utm_medium=link&ref=sfp-seed
zl0Z,https://news.example.invalid/articles/2026/10/story-8422265?utm_source=share&utm_medium=link&ref=sfp-seed
6URG,https://news.example.invalid/articles/2026/10/story-1648560?utm_source=share&utm_medium=link&ref=sfp-seed
qC66,https://news.example.invalid/articles/2026/10/story-6342978?utm_source=share&utm_medium=link&ref=sfp-seed
v3kE,https://news.example.invalid/articles/2026/10/story-7400980?utm_source=share&utm_medium=link&ref=sfp-seed
dFct,https://news.example.invalid/articles/2026/10/story-3256641?utm_source=share&utm_medium=link&ref=sfp-seed
1xL2,https://news.example.invalid/articles/2026/10/story-368096?utm_source=share&utm_medium=link&ref=sfp-seed
sxnP,https://news.example.invalid/articles/2026/10/story-6801513?utm_source=share&utm_medium=link&ref=sfp-seed
yFM,https://news.example.invalid/articles/2026/10/story-133286?utm_source=share&utm_medium=link&ref=sfp-seed
pol8,https://news.example.invalid/articles/2026/10/story-6051766?utm_source=share&utm_medium=link&ref=sfp-seed
DRm9,https://news.example.invalid/articles/2026/10/story-9499897?utm_source=share&utm_medium=link&ref=sfp-seed
otzO,https://news.example.invalid/articles/2026/10/story-5833568?utm_source=share&utm_medium=link&ref=sfp-seed
lLHi,https://news.example.invalid/articles/2026/10/story-5188240?utm_source=share&utm_medium=link&ref=sfp-seed
xhLG,https://news.example.invalid/articles/2026/10/story-7933128?utm_source=share&utm_medium=link&ref=sfp-seed
d5Lr,https://news.example.invalid/articles/2026/10/story-3120425?utm_source=share&utm_medium=link&ref=sfp-seed
yhMx,https://news.example.invalid/articles/2026/10/story-8171509?utm_source=share&utm_medium=link&ref=sfp-seed
4Rok,https://news.example.invalid/articles/2026/10/story-1158552?utm_source=share&utm_medium=link&ref=sfp-seed
xTAn,https://news.example.invalid/articles/2026/10/story-8078499?utm_source=share&utm_medium=link&ref=sfp-seed
fra7,https://news.example.invalid/articles/2026/10/story-3679335?utm_source=share&utm_medium=link&ref=sfp-seed
C4Hh,https://news.example.invalid/articles/2026/10/story-9074523?utm_source=share&utm_medium=link&ref=sfp-seed
uZLO,https://news.example.invalid/articles/2026/10/story-7387288?utm_source=share&utm_medium=link&ref=sfp-seed
uPed,https://news.example.invalid/articles/2026/10/story-7346765?utm_source=share&utm_medium=link&ref=sfp-seed
nqBG,https://news.example.invalid/articles/2026/10/story-5583824?utm_source=share&utm_medium=link&ref=sfp-seed
mQfe,https://news.example.invalid/articles/2026/10/story-5444048?utm_source=share&utm_medium=link&ref=sfp-seed
uacO,https://news.example.invalid/articles/2026/10/story-7189074?utm_source=share&utm_medium=link&ref=sfp-seed
1aGL,https://news.example.invalid/articles/2026/10/story-279419?utm_source=share&utm_medium=link&ref=sfp-seed
bxRb,https://news.example.invalid/articles/2026/10/story-2751757?utm_source=share&utm_medium=link&ref=sfp-seed
2JxU,https://news.example.invalid/articles/2026/10/story-651738?utm_source=share&utm_medium=link&ref=sfp-seed
zxqA,https://news.example.invalid/articles/2026/10/story-8469980?utm_source=share&utm_medium=link&ref=sfp-seed
iRtJ,https://news.example.invalid/articles/2026/10/story-4495479?utm_source=share&utm_medium=link&ref=sfp-seed
e4jO,https://news.example.invalid/articles/2026/10/story-3353196?utm_source=share&utm_medium=link&ref=sfp-seed
so9w,https://news.example.invalid/articles/2026/10/story-6766030?utm_source=share&utm_medium=link&ref=sfp-seed
cBmU,https://news.example.invalid/articles/2026/10/story-3003584?utm_source=share&utm_medium=link&ref=sfp-seed
6Dwb,https://news.example.invalid/articles/2026/10/story-1581879?utm_source=share&utm_medium=link&ref=sfp-seed
66kD,https://news.example.invalid/articles/2026/10/story-1454311?utm_source=share&utm_medium=link&ref=sfp-seed
rld6,https://news.example.invalid/articles/2026/10/story-6516392?utm_source=share&utm_medium=link&ref=sfp-seed
z9g6,https://news.example.invalid/articles/2026/10/story-8377074?utm_source=share&utm_medium=link&ref=sfp-seed
ayPz,https://news.example.invalid/articles/2026/10/story-2517173?utm_source=share&utm_medium=link&ref=sfp-seed
31oo,https://news.example.invalid/articles/2026/10/story-720340?utm_source=share&utm_medium=link&ref=sfp-seed
fot4,https://news.example.invalid/articles/2026/10/story-3668978?utm_source=share&utm_medium=link&ref=sfp-seed
nkDv,https://news.example.invalid/articles/2026/10/story-5560873?utm_source=share&utm_medium=link&ref=sfp-seed
kwca,https://news.example.invalid/articles/2026/10/story-4890322?utm_source=share&utm_medium=link&ref=sfp-seed
vcBI,https://news.example.invalid/articles/2026/10/story-7436634?utm_source=share&utm_medium=link&ref=sfp-seed
fAHh,https://news.example.invalid/articles/2026/10/story-3715987?utm_source=share&utm_medium=link&ref=sfp-seed
FER,https://news.example.invalid/articles/2026/10/story-160137?utm_source=share&utm_medium=link&ref=sfp-seed
ojKO,https://news.example.invalid/articles/2026/10/story-5795810?utm_source=share&utm_medium=link&ref=sfp-seed
pBus,https://news.example.invalid/articles/2026/10/story-6102316?utm_source=share&utm_medium=link&ref=sfp-seed
D4JQ,https://news.example.invalid/articles/2026/10/story-9313010?utm_source=share&utm_medium=link&ref=sfp-seed
8fCc,https://news.example.invalid/articles/2026/10/story-1966652?utm_source=share&utm_medium=link&ref=sfp-seed
2KZf,https://news.example.invalid/articles/2026/10/story-657277?utm_source=share&utm_medium=link&ref=sfp-seed
9JqH,https://news.example.invalid/articles/2026/10/story-2319587?utm_source=share&utm_medium=link&ref=sfp-seed
ulVR,https://news.example.invalid/articles/2026/10/story-7234151?utm_source=share&utm_medium=link&ref=sfp-seed
u7RX,https://news.example.invalid/articles/2026/10/story-7180093?utm_source=share&utm_medium=link&ref=sfp-seed
aSEQ,https://news.example.invalid/articles/2026/10/story-2593388?utm_source=share&utm_medium=link&ref=sfp-seed
4k9E,https://news.example.invalid/articles/2026/10/story-1030790?utm_source=share&utm_medium=link&ref=sfp-seed
5wJg,https://news.example.invalid/articles/2026/10/story-1317454?utm_source=share&utm_medium=link&ref=sfp-seed
k5GH,https://news.example.invalid/articles/2026/10/story-4788427?utm_source=share&utm_medium=link&ref=sfp-seed
sMly,https://news.example.invalid/articles/2026/10/story-6859032?utm_source=share&utm_medium=link&ref=sfp-seed
qIaA,https://news.example.invalid/articles/2026/10/story-6366320?utm_source=share&utm_medium=link&ref=sfp-seed
rjjM,https://news.example.invalid/articles/2026/10/story-6509118?utm_source=share&utm_medium=link&ref=sfp-seed
AVdJ,https://news.example.invalid/articles/2026/10/story-8799767?utm_source=share&utm_medium=link&ref=sfp-seed
2Kc2,https://news.example.invalid/articles/2026/10/story-654226?utm_source=share&utm_medium=link&ref=sfp-seed
Ffa6,https://news.example.invalid/articles/2026/10/story-9829734?utm_source=share&utm_medium=link&ref=sfp-seed
92jF,https://news.example.invalid/articles/2026/10/story-2153859?utm_source=share&utm_medium=link&ref=sfp-seed
m42U,https://news.example.invalid/articles/2026/10/story-5258772?utm_source=share&utm_medium=link&ref=sfp-seed
CZJT,https://news.example.invalid/articles/2026/10/story-9293793?utm_source=share&utm_medium=link&ref=sfp-seed
wqtR,https://news.example.invalid/articles/2026/10/story-7728291?utm_source=share&utm_medium=link&ref=sfp-seed
eTFS,https://news.example.invalid/articles/2026/10/story-3550608?utm_source=share&utm_medium=link&ref=sfp-seed
fkVV,https://news.example.invalid/articles/2026/10/story-3655391?utm_source=share&utm_medium=link&ref=sfp-seed
xLx2,https://news.example.invalid/articles/2026/10/story-8047540?utm_source=share&utm_medium=link&ref=sfp-seed
dr5U,https://news.example.invalid/articles/2026/10/story-3202418?utm_source=share&utm_medium=link&ref=sfp-seed
q4il,https://news.example.invalid/articles/2026/10/story-6213041?utm_source=share&utm_medium=link&ref=sfp-seed
zDwK,https://news.example.invalid/articles/2026/10/story-8493426?utm_source=share&utm_medium=link&ref=sfp-seed
8gqV,https://news.example.invalid/articles/2026/10/story-1969797?utm_source=share&utm_medium=link&ref=sfp-seed
tWDL,https://news.example.invalid/articles/2026/10/story-7136929?utm_source=share&utm_medium=link&ref=sfp-seed
FpNp,https://news.example.invalid/articles/2026/10/story-9870611?utm_source=share&utm_medium=link&ref=sfp-seed
7AQx,https://news.example.invalid/articles/2026/10/story-1809937?utm_source=share&utm_medium=link&ref=sfp-seed
iX0E,https://news.example.invalid/articles/2026/10/story-4516740?utm_source=share&utm_medium=link&ref=sfp-seed
xroQ,https://news.example.invalid/articles/2026/10/story-7970152?utm_source=share&utm_medium=link&ref=sfp-seed
kV4D,https://news.example.invalid/articles/2026/10/story-4985955?utm_source=share&utm_medium=link&ref=sfp-seed
8pMr,https://news.example.invalid/articles/2026/10/story-2005727?utm_source=share&utm_medium=link&ref=sfp-seed
