code,url
FXsl,https://made.example.invalid/e03-06/3-0?utm_source=share&ref=f83yfzev
FXsm,https://made.example.invalid/e03-06/7-1?utm_source=share&ref=vqiovzss
FXsn,https://made.example.invalid/e03-06/6-2?utm_source=share&ref=3r7hnb58
FXso,https://made.example.invalid/e03-06/5-3?utm_source=share&ref=wqf48391
FXsp,https://made.example.invalid/e03-06/9-4?utm_source=share&ref=6vid4jto
FXsq,https://made.example.invalid/e03-06/3-5?utm_source=share&ref=a6ltagwh
FXsr,https://made.example.invalid/e03-06/7-6?utm_source=share&ref=tbjh50om
FXss,https://made.example.invalid/e03-06/6-7?utm_source=share&ref=of56n0s1
FXst,https://made.example.invalid/e03-06/5-8?utm_source=share&ref=wuidm32s
FXsu,https://made.example.invalid/e03-06/9-9?utm_source=share&ref=mv1cijuf
FXsv,https://made.example.invalid/e03-06/3-10?utm_source=share&ref=41nsr0ov
FXsw,https://made.example.invalid/e03-06/7-11?utm_source=share&ref=isachmzl
FXsx,https://made.example.invalid/e03-06/6-12?utm_source=share&ref=si4c8kr6
FXsy,https://made.example.invalid/e03-06/5-13?utm_source=share&ref=bkdd7b79
FXsz,https://made.example.invalid/e03-06/9-14?utm_source=share&ref=q1k3nbv7
FXsA,https://made.example.invalid/e03-06/3-15?utm_source=share&ref=ywvxu2v0
FXsB,https://made.example.invalid/e03-06/7-16?utm_source=share&ref=x9lvod1q
FXsC,https://made.example.invalid/e03-06/6-17?utm_source=share&ref=ee09looh
FXsD,https://made.example.invalid/e03-06/5-18?utm_source=share&ref=amiw8i7c
FXsE,https://made.example.invalid/e03-06/9-19?utm_source=share&ref=n28lvxc4
FXsF,https://made.example.invalid/e03-06/3-20?utm_source=share&ref=72fjfcqs
FXsG,https://made.example.invalid/e03-06/7-21?utm_source=share&ref=3re4nn07
FXsH,https://made.example.invalid/e03-06/6-22?utm_source=share&ref=om2zonqz
FXsI,https://made.example.invalid/e03-06/5-23?utm_source=share&ref=8i1xzzw3
FXsJ,https://made.example.invalid/e03-06/9-24?utm_source=share&ref=tttlx2bg
FXsK,https://made.example.invalid/e03-06/3-25?utm_source=share&ref=mrg152ah
FXsL,https://made.example.invalid/e03-06/7-26?utm_source=share&ref=qx8n4ekb
FXsM,https://made.example.invalid/e03-06/6-27?utm_source=share&ref=yvr8sd87
FXsN,https://made.example.invalid/e03-06/5-28?utm_source=share&ref=0arkzugb
FXsO,https://made.example.invalid/e03-06/9-29?utm_source=share&ref=rmc3m67p
FXsP,https://made.example.invalid/e03-06/3-30?utm_source=share&ref=ii5d2glr
FXsQ,https://made.example.invalid/e03-06/7-31?utm_source=share&ref=6ed9k9s3
FXsR,https://made.example.invalid/e03-06/6-32?utm_source=share&ref=ggpupdzb
FXsS,https://made.example.invalid/e03-06/5-33?utm_source=share&ref=kujlkbe3
FXsT,https://made.example.invalid/e03-06/9-34?utm_source=share&ref=m74cv4zm
FXsU,https://made.example.invalid/e03-06/3-35?utm_source=share&ref=3pnyc6s6
FXsV,https://made.example.invalid/e03-06/7-36?utm_source=share&ref=znppdtva
FXsW,https://made.example.invalid/e03-06/6-37?utm_source=share&ref=gjqqphli
FXsX,https://made.example.invalid/e03-06/9-39?utm_source=share&ref=8vsl80hq
FXsY,https://made.example.invalid/e03-06/3-40?utm_source=share&ref=363d2r2n
FXsZ,https://made.example.invalid/e03-06/7-41?utm_source=share&ref=z8bj3fpr
FXt0,https://made.example.invalid/e03-06/6-42?utm_source=share&ref=uqnt0vxn
FXt1,https://made.example.invalid/e03-06/5-43?utm_source=share&ref=lin8nyrf
FXt2,https://made.example.invalid/e03-06/9-44?utm_source=share&ref=u77tl4zx
FXt3,https://made.example.invalid/e03-06/3-45?utm_source=share&ref=c0e6vae6
FXt4,https://made.example.invalid/e03-06/7-46?utm_source=share&ref=q7qzrrvr
FXt5,https://made.example.invalid/e03-06/6-47?utm_source=share&ref=08615mm6
FXt6,https://made.example.invalid/e03-06/5-48?utm_source=share&ref=hgbqd6ci
FXt7,https://made.example.invalid/e03-06/9-49?utm_source=share&ref=sw2u5bbl
FXt8,https://made.example.invalid/e03-06/3-50?utm_source=share&ref=i2yzo9w5
FXt9,https://made.example.invalid/e03-06/7-51?utm_source=share&ref=tsstloub
FXta,https://made.example.invalid/e03-06/6-52?utm_source=share&ref=pjuiv93d
FXtb,https://made.example.invalid/e03-06/5-53?utm_source=share&ref=fbz3ghjj
FXtc,https://made.example.invalid/e03-06/9-54?utm_source=share&ref=t2ufab1h
FXtd,https://made.example.invalid/e03-06/3-55?utm_source=share&ref=j41k7sjv
FXte,https://made.example.invalid/e03-06/7-56?utm_source=share&ref=e9pyr8l2
FXtf,https://made.example.invalid/e03-06/6-57?utm_source=share&ref=o2yorg8l
FXtg,https://made.example.invalid/e03-06/5-58?utm_source=share&ref=gn944m7k
FXth,https://made.example.invalid/e03-06/9-59?utm_source=share&ref=2xdwyfc1
FXti,https://made.example.invalid/e03-06/3-60?utm_source=share&ref=tkixwdom
FXtj,https://made.example.invalid/e03-06/7-61?utm_source=share&ref=42f34811
FXtk,https://made.example.invalid/e03-06/6-62?utm_source=share&ref=p9wlynuq
FXtl,https://made.example.invalid/e03-06/5-63?utm_source=share&ref=gls2ii9k
FXtm,https://made.example.invalid/e03-06/9-64?utm_source=share&ref=ep5wb2mi
FXtn,https://made.example.invalid/e03-06/3-65?utm_source=share&ref=hn7fx01e
FXto,https://made.example.invalid/e03-06/7-66?utm_source=share&ref=v5v53fyx
FXtp,https://made.example.invalid/e03-06/6-67?utm_source=share&ref=l09r9kyp
FXtq,https://made.example.invalid/e03-06/5-68?utm_source=share&ref=p08h0ctw
FXtr,https://made.example.invalid/e03-06/9-69?utm_source=share&ref=jrqhfgqa
FXts,https://made.example.invalid/e03-06/3-70?utm_source=share&ref=uiiz53x1
FXtt,https://made.example.invalid/e03-06/7-71?utm_source=share&ref=qcp95n2i
FXtu,https://made.example.invalid/e03-06/6-72?utm_source=share&ref=cb43a02c
FXtv,https://made.example.invalid/e03-06/5-73?utm_source=share&ref=k85qp8z3
FXtw,https://made.example.invalid/e03-06/9-74?utm_source=share&ref=cwamf3yy
FXtx,https://made.example.invalid/e03-06/3-75?utm_source=share&ref=yrs9lj55
FXty,https://made.example.invalid/e03-06/7-76?utm_source=share&ref=n3qu5w7m
FXtz,https://made.example.invalid/e03-06/6-77?utm_source=share&ref=4ha0fwjs
FXtA,https://made.example.invalid/e03-06/5-78?utm_source=share&ref=qkjv0cdx
FXtB,https://made.example.invalid/e03-06/9-79?utm_source=share&ref=fjatk1qu
FXtC,https://made.example.invalid/e03-06/3-80?utm_source=share&ref=jhqosk9f
FXtD,https://made.example.invalid/e03-06/7-81?utm_source=share&ref=mkvuwajm
FXtE,https://made.example.invalid/e03-06/6-82?utm_source=share&ref=rmm9lad6
FXtF,https://made.example.invalid/e03-06/5-83?utm_source=share&ref=o9efirxu
FXtG,https://made.example.invalid/e03-06/9-84?utm_source=share&ref=iahutdyp
FXtH,https://made.example.invalid/e03-06/3-85?utm_source=share&ref=jacsqk4s
FXtI,https://made.example.invalid/e03-06/7-86?utm_source=share&ref=ecfudufw
FXtJ,https://made.example.invalid/e03-06/6-87?utm_source=share&ref=u9jw6r7b
FXtK,https://made.example.invalid/e03-06/5-88?utm_source=share&ref=jlnv552n
FXtL,https://made.example.invalid/e03-06/9-89?utm_source=share&ref=6crxim2f
FXtM,https://made.example.invalid/e03-06/3-90?utm_source=share&ref=pigel7bp
FXtN,https://made.example.invalid/e03-06/7-91?utm_source=share&ref=3y5ows4r
FXtO,https://made.example.invalid/e03-06/6-92?utm_source=share&ref=tgjl3e9u
FXtP,https://made.example.invalid/e03-06/5-93?utm_source=share&ref=swc5roko
FXtQ,https://made.example.invalid/e03-06/9-94?utm_source=share&ref=qkrnaz3a
FXtR,https://made.example.invalid/e03-06/3-95?utm_source=share&ref=gvcxkl56
FXtS,https://made.example.invalid/e03-06/7-96?utm_source=share&ref=y5p63faw
FXtT,https://made.example.invalid/e03-06/6-97?utm_source=share&ref=xofa1vmr
FXtU,https://made.example.invalid/e03-06/5-98?utm_source=share&ref=e7bqdel6
FXtV,https://made.example.invalid/e03-06/9-99?utm_source=share&ref=8whwolxz
FXtW,https://made.example.invalid/e03-06/3-100?utm_source=share&ref=627gy80b
FXtX,https://made.example.invalid/e03-06/7-101?utm_source=share&ref=dejg6a1a
FXtY,https://made.example.invalid/e03-06/6-102?utm_source=share&ref=s1f16cvm
FXtZ,https://made.example.invalid/e03-06/5-103?utm_source=share&ref=0kdx07dy
FXu0,https://made.example.invalid/e03-06/9-104?utm_source=share&ref=1o7oyim9
FXu1,https://made.example.invalid/e03-06/3-105?utm_source=share&ref=tza4stbw
FXu2,https://made.example.invalid/e03-06/7-106?utm_source=share&ref=wfxtx2no
FXu3,https://made.example.invalid/e03-06/6-107?utm_source=share&ref=yucdm4hk
FXu4,https://made.example.invalid/e03-06/5-108?utm_source=share&ref=c1ypdf7x
FXu5,https://made.example.invalid/e03-06/9-109?utm_source=share&ref=wgvb4451
FXu6,https://made.example.invalid/e03-06/3-110?utm_source=share&ref=sw61rsl2
FXu7,https://made.example.invalid/e03-06/7-111?utm_source=share&ref=p06bhlpn
FXu8,https://made.example.invalid/e03-06/6-112?utm_source=share&ref=4gct8fim
FXu9,https://made.example.invalid/e03-06/5-113?utm_source=share&ref=ynhmca7i
FXua,https://made.example.invalid/e03-06/9-114?utm_source=share&ref=p4hj03b1
FXub,https://made.example.invalid/e03-06/3-115?utm_source=share&ref=e4u0nll7
FXuc,https://made.example.invalid/e03-06/7-116?utm_source=share&ref=yddv8kv9
FXud,https://made.example.invalid/e03-06/6-117?utm_source=share&ref=p5vbj3ur
FXue,https://made.example.invalid/e03-06/5-118?utm_source=share&ref=jym8pkbv
FXuf,https://made.example.invalid/e03-06/9-119?utm_source=share&ref=dcmvtbf3
FXug,https://made.example.invalid/e03-06/3-120?utm_source=share&ref=fdw4ltmm
e03-06-name-0,https://made.example.invalid/names/e03-06-name-0/contender-8
e03-06-name-1,https://made.example.invalid/names/e03-06-name-1/contender-0
FXuh,https://made.example.invalid/e03-06/7-121?utm_source=share&ref=xko6t9zu
e03-06-name-2,https://made.example.invalid/names/e03-06-name-2/contender-3
e03-06-name-3,https://made.example.invalid/names/e03-06-name-3/contender-0
FXui,https://made.example.invalid/e03-06/6-122?utm_source=share&ref=j10zb7ob
e03-06-name-4,https://made.example.invalid/names/e03-06-name-4/contender-1
FXuj,https://made.example.invalid/e03-06/5-123?utm_source=share&ref=yr0gm3ap
e03-06-name-5,https://made.example.invalid/names/e03-06-name-5/contender-16
e03-06-name-6,https://made.example.invalid/names/e03-06-name-6/contender-3
FXuk,https://made.example.invalid/e03-06/9-124?utm_source=share&ref=g6dbstqh
e03-06-name-7,https://made.example.invalid/names/e03-06-name-7/contender-3
e03-06-name-8,https://made.example.invalid/names/e03-06-name-8/contender-17
FXul,https://made.example.invalid/e03-06/3-125?utm_source=share&ref=qtpc4fc0
e03-06-name-9,https://made.example.invalid/names/e03-06-name-9/contender-5
FXum,https://made.example.invalid/e03-06/7-126?utm_source=share&ref=do1tsp52
e03-06-name-10,https://made.example.invalid/names/e03-06-name-10/contender-15
e03-06-name-11,https://made.example.invalid/names/e03-06-name-11/contender-12
FXun,https://made.example.invalid/e03-06/6-127?utm_source=share&ref=sjc808lw
e03-06-name-12,https://made.example.invalid/names/e03-06-name-12/contender-14
e03-06-name-13,https://made.example.invalid/names/e03-06-name-13/contender-22
FXuo,https://made.example.invalid/e03-06/5-128?utm_source=share&ref=xdu4ssk1
e03-06-name-14,https://made.example.invalid/names/e03-06-name-14/contender-17
FXup,https://made.example.invalid/e03-06/9-129?utm_source=share&ref=fhfvwn0q
e03-06-name-15,https://made.example.invalid/names/e03-06-name-15/contender-0
e03-06-name-16,https://made.example.invalid/names/e03-06-name-16/contender-3
FXuq,https://made.example.invalid/e03-06/3-130?utm_source=share&ref=uf4i0ta1
e03-06-name-17,https://made.example.invalid/names/e03-06-name-17/contender-0
e03-06-name-18,https://made.example.invalid/names/e03-06-name-18/contender-1
FXur,https://made.example.invalid/e03-06/7-131?utm_source=share&ref=06mlspd6
e03-06-name-19,https://made.example.invalid/names/e03-06-name-19/contender-16
FXus,https://made.example.invalid/e03-06/6-132?utm_source=share&ref=n6ampi9x
e03-06-name-20,https://made.example.invalid/names/e03-06-name-20/contender-7
e03-06-name-21,https://made.example.invalid/names/e03-06-name-21/contender-17
FXut,https://made.example.invalid/e03-06/5-133?utm_source=share&ref=7tyzu5n9
e03-06-name-22,https://made.example.invalid/names/e03-06-name-22/contender-3
e03-06-name-23,https://made.example.invalid/names/e03-06-name-23/contender-9
FXuu,https://made.example.invalid/e03-06/9-134?utm_source=share&ref=inu9ckgc
e03-06-name-24,https://made.example.invalid/names/e03-06-name-24/contender-11
FXuv,https://made.example.invalid/e03-06/3-135?utm_source=share&ref=f8yn5012
e03-06-name-25,https://made.example.invalid/names/e03-06-name-25/contender-0
e03-06-name-26,https://made.example.invalid/names/e03-06-name-26/contender-32
FXuw,https://made.example.invalid/e03-06/7-136?utm_source=share&ref=prhtiag8
e03-06-name-27,https://made.example.invalid/names/e03-06-name-27/contender-5
e03-06-name-28,https://made.example.invalid/names/e03-06-name-28/contender-1
FXux,https://made.example.invalid/e03-06/6-137?utm_source=share&ref=bbcom451
e03-06-name-29,https://made.example.invalid/names/e03-06-name-29/contender-2
FXuy,https://made.example.invalid/e03-06/5-138?utm_source=share&ref=e7c5ln11
e03-06-name-30,https://made.example.invalid/names/e03-06-name-30/contender-0
e03-06-name-31,https://made.example.invalid/names/e03-06-name-31/contender-20
FXuz,https://made.example.invalid/e03-06/9-139?utm_source=share&ref=73zynjj3
e03-06-name-32,https://made.example.invalid/names/e03-06-name-32/contender-12
e03-06-name-33,https://made.example.invalid/names/e03-06-name-33/contender-16
FXuA,https://made.example.invalid/e03-06/3-140?utm_source=share&ref=4rpibpes
e03-06-name-34,https://made.example.invalid/names/e03-06-name-34/contender-1
FXuB,https://made.example.invalid/e03-06/7-141?utm_source=share&ref=1ka40vx0
e03-06-name-35,https://made.example.invalid/names/e03-06-name-35/contender-2
e03-06-name-36,https://made.example.invalid/names/e03-06-name-36/contender-0
FXuC,https://made.example.invalid/e03-06/6-142?utm_source=share&ref=1pwi05xu
e03-06-name-37,https://made.example.invalid/names/e03-06-name-37/contender-2
e03-06-name-38,https://made.example.invalid/names/e03-06-name-38/contender-9
FXuD,https://made.example.invalid/e03-06/5-143?utm_source=share&ref=kuh45k6j
e03-06-name-39,https://made.example.invalid/names/e03-06-name-39/contender-1
FXuE,https://made.example.invalid/e03-06/9-144?utm_source=share&ref=aurizz7m
e03-06-name-40,https://made.example.invalid/names/e03-06-name-40/contender-1
e03-06-name-41,https://made.example.invalid/names/e03-06-name-41/contender-1
FXuF,https://made.example.invalid/e03-06/3-145?utm_source=share&ref=juhuu1yo
e03-06-name-42,https://made.example.invalid/names/e03-06-name-42/contender-1
e03-06-name-43,https://made.example.invalid/names/e03-06-name-43/contender-5
FXuG,https://made.example.invalid/e03-06/7-146?utm_source=share&ref=m6h25gy9
e03-06-name-44,https://made.example.invalid/names/e03-06-name-44/contender-2
FXuH,https://made.example.invalid/e03-06/6-147?utm_source=share&ref=dvs8lqn1
e03-06-name-45,https://made.example.invalid/names/e03-06-name-45/contender-14
e03-06-name-46,https://made.example.invalid/names/e03-06-name-46/contender-2
FXuI,https://made.example.invalid/e03-06/5-148?utm_source=share&ref=mqhg9hqs
e03-06-name-47,https://made.example.invalid/names/e03-06-name-47/contender-0
e03-06-name-48,https://made.example.invalid/names/e03-06-name-48/contender-3
FXuJ,https://made.example.invalid/e03-06/9-149?utm_source=share&ref=jtgc43zk
e03-06-name-49,https://made.example.invalid/names/e03-06-name-49/contender-1
FXuK,https://made.example.invalid/e03-06/3-150?utm_source=share&ref=zhocxd5y
e03-06-name-50,https://made.example.invalid/names/e03-06-name-50/contender-5
e03-06-name-51,https://made.example.invalid/names/e03-06-name-51/contender-1
FXuL,https://made.example.invalid/e03-06/7-151?utm_source=share&ref=gwej0llr
e03-06-name-52,https://made.example.invalid/names/e03-06-name-52/contender-1
e03-06-name-53,https://made.example.invalid/names/e03-06-name-53/contender-3
FXuM,https://made.example.invalid/e03-06/6-152?utm_source=share&ref=zzce4qy7
e03-06-name-54,https://made.example.invalid/names/e03-06-name-54/contender-1
FXuN,https://made.example.invalid/e03-06/5-153?utm_source=share&ref=tsuczuxo
e03-06-name-55,https://made.example.invalid/names/e03-06-name-55/contender-3
e03-06-name-56,https://made.example.invalid/names/e03-06-name-56/contender-11
FXuO,https://made.example.invalid/e03-06/9-154?utm_source=share&ref=9bixqydb
e03-06-name-57,https://made.example.invalid/names/e03-06-name-57/contender-19
e03-06-name-58,https://made.example.invalid/names/e03-06-name-58/contender-5
FXuP,https://made.example.invalid/e03-06/3-155?utm_source=share&ref=8u5s41q5
e03-06-name-59,https://made.example.invalid/names/e03-06-name-59/contender-1
FXuQ,https://made.example.invalid/e03-06/7-156?utm_source=share&ref=9ktjt4jv
e03-06-name-60,https://made.example.invalid/names/e03-06-name-60/contender-23
e03-06-name-61,https://made.example.invalid/names/e03-06-name-61/contender-0
FXuR,https://made.example.invalid/e03-06/6-157?utm_source=share&ref=ekofms3w
e03-06-name-62,https://made.example.invalid/names/e03-06-name-62/contender-2
e03-06-name-63,https://made.example.invalid/names/e03-06-name-63/contender-2
FXuS,https://made.example.invalid/e03-06/5-158?utm_source=share&ref=qhgqpvxx
e03-06-name-64,https://made.example.invalid/names/e03-06-name-64/contender-3
FXuT,https://made.example.invalid/e03-06/9-159?utm_source=share&ref=mu9socbe
e03-06-name-65,https://made.example.invalid/names/e03-06-name-65/contender-4
e03-06-name-66,https://made.example.invalid/names/e03-06-name-66/contender-3
FXuU,https://made.example.invalid/e03-06/3-160?utm_source=share&ref=y1q6dots
e03-06-name-67,https://made.example.invalid/names/e03-06-name-67/contender-0
e03-06-name-68,https://made.example.invalid/names/e03-06-name-68/contender-7
FXuV,https://made.example.invalid/e03-06/7-161?utm_source=share&ref=s0zpxdh1
e03-06-name-69,https://made.example.invalid/names/e03-06-name-69/contender-1
FXuW,https://made.example.invalid/e03-06/6-162?utm_source=share&ref=g9bzoje4
e03-06-name-70,https://made.example.invalid/names/e03-06-name-70/contender-7
e03-06-name-71,https://made.example.invalid/names/e03-06-name-71/contender-1
FXuX,https://made.example.invalid/e03-06/5-163?utm_source=share&ref=d5eml6bx
e03-06-name-72,https://made.example.invalid/names/e03-06-name-72/contender-14
e03-06-name-73,https://made.example.invalid/names/e03-06-name-73/contender-1
FXuY,https://made.example.invalid/e03-06/9-164?utm_source=share&ref=y7gwc3wg
e03-06-name-74,https://made.example.invalid/names/e03-06-name-74/contender-7
FXuZ,https://made.example.invalid/e03-06/3-165?utm_source=share&ref=p42z1iic
e03-06-name-75,https://made.example.invalid/names/e03-06-name-75/contender-0
e03-06-name-76,https://made.example.invalid/names/e03-06-name-76/contender-1
FXv0,https://made.example.invalid/e03-06/7-166?utm_source=share&ref=f0i7ckwu
e03-06-name-77,https://made.example.invalid/names/e03-06-name-77/contender-1
e03-06-name-78,https://made.example.invalid/names/e03-06-name-78/contender-2
FXv1,https://made.example.invalid/e03-06/6-167?utm_source=share&ref=42tufp6g
e03-06-name-79,https://made.example.invalid/names/e03-06-name-79/contender-14
FXv2,https://made.example.invalid/e03-06/5-168?utm_source=share&ref=46f96j8f
e03-06-name-80,https://made.example.invalid/names/e03-06-name-80/contender-1
e03-06-name-81,https://made.example.invalid/names/e03-06-name-81/contender-0
FXv3,https://made.example.invalid/e03-06/9-169?utm_source=share&ref=gcz6xnd6
e03-06-name-82,https://made.example.invalid/names/e03-06-name-82/contender-1
e03-06-name-83,https://made.example.invalid/names/e03-06-name-83/contender-7
FXv4,https://made.example.invalid/e03-06/3-170?utm_source=share&ref=m2dlfchm
e03-06-name-84,https://made.example.invalid/names/e03-06-name-84/contender-3
FXv5,https://made.example.invalid/e03-06/7-171?utm_source=share&ref=7ox9dmfs
e03-06-name-85,https://made.example.invalid/names/e03-06-name-85/contender-2
e03-06-name-86,https://made.example.invalid/names/e03-06-name-86/contender-0
FXv6,https://made.example.invalid/e03-06/6-172?utm_source=share&ref=u6niafev
e03-06-name-87,https://made.example.invalid/names/e03-06-name-87/contender-1
e03-06-name-88,https://made.example.invalid/names/e03-06-name-88/contender-2
FXv7,https://made.example.invalid/e03-06/5-173?utm_source=share&ref=6sd31or5
e03-06-name-89,https://made.example.invalid/names/e03-06-name-89/contender-1
FXv8,https://made.example.invalid/e03-06/9-174?utm_source=share&ref=i7w5hic9
e03-06-name-90,https://made.example.invalid/names/e03-06-name-90/contender-1
e03-06-name-91,https://made.example.invalid/names/e03-06-name-91/contender-9
FXv9,https://made.example.invalid/e03-06/3-175?utm_source=share&ref=uticekn8
e03-06-name-92,https://made.example.invalid/names/e03-06-name-92/contender-3
e03-06-name-93,https://made.example.invalid/names/e03-06-name-93/contender-7
FXva,https://made.example.invalid/e03-06/7-176?utm_source=share&ref=im6dnfw8
e03-06-name-94,https://made.example.invalid/names/e03-06-name-94/contender-1
FXvb,https://made.example.invalid/e03-06/6-177?utm_source=share&ref=6lzvlvby
e03-06-name-95,https://made.example.invalid/names/e03-06-name-95/contender-5
e03-06-name-96,https://made.example.invalid/names/e03-06-name-96/contender-0
FXvc,https://made.example.invalid/e03-06/5-178?utm_source=share&ref=0trdpr02
e03-06-name-97,https://made.example.invalid/names/e03-06-name-97/contender-2
e03-06-name-98,https://made.example.invalid/names/e03-06-name-98/contender-0
FXvd,https://made.example.invalid/e03-06/9-179?utm_source=share&ref=8m52wofb
e03-06-name-99,https://made.example.invalid/names/e03-06-name-99/contender-34
FXve,https://made.example.invalid/e03-06/3-180?utm_source=share&ref=gl62lrf8
e03-06-name-100,https://made.example.invalid/names/e03-06-name-100/contender-21
e03-06-name-101,https://made.example.invalid/names/e03-06-name-101/contender-12
FXvf,https://made.example.invalid/e03-06/7-181?utm_source=share&ref=xl4upgwd
e03-06-name-102,https://made.example.invalid/names/e03-06-name-102/contender-0
e03-06-name-103,https://made.example.invalid/names/e03-06-name-103/contender-5
FXvg,https://made.example.invalid/e03-06/6-182?utm_source=share&ref=sdgrqp1a
e03-06-name-104,https://made.example.invalid/names/e03-06-name-104/contender-0
FXvh,https://made.example.invalid/e03-06/5-183?utm_source=share&ref=tc5jwux5
e03-06-name-105,https://made.example.invalid/names/e03-06-name-105/contender-0
e03-06-name-106,https://made.example.invalid/names/e03-06-name-106/contender-1
FXvi,https://made.example.invalid/e03-06/9-184?utm_source=share&ref=co3vh0f2
e03-06-name-107,https://made.example.invalid/names/e03-06-name-107/contender-2
e03-06-name-108,https://made.example.invalid/names/e03-06-name-108/contender-2
FXvj,https://made.example.invalid/e03-06/3-185?utm_source=share&ref=swpsxqr4
e03-06-name-109,https://made.example.invalid/names/e03-06-name-109/contender-0
FXvk,https://made.example.invalid/e03-06/7-186?utm_source=share&ref=kehbpoyr
e03-06-name-110,https://made.example.invalid/names/e03-06-name-110/contender-12
e03-06-name-111,https://made.example.invalid/names/e03-06-name-111/contender-1
FXvl,https://made.example.invalid/e03-06/6-187?utm_source=share&ref=h8vxni67
e03-06-name-112,https://made.example.invalid/names/e03-06-name-112/contender-1
e03-06-name-113,https://made.example.invalid/names/e03-06-name-113/contender-6
FXvm,https://made.example.invalid/e03-06/5-188?utm_source=share&ref=g0wwyquj
e03-06-name-114,https://made.example.invalid/names/e03-06-name-114/contender-12
FXvn,https://made.example.invalid/e03-06/9-189?utm_source=share&ref=nde8mb5b
e03-06-name-115,https://made.example.invalid/names/e03-06-name-115/contender-0
e03-06-name-116,https://made.example.invalid/names/e03-06-name-116/contender-0
FXvo,https://made.example.invalid/e03-06/3-190?utm_source=share&ref=gl7cfiv1
e03-06-name-117,https://made.example.invalid/names/e03-06-name-117/contender-2
e03-06-name-118,https://made.example.invalid/names/e03-06-name-118/contender-3
FXvp,https://made.example.invalid/e03-06/7-191?utm_source=share&ref=0axpwy7m
e03-06-name-119,https://made.example.invalid/names/e03-06-name-119/contender-3
FXvq,https://made.example.invalid/e03-06/6-192?utm_source=share&ref=0tlazuc4
e03-06-name-120,https://made.example.invalid/names/e03-06-name-120/contender-23
e03-06-name-121,https://made.example.invalid/names/e03-06-name-121/contender-0
FXvr,https://made.example.invalid/e03-06/5-193?utm_source=share&ref=5fpekz8h
e03-06-name-122,https://made.example.invalid/names/e03-06-name-122/contender-7
e03-06-name-123,https://made.example.invalid/names/e03-06-name-123/contender-3
FXvs,https://made.example.invalid/e03-06/9-194?utm_source=share&ref=48foktir
e03-06-name-124,https://made.example.invalid/names/e03-06-name-124/contender-25
FXvt,https://made.example.invalid/e03-06/3-195?utm_source=share&ref=hgfbumm1
e03-06-name-125,https://made.example.invalid/names/e03-06-name-125/contender-10
e03-06-name-126,https://made.example.invalid/names/e03-06-name-126/contender-5
FXvu,https://made.example.invalid/e03-06/7-196?utm_source=share&ref=nkfafo4d
e03-06-name-127,https://made.example.invalid/names/e03-06-name-127/contender-20
e03-06-name-128,https://made.example.invalid/names/e03-06-name-128/contender-5
FXvv,https://made.example.invalid/e03-06/6-197?utm_source=share&ref=2465fff9
e03-06-name-129,https://made.example.invalid/names/e03-06-name-129/contender-10
FXvw,https://made.example.invalid/e03-06/5-198?utm_source=share&ref=rppub0wh
e03-06-name-130,https://made.example.invalid/names/e03-06-name-130/contender-3
e03-06-name-131,https://made.example.invalid/names/e03-06-name-131/contender-2
FXvx,https://made.example.invalid/e03-06/9-199?utm_source=share&ref=p70phqsn
e03-06-name-132,https://made.example.invalid/names/e03-06-name-132/contender-12
e03-06-name-133,https://made.example.invalid/names/e03-06-name-133/contender-0
FXvy,https://made.example.invalid/e03-06/3-200?utm_source=share&ref=7n0po6w5
e03-06-name-134,https://made.example.invalid/names/e03-06-name-134/contender-22
FXvz,https://made.example.invalid/e03-06/7-201?utm_source=share&ref=k9il6f54
e03-06-name-135,https://made.example.invalid/names/e03-06-name-135/contender-1
e03-06-name-136,https://made.example.invalid/names/e03-06-name-136/contender-12
FXvA,https://made.example.invalid/e03-06/6-202?utm_source=share&ref=byb2rlvn
e03-06-name-137,https://made.example.invalid/names/e03-06-name-137/contender-0
e03-06-name-138,https://made.example.invalid/names/e03-06-name-138/contender-7
FXvB,https://made.example.invalid/e03-06/5-203?utm_source=share&ref=xfsa0e0j
e03-06-name-139,https://made.example.invalid/names/e03-06-name-139/contender-9
FXvC,https://made.example.invalid/e03-06/9-204?utm_source=share&ref=asoyh7ke
e03-06-name-140,https://made.example.invalid/names/e03-06-name-140/contender-10
e03-06-name-141,https://made.example.invalid/names/e03-06-name-141/contender-1
FXvD,https://made.example.invalid/e03-06/3-205?utm_source=share&ref=9bou6hmz
e03-06-name-142,https://made.example.invalid/names/e03-06-name-142/contender-0
e03-06-name-143,https://made.example.invalid/names/e03-06-name-143/contender-3
FXvE,https://made.example.invalid/e03-06/7-206?utm_source=share&ref=apgrdydd
e03-06-name-144,https://made.example.invalid/names/e03-06-name-144/contender-5
FXvF,https://made.example.invalid/e03-06/6-207?utm_source=share&ref=9jqnhu9d
e03-06-name-145,https://made.example.invalid/names/e03-06-name-145/contender-5
e03-06-name-146,https://made.example.invalid/names/e03-06-name-146/contender-0
FXvG,https://made.example.invalid/e03-06/5-208?utm_source=share&ref=2mdqvuxg
e03-06-name-147,https://made.example.invalid/names/e03-06-name-147/contender-1
e03-06-name-148,https://made.example.invalid/names/e03-06-name-148/contender-1
FXvH,https://made.example.invalid/e03-06/9-209?utm_source=share&ref=kuqhq191
e03-06-name-149,https://made.example.invalid/names/e03-06-name-149/contender-3
FXvI,https://made.example.invalid/e03-06/3-210?utm_source=share&ref=wyb7fq3l
e03-06-name-150,https://made.example.invalid/names/e03-06-name-150/contender-1
e03-06-name-151,https://made.example.invalid/names/e03-06-name-151/contender-22
FXvJ,https://made.example.invalid/e03-06/7-211?utm_source=share&ref=i8q4xi5d
e03-06-name-152,https://made.example.invalid/names/e03-06-name-152/contender-3
e03-06-name-153,https://made.example.invalid/names/e03-06-name-153/contender-1
FXvK,https://made.example.invalid/e03-06/6-212?utm_source=share&ref=rlse9g8a
e03-06-name-154,https://made.example.invalid/names/e03-06-name-154/contender-27
FXvL,https://made.example.invalid/e03-06/5-213?utm_source=share&ref=nfk95oyj
e03-06-name-155,https://made.example.invalid/names/e03-06-name-155/contender-0
e03-06-name-156,https://made.example.invalid/names/e03-06-name-156/contender-0
FXvM,https://made.example.invalid/e03-06/9-214?utm_source=share&ref=e098mcyx
e03-06-name-157,https://made.example.invalid/names/e03-06-name-157/contender-1
e03-06-name-158,https://made.example.invalid/names/e03-06-name-158/contender-1
FXvN,https://made.example.invalid/e03-06/3-215?utm_source=share&ref=8wbganr1
e03-06-name-159,https://made.example.invalid/names/e03-06-name-159/contender-3
FXvO,https://made.example.invalid/e03-06/7-216?utm_source=share&ref=vnko3pcs
e03-06-name-160,https://made.example.invalid/names/e03-06-name-160/contender-2
e03-06-name-161,https://made.example.invalid/names/e03-06-name-161/contender-11
FXvP,https://made.example.invalid/e03-06/6-217?utm_source=share&ref=ph5fgd7j
e03-06-name-162,https://made.example.invalid/names/e03-06-name-162/contender-2
e03-06-name-163,https://made.example.invalid/names/e03-06-name-163/contender-0
FXvQ,https://made.example.invalid/e03-06/5-218?utm_source=share&ref=9bls56p5
e03-06-name-164,https://made.example.invalid/names/e03-06-name-164/contender-1
FXvR,https://made.example.invalid/e03-06/9-219?utm_source=share&ref=dubu3hki
e03-06-name-165,https://made.example.invalid/names/e03-06-name-165/contender-2
e03-06-name-166,https://made.example.invalid/names/e03-06-name-166/contender-15
FXvS,https://made.example.invalid/e03-06/3-220?utm_source=share&ref=1wo3k68a
e03-06-name-167,https://made.example.invalid/names/e03-06-name-167/contender-1
e03-06-name-168,https://made.example.invalid/names/e03-06-name-168/contender-2
FXvT,https://made.example.invalid/e03-06/7-221?utm_source=share&ref=sf8j9i9n
e03-06-name-169,https://made.example.invalid/names/e03-06-name-169/contender-1
FXvU,https://made.example.invalid/e03-06/6-222?utm_source=share&ref=ezrkwsog
e03-06-name-170,https://made.example.invalid/names/e03-06-name-170/contender-5
e03-06-name-171,https://made.example.invalid/names/e03-06-name-171/contender-28
FXvV,https://made.example.invalid/e03-06/5-223?utm_source=share&ref=fr3ha0s9
e03-06-name-172,https://made.example.invalid/names/e03-06-name-172/contender-2
e03-06-name-173,https://made.example.invalid/names/e03-06-name-173/contender-0
FXvW,https://made.example.invalid/e03-06/9-224?utm_source=share&ref=clac5in9
e03-06-name-174,https://made.example.invalid/names/e03-06-name-174/contender-2
FXvX,https://made.example.invalid/e03-06/3-225?utm_source=share&ref=r43w48ql
e03-06-name-175,https://made.example.invalid/names/e03-06-name-175/contender-1
e03-06-name-176,https://made.example.invalid/names/e03-06-name-176/contender-1
FXvY,https://made.example.invalid/e03-06/7-226?utm_source=share&ref=zd2hn9ue
e03-06-name-177,https://made.example.invalid/names/e03-06-name-177/contender-3
e03-06-name-178,https://made.example.invalid/names/e03-06-name-178/contender-0
FXvZ,https://made.example.invalid/e03-06/6-227?utm_source=share&ref=jrtclk9x
e03-06-name-179,https://made.example.invalid/names/e03-06-name-179/contender-1
FXw0,https://made.example.invalid/e03-06/5-228?utm_source=share&ref=iw218nmh
e03-06-name-180,https://made.example.invalid/names/e03-06-name-180/contender-15
e03-06-name-181,https://made.example.invalid/names/e03-06-name-181/contender-5
FXw1,https://made.example.invalid/e03-06/9-229?utm_source=share&ref=6u1qpbs4
e03-06-name-182,https://made.example.invalid/names/e03-06-name-182/contender-20
e03-06-name-183,https://made.example.invalid/names/e03-06-name-183/contender-0
FXw2,https://made.example.invalid/e03-06/3-230?utm_source=share&ref=oulxoe9z
e03-06-name-184,https://made.example.invalid/names/e03-06-name-184/contender-0
FXw3,https://made.example.invalid/e03-06/7-231?utm_source=share&ref=93692393
e03-06-name-185,https://made.example.invalid/names/e03-06-name-185/contender-20
e03-06-name-186,https://made.example.invalid/names/e03-06-name-186/contender-3
FXw4,https://made.example.invalid/e03-06/6-232?utm_source=share&ref=fw04gvoi
e03-06-name-187,https://made.example.invalid/names/e03-06-name-187/contender-3
e03-06-name-188,https://made.example.invalid/names/e03-06-name-188/contender-0
FXw5,https://made.example.invalid/e03-06/5-233?utm_source=share&ref=z9o4ldn9
e03-06-name-189,https://made.example.invalid/names/e03-06-name-189/contender-4
FXw6,https://made.example.invalid/e03-06/9-234?utm_source=share&ref=0aqi6xqc
e03-06-name-190,https://made.example.invalid/names/e03-06-name-190/contender-2
e03-06-name-191,https://made.example.invalid/names/e03-06-name-191/contender-9
FXw7,https://made.example.invalid/e03-06/3-235?utm_source=share&ref=u3anbxb2
e03-06-name-192,https://made.example.invalid/names/e03-06-name-192/contender-3
e03-06-name-193,https://made.example.invalid/names/e03-06-name-193/contender-8
FXw8,https://made.example.invalid/e03-06/7-236?utm_source=share&ref=l5p6yamu
e03-06-name-194,https://made.example.invalid/names/e03-06-name-194/contender-0
FXw9,https://made.example.invalid/e03-06/6-237?utm_source=share&ref=h0qczf2l
e03-06-name-195,https://made.example.invalid/names/e03-06-name-195/contender-2
e03-06-name-196,https://made.example.invalid/names/e03-06-name-196/contender-4
FXwa,https://made.example.invalid/e03-06/5-238?utm_source=share&ref=2z5vdjki
e03-06-name-197,https://made.example.invalid/names/e03-06-name-197/contender-14
e03-06-name-198,https://made.example.invalid/names/e03-06-name-198/contender-13
FXwb,https://made.example.invalid/e03-06/9-239?utm_source=share&ref=6b2ug2fz
e03-06-name-199,https://made.example.invalid/names/e03-06-name-199/contender-25
FXwc,https://made.example.invalid/e03-06/3-240?utm_source=share&ref=z7rsu1d6
e03-06-name-200,https://made.example.invalid/names/e03-06-name-200/contender-0
e03-06-name-201,https://made.example.invalid/names/e03-06-name-201/contender-0
FXwd,https://made.example.invalid/e03-06/7-241?utm_source=share&ref=j05e7jdo
e03-06-name-202,https://made.example.invalid/names/e03-06-name-202/contender-15
e03-06-name-203,https://made.example.invalid/names/e03-06-name-203/contender-1
FXwe,https://made.example.invalid/e03-06/6-242?utm_source=share&ref=skj436un
e03-06-name-204,https://made.example.invalid/names/e03-06-name-204/contender-9
FXwf,https://made.example.invalid/e03-06/5-243?utm_source=share&ref=ogi6d00r
e03-06-name-205,https://made.example.invalid/names/e03-06-name-205/contender-1
e03-06-name-206,https://made.example.invalid/names/e03-06-name-206/contender-14
FXwg,https://made.example.invalid/e03-06/9-244?utm_source=share&ref=wrufi55k
e03-06-name-207,https://made.example.invalid/names/e03-06-name-207/contender-0
e03-06-name-208,https://made.example.invalid/names/e03-06-name-208/contender-11
FXwh,https://made.example.invalid/e03-06/3-245?utm_source=share&ref=w9h015hm
e03-06-name-209,https://made.example.invalid/names/e03-06-name-209/contender-2
FXwi,https://made.example.invalid/e03-06/7-246?utm_source=share&ref=gz7s1n53
e03-06-name-210,https://made.example.invalid/names/e03-06-name-210/contender-3
e03-06-name-211,https://made.example.invalid/names/e03-06-name-211/contender-7
FXwj,https://made.example.invalid/e03-06/6-247?utm_source=share&ref=x7dnm1bs
e03-06-name-212,https://made.example.invalid/names/e03-06-name-212/contender-2
e03-06-name-213,https://made.example.invalid/names/e03-06-name-213/contender-13
FXwk,https://made.example.invalid/e03-06/5-248?utm_source=share&ref=srl1xxqn
e03-06-name-214,https://made.example.invalid/names/e03-06-name-214/contender-6
FXwl,https://made.example.invalid/e03-06/9-249?utm_source=share&ref=a3vebppm
e03-06-name-215,https://made.example.invalid/names/e03-06-name-215/contender-0
e03-06-name-216,https://made.example.invalid/names/e03-06-name-216/contender-22
FXwm,https://made.example.invalid/e03-06/3-250?utm_source=share&ref=ztbohf6t
e03-06-name-217,https://made.example.invalid/names/e03-06-name-217/contender-2
e03-06-name-218,https://made.example.invalid/names/e03-06-name-218/contender-2
FXwn,https://made.example.invalid/e03-06/7-251?utm_source=share&ref=tq195fyc
e03-06-name-219,https://made.example.invalid/names/e03-06-name-219/contender-13
FXwo,https://made.example.invalid/e03-06/6-252?utm_source=share&ref=fpzsfxp1
e03-06-name-220,https://made.example.invalid/names/e03-06-name-220/contender-13
e03-06-name-221,https://made.example.invalid/names/e03-06-name-221/contender-5
FXwp,https://made.example.invalid/e03-06/5-253?utm_source=share&ref=xfxthgfj
e03-06-name-222,https://made.example.invalid/names/e03-06-name-222/contender-18
e03-06-name-223,https://made.example.invalid/names/e03-06-name-223/contender-5
FXwq,https://made.example.invalid/e03-06/9-254?utm_source=share&ref=p8x4wjq8
e03-06-name-224,https://made.example.invalid/names/e03-06-name-224/contender-3
FXwr,https://made.example.invalid/e03-06/3-255?utm_source=share&ref=wmo8khjg
e03-06-name-225,https://made.example.invalid/names/e03-06-name-225/contender-1
e03-06-name-226,https://made.example.invalid/names/e03-06-name-226/contender-29
FXws,https://made.example.invalid/e03-06/7-256?utm_source=share&ref=qjzcs1ei
e03-06-name-227,https://made.example.invalid/names/e03-06-name-227/contender-5
e03-06-name-228,https://made.example.invalid/names/e03-06-name-228/contender-40
FXwt,https://made.example.invalid/e03-06/6-257?utm_source=share&ref=tnkgsyfq
e03-06-name-229,https://made.example.invalid/names/e03-06-name-229/contender-7
FXwu,https://made.example.invalid/e03-06/5-258?utm_source=share&ref=56umjkx1
e03-06-name-230,https://made.example.invalid/names/e03-06-name-230/contender-1
e03-06-name-231,https://made.example.invalid/names/e03-06-name-231/contender-2
FXwv,https://made.example.invalid/e03-06/9-259?utm_source=share&ref=tqycg0a6
e03-06-name-232,https://made.example.invalid/names/e03-06-name-232/contender-3
e03-06-name-233,https://made.example.invalid/names/e03-06-name-233/contender-7
FXww,https://made.example.invalid/e03-06/3-260?utm_source=share&ref=8gip1q4f
e03-06-name-234,https://made.example.invalid/names/e03-06-name-234/contender-1
FXwx,https://made.example.invalid/e03-06/7-261?utm_source=share&ref=m5czwwki
e03-06-name-235,https://made.example.invalid/names/e03-06-name-235/contender-6
e03-06-name-236,https://made.example.invalid/names/e03-06-name-236/contender-4
FXwy,https://made.example.invalid/e03-06/6-262?utm_source=share&ref=zw6lz583
e03-06-name-237,https://made.example.invalid/names/e03-06-name-237/contender-2
e03-06-name-238,https://made.example.invalid/names/e03-06-name-238/contender-1
FXwz,https://made.example.invalid/e03-06/5-263?utm_source=share&ref=lu8jryq2
e03-06-name-239,https://made.example.invalid/names/e03-06-name-239/contender-4
FXwA,https://made.example.invalid/e03-06/9-264?utm_source=share&ref=mtb25vey
e03-06-name-240,https://made.example.invalid/names/e03-06-name-240/contender-3
e03-06-name-241,https://made.example.invalid/names/e03-06-name-241/contender-13
FXwB,https://made.example.invalid/e03-06/3-265?utm_source=share&ref=fzjuq0fy
e03-06-name-242,https://made.example.invalid/names/e03-06-name-242/contender-1
e03-06-name-243,https://made.example.invalid/names/e03-06-name-243/contender-12
FXwC,https://made.example.invalid/e03-06/7-266?utm_source=share&ref=05287i91
e03-06-name-244,https://made.example.invalid/names/e03-06-name-244/contender-0
FXwD,https://made.example.invalid/e03-06/6-267?utm_source=share&ref=vvqlmymv
e03-06-name-245,https://made.example.invalid/names/e03-06-name-245/contender-1
e03-06-name-246,https://made.example.invalid/names/e03-06-name-246/contender-5
FXwE,https://made.example.invalid/e03-06/5-268?utm_source=share&ref=4gzyji8q
e03-06-name-247,https://made.example.invalid/names/e03-06-name-247/contender-3
e03-06-name-248,https://made.example.invalid/names/e03-06-name-248/contender-31
FXwF,https://made.example.invalid/e03-06/9-269?utm_source=share&ref=99it09w0
e03-06-name-249,https://made.example.invalid/names/e03-06-name-249/contender-4
FXwG,https://made.example.invalid/e03-06/3-270?utm_source=share&ref=2v8us5a8
e03-06-name-250,https://made.example.invalid/names/e03-06-name-250/contender-4
e03-06-name-251,https://made.example.invalid/names/e03-06-name-251/contender-5
FXwH,https://made.example.invalid/e03-06/7-271?utm_source=share&ref=l9w7evd3
e03-06-name-252,https://made.example.invalid/names/e03-06-name-252/contender-5
e03-06-name-253,https://made.example.invalid/names/e03-06-name-253/contender-1
FXwI,https://made.example.invalid/e03-06/6-272?utm_source=share&ref=jyy4zzdj
e03-06-name-254,https://made.example.invalid/names/e03-06-name-254/contender-1
FXwJ,https://made.example.invalid/e03-06/5-273?utm_source=share&ref=hzvtkhqb
e03-06-name-255,https://made.example.invalid/names/e03-06-name-255/contender-10
e03-06-name-256,https://made.example.invalid/names/e03-06-name-256/contender-5
FXwK,https://made.example.invalid/e03-06/9-274?utm_source=share&ref=2y1bkm13
e03-06-name-257,https://made.example.invalid/names/e03-06-name-257/contender-1
e03-06-name-258,https://made.example.invalid/names/e03-06-name-258/contender-5
FXwL,https://made.example.invalid/e03-06/3-275?utm_source=share&ref=yggcemdh
e03-06-name-259,https://made.example.invalid/names/e03-06-name-259/contender-0
FXwM,https://made.example.invalid/e03-06/7-276?utm_source=share&ref=izmebm6a
e03-06-name-260,https://made.example.invalid/names/e03-06-name-260/contender-0
e03-06-name-261,https://made.example.invalid/names/e03-06-name-261/contender-8
FXwN,https://made.example.invalid/e03-06/6-277?utm_source=share&ref=4k1opsw1
e03-06-name-262,https://made.example.invalid/names/e03-06-name-262/contender-2
e03-06-name-263,https://made.example.invalid/names/e03-06-name-263/contender-2
FXwO,https://made.example.invalid/e03-06/5-278?utm_source=share&ref=m3aty60x
e03-06-name-264,https://made.example.invalid/names/e03-06-name-264/contender-2
FXwP,https://made.example.invalid/e03-06/9-279?utm_source=share&ref=iaa3ta3o
e03-06-name-265,https://made.example.invalid/names/e03-06-name-265/contender-0
e03-06-name-266,https://made.example.invalid/names/e03-06-name-266/contender-0
FXwQ,https://made.example.invalid/e03-06/3-280?utm_source=share&ref=ttanaxdg
e03-06-name-267,https://made.example.invalid/names/e03-06-name-267/contender-0
e03-06-name-268,https://made.example.invalid/names/e03-06-name-268/contender-2
FXwR,https://made.example.invalid/e03-06/7-281?utm_source=share&ref=wfnhs662
e03-06-name-269,https://made.example.invalid/names/e03-06-name-269/contender-3
FXwS,https://made.example.invalid/e03-06/6-282?utm_source=share&ref=mnacou1c
e03-06-name-270,https://made.example.invalid/names/e03-06-name-270/contender-4
e03-06-name-271,https://made.example.invalid/names/e03-06-name-271/contender-1
FXwT,https://made.example.invalid/e03-06/5-283?utm_source=share&ref=g0pdx54i
e03-06-name-272,https://made.example.invalid/names/e03-06-name-272/contender-2
e03-06-name-273,https://made.example.invalid/names/e03-06-name-273/contender-3
FXwU,https://made.example.invalid/e03-06/9-284?utm_source=share&ref=u5tf4noc
e03-06-name-274,https://made.example.invalid/names/e03-06-name-274/contender-6
FXwV,https://made.example.invalid/e03-06/3-285?utm_source=share&ref=p9sze7rv
e03-06-name-275,https://made.example.invalid/names/e03-06-name-275/contender-0
e03-06-name-276,https://made.example.invalid/names/e03-06-name-276/contender-4
FXwW,https://made.example.invalid/e03-06/7-286?utm_source=share&ref=r0ckyxjh
e03-06-name-277,https://made.example.invalid/names/e03-06-name-277/contender-5
e03-06-name-278,https://made.example.invalid/names/e03-06-name-278/contender-7
FXwX,https://made.example.invalid/e03-06/6-287?utm_source=share&ref=na3d72eh
e03-06-name-279,https://made.example.invalid/names/e03-06-name-279/contender-16
FXwY,https://made.example.invalid/e03-06/5-288?utm_source=share&ref=m3zs57uf
e03-06-name-280,https://made.example.invalid/names/e03-06-name-280/contender-1
e03-06-name-281,https://made.example.invalid/names/e03-06-name-281/contender-1
FXwZ,https://made.example.invalid/e03-06/9-289?utm_source=share&ref=z3knj0rk
e03-06-name-282,https://made.example.invalid/names/e03-06-name-282/contender-12
e03-06-name-283,https://made.example.invalid/names/e03-06-name-283/contender-2
FXx0,https://made.example.invalid/e03-06/3-290?utm_source=share&ref=8195amnq
e03-06-name-284,https://made.example.invalid/names/e03-06-name-284/contender-0
FXx1,https://made.example.invalid/e03-06/7-291?utm_source=share&ref=jqv6zhd6
e03-06-name-285,https://made.example.invalid/names/e03-06-name-285/contender-0
e03-06-name-286,https://made.example.invalid/names/e03-06-name-286/contender-0
FXx2,https://made.example.invalid/e03-06/6-292?utm_source=share&ref=l25dzatd
e03-06-name-287,https://made.example.invalid/names/e03-06-name-287/contender-1
e03-06-name-288,https://made.example.invalid/names/e03-06-name-288/contender-38
FXx3,https://made.example.invalid/e03-06/5-293?utm_source=share&ref=f59qakix
e03-06-name-289,https://made.example.invalid/names/e03-06-name-289/contender-5
FXx4,https://made.example.invalid/e03-06/9-294?utm_source=share&ref=yzbh8q5u
e03-06-name-290,https://made.example.invalid/names/e03-06-name-290/contender-0
e03-06-name-291,https://made.example.invalid/names/e03-06-name-291/contender-3
FXx5,https://made.example.invalid/e03-06/3-295?utm_source=share&ref=rasxqbtj
e03-06-name-292,https://made.example.invalid/names/e03-06-name-292/contender-4
e03-06-name-293,https://made.example.invalid/names/e03-06-name-293/contender-10
FXx6,https://made.example.invalid/e03-06/7-296?utm_source=share&ref=jpvkr9gt
e03-06-name-294,https://made.example.invalid/names/e03-06-name-294/contender-3
FXx7,https://made.example.invalid/e03-06/6-297?utm_source=share&ref=95lzdmao
e03-06-name-295,https://made.example.invalid/names/e03-06-name-295/contender-2
e03-06-name-296,https://made.example.invalid/names/e03-06-name-296/contender-0
FXx8,https://made.example.invalid/e03-06/5-298?utm_source=share&ref=goggn8oh
e03-06-name-297,https://made.example.invalid/names/e03-06-name-297/contender-2
e03-06-name-298,https://made.example.invalid/names/e03-06-name-298/contender-1
FXx9,https://made.example.invalid/e03-06/9-299?utm_source=share&ref=dsq8o3tz
e03-06-name-299,https://made.example.invalid/names/e03-06-name-299/contender-27
FXxa,https://made.example.invalid/e03-06/3-300?utm_source=share&ref=4nj5bnbq
e03-06-name-300,https://made.example.invalid/names/e03-06-name-300/contender-9
e03-06-name-301,https://made.example.invalid/names/e03-06-name-301/contender-11
FXxb,https://made.example.invalid/e03-06/7-301?utm_source=share&ref=gyqev55e
e03-06-name-302,https://made.example.invalid/names/e03-06-name-302/contender-1
e03-06-name-303,https://made.example.invalid/names/e03-06-name-303/contender-2
FXxc,https://made.example.invalid/e03-06/6-302?utm_source=share&ref=whcy3rxr
e03-06-name-304,https://made.example.invalid/names/e03-06-name-304/contender-11
FXxd,https://made.example.invalid/e03-06/5-303?utm_source=share&ref=zn3hq7pz
e03-06-name-305,https://made.example.invalid/names/e03-06-name-305/contender-3
e03-06-name-306,https://made.example.invalid/names/e03-06-name-306/contender-4
FXxe,https://made.example.invalid/e03-06/9-304?utm_source=share&ref=ysnqquco
e03-06-name-307,https://made.example.invalid/names/e03-06-name-307/contender-6
e03-06-name-308,https://made.example.invalid/names/e03-06-name-308/contender-18
FXxf,https://made.example.invalid/e03-06/3-305?utm_source=share&ref=f00jpyrh
e03-06-name-309,https://made.example.invalid/names/e03-06-name-309/contender-0
FXxg,https://made.example.invalid/e03-06/7-306?utm_source=share&ref=5ivpnk5q
e03-06-name-310,https://made.example.invalid/names/e03-06-name-310/contender-9
e03-06-name-311,https://made.example.invalid/names/e03-06-name-311/contender-44
FXxh,https://made.example.invalid/e03-06/6-307?utm_source=share&ref=xu63syd6
e03-06-name-312,https://made.example.invalid/names/e03-06-name-312/contender-4
e03-06-name-313,https://made.example.invalid/names/e03-06-name-313/contender-0
FXxi,https://made.example.invalid/e03-06/5-308?utm_source=share&ref=3lkx51t9
e03-06-name-314,https://made.example.invalid/names/e03-06-name-314/contender-5
FXxj,https://made.example.invalid/e03-06/9-309?utm_source=share&ref=cklngy9v
e03-06-name-315,https://made.example.invalid/names/e03-06-name-315/contender-22
e03-06-name-316,https://made.example.invalid/names/e03-06-name-316/contender-17
FXxk,https://made.example.invalid/e03-06/3-310?utm_source=share&ref=0mfi3gl8
e03-06-name-317,https://made.example.invalid/names/e03-06-name-317/contender-11
e03-06-name-318,https://made.example.invalid/names/e03-06-name-318/contender-30
FXxl,https://made.example.invalid/e03-06/7-311?utm_source=share&ref=camfum8g
e03-06-name-319,https://made.example.invalid/names/e03-06-name-319/contender-0
FXxm,https://made.example.invalid/e03-06/6-312?utm_source=share&ref=qqa1ch0e
e03-06-name-320,https://made.example.invalid/names/e03-06-name-320/contender-1
e03-06-name-321,https://made.example.invalid/names/e03-06-name-321/contender-0
FXxn,https://made.example.invalid/e03-06/5-313?utm_source=share&ref=j4i3sqn2
e03-06-name-322,https://made.example.invalid/names/e03-06-name-322/contender-3
e03-06-name-323,https://made.example.invalid/names/e03-06-name-323/contender-6
FXxo,https://made.example.invalid/e03-06/9-314?utm_source=share&ref=50hz335u
e03-06-name-324,https://made.example.invalid/names/e03-06-name-324/contender-3
FXxp,https://made.example.invalid/e03-06/3-315?utm_source=share&ref=7idibqeq
e03-06-name-325,https://made.example.invalid/names/e03-06-name-325/contender-17
e03-06-name-326,https://made.example.invalid/names/e03-06-name-326/contender-23
FXxq,https://made.example.invalid/e03-06/7-316?utm_source=share&ref=x0hu46nb
e03-06-name-327,https://made.example.invalid/names/e03-06-name-327/contender-13
e03-06-name-328,https://made.example.invalid/names/e03-06-name-328/contender-8
FXxr,https://made.example.invalid/e03-06/6-317?utm_source=share&ref=0mk9qtsn
e03-06-name-329,https://made.example.invalid/names/e03-06-name-329/contender-1
FXxs,https://made.example.invalid/e03-06/5-318?utm_source=share&ref=cp5qlg2k
e03-06-name-330,https://made.example.invalid/names/e03-06-name-330/contender-5
e03-06-name-331,https://made.example.invalid/names/e03-06-name-331/contender-2
FXxt,https://made.example.invalid/e03-06/9-319?utm_source=share&ref=b8w9d33y
e03-06-name-332,https://made.example.invalid/names/e03-06-name-332/contender-0
e03-06-name-333,https://made.example.invalid/names/e03-06-name-333/contender-5
FXxu,https://made.example.invalid/e03-06/3-320?utm_source=share&ref=ish0xbm0
e03-06-name-334,https://made.example.invalid/names/e03-06-name-334/contender-4
FXxv,https://made.example.invalid/e03-06/7-321?utm_source=share&ref=r71onu4t
e03-06-name-335,https://made.example.invalid/names/e03-06-name-335/contender-4
e03-06-name-336,https://made.example.invalid/names/e03-06-name-336/contender-11
FXxw,https://made.example.invalid/e03-06/6-322?utm_source=share&ref=6ao5vsgh
e03-06-name-337,https://made.example.invalid/names/e03-06-name-337/contender-0
e03-06-name-338,https://made.example.invalid/names/e03-06-name-338/contender-26
FXxx,https://made.example.invalid/e03-06/5-323?utm_source=share&ref=dxbzvl3f
e03-06-name-339,https://made.example.invalid/names/e03-06-name-339/contender-0
FXxy,https://made.example.invalid/e03-06/9-324?utm_source=share&ref=auu99eix
e03-06-name-340,https://made.example.invalid/names/e03-06-name-340/contender-2
e03-06-name-341,https://made.example.invalid/names/e03-06-name-341/contender-4
FXxz,https://made.example.invalid/e03-06/3-325?utm_source=share&ref=0yv51qru
e03-06-name-342,https://made.example.invalid/names/e03-06-name-342/contender-0
e03-06-name-343,https://made.example.invalid/names/e03-06-name-343/contender-2
FXxA,https://made.example.invalid/e03-06/7-326?utm_source=share&ref=xqbqetjx
e03-06-name-344,https://made.example.invalid/names/e03-06-name-344/contender-3
FXxB,https://made.example.invalid/e03-06/6-327?utm_source=share&ref=du6c8pp6
e03-06-name-345,https://made.example.invalid/names/e03-06-name-345/contender-0
e03-06-name-346,https://made.example.invalid/names/e03-06-name-346/contender-4
FXxC,https://made.example.invalid/e03-06/5-328?utm_source=share&ref=j8ae3kq7
e03-06-name-347,https://made.example.invalid/names/e03-06-name-347/contender-1
e03-06-name-348,https://made.example.invalid/names/e03-06-name-348/contender-1
FXxD,https://made.example.invalid/e03-06/9-329?utm_source=share&ref=2ttbqzsj
e03-06-name-349,https://made.example.invalid/names/e03-06-name-349/contender-8
FXxE,https://made.example.invalid/e03-06/3-330?utm_source=share&ref=nhxfb89d
e03-06-name-350,https://made.example.invalid/names/e03-06-name-350/contender-1
e03-06-name-351,https://made.example.invalid/names/e03-06-name-351/contender-3
FXxF,https://made.example.invalid/e03-06/7-331?utm_source=share&ref=863ye8mf
e03-06-name-352,https://made.example.invalid/names/e03-06-name-352/contender-3
e03-06-name-353,https://made.example.invalid/names/e03-06-name-353/contender-2
FXxG,https://made.example.invalid/e03-06/6-332?utm_source=share&ref=fxqkgszl
e03-06-name-354,https://made.example.invalid/names/e03-06-name-354/contender-5
FXxH,https://made.example.invalid/e03-06/5-333?utm_source=share&ref=gqs2v4ma
e03-06-name-355,https://made.example.invalid/names/e03-06-name-355/contender-5
e03-06-name-356,https://made.example.invalid/names/e03-06-name-356/contender-5
FXxI,https://made.example.invalid/e03-06/9-334?utm_source=share&ref=bszqz9ea
e03-06-name-357,https://made.example.invalid/names/e03-06-name-357/contender-10
e03-06-name-358,https://made.example.invalid/names/e03-06-name-358/contender-3
FXxJ,https://made.example.invalid/e03-06/3-335?utm_source=share&ref=pbgm67ct
e03-06-name-359,https://made.example.invalid/names/e03-06-name-359/contender-1
FXxK,https://made.example.invalid/e03-06/7-336?utm_source=share&ref=iosrgebi
e03-06-name-360,https://made.example.invalid/names/e03-06-name-360/contender-1
e03-06-name-361,https://made.example.invalid/names/e03-06-name-361/contender-6
FXxL,https://made.example.invalid/e03-06/6-337?utm_source=share&ref=07inrbkr
e03-06-name-362,https://made.example.invalid/names/e03-06-name-362/contender-1
e03-06-name-363,https://made.example.invalid/names/e03-06-name-363/contender-3
FXxM,https://made.example.invalid/e03-06/5-338?utm_source=share&ref=id1ohses
e03-06-name-364,https://made.example.invalid/names/e03-06-name-364/contender-0
FXxN,https://made.example.invalid/e03-06/9-339?utm_source=share&ref=1hp3rbt7
e03-06-name-365,https://made.example.invalid/names/e03-06-name-365/contender-1
e03-06-name-366,https://made.example.invalid/names/e03-06-name-366/contender-2
FXxO,https://made.example.invalid/e03-06/3-340?utm_source=share&ref=ezk2ptev
e03-06-name-367,https://made.example.invalid/names/e03-06-name-367/contender-14
e03-06-name-368,https://made.example.invalid/names/e03-06-name-368/contender-5
FXxP,https://made.example.invalid/e03-06/7-341?utm_source=share&ref=evxvhf6g
e03-06-name-369,https://made.example.invalid/names/e03-06-name-369/contender-10
FXxQ,https://made.example.invalid/e03-06/6-342?utm_source=share&ref=pmmr1liv
e03-06-name-370,https://made.example.invalid/names/e03-06-name-370/contender-0
e03-06-name-371,https://made.example.invalid/names/e03-06-name-371/contender-1
FXxR,https://made.example.invalid/e03-06/5-343?utm_source=share&ref=2i8q8sty
e03-06-name-372,https://made.example.invalid/names/e03-06-name-372/contender-9
e03-06-name-373,https://made.example.invalid/names/e03-06-name-373/contender-5
FXxS,https://made.example.invalid/e03-06/9-344?utm_source=share&ref=9m69rnnq
e03-06-name-374,https://made.example.invalid/names/e03-06-name-374/contender-6
FXxT,https://made.example.invalid/e03-06/3-345?utm_source=share&ref=pc9ejn3w
e03-06-name-375,https://made.example.invalid/names/e03-06-name-375/contender-2
e03-06-name-376,https://made.example.invalid/names/e03-06-name-376/contender-6
FXxU,https://made.example.invalid/e03-06/7-346?utm_source=share&ref=isaf96fd
e03-06-name-377,https://made.example.invalid/names/e03-06-name-377/contender-3
e03-06-name-378,https://made.example.invalid/names/e03-06-name-378/contender-2
FXxV,https://made.example.invalid/e03-06/6-347?utm_source=share&ref=spryd4j6
e03-06-name-379,https://made.example.invalid/names/e03-06-name-379/contender-10
FXxW,https://made.example.invalid/e03-06/5-348?utm_source=share&ref=ulukhz4y
e03-06-name-380,https://made.example.invalid/names/e03-06-name-380/contender-0
e03-06-name-381,https://made.example.invalid/names/e03-06-name-381/contender-1
FXxX,https://made.example.invalid/e03-06/9-349?utm_source=share&ref=75s3hqee
e03-06-name-382,https://made.example.invalid/names/e03-06-name-382/contender-1
e03-06-name-383,https://made.example.invalid/names/e03-06-name-383/contender-16
FXxY,https://made.example.invalid/e03-06/3-350?utm_source=share&ref=1t7a664u
e03-06-name-384,https://made.example.invalid/names/e03-06-name-384/contender-2
FXxZ,https://made.example.invalid/e03-06/7-351?utm_source=share&ref=yxcupj7z
e03-06-name-385,https://made.example.invalid/names/e03-06-name-385/contender-2
e03-06-name-386,https://made.example.invalid/names/e03-06-name-386/contender-28
FXy0,https://made.example.invalid/e03-06/6-352?utm_source=share&ref=ngqa3mi1
e03-06-name-387,https://made.example.invalid/names/e03-06-name-387/contender-1
e03-06-name-388,https://made.example.invalid/names/e03-06-name-388/contender-0
FXy1,https://made.example.invalid/e03-06/5-353?utm_source=share&ref=r0yvoapu
e03-06-name-389,https://made.example.invalid/names/e03-06-name-389/contender-1
FXy2,https://made.example.invalid/e03-06/9-354?utm_source=share&ref=0ecnqu26
e03-06-name-390,https://made.example.invalid/names/e03-06-name-390/contender-1
e03-06-name-391,https://made.example.invalid/names/e03-06-name-391/contender-0
FXy3,https://made.example.invalid/e03-06/3-355?utm_source=share&ref=qqk48199
e03-06-name-392,https://made.example.invalid/names/e03-06-name-392/contender-6
e03-06-name-393,https://made.example.invalid/names/e03-06-name-393/contender-18
FXy4,https://made.example.invalid/e03-06/7-356?utm_source=share&ref=i1k5ybhh
e03-06-name-394,https://made.example.invalid/names/e03-06-name-394/contender-24
FXy5,https://made.example.invalid/e03-06/6-357?utm_source=share&ref=9qibyki7
e03-06-name-395,https://made.example.invalid/names/e03-06-name-395/contender-1
e03-06-name-396,https://made.example.invalid/names/e03-06-name-396/contender-17
FXy6,https://made.example.invalid/e03-06/5-358?utm_source=share&ref=j818wfvv
e03-06-name-397,https://made.example.invalid/names/e03-06-name-397/contender-20
e03-06-name-398,https://made.example.invalid/names/e03-06-name-398/contender-18
FXy7,https://made.example.invalid/e03-06/9-359?utm_source=share&ref=si6lcnek
e03-06-name-399,https://made.example.invalid/names/e03-06-name-399/contender-0
FXy8,https://made.example.invalid/e03-06/3-360?utm_source=share&ref=7fgir0tm
e03-06-name-400,https://made.example.invalid/names/e03-06-name-400/contender-2
e03-06-name-401,https://made.example.invalid/names/e03-06-name-401/contender-1
FXy9,https://made.example.invalid/e03-06/7-361?utm_source=share&ref=hhxbu8cz
e03-06-name-402,https://made.example.invalid/names/e03-06-name-402/contender-8
e03-06-name-403,https://made.example.invalid/names/e03-06-name-403/contender-3
FXya,https://made.example.invalid/e03-06/6-362?utm_source=share&ref=7y6b05h5
e03-06-name-404,https://made.example.invalid/names/e03-06-name-404/contender-1
FXyb,https://made.example.invalid/e03-06/5-363?utm_source=share&ref=dlw1u6k5
e03-06-name-405,https://made.example.invalid/names/e03-06-name-405/contender-6
e03-06-name-406,https://made.example.invalid/names/e03-06-name-406/contender-1
FXyc,https://made.example.invalid/e03-06/9-364?utm_source=share&ref=baq5igek
e03-06-name-407,https://made.example.invalid/names/e03-06-name-407/contender-16
e03-06-name-408,https://made.example.invalid/names/e03-06-name-408/contender-7
FXyd,https://made.example.invalid/e03-06/3-365?utm_source=share&ref=c2fl7fi6
e03-06-name-409,https://made.example.invalid/names/e03-06-name-409/contender-3
FXye,https://made.example.invalid/e03-06/7-366?utm_source=share&ref=ddcip9u6
e03-06-name-410,https://made.example.invalid/names/e03-06-name-410/contender-6
e03-06-name-411,https://made.example.invalid/names/e03-06-name-411/contender-5
FXyf,https://made.example.invalid/e03-06/6-367?utm_source=share&ref=htxfy8xy
e03-06-name-412,https://made.example.invalid/names/e03-06-name-412/contender-1
e03-06-name-413,https://made.example.invalid/names/e03-06-name-413/contender-0
FXyg,https://made.example.invalid/e03-06/5-368?utm_source=share&ref=uvckzzn0
e03-06-name-414,https://made.example.invalid/names/e03-06-name-414/contender-1
FXyh,https://made.example.invalid/e03-06/9-369?utm_source=share&ref=aroy6468
e03-06-name-415,https://made.example.invalid/names/e03-06-name-415/contender-4
e03-06-name-416,https://made.example.invalid/names/e03-06-name-416/contender-12
FXyi,https://made.example.invalid/e03-06/3-370?utm_source=share&ref=4huqg2bx
e03-06-name-417,https://made.example.invalid/names/e03-06-name-417/contender-3
e03-06-name-418,https://made.example.invalid/names/e03-06-name-418/contender-0
FXyj,https://made.example.invalid/e03-06/7-371?utm_source=share&ref=wgne39su
e03-06-name-419,https://made.example.invalid/names/e03-06-name-419/contender-2
FXyk,https://made.example.invalid/e03-06/6-372?utm_source=share&ref=w1p3o794
e03-06-name-420,https://made.example.invalid/names/e03-06-name-420/contender-5
e03-06-name-421,https://made.example.invalid/names/e03-06-name-421/contender-1
FXyl,https://made.example.invalid/e03-06/5-373?utm_source=share&ref=metgu036
e03-06-name-422,https://made.example.invalid/names/e03-06-name-422/contender-23
e03-06-name-423,https://made.example.invalid/names/e03-06-name-423/contender-8
FXym,https://made.example.invalid/e03-06/9-374?utm_source=share&ref=t9r0vpgf
e03-06-name-424,https://made.example.invalid/names/e03-06-name-424/contender-0
FXyn,https://made.example.invalid/e03-06/3-375?utm_source=share&ref=2tgq5gmo
e03-06-name-425,https://made.example.invalid/names/e03-06-name-425/contender-4
e03-06-name-426,https://made.example.invalid/names/e03-06-name-426/contender-0
FXyo,https://made.example.invalid/e03-06/7-376?utm_source=share&ref=jxe9cxq8
e03-06-name-427,https://made.example.invalid/names/e03-06-name-427/contender-14
e03-06-name-428,https://made.example.invalid/names/e03-06-name-428/contender-0
FXyp,https://made.example.invalid/e03-06/6-377?utm_source=share&ref=5ao5mc4h
e03-06-name-429,https://made.example.invalid/names/e03-06-name-429/contender-6
FXyq,https://made.example.invalid/e03-06/5-378?utm_source=share&ref=vgh75hj2
e03-06-name-430,https://made.example.invalid/names/e03-06-name-430/contender-5
e03-06-name-431,https://made.example.invalid/names/e03-06-name-431/contender-29
FXyr,https://made.example.invalid/e03-06/9-379?utm_source=share&ref=noth6sjs
e03-06-name-432,https://made.example.invalid/names/e03-06-name-432/contender-25
e03-06-name-433,https://made.example.invalid/names/e03-06-name-433/contender-6
FXys,https://made.example.invalid/e03-06/3-380?utm_source=share&ref=j9dbu5sj
e03-06-name-434,https://made.example.invalid/names/e03-06-name-434/contender-1
FXyt,https://made.example.invalid/e03-06/7-381?utm_source=share&ref=610wjlhx
e03-06-name-435,https://made.example.invalid/names/e03-06-name-435/contender-1
e03-06-name-436,https://made.example.invalid/names/e03-06-name-436/contender-6
FXyu,https://made.example.invalid/e03-06/6-382?utm_source=share&ref=ozna78z3
e03-06-name-437,https://made.example.invalid/names/e03-06-name-437/contender-0
e03-06-name-438,https://made.example.invalid/names/e03-06-name-438/contender-37
FXyv,https://made.example.invalid/e03-06/5-383?utm_source=share&ref=xh4kjn0h
e03-06-name-439,https://made.example.invalid/names/e03-06-name-439/contender-3
FXyw,https://made.example.invalid/e03-06/9-384?utm_source=share&ref=qj3hkhpz
e03-06-name-440,https://made.example.invalid/names/e03-06-name-440/contender-0
e03-06-name-441,https://made.example.invalid/names/e03-06-name-441/contender-4
FXyx,https://made.example.invalid/e03-06/3-385?utm_source=share&ref=zj5qhk94
e03-06-name-442,https://made.example.invalid/names/e03-06-name-442/contender-1
e03-06-name-443,https://made.example.invalid/names/e03-06-name-443/contender-24
FXyy,https://made.example.invalid/e03-06/7-386?utm_source=share&ref=a9qw7cg8
e03-06-name-444,https://made.example.invalid/names/e03-06-name-444/contender-3
FXyz,https://made.example.invalid/e03-06/6-387?utm_source=share&ref=a4p5h0ql
e03-06-name-445,https://made.example.invalid/names/e03-06-name-445/contender-5
e03-06-name-446,https://made.example.invalid/names/e03-06-name-446/contender-1
FXyA,https://made.example.invalid/e03-06/5-388?utm_source=share&ref=xuvvek5w
e03-06-name-447,https://made.example.invalid/names/e03-06-name-447/contender-9
e03-06-name-448,https://made.example.invalid/names/e03-06-name-448/contender-3
FXyB,https://made.example.invalid/e03-06/9-389?utm_source=share&ref=v5p2catu
e03-06-name-449,https://made.example.invalid/names/e03-06-name-449/contender-1
FXyC,https://made.example.invalid/e03-06/3-390?utm_source=share&ref=yu97fqfr
e03-06-name-450,https://made.example.invalid/names/e03-06-name-450/contender-0
e03-06-name-451,https://made.example.invalid/names/e03-06-name-451/contender-8
FXyD,https://made.example.invalid/e03-06/7-391?utm_source=share&ref=1l692yyb
e03-06-name-452,https://made.example.invalid/names/e03-06-name-452/contender-1
e03-06-name-453,https://made.example.invalid/names/e03-06-name-453/contender-0
FXyE,https://made.example.invalid/e03-06/6-392?utm_source=share&ref=5naoblp8
e03-06-name-454,https://made.example.invalid/names/e03-06-name-454/contender-1
FXyF,https://made.example.invalid/e03-06/5-393?utm_source=share&ref=5j67vzl3
e03-06-name-455,https://made.example.invalid/names/e03-06-name-455/contender-0
e03-06-name-456,https://made.example.invalid/names/e03-06-name-456/contender-31
FXyG,https://made.example.invalid/e03-06/9-394?utm_source=share&ref=cbi8mpga
e03-06-name-457,https://made.example.invalid/names/e03-06-name-457/contender-1
e03-06-name-458,https://made.example.invalid/names/e03-06-name-458/contender-4
FXyH,https://made.example.invalid/e03-06/3-395?utm_source=share&ref=k7wsyigf
e03-06-name-459,https://made.example.invalid/names/e03-06-name-459/contender-5
FXyI,https://made.example.invalid/e03-06/7-396?utm_source=share&ref=fl6n6idn
e03-06-name-460,https://made.example.invalid/names/e03-06-name-460/contender-3
e03-06-name-461,https://made.example.invalid/names/e03-06-name-461/contender-7
FXyJ,https://made.example.invalid/e03-06/6-397?utm_source=share&ref=7upgehb9
e03-06-name-462,https://made.example.invalid/names/e03-06-name-462/contender-4
e03-06-name-463,https://made.example.invalid/names/e03-06-name-463/contender-0
FXyK,https://made.example.invalid/e03-06/5-398?utm_source=share&ref=u9vonzxf
e03-06-name-464,https://made.example.invalid/names/e03-06-name-464/contender-4
FXyL,https://made.example.invalid/e03-06/9-399?utm_source=share&ref=3evk4oot
e03-06-name-465,https://made.example.invalid/names/e03-06-name-465/contender-4
e03-06-name-466,https://made.example.invalid/names/e03-06-name-466/contender-3
FXyM,https://made.example.invalid/e03-06/3-400?utm_source=share&ref=s82p1gtb
e03-06-name-467,https://made.example.invalid/names/e03-06-name-467/contender-0
e03-06-name-468,https://made.example.invalid/names/e03-06-name-468/contender-2
FXyN,https://made.example.invalid/e03-06/7-401?utm_source=share&ref=xosheftu
e03-06-name-469,https://made.example.invalid/names/e03-06-name-469/contender-3
FXyO,https://made.example.invalid/e03-06/6-402?utm_source=share&ref=ic0fgczj
e03-06-name-470,https://made.example.invalid/names/e03-06-name-470/contender-10
e03-06-name-471,https://made.example.invalid/names/e03-06-name-471/contender-0
FXyP,https://made.example.invalid/e03-06/5-403?utm_source=share&ref=3rzm6g9h
e03-06-name-472,https://made.example.invalid/names/e03-06-name-472/contender-0
e03-06-name-473,https://made.example.invalid/names/e03-06-name-473/contender-7
FXyQ,https://made.example.invalid/e03-06/9-404?utm_source=share&ref=fnsim98o
e03-06-name-474,https://made.example.invalid/names/e03-06-name-474/contender-2
FXyR,https://made.example.invalid/e03-06/3-405?utm_source=share&ref=djgi43ec
e03-06-name-475,https://made.example.invalid/names/e03-06-name-475/contender-3
e03-06-name-476,https://made.example.invalid/names/e03-06-name-476/contender-22
FXyS,https://made.example.invalid/e03-06/7-406?utm_source=share&ref=0z4ww9iu
e03-06-name-477,https://made.example.invalid/names/e03-06-name-477/contender-8
e03-06-name-478,https://made.example.invalid/names/e03-06-name-478/contender-1
FXyT,https://made.example.invalid/e03-06/6-407?utm_source=share&ref=mrzvk20d
e03-06-name-479,https://made.example.invalid/names/e03-06-name-479/contender-3
FXyU,https://made.example.invalid/e03-06/5-408?utm_source=share&ref=gyvlbolp
e03-06-name-480,https://made.example.invalid/names/e03-06-name-480/contender-2
e03-06-name-481,https://made.example.invalid/names/e03-06-name-481/contender-4
FXyV,https://made.example.invalid/e03-06/9-409?utm_source=share&ref=oi20yz88
e03-06-name-482,https://made.example.invalid/names/e03-06-name-482/contender-0
e03-06-name-483,https://made.example.invalid/names/e03-06-name-483/contender-1
FXyW,https://made.example.invalid/e03-06/3-410?utm_source=share&ref=rdvf2xpu
e03-06-name-484,https://made.example.invalid/names/e03-06-name-484/contender-8
FXyX,https://made.example.invalid/e03-06/7-411?utm_source=share&ref=vjhnom4g
e03-06-name-485,https://made.example.invalid/names/e03-06-name-485/contender-1
e03-06-name-486,https://made.example.invalid/names/e03-06-name-486/contender-3
FXyY,https://made.example.invalid/e03-06/6-412?utm_source=share&ref=isq3hqqg
e03-06-name-487,https://made.example.invalid/names/e03-06-name-487/contender-2
e03-06-name-488,https://made.example.invalid/names/e03-06-name-488/contender-14
FXyZ,https://made.example.invalid/e03-06/5-413?utm_source=share&ref=5ahah9ji
e03-06-name-489,https://made.example.invalid/names/e03-06-name-489/contender-42
FXz0,https://made.example.invalid/e03-06/9-414?utm_source=share&ref=xuz59pmn
e03-06-name-490,https://made.example.invalid/names/e03-06-name-490/contender-16
e03-06-name-491,https://made.example.invalid/names/e03-06-name-491/contender-4
FXz1,https://made.example.invalid/e03-06/3-415?utm_source=share&ref=2qk66g32
e03-06-name-492,https://made.example.invalid/names/e03-06-name-492/contender-0
e03-06-name-493,https://made.example.invalid/names/e03-06-name-493/contender-0
FXz2,https://made.example.invalid/e03-06/7-416?utm_source=share&ref=695vzq9d
e03-06-name-494,https://made.example.invalid/names/e03-06-name-494/contender-0
FXz3,https://made.example.invalid/e03-06/6-417?utm_source=share&ref=p0uhna1f
e03-06-name-495,https://made.example.invalid/names/e03-06-name-495/contender-6
e03-06-name-496,https://made.example.invalid/names/e03-06-name-496/contender-1
FXz4,https://made.example.invalid/e03-06/5-418?utm_source=share&ref=xyd30ysx
e03-06-name-497,https://made.example.invalid/names/e03-06-name-497/contender-0
e03-06-name-498,https://made.example.invalid/names/e03-06-name-498/contender-18
FXz5,https://made.example.invalid/e03-06/9-419?utm_source=share&ref=iwfr02v3
e03-06-name-499,https://made.example.invalid/names/e03-06-name-499/contender-3
FXz6,https://made.example.invalid/e03-06/3-420?utm_source=share&ref=5gffgv4b
e03-06-name-500,https://made.example.invalid/names/e03-06-name-500/contender-3
e03-06-name-501,https://made.example.invalid/names/e03-06-name-501/contender-1
FXz7,https://made.example.invalid/e03-06/7-421?utm_source=share&ref=nrw2bkvi
e03-06-name-502,https://made.example.invalid/names/e03-06-name-502/contender-1
e03-06-name-503,https://made.example.invalid/names/e03-06-name-503/contender-7
FXz8,https://made.example.invalid/e03-06/6-422?utm_source=share&ref=hx73eip7
e03-06-name-504,https://made.example.invalid/names/e03-06-name-504/contender-0
FXz9,https://made.example.invalid/e03-06/5-423?utm_source=share&ref=0qgbxx2d
e03-06-name-505,https://made.example.invalid/names/e03-06-name-505/contender-17
e03-06-name-506,https://made.example.invalid/names/e03-06-name-506/contender-0
FXza,https://made.example.invalid/e03-06/9-424?utm_source=share&ref=66tixkpv
e03-06-name-507,https://made.example.invalid/names/e03-06-name-507/contender-7
e03-06-name-508,https://made.example.invalid/names/e03-06-name-508/contender-0
FXzb,https://made.example.invalid/e03-06/3-425?utm_source=share&ref=w8cs7snr
e03-06-name-509,https://made.example.invalid/names/e03-06-name-509/contender-5
FXzc,https://made.example.invalid/e03-06/7-426?utm_source=share&ref=a2nn6yg0
e03-06-name-510,https://made.example.invalid/names/e03-06-name-510/contender-2
e03-06-name-511,https://made.example.invalid/names/e03-06-name-511/contender-1
FXzd,https://made.example.invalid/e03-06/6-427?utm_source=share&ref=ktcgbndl
e03-06-name-512,https://made.example.invalid/names/e03-06-name-512/contender-0
e03-06-name-513,https://made.example.invalid/names/e03-06-name-513/contender-0
FXze,https://made.example.invalid/e03-06/5-428?utm_source=share&ref=ucoazbs0
e03-06-name-514,https://made.example.invalid/names/e03-06-name-514/contender-4
FXzf,https://made.example.invalid/e03-06/9-429?utm_source=share&ref=soja6dts
e03-06-name-515,https://made.example.invalid/names/e03-06-name-515/contender-1
e03-06-name-516,https://made.example.invalid/names/e03-06-name-516/contender-1
FXzg,https://made.example.invalid/e03-06/3-430?utm_source=share&ref=i36tjmim
e03-06-name-517,https://made.example.invalid/names/e03-06-name-517/contender-10
e03-06-name-518,https://made.example.invalid/names/e03-06-name-518/contender-11
FXzh,https://made.example.invalid/e03-06/7-431?utm_source=share&ref=e6yn2hq5
e03-06-name-519,https://made.example.invalid/names/e03-06-name-519/contender-0
FXzi,https://made.example.invalid/e03-06/6-432?utm_source=share&ref=svx1n7fs
e03-06-name-520,https://made.example.invalid/names/e03-06-name-520/contender-6
e03-06-name-521,https://made.example.invalid/names/e03-06-name-521/contender-1
FXzj,https://made.example.invalid/e03-06/5-433?utm_source=share&ref=x5b9z4cw
e03-06-name-522,https://made.example.invalid/names/e03-06-name-522/contender-12
e03-06-name-523,https://made.example.invalid/names/e03-06-name-523/contender-1
FXzk,https://made.example.invalid/e03-06/9-434?utm_source=share&ref=u2af9rme
e03-06-name-524,https://made.example.invalid/names/e03-06-name-524/contender-4
FXzl,https://made.example.invalid/e03-06/3-435?utm_source=share&ref=78qyu8jq
e03-06-name-525,https://made.example.invalid/names/e03-06-name-525/contender-5
e03-06-name-526,https://made.example.invalid/names/e03-06-name-526/contender-1
FXzm,https://made.example.invalid/e03-06/7-436?utm_source=share&ref=ssdwxqjz
e03-06-name-527,https://made.example.invalid/names/e03-06-name-527/contender-1
e03-06-name-528,https://made.example.invalid/names/e03-06-name-528/contender-10
FXzn,https://made.example.invalid/e03-06/6-437?utm_source=share&ref=ab3rkt7z
e03-06-name-529,https://made.example.invalid/names/e03-06-name-529/contender-0
FXzo,https://made.example.invalid/e03-06/5-438?utm_source=share&ref=8blmnd2d
e03-06-name-530,https://made.example.invalid/names/e03-06-name-530/contender-1
e03-06-name-531,https://made.example.invalid/names/e03-06-name-531/contender-13
FXzp,https://made.example.invalid/e03-06/9-439?utm_source=share&ref=uqofdy1o
e03-06-name-532,https://made.example.invalid/names/e03-06-name-532/contender-7
e03-06-name-533,https://made.example.invalid/names/e03-06-name-533/contender-3
FXzq,https://made.example.invalid/e03-06/3-440?utm_source=share&ref=vdgm3kfu
e03-06-name-534,https://made.example.invalid/names/e03-06-name-534/contender-5
FXzr,https://made.example.invalid/e03-06/7-441?utm_source=share&ref=8omqaji0
e03-06-name-535,https://made.example.invalid/names/e03-06-name-535/contender-4
e03-06-name-536,https://made.example.invalid/names/e03-06-name-536/contender-7
FXzs,https://made.example.invalid/e03-06/6-442?utm_source=share&ref=x6v15xck
e03-06-name-537,https://made.example.invalid/names/e03-06-name-537/contender-31
e03-06-name-538,https://made.example.invalid/names/e03-06-name-538/contender-0
FXzt,https://made.example.invalid/e03-06/5-443?utm_source=share&ref=6a7hots0
e03-06-name-539,https://made.example.invalid/names/e03-06-name-539/contender-1
FXzu,https://made.example.invalid/e03-06/9-444?utm_source=share&ref=i91jw2ly
e03-06-name-540,https://made.example.invalid/names/e03-06-name-540/contender-7
e03-06-name-541,https://made.example.invalid/names/e03-06-name-541/contender-21
FXzv,https://made.example.invalid/e03-06/3-445?utm_source=share&ref=vd450j4b
e03-06-name-542,https://made.example.invalid/names/e03-06-name-542/contender-4
e03-06-name-543,https://made.example.invalid/names/e03-06-name-543/contender-6
FXzw,https://made.example.invalid/e03-06/7-446?utm_source=share&ref=7dkj0gwn
e03-06-name-544,https://made.example.invalid/names/e03-06-name-544/contender-3
FXzx,https://made.example.invalid/e03-06/6-447?utm_source=share&ref=a9vi6149
e03-06-name-545,https://made.example.invalid/names/e03-06-name-545/contender-0
e03-06-name-546,https://made.example.invalid/names/e03-06-name-546/contender-3
FXzy,https://made.example.invalid/e03-06/5-448?utm_source=share&ref=u3gn8lu7
e03-06-name-547,https://made.example.invalid/names/e03-06-name-547/contender-8
e03-06-name-548,https://made.example.invalid/names/e03-06-name-548/contender-5
FXzz,https://made.example.invalid/e03-06/9-449?utm_source=share&ref=ruig4r59
e03-06-name-549,https://made.example.invalid/names/e03-06-name-549/contender-30
FXzA,https://made.example.invalid/e03-06/3-450?utm_source=share&ref=f276ps1t
e03-06-name-550,https://made.example.invalid/names/e03-06-name-550/contender-0
e03-06-name-551,https://made.example.invalid/names/e03-06-name-551/contender-2
FXzB,https://made.example.invalid/e03-06/7-451?utm_source=share&ref=it35yqhb
e03-06-name-552,https://made.example.invalid/names/e03-06-name-552/contender-1
e03-06-name-553,https://made.example.invalid/names/e03-06-name-553/contender-0
FXzC,https://made.example.invalid/e03-06/6-452?utm_source=share&ref=9mk1hmdp
e03-06-name-554,https://made.example.invalid/names/e03-06-name-554/contender-1
FXzD,https://made.example.invalid/e03-06/5-453?utm_source=share&ref=d7yn8f1c
e03-06-name-555,https://made.example.invalid/names/e03-06-name-555/contender-1
e03-06-name-556,https://made.example.invalid/names/e03-06-name-556/contender-10
FXzE,https://made.example.invalid/e03-06/9-454?utm_source=share&ref=vegfvnoq
e03-06-name-557,https://made.example.invalid/names/e03-06-name-557/contender-3
e03-06-name-558,https://made.example.invalid/names/e03-06-name-558/contender-1
FXzF,https://made.example.invalid/e03-06/3-455?utm_source=share&ref=s41wqo2k
e03-06-name-559,https://made.example.invalid/names/e03-06-name-559/contender-8
FXzG,https://made.example.invalid/e03-06/7-456?utm_source=share&ref=bhudyh4r
e03-06-name-560,https://made.example.invalid/names/e03-06-name-560/contender-4
e03-06-name-561,https://made.example.invalid/names/e03-06-name-561/contender-1
FXzH,https://made.example.invalid/e03-06/6-457?utm_source=share&ref=qsrvwm5o
e03-06-name-562,https://made.example.invalid/names/e03-06-name-562/contender-7
e03-06-name-563,https://made.example.invalid/names/e03-06-name-563/contender-10
FXzI,https://made.example.invalid/e03-06/5-458?utm_source=share&ref=oqxmbd8y
e03-06-name-564,https://made.example.invalid/names/e03-06-name-564/contender-5
FXzJ,https://made.example.invalid/e03-06/9-459?utm_source=share&ref=zmrdkd48
e03-06-name-565,https://made.example.invalid/names/e03-06-name-565/contender-0
e03-06-name-566,https://made.example.invalid/names/e03-06-name-566/contender-1
FXzK,https://made.example.invalid/e03-06/3-460?utm_source=share&ref=98bvscz0
e03-06-name-567,https://made.example.invalid/names/e03-06-name-567/contender-0
e03-06-name-568,https://made.example.invalid/names/e03-06-name-568/contender-2
FXzL,https://made.example.invalid/e03-06/7-461?utm_source=share&ref=ual87np5
e03-06-name-569,https://made.example.invalid/names/e03-06-name-569/contender-19
FXzM,https://made.example.invalid/e03-06/6-462?utm_source=share&ref=2d740hiw
e03-06-name-570,https://made.example.invalid/names/e03-06-name-570/contender-0
e03-06-name-571,https://made.example.invalid/names/e03-06-name-571/contender-0
FXzN,https://made.example.invalid/e03-06/5-463?utm_source=share&ref=7d0v76kw
e03-06-name-572,https://made.example.invalid/names/e03-06-name-572/contender-0
e03-06-name-573,https://made.example.invalid/names/e03-06-name-573/contender-5
FXzO,https://made.example.invalid/e03-06/9-464?utm_source=share&ref=nsg200nz
e03-06-name-574,https://made.example.invalid/names/e03-06-name-574/contender-4
FXzP,https://made.example.invalid/e03-06/3-465?utm_source=share&ref=i7m3oavw
e03-06-name-575,https://made.example.invalid/names/e03-06-name-575/contender-13
e03-06-name-576,https://made.example.invalid/names/e03-06-name-576/contender-6
FXzQ,https://made.example.invalid/e03-06/7-466?utm_source=share&ref=fnkb0zuo
e03-06-name-577,https://made.example.invalid/names/e03-06-name-577/contender-7
e03-06-name-578,https://made.example.invalid/names/e03-06-name-578/contender-17
FXzR,https://made.example.invalid/e03-06/6-467?utm_source=share&ref=8ah7xn5q
e03-06-name-579,https://made.example.invalid/names/e03-06-name-579/contender-17
FXzS,https://made.example.invalid/e03-06/5-468?utm_source=share&ref=9udtpqre
e03-06-name-580,https://made.example.invalid/names/e03-06-name-580/contender-10
e03-06-name-581,https://made.example.invalid/names/e03-06-name-581/contender-17
FXzT,https://made.example.invalid/e03-06/9-469?utm_source=share&ref=yqau9z6r
e03-06-name-582,https://made.example.invalid/names/e03-06-name-582/contender-22
e03-06-name-583,https://made.example.invalid/names/e03-06-name-583/contender-2
FXzU,https://made.example.invalid/e03-06/3-470?utm_source=share&ref=vkp34cfv
e03-06-name-584,https://made.example.invalid/names/e03-06-name-584/contender-0
FXzV,https://made.example.invalid/e03-06/7-471?utm_source=share&ref=g9q3qeqe
e03-06-name-585,https://made.example.invalid/names/e03-06-name-585/contender-4
e03-06-name-586,https://made.example.invalid/names/e03-06-name-586/contender-2
FXzW,https://made.example.invalid/e03-06/6-472?utm_source=share&ref=b0n7kmq1
e03-06-name-587,https://made.example.invalid/names/e03-06-name-587/contender-0
e03-06-name-588,https://made.example.invalid/names/e03-06-name-588/contender-8
FXzX,https://made.example.invalid/e03-06/5-473?utm_source=share&ref=t6u7oc8z
e03-06-name-589,https://made.example.invalid/names/e03-06-name-589/contender-6
FXzY,https://made.example.invalid/e03-06/9-474?utm_source=share&ref=hc2hsjjh
e03-06-name-590,https://made.example.invalid/names/e03-06-name-590/contender-5
e03-06-name-591,https://made.example.invalid/names/e03-06-name-591/contender-4
FXzZ,https://made.example.invalid/e03-06/3-475?utm_source=share&ref=uhg3akqx
e03-06-name-592,https://made.example.invalid/names/e03-06-name-592/contender-21
e03-06-name-593,https://made.example.invalid/names/e03-06-name-593/contender-4
FXA0,https://made.example.invalid/e03-06/7-476?utm_source=share&ref=ijamqnzx
e03-06-name-594,https://made.example.invalid/names/e03-06-name-594/contender-1
FXA1,https://made.example.invalid/e03-06/6-477?utm_source=share&ref=f4c3g589
e03-06-name-595,https://made.example.invalid/names/e03-06-name-595/contender-1
e03-06-name-596,https://made.example.invalid/names/e03-06-name-596/contender-23
FXA2,https://made.example.invalid/e03-06/5-478?utm_source=share&ref=92z6iv5f
e03-06-name-597,https://made.example.invalid/names/e03-06-name-597/contender-4
e03-06-name-598,https://made.example.invalid/names/e03-06-name-598/contender-1
FXA3,https://made.example.invalid/e03-06/9-479?utm_source=share&ref=cqngncd9
e03-06-name-599,https://made.example.invalid/names/e03-06-name-599/contender-11
FXA4,https://made.example.invalid/e03-06/3-480?utm_source=share&ref=3z0ekk0e
e03-06-name-600,https://made.example.invalid/names/e03-06-name-600/contender-13
e03-06-name-601,https://made.example.invalid/names/e03-06-name-601/contender-9
FXA5,https://made.example.invalid/e03-06/7-481?utm_source=share&ref=q2asq2p2
e03-06-name-602,https://made.example.invalid/names/e03-06-name-602/contender-3
e03-06-name-603,https://made.example.invalid/names/e03-06-name-603/contender-2
FXA6,https://made.example.invalid/e03-06/6-482?utm_source=share&ref=0ggbkb9j
e03-06-name-604,https://made.example.invalid/names/e03-06-name-604/contender-18
FXA7,https://made.example.invalid/e03-06/5-483?utm_source=share&ref=gtk8vdvw
e03-06-name-605,https://made.example.invalid/names/e03-06-name-605/contender-2
e03-06-name-606,https://made.example.invalid/names/e03-06-name-606/contender-27
FXA8,https://made.example.invalid/e03-06/9-484?utm_source=share&ref=gyqjjfba
e03-06-name-607,https://made.example.invalid/names/e03-06-name-607/contender-13
e03-06-name-608,https://made.example.invalid/names/e03-06-name-608/contender-7
FXA9,https://made.example.invalid/e03-06/3-485?utm_source=share&ref=55gvs8q8
e03-06-name-609,https://made.example.invalid/names/e03-06-name-609/contender-0
FXAa,https://made.example.invalid/e03-06/7-486?utm_source=share&ref=wd0zej9k
e03-06-name-610,https://made.example.invalid/names/e03-06-name-610/contender-15
e03-06-name-611,https://made.example.invalid/names/e03-06-name-611/contender-2
FXAb,https://made.example.invalid/e03-06/6-487?utm_source=share&ref=3q2qcta5
e03-06-name-612,https://made.example.invalid/names/e03-06-name-612/contender-13
e03-06-name-613,https://made.example.invalid/names/e03-06-name-613/contender-10
FXAc,https://made.example.invalid/e03-06/5-488?utm_source=share&ref=9xse9e6i
e03-06-name-614,https://made.example.invalid/names/e03-06-name-614/contender-6
FXAd,https://made.example.invalid/e03-06/9-489?utm_source=share&ref=lg3fu0ms
e03-06-name-615,https://made.example.invalid/names/e03-06-name-615/contender-4
e03-06-name-616,https://made.example.invalid/names/e03-06-name-616/contender-0
FXAe,https://made.example.invalid/e03-06/3-490?utm_source=share&ref=8izm5l6s
e03-06-name-617,https://made.example.invalid/names/e03-06-name-617/contender-6
e03-06-name-618,https://made.example.invalid/names/e03-06-name-618/contender-4
FXAf,https://made.example.invalid/e03-06/7-491?utm_source=share&ref=rbymyrhs
e03-06-name-619,https://made.example.invalid/names/e03-06-name-619/contender-10
FXAg,https://made.example.invalid/e03-06/6-492?utm_source=share&ref=v8d7182j
e03-06-name-620,https://made.example.invalid/names/e03-06-name-620/contender-15
e03-06-name-621,https://made.example.invalid/names/e03-06-name-621/contender-3
FXAh,https://made.example.invalid/e03-06/5-493?utm_source=share&ref=jqrlrxju
e03-06-name-622,https://made.example.invalid/names/e03-06-name-622/contender-1
e03-06-name-623,https://made.example.invalid/names/e03-06-name-623/contender-5
FXAi,https://made.example.invalid/e03-06/9-494?utm_source=share&ref=5wb1skun
e03-06-name-624,https://made.example.invalid/names/e03-06-name-624/contender-1
FXAj,https://made.example.invalid/e03-06/3-495?utm_source=share&ref=0v83220q
e03-06-name-625,https://made.example.invalid/names/e03-06-name-625/contender-2
e03-06-name-626,https://made.example.invalid/names/e03-06-name-626/contender-1
FXAk,https://made.example.invalid/e03-06/7-496?utm_source=share&ref=5i5pcggx
e03-06-name-627,https://made.example.invalid/names/e03-06-name-627/contender-0
e03-06-name-628,https://made.example.invalid/names/e03-06-name-628/contender-1
FXAl,https://made.example.invalid/e03-06/6-497?utm_source=share&ref=jc0vig27
e03-06-name-629,https://made.example.invalid/names/e03-06-name-629/contender-1
FXAm,https://made.example.invalid/e03-06/5-498?utm_source=share&ref=x2wivm7w
e03-06-name-630,https://made.example.invalid/names/e03-06-name-630/contender-6
e03-06-name-631,https://made.example.invalid/names/e03-06-name-631/contender-2
FXAn,https://made.example.invalid/e03-06/9-499?utm_source=share&ref=ynyt3o98
e03-06-name-632,https://made.example.invalid/names/e03-06-name-632/contender-1
e03-06-name-633,https://made.example.invalid/names/e03-06-name-633/contender-8
FXAo,https://made.example.invalid/e03-06/3-500?utm_source=share&ref=9m8b4r3q
e03-06-name-634,https://made.example.invalid/names/e03-06-name-634/contender-3
FXAp,https://made.example.invalid/e03-06/7-501?utm_source=share&ref=gjxra6sm
e03-06-name-635,https://made.example.invalid/names/e03-06-name-635/contender-20
e03-06-name-636,https://made.example.invalid/names/e03-06-name-636/contender-0
FXAq,https://made.example.invalid/e03-06/6-502?utm_source=share&ref=8hefs97l
e03-06-name-637,https://made.example.invalid/names/e03-06-name-637/contender-2
e03-06-name-638,https://made.example.invalid/names/e03-06-name-638/contender-1
FXAr,https://made.example.invalid/e03-06/5-503?utm_source=share&ref=b6nyj94g
e03-06-name-639,https://made.example.invalid/names/e03-06-name-639/contender-0
FXAs,https://made.example.invalid/e03-06/9-504?utm_source=share&ref=ees3t4cs
e03-06-name-640,https://made.example.invalid/names/e03-06-name-640/contender-0
e03-06-name-641,https://made.example.invalid/names/e03-06-name-641/contender-0
FXAt,https://made.example.invalid/e03-06/3-505?utm_source=share&ref=guqq8j3v
e03-06-name-642,https://made.example.invalid/names/e03-06-name-642/contender-14
e03-06-name-643,https://made.example.invalid/names/e03-06-name-643/contender-2
FXAu,https://made.example.invalid/e03-06/7-506?utm_source=share&ref=6gayhgb8
e03-06-name-644,https://made.example.invalid/names/e03-06-name-644/contender-3
FXAv,https://made.example.invalid/e03-06/6-507?utm_source=share&ref=46zvjwth
e03-06-name-645,https://made.example.invalid/names/e03-06-name-645/contender-1
e03-06-name-646,https://made.example.invalid/names/e03-06-name-646/contender-0
FXAw,https://made.example.invalid/e03-06/5-508?utm_source=share&ref=zoicfx6x
e03-06-name-647,https://made.example.invalid/names/e03-06-name-647/contender-1
e03-06-name-648,https://made.example.invalid/names/e03-06-name-648/contender-8
FXAx,https://made.example.invalid/e03-06/9-509?utm_source=share&ref=nhqy0vce
e03-06-name-649,https://made.example.invalid/names/e03-06-name-649/contender-3
FXAy,https://made.example.invalid/e03-06/3-510?utm_source=share&ref=4gvunhae
e03-06-name-650,https://made.example.invalid/names/e03-06-name-650/contender-3
e03-06-name-651,https://made.example.invalid/names/e03-06-name-651/contender-0
FXAz,https://made.example.invalid/e03-06/7-511?utm_source=share&ref=7rvuo15k
e03-06-name-652,https://made.example.invalid/names/e03-06-name-652/contender-2
e03-06-name-653,https://made.example.invalid/names/e03-06-name-653/contender-9
FXAA,https://made.example.invalid/e03-06/6-512?utm_source=share&ref=58lcmk6h
e03-06-name-654,https://made.example.invalid/names/e03-06-name-654/contender-6
FXAB,https://made.example.invalid/e03-06/5-513?utm_source=share&ref=tde5y49e
e03-06-name-655,https://made.example.invalid/names/e03-06-name-655/contender-1
e03-06-name-656,https://made.example.invalid/names/e03-06-name-656/contender-6
FXAC,https://made.example.invalid/e03-06/9-514?utm_source=share&ref=y6a4hkyw
e03-06-name-657,https://made.example.invalid/names/e03-06-name-657/contender-4
e03-06-name-658,https://made.example.invalid/names/e03-06-name-658/contender-3
FXAD,https://made.example.invalid/e03-06/3-515?utm_source=share&ref=eksc00eh
e03-06-name-659,https://made.example.invalid/names/e03-06-name-659/contender-7
FXAE,https://made.example.invalid/e03-06/7-516?utm_source=share&ref=tlur9bh9
e03-06-name-660,https://made.example.invalid/names/e03-06-name-660/contender-4
e03-06-name-661,https://made.example.invalid/names/e03-06-name-661/contender-25
FXAF,https://made.example.invalid/e03-06/6-517?utm_source=share&ref=qvmqztcx
e03-06-name-662,https://made.example.invalid/names/e03-06-name-662/contender-0
e03-06-name-663,https://made.example.invalid/names/e03-06-name-663/contender-10
FXAG,https://made.example.invalid/e03-06/5-518?utm_source=share&ref=1k7dwebq
e03-06-name-664,https://made.example.invalid/names/e03-06-name-664/contender-1
FXAH,https://made.example.invalid/e03-06/9-519?utm_source=share&ref=4y7nde71
e03-06-name-665,https://made.example.invalid/names/e03-06-name-665/contender-7
e03-06-name-666,https://made.example.invalid/names/e03-06-name-666/contender-0
FXAI,https://made.example.invalid/e03-06/3-520?utm_source=share&ref=rg475jly
e03-06-name-667,https://made.example.invalid/names/e03-06-name-667/contender-2
e03-06-name-668,https://made.example.invalid/names/e03-06-name-668/contender-9
FXAJ,https://made.example.invalid/e03-06/7-521?utm_source=share&ref=expdkvdq
e03-06-name-669,https://made.example.invalid/names/e03-06-name-669/contender-5
FXAK,https://made.example.invalid/e03-06/6-522?utm_source=share&ref=j3ch406n
e03-06-name-670,https://made.example.invalid/names/e03-06-name-670/contender-4
e03-06-name-671,https://made.example.invalid/names/e03-06-name-671/contender-1
FXAL,https://made.example.invalid/e03-06/5-523?utm_source=share&ref=0zbnk2wu
e03-06-name-672,https://made.example.invalid/names/e03-06-name-672/contender-15
e03-06-name-673,https://made.example.invalid/names/e03-06-name-673/contender-8
FXAM,https://made.example.invalid/e03-06/9-524?utm_source=share&ref=hswbgb71
e03-06-name-674,https://made.example.invalid/names/e03-06-name-674/contender-0
FXAN,https://made.example.invalid/e03-06/3-525?utm_source=share&ref=p9rb89am
e03-06-name-675,https://made.example.invalid/names/e03-06-name-675/contender-13
e03-06-name-676,https://made.example.invalid/names/e03-06-name-676/contender-10
FXAO,https://made.example.invalid/e03-06/7-526?utm_source=share&ref=ek5b5qea
e03-06-name-677,https://made.example.invalid/names/e03-06-name-677/contender-3
e03-06-name-678,https://made.example.invalid/names/e03-06-name-678/contender-17
FXAP,https://made.example.invalid/e03-06/6-527?utm_source=share&ref=yhvsbm6a
e03-06-name-679,https://made.example.invalid/names/e03-06-name-679/contender-4
FXAQ,https://made.example.invalid/e03-06/5-528?utm_source=share&ref=afpd6b1u
e03-06-name-680,https://made.example.invalid/names/e03-06-name-680/contender-7
e03-06-name-681,https://made.example.invalid/names/e03-06-name-681/contender-3
FXAR,https://made.example.invalid/e03-06/9-529?utm_source=share&ref=530whe1g
e03-06-name-682,https://made.example.invalid/names/e03-06-name-682/contender-14
e03-06-name-683,https://made.example.invalid/names/e03-06-name-683/contender-12
FXAS,https://made.example.invalid/e03-06/3-530?utm_source=share&ref=uh0602bl
e03-06-name-684,https://made.example.invalid/names/e03-06-name-684/contender-1
FXAT,https://made.example.invalid/e03-06/7-531?utm_source=share&ref=vclve0dy
e03-06-name-685,https://made.example.invalid/names/e03-06-name-685/contender-3
e03-06-name-686,https://made.example.invalid/names/e03-06-name-686/contender-2
FXAU,https://made.example.invalid/e03-06/6-532?utm_source=share&ref=f8kmu5oi
e03-06-name-687,https://made.example.invalid/names/e03-06-name-687/contender-7
e03-06-name-688,https://made.example.invalid/names/e03-06-name-688/contender-0
FXAV,https://made.example.invalid/e03-06/5-533?utm_source=share&ref=7zupey90
e03-06-name-689,https://made.example.invalid/names/e03-06-name-689/contender-6
FXAW,https://made.example.invalid/e03-06/9-534?utm_source=share&ref=521q6zb3
e03-06-name-690,https://made.example.invalid/names/e03-06-name-690/contender-3
e03-06-name-691,https://made.example.invalid/names/e03-06-name-691/contender-1
FXAX,https://made.example.invalid/e03-06/3-535?utm_source=share&ref=fdce4ze1
e03-06-name-692,https://made.example.invalid/names/e03-06-name-692/contender-8
e03-06-name-693,https://made.example.invalid/names/e03-06-name-693/contender-0
FXAY,https://made.example.invalid/e03-06/7-536?utm_source=share&ref=41pdgfzp
e03-06-name-694,https://made.example.invalid/names/e03-06-name-694/contender-0
FXAZ,https://made.example.invalid/e03-06/6-537?utm_source=share&ref=it4g3cz0
e03-06-name-695,https://made.example.invalid/names/e03-06-name-695/contender-17
e03-06-name-696,https://made.example.invalid/names/e03-06-name-696/contender-8
FXB0,https://made.example.invalid/e03-06/5-538?utm_source=share&ref=ynswv7u2
e03-06-name-697,https://made.example.invalid/names/e03-06-name-697/contender-2
e03-06-name-698,https://made.example.invalid/names/e03-06-name-698/contender-24
FXB1,https://made.example.invalid/e03-06/9-539?utm_source=share&ref=sfba4rg5
e03-06-name-699,https://made.example.invalid/names/e03-06-name-699/contender-6
FXB2,https://made.example.invalid/e03-06/3-540?utm_source=share&ref=2z5ra2xi
e03-06-name-700,https://made.example.invalid/names/e03-06-name-700/contender-7
e03-06-name-701,https://made.example.invalid/names/e03-06-name-701/contender-0
FXB3,https://made.example.invalid/e03-06/7-541?utm_source=share&ref=ejnfrtc5
e03-06-name-702,https://made.example.invalid/names/e03-06-name-702/contender-0
e03-06-name-703,https://made.example.invalid/names/e03-06-name-703/contender-1
FXB4,https://made.example.invalid/e03-06/6-542?utm_source=share&ref=henbm9ea
e03-06-name-704,https://made.example.invalid/names/e03-06-name-704/contender-1
FXB5,https://made.example.invalid/e03-06/5-543?utm_source=share&ref=wq89xknt
e03-06-name-705,https://made.example.invalid/names/e03-06-name-705/contender-5
e03-06-name-706,https://made.example.invalid/names/e03-06-name-706/contender-0
FXB6,https://made.example.invalid/e03-06/9-544?utm_source=share&ref=69kcmdyt
e03-06-name-707,https://made.example.invalid/names/e03-06-name-707/contender-0
e03-06-name-708,https://made.example.invalid/names/e03-06-name-708/contender-9
FXB7,https://made.example.invalid/e03-06/3-545?utm_source=share&ref=0t6h4loh
e03-06-name-709,https://made.example.invalid/names/e03-06-name-709/contender-1
FXB8,https://made.example.invalid/e03-06/7-546?utm_source=share&ref=oslqcwje
e03-06-name-710,https://made.example.invalid/names/e03-06-name-710/contender-0
e03-06-name-711,https://made.example.invalid/names/e03-06-name-711/contender-0
FXB9,https://made.example.invalid/e03-06/6-547?utm_source=share&ref=gqh8rrpk
e03-06-name-712,https://made.example.invalid/names/e03-06-name-712/contender-2
e03-06-name-713,https://made.example.invalid/names/e03-06-name-713/contender-2
FXBa,https://made.example.invalid/e03-06/5-548?utm_source=share&ref=afbi6pcb
e03-06-name-714,https://made.example.invalid/names/e03-06-name-714/contender-2
FXBb,https://made.example.invalid/e03-06/9-549?utm_source=share&ref=xi8c5mv1
e03-06-name-715,https://made.example.invalid/names/e03-06-name-715/contender-0
e03-06-name-716,https://made.example.invalid/names/e03-06-name-716/contender-4
FXBc,https://made.example.invalid/e03-06/3-550?utm_source=share&ref=07iu6jf4
e03-06-name-717,https://made.example.invalid/names/e03-06-name-717/contender-11
e03-06-name-718,https://made.example.invalid/names/e03-06-name-718/contender-12
FXBd,https://made.example.invalid/e03-06/7-551?utm_source=share&ref=3jdz3hhp
e03-06-name-719,https://made.example.invalid/names/e03-06-name-719/contender-7
FXBe,https://made.example.invalid/e03-06/6-552?utm_source=share&ref=qgl9wux7
e03-06-name-720,https://made.example.invalid/names/e03-06-name-720/contender-17
e03-06-name-721,https://made.example.invalid/names/e03-06-name-721/contender-10
FXBf,https://made.example.invalid/e03-06/5-553?utm_source=share&ref=9mrbvux4
e03-06-name-722,https://made.example.invalid/names/e03-06-name-722/contender-0
e03-06-name-723,https://made.example.invalid/names/e03-06-name-723/contender-34
FXBg,https://made.example.invalid/e03-06/9-554?utm_source=share&ref=2kkxzg6z
e03-06-name-724,https://made.example.invalid/names/e03-06-name-724/contender-4
FXBh,https://made.example.invalid/e03-06/3-555?utm_source=share&ref=iuhn13m6
e03-06-name-725,https://made.example.invalid/names/e03-06-name-725/contender-14
e03-06-name-726,https://made.example.invalid/names/e03-06-name-726/contender-5
FXBi,https://made.example.invalid/e03-06/7-556?utm_source=share&ref=f04iwv9g
e03-06-name-727,https://made.example.invalid/names/e03-06-name-727/contender-10
e03-06-name-728,https://made.example.invalid/names/e03-06-name-728/contender-19
FXBj,https://made.example.invalid/e03-06/6-557?utm_source=share&ref=sm6j5mgc
e03-06-name-729,https://made.example.invalid/names/e03-06-name-729/contender-11
FXBk,https://made.example.invalid/e03-06/5-558?utm_source=share&ref=yryjvuzq
e03-06-name-730,https://made.example.invalid/names/e03-06-name-730/contender-1
e03-06-name-731,https://made.example.invalid/names/e03-06-name-731/contender-4
FXBl,https://made.example.invalid/e03-06/9-559?utm_source=share&ref=wzbzhfpr
e03-06-name-732,https://made.example.invalid/names/e03-06-name-732/contender-16
e03-06-name-733,https://made.example.invalid/names/e03-06-name-733/contender-47
FXBm,https://made.example.invalid/e03-06/3-560?utm_source=share&ref=quadjfkb
e03-06-name-734,https://made.example.invalid/names/e03-06-name-734/contender-0
FXBn,https://made.example.invalid/e03-06/7-561?utm_source=share&ref=ttffy56r
e03-06-name-735,https://made.example.invalid/names/e03-06-name-735/contender-1
e03-06-name-736,https://made.example.invalid/names/e03-06-name-736/contender-11
FXBo,https://made.example.invalid/e03-06/6-562?utm_source=share&ref=b0z70xpi
e03-06-name-737,https://made.example.invalid/names/e03-06-name-737/contender-6
e03-06-name-738,https://made.example.invalid/names/e03-06-name-738/contender-9
FXBp,https://made.example.invalid/e03-06/5-563?utm_source=share&ref=fca1j6la
e03-06-name-739,https://made.example.invalid/names/e03-06-name-739/contender-27
FXBq,https://made.example.invalid/e03-06/9-564?utm_source=share&ref=z43yrnoe
e03-06-name-740,https://made.example.invalid/names/e03-06-name-740/contender-3
e03-06-name-741,https://made.example.invalid/names/e03-06-name-741/contender-0
FXBr,https://made.example.invalid/e03-06/3-565?utm_source=share&ref=yv5w5eox
e03-06-name-742,https://made.example.invalid/names/e03-06-name-742/contender-12
e03-06-name-743,https://made.example.invalid/names/e03-06-name-743/contender-0
FXBs,https://made.example.invalid/e03-06/7-566?utm_source=share&ref=ibx1kdka
e03-06-name-744,https://made.example.invalid/names/e03-06-name-744/contender-9
FXBt,https://made.example.invalid/e03-06/6-567?utm_source=share&ref=1y2t6667
e03-06-name-745,https://made.example.invalid/names/e03-06-name-745/contender-1
e03-06-name-746,https://made.example.invalid/names/e03-06-name-746/contender-3
FXBu,https://made.example.invalid/e03-06/5-568?utm_source=share&ref=7hqf55sz
e03-06-name-747,https://made.example.invalid/names/e03-06-name-747/contender-14
e03-06-name-748,https://made.example.invalid/names/e03-06-name-748/contender-18
FXBv,https://made.example.invalid/e03-06/9-569?utm_source=share&ref=v4ggojwe
e03-06-name-749,https://made.example.invalid/names/e03-06-name-749/contender-19
FXBw,https://made.example.invalid/e03-06/3-570?utm_source=share&ref=e7gc56vy
e03-06-name-750,https://made.example.invalid/names/e03-06-name-750/contender-12
e03-06-name-751,https://made.example.invalid/names/e03-06-name-751/contender-1
FXBx,https://made.example.invalid/e03-06/7-571?utm_source=share&ref=jmotkzzv
e03-06-name-752,https://made.example.invalid/names/e03-06-name-752/contender-0
e03-06-name-753,https://made.example.invalid/names/e03-06-name-753/contender-1
FXBy,https://made.example.invalid/e03-06/6-572?utm_source=share&ref=5t2zoxrt
e03-06-name-754,https://made.example.invalid/names/e03-06-name-754/contender-9
FXBz,https://made.example.invalid/e03-06/5-573?utm_source=share&ref=xje2fkc2
e03-06-name-755,https://made.example.invalid/names/e03-06-name-755/contender-0
e03-06-name-756,https://made.example.invalid/names/e03-06-name-756/contender-0
FXBA,https://made.example.invalid/e03-06/9-574?utm_source=share&ref=3xg9kodt
e03-06-name-757,https://made.example.invalid/names/e03-06-name-757/contender-5
e03-06-name-758,https://made.example.invalid/names/e03-06-name-758/contender-0
FXBB,https://made.example.invalid/e03-06/3-575?utm_source=share&ref=2go0bkme
e03-06-name-759,https://made.example.invalid/names/e03-06-name-759/contender-0
FXBC,https://made.example.invalid/e03-06/7-576?utm_source=share&ref=v7ulbcf6
e03-06-name-760,https://made.example.invalid/names/e03-06-name-760/contender-10
e03-06-name-761,https://made.example.invalid/names/e03-06-name-761/contender-4
FXBD,https://made.example.invalid/e03-06/6-577?utm_source=share&ref=6rz24c09
e03-06-name-762,https://made.example.invalid/names/e03-06-name-762/contender-11
e03-06-name-763,https://made.example.invalid/names/e03-06-name-763/contender-3
FXBE,https://made.example.invalid/e03-06/5-578?utm_source=share&ref=st2s9phc
e03-06-name-764,https://made.example.invalid/names/e03-06-name-764/contender-4
FXBF,https://made.example.invalid/e03-06/9-579?utm_source=share&ref=drj4o7xu
e03-06-name-765,https://made.example.invalid/names/e03-06-name-765/contender-41
e03-06-name-766,https://made.example.invalid/names/e03-06-name-766/contender-20
FXBG,https://made.example.invalid/e03-06/3-580?utm_source=share&ref=c906tmyi
e03-06-name-767,https://made.example.invalid/names/e03-06-name-767/contender-0
e03-06-name-768,https://made.example.invalid/names/e03-06-name-768/contender-14
FXBH,https://made.example.invalid/e03-06/7-581?utm_source=share&ref=cjp4ufhr
e03-06-name-769,https://made.example.invalid/names/e03-06-name-769/contender-6
FXBI,https://made.example.invalid/e03-06/6-582?utm_source=share&ref=buu4fe1o
e03-06-name-770,https://made.example.invalid/names/e03-06-name-770/contender-6
e03-06-name-771,https://made.example.invalid/names/e03-06-name-771/contender-0
FXBJ,https://made.example.invalid/e03-06/5-583?utm_source=share&ref=i1a46iql
e03-06-name-772,https://made.example.invalid/names/e03-06-name-772/contender-5
e03-06-name-773,https://made.example.invalid/names/e03-06-name-773/contender-4
FXBK,https://made.example.invalid/e03-06/9-584?utm_source=share&ref=oseeklda
e03-06-name-774,https://made.example.invalid/names/e03-06-name-774/contender-21
FXBL,https://made.example.invalid/e03-06/3-585?utm_source=share&ref=1fevvadr
e03-06-name-775,https://made.example.invalid/names/e03-06-name-775/contender-24
e03-06-name-776,https://made.example.invalid/names/e03-06-name-776/contender-0
FXBM,https://made.example.invalid/e03-06/7-586?utm_source=share&ref=et5yd408
e03-06-name-777,https://made.example.invalid/names/e03-06-name-777/contender-1
e03-06-name-778,https://made.example.invalid/names/e03-06-name-778/contender-0
FXBN,https://made.example.invalid/e03-06/6-587?utm_source=share&ref=i7rsydei
e03-06-name-779,https://made.example.invalid/names/e03-06-name-779/contender-0
FXBO,https://made.example.invalid/e03-06/5-588?utm_source=share&ref=vc88mjaf
e03-06-name-780,https://made.example.invalid/names/e03-06-name-780/contender-1
e03-06-name-781,https://made.example.invalid/names/e03-06-name-781/contender-4
FXBP,https://made.example.invalid/e03-06/9-589?utm_source=share&ref=06tn7063
e03-06-name-782,https://made.example.invalid/names/e03-06-name-782/contender-3
e03-06-name-783,https://made.example.invalid/names/e03-06-name-783/contender-1
FXBQ,https://made.example.invalid/e03-06/3-590?utm_source=share&ref=q1gwch4m
e03-06-name-784,https://made.example.invalid/names/e03-06-name-784/contender-3
FXBR,https://made.example.invalid/e03-06/7-591?utm_source=share&ref=va3z009v
e03-06-name-785,https://made.example.invalid/names/e03-06-name-785/contender-1
e03-06-name-786,https://made.example.invalid/names/e03-06-name-786/contender-7
FXBS,https://made.example.invalid/e03-06/6-592?utm_source=share&ref=m4oai7ag
e03-06-name-787,https://made.example.invalid/names/e03-06-name-787/contender-0
e03-06-name-788,https://made.example.invalid/names/e03-06-name-788/contender-14
FXBT,https://made.example.invalid/e03-06/5-593?utm_source=share&ref=o6locr3x
e03-06-name-789,https://made.example.invalid/names/e03-06-name-789/contender-3
FXBU,https://made.example.invalid/e03-06/9-594?utm_source=share&ref=5jbws61l
e03-06-name-790,https://made.example.invalid/names/e03-06-name-790/contender-7
e03-06-name-791,https://made.example.invalid/names/e03-06-name-791/contender-1
FXBV,https://made.example.invalid/e03-06/3-595?utm_source=share&ref=6x6wrx61
e03-06-name-792,https://made.example.invalid/names/e03-06-name-792/contender-0
e03-06-name-793,https://made.example.invalid/names/e03-06-name-793/contender-1
FXBW,https://made.example.invalid/e03-06/7-596?utm_source=share&ref=dfzbm8k0
e03-06-name-794,https://made.example.invalid/names/e03-06-name-794/contender-6
FXBX,https://made.example.invalid/e03-06/6-597?utm_source=share&ref=j5jl1ny2
e03-06-name-795,https://made.example.invalid/names/e03-06-name-795/contender-3
e03-06-name-796,https://made.example.invalid/names/e03-06-name-796/contender-2
FXBY,https://made.example.invalid/e03-06/5-598?utm_source=share&ref=f62el5ul
e03-06-name-797,https://made.example.invalid/names/e03-06-name-797/contender-1
e03-06-name-798,https://made.example.invalid/names/e03-06-name-798/contender-0
FXBZ,https://made.example.invalid/e03-06/9-599?utm_source=share&ref=n3msj5z5
e03-06-name-799,https://made.example.invalid/names/e03-06-name-799/contender-7
FXC0,https://made.example.invalid/e03-06/3-600?utm_source=share&ref=7ktax1yd
e03-06-name-800,https://made.example.invalid/names/e03-06-name-800/contender-1
e03-06-name-801,https://made.example.invalid/names/e03-06-name-801/contender-4
FXC1,https://made.example.invalid/e03-06/7-601?utm_source=share&ref=ycgfpedv
e03-06-name-802,https://made.example.invalid/names/e03-06-name-802/contender-1
e03-06-name-803,https://made.example.invalid/names/e03-06-name-803/contender-1
FXC2,https://made.example.invalid/e03-06/6-602?utm_source=share&ref=7gepmy5r
e03-06-name-804,https://made.example.invalid/names/e03-06-name-804/contender-2
FXC3,https://made.example.invalid/e03-06/5-603?utm_source=share&ref=v48a3mc8
e03-06-name-805,https://made.example.invalid/names/e03-06-name-805/contender-6
e03-06-name-806,https://made.example.invalid/names/e03-06-name-806/contender-4
FXC4,https://made.example.invalid/e03-06/9-604?utm_source=share&ref=466icsp9
e03-06-name-807,https://made.example.invalid/names/e03-06-name-807/contender-1
e03-06-name-808,https://made.example.invalid/names/e03-06-name-808/contender-2
FXC5,https://made.example.invalid/e03-06/3-605?utm_source=share&ref=gft79uuc
e03-06-name-809,https://made.example.invalid/names/e03-06-name-809/contender-3
FXC6,https://made.example.invalid/e03-06/7-606?utm_source=share&ref=wqm05r7w
e03-06-name-810,https://made.example.invalid/names/e03-06-name-810/contender-13
e03-06-name-811,https://made.example.invalid/names/e03-06-name-811/contender-1
FXC7,https://made.example.invalid/e03-06/6-607?utm_source=share&ref=bicidfui
e03-06-name-812,https://made.example.invalid/names/e03-06-name-812/contender-1
e03-06-name-813,https://made.example.invalid/names/e03-06-name-813/contender-9
FXC8,https://made.example.invalid/e03-06/5-608?utm_source=share&ref=4dcidc95
e03-06-name-814,https://made.example.invalid/names/e03-06-name-814/contender-2
FXC9,https://made.example.invalid/e03-06/9-609?utm_source=share&ref=8ryj66tq
e03-06-name-815,https://made.example.invalid/names/e03-06-name-815/contender-0
e03-06-name-816,https://made.example.invalid/names/e03-06-name-816/contender-1
FXCa,https://made.example.invalid/e03-06/3-610?utm_source=share&ref=lvmu643q
e03-06-name-817,https://made.example.invalid/names/e03-06-name-817/contender-9
e03-06-name-818,https://made.example.invalid/names/e03-06-name-818/contender-1
FXCb,https://made.example.invalid/e03-06/7-611?utm_source=share&ref=c4or3nv0
e03-06-name-819,https://made.example.invalid/names/e03-06-name-819/contender-0
FXCc,https://made.example.invalid/e03-06/6-612?utm_source=share&ref=9rcyjnwo
e03-06-name-820,https://made.example.invalid/names/e03-06-name-820/contender-1
e03-06-name-821,https://made.example.invalid/names/e03-06-name-821/contender-5
FXCd,https://made.example.invalid/e03-06/5-613?utm_source=share&ref=wvvfrab2
e03-06-name-822,https://made.example.invalid/names/e03-06-name-822/contender-7
e03-06-name-823,https://made.example.invalid/names/e03-06-name-823/contender-0
FXCe,https://made.example.invalid/e03-06/9-614?utm_source=share&ref=o1hj2mfx
e03-06-name-824,https://made.example.invalid/names/e03-06-name-824/contender-6
FXCf,https://made.example.invalid/e03-06/3-615?utm_source=share&ref=vv12hwbl
e03-06-name-825,https://made.example.invalid/names/e03-06-name-825/contender-0
e03-06-name-826,https://made.example.invalid/names/e03-06-name-826/contender-3
FXCg,https://made.example.invalid/e03-06/7-616?utm_source=share&ref=si1gmpaa
e03-06-name-827,https://made.example.invalid/names/e03-06-name-827/contender-4
e03-06-name-828,https://made.example.invalid/names/e03-06-name-828/contender-0
FXCh,https://made.example.invalid/e03-06/6-617?utm_source=share&ref=u1of8251
e03-06-name-829,https://made.example.invalid/names/e03-06-name-829/contender-0
FXCi,https://made.example.invalid/e03-06/5-618?utm_source=share&ref=xqshmo5y
e03-06-name-830,https://made.example.invalid/names/e03-06-name-830/contender-2
e03-06-name-831,https://made.example.invalid/names/e03-06-name-831/contender-23
FXCj,https://made.example.invalid/e03-06/9-619?utm_source=share&ref=7g0lm4x5
e03-06-name-832,https://made.example.invalid/names/e03-06-name-832/contender-0
e03-06-name-833,https://made.example.invalid/names/e03-06-name-833/contender-1
FXCk,https://made.example.invalid/e03-06/3-620?utm_source=share&ref=n3iee38w
e03-06-name-834,https://made.example.invalid/names/e03-06-name-834/contender-0
FXCl,https://made.example.invalid/e03-06/7-621?utm_source=share&ref=4dxjsw4i
e03-06-name-835,https://made.example.invalid/names/e03-06-name-835/contender-0
e03-06-name-836,https://made.example.invalid/names/e03-06-name-836/contender-2
FXCm,https://made.example.invalid/e03-06/6-622?utm_source=share&ref=9vdjbr16
e03-06-name-837,https://made.example.invalid/names/e03-06-name-837/contender-4
e03-06-name-838,https://made.example.invalid/names/e03-06-name-838/contender-16
FXCn,https://made.example.invalid/e03-06/5-623?utm_source=share&ref=hj44fpb3
e03-06-name-839,https://made.example.invalid/names/e03-06-name-839/contender-11
FXCo,https://made.example.invalid/e03-06/9-624?utm_source=share&ref=mbz2gi50
e03-06-name-840,https://made.example.invalid/names/e03-06-name-840/contender-2
e03-06-name-841,https://made.example.invalid/names/e03-06-name-841/contender-2
FXCp,https://made.example.invalid/e03-06/3-625?utm_source=share&ref=tb6lkdcf
e03-06-name-842,https://made.example.invalid/names/e03-06-name-842/contender-0
e03-06-name-843,https://made.example.invalid/names/e03-06-name-843/contender-2
FXCq,https://made.example.invalid/e03-06/7-626?utm_source=share&ref=zo4jtzto
e03-06-name-844,https://made.example.invalid/names/e03-06-name-844/contender-3
FXCr,https://made.example.invalid/e03-06/6-627?utm_source=share&ref=aqakf2dz
e03-06-name-845,https://made.example.invalid/names/e03-06-name-845/contender-11
e03-06-name-846,https://made.example.invalid/names/e03-06-name-846/contender-10
FXCs,https://made.example.invalid/e03-06/5-628?utm_source=share&ref=11fbe0bq
e03-06-name-847,https://made.example.invalid/names/e03-06-name-847/contender-0
e03-06-name-848,https://made.example.invalid/names/e03-06-name-848/contender-1
FXCt,https://made.example.invalid/e03-06/9-629?utm_source=share&ref=7551gxgr
e03-06-name-849,https://made.example.invalid/names/e03-06-name-849/contender-18
FXCu,https://made.example.invalid/e03-06/3-630?utm_source=share&ref=pmbqkihm
e03-06-name-850,https://made.example.invalid/names/e03-06-name-850/contender-0
e03-06-name-851,https://made.example.invalid/names/e03-06-name-851/contender-5
FXCv,https://made.example.invalid/e03-06/7-631?utm_source=share&ref=wmf6q85s
e03-06-name-852,https://made.example.invalid/names/e03-06-name-852/contender-2
e03-06-name-853,https://made.example.invalid/names/e03-06-name-853/contender-3
FXCw,https://made.example.invalid/e03-06/6-632?utm_source=share&ref=d4j9iljg
e03-06-name-854,https://made.example.invalid/names/e03-06-name-854/contender-12
FXCx,https://made.example.invalid/e03-06/5-633?utm_source=share&ref=sukzbsbc
e03-06-name-855,https://made.example.invalid/names/e03-06-name-855/contender-3
e03-06-name-856,https://made.example.invalid/names/e03-06-name-856/contender-8
FXCy,https://made.example.invalid/e03-06/9-634?utm_source=share&ref=5lecwrp2
e03-06-name-857,https://made.example.invalid/names/e03-06-name-857/contender-9
e03-06-name-858,https://made.example.invalid/names/e03-06-name-858/contender-11
FXCz,https://made.example.invalid/e03-06/3-635?utm_source=share&ref=j2pqtqgk
e03-06-name-859,https://made.example.invalid/names/e03-06-name-859/contender-0
FXCA,https://made.example.invalid/e03-06/7-636?utm_source=share&ref=4z5y03j8
e03-06-name-860,https://made.example.invalid/names/e03-06-name-860/contender-4
e03-06-name-861,https://made.example.invalid/names/e03-06-name-861/contender-2
FXCB,https://made.example.invalid/e03-06/6-637?utm_source=share&ref=83am6obz
e03-06-name-862,https://made.example.invalid/names/e03-06-name-862/contender-5
e03-06-name-863,https://made.example.invalid/names/e03-06-name-863/contender-5
FXCC,https://made.example.invalid/e03-06/5-638?utm_source=share&ref=i4pahfrh
e03-06-name-864,https://made.example.invalid/names/e03-06-name-864/contender-16
FXCD,https://made.example.invalid/e03-06/9-639?utm_source=share&ref=377ff44e
e03-06-name-865,https://made.example.invalid/names/e03-06-name-865/contender-3
e03-06-name-866,https://made.example.invalid/names/e03-06-name-866/contender-1
FXCE,https://made.example.invalid/e03-06/3-640?utm_source=share&ref=jtyhpx9m
e03-06-name-867,https://made.example.invalid/names/e03-06-name-867/contender-5
e03-06-name-868,https://made.example.invalid/names/e03-06-name-868/contender-3
FXCF,https://made.example.invalid/e03-06/7-641?utm_source=share&ref=a1is2tgh
e03-06-name-869,https://made.example.invalid/names/e03-06-name-869/contender-7
FXCG,https://made.example.invalid/e03-06/6-642?utm_source=share&ref=b6w70u5z
e03-06-name-870,https://made.example.invalid/names/e03-06-name-870/contender-14
e03-06-name-871,https://made.example.invalid/names/e03-06-name-871/contender-2
FXCH,https://made.example.invalid/e03-06/5-643?utm_source=share&ref=478goxp4
e03-06-name-872,https://made.example.invalid/names/e03-06-name-872/contender-1
e03-06-name-873,https://made.example.invalid/names/e03-06-name-873/contender-0
FXCI,https://made.example.invalid/e03-06/9-644?utm_source=share&ref=dyomcy45
e03-06-name-874,https://made.example.invalid/names/e03-06-name-874/contender-1
FXCJ,https://made.example.invalid/e03-06/3-645?utm_source=share&ref=hytd1kx7
e03-06-name-875,https://made.example.invalid/names/e03-06-name-875/contender-0
e03-06-name-876,https://made.example.invalid/names/e03-06-name-876/contender-5
FXCK,https://made.example.invalid/e03-06/7-646?utm_source=share&ref=6p2o5f5o
e03-06-name-877,https://made.example.invalid/names/e03-06-name-877/contender-25
e03-06-name-878,https://made.example.invalid/names/e03-06-name-878/contender-1
FXCL,https://made.example.invalid/e03-06/6-647?utm_source=share&ref=0b1fzywg
e03-06-name-879,https://made.example.invalid/names/e03-06-name-879/contender-1
FXCM,https://made.example.invalid/e03-06/5-648?utm_source=share&ref=0wlhsz25
e03-06-name-880,https://made.example.invalid/names/e03-06-name-880/contender-6
e03-06-name-881,https://made.example.invalid/names/e03-06-name-881/contender-2
FXCN,https://made.example.invalid/e03-06/9-649?utm_source=share&ref=ekj24ofx
e03-06-name-882,https://made.example.invalid/names/e03-06-name-882/contender-6
e03-06-name-883,https://made.example.invalid/names/e03-06-name-883/contender-3
FXCO,https://made.example.invalid/e03-06/3-650?utm_source=share&ref=wfeqq31w
e03-06-name-884,https://made.example.invalid/names/e03-06-name-884/contender-0
FXCP,https://made.example.invalid/e03-06/7-651?utm_source=share&ref=9p4r3l13
e03-06-name-885,https://made.example.invalid/names/e03-06-name-885/contender-10
e03-06-name-886,https://made.example.invalid/names/e03-06-name-886/contender-13
FXCQ,https://made.example.invalid/e03-06/6-652?utm_source=share&ref=6vdb8c3g
e03-06-name-887,https://made.example.invalid/names/e03-06-name-887/contender-2
e03-06-name-888,https://made.example.invalid/names/e03-06-name-888/contender-17
FXCR,https://made.example.invalid/e03-06/5-653?utm_source=share&ref=5q2eyrw1
e03-06-name-889,https://made.example.invalid/names/e03-06-name-889/contender-29
FXCS,https://made.example.invalid/e03-06/9-654?utm_source=share&ref=880s3oli
e03-06-name-890,https://made.example.invalid/names/e03-06-name-890/contender-20
e03-06-name-891,https://made.example.invalid/names/e03-06-name-891/contender-11
FXCT,https://made.example.invalid/e03-06/3-655?utm_source=share&ref=ylcetses
e03-06-name-892,https://made.example.invalid/names/e03-06-name-892/contender-9
e03-06-name-893,https://made.example.invalid/names/e03-06-name-893/contender-14
FXCU,https://made.example.invalid/e03-06/7-656?utm_source=share&ref=iix5stu8
e03-06-name-894,https://made.example.invalid/names/e03-06-name-894/contender-9
FXCV,https://made.example.invalid/e03-06/6-657?utm_source=share&ref=n60hyhah
e03-06-name-895,https://made.example.invalid/names/e03-06-name-895/contender-2
e03-06-name-896,https://made.example.invalid/names/e03-06-name-896/contender-4
FXCW,https://made.example.invalid/e03-06/5-658?utm_source=share&ref=y42dy8ui
e03-06-name-898,https://made.example.invalid/names/e03-06-name-898/contender-7
FXCX,https://made.example.invalid/e03-06/9-659?utm_source=share&ref=1adbltxq
e03-06-name-899,https://made.example.invalid/names/e03-06-name-899/contender-35
FXCY,https://made.example.invalid/e03-06/3-660?utm_source=share&ref=hc0hhub8
e03-06-name-900,https://made.example.invalid/names/e03-06-name-900/contender-0
e03-06-name-897,https://made.example.invalid/names/e03-06-name-897/contender-1
e03-06-name-901,https://made.example.invalid/names/e03-06-name-901/contender-1
FXCZ,https://made.example.invalid/e03-06/7-661?utm_source=share&ref=u749dmzc
e03-06-name-902,https://made.example.invalid/names/e03-06-name-902/contender-5
e03-06-name-903,https://made.example.invalid/names/e03-06-name-903/contender-5
FXD0,https://made.example.invalid/e03-06/6-662?utm_source=share&ref=e4aicxi2
e03-06-name-904,https://made.example.invalid/names/e03-06-name-904/contender-1
FXD1,https://made.example.invalid/e03-06/5-663?utm_source=share&ref=tg5ryr0h
e03-06-name-905,https://made.example.invalid/names/e03-06-name-905/contender-0
e03-06-name-906,https://made.example.invalid/names/e03-06-name-906/contender-10
FXD2,https://made.example.invalid/e03-06/9-664?utm_source=share&ref=i2ekvau3
e03-06-name-907,https://made.example.invalid/names/e03-06-name-907/contender-20
e03-06-name-908,https://made.example.invalid/names/e03-06-name-908/contender-1
FXD3,https://made.example.invalid/e03-06/3-665?utm_source=share&ref=78cuupxi
e03-06-name-909,https://made.example.invalid/names/e03-06-name-909/contender-2
FXD4,https://made.example.invalid/e03-06/7-666?utm_source=share&ref=cd87d1hs
e03-06-name-910,https://made.example.invalid/names/e03-06-name-910/contender-2
e03-06-name-911,https://made.example.invalid/names/e03-06-name-911/contender-3
FXD5,https://made.example.invalid/e03-06/6-667?utm_source=share&ref=2iq22psp
e03-06-name-912,https://made.example.invalid/names/e03-06-name-912/contender-3
e03-06-name-913,https://made.example.invalid/names/e03-06-name-913/contender-1
FXD6,https://made.example.invalid/e03-06/5-668?utm_source=share&ref=tqrz5yuk
e03-06-name-914,https://made.example.invalid/names/e03-06-name-914/contender-4
FXD7,https://made.example.invalid/e03-06/9-669?utm_source=share&ref=6hlutg7y
e03-06-name-915,https://made.example.invalid/names/e03-06-name-915/contender-1
e03-06-name-916,https://made.example.invalid/names/e03-06-name-916/contender-2
FXD8,https://made.example.invalid/e03-06/3-670?utm_source=share&ref=aayn6ryw
e03-06-name-917,https://made.example.invalid/names/e03-06-name-917/contender-3
e03-06-name-918,https://made.example.invalid/names/e03-06-name-918/contender-11
FXD9,https://made.example.invalid/e03-06/7-671?utm_source=share&ref=scfi6wqz
e03-06-name-919,https://made.example.invalid/names/e03-06-name-919/contender-2
FXDa,https://made.example.invalid/e03-06/6-672?utm_source=share&ref=sxjka6ks
e03-06-name-920,https://made.example.invalid/names/e03-06-name-920/contender-0
e03-06-name-921,https://made.example.invalid/names/e03-06-name-921/contender-4
FXDb,https://made.example.invalid/e03-06/5-673?utm_source=share&ref=duopich7
e03-06-name-922,https://made.example.invalid/names/e03-06-name-922/contender-0
e03-06-name-923,https://made.example.invalid/names/e03-06-name-923/contender-8
FXDc,https://made.example.invalid/e03-06/9-674?utm_source=share&ref=0b1f9fkt
e03-06-name-924,https://made.example.invalid/names/e03-06-name-924/contender-2
FXDd,https://made.example.invalid/e03-06/3-675?utm_source=share&ref=qb5pblwx
e03-06-name-925,https://made.example.invalid/names/e03-06-name-925/contender-0
e03-06-name-926,https://made.example.invalid/names/e03-06-name-926/contender-5
FXDe,https://made.example.invalid/e03-06/7-676?utm_source=share&ref=z69nzdjb
e03-06-name-927,https://made.example.invalid/names/e03-06-name-927/contender-2
e03-06-name-928,https://made.example.invalid/names/e03-06-name-928/contender-2
FXDf,https://made.example.invalid/e03-06/6-677?utm_source=share&ref=q2hgugdr
e03-06-name-929,https://made.example.invalid/names/e03-06-name-929/contender-6
FXDg,https://made.example.invalid/e03-06/5-678?utm_source=share&ref=x2zdhjkd
e03-06-name-930,https://made.example.invalid/names/e03-06-name-930/contender-2
e03-06-name-931,https://made.example.invalid/names/e03-06-name-931/contender-1
FXDh,https://made.example.invalid/e03-06/9-679?utm_source=share&ref=vt9zq0wn
e03-06-name-932,https://made.example.invalid/names/e03-06-name-932/contender-15
e03-06-name-933,https://made.example.invalid/names/e03-06-name-933/contender-1
FXDi,https://made.example.invalid/e03-06/3-680?utm_source=share&ref=zkqk7woo
e03-06-name-934,https://made.example.invalid/names/e03-06-name-934/contender-2
FXDj,https://made.example.invalid/e03-06/7-681?utm_source=share&ref=c5z3951r
e03-06-name-935,https://made.example.invalid/names/e03-06-name-935/contender-1
e03-06-name-936,https://made.example.invalid/names/e03-06-name-936/contender-1
FXDk,https://made.example.invalid/e03-06/6-682?utm_source=share&ref=ukb9zhhx
e03-06-name-937,https://made.example.invalid/names/e03-06-name-937/contender-12
e03-06-name-938,https://made.example.invalid/names/e03-06-name-938/contender-4
FXDl,https://made.example.invalid/e03-06/5-683?utm_source=share&ref=uko793yf
e03-06-name-939,https://made.example.invalid/names/e03-06-name-939/contender-0
FXDm,https://made.example.invalid/e03-06/9-684?utm_source=share&ref=ai73fioa
e03-06-name-940,https://made.example.invalid/names/e03-06-name-940/contender-5
e03-06-name-941,https://made.example.invalid/names/e03-06-name-941/contender-1
FXDn,https://made.example.invalid/e03-06/3-685?utm_source=share&ref=wrb7p5oh
e03-06-name-942,https://made.example.invalid/names/e03-06-name-942/contender-9
e03-06-name-943,https://made.example.invalid/names/e03-06-name-943/contender-4
FXDo,https://made.example.invalid/e03-06/7-686?utm_source=share&ref=9epybqq6
e03-06-name-944,https://made.example.invalid/names/e03-06-name-944/contender-7
FXDp,https://made.example.invalid/e03-06/6-687?utm_source=share&ref=69p1rdjk
e03-06-name-945,https://made.example.invalid/names/e03-06-name-945/contender-13
e03-06-name-946,https://made.example.invalid/names/e03-06-name-946/contender-1
FXDq,https://made.example.invalid/e03-06/5-688?utm_source=share&ref=7ktjovtq
e03-06-name-947,https://made.example.invalid/names/e03-06-name-947/contender-21
e03-06-name-948,https://made.example.invalid/names/e03-06-name-948/contender-14
FXDr,https://made.example.invalid/e03-06/9-689?utm_source=share&ref=31savuiq
e03-06-name-949,https://made.example.invalid/names/e03-06-name-949/contender-4
FXDs,https://made.example.invalid/e03-06/3-690?utm_source=share&ref=tgw0wawx
e03-06-name-950,https://made.example.invalid/names/e03-06-name-950/contender-0
e03-06-name-951,https://made.example.invalid/names/e03-06-name-951/contender-0
FXDt,https://made.example.invalid/e03-06/7-691?utm_source=share&ref=8oidizxn
e03-06-name-952,https://made.example.invalid/names/e03-06-name-952/contender-2
e03-06-name-953,https://made.example.invalid/names/e03-06-name-953/contender-3
FXDu,https://made.example.invalid/e03-06/6-692?utm_source=share&ref=bkgjfnab
e03-06-name-954,https://made.example.invalid/names/e03-06-name-954/contender-2
FXDv,https://made.example.invalid/e03-06/5-693?utm_source=share&ref=jy2smz2g
e03-06-name-955,https://made.example.invalid/names/e03-06-name-955/contender-1
e03-06-name-956,https://made.example.invalid/names/e03-06-name-956/contender-0
FXDw,https://made.example.invalid/e03-06/9-694?utm_source=share&ref=6txove3h
e03-06-name-957,https://made.example.invalid/names/e03-06-name-957/contender-9
e03-06-name-958,https://made.example.invalid/names/e03-06-name-958/contender-18
FXDx,https://made.example.invalid/e03-06/3-695?utm_source=share&ref=1p1vfzhz
e03-06-name-959,https://made.example.invalid/names/e03-06-name-959/contender-23
FXDy,https://made.example.invalid/e03-06/7-696?utm_source=share&ref=kff42kfz
e03-06-name-960,https://made.example.invalid/names/e03-06-name-960/contender-1
e03-06-name-961,https://made.example.invalid/names/e03-06-name-961/contender-1
FXDz,https://made.example.invalid/e03-06/6-697?utm_source=share&ref=ysuaspr1
e03-06-name-962,https://made.example.invalid/names/e03-06-name-962/contender-3
e03-06-name-963,https://made.example.invalid/names/e03-06-name-963/contender-4
FXDA,https://made.example.invalid/e03-06/5-698?utm_source=share&ref=9oeol7tn
e03-06-name-964,https://made.example.invalid/names/e03-06-name-964/contender-10
FXDB,https://made.example.invalid/e03-06/9-699?utm_source=share&ref=ud9a5egl
e03-06-name-965,https://made.example.invalid/names/e03-06-name-965/contender-3
e03-06-name-966,https://made.example.invalid/names/e03-06-name-966/contender-19
FXDC,https://made.example.invalid/e03-06/3-700?utm_source=share&ref=g1iajssq
e03-06-name-967,https://made.example.invalid/names/e03-06-name-967/contender-0
e03-06-name-968,https://made.example.invalid/names/e03-06-name-968/contender-1
FXDD,https://made.example.invalid/e03-06/7-701?utm_source=share&ref=f8vkm6qw
e03-06-name-969,https://made.example.invalid/names/e03-06-name-969/contender-12
FXDE,https://made.example.invalid/e03-06/6-702?utm_source=share&ref=rjz2e2y7
e03-06-name-970,https://made.example.invalid/names/e03-06-name-970/contender-0
e03-06-name-971,https://made.example.invalid/names/e03-06-name-971/contender-5
FXDF,https://made.example.invalid/e03-06/5-703?utm_source=share&ref=bjlshgbr
e03-06-name-972,https://made.example.invalid/names/e03-06-name-972/contender-10
e03-06-name-973,https://made.example.invalid/names/e03-06-name-973/contender-1
FXDG,https://made.example.invalid/e03-06/9-704?utm_source=share&ref=u4tzehw9
e03-06-name-974,https://made.example.invalid/names/e03-06-name-974/contender-2
FXDH,https://made.example.invalid/e03-06/3-705?utm_source=share&ref=trc9409b
e03-06-name-975,https://made.example.invalid/names/e03-06-name-975/contender-1
e03-06-name-976,https://made.example.invalid/names/e03-06-name-976/contender-3
FXDI,https://made.example.invalid/e03-06/7-706?utm_source=share&ref=2rbyka4b
e03-06-name-977,https://made.example.invalid/names/e03-06-name-977/contender-2
e03-06-name-978,https://made.example.invalid/names/e03-06-name-978/contender-7
FXDJ,https://made.example.invalid/e03-06/6-707?utm_source=share&ref=exy6kwea
e03-06-name-979,https://made.example.invalid/names/e03-06-name-979/contender-0
FXDK,https://made.example.invalid/e03-06/5-708?utm_source=share&ref=ohuxt75m
e03-06-name-980,https://made.example.invalid/names/e03-06-name-980/contender-1
e03-06-name-981,https://made.example.invalid/names/e03-06-name-981/contender-2
FXDL,https://made.example.invalid/e03-06/9-709?utm_source=share&ref=ft6wzlfs
e03-06-name-982,https://made.example.invalid/names/e03-06-name-982/contender-2
e03-06-name-983,https://made.example.invalid/names/e03-06-name-983/contender-6
FXDM,https://made.example.invalid/e03-06/3-710?utm_source=share&ref=pkb0bvy2
e03-06-name-984,https://made.example.invalid/names/e03-06-name-984/contender-0
FXDN,https://made.example.invalid/e03-06/7-711?utm_source=share&ref=zg735uwd
e03-06-name-985,https://made.example.invalid/names/e03-06-name-985/contender-2
e03-06-name-986,https://made.example.invalid/names/e03-06-name-986/contender-0
FXDO,https://made.example.invalid/e03-06/6-712?utm_source=share&ref=lnioflm7
e03-06-name-987,https://made.example.invalid/names/e03-06-name-987/contender-0
e03-06-name-988,https://made.example.invalid/names/e03-06-name-988/contender-18
FXDP,https://made.example.invalid/e03-06/5-713?utm_source=share&ref=hdavous2
e03-06-name-989,https://made.example.invalid/names/e03-06-name-989/contender-0
FXDQ,https://made.example.invalid/e03-06/9-714?utm_source=share&ref=1z8wkd0s
e03-06-name-990,https://made.example.invalid/names/e03-06-name-990/contender-5
e03-06-name-991,https://made.example.invalid/names/e03-06-name-991/contender-0
FXDR,https://made.example.invalid/e03-06/3-715?utm_source=share&ref=x6ba7rzg
e03-06-name-992,https://made.example.invalid/names/e03-06-name-992/contender-11
e03-06-name-993,https://made.example.invalid/names/e03-06-name-993/contender-16
FXDS,https://made.example.invalid/e03-06/7-716?utm_source=share&ref=qk6rnnef
e03-06-name-994,https://made.example.invalid/names/e03-06-name-994/contender-2
FXDT,https://made.example.invalid/e03-06/6-717?utm_source=share&ref=gykhs16u
e03-06-name-995,https://made.example.invalid/names/e03-06-name-995/contender-7
e03-06-name-996,https://made.example.invalid/names/e03-06-name-996/contender-0
FXDU,https://made.example.invalid/e03-06/5-718?utm_source=share&ref=k8dx7puv
e03-06-name-997,https://made.example.invalid/names/e03-06-name-997/contender-0
e03-06-name-998,https://made.example.invalid/names/e03-06-name-998/contender-6
FXDV,https://made.example.invalid/e03-06/9-719?utm_source=share&ref=wiqj8z0b
e03-06-name-999,https://made.example.invalid/names/e03-06-name-999/contender-8
FXDW,https://made.example.invalid/e03-06/3-720?utm_source=share&ref=bb26d440
e03-06-name-1000,https://made.example.invalid/names/e03-06-name-1000/contender-1
q1Y6,https://news.example.invalid/articles/2026/10/story-6204098?utm_source=share&utm_medium=link&ref=sfp-seed
oS7N,https://news.example.invalid/articles/2026/10/story-5927931?utm_source=share&utm_medium=link&ref=sfp-seed
nCAd,https://news.example.invalid/articles/2026/10/story-5629861?utm_source=share&utm_medium=link&ref=sfp-seed
6VCL,https://news.example.invalid/articles/2026/10/story-1651479?utm_source=share&utm_medium=link&ref=sfp-seed
Crxb,https://news.example.invalid/articles/2026/10/story-9162309?utm_source=share&utm_medium=link&ref=sfp-seed
aTtP,https://news.example.invalid/articles/2026/10/story-2596549?utm_source=share&utm_medium=link&ref=sfp-seed
AltT,https://news.example.invalid/articles/2026/10/story-8662385?utm_source=share&utm_medium=link&ref=sfp-seed
nb91,https://news.example.invalid/articles/2026/10/story-5524387?utm_source=share&utm_medium=link&ref=sfp-seed
6O6j,https://news.example.invalid/articles/2026/10/story-1622559?utm_source=share&utm_medium=link&ref=sfp-seed
srS8,https://news.example.invalid/articles/2026/10/story-6780328?utm_source=share&utm_medium=link&ref=sfp-seed
qw3C,https://news.example.invalid/articles/2026/10/story-6319760?utm_source=share&utm_medium=link&ref=sfp-seed
j0lv,https://news.example.invalid/articles/2026/10/story-4529565?utm_source=share&utm_medium=link&ref=sfp-seed
mGF1,https://news.example.invalid/articles/2026/10/story-5407207?utm_source=share&utm_medium=link&ref=sfp-seed
FDNF,https://news.example.invalid/articles/2026/10/story-9924443?utm_source=share&utm_medium=link&ref=sfp-seed
kwHi,https://news.example.invalid/articles/2026/10/story-4892252?utm_source=share&utm_medium=link&ref=sfp-seed
13gB,https://news.example.invalid/articles/2026/10/story-250889?utm_source=share&utm_medium=link&ref=sfp-seed
lJV4,https://news.example.invalid/articles/2026/10/story-5181406?utm_source=share&utm_medium=link&ref=sfp-seed
2sVL,https://news.example.invalid/articles/2026/10/story-587869?utm_source=share&utm_medium=link&ref=sfp-seed
BRff,https://news.example.invalid/articles/2026/10/story-9022813?utm_source=share&utm_medium=link&ref=sfp-seed
wqO2,https://news.example.invalid/articles/2026/10/story-7729542?utm_source=share&utm_medium=link&ref=sfp-seed
NS0,https://news.example.invalid/articles/2026/10/story-191704?utm_source=share&utm_medium=link&ref=sfp-seed
aG9d,https://news.example.invalid/articles/2026/10/story-2545299?utm_source=share&utm_medium=link&ref=sfp-seed
CKRI,https://news.example.invalid/articles/2026/10/story-9236618?utm_source=share&utm_medium=link&ref=sfp-seed
9Og6,https://news.example.invalid/articles/2026/10/story-2338150?utm_source=share&utm_medium=link&ref=sfp-seed
wePv,https://news.example.invalid/articles/2026/10/story-7683505?utm_source=share&utm_medium=link&ref=sfp-seed
tYQx,https://news.example.invalid/articles/2026/10/story-7145409?utm_source=share&utm_medium=link&ref=sfp-seed
EzdD,https://news.example.invalid/articles/2026/10/story-9668505?utm_source=share&utm_medium=link&ref=sfp-seed
F09s,https://news.example.invalid/articles/2026/10/story-9772034?utm_source=share&utm_medium=link&ref=sfp-seed
2dHa,https://news.example.invalid/articles/2026/10/story-529304?utm_source=share&utm_medium=link&ref=sfp-seed
uWTI,https://news.example.invalid/articles/2026/10/story-7376246?utm_source=share&utm_medium=link&ref=sfp-seed
8L9x,https://news.example.invalid/articles/2026/10/story-2087883?utm_source=share&utm_medium=link&ref=sfp-seed
CAma,https://news.example.invalid/articles/2026/10/story-9196222?utm_source=share&utm_medium=link&ref=sfp-seed
daWx,https://news.example.invalid/articles/2026/10/story-3140333?utm_source=share&utm_medium=link&ref=sfp-seed
8TmH,https://news.example.invalid/articles/2026/10/story-2119451?utm_source=share&utm_medium=link&ref=sfp-seed
zPsw,https://news.example.invalid/articles/2026/10/story-8539292?utm_source=share&utm_medium=link&ref=sfp-seed
vEs1,https://news.example.invalid/articles/2026/10/story-7543665?utm_source=share&utm_medium=link&ref=sfp-seed
DK7d,https://news.example.invalid/articles/2026/10/story-9472063?utm_source=share&utm_medium=link&ref=sfp-seed
lpNa,https://news.example.invalid/articles/2026/10/story-5104036?utm_source=share&utm_medium=link&ref=sfp-seed
nicA,https://news.example.invalid/articles/2026/10/story-5551516?utm_source=share&utm_medium=link&ref=sfp-seed
4j3x,https://news.example.invalid/articles/2026/10/story-1026567?utm_source=share&utm_medium=link&ref=sfp-seed
mko4,https://news.example.invalid/articles/2026/10/story-5321588?utm_source=share&utm_medium=link&ref=sfp-seed
dIMN,https://news.example.invalid/articles/2026/10/story-3270425?utm_source=share&utm_medium=link&ref=sfp-seed
c9cy,https://news.example.invalid/articles/2026/10/story-2895310?utm_source=share&utm_medium=link&ref=sfp-seed
wkxj,https://news.example.invalid/articles/2026/10/story-7705441?utm_source=share&utm_medium=link&ref=sfp-seed
l1k,https://news.example.invalid/articles/2026/10/story-80806?utm_source=share&utm_medium=link&ref=sfp-seed
Dn4Z,https://news.example.invalid/articles/2026/10/story-9383513?utm_source=share&utm_medium=link&ref=sfp-seed
sqzy,https://news.example.invalid/articles/2026/10/story-6775332?utm_source=share&utm_medium=link&ref=sfp-seed
ni75,https://news.example.invalid/articles/2026/10/story-5551175?utm_source=share&utm_medium=link&ref=sfp-seed
sJWJ,https://news.example.invalid/articles/2026/10/story-6849805?utm_source=share&utm_medium=link&ref=sfp-seed
yuhU,https://news.example.invalid/articles/2026/10/story-8219582?utm_source=share&utm_medium=link&ref=sfp-seed
sq37,https://news.example.invalid/articles/2026/10/story-6773321?utm_source=share&utm_medium=link&ref=sfp-seed
y7cl,https://news.example.invalid/articles/2026/10/story-8130825?utm_source=share&utm_medium=link&ref=sfp-seed
9Jbh,https://news.example.invalid/articles/2026/10/story-2318631?utm_source=share&utm_medium=link&ref=sfp-seed
vcgJ,https://news.example.invalid/articles/2026/10/story-7435333?utm_source=share&utm_medium=link&ref=sfp-seed
DqR8,https://news.example.invalid/articles/2026/10/story-9398030?utm_source=share&utm_medium=link&ref=sfp-seed
5epu,https://news.example.invalid/articles/2026/10/story-1247036?utm_source=share&utm_medium=link&ref=sfp-seed
qJ5v,https://news.example.invalid/articles/2026/10/story-6369849?utm_source=share&utm_medium=link&ref=sfp-seed
kgh0,https://news.example.invalid/articles/2026/10/story-4829118?utm_source=share&utm_medium=link&ref=sfp-seed
mXZD,https://news.example.invalid/articles/2026/10/story-5473833?utm_source=share&utm_medium=link&ref=sfp-seed
DFqL,https://news.example.invalid/articles/2026/10/story-9454055?utm_source=share&utm_medium=link&ref=sfp-seed
4Uu,https://news.example.invalid/articles/2026/10/story-18878?utm_source=share&utm_medium=link&ref=sfp-seed
nhXn,https://news.example.invalid/articles/2026/10/story-5550573?utm_source=share&utm_medium=link&ref=sfp-seed
bVQt,https://news.example.invalid/articles/2026/10/story-2843969?utm_source=share&utm_medium=link&ref=sfp-seed
apbn,https://news.example.invalid/articles/2026/10/story-2480085?utm_source=share&utm_medium=link&ref=sfp-seed
ALEc,https://news.example.invalid/articles/2026/10/story-8762968?utm_source=share&utm_medium=link&ref=sfp-seed
B6Ct,https://news.example.invalid/articles/2026/10/story-8843585?utm_source=share&utm_medium=link&ref=sfp-seed
t06t,https://news.example.invalid/articles/2026/10/story-6911913?utm_source=share&utm_medium=link&ref=sfp-seed
2UtC,https://news.example.invalid/articles/2026/10/story-693756?utm_source=share&utm_medium=link&ref=sfp-seed
tu0S,https://news.example.invalid/articles/2026/10/story-7026886?utm_source=share&utm_medium=link&ref=sfp-seed
huVe,https://news.example.invalid/articles/2026/10/story-4170444?utm_source=share&utm_medium=link&ref=sfp-seed
mtBw,https://news.example.invalid/articles/2026/10/story-5357018?utm_source=share&utm_medium=link&ref=sfp-seed
7mZm,https://news.example.invalid/articles/2026/10/story-1756668?utm_source=share&utm_medium=link&ref=sfp-seed
Ao3T,https://news.example.invalid/articles/2026/10/story-8672305?utm_source=share&utm_medium=link&ref=sfp-seed
rBqy,https://news.example.invalid/articles/2026/10/story-6578730?utm_source=share&utm_medium=link&ref=sfp-seed
e1X1,https://news.example.invalid/articles/2026/10/story-3344095?utm_source=share&utm_medium=link&ref=sfp-seed
4tV6,https://news.example.invalid/articles/2026/10/story-1068328?utm_source=share&utm_medium=link&ref=sfp-seed
worY,https://news.example.invalid/articles/2026/10/story-7720486?utm_source=share&utm_medium=link&ref=sfp-seed
2IYa,https://news.example.invalid/articles/2026/10/story-649522?utm_source=share&utm_medium=link&ref=sfp-seed
pkBJ,https://news.example.invalid/articles/2026/10/story-6037419?utm_source=share&utm_medium=link&ref=sfp-seed
tFgU,https://news.example.invalid/articles/2026/10/story-7070164?utm_source=share&utm_medium=link&ref=sfp-seed
85JM,https://news.example.invalid/articles/2026/10/story-1928682?utm_source=share&utm_medium=link&ref=sfp-seed
3Q0H,https://news.example.invalid/articles/2026/10/story-914915?utm_source=share&utm_medium=link&ref=sfp-seed
7Oqk,https://news.example.invalid/articles/2026/10/story-1862128?utm_source=share&utm_medium=link&ref=sfp-seed
stet,https://news.example.invalid/articles/2026/10/story-6785557?utm_source=share&utm_medium=link&ref=sfp-seed
9zRt,https://news.example.invalid/articles/2026/10/story-2282807?utm_source=share&utm_medium=link&ref=sfp-seed
ofAB,https://news.example.invalid/articles/2026/10/story-5779801?utm_source=share&utm_medium=link&ref=sfp-seed
Bdnv,https://news.example.invalid/articles/2026/10/story-8869565?utm_source=share&utm_medium=link&ref=sfp-seed
72Yd,https://news.example.invalid/articles/2026/10/story-1679717?utm_source=share&utm_medium=link&ref=sfp-seed
q3dT,https://news.example.invalid/articles/2026/10/story-6208921?utm_source=share&utm_medium=link&ref=sfp-seed
u5x9,https://news.example.invalid/articles/2026/10/story-7171115?utm_source=share&utm_medium=link&ref=sfp-seed
2dPk,https://news.example.invalid/articles/2026/10/story-529810?utm_source=share&utm_medium=link&ref=sfp-seed
aLSm,https://news.example.invalid/articles/2026/10/story-2567318?utm_source=share&utm_medium=link&ref=sfp-seed
hvp,https://news.example.invalid/articles/2026/10/story-67295?utm_source=share&utm_medium=link&ref=sfp-seed
E8Vl,https://news.example.invalid/articles/2026/10/story-9567427?utm_source=share&utm_medium=link&ref=sfp-seed
a9v5,https://news.example.invalid/articles/2026/10/story-2419803?utm_source=share&utm_medium=link&ref=sfp-seed
9eXE,https://news.example.invalid/articles/2026/10/story-2202466?utm_source=share&utm_medium=link&ref=sfp-seed
gplH,https://news.example.invalid/articles/2026/10/story-3910693?utm_source=share&utm_medium=link&ref=sfp-seed
1OTN,https://news.example.invalid/articles/2026/10/story-433987?utm_source=share&utm_medium=link&ref=sfp-seed
cTWb,https://news.example.invalid/articles/2026/10/story-3074963?utm_source=share&utm_medium=link&ref=sfp-seed
EB16,https://news.example.invalid/articles/2026/10/story-9675416?utm_source=share&utm_medium=link&ref=sfp-seed
23PU,https://news.example.invalid/articles/2026/10/story-491406?utm_source=share&utm_medium=link&ref=sfp-seed
tUat,https://news.example.invalid/articles/2026/10/story-7127425?utm_source=share&utm_medium=link&ref=sfp-seed
4vMW,https://news.example.invalid/articles/2026/10/story-1075510?utm_source=share&utm_medium=link&ref=sfp-seed
6Dpk,https://news.example.invalid/articles/2026/10/story-1581454?utm_source=share&utm_medium=link&ref=sfp-seed
aIil,https://news.example.invalid/articles/2026/10/story-2553553?utm_source=share&utm_medium=link&ref=sfp-seed
BqFc,https://news.example.invalid/articles/2026/10/story-8920634?utm_source=share&utm_medium=link&ref=sfp-seed
k32k,https://news.example.invalid/articles/2026/10/story-4778236?utm_source=share&utm_medium=link&ref=sfp-seed
xURv,https://news.example.invalid/articles/2026/10/story-8083405?utm_source=share&utm_medium=link&ref=sfp-seed
zmqX,https://news.example.invalid/articles/2026/10/story-8427719?utm_source=share&utm_medium=link&ref=sfp-seed
8aGE,https://news.example.invalid/articles/2026/10/story-1947708?utm_source=share&utm_medium=link&ref=sfp-seed
1H2H,https://news.example.invalid/articles/2026/10/story-403787?utm_source=share&utm_medium=link&ref=sfp-seed
tpCg,https://news.example.invalid/articles/2026/10/story-7009984?utm_source=share&utm_medium=link&ref=sfp-seed
m1vY,https://news.example.invalid/articles/2026/10/story-5249042?utm_source=share&utm_medium=link&ref=sfp-seed
20mx,https://news.example.invalid/articles/2026/10/story-478053?utm_source=share&utm_medium=link&ref=sfp-seed
nWfx,https://news.example.invalid/articles/2026/10/story-5705459?utm_source=share&utm_medium=link&ref=sfp-seed
5mCC,https://news.example.invalid/articles/2026/10/story-1278602?utm_source=share&utm_medium=link&ref=sfp-seed
z7yK,https://news.example.invalid/articles/2026/10/story-8370542?utm_source=share&utm_medium=link&ref=sfp-seed
d8v,https://news.example.invalid/articles/2026/10/story-50499?utm_source=share&utm_medium=link&ref=sfp-seed
plGR,https://news.example.invalid/articles/2026/10/story-6041581?utm_source=share&utm_medium=link&ref=sfp-seed
svUW,https://news.example.invalid/articles/2026/10/story-6795878?utm_source=share&utm_medium=link&ref=sfp-seed
6lGu,https://news.example.invalid/articles/2026/10/story-1513326?utm_source=share&utm_medium=link&ref=sfp-seed
oPPd,https://news.example.invalid/articles/2026/10/story-5919091?utm_source=share&utm_medium=link&ref=sfp-seed
eTgZ,https://news.example.invalid/articles/2026/10/story-3549065?utm_source=share&utm_medium=link&ref=sfp-seed
sYUC,https://news.example.invalid/articles/2026/10/story-6907334?utm_source=share&utm_medium=link&ref=sfp-seed
kDmT,https://news.example.invalid/articles/2026/10/story-4917895?utm_source=share&utm_medium=link&ref=sfp-seed
rbmg,https://news.example.invalid/articles/2026/10/story-6478520?utm_source=share&utm_medium=link&ref=sfp-seed
bV3O,https://news.example.invalid/articles/2026/10/story-2840952?utm_source=share&utm_medium=link&ref=sfp-seed
wM5V,https://news.example.invalid/articles/2026/10/story-7811375?utm_source=share&utm_medium=link&ref=sfp-seed
jQSs,https://news.example.invalid/articles/2026/10/story-4731496?utm_source=share&utm_medium=link&ref=sfp-seed
p5vL,https://news.example.invalid/articles/2026/10/story-5979389?utm_source=share&utm_medium=link&ref=sfp-seed
zqFf,https://news.example.invalid/articles/2026/10/story-8443981?utm_source=share&utm_medium=link&ref=sfp-seed
nBzo,https://news.example.invalid/articles/2026/10/story-5625966?utm_source=share&utm_medium=link&ref=sfp-seed
CfQz,https://news.example.invalid/articles/2026/10/story-9117383?utm_source=share&utm_medium=link&ref=sfp-seed
s9Zi,https://news.example.invalid/articles/2026/10/story-6711580?utm_source=share&utm_medium=link&ref=sfp-seed
CXSv,https://news.example.invalid/articles/2026/10/story-9286639?utm_source=share&utm_medium=link&ref=sfp-seed
j7TX,https://news.example.invalid/articles/2026/10/story-4558609?utm_source=share&utm_medium=link&ref=sfp-seed
21E6,https://news.example.invalid/articles/2026/10/story-482986?utm_source=share&utm_medium=link&ref=sfp-seed
ustV,https://news.example.invalid/articles/2026/10/story-7259327?utm_source=share&utm_medium=link&ref=sfp-seed
kjBD,https://news.example.invalid/articles/2026/10/story-4841929?utm_source=share&utm_medium=link&ref=sfp-seed
5KdN,https://news.example.invalid/articles/2026/10/story-1369319?utm_source=share&utm_medium=link&ref=sfp-seed
BQT6,https://news.example.invalid/articles/2026/10/story-9021440?utm_source=share&utm_medium=link&ref=sfp-seed
blKu,https://news.example.invalid/articles/2026/10/story-2705214?utm_source=share&utm_medium=link&ref=sfp-seed
Foty,https://news.example.invalid/articles/2026/10/story-9865536?utm_source=share&utm_medium=link&ref=sfp-seed
uL1g,https://news.example.invalid/articles/2026/10/story-7330586?utm_source=share&utm_medium=link&ref=sfp-seed
sCKT,https://news.example.invalid/articles/2026/10/story-6822163?utm_source=share&utm_medium=link&ref=sfp-seed
qCxD,https://news.example.invalid/articles/2026/10/story-6344685?utm_source=share&utm_medium=link&ref=sfp-seed
k7iv,https://news.example.invalid/articles/2026/10/story-4794615?utm_source=share&utm_medium=link&ref=sfp-seed
hi00,https://news.example.invalid/articles/2026/10/story-4120768?utm_source=share&utm_medium=link&ref=sfp-seed
SwW,https://news.example.invalid/articles/2026/10/story-209618?utm_source=share&utm_medium=link&ref=sfp-seed
aW4N,https://news.example.invalid/articles/2026/10/story-2606529?utm_source=share&utm_medium=link&ref=sfp-seed
2paO,https://news.example.invalid/articles/2026/10/story-573426?utm_source=share&utm_medium=link&ref=sfp-seed
BLYJ,https://news.example.invalid/articles/2026/10/story-9002569?utm_source=share&utm_medium=link&ref=sfp-seed
sTHI,https://news.example.invalid/articles/2026/10/story-6887314?utm_source=share&utm_medium=link&ref=sfp-seed
1Iyh,https://news.example.invalid/articles/2026/10/story-409589?utm_source=share&utm_medium=link&ref=sfp-seed
dwGD,https://news.example.invalid/articles/2026/10/story-3223915?utm_source=share&utm_medium=link&ref=sfp-seed
qcfq,https://news.example.invalid/articles/2026/10/story-6243612?utm_source=share&utm_medium=link&ref=sfp-seed
grDX,https://news.example.invalid/articles/2026/10/story-3919513?utm_source=share&utm_medium=link&ref=sfp-seed
Cd3m,https://news.example.invalid/articles/2026/10/story-9106644?utm_source=share&utm_medium=link&ref=sfp-seed
9Oq7,https://news.example.invalid/articles/2026/10/story-2338771?utm_source=share&utm_medium=link&ref=sfp-seed
FEmb,https://news.example.invalid/articles/2026/10/story-9926583?utm_source=share&utm_medium=link&ref=sfp-seed
oogB,https://news.example.invalid/articles/2026/10/story-5813157?utm_source=share&utm_medium=link&ref=sfp-seed
spdt,https://news.example.invalid/articles/2026/10/story-6770119?utm_source=share&utm_medium=link&ref=sfp-seed
D5Vu,https://news.example.invalid/articles/2026/10/story-9317576?utm_source=share&utm_medium=link&ref=sfp-seed
7A6K,https://news.example.invalid/articles/2026/10/story-1807098?utm_source=share&utm_medium=link&ref=sfp-seed
meLB,https://news.example.invalid/articles/2026/10/story-5299983?utm_source=share&utm_medium=link&ref=sfp-seed
s59N,https://news.example.invalid/articles/2026/10/story-6693011?utm_source=share&utm_medium=link&ref=sfp-seed
cE0b,https://news.example.invalid/articles/2026/10/story-3013707?utm_source=share&utm_medium=link&ref=sfp-seed
EH9F,https://news.example.invalid/articles/2026/10/story-9699011?utm_source=share&utm_medium=link&ref=sfp-seed
mudj,https://news.example.invalid/articles/2026/10/story-5359361?utm_source=share&utm_medium=link&ref=sfp-seed
cMe,https://news.example.invalid/articles/2026/10/story-49118?utm_source=share&utm_medium=link&ref=sfp-seed
txQI,https://news.example.invalid/articles/2026/10/story-7041632?utm_source=share&utm_medium=link&ref=sfp-seed
qBy2,https://news.example.invalid/articles/2026/10/story-6340866?utm_source=share&utm_medium=link&ref=sfp-seed
o7L2,https://news.example.invalid/articles/2026/10/story-5749696?utm_source=share&utm_medium=link&ref=sfp-seed
rYTE,https://news.example.invalid/articles/2026/10/story-6668946?utm_source=share&utm_medium=link&ref=sfp-seed
ArI3,https://news.example.invalid/articles/2026/10/story-8686327?utm_source=share&utm_medium=link&ref=sfp-seed
9PvP,https://news.example.invalid/articles/2026/10/story-2342969?utm_source=share&utm_medium=link&ref=sfp-seed
4po0,https://news.example.invalid/articles/2026/10/story-1050900?utm_source=share&utm_medium=link&ref=sfp-seed
fCT1,https://news.example.invalid/articles/2026/10/story-3724403?utm_source=share&utm_medium=link&ref=sfp-seed
tBuR,https://news.example.invalid/articles/2026/10/story-7055653?utm_source=share&utm_medium=link&ref=sfp-seed
qX1F,https://news.example.invalid/articles/2026/10/story-6423427?utm_source=share&utm_medium=link&ref=sfp-seed
x8W2,https://news.example.invalid/articles/2026/10/story-7899174?utm_source=share&utm_medium=link&ref=sfp-seed
wb5G,https://news.example.invalid/articles/2026/10/story-7669132?utm_source=share&utm_medium=link&ref=sfp-seed
g0lg,https://news.example.invalid/articles/2026/10/story-3814566?utm_source=share&utm_medium=link&ref=sfp-seed
fcFR,https://news.example.invalid/articles/2026/10/story-3623643?utm_source=share&utm_medium=link&ref=sfp-seed
b7sE,https://news.example.invalid/articles/2026/10/story-2650292?utm_source=share&utm_medium=link&ref=sfp-seed
w1av,https://news.example.invalid/articles/2026/10/story-7630991?utm_source=share&utm_medium=link&ref=sfp-seed
BU9M,https://news.example.invalid/articles/2026/10/story-9034006?utm_source=share&utm_medium=link&ref=sfp-seed
Ccxa,https://news.example.invalid/articles/2026/10/story-9104648?utm_source=share&utm_medium=link&ref=sfp-seed
6Fqb,https://news.example.invalid/articles/2026/10/story-1589195?utm_source=share&utm_medium=link&ref=sfp-seed
5dfJ,https://news.example.invalid/articles/2026/10/story-1242587?utm_source=share&utm_medium=link&ref=sfp-seed
2DSu,https://news.example.invalid/articles/2026/10/story-629950?utm_source=share&utm_medium=link&ref=sfp-seed
hM53,https://news.example.invalid/articles/2026/10/story-4236401?utm_source=share&utm_medium=link&ref=sfp-seed
wXXE,https://news.example.invalid/articles/2026/10/story-7856990?utm_source=share&utm_medium=link&ref=sfp-seed
dIyz,https://news.example.invalid/articles/2026/10/story-3269543?utm_source=share&utm_medium=link&ref=sfp-seed
BgrX,https://news.example.invalid/articles/2026/10/story-8881373?utm_source=share&utm_medium=link&ref=sfp-seed
hvv1,https://news.example.invalid/articles/2026/10/story-4172663?utm_source=share&utm_medium=link&ref=sfp-seed
fnGh,https://news.example.invalid/articles/2026/10/story-3665953?utm_source=share&utm_medium=link&ref=sfp-seed
dhwn,https://news.example.invalid/articles/2026/10/story-3165619?utm_source=share&utm_medium=link&ref=sfp-seed
9hPT,https://news.example.invalid/articles/2026/10/story-2213517?utm_source=share&utm_medium=link&ref=sfp-seed
42lQ,https://news.example.invalid/articles/2026/10/story-962354?utm_source=share&utm_medium=link&ref=sfp-seed
llwl,https://news.example.invalid/articles/2026/10/story-5087617?utm_source=share&utm_medium=link&ref=sfp-seed
jgKO,https://news.example.invalid/articles/2026/10/story-4592638?utm_source=share&utm_medium=link&ref=sfp-seed
CRqf,https://news.example.invalid/articles/2026/10/story-9261823?utm_source=share&utm_medium=link&ref=sfp-seed
hxcT,https://news.example.invalid/articles/2026/10/story-4179227?utm_source=share&utm_medium=link&ref=sfp-seed
meWr,https://news.example.invalid/articles/2026/10/story-5300655?utm_source=share&utm_medium=link&ref=sfp-seed
vzZE,https://news.example.invalid/articles/2026/10/story-7526530?utm_source=share&utm_medium=link&ref=sfp-seed
g99j,https://news.example.invalid/articles/2026/10/story-3848421?utm_source=share&utm_medium=link&ref=sfp-seed
vHNE,https://news.example.invalid/articles/2026/10/story-7556538?utm_source=share&utm_medium=link&ref=sfp-seed
nKLx,https://news.example.invalid/articles/2026/10/story-5661315?utm_source=share&utm_medium=link&ref=sfp-seed
n9EK,https://news.example.invalid/articles/2026/10/story-5518666?utm_source=share&utm_medium=link&ref=sfp-seed
7QE8,https://news.example.invalid/articles/2026/10/story-1870672?utm_source=share&utm_medium=link&ref=sfp-seed
278O,https://news.example.invalid/articles/2026/10/story-504110?utm_source=share&utm_medium=link&ref=sfp-seed
rbOY,https://news.example.invalid/articles/2026/10/story-6480300?utm_source=share&utm_medium=link&ref=sfp-seed
kNFw,https://news.example.invalid/articles/2026/10/story-4957490?utm_source=share&utm_medium=link&ref=sfp-seed
9YUw,https://news.example.invalid/articles/2026/10/story-2379096?utm_source=share&utm_medium=link&ref=sfp-seed
34Ld,https://news.example.invalid/articles/2026/10/story-733287?utm_source=share&utm_medium=link&ref=sfp-seed
ezrx,https://news.example.invalid/articles/2026/10/story-3472839?utm_source=share&utm_medium=link&ref=sfp-seed
s4nE,https://news.example.invalid/articles/2026/10/story-6690026?utm_source=share&utm_medium=link&ref=sfp-seed
pNqN,https://news.example.invalid/articles/2026/10/story-6148217?utm_source=share&utm_medium=link&ref=sfp-seed
9tpY,https://news.example.invalid/articles/2026/10/story-2258038?utm_source=share&utm_medium=link&ref=sfp-seed
uUPI,https://news.example.invalid/articles/2026/10/story-7368310?utm_source=share&utm_medium=link&ref=sfp-seed
5zgD,https://news.example.invalid/articles/2026/10/story-1327211?utm_source=share&utm_medium=link&ref=sfp-seed
d6g0,https://news.example.invalid/articles/2026/10/story-3122320?utm_source=share&utm_medium=link&ref=sfp-seed
5aqI,https://news.example.invalid/articles/2026/10/story-1231736?utm_source=share&utm_medium=link&ref=sfp-seed
wtDv,https://news.example.invalid/articles/2026/10/story-7740421?utm_source=share&utm_medium=link&ref=sfp-seed
6iGb,https://news.example.invalid/articles/2026/10/story-1501775?utm_source=share&utm_medium=link&ref=sfp-seed
rNRL,https://news.example.invalid/articles/2026/10/story-6626545?utm_source=share&utm_medium=link&ref=sfp-seed
yB41,https://news.example.invalid/articles/2026/10/story-8245629?utm_source=share&utm_medium=link&ref=sfp-seed
snPp,https://news.example.invalid/articles/2026/10/story-6764783?utm_source=share&utm_medium=link&ref=sfp-seed
woji,https://news.example.invalid/articles/2026/10/story-7719948?utm_source=share&utm_medium=link&ref=sfp-seed
8JH6,https://news.example.invalid/articles/2026/10/story-2082276?utm_source=share&utm_medium=link&ref=sfp-seed
7382,https://news.example.invalid/articles/2026/10/story-1680326?utm_source=share&utm_medium=link&ref=sfp-seed
rBGk,https://news.example.invalid/articles/2026/10/story-6579708?utm_source=share&utm_medium=link&ref=sfp-seed
rRP2,https://news.example.invalid/articles/2026/10/story-6641752?utm_source=share&utm_medium=link&ref=sfp-seed
BlfX,https://news.example.invalid/articles/2026/10/story-8899849?utm_source=share&utm_medium=link&ref=sfp-seed
2Od5,https://news.example.invalid/articles/2026/10/story-669667?utm_source=share&utm_medium=link&ref=sfp-seed
qmgA,https://news.example.invalid/articles/2026/10/story-6282124?utm_source=share&utm_medium=link&ref=sfp-seed
vADW,https://news.example.invalid/articles/2026/10/story-7529028?utm_source=share&utm_medium=link&ref=sfp-seed
Av7i,https://news.example.invalid/articles/2026/10/story-8699424?utm_source=share&utm_medium=link&ref=sfp-seed
x2G0,https://news.example.invalid/articles/2026/10/story-7875116?utm_source=share&utm_medium=link&ref=sfp-seed
F5y1,https://news.example.invalid/articles/2026/10/story-9792777?utm_source=share&utm_medium=link&ref=sfp-seed
4mSn,https://news.example.invalid/articles/2026/10/story-1041251?utm_source=share&utm_medium=link&ref=sfp-seed
5v7,https://news.example.invalid/articles/2026/10/story-21149?utm_source=share&utm_medium=link&ref=sfp-seed
tRj9,https://news.example.invalid/articles/2026/10/story-7116431?utm_source=share&utm_medium=link&ref=sfp-seed
lQ11,https://news.example.invalid/articles/2026/10/story-5204839?utm_source=share&utm_medium=link&ref=sfp-seed
khFi,https://news.example.invalid/articles/2026/10/story-4834468?utm_source=share&utm_medium=link&ref=sfp-seed
l1rR,https://news.example.invalid/articles/2026/10/story-5010459?utm_source=share&utm_medium=link&ref=sfp-seed
vAfm,https://news.example.invalid/articles/2026/10/story-7527504?utm_source=share&utm_medium=link&ref=sfp-seed
AUB4,https://news.example.invalid/articles/2026/10/story-8797370?utm_source=share&utm_medium=link&ref=sfp-seed
kG3A,https://news.example.invalid/articles/2026/10/story-4928230?utm_source=share&utm_medium=link&ref=sfp-seed
1pmG,https://news.example.invalid/articles/2026/10/story-335834?utm_source=share&utm_medium=link&ref=sfp-seed
AZhb,https://news.example.invalid/articles/2026/10/story-8815357?utm_source=share&utm_medium=link&ref=sfp-seed
q2w4,https://news.example.invalid/articles/2026/10/story-6206204?utm_source=share&utm_medium=link&ref=sfp-seed
1zqg,https://news.example.invalid/articles/2026/10/story-374496?utm_source=share&utm_medium=link&ref=sfp-seed
E0Jq,https://news.example.invalid/articles/2026/10/story-9535936?utm_source=share&utm_medium=link&ref=sfp-seed
j7tg,https://news.example.invalid/articles/2026/10/story-4556954?utm_source=share&utm_medium=link&ref=sfp-seed
BMOh,https://news.example.invalid/articles/2026/10/story-9005765?utm_source=share&utm_medium=link&ref=sfp-seed
l2Cj,https://news.example.invalid/articles/2026/10/story-5014951?utm_source=share&utm_medium=link&ref=sfp-seed
lBER,https://news.example.invalid/articles/2026/10/story-5149649?utm_source=share&utm_medium=link&ref=sfp-seed
qyA1,https://news.example.invalid/articles/2026/10/story-6329457?utm_source=share&utm_medium=link&ref=sfp-seed
fQPl,https://news.example.invalid/articles/2026/10/story-3777991?utm_source=share&utm_medium=link&ref=sfp-seed
f4sC,https://news.example.invalid/articles/2026/10/story-3592070?utm_source=share&utm_medium=link&ref=sfp-seed
ur0f,https://news.example.invalid/articles/2026/10/story-7253643?utm_source=share&utm_medium=link&ref=sfp-seed
wR7X,https://news.example.invalid/articles/2026/10/story-7830721?utm_source=share&utm_medium=link&ref=sfp-seed
3bDl,https://news.example.invalid/articles/2026/10/story-759707?utm_source=share&utm_medium=link&ref=sfp-seed
sCyu,https://news.example.invalid/articles/2026/10/story-6821394?utm_source=share&utm_medium=link&ref=sfp-seed
Crih,https://news.example.invalid/articles/2026/10/story-9161385?utm_source=share&utm_medium=link&ref=sfp-seed
1iHx,https://news.example.invalid/articles/2026/10/story-310219?utm_source=share&utm_medium=link&ref=sfp-seed
sUKD,https://news.example.invalid/articles/2026/10/story-6891339?utm_source=share&utm_medium=link&ref=sfp-seed
m7qV,https://news.example.invalid/articles/2026/10/story-5271793?utm_source=share&utm_medium=link&ref=sfp-seed
h6JJ,https://news.example.invalid/articles/2026/10/story-4077475?utm_source=share&utm_medium=link&ref=sfp-seed
mBW5,https://news.example.invalid/articles/2026/10/story-5389045?utm_source=share&utm_medium=link&ref=sfp-seed
o22K,https://news.example.invalid/articles/2026/10/story-5727730?utm_source=share&utm_medium=link&ref=sfp-seed
ixXy,https://news.example.invalid/articles/2026/10/story-4420448?utm_source=share&utm_medium=link&ref=sfp-seed
cR0F,https://news.example.invalid/articles/2026/10/story-3063709?utm_source=share&utm_medium=link&ref=sfp-seed
9ebI,https://news.example.invalid/articles/2026/10/story-2199494?utm_source=share&utm_medium=link&ref=sfp-seed
wnyC,https://news.example.invalid/articles/2026/10/story-7717054?utm_source=share&utm_medium=link&ref=sfp-seed
3sNy,https://news.example.invalid/articles/2026/10/story-825688?utm_source=share&utm_medium=link&ref=sfp-seed
8Jtr,https://news.example.invalid/articles/2026/10/story-2081429?utm_source=share&utm_medium=link&ref=sfp-seed
eSgo,https://news.example.invalid/articles/2026/10/story-3545184?utm_source=share&utm_medium=link&ref=sfp-seed
4jfE,https://news.example.invalid/articles/2026/10/story-1027318?utm_source=share&utm_medium=link&ref=sfp-seed
yIgH,https://news.example.invalid/articles/2026/10/story-8273323?utm_source=share&utm_medium=link&ref=sfp-seed
hyZK,https://news.example.invalid/articles/2026/10/story-4186100?utm_source=share&utm_medium=link&ref=sfp-seed
7rwj,https://news.example.invalid/articles/2026/10/story-1774087?utm_source=share&utm_medium=link&ref=sfp-seed
nZHv,https://news.example.invalid/articles/2026/10/story-5718725?utm_source=share&utm_medium=link&ref=sfp-seed
bBN5,https://news.example.invalid/articles/2026/10/story-2766879?utm_source=share&utm_medium=link&ref=sfp-seed
lfJS,https://news.example.invalid/articles/2026/10/story-5065392?utm_source=share&utm_medium=link&ref=sfp-seed
EKm7,https://news.example.invalid/articles/2026/10/story-9711315?utm_source=share&utm_medium=link&ref=sfp-seed
3JeM,https://news.example.invalid/articles/2026/10/story-888880?utm_source=share&utm_medium=link&ref=sfp-seed
ngj8,https://news.example.invalid/articles/2026/10/story-5544234?utm_source=share&utm_medium=link&ref=sfp-seed
8DWU,https://news.example.invalid/articles/2026/10/story-2060192?utm_source=share&utm_medium=link&ref=sfp-seed
yPUX,https://news.example.invalid/articles/2026/10/story-8302727?utm_source=share&utm_medium=link&ref=sfp-seed
iKYY,https://news.example.invalid/articles/2026/10/story-4470508?utm_source=share&utm_medium=link&ref=sfp-seed
cm56,https://news.example.invalid/articles/2026/10/story-2944820?utm_source=share&utm_medium=link&ref=sfp-seed
yqYc,https://news.example.invalid/articles/2026/10/story-8206828?utm_source=share&utm_medium=link&ref=sfp-seed
4wS6,https://news.example.invalid/articles/2026/10/story-1079674?utm_source=share&utm_medium=link&ref=sfp-seed
8B6j,https://news.example.invalid/articles/2026/10/story-2049243?utm_source=share&utm_medium=link&ref=sfp-seed
1aS7,https://news.example.invalid/articles/2026/10/story-280123?utm_source=share&utm_medium=link&ref=sfp-seed
FKQT,https://news.example.invalid/articles/2026/10/story-9951551?utm_source=share&utm_medium=link&ref=sfp-seed
p1Bt,https://news.example.invalid/articles/2026/10/story-5964367?utm_source=share&utm_medium=link&ref=sfp-seed
oACB,https://news.example.invalid/articles/2026/10/story-5860649?utm_source=share&utm_medium=link&ref=sfp-seed
3bX5,https://news.example.invalid/articles/2026/10/story-760931?utm_source=share&utm_medium=link&ref=sfp-seed
ifYH,https://news.example.invalid/articles/2026/10/story-4351327?utm_source=share&utm_medium=link&ref=sfp-seed
4310,https://news.example.invalid/articles/2026/10/story-964906?utm_source=share&utm_medium=link&ref=sfp-seed
kVal,https://news.example.invalid/articles/2026/10/story-4986309?utm_source=share&utm_medium=link&ref=sfp-seed
AkOf,https://news.example.invalid/articles/2026/10/story-8659803?utm_source=share&utm_medium=link&ref=sfp-seed
vSMc,https://news.example.invalid/articles/2026/10/story-7598732?utm_source=share&utm_medium=link&ref=sfp-seed
hyNR,https://news.example.invalid/articles/2026/10/story-4185363?utm_source=share&utm_medium=link&ref=sfp-seed
viiD,https://news.example.invalid/articles/2026/10/story-7458515?utm_source=share&utm_medium=link&ref=sfp-seed
exAA,https://news.example.invalid/articles/2026/10/story-3465712?utm_source=share&utm_medium=link&ref=sfp-seed
FpOA,https://news.example.invalid/articles/2026/10/story-9870684?utm_source=share&utm_medium=link&ref=sfp-seed
4yT8,https://news.example.invalid/articles/2026/10/story-1087426?utm_source=share&utm_medium=link&ref=sfp-seed
ocBI,https://news.example.invalid/articles/2026/10/story-5768338?utm_source=share&utm_medium=link&ref=sfp-seed
Fu5N,https://news.example.invalid/articles/2026/10/story-9887127?utm_source=share&utm_medium=link&ref=sfp-seed
zCMr,https://news.example.invalid/articles/2026/10/story-8490555?utm_source=share&utm_medium=link&ref=sfp-seed
k4y3,https://news.example.invalid/articles/2026/10/story-4784047?utm_source=share&utm_medium=link&ref=sfp-seed
6hAO,https://news.example.invalid/articles/2026/10/story-1497598?utm_source=share&utm_medium=link&ref=sfp-seed
wBMa,https://news.example.invalid/articles/2026/10/story-7771710?utm_source=share&utm_medium=link&ref=sfp-seed
lTy,https://news.example.invalid/articles/2026/10/story-84168?utm_source=share&utm_medium=link&ref=sfp-seed
qXsy,https://news.example.invalid/articles/2026/10/story-6425094?utm_source=share&utm_medium=link&ref=sfp-seed
g3vE,https://news.example.invalid/articles/2026/10/story-3826742?utm_source=share&utm_medium=link&ref=sfp-seed
yBg4,https://news.example.invalid/articles/2026/10/story-8246376?utm_source=share&utm_medium=link&ref=sfp-seed
zJgP,https://news.example.invalid/articles/2026/10/story-8515503?utm_source=share&utm_medium=link&ref=sfp-seed
lw1k,https://news.example.invalid/articles/2026/10/story-5127978?utm_source=share&utm_medium=link&ref=sfp-seed
wJPx,https://news.example.invalid/articles/2026/10/story-7802671?utm_source=share&utm_medium=link&ref=sfp-seed
7l38,https://news.example.invalid/articles/2026/10/story-1749214?utm_source=share&utm_medium=link&ref=sfp-seed
vjit,https://news.example.invalid/articles/2026/10/story-7462349?utm_source=share&utm_medium=link&ref=sfp-seed
m9Qz,https://news.example.invalid/articles/2026/10/story-5281071?utm_source=share&utm_medium=link&ref=sfp-seed
4lX2,https://news.example.invalid/articles/2026/10/story-1037696?utm_source=share&utm_medium=link&ref=sfp-seed
eXb4,https://news.example.invalid/articles/2026/10/story-3564074?utm_source=share&utm_medium=link&ref=sfp-seed
53SL,https://news.example.invalid/articles/2026/10/story-1206567?utm_source=share&utm_medium=link&ref=sfp-seed
7IlD,https://news.example.invalid/articles/2026/10/story-1838773?utm_source=share&utm_medium=link&ref=sfp-seed
hmuB,https://news.example.invalid/articles/2026/10/story-4138041?utm_source=share&utm_medium=link&ref=sfp-seed
kVvD,https://news.example.invalid/articles/2026/10/story-4987629?utm_source=share&utm_medium=link&ref=sfp-seed
8nkK,https://news.example.invalid/articles/2026/10/story-1996322?utm_source=share&utm_medium=link&ref=sfp-seed
eTmi,https://news.example.invalid/articles/2026/10/story-3549394?utm_source=share&utm_medium=link&ref=sfp-seed
bc24,https://news.example.invalid/articles/2026/10/story-2667864?utm_source=share&utm_medium=link&ref=sfp-seed
wt9B,https://news.example.invalid/articles/2026/10/story-7738567?utm_source=share&utm_medium=link&ref=sfp-seed
rGev,https://news.example.invalid/articles/2026/10/story-6597203?utm_source=share&utm_medium=link&ref=sfp-seed
raCr,https://news.example.invalid/articles/2026/10/story-6475679?utm_source=share&utm_medium=link&ref=sfp-seed
g9Lq,https://news.example.invalid/articles/2026/10/story-3850784?utm_source=share&utm_medium=link&ref=sfp-seed
2Szs,https://news.example.invalid/articles/2026/10/story-686430?utm_source=share&utm_medium=link&ref=sfp-seed
oRIO,https://news.example.invalid/articles/2026/10/story-5926382?utm_source=share&utm_medium=link&ref=sfp-seed
jPTW,https://news.example.invalid/articles/2026/10/story-4727744?utm_source=share&utm_medium=link&ref=sfp-seed
gfy4,https://news.example.invalid/articles/2026/10/story-3873020?utm_source=share&utm_medium=link&ref=sfp-seed
tfcl,https://news.example.invalid/articles/2026/10/story-6969937?utm_source=share&utm_medium=link&ref=sfp-seed
hPrc,https://news.example.invalid/articles/2026/10/story-4249306?utm_source=share&utm_medium=link&ref=sfp-seed
h5Ge,https://news.example.invalid/articles/2026/10/story-4073414?utm_source=share&utm_medium=link&ref=sfp-seed
xCvO,https://news.example.invalid/articles/2026/10/story-8012868?utm_source=share&utm_medium=link&ref=sfp-seed
v5HY,https://news.example.invalid/articles/2026/10/story-7410114?utm_source=share&utm_medium=link&ref=sfp-seed
3Gku,https://news.example.invalid/articles/2026/10/story-877702?utm_source=share&utm_medium=link&ref=sfp-seed
uPwd,https://news.example.invalid/articles/2026/10/story-7347881?utm_source=share&utm_medium=link&ref=sfp-seed
DmVX,https://news.example.invalid/articles/2026/10/story-9382953?utm_source=share&utm_medium=link&ref=sfp-seed
y7jd,https://news.example.invalid/articles/2026/10/story-8131251?utm_source=share&utm_medium=link&ref=sfp-seed
8gSM,https://news.example.invalid/articles/2026/10/story-1971524?utm_source=share&utm_medium=link&ref=sfp-seed
uJfN,https://news.example.invalid/articles/2026/10/story-7323799?utm_source=share&utm_medium=link&ref=sfp-seed
qUmF,https://news.example.invalid/articles/2026/10/story-6413197?utm_source=share&utm_medium=link&ref=sfp-seed
nFfI,https://news.example.invalid/articles/2026/10/story-5640122?utm_source=share&utm_medium=link&ref=sfp-seed
AL9X,https://news.example.invalid/articles/2026/10/story-8761093?utm_source=share&utm_medium=link&ref=sfp-seed
4PqC,https://news.example.invalid/articles/2026/10/story-1151006?utm_source=share&utm_medium=link&ref=sfp-seed
sZLG,https://news.example.invalid/articles/2026/10/story-6910624?utm_source=share&utm_medium=link&ref=sfp-seed
bY1M,https://news.example.invalid/articles/2026/10/story-2852358?utm_source=share&utm_medium=link&ref=sfp-seed
sbgT,https://news.example.invalid/articles/2026/10/story-6716515?utm_source=share&utm_medium=link&ref=sfp-seed
EdLe,https://news.example.invalid/articles/2026/10/story-9586020?utm_source=share&utm_medium=link&ref=sfp-seed
nWUt,https://news.example.invalid/articles/2026/10/story-5707997?utm_source=share&utm_medium=link&ref=sfp-seed
e9NJ,https://news.example.invalid/articles/2026/10/story-3374271?utm_source=share&utm_medium=link&ref=sfp-seed
Cayj,https://news.example.invalid/articles/2026/10/story-9097031?utm_source=share&utm_medium=link&ref=sfp-seed
6wUl,https://news.example.invalid/articles/2026/10/story-1556469?utm_source=share&utm_medium=link&ref=sfp-seed
8F8r,https://news.example.invalid/articles/2026/10/story-2064751?utm_source=share&utm_medium=link&ref=sfp-seed
lkJ8,https://news.example.invalid/articles/2026/10/story-5084566?utm_source=share&utm_medium=link&ref=sfp-seed
7DjI,https://news.example.invalid/articles/2026/10/story-1819434?utm_source=share&utm_medium=link&ref=sfp-seed
739M,https://news.example.invalid/articles/2026/10/story-1680434?utm_source=share&utm_medium=link&ref=sfp-seed
hVkw,https://news.example.invalid/articles/2026/10/story-4271956?utm_source=share&utm_medium=link&ref=sfp-seed
v0tr,https://news.example.invalid/articles/2026/10/story-7389993?utm_source=share&utm_medium=link&ref=sfp-seed
8FKv,https://news.example.invalid/articles/2026/10/story-2067111?utm_source=share&utm_medium=link&ref=sfp-seed
903d,https://news.example.invalid/articles/2026/10/story-2145151?utm_source=share&utm_medium=link&ref=sfp-seed
i6FV,https://news.example.invalid/articles/2026/10/story-4315567?utm_source=share&utm_medium=link&ref=sfp-seed
nbeB,https://news.example.invalid/articles/2026/10/story-5524733?utm_source=share&utm_medium=link&ref=sfp-seed
i53K,https://news.example.invalid/articles/2026/10/story-4309356?utm_source=share&utm_medium=link&ref=sfp-seed
sFEL,https://news.example.invalid/articles/2026/10/story-6833315?utm_source=share&utm_medium=link&ref=sfp-seed
aBmP,https://news.example.invalid/articles/2026/10/story-2526923?utm_source=share&utm_medium=link&ref=sfp-seed
q7ME,https://news.example.invalid/articles/2026/10/story-6226452?utm_source=share&utm_medium=link&ref=sfp-seed
tgnI,https://news.example.invalid/articles/2026/10/story-6974486?utm_source=share&utm_medium=link&ref=sfp-seed
qq0T,https://news.example.invalid/articles/2026/10/story-6296527?utm_source=share&utm_medium=link&ref=sfp-seed
2Cbg,https://news.example.invalid/articles/2026/10/story-623426?utm_source=share&utm_medium=link&ref=sfp-seed
1NiG,https://news.example.invalid/articles/2026/10/story-427842?utm_source=share&utm_medium=link&ref=sfp-seed
zYuF,https://news.example.invalid/articles/2026/10/story-8574021?utm_source=share&utm_medium=link&ref=sfp-seed
ix63,https://news.example.invalid/articles/2026/10/story-4417131?utm_source=share&utm_medium=link&ref=sfp-seed
3lRL,https://news.example.invalid/articles/2026/10/story-799041?utm_source=share&utm_medium=link&ref=sfp-seed
icBg,https://news.example.invalid/articles/2026/10/story-4338342?utm_source=share&utm_medium=link&ref=sfp-seed
EiAi,https://news.example.invalid/articles/2026/10/story-9604562?utm_source=share&utm_medium=link&ref=sfp-seed
5m3K,https://news.example.invalid/articles/2026/10/story-1276440?utm_source=share&utm_medium=link&ref=sfp-seed
jbM7,https://news.example.invalid/articles/2026/10/story-4573499?utm_source=share&utm_medium=link&ref=sfp-seed
z30V,https://news.example.invalid/articles/2026/10/story-8353069?utm_source=share&utm_medium=link&ref=sfp-seed
qo5V,https://news.example.invalid/articles/2026/10/story-6289151?utm_source=share&utm_medium=link&ref=sfp-seed
gP5R,https://news.example.invalid/articles/2026/10/story-4009655?utm_source=share&utm_medium=link&ref=sfp-seed
wzfW,https://news.example.invalid/articles/2026/10/story-7762024?utm_source=share&utm_medium=link&ref=sfp-seed
7695,https://news.example.invalid/articles/2026/10/story-1691923?utm_source=share&utm_medium=link&ref=sfp-seed
b1f,https://news.example.invalid/articles/2026/10/story-42361?utm_source=share&utm_medium=link&ref=sfp-seed
5vLl,https://news.example.invalid/articles/2026/10/story-1313739?utm_source=share&utm_medium=link&ref=sfp-seed
uFk,https://news.example.invalid/articles/2026/10/story-117882?utm_source=share&utm_medium=link&ref=sfp-seed
6CZK,https://news.example.invalid/articles/2026/10/story-1579868?utm_source=share&utm_medium=link&ref=sfp-seed
yAcr,https://news.example.invalid/articles/2026/10/story-8242307?utm_source=share&utm_medium=link&ref=sfp-seed
3q3Y,https://news.example.invalid/articles/2026/10/story-815174?utm_source=share&utm_medium=link&ref=sfp-seed
e2FC,https://news.example.invalid/articles/2026/10/story-3346860?utm_source=share&utm_medium=link&ref=sfp-seed
nTx4,https://news.example.invalid/articles/2026/10/story-5695014?utm_source=share&utm_medium=link&ref=sfp-seed
8EjB,https://news.example.invalid/articles/2026/10/story-2061599?utm_source=share&utm_medium=link&ref=sfp-seed
zMGx,https://news.example.invalid/articles/2026/10/story-8528629?utm_source=share&utm_medium=link&ref=sfp-seed
BoX2,https://news.example.invalid/articles/2026/10/story-8914052?utm_source=share&utm_medium=link&ref=sfp-seed
y9Ln,https://news.example.invalid/articles/2026/10/story-8140685?utm_source=share&utm_medium=link&ref=sfp-seed
nZbP,https://news.example.invalid/articles/2026/10/story-5716761?utm_source=share&utm_medium=link&ref=sfp-seed
k9Qf,https://news.example.invalid/articles/2026/10/story-4804395?utm_source=share&utm_medium=link&ref=sfp-seed
qfSI,https://news.example.invalid/articles/2026/10/story-6257580?utm_source=share&utm_medium=link&ref=sfp-seed
7ZuA,https://news.example.invalid/articles/2026/10/story-1904676?utm_source=share&utm_medium=link&ref=sfp-seed
fZSm,https://news.example.invalid/articles/2026/10/story-3812774?utm_source=share&utm_medium=link&ref=sfp-seed
9SJV,https://news.example.invalid/articles/2026/10/story-2355375?utm_source=share&utm_medium=link&ref=sfp-seed
nGkp,https://news.example.invalid/articles/2026/10/story-5644257?utm_source=share&utm_medium=link&ref=sfp-seed
sgF0,https://news.example.invalid/articles/2026/10/story-6737230?utm_source=share&utm_medium=link&ref=sfp-seed
y6r6,https://news.example.invalid/articles/2026/10/story-8127896?utm_source=share&utm_medium=link&ref=sfp-seed
scvn,https://news.example.invalid/articles/2026/10/story-6721257?utm_source=share&utm_medium=link&ref=sfp-seed
zkQh,https://news.example.invalid/articles/2026/10/story-8421601?utm_source=share&utm_medium=link&ref=sfp-seed
sEGP,https://news.example.invalid/articles/2026/10/story-6829599?utm_source=share&utm_medium=link&ref=sfp-seed
2EVu,https://news.example.invalid/articles/2026/10/story-633980?utm_source=share&utm_medium=link&ref=sfp-seed
jcv1,https://news.example.invalid/articles/2026/10/story-4576283?utm_source=share&utm_medium=link&ref=sfp-seed
8851,https://news.example.invalid/articles/2026/10/story-1937687?utm_source=share&utm_medium=link&ref=sfp-seed
6z4T,https://news.example.invalid/articles/2026/10/story-1564811?utm_source=share&utm_medium=link&ref=sfp-seed
khfl,https://news.example.invalid/articles/2026/10/story-4832859?utm_source=share&utm_medium=link&ref=sfp-seed
sSWI,https://news.example.invalid/articles/2026/10/story-6884400?utm_source=share&utm_medium=link&ref=sfp-seed
s1e2,https://news.example.invalid/articles/2026/10/story-6677898?utm_source=share&utm_medium=link&ref=sfp-seed
58oc,https://news.example.invalid/articles/2026/10/story-1223892?utm_source=share&utm_medium=link&ref=sfp-seed
5RNP,https://news.example.invalid/articles/2026/10/story-1398461?utm_source=share&utm_medium=link&ref=sfp-seed
grJy,https://news.example.invalid/articles/2026/10/story-3919860?utm_source=share&utm_medium=link&ref=sfp-seed
xu6I,https://news.example.invalid/articles/2026/10/story-7980560?utm_source=share&utm_medium=link&ref=sfp-seed
oMm7,https://news.example.invalid/articles/2026/10/story-5905755?utm_source=share&utm_medium=link&ref=sfp-seed
okin,https://news.example.invalid/articles/2026/10/story-5797891?utm_source=share&utm_medium=link&ref=sfp-seed
6BTW,https://news.example.invalid/articles/2026/10/story-1575664?utm_source=share&utm_medium=link&ref=sfp-seed
ckdZ,https://news.example.invalid/articles/2026/10/story-2937683?utm_source=share&utm_medium=link&ref=sfp-seed
d5Pi,https://news.example.invalid/articles/2026/10/story-3120664?utm_source=share&utm_medium=link&ref=sfp-seed
ktUN,https://news.example.invalid/articles/2026/10/story-4881557?utm_source=share&utm_medium=link&ref=sfp-seed
zlB3,https://news.example.invalid/articles/2026/10/story-8424501?utm_source=share&utm_medium=link&ref=sfp-seed
n6DG,https://news.example.invalid/articles/2026/10/story-5507068?utm_source=share&utm_medium=link&ref=sfp-seed
1RuO,https://news.example.invalid/articles/2026/10/story-443970?utm_source=share&utm_medium=link&ref=sfp-seed
i7vh,https://news.example.invalid/articles/2026/10/story-4318751?utm_source=share&utm_medium=link&ref=sfp-seed
ccmm,https://news.example.invalid/articles/2026/10/story-2907450?utm_source=share&utm_medium=link&ref=sfp-seed
mA4f,https://news.example.invalid/articles/2026/10/story-5381863?utm_source=share&utm_medium=link&ref=sfp-seed
eCMy,https://news.example.invalid/articles/2026/10/story-3485674?utm_source=share&utm_medium=link&ref=sfp-seed
x4Zq,https://news.example.invalid/articles/2026/10/story-7884008?utm_source=share&utm_medium=link&ref=sfp-seed
ve0p,https://news.example.invalid/articles/2026/10/story-7442009?utm_source=share&utm_medium=link&ref=sfp-seed
aHJv,https://news.example.invalid/articles/2026/10/story-2551393?utm_source=share&utm_medium=link&ref=sfp-seed
eRM8,https://news.example.invalid/articles/2026/10/story-3543308?utm_source=share&utm_medium=link&ref=sfp-seed
mstd,https://news.example.invalid/articles/2026/10/story-5352659?utm_source=share&utm_medium=link&ref=sfp-seed
v8jV,https://news.example.invalid/articles/2026/10/story-7420155?utm_source=share&utm_medium=link&ref=sfp-seed
rPJQ,https://news.example.invalid/articles/2026/10/story-6633742?utm_source=share&utm_medium=link&ref=sfp-seed
yAxV,https://news.example.invalid/articles/2026/10/story-8243639?utm_source=share&utm_medium=link&ref=sfp-seed
ewO3,https://news.example.invalid/articles/2026/10/story-3462703?utm_source=share&utm_medium=link&ref=sfp-seed
mtlk,https://news.example.invalid/articles/2026/10/story-5356014?utm_source=share&utm_medium=link&ref=sfp-seed
fTHu,https://news.example.invalid/articles/2026/10/story-3789036?utm_source=share&utm_medium=link&ref=sfp-seed
5LfH,https://news.example.invalid/articles/2026/10/story-1373281?utm_source=share&utm_medium=link&ref=sfp-seed
mjBV,https://news.example.invalid/articles/2026/10/story-5318603?utm_source=share&utm_medium=link&ref=sfp-seed
BHpX,https://news.example.invalid/articles/2026/10/story-8985037?utm_source=share&utm_medium=link&ref=sfp-seed
kyXK,https://news.example.invalid/articles/2026/10/story-4900960?utm_source=share&utm_medium=link&ref=sfp-seed
9dQH,https://news.example.invalid/articles/2026/10/story-2198191?utm_source=share&utm_medium=link&ref=sfp-seed
trg0,https://news.example.invalid/articles/2026/10/story-7016292?utm_source=share&utm_medium=link&ref=sfp-seed
5Hfw,https://news.example.invalid/articles/2026/10/story-1357894?utm_source=share&utm_medium=link&ref=sfp-seed
C3o9,https://news.example.invalid/articles/2026/10/story-9069493?utm_source=share&utm_medium=link&ref=sfp-seed
cpBA,https://news.example.invalid/articles/2026/10/story-2958366?utm_source=share&utm_medium=link&ref=sfp-seed
3HYb,https://news.example.invalid/articles/2026/10/story-884007?utm_source=share&utm_medium=link&ref=sfp-seed
s6wk,https://news.example.invalid/articles/2026/10/story-6698252?utm_source=share&utm_medium=link&ref=sfp-seed
5SEc,https://news.example.invalid/articles/2026/10/story-1401708?utm_source=share&utm_medium=link&ref=sfp-seed
FAKJ,https://news.example.invalid/articles/2026/10/story-9912729?utm_source=share&utm_medium=link&ref=sfp-seed
q1cz,https://news.example.invalid/articles/2026/10/story-6201151?utm_source=share&utm_medium=link&ref=sfp-seed
hCPK,https://news.example.invalid/articles/2026/10/story-4200856?utm_source=share&utm_medium=link&ref=sfp-seed
lYP6,https://news.example.invalid/articles/2026/10/story-5238696?utm_source=share&utm_medium=link&ref=sfp-seed
wWOM,https://news.example.invalid/articles/2026/10/story-7852596?utm_source=share&utm_medium=link&ref=sfp-seed
AEEq,https://news.example.invalid/articles/2026/10/story-8736074?utm_source=share&utm_medium=link&ref=sfp-seed
aATU,https://news.example.invalid/articles/2026/10/story-2525130?utm_source=share&utm_medium=link&ref=sfp-seed
kD9O,https://news.example.invalid/articles/2026/10/story-4917084?utm_source=share&utm_medium=link&ref=sfp-seed
gkSD,https://news.example.invalid/articles/2026/10/story-3893515?utm_source=share&utm_medium=link&ref=sfp-seed
7Xxo,https://news.example.invalid/articles/2026/10/story-1897162?utm_source=share&utm_medium=link&ref=sfp-seed
wxrq,https://news.example.invalid/articles/2026/10/story-7755048?utm_source=share&utm_medium=link&ref=sfp-seed
xJds,https://news.example.invalid/articles/2026/10/story-8038638?utm_source=share&utm_medium=link&ref=sfp-seed
9ueA,https://news.example.invalid/articles/2026/10/story-2261176?utm_source=share&utm_medium=link&ref=sfp-seed
we8v,https://news.example.invalid/articles/2026/10/story-7680839?utm_source=share&utm_medium=link&ref=sfp-seed
1ezU,https://news.example.invalid/articles/2026/10/story-294370?utm_source=share&utm_medium=link&ref=sfp-seed
thGF,https://news.example.invalid/articles/2026/10/story-6979505?utm_source=share&utm_medium=link&ref=sfp-seed
t3F2,https://news.example.invalid/articles/2026/10/story-6925588?utm_source=share&utm_medium=link&ref=sfp-seed
abvB,https://news.example.invalid/articles/2026/10/story-2427523?utm_source=share&utm_medium=link&ref=sfp-seed
cuba,https://news.example.invalid/articles/2026/10/story-2975948?utm_source=share&utm_medium=link&ref=sfp-seed
frkS,https://news.example.invalid/articles/2026/10/story-3680002?utm_source=share&utm_medium=link&ref=sfp-seed
qE0L,https://news.example.invalid/articles/2026/10/story-6350335?utm_source=share&utm_medium=link&ref=sfp-seed
iPi2,https://news.example.invalid/articles/2026/10/story-4487066?utm_source=share&utm_medium=link&ref=sfp-seed
7vfE,https://news.example.invalid/articles/2026/10/story-1788430?utm_source=share&utm_medium=link&ref=sfp-seed
v1Cj,https://news.example.invalid/articles/2026/10/story-7394387?utm_source=share&utm_medium=link&ref=sfp-seed
lIHc,https://news.example.invalid/articles/2026/10/story-5176702?utm_source=share&utm_medium=link&ref=sfp-seed
7nUE,https://news.example.invalid/articles/2026/10/story-1760220?utm_source=share&utm_medium=link&ref=sfp-seed
ynXu,https://news.example.invalid/articles/2026/10/story-8195252?utm_source=share&utm_medium=link&ref=sfp-seed
zH6h,https://news.example.invalid/articles/2026/10/story-8507161?utm_source=share&utm_medium=link&ref=sfp-seed
lGjk,https://news.example.invalid/articles/2026/10/story-5167534?utm_source=share&utm_medium=link&ref=sfp-seed
khbp,https://news.example.invalid/articles/2026/10/story-4832615?utm_source=share&utm_medium=link&ref=sfp-seed
fzb3,https://news.example.invalid/articles/2026/10/story-3710145?utm_source=share&utm_medium=link&ref=sfp-seed
xtkT,https://news.example.invalid/articles/2026/10/story-7977595?utm_source=share&utm_medium=link&ref=sfp-seed
rKns,https://news.example.invalid/articles/2026/10/story-6613134?utm_source=share&utm_medium=link&ref=sfp-seed
lc70,https://news.example.invalid/articles/2026/10/story-5051450?utm_source=share&utm_medium=link&ref=sfp-seed
zcpI,https://news.example.invalid/articles/2026/10/story-8389202?utm_source=share&utm_medium=link&ref=sfp-seed
s9Es,https://news.example.invalid/articles/2026/10/story-6710288?utm_source=share&utm_medium=link&ref=sfp-seed
zKoJ,https://news.example.invalid/articles/2026/10/story-8519837?utm_source=share&utm_medium=link&ref=sfp-seed
1XT7,https://news.example.invalid/articles/2026/10/story-468541?utm_source=share&utm_medium=link&ref=sfp-seed
lrAs,https://news.example.invalid/articles/2026/10/story-5110936?utm_source=share&utm_medium=link&ref=sfp-seed
C03A,https://news.example.invalid/articles/2026/10/story-9056686?utm_source=share&utm_medium=link&ref=sfp-seed
tkT,https://news.example.invalid/articles/2026/10/story-112771?utm_source=share&utm_medium=link&ref=sfp-seed
nu8o,https://news.example.invalid/articles/2026/10/story-5597384?utm_source=share&utm_medium=link&ref=sfp-seed
gZGM,https://news.example.invalid/articles/2026/10/story-4050384?utm_source=share&utm_medium=link&ref=sfp-seed
6j5K,https://news.example.invalid/articles/2026/10/story-1503360?utm_source=share&utm_medium=link&ref=sfp-seed
fMiL,https://news.example.invalid/articles/2026/10/story-3760595?utm_source=share&utm_medium=link&ref=sfp-seed
uKrU,https://news.example.invalid/articles/2026/10/story-7328394?utm_source=share&utm_medium=link&ref=sfp-seed
bh4p,https://news.example.invalid/articles/2026/10/story-2687229?utm_source=share&utm_medium=link&ref=sfp-seed
fGSn,https://news.example.invalid/articles/2026/10/story-3739739?utm_source=share&utm_medium=link&ref=sfp-seed
mVcc,https://news.example.invalid/articles/2026/10/story-5463080?utm_source=share&utm_medium=link&ref=sfp-seed
zmB0,https://news.example.invalid/articles/2026/10/story-8428342?utm_source=share&utm_medium=link&ref=sfp-seed
Aj3m,https://news.example.invalid/articles/2026/10/story-8653052?utm_source=share&utm_medium=link&ref=sfp-seed
2LVP,https://news.example.invalid/articles/2026/10/story-660909?utm_source=share&utm_medium=link&ref=sfp-seed
B2Ls,https://news.example.invalid/articles/2026/10/story-8828766?utm_source=share&utm_medium=link&ref=sfp-seed
6UwJ,https://news.example.invalid/articles/2026/10/story-1647261?utm_source=share&utm_medium=link&ref=sfp-seed
gB5Q,https://news.example.invalid/articles/2026/10/story-3955838?utm_source=share&utm_medium=link&ref=sfp-seed
AiM3,https://news.example.invalid/articles/2026/10/story-8651979?utm_source=share&utm_medium=link&ref=sfp-seed
B4br,https://news.example.invalid/articles/2026/10/story-8834221?utm_source=share&utm_medium=link&ref=sfp-seed
Blbu,https://news.example.invalid/articles/2026/10/story-8899572?utm_source=share&utm_medium=link&ref=sfp-seed
j8fl,https://news.example.invalid/articles/2026/10/story-4559935?utm_source=share&utm_medium=link&ref=sfp-seed
biB0,https://news.example.invalid/articles/2026/10/story-2693094?utm_source=share&utm_medium=link&ref=sfp-seed
ylbh,https://news.example.invalid/articles/2026/10/story-8184575?utm_source=share&utm_medium=link&ref=sfp-seed
qMy5,https://news.example.invalid/articles/2026/10/story-6383153?utm_source=share&utm_medium=link&ref=sfp-seed
31if,https://news.example.invalid/articles/2026/10/story-719959?utm_source=share&utm_medium=link&ref=sfp-seed
n9rv,https://news.example.invalid/articles/2026/10/story-5517845?utm_source=share&utm_medium=link&ref=sfp-seed
i4Sj,https://news.example.invalid/articles/2026/10/story-4308647?utm_source=share&utm_medium=link&ref=sfp-seed
3wwD,https://news.example.invalid/articles/2026/10/story-840015?utm_source=share&utm_medium=link&ref=sfp-seed
by4K,https://news.example.invalid/articles/2026/10/story-2752598?utm_source=share&utm_medium=link&ref=sfp-seed
2sQl,https://news.example.invalid/articles/2026/10/story-587533?utm_source=share&utm_medium=link&ref=sfp-seed
i46l,https://news.example.invalid/articles/2026/10/story-4305673?utm_source=share&utm_medium=link&ref=sfp-seed
Hm7,https://news.example.invalid/articles/2026/10/story-166663?utm_source=share&utm_medium=link&ref=sfp-seed
bUR6,https://news.example.invalid/articles/2026/10/story-2840164?utm_source=share&utm_medium=link&ref=sfp-seed
BEmc,https://news.example.invalid/articles/2026/10/story-8973272?utm_source=share&utm_medium=link&ref=sfp-seed
1boo,https://news.example.invalid/articles/2026/10/story-282124?utm_source=share&utm_medium=link&ref=sfp-seed
7nXM,https://news.example.invalid/articles/2026/10/story-1760414?utm_source=share&utm_medium=link&ref=sfp-seed
EdWx,https://news.example.invalid/articles/2026/10/story-9586721?utm_source=share&utm_medium=link&ref=sfp-seed
A2Dm,https://news.example.invalid/articles/2026/10/story-8589936?utm_source=share&utm_medium=link&ref=sfp-seed
cKiN,https://news.example.invalid/articles/2026/10/story-3037925?utm_source=share&utm_medium=link&ref=sfp-seed
jiLT,https://news.example.invalid/articles/2026/10/story-4600393?utm_source=share&utm_medium=link&ref=sfp-seed
7j0v,https://news.example.invalid/articles/2026/10/story-1741363?utm_source=share&utm_medium=link&ref=sfp-seed
D5cW,https://news.example.invalid/articles/2026/10/story-9314814?utm_source=share&utm_medium=link&ref=sfp-seed
9IqT,https://news.example.invalid/articles/2026/10/story-2315755?utm_source=share&utm_medium=link&ref=sfp-seed
CVu4,https://news.example.invalid/articles/2026/10/story-9277436?utm_source=share&utm_medium=link&ref=sfp-seed
iru1,https://news.example.invalid/articles/2026/10/story-4395553?utm_source=share&utm_medium=link&ref=sfp-seed
DtSI,https://news.example.invalid/articles/2026/10/story-9409660?utm_source=share&utm_medium=link&ref=sfp-seed
brxD,https://news.example.invalid/articles/2026/10/story-2727481?utm_source=share&utm_medium=link&ref=sfp-seed
yL95,https://news.example.invalid/articles/2026/10/story-8284383?utm_source=share&utm_medium=link&ref=sfp-seed
dFT3,https://news.example.invalid/articles/2026/10/story-3259281?utm_source=share&utm_medium=link&ref=sfp-seed
4CQB,https://news.example.invalid/articles/2026/10/story-1102645?utm_source=share&utm_medium=link&ref=sfp-seed
sGpT,https://news.example.invalid/articles/2026/10/story-6836237?utm_source=share&utm_medium=link&ref=sfp-seed
xXkD,https://news.example.invalid/articles/2026/10/story-8092899?utm_source=share&utm_medium=link&ref=sfp-seed
4UTa,https://news.example.invalid/articles/2026/10/story-1171996?utm_source=share&utm_medium=link&ref=sfp-seed
tMkH,https://news.example.invalid/articles/2026/10/story-7097307?utm_source=share&utm_medium=link&ref=sfp-seed
57is,https://news.example.invalid/articles/2026/10/story-1219692?utm_source=share&utm_medium=link&ref=sfp-seed
8Qga,https://news.example.invalid/articles/2026/10/story-2107514?utm_source=share&utm_medium=link&ref=sfp-seed
6tIc,https://news.example.invalid/articles/2026/10/story-1544184?utm_source=share&utm_medium=link&ref=sfp-seed
EpwI,https://news.example.invalid/articles/2026/10/story-9631248?utm_source=share&utm_medium=link&ref=sfp-seed
7U6m,https://news.example.invalid/articles/2026/10/story-1883954?utm_source=share&utm_medium=link&ref=sfp-seed
r71X,https://news.example.invalid/articles/2026/10/story-6461885?utm_source=share&utm_medium=link&ref=sfp-seed
ovvg,https://news.example.invalid/articles/2026/10/story-5840974?utm_source=share&utm_medium=link&ref=sfp-seed
67I7,https://news.example.invalid/articles/2026/10/story-1459611?utm_source=share&utm_medium=link&ref=sfp-seed
ob9m,https://news.example.invalid/articles/2026/10/story-5762736?utm_source=share&utm_medium=link&ref=sfp-seed
bVw0,https://news.example.invalid/articles/2026/10/story-2842700?utm_source=share&utm_medium=link&ref=sfp-seed
1YZU,https://news.example.invalid/articles/2026/10/story-472806?utm_source=share&utm_medium=link&ref=sfp-seed
4hOk,https://news.example.invalid/articles/2026/10/story-1021780?utm_source=share&utm_medium=link&ref=sfp-seed
fGGz,https://news.example.invalid/articles/2026/10/story-3739007?utm_source=share&utm_medium=link&ref=sfp-seed
qnnl,https://news.example.invalid/articles/2026/10/story-6286387?utm_source=share&utm_medium=link&ref=sfp-seed
uk9f,https://news.example.invalid/articles/2026/10/story-7227293?utm_source=share&utm_medium=link&ref=sfp-seed
anwM,https://news.example.invalid/articles/2026/10/story-2473724?utm_source=share&utm_medium=link&ref=sfp-seed
oTfL,https://news.example.invalid/articles/2026/10/story-5932269?utm_source=share&utm_medium=link&ref=sfp-seed
guq3,https://news.example.invalid/articles/2026/10/story-3930183?utm_source=share&utm_medium=link&ref=sfp-seed
u7Yl,https://news.example.invalid/articles/2026/10/story-7180489?utm_source=share&utm_medium=link&ref=sfp-seed
lg9w,https://news.example.invalid/articles/2026/10/story-5066982?utm_source=share&utm_medium=link&ref=sfp-seed
yEf,https://news.example.invalid/articles/2026/10/story-133191?utm_source=share&utm_medium=link&ref=sfp-seed
Bcvy,https://news.example.invalid/articles/2026/10/story-8866220?utm_source=share&utm_medium=link&ref=sfp-seed
3kQw,https://news.example.invalid/articles/2026/10/story-795120?utm_source=share&utm_medium=link&ref=sfp-seed
3zLa,https://news.example.invalid/articles/2026/10/story-852448?utm_source=share&utm_medium=link&ref=sfp-seed
h3Hu,https://news.example.invalid/articles/2026/10/story-4065804?utm_source=share&utm_medium=link&ref=sfp-seed
sxYm,https://news.example.invalid/articles/2026/10/story-6803778?utm_source=share&utm_medium=link&ref=sfp-seed
OE9,https://news.example.invalid/articles/2026/10/story-194689?utm_source=share&utm_medium=link&ref=sfp-seed
e5qM,https://news.example.invalid/articles/2026/10/story-3357472?utm_source=share&utm_medium=link&ref=sfp-seed
nR7B,https://news.example.invalid/articles/2026/10/story-5685747?utm_source=share&utm_medium=link&ref=sfp-seed
4rwr,https://news.example.invalid/articles/2026/10/story-1059111?utm_source=share&utm_medium=link&ref=sfp-seed
zO0q,https://news.example.invalid/articles/2026/10/story-8533706?utm_source=share&utm_medium=link&ref=sfp-seed
ksQt,https://news.example.invalid/articles/2026/10/story-4877445?utm_source=share&utm_medium=link&ref=sfp-seed
kYdC,https://news.example.invalid/articles/2026/10/story-4998044?utm_source=share&utm_medium=link&ref=sfp-seed
qvif,https://news.example.invalid/articles/2026/10/story-6316823?utm_source=share&utm_medium=link&ref=sfp-seed
DrT7,https://news.example.invalid/articles/2026/10/story-9401997?utm_source=share&utm_medium=link&ref=sfp-seed
eCSk,https://news.example.invalid/articles/2026/10/story-3486032?utm_source=share&utm_medium=link&ref=sfp-seed
pG9O,https://news.example.invalid/articles/2026/10/story-6120256?utm_source=share&utm_medium=link&ref=sfp-seed
ECcD,https://news.example.invalid/articles/2026/10/story-9679975?utm_source=share&utm_medium=link&ref=sfp-seed
4CH6,https://news.example.invalid/articles/2026/10/story-1102056?utm_source=share&utm_medium=link&ref=sfp-seed
eYRd,https://news.example.invalid/articles/2026/10/story-3570531?utm_source=share&utm_medium=link&ref=sfp-seed
C12i,https://news.example.invalid/articles/2026/10/story-9060450?utm_source=share&utm_medium=link&ref=sfp-seed
tagA,https://news.example.invalid/articles/2026/10/story-6950980?utm_source=share&utm_medium=link&ref=sfp-seed
9HJX,https://news.example.invalid/articles/2026/10/story-2313093?utm_source=share&utm_medium=link&ref=sfp-seed
wdnE,https://news.example.invalid/articles/2026/10/story-7677934?utm_source=share&utm_medium=link&ref=sfp-seed
5sYS,https://news.example.invalid/articles/2026/10/story-1303046?utm_source=share&utm_medium=link&ref=sfp-seed
yaVD,https://news.example.invalid/articles/2026/10/story-8145165?utm_source=share&utm_medium=link&ref=sfp-seed
eJyW,https://news.example.invalid/articles/2026/10/story-3511738?utm_source=share&utm_medium=link&ref=sfp-seed
dD00,https://news.example.invalid/articles/2026/10/story-3248180?utm_source=share&utm_medium=link&ref=sfp-seed
uoIZ,https://news.example.invalid/articles/2026/10/story-7244885?utm_source=share&utm_medium=link&ref=sfp-seed
4Hly,https://news.example.invalid/articles/2026/10/story-1119940?utm_source=share&utm_medium=link&ref=sfp-seed
gzut,https://news.example.invalid/articles/2026/10/story-3949677?utm_source=share&utm_medium=link&ref=sfp-seed
ndsM,https://news.example.invalid/articles/2026/10/story-5533300?utm_source=share&utm_medium=link&ref=sfp-seed
6BnN,https://news.example.invalid/articles/2026/10/story-1573671?utm_source=share&utm_medium=link&ref=sfp-seed
b2BU,https://news.example.invalid/articles/2026/10/story-2631646?utm_source=share&utm_medium=link&ref=sfp-seed
CnNf,https://news.example.invalid/articles/2026/10/story-9147929?utm_source=share&utm_medium=link&ref=sfp-seed
9u4R,https://news.example.invalid/articles/2026/10/story-2260573?utm_source=share&utm_medium=link&ref=sfp-seed
hjP2,https://news.example.invalid/articles/2026/10/story-4127776?utm_source=share&utm_medium=link&ref=sfp-seed
uFhw,https://news.example.invalid/articles/2026/10/story-7308530?utm_source=share&utm_medium=link&ref=sfp-seed
zHXy,https://news.example.invalid/articles/2026/10/story-8510464?utm_source=share&utm_medium=link&ref=sfp-seed
gxKe,https://news.example.invalid/articles/2026/10/story-3942966?utm_source=share&utm_medium=link&ref=sfp-seed
66DZ,https://news.example.invalid/articles/2026/10/story-1455511?utm_source=share&utm_medium=link&ref=sfp-seed
ALcd,https://news.example.invalid/articles/2026/10/story-8761233?utm_source=share&utm_medium=link&ref=sfp-seed
6nNX,https://news.example.invalid/articles/2026/10/story-1521477?utm_source=share&utm_medium=link&ref=sfp-seed
uHeM,https://news.example.invalid/articles/2026/10/story-7316048?utm_source=share&utm_medium=link&ref=sfp-seed
ngqG,https://news.example.invalid/articles/2026/10/story-5544702?utm_source=share&utm_medium=link&ref=sfp-seed
5abU,https://news.example.invalid/articles/2026/10/story-1230818?utm_source=share&utm_medium=link&ref=sfp-seed
5zbp,https://news.example.invalid/articles/2026/10/story-1326887?utm_source=share&utm_medium=link&ref=sfp-seed
ae1k,https://news.example.invalid/articles/2026/10/story-2437178?utm_source=share&utm_medium=link&ref=sfp-seed
yWAG,https://news.example.invalid/articles/2026/10/story-8328378?utm_source=share&utm_medium=link&ref=sfp-seed
wn8O,https://news.example.invalid/articles/2026/10/story-7715454?utm_source=share&utm_medium=link&ref=sfp-seed
zi8u,https://news.example.invalid/articles/2026/10/story-8411198?utm_source=share&utm_medium=link&ref=sfp-seed
fJJJ,https://news.example.invalid/articles/2026/10/story-3750735?utm_source=share&utm_medium=link&ref=sfp-seed
xl36,https://news.example.invalid/articles/2026/10/story-7945740?utm_source=share&utm_medium=link&ref=sfp-seed
ejeY,https://news.example.invalid/articles/2026/10/story-3410556?utm_source=share&utm_medium=link&ref=sfp-seed
krRp,https://news.example.invalid/articles/2026/10/story-4873659?utm_source=share&utm_medium=link&ref=sfp-seed
E4Qp,https://news.example.invalid/articles/2026/10/story-9551745?utm_source=share&utm_medium=link&ref=sfp-seed
ineb,https://news.example.invalid/articles/2026/10/story-4379195?utm_source=share&utm_medium=link&ref=sfp-seed
7Wxz,https://news.example.invalid/articles/2026/10/story-1893329?utm_source=share&utm_medium=link&ref=sfp-seed
7IFB,https://news.example.invalid/articles/2026/10/story-1840011?utm_source=share&utm_medium=link&ref=sfp-seed
EQ0P,https://news.example.invalid/articles/2026/10/story-9733059?utm_source=share&utm_medium=link&ref=sfp-seed
4wxH,https://news.example.invalid/articles/2026/10/story-1078409?utm_source=share&utm_medium=link&ref=sfp-seed
AuPA,https://news.example.invalid/articles/2026/10/story-8698326?utm_source=share&utm_medium=link&ref=sfp-seed
86gM,https://news.example.invalid/articles/2026/10/story-1930728?utm_source=share&utm_medium=link&ref=sfp-seed
3631,https://news.example.invalid/articles/2026/10/story-738235?utm_source=share&utm_medium=link&ref=sfp-seed
sOMw,https://news.example.invalid/articles/2026/10/story-6868392?utm_source=share&utm_medium=link&ref=sfp-seed
7pNo,https://news.example.invalid/articles/2026/10/story-1767458?utm_source=share&utm_medium=link&ref=sfp-seed
ifg9,https://news.example.invalid/articles/2026/10/story-4348565?utm_source=share&utm_medium=link&ref=sfp-seed
ig3l,https://news.example.invalid/articles/2026/10/story-4351615?utm_source=share&utm_medium=link&ref=sfp-seed
uEfl,https://news.example.invalid/articles/2026/10/story-7304551?utm_source=share&utm_medium=link&ref=sfp-seed
qOOd,https://news.example.invalid/articles/2026/10/story-6391841?utm_source=share&utm_medium=link&ref=sfp-seed
uIPR,https://news.example.invalid/articles/2026/10/story-7322191?utm_source=share&utm_medium=link&ref=sfp-seed
Cv6P,https://news.example.invalid/articles/2026/10/story-9176051?utm_source=share&utm_medium=link&ref=sfp-seed
8LaB,https://news.example.invalid/articles/2026/10/story-2087949?utm_source=share&utm_medium=link&ref=sfp-seed
2a3H,https://news.example.invalid/articles/2026/10/story-515325?utm_source=share&utm_medium=link&ref=sfp-seed
4CYD,https://news.example.invalid/articles/2026/10/story-1103143?utm_source=share&utm_medium=link&ref=sfp-seed
Ffe6,https://news.example.invalid/articles/2026/10/story-9829982?utm_source=share&utm_medium=link&ref=sfp-seed
zHNz,https://news.example.invalid/articles/2026/10/story-8509845?utm_source=share&utm_medium=link&ref=sfp-seed
wQjF,https://news.example.invalid/articles/2026/10/story-7827603?utm_source=share&utm_medium=link&ref=sfp-seed
bxk4,https://news.example.invalid/articles/2026/10/story-2749704?utm_source=share&utm_medium=link&ref=sfp-seed
nN0s,https://news.example.invalid/articles/2026/10/story-5669928?utm_source=share&utm_medium=link&ref=sfp-seed
2MWr,https://news.example.invalid/articles/2026/10/story-664791?utm_source=share&utm_medium=link&ref=sfp-seed
o0d7,https://news.example.invalid/articles/2026/10/story-5720685?utm_source=share&utm_medium=link&ref=sfp-seed
udQY,https://news.example.invalid/articles/2026/10/story-7203096?utm_source=share&utm_medium=link&ref=sfp-seed
Eujt,https://news.example.invalid/articles/2026/10/story-9649647?utm_source=share&utm_medium=link&ref=sfp-seed
tKzf,https://news.example.invalid/articles/2026/10/story-7090521?utm_source=share&utm_medium=link&ref=sfp-seed
Fg14,https://news.example.invalid/articles/2026/10/story-9833018?utm_source=share&utm_medium=link&ref=sfp-seed
1YRt,https://news.example.invalid/articles/2026/10/story-472283?utm_source=share&utm_medium=link&ref=sfp-seed
ko2H,https://news.example.invalid/articles/2026/10/story-4858983?utm_source=share&utm_medium=link&ref=sfp-seed
bHXH,https://news.example.invalid/articles/2026/10/story-2790601?utm_source=share&utm_medium=link&ref=sfp-seed
rJcd,https://news.example.invalid/articles/2026/10/story-6608593?utm_source=share&utm_medium=link&ref=sfp-seed
3gZK,https://news.example.invalid/articles/2026/10/story-780316?utm_source=share&utm_medium=link&ref=sfp-seed
rbPN,https://news.example.invalid/articles/2026/10/story-6480351?utm_source=share&utm_medium=link&ref=sfp-seed
nTwt,https://news.example.invalid/articles/2026/10/story-5694977?utm_source=share&utm_medium=link&ref=sfp-seed
bmCJ,https://news.example.invalid/articles/2026/10/story-2708577?utm_source=share&utm_medium=link&ref=sfp-seed
6aXy,https://news.example.invalid/articles/2026/10/story-1472100?utm_source=share&utm_medium=link&ref=sfp-seed
jtAw,https://news.example.invalid/articles/2026/10/story-4641972?utm_source=share&utm_medium=link&ref=sfp-seed
oaPm,https://news.example.invalid/articles/2026/10/story-5761496?utm_source=share&utm_medium=link&ref=sfp-seed
7jBS,https://news.example.invalid/articles/2026/10/story-1743680?utm_source=share&utm_medium=link&ref=sfp-seed
7XQF,https://news.example.invalid/articles/2026/10/story-1898357?utm_source=share&utm_medium=link&ref=sfp-seed
AKFI,https://news.example.invalid/articles/2026/10/story-8759218?utm_source=share&utm_medium=link&ref=sfp-seed
sQ3z,https://news.example.invalid/articles/2026/10/story-6873293?utm_source=share&utm_medium=link&ref=sfp-seed
hWXo,https://news.example.invalid/articles/2026/10/story-4278210?utm_source=share&utm_medium=link&ref=sfp-seed
nl9S,https://news.example.invalid/articles/2026/10/story-5562880?utm_source=share&utm_medium=link&ref=sfp-seed
uZ9O,https://news.example.invalid/articles/2026/10/story-7384932?utm_source=share&utm_medium=link&ref=sfp-seed
pdFo,https://news.example.invalid/articles/2026/10/story-6010738?utm_source=share&utm_medium=link&ref=sfp-seed
zeLl,https://news.example.invalid/articles/2026/10/story-8398231?utm_source=share&utm_medium=link&ref=sfp-seed
6LOk,https://news.example.invalid/articles/2026/10/story-1613756?utm_source=share&utm_medium=link&ref=sfp-seed
mFC5,https://news.example.invalid/articles/2026/10/story-5403181?utm_source=share&utm_medium=link&ref=sfp-seed
g7kF,https://news.example.invalid/articles/2026/10/story-3841437?utm_source=share&utm_medium=link&ref=sfp-seed
CVbs,https://news.example.invalid/articles/2026/10/story-9276282?utm_source=share&utm_medium=link&ref=sfp-seed
MYG,https://news.example.invalid/articles/2026/10/story-188274?utm_source=share&utm_medium=link&ref=sfp-seed
z1ON,https://news.example.invalid/articles/2026/10/story-8348473?utm_source=share&utm_medium=link&ref=sfp-seed
gFQO,https://news.example.invalid/articles/2026/10/story-3974126?utm_source=share&utm_medium=link&ref=sfp-seed
wgX9,https://news.example.invalid/articles/2026/10/story-7691667?utm_source=share&utm_medium=link&ref=sfp-seed
dep6,https://news.example.invalid/articles/2026/10/story-3153636?utm_source=share&utm_medium=link&ref=sfp-seed
BQUn,https://news.example.invalid/articles/2026/10/story-9021519?utm_source=share&utm_medium=link&ref=sfp-seed
n82j,https://news.example.invalid/articles/2026/10/story-5512439?utm_source=share&utm_medium=link&ref=sfp-seed
z2vP,https://news.example.invalid/articles/2026/10/story-8351141?utm_source=share&utm_medium=link&ref=sfp-seed
FcBt,https://news.example.invalid/articles/2026/10/story-9819899?utm_source=share&utm_medium=link&ref=sfp-seed
aQ69,https://news.example.invalid/articles/2026/10/story-2583549?utm_source=share&utm_medium=link&ref=sfp-seed
oMI6,https://news.example.invalid/articles/2026/10/story-5907118?utm_source=share&utm_medium=link&ref=sfp-seed
7AmF,https://news.example.invalid/articles/2026/10/story-1808085?utm_source=share&utm_medium=link&ref=sfp-seed
4jwI,https://news.example.invalid/articles/2026/10/story-1028376?utm_source=share&utm_medium=link&ref=sfp-seed
kWty,https://news.example.invalid/articles/2026/10/story-4991344?utm_source=share&utm_medium=link&ref=sfp-seed
y5HV,https://news.example.invalid/articles/2026/10/story-8125095?utm_source=share&utm_medium=link&ref=sfp-seed
dOjY,https://news.example.invalid/articles/2026/10/story-3291702?utm_source=share&utm_medium=link&ref=sfp-seed
7fS8,https://news.example.invalid/articles/2026/10/story-1729312?utm_source=share&utm_medium=link&ref=sfp-seed
6UXu,https://news.example.invalid/articles/2026/10/story-1648920?utm_source=share&utm_medium=link&ref=sfp-seed
4J91,https://news.example.invalid/articles/2026/10/story-1126851?utm_source=share&utm_medium=link&ref=sfp-seed
iQR7,https://news.example.invalid/articles/2026/10/story-4493085?utm_source=share&utm_medium=link&ref=sfp-seed
oHXi,https://news.example.invalid/articles/2026/10/story-5888840?utm_source=share&utm_medium=link&ref=sfp-seed
n3X6,https://news.example.invalid/articles/2026/10/story-5496740?utm_source=share&utm_medium=link&ref=sfp-seed
4z2v,https://news.example.invalid/articles/2026/10/story-1088007?utm_source=share&utm_medium=link&ref=sfp-seed
iMY1,https://news.example.invalid/articles/2026/10/story-4478137?utm_source=share&utm_medium=link&ref=sfp-seed
4IGr,https://news.example.invalid/articles/2026/10/story-1125079?utm_source=share&utm_medium=link&ref=sfp-seed
CJCg,https://news.example.invalid/articles/2026/10/story-9231816?utm_source=share&utm_medium=link&ref=sfp-seed
i8B2,https://news.example.invalid/articles/2026/10/story-4322952?utm_source=share&utm_medium=link&ref=sfp-seed
5g8v,https://news.example.invalid/articles/2026/10/story-1253671?utm_source=share&utm_medium=link&ref=sfp-seed
bYqN,https://news.example.invalid/articles/2026/10/story-2853909?utm_source=share&utm_medium=link&ref=sfp-seed
j24q,https://news.example.invalid/articles/2026/10/story-4536194?utm_source=share&utm_medium=link&ref=sfp-seed
ohRi,https://news.example.invalid/articles/2026/10/story-5788524?utm_source=share&utm_medium=link&ref=sfp-seed
r6Wn,https://news.example.invalid/articles/2026/10/story-6461539?utm_source=share&utm_medium=link&ref=sfp-seed
mMfl,https://news.example.invalid/articles/2026/10/story-5428679?utm_source=share&utm_medium=link&ref=sfp-seed
8dWd,https://news.example.invalid/articles/2026/10/story-1960205?utm_source=share&utm_medium=link&ref=sfp-seed
7DIo,https://news.example.invalid/articles/2026/10/story-1820964?utm_source=share&utm_medium=link&ref=sfp-seed
xpdk,https://news.example.invalid/articles/2026/10/story-7961750?utm_source=share&utm_medium=link&ref=sfp-seed
n8V9,https://news.example.invalid/articles/2026/10/story-5515839?utm_source=share&utm_medium=link&ref=sfp-seed
2ASc,https://news.example.invalid/articles/2026/10/story-618400?utm_source=share&utm_medium=link&ref=sfp-seed
BnQz,https://news.example.invalid/articles/2026/10/story-8909807?utm_source=share&utm_medium=link&ref=sfp-seed
nbg6,https://news.example.invalid/articles/2026/10/story-5524826?utm_source=share&utm_medium=link&ref=sfp-seed
hPyg,https://news.example.invalid/articles/2026/10/story-4249744?utm_source=share&utm_medium=link&ref=sfp-seed
1yuu,https://news.example.invalid/articles/2026/10/story-370914?utm_source=share&utm_medium=link&ref=sfp-seed
35E9,https://news.example.invalid/articles/2026/10/story-736693?utm_source=share&utm_medium=link&ref=sfp-seed
nLwG,https://news.example.invalid/articles/2026/10/story-5664238?utm_source=share&utm_medium=link&ref=sfp-seed
nHAy,https://news.example.invalid/articles/2026/10/story-5649102?utm_source=share&utm_medium=link&ref=sfp-seed
hnO8,https://news.example.invalid/articles/2026/10/story-4143096?utm_source=share&utm_medium=link&ref=sfp-seed
3xMJ,https://news.example.invalid/articles/2026/10/story-844857?utm_source=share&utm_medium=link&ref=sfp-seed
viN2,https://news.example.invalid/articles/2026/10/story-7460400?utm_source=share&utm_medium=link&ref=sfp-seed
DgXi,https://news.example.invalid/articles/2026/10/story-9359972?utm_source=share&utm_medium=link&ref=sfp-seed
uzbz,https://news.example.invalid/articles/2026/10/story-7285097?utm_source=share&utm_medium=link&ref=sfp-seed
sDOu,https://news.example.invalid/articles/2026/10/story-6826230?utm_source=share&utm_medium=link&ref=sfp-seed
dLVA,https://news.example.invalid/articles/2026/10/story-3282502?utm_source=share&utm_medium=link&ref=sfp-seed
5UGs,https://news.example.invalid/articles/2026/10/story-1409536?utm_source=share&utm_medium=link&ref=sfp-seed
b5qj,https://news.example.invalid/articles/2026/10/story-2642459?utm_source=share&utm_medium=link&ref=sfp-seed
v6OI,https://news.example.invalid/articles/2026/10/story-7414376?utm_source=share&utm_medium=link&ref=sfp-seed
dc5R,https://news.example.invalid/articles/2026/10/story-3144755?utm_source=share&utm_medium=link&ref=sfp-seed
DpUw,https://news.example.invalid/articles/2026/10/story-9394396?utm_source=share&utm_medium=link&ref=sfp-seed
pT41,https://news.example.invalid/articles/2026/10/story-6169869?utm_source=share&utm_medium=link&ref=sfp-seed
9yFL,https://news.example.invalid/articles/2026/10/story-2278237?utm_source=share&utm_medium=link&ref=sfp-seed
lFAG,https://news.example.invalid/articles/2026/10/story-5164766?utm_source=share&utm_medium=link&ref=sfp-seed
gMbQ,https://news.example.invalid/articles/2026/10/story-3998494?utm_source=share&utm_medium=link&ref=sfp-seed
4Q0v,https://news.example.invalid/articles/2026/10/story-1153231?utm_source=share&utm_medium=link&ref=sfp-seed
ieI1,https://news.example.invalid/articles/2026/10/story-4346449?utm_source=share&utm_medium=link&ref=sfp-seed
BFNu,https://news.example.invalid/articles/2026/10/story-8978808?utm_source=share&utm_medium=link&ref=sfp-seed
uB9P,https://news.example.invalid/articles/2026/10/story-7292677?utm_source=share&utm_medium=link&ref=sfp-seed
xuiH,https://news.example.invalid/articles/2026/10/story-7981303?utm_source=share&utm_medium=link&ref=sfp-seed
5RMA,https://news.example.invalid/articles/2026/10/story-1398384?utm_source=share&utm_medium=link&ref=sfp-seed
88yn,https://news.example.invalid/articles/2026/10/story-1939507?utm_source=share&utm_medium=link&ref=sfp-seed
tQGK,https://news.example.invalid/articles/2026/10/story-7114050?utm_source=share&utm_medium=link&ref=sfp-seed
AF0c,https://news.example.invalid/articles/2026/10/story-8737424?utm_source=share&utm_medium=link&ref=sfp-seed
3yJM,https://news.example.invalid/articles/2026/10/story-848518?utm_source=share&utm_medium=link&ref=sfp-seed
8qRr,https://news.example.invalid/articles/2026/10/story-2009881?utm_source=share&utm_medium=link&ref=sfp-seed
EqA0,https://news.example.invalid/articles/2026/10/story-9635296?utm_source=share&utm_medium=link&ref=sfp-seed
or31,https://news.example.invalid/articles/2026/10/story-5823847?utm_source=share&utm_medium=link&ref=sfp-seed
1Ojl,https://news.example.invalid/articles/2026/10/story-431727?utm_source=share&utm_medium=link&ref=sfp-seed
230a,https://news.example.invalid/articles/2026/10/story-488198?utm_source=share&utm_medium=link&ref=sfp-seed
AuaM,https://news.example.invalid/articles/2026/10/story-8695796?utm_source=share&utm_medium=link&ref=sfp-seed
hQhU,https://news.example.invalid/articles/2026/10/story-4252574?utm_source=share&utm_medium=link&ref=sfp-seed
2LHw,https://news.example.invalid/articles/2026/10/story-660022?utm_source=share&utm_medium=link&ref=sfp-seed
azEq,https://news.example.invalid/articles/2026/10/story-2520326?utm_source=share&utm_medium=link&ref=sfp-seed
5RqT,https://news.example.invalid/articles/2026/10/story-1397039?utm_source=share&utm_medium=link&ref=sfp-seed
byrH,https://news.example.invalid/articles/2026/10/story-2754021?utm_source=share&utm_medium=link&ref=sfp-seed
lwPq,https://news.example.invalid/articles/2026/10/story-5131084?utm_source=share&utm_medium=link&ref=sfp-seed
kxAL,https://news.example.invalid/articles/2026/10/story-4895691?utm_source=share&utm_medium=link&ref=sfp-seed
892u,https://news.example.invalid/articles/2026/10/story-1941374?utm_source=share&utm_medium=link&ref=sfp-seed
oRLV,https://news.example.invalid/articles/2026/10/story-5926575?utm_source=share&utm_medium=link&ref=sfp-seed
AuCS,https://news.example.invalid/articles/2026/10/story-8697538?utm_source=share&utm_medium=link&ref=sfp-seed
9pWm,https://news.example.invalid/articles/2026/10/story-2244670?utm_source=share&utm_medium=link&ref=sfp-seed
yLgk,https://news.example.invalid/articles/2026/10/story-8284832?utm_source=share&utm_medium=link&ref=sfp-seed
krGW,https://news.example.invalid/articles/2026/10/story-4873010?utm_source=share&utm_medium=link&ref=sfp-seed
mrT2,https://news.example.invalid/articles/2026/10/story-5350416?utm_source=share&utm_medium=link&ref=sfp-seed
D3SG,https://news.example.invalid/articles/2026/10/story-9309714?utm_source=share&utm_medium=link&ref=sfp-seed
lawo,https://news.example.invalid/articles/2026/10/story-5045336?utm_source=share&utm_medium=link&ref=sfp-seed
pO1x,https://news.example.invalid/articles/2026/10/story-6150495?utm_source=share&utm_medium=link&ref=sfp-seed
q6Zf,https://news.example.invalid/articles/2026/10/story-6223389?utm_source=share&utm_medium=link&ref=sfp-seed
u1up,https://news.example.invalid/articles/2026/10/story-7155569?utm_source=share&utm_medium=link&ref=sfp-seed
rm0V,https://news.example.invalid/articles/2026/10/story-6519481?utm_source=share&utm_medium=link&ref=sfp-seed
CEsr,https://news.example.invalid/articles/2026/10/story-9211987?utm_source=share&utm_medium=link&ref=sfp-seed
C1eE,https://news.example.invalid/articles/2026/10/story-9061216?utm_source=share&utm_medium=link&ref=sfp-seed
kOOU,https://news.example.invalid/articles/2026/10/story-4961916?utm_source=share&utm_medium=link&ref=sfp-seed
AE81,https://news.example.invalid/articles/2026/10/story-8734065?utm_source=share&utm_medium=link&ref=sfp-seed
y0Ei,https://news.example.invalid/articles/2026/10/story-8105650?utm_source=share&utm_medium=link&ref=sfp-seed
1Mui,https://news.example.invalid/articles/2026/10/story-424718?utm_source=share&utm_medium=link&ref=sfp-seed
ndDa,https://news.example.invalid/articles/2026/10/story-5533944?utm_source=share&utm_medium=link&ref=sfp-seed
DxFR,https://news.example.invalid/articles/2026/10/story-9424239?utm_source=share&utm_medium=link&ref=sfp-seed
cMd6,https://news.example.invalid/articles/2026/10/story-3045260?utm_source=share&utm_medium=link&ref=sfp-seed
gZZk,https://news.example.invalid/articles/2026/10/story-4051534?utm_source=share&utm_medium=link&ref=sfp-seed
uJVX,https://news.example.invalid/articles/2026/10/story-7326413?utm_source=share&utm_medium=link&ref=sfp-seed
y19n,https://news.example.invalid/articles/2026/10/story-8107577?utm_source=share&utm_medium=link&ref=sfp-seed
nBVW,https://news.example.invalid/articles/2026/10/story-5627364?utm_source=share&utm_medium=link&ref=sfp-seed
FRmk,https://news.example.invalid/articles/2026/10/story-9976564?utm_source=share&utm_medium=link&ref=sfp-seed
39Wt,https://news.example.invalid/articles/2026/10/story-753205?utm_source=share&utm_medium=link&ref=sfp-seed
1a4E,https://news.example.invalid/articles/2026/10/story-277056?utm_source=share&utm_medium=link&ref=sfp-seed
1Z6Y,https://news.example.invalid/articles/2026/10/story-473244?utm_source=share&utm_medium=link&ref=sfp-seed
scWi,https://news.example.invalid/articles/2026/10/story-6722926?utm_source=share&utm_medium=link&ref=sfp-seed
ydN,https://news.example.invalid/articles/2026/10/story-131551?utm_source=share&utm_medium=link&ref=sfp-seed
s3J5,https://news.example.invalid/articles/2026/10/story-6687511?utm_source=share&utm_medium=link&ref=sfp-seed
zIzR,https://news.example.invalid/articles/2026/10/story-8512839?utm_source=share&utm_medium=link&ref=sfp-seed
8jMN,https://news.example.invalid/articles/2026/10/story-1982685?utm_source=share&utm_medium=link&ref=sfp-seed
Cbys,https://news.example.invalid/articles/2026/10/story-9100884?utm_source=share&utm_medium=link&ref=sfp-seed
uP0I,https://news.example.invalid/articles/2026/10/story-7345928?utm_source=share&utm_medium=link&ref=sfp-seed
zyF3,https://news.example.invalid/articles/2026/10/story-8474721?utm_source=share&utm_medium=link&ref=sfp-seed
pJix,https://news.example.invalid/articles/2026/10/story-6132329?utm_source=share&utm_medium=link&ref=sfp-seed
FCZw,https://news.example.invalid/articles/2026/10/story-9921334?utm_source=share&utm_medium=link&ref=sfp-seed
9tS7,https://news.example.invalid/articles/2026/10/story-2259783?utm_source=share&utm_medium=link&ref=sfp-seed
TA0,https://news.example.invalid/articles/2026/10/story-213652?utm_source=share&utm_medium=link&ref=sfp-seed
d4Mo,https://news.example.invalid/articles/2026/10/story-3116640?utm_source=share&utm_medium=link&ref=sfp-seed
5cyE,https://news.example.invalid/articles/2026/10/story-1239916?utm_source=share&utm_medium=link&ref=sfp-seed
c1UU,https://news.example.invalid/articles/2026/10/story-2867308?utm_source=share&utm_medium=link&ref=sfp-seed
6jva,https://news.example.invalid/articles/2026/10/story-1504936?utm_source=share&utm_medium=link&ref=sfp-seed
x8Dl,https://news.example.invalid/articles/2026/10/story-7898015?utm_source=share&utm_medium=link&ref=sfp-seed
8dyu,https://news.example.invalid/articles/2026/10/story-1958734?utm_source=share&utm_medium=link&ref=sfp-seed
p3xj,https://news.example.invalid/articles/2026/10/story-5971797?utm_source=share&utm_medium=link&ref=sfp-seed
wt7K,https://news.example.invalid/articles/2026/10/story-7738452?utm_source=share&utm_medium=link&ref=sfp-seed
iafR,https://news.example.invalid/articles/2026/10/story-4329327?utm_source=share&utm_medium=link&ref=sfp-seed
bWvI,https://news.example.invalid/articles/2026/10/story-2846526?utm_source=share&utm_medium=link&ref=sfp-seed
dLXq,https://news.example.invalid/articles/2026/10/story-3282616?utm_source=share&utm_medium=link&ref=sfp-seed
ip48,https://news.example.invalid/articles/2026/10/story-4386260?utm_source=share&utm_medium=link&ref=sfp-seed
ebjm,https://news.example.invalid/articles/2026/10/story-3380076?utm_source=share&utm_medium=link&ref=sfp-seed
jTTB,https://news.example.invalid/articles/2026/10/story-4743099?utm_source=share&utm_medium=link&ref=sfp-seed
uxs2,https://news.example.invalid/articles/2026/10/story-7278430?utm_source=share&utm_medium=link&ref=sfp-seed
gbjW,https://news.example.invalid/articles/2026/10/story-3856768?utm_source=share&utm_medium=link&ref=sfp-seed
bLxb,https://news.example.invalid/articles/2026/10/story-2804333?utm_source=share&utm_medium=link&ref=sfp-seed
nCuH,https://news.example.invalid/articles/2026/10/story-5629519?utm_source=share&utm_medium=link&ref=sfp-seed
wjY,https://news.example.invalid/articles/2026/10/story-124246?utm_source=share&utm_medium=link&ref=sfp-seed
xJn,https://news.example.invalid/articles/2026/10/story-129665?utm_source=share&utm_medium=link&ref=sfp-seed
j50j,https://news.example.invalid/articles/2026/10/story-4547471?utm_source=share&utm_medium=link&ref=sfp-seed
mFqN,https://news.example.invalid/articles/2026/10/story-5402481?utm_source=share&utm_medium=link&ref=sfp-seed
j6Yx,https://news.example.invalid/articles/2026/10/story-4555049?utm_source=share&utm_medium=link&ref=sfp-seed
8CB2,https://news.example.invalid/articles/2026/10/story-2054992?utm_source=share&utm_medium=link&ref=sfp-seed
kJ4n,https://news.example.invalid/articles/2026/10/story-4939811?utm_source=share&utm_medium=link&ref=sfp-seed
xL3Z,https://news.example.invalid/articles/2026/10/story-8045739?utm_source=share&utm_medium=link&ref=sfp-seed
kzgy,https://news.example.invalid/articles/2026/10/story-4902126?utm_source=share&utm_medium=link&ref=sfp-seed
iL1W,https://news.example.invalid/articles/2026/10/story-4470692?utm_source=share&utm_medium=link&ref=sfp-seed
dR6y,https://news.example.invalid/articles/2026/10/story-3302402?utm_source=share&utm_medium=link&ref=sfp-seed
vdcX,https://news.example.invalid/articles/2026/10/story-7438943?utm_source=share&utm_medium=link&ref=sfp-seed
kYIT,https://news.example.invalid/articles/2026/10/story-4999983?utm_source=share&utm_medium=link&ref=sfp-seed
aKA4,https://news.example.invalid/articles/2026/10/story-2562340?utm_source=share&utm_medium=link&ref=sfp-seed
cjNw,https://news.example.invalid/articles/2026/10/story-2936042?utm_source=share&utm_medium=link&ref=sfp-seed
4cNf,https://news.example.invalid/articles/2026/10/story-1002493?utm_source=share&utm_medium=link&ref=sfp-seed
jIkT,https://news.example.invalid/articles/2026/10/story-4698663?utm_source=share&utm_medium=link&ref=sfp-seed
vbai,https://news.example.invalid/articles/2026/10/story-7431090?utm_source=share&utm_medium=link&ref=sfp-seed
4ly8,https://news.example.invalid/articles/2026/10/story-1036152?utm_source=share&utm_medium=link&ref=sfp-seed
ehbp,https://news.example.invalid/articles/2026/10/story-3402647?utm_source=share&utm_medium=link&ref=sfp-seed
nCnr,https://news.example.invalid/articles/2026/10/story-5629069?utm_source=share&utm_medium=link&ref=sfp-seed
FGga,https://news.example.invalid/articles/2026/10/story-9933898?utm_source=share&utm_medium=link&ref=sfp-seed
jGjs,https://news.example.invalid/articles/2026/10/story-4690886?utm_source=share&utm_medium=link&ref=sfp-seed
1ehd,https://news.example.invalid/articles/2026/10/story-293211?utm_source=share&utm_medium=link&ref=sfp-seed
taNA,https://news.example.invalid/articles/2026/10/story-6953026?utm_source=share&utm_medium=link&ref=sfp-seed
C6wR,https://news.example.invalid/articles/2026/10/story-9081565?utm_source=share&utm_medium=link&ref=sfp-seed
EZrf,https://news.example.invalid/articles/2026/10/story-9769293?utm_source=share&utm_medium=link&ref=sfp-seed
yuzh,https://news.example.invalid/articles/2026/10/story-8220659?utm_source=share&utm_medium=link&ref=sfp-seed
4cHZ,https://news.example.invalid/articles/2026/10/story-1002167?utm_source=share&utm_medium=link&ref=sfp-seed
1Ydj,https://news.example.invalid/articles/2026/10/story-469793?utm_source=share&utm_medium=link&ref=sfp-seed
tZ13,https://news.example.invalid/articles/2026/10/story-7146061?utm_source=share&utm_medium=link&ref=sfp-seed
we2p,https://news.example.invalid/articles/2026/10/story-7680461?utm_source=share&utm_medium=link&ref=sfp-seed
mRGG,https://news.example.invalid/articles/2026/10/story-5449594?utm_source=share&utm_medium=link&ref=sfp-seed
bmDM,https://news.example.invalid/articles/2026/10/story-2708642?utm_source=share&utm_medium=link&ref=sfp-seed
c9lI,https://news.example.invalid/articles/2026/10/story-2895878?utm_source=share&utm_medium=link&ref=sfp-seed
un67,https://news.example.invalid/articles/2026/10/story-7238631?utm_source=share&utm_medium=link&ref=sfp-seed
E1p0,https://news.example.invalid/articles/2026/10/story-9538514?utm_source=share&utm_medium=link&ref=sfp-seed
F7a7,https://news.example.invalid/articles/2026/10/story-9798983?utm_source=share&utm_medium=link&ref=sfp-seed
xmUb,https://news.example.invalid/articles/2026/10/story-7952875?utm_source=share&utm_medium=link&ref=sfp-seed
Fdfb,https://news.example.invalid/articles/2026/10/story-9822361?utm_source=share&utm_medium=link&ref=sfp-seed
htgK,https://news.example.invalid/articles/2026/10/story-4164090?utm_source=share&utm_medium=link&ref=sfp-seed
kxla,https://news.example.invalid/articles/2026/10/story-4894724?utm_source=share&utm_medium=link&ref=sfp-seed
FJ02,https://news.example.invalid/articles/2026/10/story-9944430?utm_source=share&utm_medium=link&ref=sfp-seed
hls2,https://news.example.invalid/articles/2026/10/story-4134038?utm_source=share&utm_medium=link&ref=sfp-seed
areL,https://news.example.invalid/articles/2026/10/story-2487983?utm_source=share&utm_medium=link&ref=sfp-seed
82Au,https://news.example.invalid/articles/2026/10/story-1916574?utm_source=share&utm_medium=link&ref=sfp-seed
oaMB,https://news.example.invalid/articles/2026/10/story-5761325?utm_source=share&utm_medium=link&ref=sfp-seed
vt7K,https://news.example.invalid/articles/2026/10/story-7500124?utm_source=share&utm_medium=link&ref=sfp-seed
fvs0,https://news.example.invalid/articles/2026/10/story-3695820?utm_source=share&utm_medium=link&ref=sfp-seed
hjHq,https://news.example.invalid/articles/2026/10/story-4127304?utm_source=share&utm_medium=link&ref=sfp-seed
sxYf,https://news.example.invalid/articles/2026/10/story-6803771?utm_source=share&utm_medium=link&ref=sfp-seed
kAxt,https://news.example.invalid/articles/2026/10/story-4907019?utm_source=share&utm_medium=link&ref=sfp-seed
twhX,https://news.example.invalid/articles/2026/10/story-7035633?utm_source=share&utm_medium=link&ref=sfp-seed
lzK8,https://news.example.invalid/articles/2026/10/story-5142288?utm_source=share&utm_medium=link&ref=sfp-seed
utyn,https://news.example.invalid/articles/2026/10/story-7263447?utm_source=share&utm_medium=link&ref=sfp-seed
zrX7,https://news.example.invalid/articles/2026/10/story-8448933?utm_source=share&utm_medium=link&ref=sfp-seed
f6n9,https://news.example.invalid/articles/2026/10/story-3599419?utm_source=share&utm_medium=link&ref=sfp-seed
e1L0,https://news.example.invalid/articles/2026/10/story-3343350?utm_source=share&utm_medium=link&ref=sfp-seed
s5DF,https://news.example.invalid/articles/2026/10/story-6694863?utm_source=share&utm_medium=link&ref=sfp-seed
CeM4,https://news.example.invalid/articles/2026/10/story-9113260?utm_source=share&utm_medium=link&ref=sfp-seed
C8fy,https://news.example.invalid/articles/2026/10/story-9088180?utm_source=share&utm_medium=link&ref=sfp-seed
nZj9,https://news.example.invalid/articles/2026/10/story-5717215?utm_source=share&utm_medium=link&ref=sfp-seed
mE7,https://news.example.invalid/articles/2026/10/story-87055?utm_source=share&utm_medium=link&ref=sfp-seed
xVSt,https://news.example.invalid/articles/2026/10/story-8087309?utm_source=share&utm_medium=link&ref=sfp-seed
e5Qx,https://news.example.invalid/articles/2026/10/story-3359069?utm_source=share&utm_medium=link&ref=sfp-seed
EjlV,https://news.example.invalid/articles/2026/10/story-9607515?utm_source=share&utm_medium=link&ref=sfp-seed
8LNV,https://news.example.invalid/articles/2026/10/story-2090387?utm_source=share&utm_medium=link&ref=sfp-seed
v8N3,https://news.example.invalid/articles/2026/10/story-7421961?utm_source=share&utm_medium=link&ref=sfp-seed
qEgf,https://news.example.invalid/articles/2026/10/story-6351295?utm_source=share&utm_medium=link&ref=sfp-seed
COvD,https://news.example.invalid/articles/2026/10/story-9250625?utm_source=share&utm_medium=link&ref=sfp-seed
wo15,https://news.example.invalid/articles/2026/10/story-7718819?utm_source=share&utm_medium=link&ref=sfp-seed
BnuZ,https://news.example.invalid/articles/2026/10/story-8908469?utm_source=share&utm_medium=link&ref=sfp-seed
hroW,https://news.example.invalid/articles/2026/10/story-4156910?utm_source=share&utm_medium=link&ref=sfp-seed
6qVW,https://news.example.invalid/articles/2026/10/story-1533504?utm_source=share&utm_medium=link&ref=sfp-seed
fZTF,https://news.example.invalid/articles/2026/10/story-3812855?utm_source=share&utm_medium=link&ref=sfp-seed
cLOZ,https://news.example.invalid/articles/2026/10/story-3043765?utm_source=share&utm_medium=link&ref=sfp-seed
vOLl,https://news.example.invalid/articles/2026/10/story-7583303?utm_source=share&utm_medium=link&ref=sfp-seed
fEwg,https://news.example.invalid/articles/2026/10/story-3730680?utm_source=share&utm_medium=link&ref=sfp-seed
sKTK,https://news.example.invalid/articles/2026/10/story-6853464?utm_source=share&utm_medium=link&ref=sfp-seed
sfne,https://news.example.invalid/articles/2026/10/story-6732284?utm_source=share&utm_medium=link&ref=sfp-seed
4xKW,https://news.example.invalid/articles/2026/10/story-1083074?utm_source=share&utm_medium=link&ref=sfp-seed
bXkD,https://news.example.invalid/articles/2026/10/story-2849683?utm_source=share&utm_medium=link&ref=sfp-seed
gM8P,https://news.example.invalid/articles/2026/10/story-3998307?utm_source=share&utm_medium=link&ref=sfp-seed
DrfH,https://news.example.invalid/articles/2026/10/story-9399553?utm_source=share&utm_medium=link&ref=sfp-seed
AMjy,https://news.example.invalid/articles/2026/10/story-8765532?utm_source=share&utm_medium=link&ref=sfp-seed
ANnF,https://news.example.invalid/articles/2026/10/story-8769631?utm_source=share&utm_medium=link&ref=sfp-seed
dorZ,https://news.example.invalid/articles/2026/10/story-3192255?utm_source=share&utm_medium=link&ref=sfp-seed
t4cJ,https://news.example.invalid/articles/2026/10/story-6927677?utm_source=share&utm_medium=link&ref=sfp-seed
yXZK,https://news.example.invalid/articles/2026/10/story-8333776?utm_source=share&utm_medium=link&ref=sfp-seed
ngfd,https://news.example.invalid/articles/2026/10/story-5543991?utm_source=share&utm_medium=link&ref=sfp-seed
gfSu,https://news.example.invalid/articles/2026/10/story-3874286?utm_source=share&utm_medium=link&ref=sfp-seed
fNMV,https://news.example.invalid/articles/2026/10/story-3766309?utm_source=share&utm_medium=link&ref=sfp-seed
bSAd,https://news.example.invalid/articles/2026/10/story-2831429?utm_source=share&utm_medium=link&ref=sfp-seed
qKhX,https://news.example.invalid/articles/2026/10/story-6374465?utm_source=share&utm_medium=link&ref=sfp-seed
v9rc,https://news.example.invalid/articles/2026/10/story-7424450?utm_source=share&utm_medium=link&ref=sfp-seed
FFsC,https://news.example.invalid/articles/2026/10/story-9930826?utm_source=share&utm_medium=link&ref=sfp-seed
ho85,https://news.example.invalid/articles/2026/10/story-4144333?utm_source=share&utm_medium=link&ref=sfp-seed
bBSS,https://news.example.invalid/articles/2026/10/story-2767238?utm_source=share&utm_medium=link&ref=sfp-seed
e0zA,https://news.example.invalid/articles/2026/10/story-3338798?utm_source=share&utm_medium=link&ref=sfp-seed
7DER,https://news.example.invalid/articles/2026/10/story-1820745?utm_source=share&utm_medium=link&ref=sfp-seed
CFZD,https://news.example.invalid/articles/2026/10/story-9217889?utm_source=share&utm_medium=link&ref=sfp-seed
sRpm,https://news.example.invalid/articles/2026/10/story-6878488?utm_source=share&utm_medium=link&ref=sfp-seed
esw1,https://news.example.invalid/articles/2026/10/story-3446209?utm_source=share&utm_medium=link&ref=sfp-seed
uyOL,https://news.example.invalid/articles/2026/10/story-7283683?utm_source=share&utm_medium=link&ref=sfp-seed
86rX,https://news.example.invalid/articles/2026/10/story-1931421?utm_source=share&utm_medium=link&ref=sfp-seed
eQEq,https://news.example.invalid/articles/2026/10/story-3538986?utm_source=share&utm_medium=link&ref=sfp-seed
liJF,https://news.example.invalid/articles/2026/10/story-5076911?utm_source=share&utm_medium=link&ref=sfp-seed
vvKZ,https://news.example.invalid/articles/2026/10/story-7510245?utm_source=share&utm_medium=link&ref=sfp-seed
mFIn,https://news.example.invalid/articles/2026/10/story-5403571?utm_source=share&utm_medium=link&ref=sfp-seed
xZOu,https://news.example.invalid/articles/2026/10/story-8102438?utm_source=share&utm_medium=link&ref=sfp-seed
tiYO,https://news.example.invalid/articles/2026/10/story-6984474?utm_source=share&utm_medium=link&ref=sfp-seed
ghJI,https://news.example.invalid/articles/2026/10/story-3881430?utm_source=share&utm_medium=link&ref=sfp-seed
objl,https://news.example.invalid/articles/2026/10/story-5763355?utm_source=share&utm_medium=link&ref=sfp-seed
2mUo,https://news.example.invalid/articles/2026/10/story-564720?utm_source=share&utm_medium=link&ref=sfp-seed
uN3Q,https://news.example.invalid/articles/2026/10/story-7338434?utm_source=share&utm_medium=link&ref=sfp-seed
o8fS,https://news.example.invalid/articles/2026/10/story-5751608?utm_source=share&utm_medium=link&ref=sfp-seed
4MNu,https://news.example.invalid/articles/2026/10/story-1140892?utm_source=share&utm_medium=link&ref=sfp-seed
2ttp,https://news.example.invalid/articles/2026/10/story-589955?utm_source=share&utm_medium=link&ref=sfp-seed
tqEL,https://news.example.invalid/articles/2026/10/story-7013983?utm_source=share&utm_medium=link&ref=sfp-seed
mLUw,https://news.example.invalid/articles/2026/10/story-5427388?utm_source=share&utm_medium=link&ref=sfp-seed
zxhZ,https://news.example.invalid/articles/2026/10/story-8469447?utm_source=share&utm_medium=link&ref=sfp-seed
F2fz,https://news.example.invalid/articles/2026/10/story-9780101?utm_source=share&utm_medium=link&ref=sfp-seed
mwuH,https://news.example.invalid/articles/2026/10/story-5368127?utm_source=share&utm_medium=link&ref=sfp-seed
aCYb,https://news.example.invalid/articles/2026/10/story-2533083?utm_source=share&utm_medium=link&ref=sfp-seed
6rPY,https://news.example.invalid/articles/2026/10/story-1536978?utm_source=share&utm_medium=link&ref=sfp-seed
sqy0,https://news.example.invalid/articles/2026/10/story-6775236?utm_source=share&utm_medium=link&ref=sfp-seed
cJpA,https://news.example.invalid/articles/2026/10/story-3034502?utm_source=share&utm_medium=link&ref=sfp-seed
69I,https://news.example.invalid/articles/2026/10/story-23666?utm_source=share&utm_medium=link&ref=sfp-seed
jgEy,https://news.example.invalid/articles/2026/10/story-4592250?utm_source=share&utm_medium=link&ref=sfp-seed
pKtj,https://news.example.invalid/articles/2026/10/story-6136841?utm_source=share&utm_medium=link&ref=sfp-seed
zpDP,https://news.example.invalid/articles/2026/10/story-8440049?utm_source=share&utm_medium=link&ref=sfp-seed
gdZ0,https://news.example.invalid/articles/2026/10/story-3867002?utm_source=share&utm_medium=link&ref=sfp-seed
wDFK,https://news.example.invalid/articles/2026/10/story-7779000?utm_source=share&utm_medium=link&ref=sfp-seed
AjzP,https://news.example.invalid/articles/2026/10/story-8655065?utm_source=share&utm_medium=link&ref=sfp-seed
qvJS,https://news.example.invalid/articles/2026/10/story-6318536?utm_source=share&utm_medium=link&ref=sfp-seed
aGtL,https://news.example.invalid/articles/2026/10/story-2546573?utm_source=share&utm_medium=link&ref=sfp-seed
rJ9Y,https://news.example.invalid/articles/2026/10/story-6608454?utm_source=share&utm_medium=link&ref=sfp-seed
qyN0,https://news.example.invalid/articles/2026/10/story-6330262?utm_source=share&utm_medium=link&ref=sfp-seed
zUKx,https://news.example.invalid/articles/2026/10/story-8559629?utm_source=share&utm_medium=link&ref=sfp-seed
8hwf,https://news.example.invalid/articles/2026/10/story-1973971?utm_source=share&utm_medium=link&ref=sfp-seed
siUd,https://news.example.invalid/articles/2026/10/story-6745861?utm_source=share&utm_medium=link&ref=sfp-seed
suYV,https://news.example.invalid/articles/2026/10/story-6792281?utm_source=share&utm_medium=link&ref=sfp-seed
vqHE,https://news.example.invalid/articles/2026/10/story-7490818?utm_source=share&utm_medium=link&ref=sfp-seed
u4Pj,https://news.example.invalid/articles/2026/10/story-7168397?utm_source=share&utm_medium=link&ref=sfp-seed
pXnb,https://news.example.invalid/articles/2026/10/story-6186433?utm_source=share&utm_medium=link&ref=sfp-seed
EqS5,https://news.example.invalid/articles/2026/10/story-9636417?utm_source=share&utm_medium=link&ref=sfp-seed
iXoi,https://news.example.invalid/articles/2026/10/story-4518206?utm_source=share&utm_medium=link&ref=sfp-seed
FBXN,https://news.example.invalid/articles/2026/10/story-9917383?utm_source=share&utm_medium=link&ref=sfp-seed
moNB,https://news.example.invalid/articles/2026/10/story-5338547?utm_source=share&utm_medium=link&ref=sfp-seed
99QJ,https://news.example.invalid/articles/2026/10/story-2182817?utm_source=share&utm_medium=link&ref=sfp-seed
bLcP,https://news.example.invalid/articles/2026/10/story-2803071?utm_source=share&utm_medium=link&ref=sfp-seed
fLUn,https://news.example.invalid/articles/2026/10/story-3759083?utm_source=share&utm_medium=link&ref=sfp-seed
5B8Z,https://news.example.invalid/articles/2026/10/story-1334425?utm_source=share&utm_medium=link&ref=sfp-seed
sH80,https://news.example.invalid/articles/2026/10/story-6838972?utm_source=share&utm_medium=link&ref=sfp-seed
rdYb,https://news.example.invalid/articles/2026/10/story-6488559?utm_source=share&utm_medium=link&ref=sfp-seed
CIu8,https://news.example.invalid/articles/2026/10/story-9227468?utm_source=share&utm_medium=link&ref=sfp-seed
5TvT,https://news.example.invalid/articles/2026/10/story-1405037?utm_source=share&utm_medium=link&ref=sfp-seed
23jV,https://news.example.invalid/articles/2026/10/story-489423?utm_source=share&utm_medium=link&ref=sfp-seed
fGxd,https://news.example.invalid/articles/2026/10/story-3738427?utm_source=share&utm_medium=link&ref=sfp-seed
AEvP,https://news.example.invalid/articles/2026/10/story-8735541?utm_source=share&utm_medium=link&ref=sfp-seed
DBrQ,https://news.example.invalid/articles/2026/10/story-9438746?utm_source=share&utm_medium=link&ref=sfp-seed
vQIA,https://news.example.invalid/articles/2026/10/story-7590820?utm_source=share&utm_medium=link&ref=sfp-seed
2pO2,https://news.example.invalid/articles/2026/10/story-575858?utm_source=share&utm_medium=link&ref=sfp-seed
8sML,https://news.example.invalid/articles/2026/10/story-2017279?utm_source=share&utm_medium=link&ref=sfp-seed
ooub,https://news.example.invalid/articles/2026/10/story-5813999?utm_source=share&utm_medium=link&ref=sfp-seed
