code,url
FXsl,https://made.example.invalid/e02-08/2-0?utm_source=share&ref=83iifeux
FXsn,https://made.example.invalid/e02-08/8-2?utm_source=share&ref=urym7k0z
FXsm,https://made.example.invalid/e02-08/6-1?utm_source=share&ref=flxg5fr2
FXso,https://made.example.invalid/e02-08/5-3?utm_source=share&ref=c6lgbja6
FXsp,https://made.example.invalid/e02-08/13-4?utm_source=share&ref=z4cm5fx1
FXsq,https://made.example.invalid/e02-08/56-5?utm_source=share&ref=qzcm82rc
FXsr,https://made.example.invalid/e02-08/2-6?utm_source=share&ref=mkn72iuh
FXss,https://made.example.invalid/e02-08/8-7?utm_source=share&ref=5onc8z7m
FXst,https://made.example.invalid/e02-08/6-8?utm_source=share&ref=978n0s6q
FXsu,https://made.example.invalid/e02-08/5-9?utm_source=share&ref=qrqk27wr
FXsv,https://made.example.invalid/e02-08/13-10?utm_source=share&ref=2o47n24m
FXsw,https://made.example.invalid/e02-08/56-11?utm_source=share&ref=y0grgnmq
FXsx,https://made.example.invalid/e02-08/2-12?utm_source=share&ref=zrlw3b5o
FXsy,https://made.example.invalid/e02-08/8-13?utm_source=share&ref=s6krox59
FXsz,https://made.example.invalid/e02-08/6-14?utm_source=share&ref=7jr2szk3
FXsA,https://made.example.invalid/e02-08/5-15?utm_source=share&ref=yvigf8qy
FXsB,https://made.example.invalid/e02-08/13-16?utm_source=share&ref=wrpvdo8d
FXsC,https://made.example.invalid/e02-08/56-17?utm_source=share&ref=hsgtwp8o
FXsD,https://made.example.invalid/e02-08/2-18?utm_source=share&ref=rhbm2f2j
FXsE,https://made.example.invalid/e02-08/8-19?utm_source=share&ref=k4aowu8v
FXsF,https://made.example.invalid/e02-08/6-20?utm_source=share&ref=yzqg7ute
FXsG,https://made.example.invalid/e02-08/5-21?utm_source=share&ref=kz2901dw
FXsH,https://made.example.invalid/e02-08/13-22?utm_source=share&ref=6kkj0ked
FXsI,https://made.example.invalid/e02-08/56-23?utm_source=share&ref=cec10v0w
FXsJ,https://made.example.invalid/e02-08/2-24?utm_source=share&ref=an4lsq1f
FXsK,https://made.example.invalid/e02-08/8-25?utm_source=share&ref=61qtbh4w
FXsL,https://made.example.invalid/e02-08/6-26?utm_source=share&ref=92v8rgbj
FXsM,https://made.example.invalid/e02-08/5-27?utm_source=share&ref=ificxvk6
FXsN,https://made.example.invalid/e02-08/13-28?utm_source=share&ref=544yeht4
FXsO,https://made.example.invalid/e02-08/56-29?utm_source=share&ref=64wrckis
FXsP,https://made.example.invalid/e02-08/2-30?utm_source=share&ref=nn8mijti
FXsQ,https://made.example.invalid/e02-08/8-31?utm_source=share&ref=f5e6rxde
FXsR,https://made.example.invalid/e02-08/6-32?utm_source=share&ref=ytxrmtxk
FXsS,https://made.example.invalid/e02-08/5-33?utm_source=share&ref=rgautio7
FXsT,https://made.example.invalid/e02-08/13-34?utm_source=share&ref=z674bm1e
FXsU,https://made.example.invalid/e02-08/56-35?utm_source=share&ref=7z92kuc4
FXsV,https://made.example.invalid/e02-08/2-36?utm_source=share&ref=i5oxhuzy
FXsW,https://made.example.invalid/e02-08/8-37?utm_source=share&ref=evbda54t
FXsX,https://made.example.invalid/e02-08/6-38?utm_source=share&ref=mcnjv6go
FXsY,https://made.example.invalid/e02-08/5-39?utm_source=share&ref=f69d76c8
FXsZ,https://made.example.invalid/e02-08/13-40?utm_source=share&ref=7ybac8da
FXt0,https://made.example.invalid/e02-08/56-41?utm_source=share&ref=hq8xb6yu
FXt1,https://made.example.invalid/e02-08/2-42?utm_source=share&ref=rv92azxr
FXt2,https://made.example.invalid/e02-08/8-43?utm_source=share&ref=q7px7o1p
FXt3,https://made.example.invalid/e02-08/6-44?utm_source=share&ref=grtwlad1
FXt4,https://made.example.invalid/e02-08/5-45?utm_source=share&ref=9wl1aypt
FXt5,https://made.example.invalid/e02-08/13-46?utm_source=share&ref=hfd5a9d2
FXt6,https://made.example.invalid/e02-08/56-47?utm_source=share&ref=y39xdll0
FXt7,https://made.example.invalid/e02-08/2-48?utm_source=share&ref=ry72g01p
FXt8,https://made.example.invalid/e02-08/8-49?utm_source=share&ref=i8elfhoj
FXt9,https://made.example.invalid/e02-08/6-50?utm_source=share&ref=w7trlvno
FXta,https://made.example.invalid/e02-08/5-51?utm_source=share&ref=4mzvc5mk
FXtb,https://made.example.invalid/e02-08/13-52?utm_source=share&ref=no4x0d8b
FXtc,https://made.example.invalid/e02-08/56-53?utm_source=share&ref=hufkzcx2
FXtd,https://made.example.invalid/e02-08/2-54?utm_source=share&ref=n5ujvuuq
FXte,https://made.example.invalid/e02-08/8-55?utm_source=share&ref=g9z29l3d
FXtf,https://made.example.invalid/e02-08/6-56?utm_source=share&ref=vcqx5lf3
FXtg,https://made.example.invalid/e02-08/5-57?utm_source=share&ref=3v0wryue
FXth,https://made.example.invalid/e02-08/13-58?utm_source=share&ref=0k9nyv24
FXti,https://made.example.invalid/e02-08/56-59?utm_source=share&ref=whmoa8ls
FXtj,https://made.example.invalid/e02-08/2-60?utm_source=share&ref=ttg6bypb
FXtk,https://made.example.invalid/e02-08/8-61?utm_source=share&ref=7a88s42x
FXtl,https://made.example.invalid/e02-08/6-62?utm_source=share&ref=68us2zdg
FXtm,https://made.example.invalid/e02-08/5-63?utm_source=share&ref=adjiq7o1
FXtn,https://made.example.invalid/e02-08/13-64?utm_source=share&ref=9apta1rx
FXto,https://made.example.invalid/e02-08/56-65?utm_source=share&ref=pa0k000v
FXtp,https://made.example.invalid/e02-08/2-66?utm_source=share&ref=oy7wmby2
FXtq,https://made.example.invalid/e02-08/8-67?utm_source=share&ref=uusuzg8f
FXtr,https://made.example.invalid/e02-08/6-68?utm_source=share&ref=d4frz7ak
FXts,https://made.example.invalid/e02-08/5-69?utm_source=share&ref=crjjzp1a
FXtt,https://made.example.invalid/e02-08/13-70?utm_source=share&ref=67oicw3m
FXtu,https://made.example.invalid/e02-08/56-71?utm_source=share&ref=aq09eips
FXtv,https://made.example.invalid/e02-08/2-72?utm_source=share&ref=ixgfrbqk
FXtw,https://made.example.invalid/e02-08/8-73?utm_source=share&ref=pdxasayx
FXtx,https://made.example.invalid/e02-08/6-74?utm_source=share&ref=vhubi0yc
FXty,https://made.example.invalid/e02-08/5-75?utm_source=share&ref=0be6gaoo
FXtz,https://made.example.invalid/e02-08/13-76?utm_source=share&ref=jmtd5hru
FXtA,https://made.example.invalid/e02-08/56-77?utm_source=share&ref=5f27i1kd
FXtB,https://made.example.invalid/e02-08/2-78?utm_source=share&ref=banzw67p
FXtC,https://made.example.invalid/e02-08/8-79?utm_source=share&ref=rqcc28mp
FXtD,https://made.example.invalid/e02-08/6-80?utm_source=share&ref=3t7g6hmr
FXtE,https://made.example.invalid/e02-08/5-81?utm_source=share&ref=caoqkl4h
FXtF,https://made.example.invalid/e02-08/13-82?utm_source=share&ref=rnp1178q
FXtG,https://made.example.invalid/e02-08/56-83?utm_source=share&ref=2bfnlqab
FXtH,https://made.example.invalid/e02-08/2-84?utm_source=share&ref=qkhgib5h
FXtI,https://made.example.invalid/e02-08/8-85?utm_source=share&ref=qj9iv4la
FXtJ,https://made.example.invalid/e02-08/6-86?utm_source=share&ref=skti7gt5
FXtK,https://made.example.invalid/e02-08/5-87?utm_source=share&ref=tu5pl1dh
FXtL,https://made.example.invalid/e02-08/13-88?utm_source=share&ref=yz9chosm
FXtM,https://made.example.invalid/e02-08/56-89?utm_source=share&ref=pt8l7m7s
FXtN,https://made.example.invalid/e02-08/2-90?utm_source=share&ref=zybsxaqd
FXtO,https://made.example.invalid/e02-08/8-91?utm_source=share&ref=mlo0qfjq
FXtP,https://made.example.invalid/e02-08/6-92?utm_source=share&ref=4sev68jr
FXtQ,https://made.example.invalid/e02-08/5-93?utm_source=share&ref=shgealar
FXtR,https://made.example.invalid/e02-08/13-94?utm_source=share&ref=4ipc12lz
FXtS,https://made.example.invalid/e02-08/56-95?utm_source=share&ref=yjgm9r2v
FXtT,https://made.example.invalid/e02-08/2-96?utm_source=share&ref=vck3b3qb
FXtU,https://made.example.invalid/e02-08/8-97?utm_source=share&ref=2kfu7hct
FXtV,https://made.example.invalid/e02-08/6-98?utm_source=share&ref=lsx3gat1
FXtW,https://made.example.invalid/e02-08/5-99?utm_source=share&ref=jwjt3rre
FXtX,https://made.example.invalid/e02-08/13-100?utm_source=share&ref=z0w71284
FXtY,https://made.example.invalid/e02-08/56-101?utm_source=share&ref=e80l8xt8
FXtZ,https://made.example.invalid/e02-08/2-102?utm_source=share&ref=x5b1ya0j
FXu0,https://made.example.invalid/e02-08/8-103?utm_source=share&ref=3hc1y7u5
FXu1,https://made.example.invalid/e02-08/6-104?utm_source=share&ref=bpw8i9fv
FXu2,https://made.example.invalid/e02-08/5-105?utm_source=share&ref=feadxen1
FXu3,https://made.example.invalid/e02-08/13-106?utm_source=share&ref=ke6k7rv1
FXu4,https://made.example.invalid/e02-08/56-107?utm_source=share&ref=m1gtp7x5
FXu5,https://made.example.invalid/e02-08/2-108?utm_source=share&ref=s57f23yq
FXu6,https://made.example.invalid/e02-08/8-109?utm_source=share&ref=atauotbj
FXu7,https://made.example.invalid/e02-08/6-110?utm_source=share&ref=l8alh4zz
FXu8,https://made.example.invalid/e02-08/5-111?utm_source=share&ref=z2n81sre
FXu9,https://made.example.invalid/e02-08/13-112?utm_source=share&ref=dg3hhos6
FXua,https://made.example.invalid/e02-08/56-113?utm_source=share&ref=vusyuevy
FXub,https://made.example.invalid/e02-08/2-114?utm_source=share&ref=at1gdxxp
FXuc,https://made.example.invalid/e02-08/8-115?utm_source=share&ref=c1t27tnd
FXud,https://made.example.invalid/e02-08/6-116?utm_source=share&ref=c0pyye4i
FXue,https://made.example.invalid/e02-08/5-117?utm_source=share&ref=ocs7wcke
FXuf,https://made.example.invalid/e02-08/13-118?utm_source=share&ref=87szmydh
FXug,https://made.example.invalid/e02-08/56-119?utm_source=share&ref=vkzuvytt
FXuh,https://made.example.invalid/e02-08/2-120?utm_source=share&ref=l3byg9sr
FXui,https://made.example.invalid/e02-08/8-121?utm_source=share&ref=38tnodmu
FXuj,https://made.example.invalid/e02-08/6-122?utm_source=share&ref=41aphab7
FXuk,https://made.example.invalid/e02-08/5-123?utm_source=share&ref=ciekzw2d
FXul,https://made.example.invalid/e02-08/13-124?utm_source=share&ref=ulso7i8h
FXum,https://made.example.invalid/e02-08/56-125?utm_source=share&ref=vyxbmcyy
FXun,https://made.example.invalid/e02-08/2-126?utm_source=share&ref=e81l5b5p
FXuo,https://made.example.invalid/e02-08/8-127?utm_source=share&ref=hk09483w
FXup,https://made.example.invalid/e02-08/6-128?utm_source=share&ref=mfk5fsye
FXuq,https://made.example.invalid/e02-08/5-129?utm_source=share&ref=6trvbv5n
FXur,https://made.example.invalid/e02-08/13-130?utm_source=share&ref=lykgne92
FXus,https://made.example.invalid/e02-08/56-131?utm_source=share&ref=31e9mg4k
FXut,https://made.example.invalid/e02-08/2-132?utm_source=share&ref=9fiym9p6
FXuu,https://made.example.invalid/e02-08/8-133?utm_source=share&ref=y14zbyys
FXuv,https://made.example.invalid/e02-08/6-134?utm_source=share&ref=7agayp04
FXuw,https://made.example.invalid/e02-08/5-135?utm_source=share&ref=6fsfz1al
FXux,https://made.example.invalid/e02-08/13-136?utm_source=share&ref=z46wghcs
FXuy,https://made.example.invalid/e02-08/56-137?utm_source=share&ref=27dwnvn1
FXuz,https://made.example.invalid/e02-08/2-138?utm_source=share&ref=pm716fue
FXuA,https://made.example.invalid/e02-08/8-139?utm_source=share&ref=jlw2jwqo
FXuB,https://made.example.invalid/e02-08/6-140?utm_source=share&ref=e4qug5ky
FXuC,https://made.example.invalid/e02-08/5-141?utm_source=share&ref=jgfz7lp5
FXuD,https://made.example.invalid/e02-08/13-142?utm_source=share&ref=pkj2cnaq
FXuE,https://made.example.invalid/e02-08/56-143?utm_source=share&ref=x3n4bdle
FXuF,https://made.example.invalid/e02-08/2-144?utm_source=share&ref=hzvruw79
FXuG,https://made.example.invalid/e02-08/8-145?utm_source=share&ref=h21z9fx2
FXuH,https://made.example.invalid/e02-08/6-146?utm_source=share&ref=gblvs22f
FXuI,https://made.example.invalid/e02-08/5-147?utm_source=share&ref=gaih163r
FXuJ,https://made.example.invalid/e02-08/13-148?utm_source=share&ref=g9mdesdc
FXuK,https://made.example.invalid/e02-08/56-149?utm_source=share&ref=rj1p33a5
FXuL,https://made.example.invalid/e02-08/2-150?utm_source=share&ref=1isl27uz
FXuM,https://made.example.invalid/e02-08/8-151?utm_source=share&ref=3maputfs
FXuN,https://made.example.invalid/e02-08/6-152?utm_source=share&ref=0zjgbmah
FXuO,https://made.example.invalid/e02-08/5-153?utm_source=share&ref=tjkaefse
FXuP,https://made.example.invalid/e02-08/13-154?utm_source=share&ref=o69zq910
FXuQ,https://made.example.invalid/e02-08/56-155?utm_source=share&ref=czjq659b
FXuR,https://made.example.invalid/e02-08/2-156?utm_source=share&ref=nvoethsx
FXuS,https://made.example.invalid/e02-08/8-157?utm_source=share&ref=j9ckskbx
FXuT,https://made.example.invalid/e02-08/6-158?utm_source=share&ref=a513wxs8
FXuU,https://made.example.invalid/e02-08/5-159?utm_source=share&ref=e6pa6an6
FXuV,https://made.example.invalid/e02-08/13-160?utm_source=share&ref=aojk91ep
FXuW,https://made.example.invalid/e02-08/56-161?utm_source=share&ref=eqrjgpx7
FXuX,https://made.example.invalid/e02-08/2-162?utm_source=share&ref=7f8cr58z
FXuY,https://made.example.invalid/e02-08/8-163?utm_source=share&ref=32f8gflq
FXuZ,https://made.example.invalid/e02-08/6-164?utm_source=share&ref=7fozxkh9
FXv0,https://made.example.invalid/e02-08/5-165?utm_source=share&ref=28yendvu
FXv1,https://made.example.invalid/e02-08/13-166?utm_source=share&ref=jfo56s8x
FXv2,https://made.example.invalid/e02-08/56-167?utm_source=share&ref=pjkfowia
FXv3,https://made.example.invalid/e02-08/2-168?utm_source=share&ref=530f5mpk
FXv4,https://made.example.invalid/e02-08/8-169?utm_source=share&ref=m7u198a1
FXv5,https://made.example.invalid/e02-08/6-170?utm_source=share&ref=tfppxjnn
FXv6,https://made.example.invalid/e02-08/5-171?utm_source=share&ref=rsi8j9vi
FXv7,https://made.example.invalid/e02-08/13-172?utm_source=share&ref=jz6c9l4h
FXv8,https://made.example.invalid/e02-08/56-173?utm_source=share&ref=wnmmmcuu
FXv9,https://made.example.invalid/e02-08/2-174?utm_source=share&ref=r1ui994b
FXva,https://made.example.invalid/e02-08/8-175?utm_source=share&ref=ck1a3mqu
FXvb,https://made.example.invalid/e02-08/6-176?utm_source=share&ref=s483sz23
FXvc,https://made.example.invalid/e02-08/5-177?utm_source=share&ref=z82prgws
FXvd,https://made.example.invalid/e02-08/13-178?utm_source=share&ref=mc9lj60k
FXve,https://made.example.invalid/e02-08/56-179?utm_source=share&ref=ig7kg7x3
FXvf,https://made.example.invalid/e02-08/2-180?utm_source=share&ref=xxlvl6k3
FXvg,https://made.example.invalid/e02-08/8-181?utm_source=share&ref=1qlwp5ax
FXvh,https://made.example.invalid/e02-08/6-182?utm_source=share&ref=43v0uv8d
FXvi,https://made.example.invalid/e02-08/5-183?utm_source=share&ref=focrol08
FXvj,https://made.example.invalid/e02-08/13-184?utm_source=share&ref=ac04ail5
FXvk,https://made.example.invalid/e02-08/56-185?utm_source=share&ref=ofcg23xp
FXvl,https://made.example.invalid/e02-08/2-186?utm_source=share&ref=7lvn1r40
FXvm,https://made.example.invalid/e02-08/8-187?utm_source=share&ref=wi59d9ys
FXvn,https://made.example.invalid/e02-08/6-188?utm_source=share&ref=3cw3u1x0
FXvo,https://made.example.invalid/e02-08/5-189?utm_source=share&ref=sdsjiv19
FXvp,https://made.example.invalid/e02-08/13-190?utm_source=share&ref=5p0orfug
FXvq,https://made.example.invalid/e02-08/56-191?utm_source=share&ref=cgb8878b
FXvr,https://made.example.invalid/e02-08/2-192?utm_source=share&ref=qqs2l2xp
FXvs,https://made.example.invalid/e02-08/8-193?utm_source=share&ref=vewnpivc
FXvt,https://made.example.invalid/e02-08/6-194?utm_source=share&ref=nlt8zmwo
FXvu,https://made.example.invalid/e02-08/5-195?utm_source=share&ref=0otlys2a
FXvv,https://made.example.invalid/e02-08/13-196?utm_source=share&ref=eak3p272
FXvw,https://made.example.invalid/e02-08/56-197?utm_source=share&ref=gkhv7w7e
FXvx,https://made.example.invalid/e02-08/2-198?utm_source=share&ref=a3ct3ry6
FXvy,https://made.example.invalid/e02-08/8-199?utm_source=share&ref=0hxd6ffp
FXvz,https://made.example.invalid/e02-08/6-200?utm_source=share&ref=pzlez2ef
FXvA,https://made.example.invalid/e02-08/5-201?utm_source=share&ref=a7syu8ux
FXvB,https://made.example.invalid/e02-08/13-202?utm_source=share&ref=p8h90bij
FXvC,https://made.example.invalid/e02-08/56-203?utm_source=share&ref=oapks233
FXvD,https://made.example.invalid/e02-08/2-204?utm_source=share&ref=ub2wlbhm
FXvE,https://made.example.invalid/e02-08/8-205?utm_source=share&ref=kgp0ywvt
FXvF,https://made.example.invalid/e02-08/6-206?utm_source=share&ref=gafp6pww
FXvG,https://made.example.invalid/e02-08/5-207?utm_source=share&ref=2bxjuie9
FXvH,https://made.example.invalid/e02-08/13-208?utm_source=share&ref=35n6f07l
FXvI,https://made.example.invalid/e02-08/56-209?utm_source=share&ref=e0l6r994
FXvJ,https://made.example.invalid/e02-08/2-210?utm_source=share&ref=cvo6645e
FXvK,https://made.example.invalid/e02-08/8-211?utm_source=share&ref=j968a2ch
FXvL,https://made.example.invalid/e02-08/6-212?utm_source=share&ref=4l2d3ciy
FXvM,https://made.example.invalid/e02-08/5-213?utm_source=share&ref=8ew5kh4n
FXvN,https://made.example.invalid/e02-08/13-214?utm_source=share&ref=psc4tm6c
FXvO,https://made.example.invalid/e02-08/56-215?utm_source=share&ref=k5mmbkiy
FXvP,https://made.example.invalid/e02-08/2-216?utm_source=share&ref=txvfw3a0
FXvQ,https://made.example.invalid/e02-08/8-217?utm_source=share&ref=94zk0e65
FXvR,https://made.example.invalid/e02-08/6-218?utm_source=share&ref=xxv1etm1
FXvS,https://made.example.invalid/e02-08/5-219?utm_source=share&ref=fxk5s9es
FXvT,https://made.example.invalid/e02-08/13-220?utm_source=share&ref=fd7it1v0
FXvU,https://made.example.invalid/e02-08/56-221?utm_source=share&ref=oq2zxx2l
FXvV,https://made.example.invalid/e02-08/2-222?utm_source=share&ref=48pcdha1
FXvW,https://made.example.invalid/e02-08/8-223?utm_source=share&ref=mspje7nv
FXvX,https://made.example.invalid/e02-08/6-224?utm_source=share&ref=h6ci5dr7
FXvY,https://made.example.invalid/e02-08/5-225?utm_source=share&ref=w27ebjxi
FXvZ,https://made.example.invalid/e02-08/13-226?utm_source=share&ref=mmks0stt
FXw0,https://made.example.invalid/e02-08/56-227?utm_source=share&ref=5nxe08jy
FXw1,https://made.example.invalid/e02-08/2-228?utm_source=share&ref=8g2ab35r
FXw2,https://made.example.invalid/e02-08/8-229?utm_source=share&ref=38abbix5
FXw3,https://made.example.invalid/e02-08/6-230?utm_source=share&ref=724qpq37
FXw4,https://made.example.invalid/e02-08/5-231?utm_source=share&ref=phv9yy5j
FXw5,https://made.example.invalid/e02-08/13-232?utm_source=share&ref=eu4b2td9
FXw6,https://made.example.invalid/e02-08/56-233?utm_source=share&ref=npavpgm2
FXw7,https://made.example.invalid/e02-08/2-234?utm_source=share&ref=5crf8v5q
FXw8,https://made.example.invalid/e02-08/8-235?utm_source=share&ref=fhw0i8tr
FXw9,https://made.example.invalid/e02-08/6-236?utm_source=share&ref=lgtlxb69
FXwa,https://made.example.invalid/e02-08/5-237?utm_source=share&ref=hy4cokxi
FXwb,https://made.example.invalid/e02-08/13-238?utm_source=share&ref=q1tdwikb
FXwc,https://made.example.invalid/e02-08/56-239?utm_source=share&ref=wbabucbq
FXwd,https://made.example.invalid/e02-08/2-240?utm_source=share&ref=3a567kty
FXwe,https://made.example.invalid/e02-08/8-241?utm_source=share&ref=y38b3iaj
FXwf,https://made.example.invalid/e02-08/6-242?utm_source=share&ref=e83hwt4p
FXwg,https://made.example.invalid/e02-08/5-243?utm_source=share&ref=l9zmmm4q
FXwh,https://made.example.invalid/e02-08/13-244?utm_source=share&ref=wk0m5kge
FXwi,https://made.example.invalid/e02-08/56-245?utm_source=share&ref=779w7sux
FXwj,https://made.example.invalid/e02-08/2-246?utm_source=share&ref=6ox7w3df
FXwk,https://made.example.invalid/e02-08/8-247?utm_source=share&ref=vnbkuim7
FXwl,https://made.example.invalid/e02-08/6-248?utm_source=share&ref=p8a7xqe5
FXwm,https://made.example.invalid/e02-08/5-249?utm_source=share&ref=wq82qwpp
FXwn,https://made.example.invalid/e02-08/13-250?utm_source=share&ref=r32u8q8m
FXwo,https://made.example.invalid/e02-08/56-251?utm_source=share&ref=hgte587k
FXwp,https://made.example.invalid/e02-08/2-252?utm_source=share&ref=2sqj78m0
FXwq,https://made.example.invalid/e02-08/8-253?utm_source=share&ref=oenygohx
FXwr,https://made.example.invalid/e02-08/6-254?utm_source=share&ref=8tl6dd76
FXws,https://made.example.invalid/e02-08/5-255?utm_source=share&ref=6042hej2
FXwt,https://made.example.invalid/e02-08/13-256?utm_source=share&ref=kpeufry0
FXwu,https://made.example.invalid/e02-08/56-257?utm_source=share&ref=m16rprvv
FXwv,https://made.example.invalid/e02-08/2-258?utm_source=share&ref=324ri53q
FXww,https://made.example.invalid/e02-08/8-259?utm_source=share&ref=c88c8tvx
FXwx,https://made.example.invalid/e02-08/6-260?utm_source=share&ref=cemth3f9
FXwy,https://made.example.invalid/e02-08/5-261?utm_source=share&ref=k12bgvzs
FXwz,https://made.example.invalid/e02-08/13-262?utm_source=share&ref=947zcdcn
FXwA,https://made.example.invalid/e02-08/56-263?utm_source=share&ref=wezjvw47
FXwB,https://made.example.invalid/e02-08/2-264?utm_source=share&ref=1ysim0zg
FXwC,https://made.example.invalid/e02-08/8-265?utm_source=share&ref=8de5mhlo
FXwD,https://made.example.invalid/e02-08/6-266?utm_source=share&ref=06hzyvw4
FXwE,https://made.example.invalid/e02-08/5-267?utm_source=share&ref=sad6ipoh
FXwF,https://made.example.invalid/e02-08/13-268?utm_source=share&ref=oip5z2yc
FXwG,https://made.example.invalid/e02-08/56-269?utm_source=share&ref=alznwl80
FXwH,https://made.example.invalid/e02-08/2-270?utm_source=share&ref=7tswuqxk
FXwI,https://made.example.invalid/e02-08/8-271?utm_source=share&ref=s7x37yag
FXwJ,https://made.example.invalid/e02-08/6-272?utm_source=share&ref=hr733nn7
FXwK,https://made.example.invalid/e02-08/5-273?utm_source=share&ref=2z6mrha4
FXwL,https://made.example.invalid/e02-08/13-274?utm_source=share&ref=hirp3lf8
FXwM,https://made.example.invalid/e02-08/56-275?utm_source=share&ref=48retgyi
FXwN,https://made.example.invalid/e02-08/2-276?utm_source=share&ref=dnbfy62r
FXwO,https://made.example.invalid/e02-08/8-277?utm_source=share&ref=gafd7toh
FXwP,https://made.example.invalid/e02-08/6-278?utm_source=share&ref=hwn14vsr
FXwQ,https://made.example.invalid/e02-08/5-279?utm_source=share&ref=t9r0s638
FXwR,https://made.example.invalid/e02-08/13-280?utm_source=share&ref=2iipfn7n
FXwS,https://made.example.invalid/e02-08/56-281?utm_source=share&ref=ft0hx2vr
FXwT,https://made.example.invalid/e02-08/2-282?utm_source=share&ref=i5dlk7hc
FXwU,https://made.example.invalid/e02-08/8-283?utm_source=share&ref=ce3qe6jx
FXwV,https://made.example.invalid/e02-08/6-284?utm_source=share&ref=00cgc723
FXwW,https://made.example.invalid/e02-08/5-285?utm_source=share&ref=8sjr606t
FXwX,https://made.example.invalid/e02-08/13-286?utm_source=share&ref=wi57fp8u
FXwY,https://made.example.invalid/e02-08/56-287?utm_source=share&ref=bm2finy9
FXwZ,https://made.example.invalid/e02-08/2-288?utm_source=share&ref=qgm15stt
FXx0,https://made.example.invalid/e02-08/8-289?utm_source=share&ref=sn4rmhhw
FXx1,https://made.example.invalid/e02-08/6-290?utm_source=share&ref=u18fpobp
FXx2,https://made.example.invalid/e02-08/5-291?utm_source=share&ref=hhpmsldh
FXx3,https://made.example.invalid/e02-08/13-292?utm_source=share&ref=mbw5fqf4
FXx4,https://made.example.invalid/e02-08/56-293?utm_source=share&ref=joys8f0p
FXx5,https://made.example.invalid/e02-08/2-294?utm_source=share&ref=1ogopvbb
FXx6,https://made.example.invalid/e02-08/8-295?utm_source=share&ref=mbnhrr66
FXx7,https://made.example.invalid/e02-08/6-296?utm_source=share&ref=2ystipl2
FXx8,https://made.example.invalid/e02-08/5-297?utm_source=share&ref=tmxwyi38
FXx9,https://made.example.invalid/e02-08/13-298?utm_source=share&ref=m13w0scp
FXxa,https://made.example.invalid/e02-08/56-299?utm_source=share&ref=mvpczr3e
FXxb,https://made.example.invalid/e02-08/2-300?utm_source=share&ref=x2cpuap4
FXxc,https://made.example.invalid/e02-08/8-301?utm_source=share&ref=s7o21ol5
FXxd,https://made.example.invalid/e02-08/6-302?utm_source=share&ref=dftyzlsr
FXxe,https://made.example.invalid/e02-08/5-303?utm_source=share&ref=i8u1hbrp
FXxf,https://made.example.invalid/e02-08/13-304?utm_source=share&ref=1366pjig
FXxg,https://made.example.invalid/e02-08/56-305?utm_source=share&ref=5qlgyv9y
FXxh,https://made.example.invalid/e02-08/2-306?utm_source=share&ref=zfzl3ny2
FXxi,https://made.example.invalid/e02-08/8-307?utm_source=share&ref=0aav8gwr
FXxj,https://made.example.invalid/e02-08/6-308?utm_source=share&ref=dfmwgwj7
FXxk,https://made.example.invalid/e02-08/5-309?utm_source=share&ref=jgwymb1o
FXxl,https://made.example.invalid/e02-08/13-310?utm_source=share&ref=7rdl0yf9
FXxm,https://made.example.invalid/e02-08/56-311?utm_source=share&ref=syc28uh7
FXxn,https://made.example.invalid/e02-08/2-312?utm_source=share&ref=9sd6t8do
FXxo,https://made.example.invalid/e02-08/8-313?utm_source=share&ref=xyw628q6
FXxp,https://made.example.invalid/e02-08/6-314?utm_source=share&ref=gihhcpzp
FXxq,https://made.example.invalid/e02-08/5-315?utm_source=share&ref=m2vguec6
FXxr,https://made.example.invalid/e02-08/13-316?utm_source=share&ref=5nut6mz3
FXxs,https://made.example.invalid/e02-08/56-317?utm_source=share&ref=amf329w1
FXxt,https://made.example.invalid/e02-08/2-318?utm_source=share&ref=cs194myb
FXxu,https://made.example.invalid/e02-08/8-319?utm_source=share&ref=5gm3xi2q
FXxv,https://made.example.invalid/e02-08/6-320?utm_source=share&ref=qvaaa5oh
FXxw,https://made.example.invalid/e02-08/5-321?utm_source=share&ref=or4z4oe4
FXxx,https://made.example.invalid/e02-08/13-322?utm_source=share&ref=3iulx6rg
FXxy,https://made.example.invalid/e02-08/56-323?utm_source=share&ref=pod7j70v
FXxz,https://made.example.invalid/e02-08/2-324?utm_source=share&ref=fyndyjt4
FXxA,https://made.example.invalid/e02-08/8-325?utm_source=share&ref=joflq4bn
FXxB,https://made.example.invalid/e02-08/6-326?utm_source=share&ref=24wl409m
FXxC,https://made.example.invalid/e02-08/5-327?utm_source=share&ref=fea6d4ar
FXxD,https://made.example.invalid/e02-08/13-328?utm_source=share&ref=ibt7ydml
FXxE,https://made.example.invalid/e02-08/56-329?utm_source=share&ref=ozb7asdp
FXxF,https://made.example.invalid/e02-08/2-330?utm_source=share&ref=mnraywdk
FXxG,https://made.example.invalid/e02-08/8-331?utm_source=share&ref=l7px9vim
FXxH,https://made.example.invalid/e02-08/6-332?utm_source=share&ref=176ccte0
FXxI,https://made.example.invalid/e02-08/5-333?utm_source=share&ref=yxfxlla6
FXxJ,https://made.example.invalid/e02-08/13-334?utm_source=share&ref=il5b0dau
FXxK,https://made.example.invalid/e02-08/56-335?utm_source=share&ref=olq4cg75
FXxL,https://made.example.invalid/e02-08/2-336?utm_source=share&ref=hzlgyopl
FXxM,https://made.example.invalid/e02-08/8-337?utm_source=share&ref=osnwtvgo
FXxN,https://made.example.invalid/e02-08/6-338?utm_source=share&ref=6776kgkd
FXxO,https://made.example.invalid/e02-08/5-339?utm_source=share&ref=9unsx8g8
FXxP,https://made.example.invalid/e02-08/13-340?utm_source=share&ref=xj184wj4
FXxQ,https://made.example.invalid/e02-08/56-341?utm_source=share&ref=duhpzhko
FXxR,https://made.example.invalid/e02-08/2-342?utm_source=share&ref=04xhb3r8
FXxS,https://made.example.invalid/e02-08/8-343?utm_source=share&ref=cly6jm1z
FXxT,https://made.example.invalid/e02-08/6-344?utm_source=share&ref=n9rfuzv6
FXxU,https://made.example.invalid/e02-08/5-345?utm_source=share&ref=l1w7hef0
FXxV,https://made.example.invalid/e02-08/13-346?utm_source=share&ref=sd22ytmy
FXxW,https://made.example.invalid/e02-08/56-347?utm_source=share&ref=wg1vwjyf
FXxX,https://made.example.invalid/e02-08/2-348?utm_source=share&ref=1pdp17kw
FXxY,https://made.example.invalid/e02-08/8-349?utm_source=share&ref=g1lduze3
FXxZ,https://made.example.invalid/e02-08/6-350?utm_source=share&ref=8ueg62g2
FXy0,https://made.example.invalid/e02-08/5-351?utm_source=share&ref=bz1hhwqa
FXy1,https://made.example.invalid/e02-08/13-352?utm_source=share&ref=97bgpogt
FXy2,https://made.example.invalid/e02-08/56-353?utm_source=share&ref=6lc549he
FXy3,https://made.example.invalid/e02-08/2-354?utm_source=share&ref=5pk3izoy
FXy4,https://made.example.invalid/e02-08/8-355?utm_source=share&ref=fwybai2r
FXy5,https://made.example.invalid/e02-08/6-356?utm_source=share&ref=lonvaw7o
FXy6,https://made.example.invalid/e02-08/5-357?utm_source=share&ref=dq2gq8qu
FXy7,https://made.example.invalid/e02-08/13-358?utm_source=share&ref=9p4ozukj
FXy8,https://made.example.invalid/e02-08/56-359?utm_source=share&ref=1rsnlkie
FXy9,https://made.example.invalid/e02-08/2-360?utm_source=share&ref=jkkefwa6
FXya,https://made.example.invalid/e02-08/8-361?utm_source=share&ref=vysqxaol
FXyb,https://made.example.invalid/e02-08/6-362?utm_source=share&ref=fe1vaaxk
FXyc,https://made.example.invalid/e02-08/5-363?utm_source=share&ref=st1n9n8o
FXyd,https://made.example.invalid/e02-08/13-364?utm_source=share&ref=5pdjohv2
FXye,https://made.example.invalid/e02-08/56-365?utm_source=share&ref=wulnvlqd
FXyf,https://made.example.invalid/e02-08/2-366?utm_source=share&ref=iuvk5dww
FXyg,https://made.example.invalid/e02-08/8-367?utm_source=share&ref=k2132m88
FXyh,https://made.example.invalid/e02-08/6-368?utm_source=share&ref=geplrzri
FXyi,https://made.example.invalid/e02-08/5-369?utm_source=share&ref=rv1elp7e
FXyj,https://made.example.invalid/e02-08/13-370?utm_source=share&ref=irhfh20x
FXyk,https://made.example.invalid/e02-08/56-371?utm_source=share&ref=s248ubgf
FXyl,https://made.example.invalid/e02-08/2-372?utm_source=share&ref=zvo3plqw
FXym,https://made.example.invalid/e02-08/8-373?utm_source=share&ref=5h9jnlzz
FXyn,https://made.example.invalid/e02-08/6-374?utm_source=share&ref=zd3lu3tg
FXyo,https://made.example.invalid/e02-08/5-375?utm_source=share&ref=7ucickzd
FXyp,https://made.example.invalid/e02-08/13-376?utm_source=share&ref=gap9k4vd
FXyq,https://made.example.invalid/e02-08/56-377?utm_source=share&ref=rhhfmssi
FXyr,https://made.example.invalid/e02-08/2-378?utm_source=share&ref=ih5lzcm3
FXys,https://made.example.invalid/e02-08/8-379?utm_source=share&ref=r918fq6j
FXyt,https://made.example.invalid/e02-08/6-380?utm_source=share&ref=3dv3aywj
FXyu,https://made.example.invalid/e02-08/5-381?utm_source=share&ref=746fcf3g
FXyv,https://made.example.invalid/e02-08/13-382?utm_source=share&ref=6ttdc1fa
FXyw,https://made.example.invalid/e02-08/56-383?utm_source=share&ref=28zf17my
FXyx,https://made.example.invalid/e02-08/2-384?utm_source=share&ref=98e917oh
FXyy,https://made.example.invalid/e02-08/8-385?utm_source=share&ref=qq2tz7un
FXyz,https://made.example.invalid/e02-08/6-386?utm_source=share&ref=mrvqox4h
FXyA,https://made.example.invalid/e02-08/5-387?utm_source=share&ref=eb7zugo7
FXyB,https://made.example.invalid/e02-08/13-388?utm_source=share&ref=jtewxgeb
FXyC,https://made.example.invalid/e02-08/56-389?utm_source=share&ref=cmux8vor
FXyD,https://made.example.invalid/e02-08/2-390?utm_source=share&ref=p4qjheyp
FXyE,https://made.example.invalid/e02-08/8-391?utm_source=share&ref=qeemv6z0
FXyF,https://made.example.invalid/e02-08/6-392?utm_source=share&ref=07zhv6o7
FXyG,https://made.example.invalid/e02-08/5-393?utm_source=share&ref=q371qr2q
FXyH,https://made.example.invalid/e02-08/13-394?utm_source=share&ref=509nabrv
FXyI,https://made.example.invalid/e02-08/56-395?utm_source=share&ref=ule2ml1v
FXyJ,https://made.example.invalid/e02-08/2-396?utm_source=share&ref=siipan5w
FXyK,https://made.example.invalid/e02-08/8-397?utm_source=share&ref=uyhh7786
FXyL,https://made.example.invalid/e02-08/6-398?utm_source=share&ref=ch08u12v
FXyM,https://made.example.invalid/e02-08/5-399?utm_source=share&ref=o0trxd0u
FXyN,https://made.example.invalid/e02-08/13-400?utm_source=share&ref=fop6b8ae
FXyO,https://made.example.invalid/e02-08/56-401?utm_source=share&ref=y5rr99hq
FXyP,https://made.example.invalid/e02-08/2-402?utm_source=share&ref=ln898hun
FXyQ,https://made.example.invalid/e02-08/8-403?utm_source=share&ref=vpkueqws
FXyR,https://made.example.invalid/e02-08/6-404?utm_source=share&ref=yht7lfs3
FXyS,https://made.example.invalid/e02-08/5-405?utm_source=share&ref=q1o7nq92
FXyT,https://made.example.invalid/e02-08/13-406?utm_source=share&ref=ilts8opv
FXyU,https://made.example.invalid/e02-08/56-407?utm_source=share&ref=uvql86iy
FXyV,https://made.example.invalid/e02-08/2-408?utm_source=share&ref=q78x10gq
FXyW,https://made.example.invalid/e02-08/8-409?utm_source=share&ref=3jlinucc
FXyX,https://made.example.invalid/e02-08/6-410?utm_source=share&ref=69irkyiu
FXyY,https://made.example.invalid/e02-08/5-411?utm_source=share&ref=sv3m7l05
FXyZ,https://made.example.invalid/e02-08/13-412?utm_source=share&ref=vtqe7x8q
FXz0,https://made.example.invalid/e02-08/56-413?utm_source=share&ref=dwbz2nil
FXz1,https://made.example.invalid/e02-08/2-414?utm_source=share&ref=tncuasnt
FXz2,https://made.example.invalid/e02-08/8-415?utm_source=share&ref=fx7tckwp
FXz3,https://made.example.invalid/e02-08/6-416?utm_source=share&ref=gnsc2mbk
FXz4,https://made.example.invalid/e02-08/5-417?utm_source=share&ref=uzt88tz8
FXz5,https://made.example.invalid/e02-08/13-418?utm_source=share&ref=ufpj4cg5
FXz6,https://made.example.invalid/e02-08/56-419?utm_source=share&ref=510qw0gi
FXz7,https://made.example.invalid/e02-08/2-420?utm_source=share&ref=orjlnjcs
FXz8,https://made.example.invalid/e02-08/8-421?utm_source=share&ref=dqfcryih
FXz9,https://made.example.invalid/e02-08/6-422?utm_source=share&ref=nstxwmny
FXza,https://made.example.invalid/e02-08/5-423?utm_source=share&ref=z8wf495g
FXzb,https://made.example.invalid/e02-08/13-424?utm_source=share&ref=tt5nfj6g
FXzc,https://made.example.invalid/e02-08/56-425?utm_source=share&ref=tddm82vp
FXzd,https://made.example.invalid/e02-08/2-426?utm_source=share&ref=bgnd6kui
FXze,https://made.example.invalid/e02-08/8-427?utm_source=share&ref=oq1uzcm7
FXzf,https://made.example.invalid/e02-08/6-428?utm_source=share&ref=w52fbdna
FXzg,https://made.example.invalid/e02-08/5-429?utm_source=share&ref=skg13gtn
FXzh,https://made.example.invalid/e02-08/13-430?utm_source=share&ref=gllzjluz
FXzi,https://made.example.invalid/e02-08/56-431?utm_source=share&ref=nzghmvgc
FXzj,https://made.example.invalid/e02-08/2-432?utm_source=share&ref=097unny3
FXzk,https://made.example.invalid/e02-08/8-433?utm_source=share&ref=l8enj83d
FXzl,https://made.example.invalid/e02-08/6-434?utm_source=share&ref=rqa0xypv
FXzm,https://made.example.invalid/e02-08/5-435?utm_source=share&ref=639vwllk
FXzn,https://made.example.invalid/e02-08/13-436?utm_source=share&ref=cwcs4qbp
FXzo,https://made.example.invalid/e02-08/56-437?utm_source=share&ref=26gqdm25
FXzp,https://made.example.invalid/e02-08/2-438?utm_source=share&ref=xtf4dkdt
FXzq,https://made.example.invalid/e02-08/8-439?utm_source=share&ref=qkgsmhpo
FXzr,https://made.example.invalid/e02-08/6-440?utm_source=share&ref=l0a2e8k1
FXzs,https://made.example.invalid/e02-08/5-441?utm_source=share&ref=mox3ury0
FXzt,https://made.example.invalid/e02-08/13-442?utm_source=share&ref=zvllmvz6
FXzu,https://made.example.invalid/e02-08/56-443?utm_source=share&ref=rbr0zdfi
FXzv,https://made.example.invalid/e02-08/2-444?utm_source=share&ref=080fe8f7
FXzw,https://made.example.invalid/e02-08/8-445?utm_source=share&ref=t8e6904s
FXzx,https://made.example.invalid/e02-08/6-446?utm_source=share&ref=cdsxzt86
FXzy,https://made.example.invalid/e02-08/5-447?utm_source=share&ref=avgdqkh4
FXzz,https://made.example.invalid/e02-08/13-448?utm_source=share&ref=2f1cerfr
FXzA,https://made.example.invalid/e02-08/56-449?utm_source=share&ref=c3a9thh8
FXzB,https://made.example.invalid/e02-08/2-450?utm_source=share&ref=tk2uozeu
FXzC,https://made.example.invalid/e02-08/8-451?utm_source=share&ref=2s9yee0m
FXzD,https://made.example.invalid/e02-08/6-452?utm_source=share&ref=2kr9krtb
FXzE,https://made.example.invalid/e02-08/5-453?utm_source=share&ref=4cg30dub
FXzF,https://made.example.invalid/e02-08/13-454?utm_source=share&ref=yrf0p00w
FXzG,https://made.example.invalid/e02-08/56-455?utm_source=share&ref=gsrhyj7o
FXzH,https://made.example.invalid/e02-08/2-456?utm_source=share&ref=1i9r4rcr
FXzI,https://made.example.invalid/e02-08/8-457?utm_source=share&ref=kprloehr
FXzJ,https://made.example.invalid/e02-08/6-458?utm_source=share&ref=8wcakipe
FXzK,https://made.example.invalid/e02-08/5-459?utm_source=share&ref=7909pjm1
FXzL,https://made.example.invalid/e02-08/13-460?utm_source=share&ref=d2kx3lkh
FXzM,https://made.example.invalid/e02-08/56-461?utm_source=share&ref=thg1fidr
FXzN,https://made.example.invalid/e02-08/2-462?utm_source=share&ref=wxuicupl
FXzO,https://made.example.invalid/e02-08/8-463?utm_source=share&ref=n8bhzp0v
FXzP,https://made.example.invalid/e02-08/6-464?utm_source=share&ref=40ue8ddq
FXzQ,https://made.example.invalid/e02-08/5-465?utm_source=share&ref=gcrtun4k
FXzR,https://made.example.invalid/e02-08/13-466?utm_source=share&ref=vraxc8zh
FXzS,https://made.example.invalid/e02-08/56-467?utm_source=share&ref=tixe1oyj
FXzT,https://made.example.invalid/e02-08/2-468?utm_source=share&ref=gadur568
FXzU,https://made.example.invalid/e02-08/8-469?utm_source=share&ref=dyjm7fcb
FXzV,https://made.example.invalid/e02-08/6-470?utm_source=share&ref=muuyexrz
FXzW,https://made.example.invalid/e02-08/5-471?utm_source=share&ref=3rzoh1c6
FXzX,https://made.example.invalid/e02-08/13-472?utm_source=share&ref=ryacz1k4
FXzY,https://made.example.invalid/e02-08/56-473?utm_source=share&ref=m28tfrvy
FXzZ,https://made.example.invalid/e02-08/2-474?utm_source=share&ref=n1izqqmi
FXA0,https://made.example.invalid/e02-08/8-475?utm_source=share&ref=vxhi421w
FXA1,https://made.example.invalid/e02-08/6-476?utm_source=share&ref=0ln9cakq
FXA2,https://made.example.invalid/e02-08/5-477?utm_source=share&ref=izs3okb9
FXA3,https://made.example.invalid/e02-08/13-478?utm_source=share&ref=ao9vkgla
FXA4,https://made.example.invalid/e02-08/56-479?utm_source=share&ref=t3n72ijo
FXA5,https://made.example.invalid/e02-08/2-480?utm_source=share&ref=2j8jgwhm
FXA6,https://made.example.invalid/e02-08/8-481?utm_source=share&ref=vszay7gk
FXA7,https://made.example.invalid/e02-08/6-482?utm_source=share&ref=nhjac23f
FXA8,https://made.example.invalid/e02-08/5-483?utm_source=share&ref=373mk5gs
FXA9,https://made.example.invalid/e02-08/13-484?utm_source=share&ref=2lw7khjk
FXAa,https://made.example.invalid/e02-08/56-485?utm_source=share&ref=cc51i26k
FXAb,https://made.example.invalid/e02-08/2-486?utm_source=share&ref=qh0z65rm
FXAc,https://made.example.invalid/e02-08/8-487?utm_source=share&ref=xzdhoj0u
FXAd,https://made.example.invalid/e02-08/6-488?utm_source=share&ref=j1qsuvct
FXAe,https://made.example.invalid/e02-08/5-489?utm_source=share&ref=e0qelcej
FXAf,https://made.example.invalid/e02-08/13-490?utm_source=share&ref=9hei97dk
FXAg,https://made.example.invalid/e02-08/56-491?utm_source=share&ref=a30s558y
FXAh,https://made.example.invalid/e02-08/2-492?utm_source=share&ref=ovt50kjk
FXAi,https://made.example.invalid/e02-08/8-493?utm_source=share&ref=wax98qng
FXAj,https://made.example.invalid/e02-08/6-494?utm_source=share&ref=3bk1hsvl
FXAk,https://made.example.invalid/e02-08/5-495?utm_source=share&ref=auxaso3c
FXAl,https://made.example.invalid/e02-08/13-496?utm_source=share&ref=zolx22os
FXAm,https://made.example.invalid/e02-08/56-497?utm_source=share&ref=1jvdsyb0
FXAn,https://made.example.invalid/e02-08/2-498?utm_source=share&ref=4uxf4vwb
FXAo,https://made.example.invalid/e02-08/8-499?utm_source=share&ref=pgdq0xmc
FXAp,https://made.example.invalid/e02-08/6-500?utm_source=share&ref=1p4551df
FXAq,https://made.example.invalid/e02-08/5-501?utm_source=share&ref=ag7t90ko
FXAr,https://made.example.invalid/e02-08/13-502?utm_source=share&ref=g1taou9v
FXAs,https://made.example.invalid/e02-08/56-503?utm_source=share&ref=b7hqp2tg
FXAt,https://made.example.invalid/e02-08/2-504?utm_source=share&ref=365pbow0
FXAu,https://made.example.invalid/e02-08/8-505?utm_source=share&ref=ftovbnzs
FXAv,https://made.example.invalid/e02-08/6-506?utm_source=share&ref=1jcd3a3k
FXAw,https://made.example.invalid/e02-08/5-507?utm_source=share&ref=tl8d33up
FXAx,https://made.example.invalid/e02-08/13-508?utm_source=share&ref=fhjun4b9
FXAy,https://made.example.invalid/e02-08/56-509?utm_source=share&ref=m5kymsos
FXAz,https://made.example.invalid/e02-08/2-510?utm_source=share&ref=0cjfna29
FXAA,https://made.example.invalid/e02-08/8-511?utm_source=share&ref=ddlc8s4r
FXAB,https://made.example.invalid/e02-08/6-512?utm_source=share&ref=txrotwgt
FXAC,https://made.example.invalid/e02-08/5-513?utm_source=share&ref=cfpqhffz
FXAD,https://made.example.invalid/e02-08/13-514?utm_source=share&ref=9ot6z9kq
FXAE,https://made.example.invalid/e02-08/56-515?utm_source=share&ref=yqe0092i
FXAF,https://made.example.invalid/e02-08/2-516?utm_source=share&ref=6e764odw
FXAG,https://made.example.invalid/e02-08/8-517?utm_source=share&ref=x4nxyu1c
FXAH,https://made.example.invalid/e02-08/6-518?utm_source=share&ref=oxfylgin
FXAI,https://made.example.invalid/e02-08/5-519?utm_source=share&ref=vgu76h26
FXAJ,https://made.example.invalid/e02-08/13-520?utm_source=share&ref=ysnxgvyw
FXAK,https://made.example.invalid/e02-08/56-521?utm_source=share&ref=1t0nmj50
FXAL,https://made.example.invalid/e02-08/2-522?utm_source=share&ref=3qkh165i
FXAM,https://made.example.invalid/e02-08/8-523?utm_source=share&ref=59xbefht
FXAN,https://made.example.invalid/e02-08/6-524?utm_source=share&ref=i1tyha17
FXAO,https://made.example.invalid/e02-08/5-525?utm_source=share&ref=boiw3f36
FXAP,https://made.example.invalid/e02-08/13-526?utm_source=share&ref=m7tunaic
FXAQ,https://made.example.invalid/e02-08/56-527?utm_source=share&ref=u1j0ghad
FXAR,https://made.example.invalid/e02-08/2-528?utm_source=share&ref=cplkf26i
FXAS,https://made.example.invalid/e02-08/8-529?utm_source=share&ref=dfy5m536
FXAT,https://made.example.invalid/e02-08/6-530?utm_source=share&ref=fepoy3t5
FXAU,https://made.example.invalid/e02-08/5-531?utm_source=share&ref=69wcyrl1
FXAV,https://made.example.invalid/e02-08/13-532?utm_source=share&ref=ngcaixx3
FXAW,https://made.example.invalid/e02-08/56-533?utm_source=share&ref=f54qy278
FXAX,https://made.example.invalid/e02-08/2-534?utm_source=share&ref=brphomj9
FXAY,https://made.example.invalid/e02-08/8-535?utm_source=share&ref=6f3l5e2a
FXAZ,https://made.example.invalid/e02-08/6-536?utm_source=share&ref=1sj3ilgv
FXB0,https://made.example.invalid/e02-08/5-537?utm_source=share&ref=lwa4x7a2
FXB1,https://made.example.invalid/e02-08/13-538?utm_source=share&ref=avo16pr8
FXB2,https://made.example.invalid/e02-08/56-539?utm_source=share&ref=2b39ez2e
FXB3,https://made.example.invalid/e02-08/2-540?utm_source=share&ref=7kxd1dd3
FXB4,https://made.example.invalid/e02-08/8-541?utm_source=share&ref=jxrjr801
FXB5,https://made.example.invalid/e02-08/6-542?utm_source=share&ref=rjk18jv8
FXB6,https://made.example.invalid/e02-08/5-543?utm_source=share&ref=w83dgunn
FXB7,https://made.example.invalid/e02-08/13-544?utm_source=share&ref=udy5na1q
FXB8,https://made.example.invalid/e02-08/56-545?utm_source=share&ref=oxr7fy5v
FXB9,https://made.example.invalid/e02-08/2-546?utm_source=share&ref=uz7ppoo0
FXBa,https://made.example.invalid/e02-08/8-547?utm_source=share&ref=k1tmd9fo
FXBb,https://made.example.invalid/e02-08/6-548?utm_source=share&ref=0ib6ysec
FXBc,https://made.example.invalid/e02-08/5-549?utm_source=share&ref=xs1whob0
FXBd,https://made.example.invalid/e02-08/13-550?utm_source=share&ref=eycxc5zh
FXBe,https://made.example.invalid/e02-08/56-551?utm_source=share&ref=johgixtt
FXBf,https://made.example.invalid/e02-08/2-552?utm_source=share&ref=r4qf9ka9
FXBg,https://made.example.invalid/e02-08/8-553?utm_source=share&ref=edzw83d9
FXBh,https://made.example.invalid/e02-08/6-554?utm_source=share&ref=23d421s5
FXBi,https://made.example.invalid/e02-08/5-555?utm_source=share&ref=9bshw50h
FXBj,https://made.example.invalid/e02-08/13-556?utm_source=share&ref=p8kn2ozd
FXBk,https://made.example.invalid/e02-08/56-557?utm_source=share&ref=gl9lqpvc
FXBl,https://made.example.invalid/e02-08/2-558?utm_source=share&ref=fscty39s
FXBm,https://made.example.invalid/e02-08/8-559?utm_source=share&ref=sl2aa7oj
FXBn,https://made.example.invalid/e02-08/6-560?utm_source=share&ref=rp7rhxux
FXBo,https://made.example.invalid/e02-08/5-561?utm_source=share&ref=zqrq4p3g
FXBp,https://made.example.invalid/e02-08/13-562?utm_source=share&ref=nvlcrqyl
FXBq,https://made.example.invalid/e02-08/56-563?utm_source=share&ref=uglgw7qh
FXBr,https://made.example.invalid/e02-08/2-564?utm_source=share&ref=xaot75nq
FXBs,https://made.example.invalid/e02-08/8-565?utm_source=share&ref=fcaoucxb
FXBt,https://made.example.invalid/e02-08/6-566?utm_source=share&ref=5n34tq34
FXBu,https://made.example.invalid/e02-08/5-567?utm_source=share&ref=mnrgkado
FXBv,https://made.example.invalid/e02-08/13-568?utm_source=share&ref=s3v910ml
FXBw,https://made.example.invalid/e02-08/56-569?utm_source=share&ref=wf6qvahx
FXBx,https://made.example.invalid/e02-08/2-570?utm_source=share&ref=7txjd088
FXBy,https://made.example.invalid/e02-08/8-571?utm_source=share&ref=eg8j9rwu
FXBz,https://made.example.invalid/e02-08/6-572?utm_source=share&ref=dbuwsa30
FXBA,https://made.example.invalid/e02-08/5-573?utm_source=share&ref=4rktvre0
FXBB,https://made.example.invalid/e02-08/13-574?utm_source=share&ref=d8bnd7w2
FXBC,https://made.example.invalid/e02-08/56-575?utm_source=share&ref=0zhs3ogp
FXBD,https://made.example.invalid/e02-08/2-576?utm_source=share&ref=1ffw5oaa
FXBE,https://made.example.invalid/e02-08/8-577?utm_source=share&ref=9xaovn3g
FXBF,https://made.example.invalid/e02-08/6-578?utm_source=share&ref=cxldgm0s
FXBG,https://made.example.invalid/e02-08/5-579?utm_source=share&ref=xj141hbs
FXBH,https://made.example.invalid/e02-08/13-580?utm_source=share&ref=4ng3gsio
FXBI,https://made.example.invalid/e02-08/56-581?utm_source=share&ref=s2onju2z
FXBJ,https://made.example.invalid/e02-08/2-582?utm_source=share&ref=br6xqmnn
FXBK,https://made.example.invalid/e02-08/8-583?utm_source=share&ref=bre7ayw2
FXBL,https://made.example.invalid/e02-08/6-584?utm_source=share&ref=amtkkis5
FXBM,https://made.example.invalid/e02-08/5-585?utm_source=share&ref=9e0xxp0d
FXBN,https://made.example.invalid/e02-08/13-586?utm_source=share&ref=9a7nyndw
FXBO,https://made.example.invalid/e02-08/56-587?utm_source=share&ref=x4fwfvub
FXBP,https://made.example.invalid/e02-08/2-588?utm_source=share&ref=sw7by8zo
FXBQ,https://made.example.invalid/e02-08/8-589?utm_source=share&ref=vsqd4i94
FXBR,https://made.example.invalid/e02-08/6-590?utm_source=share&ref=tkctijwf
FXBS,https://made.example.invalid/e02-08/5-591?utm_source=share&ref=wq0hsrg0
FXBT,https://made.example.invalid/e02-08/13-592?utm_source=share&ref=zti1zc7f
FXBU,https://made.example.invalid/e02-08/56-593?utm_source=share&ref=0dj9gr0b
FXBV,https://made.example.invalid/e02-08/2-594?utm_source=share&ref=vu9mzs6m
FXBW,https://made.example.invalid/e02-08/8-595?utm_source=share&ref=vxcorjo1
FXBX,https://made.example.invalid/e02-08/6-596?utm_source=share&ref=j1pb8j6b
FXBY,https://made.example.invalid/e02-08/5-597?utm_source=share&ref=d8e0mntd
FXBZ,https://made.example.invalid/e02-08/13-598?utm_source=share&ref=l25f40mr
FXC0,https://made.example.invalid/e02-08/56-599?utm_source=share&ref=id773e10
FXC1,https://made.example.invalid/e02-08/2-600?utm_source=share&ref=oczavw0t
FXC2,https://made.example.invalid/e02-08/8-601?utm_source=share&ref=m0h2e4sv
FXC3,https://made.example.invalid/e02-08/6-602?utm_source=share&ref=jagg058l
FXC4,https://made.example.invalid/e02-08/5-603?utm_source=share&ref=l6c0qays
FXC5,https://made.example.invalid/e02-08/13-604?utm_source=share&ref=wyok247j
FXC6,https://made.example.invalid/e02-08/56-605?utm_source=share&ref=poaozg8a
FXC7,https://made.example.invalid/e02-08/2-606?utm_source=share&ref=6akrlimz
FXC8,https://made.example.invalid/e02-08/8-607?utm_source=share&ref=yt1c4ib5
FXC9,https://made.example.invalid/e02-08/6-608?utm_source=share&ref=a03sgjwx
FXCa,https://made.example.invalid/e02-08/5-609?utm_source=share&ref=bj5v4qiy
FXCb,https://made.example.invalid/e02-08/13-610?utm_source=share&ref=drmzmhl9
FXCc,https://made.example.invalid/e02-08/56-611?utm_source=share&ref=ckhgzpi3
FXCd,https://made.example.invalid/e02-08/2-612?utm_source=share&ref=08fpbvc9
FXCe,https://made.example.invalid/e02-08/8-613?utm_source=share&ref=miqwc88g
FXCf,https://made.example.invalid/e02-08/6-614?utm_source=share&ref=5kuk8o3c
FXCg,https://made.example.invalid/e02-08/5-615?utm_source=share&ref=8vxsog6a
FXCh,https://made.example.invalid/e02-08/13-616?utm_source=share&ref=o7asf5cm
FXCi,https://made.example.invalid/e02-08/56-617?utm_source=share&ref=p5lo17jt
FXCj,https://made.example.invalid/e02-08/2-618?utm_source=share&ref=8k7xzkes
FXCk,https://made.example.invalid/e02-08/8-619?utm_source=share&ref=kcv8mkpc
FXCl,https://made.example.invalid/e02-08/6-620?utm_source=share&ref=64b0qif8
FXCm,https://made.example.invalid/e02-08/5-621?utm_source=share&ref=qatiu35z
FXCn,https://made.example.invalid/e02-08/13-622?utm_source=share&ref=tg98wkn3
FXCo,https://made.example.invalid/e02-08/56-623?utm_source=share&ref=000jfbfw
FXCp,https://made.example.invalid/e02-08/2-624?utm_source=share&ref=nx60flwn
FXCq,https://made.example.invalid/e02-08/8-625?utm_source=share&ref=i5360ewt
FXCr,https://made.example.invalid/e02-08/6-626?utm_source=share&ref=ge9pxx5p
FXCs,https://made.example.invalid/e02-08/5-627?utm_source=share&ref=k4ld8orn
FXCt,https://made.example.invalid/e02-08/13-628?utm_source=share&ref=1yys3nf0
FXCu,https://made.example.invalid/e02-08/56-629?utm_source=share&ref=p5v8dufh
FXCv,https://made.example.invalid/e02-08/2-630?utm_source=share&ref=wubqakcl
FXCw,https://made.example.invalid/e02-08/8-631?utm_source=share&ref=qoe7k1gd
FXCx,https://made.example.invalid/e02-08/6-632?utm_source=share&ref=wx2is1t1
FXCy,https://made.example.invalid/e02-08/5-633?utm_source=share&ref=kay12p3d
FXCz,https://made.example.invalid/e02-08/13-634?utm_source=share&ref=wtg6bpt3
FXCA,https://made.example.invalid/e02-08/56-635?utm_source=share&ref=ue1tijpt
FXCB,https://made.example.invalid/e02-08/2-636?utm_source=share&ref=an7lz6e9
FXCC,https://made.example.invalid/e02-08/8-637?utm_source=share&ref=k62auyd9
FXCD,https://made.example.invalid/e02-08/6-638?utm_source=share&ref=6gmm4py0
FXCE,https://made.example.invalid/e02-08/5-639?utm_source=share&ref=f71xf8ds
FXCF,https://made.example.invalid/e02-08/13-640?utm_source=share&ref=g9oardvf
FXCG,https://made.example.invalid/e02-08/56-641?utm_source=share&ref=yi4sxan3
FXCH,https://made.example.invalid/e02-08/2-642?utm_source=share&ref=d0yi2jrj
FXCI,https://made.example.invalid/e02-08/8-643?utm_source=share&ref=kxb8pfgg
FXCJ,https://made.example.invalid/e02-08/6-644?utm_source=share&ref=0nb1bl37
FXCK,https://made.example.invalid/e02-08/5-645?utm_source=share&ref=fed0dr3i
FXCL,https://made.example.invalid/e02-08/13-646?utm_source=share&ref=1f7y608g
FXCM,https://made.example.invalid/e02-08/56-647?utm_source=share&ref=32t5gfrf
FXCN,https://made.example.invalid/e02-08/2-648?utm_source=share&ref=shwwaw6n
FXCO,https://made.example.invalid/e02-08/8-649?utm_source=share&ref=rtwnwsd8
FXCP,https://made.example.invalid/e02-08/6-650?utm_source=share&ref=qa86kas3
FXCQ,https://made.example.invalid/e02-08/5-651?utm_source=share&ref=79td6u52
FXCR,https://made.example.invalid/e02-08/13-652?utm_source=share&ref=mgpoovvm
FXCS,https://made.example.invalid/e02-08/56-653?utm_source=share&ref=z0o9fxce
FXCT,https://made.example.invalid/e02-08/2-654?utm_source=share&ref=tx2rdc2u
FXCU,https://made.example.invalid/e02-08/8-655?utm_source=share&ref=k3cpxyx2
FXCV,https://made.example.invalid/e02-08/6-656?utm_source=share&ref=rl9rrwq3
FXCW,https://made.example.invalid/e02-08/5-657?utm_source=share&ref=74u04ijb
FXCX,https://made.example.invalid/e02-08/13-658?utm_source=share&ref=menrs3v8
FXCY,https://made.example.invalid/e02-08/56-659?utm_source=share&ref=hq1braj1
FXCZ,https://made.example.invalid/e02-08/2-660?utm_source=share&ref=gewoa8bb
FXD0,https://made.example.invalid/e02-08/8-661?utm_source=share&ref=htubm3oh
FXD1,https://made.example.invalid/e02-08/6-662?utm_source=share&ref=47wkl2ou
FXD2,https://made.example.invalid/e02-08/5-663?utm_source=share&ref=d1x3dax2
FXD3,https://made.example.invalid/e02-08/13-664?utm_source=share&ref=7bluw4p7
FXD4,https://made.example.invalid/e02-08/56-665?utm_source=share&ref=3wi7uzny
FXD5,https://made.example.invalid/e02-08/2-666?utm_source=share&ref=q9gtpza2
FXD6,https://made.example.invalid/e02-08/8-667?utm_source=share&ref=cbbb4h06
FXD7,https://made.example.invalid/e02-08/6-668?utm_source=share&ref=vkrgqzbd
FXD8,https://made.example.invalid/e02-08/5-669?utm_source=share&ref=tqtaalnt
FXD9,https://made.example.invalid/e02-08/13-670?utm_source=share&ref=2nfzarjp
FXDa,https://made.example.invalid/e02-08/56-671?utm_source=share&ref=ts5uuc06
FXDb,https://made.example.invalid/e02-08/2-672?utm_source=share&ref=4xltto5i
FXDc,https://made.example.invalid/e02-08/8-673?utm_source=share&ref=3baxikdt
FXDd,https://made.example.invalid/e02-08/6-674?utm_source=share&ref=8lgn6oep
FXDe,https://made.example.invalid/e02-08/5-675?utm_source=share&ref=uogptezx
FXDf,https://made.example.invalid/e02-08/13-676?utm_source=share&ref=e7vrj9dj
FXDg,https://made.example.invalid/e02-08/56-677?utm_source=share&ref=hju2sbxc
FXDh,https://made.example.invalid/e02-08/2-678?utm_source=share&ref=bju6a7vu
FXDi,https://made.example.invalid/e02-08/8-679?utm_source=share&ref=y6n2ygh6
FXDj,https://made.example.invalid/e02-08/6-680?utm_source=share&ref=237p4jym
FXDk,https://made.example.invalid/e02-08/5-681?utm_source=share&ref=go0wfzlq
FXDl,https://made.example.invalid/e02-08/13-682?utm_source=share&ref=d1ru2u5u
FXDm,https://made.example.invalid/e02-08/56-683?utm_source=share&ref=w6xktrmg
FXDn,https://made.example.invalid/e02-08/2-684?utm_source=share&ref=lkrx0f3p
FXDo,https://made.example.invalid/e02-08/8-685?utm_source=share&ref=4zkl18nw
FXDp,https://made.example.invalid/e02-08/6-686?utm_source=share&ref=5o5xzslk
FXDq,https://made.example.invalid/e02-08/5-687?utm_source=share&ref=5lvoadn6
FXDr,https://made.example.invalid/e02-08/13-688?utm_source=share&ref=bp4fp9mq
FXDs,https://made.example.invalid/e02-08/56-689?utm_source=share&ref=1uc6u968
FXDt,https://made.example.invalid/e02-08/2-690?utm_source=share&ref=vehd0b82
FXDu,https://made.example.invalid/e02-08/8-691?utm_source=share&ref=1vj6begf
FXDv,https://made.example.invalid/e02-08/6-692?utm_source=share&ref=tcevsgpd
FXDw,https://made.example.invalid/e02-08/5-693?utm_source=share&ref=slqal9rn
FXDx,https://made.example.invalid/e02-08/13-694?utm_source=share&ref=ms7dyjoo
FXDy,https://made.example.invalid/e02-08/56-695?utm_source=share&ref=iz7qho2v
FXDz,https://made.example.invalid/e02-08/2-696?utm_source=share&ref=7h219h07
FXDA,https://made.example.invalid/e02-08/8-697?utm_source=share&ref=spla3bpf
FXDB,https://made.example.invalid/e02-08/6-698?utm_source=share&ref=q0rxrn9l
FXDC,https://made.example.invalid/e02-08/5-699?utm_source=share&ref=24z5i5t5
FXDD,https://made.example.invalid/e02-08/13-700?utm_source=share&ref=elk5az27
FXDE,https://made.example.invalid/e02-08/56-701?utm_source=share&ref=a1jmcgoz
FXDF,https://made.example.invalid/e02-08/2-702?utm_source=share&ref=n0jg6deu
FXDG,https://made.example.invalid/e02-08/8-703?utm_source=share&ref=5wat6upd
FXDH,https://made.example.invalid/e02-08/6-704?utm_source=share&ref=4udognc3
FXDI,https://made.example.invalid/e02-08/5-705?utm_source=share&ref=xhp573et
FXDJ,https://made.example.invalid/e02-08/13-706?utm_source=share&ref=d5j52mr4
FXDK,https://made.example.invalid/e02-08/56-707?utm_source=share&ref=ocdausu3
FXDL,https://made.example.invalid/e02-08/2-708?utm_source=share&ref=i04wvrtn
FXDM,https://made.example.invalid/e02-08/8-709?utm_source=share&ref=7mf8ukzi
FXDN,https://made.example.invalid/e02-08/6-710?utm_source=share&ref=cl514ujx
FXDO,https://made.example.invalid/e02-08/5-711?utm_source=share&ref=gpc1t6ko
FXDP,https://made.example.invalid/e02-08/13-712?utm_source=share&ref=kil36nf3
FXDQ,https://made.example.invalid/e02-08/56-713?utm_source=share&ref=wtig45jc
FXDR,https://made.example.invalid/e02-08/2-714?utm_source=share&ref=ylfr5m49
FXDS,https://made.example.invalid/e02-08/8-715?utm_source=share&ref=u1s3atbm
FXDT,https://made.example.invalid/e02-08/6-716?utm_source=share&ref=puslc8xy
FXDU,https://made.example.invalid/e02-08/5-717?utm_source=share&ref=bpibv08n
FXDV,https://made.example.invalid/e02-08/13-718?utm_source=share&ref=sn4mk5c7
FXDW,https://made.example.invalid/e02-08/56-719?utm_source=share&ref=v8bigc1s
t3uS,https://news.example.invalid/articles/2026/10/story-6924958?utm_source=share&utm_medium=link&ref=sfp-seed
iZKJ,https://news.example.invalid/articles/2026/10/story-4527285?utm_source=share&utm_medium=link&ref=sfp-seed
6ZMx,https://news.example.invalid/articles/2026/10/story-1667461?utm_source=share&utm_medium=link&ref=sfp-seed
3gUd,https://news.example.invalid/articles/2026/10/story-779973?utm_source=share&utm_medium=link&ref=sfp-seed
21s2,https://news.example.invalid/articles/2026/10/story-482238?utm_source=share&utm_medium=link&ref=sfp-seed
cthD,https://news.example.invalid/articles/2026/10/story-2972505?utm_source=share&utm_medium=link&ref=sfp-seed
dbhR,https://news.example.invalid/articles/2026/10/story-3141655?utm_source=share&utm_medium=link&ref=sfp-seed
v10J,https://news.example.invalid/articles/2026/10/story-7392057?utm_source=share&utm_medium=link&ref=sfp-seed
kCX7,https://news.example.invalid/articles/2026/10/story-4916297?utm_source=share&utm_medium=link&ref=sfp-seed
qYHq,https://news.example.invalid/articles/2026/10/story-6429860?utm_source=share&utm_medium=link&ref=sfp-seed
wFXI,https://news.example.invalid/articles/2026/10/story-7787802?utm_source=share&utm_medium=link&ref=sfp-seed
EqaM,https://news.example.invalid/articles/2026/10/story-9633732?utm_source=share&utm_medium=link&ref=sfp-seed
DEFo,https://news.example.invalid/articles/2026/10/story-9451118?utm_source=share&utm_medium=link&ref=sfp-seed
xFBK,https://news.example.invalid/articles/2026/10/story-8024768?utm_source=share&utm_medium=link&ref=sfp-seed
oloC,https://news.example.invalid/articles/2026/10/story-5802122?utm_source=share&utm_medium=link&ref=sfp-seed
fjCC,https://news.example.invalid/articles/2026/10/story-3650350?utm_source=share&utm_medium=link&ref=sfp-seed
2msa,https://news.example.invalid/articles/2026/10/story-562970?utm_source=share&utm_medium=link&ref=sfp-seed
yWjN,https://news.example.invalid/articles/2026/10/story-8327331?utm_source=share&utm_medium=link&ref=sfp-seed
tlgS,https://news.example.invalid/articles/2026/10/story-6993282?utm_source=share&utm_medium=link&ref=sfp-seed
iOOC,https://news.example.invalid/articles/2026/10/story-4485242?utm_source=share&utm_medium=link&ref=sfp-seed
1Ts6,https://news.example.invalid/articles/2026/10/story-451490?utm_source=share&utm_medium=link&ref=sfp-seed
kApC,https://news.example.invalid/articles/2026/10/story-4906532?utm_source=share&utm_medium=link&ref=sfp-seed
aRSu,https://news.example.invalid/articles/2026/10/story-2590390?utm_source=share&utm_medium=link&ref=sfp-seed
ndA1,https://news.example.invalid/articles/2026/10/story-5533749?utm_source=share&utm_medium=link&ref=sfp-seed
b2x4,https://news.example.invalid/articles/2026/10/story-2631346?utm_source=share&utm_medium=link&ref=sfp-seed
u8t4,https://news.example.invalid/articles/2026/10/story-7182394?utm_source=share&utm_medium=link&ref=sfp-seed
dj2m,https://news.example.invalid/articles/2026/10/story-3171446?utm_source=share&utm_medium=link&ref=sfp-seed
hYS4,https://news.example.invalid/articles/2026/10/story-4285568?utm_source=share&utm_medium=link&ref=sfp-seed
g15H,https://news.example.invalid/articles/2026/10/story-3817445?utm_source=share&utm_medium=link&ref=sfp-seed
2e3u,https://news.example.invalid/articles/2026/10/story-530688?utm_source=share&utm_medium=link&ref=sfp-seed
raK4,https://news.example.invalid/articles/2026/10/story-6476152?utm_source=share&utm_medium=link&ref=sfp-seed
eb6a,https://news.example.invalid/articles/2026/10/story-3379258?utm_source=share&utm_medium=link&ref=sfp-seed
nPrl,https://news.example.invalid/articles/2026/10/story-5679283?utm_source=share&utm_medium=link&ref=sfp-seed
ceSm,https://news.example.invalid/articles/2026/10/story-2917122?utm_source=share&utm_medium=link&ref=sfp-seed
ljSK,https://news.example.invalid/articles/2026/10/story-5081318?utm_source=share&utm_medium=link&ref=sfp-seed
ERkT,https://news.example.invalid/articles/2026/10/story-9738147?utm_source=share&utm_medium=link&ref=sfp-seed
zC4Z,https://news.example.invalid/articles/2026/10/story-8487861?utm_source=share&utm_medium=link&ref=sfp-seed
ClFk,https://news.example.invalid/articles/2026/10/story-9139750?utm_source=share&utm_medium=link&ref=sfp-seed
qus2,https://news.example.invalid/articles/2026/10/story-6313586?utm_source=share&utm_medium=link&ref=sfp-seed
iput,https://news.example.invalid/articles/2026/10/story-4387893?utm_source=share&utm_medium=link&ref=sfp-seed
xa2n,https://news.example.invalid/articles/2026/10/story-7903411?utm_source=share&utm_medium=link&ref=sfp-seed
wLCa,https://news.example.invalid/articles/2026/10/story-7809530?utm_source=share&utm_medium=link&ref=sfp-seed
xsU8,https://news.example.invalid/articles/2026/10/story-7975936?utm_source=share&utm_medium=link&ref=sfp-seed
juQ3,https://news.example.invalid/articles/2026/10/story-4646779?utm_source=share&utm_medium=link&ref=sfp-seed
iFYd,https://news.example.invalid/articles/2026/10/story-4451241?utm_source=share&utm_medium=link&ref=sfp-seed
qfza,https://news.example.invalid/articles/2026/10/story-6256368?utm_source=share&utm_medium=link&ref=sfp-seed
Ahcs,https://news.example.invalid/articles/2026/10/story-8645928?utm_source=share&utm_medium=link&ref=sfp-seed
xfhP,https://news.example.invalid/articles/2026/10/story-7923589?utm_source=share&utm_medium=link&ref=sfp-seed
9p65,https://news.example.invalid/articles/2026/10/story-2241429?utm_source=share&utm_medium=link&ref=sfp-seed
jPY1,https://news.example.invalid/articles/2026/10/story-4727997?utm_source=share&utm_medium=link&ref=sfp-seed
hbFa,https://news.example.invalid/articles/2026/10/story-4096412?utm_source=share&utm_medium=link&ref=sfp-seed
FNLs,https://news.example.invalid/articles/2026/10/story-9962746?utm_source=share&utm_medium=link&ref=sfp-seed
tlfv,https://news.example.invalid/articles/2026/10/story-6993197?utm_source=share&utm_medium=link&ref=sfp-seed
rgYz,https://news.example.invalid/articles/2026/10/story-6500115?utm_source=share&utm_medium=link&ref=sfp-seed
iwUq,https://news.example.invalid/articles/2026/10/story-4416410?utm_source=share&utm_medium=link&ref=sfp-seed
zCuF,https://news.example.invalid/articles/2026/10/story-8489453?utm_source=share&utm_medium=link&ref=sfp-seed
8YeC,https://news.example.invalid/articles/2026/10/story-2138170?utm_source=share&utm_medium=link&ref=sfp-seed
jj1t,https://news.example.invalid/articles/2026/10/story-4601359?utm_source=share&utm_medium=link&ref=sfp-seed
1zu1,https://news.example.invalid/articles/2026/10/story-374729?utm_source=share&utm_medium=link&ref=sfp-seed
cFrF,https://news.example.invalid/articles/2026/10/story-3019255?utm_source=share&utm_medium=link&ref=sfp-seed
CoXk,https://news.example.invalid/articles/2026/10/story-9152398?utm_source=share&utm_medium=link&ref=sfp-seed
bBfQ,https://news.example.invalid/articles/2026/10/story-2764818?utm_source=share&utm_medium=link&ref=sfp-seed
yoJh,https://news.example.invalid/articles/2026/10/story-8198215?utm_source=share&utm_medium=link&ref=sfp-seed
bT8X,https://news.example.invalid/articles/2026/10/story-2833583?utm_source=share&utm_medium=link&ref=sfp-seed
pRKi,https://news.example.invalid/articles/2026/10/story-6164802?utm_source=share&utm_medium=link&ref=sfp-seed
2lXt,https://news.example.invalid/articles/2026/10/story-561067?utm_source=share&utm_medium=link&ref=sfp-seed
uPG8,https://news.example.invalid/articles/2026/10/story-7348496?utm_source=share&utm_medium=link&ref=sfp-seed
tHVA,https://news.example.invalid/articles/2026/10/story-7080374?utm_source=share&utm_medium=link&ref=sfp-seed
B9DG,https://news.example.invalid/articles/2026/10/story-8855192?utm_source=share&utm_medium=link&ref=sfp-seed
p9eS,https://news.example.invalid/articles/2026/10/story-5993718?utm_source=share&utm_medium=link&ref=sfp-seed
roGX,https://news.example.invalid/articles/2026/10/story-6529775?utm_source=share&utm_medium=link&ref=sfp-seed
89GW,https://news.example.invalid/articles/2026/10/story-1943882?utm_source=share&utm_medium=link&ref=sfp-seed
bssh,https://news.example.invalid/articles/2026/10/story-2730993?utm_source=share&utm_medium=link&ref=sfp-seed
iJrK,https://news.example.invalid/articles/2026/10/story-4464604?utm_source=share&utm_medium=link&ref=sfp-seed
67b4,https://news.example.invalid/articles/2026/10/story-1457562?utm_source=share&utm_medium=link&ref=sfp-seed
qoO2,https://news.example.invalid/articles/2026/10/story-6291886?utm_source=share&utm_medium=link&ref=sfp-seed
mHWg,https://news.example.invalid/articles/2026/10/story-5412120?utm_source=share&utm_medium=link&ref=sfp-seed
lLO4,https://news.example.invalid/articles/2026/10/story-5188660?utm_source=share&utm_medium=link&ref=sfp-seed
FNoG,https://news.example.invalid/articles/2026/10/story-9961334?utm_source=share&utm_medium=link&ref=sfp-seed
z9rb,https://news.example.invalid/articles/2026/10/story-8377761?utm_source=share&utm_medium=link&ref=sfp-seed
1LHB,https://news.example.invalid/articles/2026/10/story-421699?utm_source=share&utm_medium=link&ref=sfp-seed
DTmW,https://news.example.invalid/articles/2026/10/story-9507634?utm_source=share&utm_medium=link&ref=sfp-seed
FGNJ,https://news.example.invalid/articles/2026/10/story-9935979?utm_source=share&utm_medium=link&ref=sfp-seed
1oSr,https://news.example.invalid/articles/2026/10/story-333959?utm_source=share&utm_medium=link&ref=sfp-seed
v4T9,https://news.example.invalid/articles/2026/10/story-7406963?utm_source=share&utm_medium=link&ref=sfp-seed
3Zl2,https://news.example.invalid/articles/2026/10/story-950772?utm_source=share&utm_medium=link&ref=sfp-seed
65sH,https://news.example.invalid/articles/2026/10/story-1450967?utm_source=share&utm_medium=link&ref=sfp-seed
aOOh,https://news.example.invalid/articles/2026/10/story-2578597?utm_source=share&utm_medium=link&ref=sfp-seed
v9Fa,https://news.example.invalid/articles/2026/10/story-7425316?utm_source=share&utm_medium=link&ref=sfp-seed
5mEw,https://news.example.invalid/articles/2026/10/story-1278720?utm_source=share&utm_medium=link&ref=sfp-seed
2f79,https://news.example.invalid/articles/2026/10/story-534759?utm_source=share&utm_medium=link&ref=sfp-seed
bPLx,https://news.example.invalid/articles/2026/10/story-2820599?utm_source=share&utm_medium=link&ref=sfp-seed
8BmC,https://news.example.invalid/articles/2026/10/story-2050254?utm_source=share&utm_medium=link&ref=sfp-seed
f8a8,https://news.example.invalid/articles/2026/10/story-3606300?utm_source=share&utm_medium=link&ref=sfp-seed
fNa6,https://news.example.invalid/articles/2026/10/story-3763902?utm_source=share&utm_medium=link&ref=sfp-seed
bQR7,https://news.example.invalid/articles/2026/10/story-2824789?utm_source=share&utm_medium=link&ref=sfp-seed
776Y,https://news.example.invalid/articles/2026/10/story-1695636?utm_source=share&utm_medium=link&ref=sfp-seed
sPsx,https://news.example.invalid/articles/2026/10/story-6870997?utm_source=share&utm_medium=link&ref=sfp-seed
9VS,https://news.example.invalid/articles/2026/10/story-38184?utm_source=share&utm_medium=link&ref=sfp-seed
70Z9,https://news.example.invalid/articles/2026/10/story-1672087?utm_source=share&utm_medium=link&ref=sfp-seed
eWdi,https://news.example.invalid/articles/2026/10/story-3560368?utm_source=share&utm_medium=link&ref=sfp-seed
yC59,https://news.example.invalid/articles/2026/10/story-8249543?utm_source=share&utm_medium=link&ref=sfp-seed
nCmx,https://news.example.invalid/articles/2026/10/story-5629013?utm_source=share&utm_medium=link&ref=sfp-seed
l9N9,https://news.example.invalid/articles/2026/10/story-5042531?utm_source=share&utm_medium=link&ref=sfp-seed
aoO8,https://news.example.invalid/articles/2026/10/story-2478644?utm_source=share&utm_medium=link&ref=sfp-seed
sbIZ,https://news.example.invalid/articles/2026/10/story-6718257?utm_source=share&utm_medium=link&ref=sfp-seed
8JwW,https://news.example.invalid/articles/2026/10/story-2081646?utm_source=share&utm_medium=link&ref=sfp-seed
y2KA,https://news.example.invalid/articles/2026/10/story-8113728?utm_source=share&utm_medium=link&ref=sfp-seed
x0sL,https://news.example.invalid/articles/2026/10/story-7866607?utm_source=share&utm_medium=link&ref=sfp-seed
vWBU,https://news.example.invalid/articles/2026/10/story-7613470?utm_source=share&utm_medium=link&ref=sfp-seed
AffA,https://news.example.invalid/articles/2026/10/story-8638434?utm_source=share&utm_medium=link&ref=sfp-seed
3ltZ,https://news.example.invalid/articles/2026/10/story-797567?utm_source=share&utm_medium=link&ref=sfp-seed
mKyX,https://news.example.invalid/articles/2026/10/story-5422207?utm_source=share&utm_medium=link&ref=sfp-seed
vVeb,https://news.example.invalid/articles/2026/10/story-7608155?utm_source=share&utm_medium=link&ref=sfp-seed
rRIv,https://news.example.invalid/articles/2026/10/story-6641347?utm_source=share&utm_medium=link&ref=sfp-seed
Cy4L,https://news.example.invalid/articles/2026/10/story-9187455?utm_source=share&utm_medium=link&ref=sfp-seed
vgrN,https://news.example.invalid/articles/2026/10/story-7451395?utm_source=share&utm_medium=link&ref=sfp-seed
1i7A,https://news.example.invalid/articles/2026/10/story-307990?utm_source=share&utm_medium=link&ref=sfp-seed
syPG,https://news.example.invalid/articles/2026/10/story-6807084?utm_source=share&utm_medium=link&ref=sfp-seed
gMAU,https://news.example.invalid/articles/2026/10/story-4000048?utm_source=share&utm_medium=link&ref=sfp-seed
2LHy,https://news.example.invalid/articles/2026/10/story-660024?utm_source=share&utm_medium=link&ref=sfp-seed
9YDU,https://news.example.invalid/articles/2026/10/story-2378066?utm_source=share&utm_medium=link&ref=sfp-seed
3gOX,https://news.example.invalid/articles/2026/10/story-779647?utm_source=share&utm_medium=link&ref=sfp-seed
neMO,https://news.example.invalid/articles/2026/10/story-5538386?utm_source=share&utm_medium=link&ref=sfp-seed
gqg,https://news.example.invalid/articles/2026/10/story-63132?utm_source=share&utm_medium=link&ref=sfp-seed
DJKe,https://news.example.invalid/articles/2026/10/story-9470638?utm_source=share&utm_medium=link&ref=sfp-seed
iokh,https://news.example.invalid/articles/2026/10/story-4383417?utm_source=share&utm_medium=link&ref=sfp-seed
XtQ,https://news.example.invalid/articles/2026/10/story-228646?utm_source=share&utm_medium=link&ref=sfp-seed
gJRp,https://news.example.invalid/articles/2026/10/story-3989539?utm_source=share&utm_medium=link&ref=sfp-seed
l79R,https://news.example.invalid/articles/2026/10/story-5032407?utm_source=share&utm_medium=link&ref=sfp-seed
lBU3,https://news.example.invalid/articles/2026/10/story-5150591?utm_source=share&utm_medium=link&ref=sfp-seed
cBC9,https://news.example.invalid/articles/2026/10/story-3004529?utm_source=share&utm_medium=link&ref=sfp-seed
xKi2,https://news.example.invalid/articles/2026/10/story-8042766?utm_source=share&utm_medium=link&ref=sfp-seed
5cvn,https://news.example.invalid/articles/2026/10/story-1239713?utm_source=share&utm_medium=link&ref=sfp-seed
oHMV,https://news.example.invalid/articles/2026/10/story-5888197?utm_source=share&utm_medium=link&ref=sfp-seed
xR5A,https://news.example.invalid/articles/2026/10/story-8068902?utm_source=share&utm_medium=link&ref=sfp-seed
D2Z,https://news.example.invalid/articles/2026/10/story-150101?utm_source=share&utm_medium=link&ref=sfp-seed
dsWe,https://news.example.invalid/articles/2026/10/story-3209506?utm_source=share&utm_medium=link&ref=sfp-seed
9GiH,https://news.example.invalid/articles/2026/10/story-2307559?utm_source=share&utm_medium=link&ref=sfp-seed
zJFt,https://news.example.invalid/articles/2026/10/story-8517031?utm_source=share&utm_medium=link&ref=sfp-seed
EOGB,https://news.example.invalid/articles/2026/10/story-9727961?utm_source=share&utm_medium=link&ref=sfp-seed
h2Q2,https://news.example.invalid/articles/2026/10/story-4062490?utm_source=share&utm_medium=link&ref=sfp-seed
eYif,https://news.example.invalid/articles/2026/10/story-3568363?utm_source=share&utm_medium=link&ref=sfp-seed
oNOC,https://news.example.invalid/articles/2026/10/story-5911366?utm_source=share&utm_medium=link&ref=sfp-seed
FNqH,https://news.example.invalid/articles/2026/10/story-9961459?utm_source=share&utm_medium=link&ref=sfp-seed
qqzy,https://news.example.invalid/articles/2026/10/story-6298676?utm_source=share&utm_medium=link&ref=sfp-seed
pn3T,https://news.example.invalid/articles/2026/10/story-6046853?utm_source=share&utm_medium=link&ref=sfp-seed
xklU,https://news.example.invalid/articles/2026/10/story-7943062?utm_source=share&utm_medium=link&ref=sfp-seed
2n7v,https://news.example.invalid/articles/2026/10/story-565533?utm_source=share&utm_medium=link&ref=sfp-seed
936K,https://news.example.invalid/articles/2026/10/story-2156902?utm_source=share&utm_medium=link&ref=sfp-seed
rJRC,https://news.example.invalid/articles/2026/10/story-6611160?utm_source=share&utm_medium=link&ref=sfp-seed
1oSa,https://news.example.invalid/articles/2026/10/story-333942?utm_source=share&utm_medium=link&ref=sfp-seed
c1xK,https://news.example.invalid/articles/2026/10/story-2865872?utm_source=share&utm_medium=link&ref=sfp-seed
9rVw,https://news.example.invalid/articles/2026/10/story-2252306?utm_source=share&utm_medium=link&ref=sfp-seed
yn8t,https://news.example.invalid/articles/2026/10/story-8192089?utm_source=share&utm_medium=link&ref=sfp-seed
AnKL,https://news.example.invalid/articles/2026/10/story-8671119?utm_source=share&utm_medium=link&ref=sfp-seed
vw6i,https://news.example.invalid/articles/2026/10/story-7511566?utm_source=share&utm_medium=link&ref=sfp-seed
FIgk,https://news.example.invalid/articles/2026/10/story-9941596?utm_source=share&utm_medium=link&ref=sfp-seed
wXe8,https://news.example.invalid/articles/2026/10/story-7854168?utm_source=share&utm_medium=link&ref=sfp-seed
rYN3,https://news.example.invalid/articles/2026/10/story-6668537?utm_source=share&utm_medium=link&ref=sfp-seed
ykoN,https://news.example.invalid/articles/2026/10/story-8181569?utm_source=share&utm_medium=link&ref=sfp-seed
bUHE,https://news.example.invalid/articles/2026/10/story-2839578?utm_source=share&utm_medium=link&ref=sfp-seed
AVp0,https://news.example.invalid/articles/2026/10/story-8800466?utm_source=share&utm_medium=link&ref=sfp-seed
3kk6,https://news.example.invalid/articles/2026/10/story-793110?utm_source=share&utm_medium=link&ref=sfp-seed
huuz,https://news.example.invalid/articles/2026/10/story-4168791?utm_source=share&utm_medium=link&ref=sfp-seed
tDmN,https://news.example.invalid/articles/2026/10/story-7062841?utm_source=share&utm_medium=link&ref=sfp-seed
l8C5,https://news.example.invalid/articles/2026/10/story-5038001?utm_source=share&utm_medium=link&ref=sfp-seed
lNLH,https://news.example.invalid/articles/2026/10/story-5196201?utm_source=share&utm_medium=link&ref=sfp-seed
5tWo,https://news.example.invalid/articles/2026/10/story-1306736?utm_source=share&utm_medium=link&ref=sfp-seed
nUxi,https://news.example.invalid/articles/2026/10/story-5698872?utm_source=share&utm_medium=link&ref=sfp-seed
akq9,https://news.example.invalid/articles/2026/10/story-2461781?utm_source=share&utm_medium=link&ref=sfp-seed
sqP4,https://news.example.invalid/articles/2026/10/story-6776294?utm_source=share&utm_medium=link&ref=sfp-seed
kW15,https://news.example.invalid/articles/2026/10/story-4989579?utm_source=share&utm_medium=link&ref=sfp-seed
3ua8,https://news.example.invalid/articles/2026/10/story-830932?utm_source=share&utm_medium=link&ref=sfp-seed
5PIm,https://news.example.invalid/articles/2026/10/story-1390434?utm_source=share&utm_medium=link&ref=sfp-seed
tnBj,https://news.example.invalid/articles/2026/10/story-7002237?utm_source=share&utm_medium=link&ref=sfp-seed
o4hb,https://news.example.invalid/articles/2026/10/story-5736313?utm_source=share&utm_medium=link&ref=sfp-seed
iG2d,https://news.example.invalid/articles/2026/10/story-4451489?utm_source=share&utm_medium=link&ref=sfp-seed
n2jj,https://news.example.invalid/articles/2026/10/story-5490429?utm_source=share&utm_medium=link&ref=sfp-seed
AqW5,https://news.example.invalid/articles/2026/10/story-8683353?utm_source=share&utm_medium=link&ref=sfp-seed
4L2p,https://news.example.invalid/articles/2026/10/story-1134129?utm_source=share&utm_medium=link&ref=sfp-seed
h16z,https://news.example.invalid/articles/2026/10/story-4055827?utm_source=share&utm_medium=link&ref=sfp-seed
mBTF,https://news.example.invalid/articles/2026/10/story-5388895?utm_source=share&utm_medium=link&ref=sfp-seed
cX2j,https://news.example.invalid/articles/2026/10/story-3086875?utm_source=share&utm_medium=link&ref=sfp-seed
20zb,https://news.example.invalid/articles/2026/10/story-478837?utm_source=share&utm_medium=link&ref=sfp-seed
BAGH,https://news.example.invalid/articles/2026/10/story-8959167?utm_source=share&utm_medium=link&ref=sfp-seed
y7ut,https://news.example.invalid/articles/2026/10/story-8131949?utm_source=share&utm_medium=link&ref=sfp-seed
gOPo,https://news.example.invalid/articles/2026/10/story-4008634?utm_source=share&utm_medium=link&ref=sfp-seed
Bh9o,https://news.example.invalid/articles/2026/10/story-8884066?utm_source=share&utm_medium=link&ref=sfp-seed
rJgw,https://news.example.invalid/articles/2026/10/story-6608860?utm_source=share&utm_medium=link&ref=sfp-seed
eEi0,https://news.example.invalid/articles/2026/10/story-3491468?utm_source=share&utm_medium=link&ref=sfp-seed
baUr,https://news.example.invalid/articles/2026/10/story-2663547?utm_source=share&utm_medium=link&ref=sfp-seed
jO9w,https://news.example.invalid/articles/2026/10/story-4721022?utm_source=share&utm_medium=link&ref=sfp-seed
hmCN,https://news.example.invalid/articles/2026/10/story-4138549?utm_source=share&utm_medium=link&ref=sfp-seed
6KAq,https://news.example.invalid/articles/2026/10/story-1609050?utm_source=share&utm_medium=link&ref=sfp-seed
cYZ8,https://news.example.invalid/articles/2026/10/story-3094366?utm_source=share&utm_medium=link&ref=sfp-seed
3OpX,https://news.example.invalid/articles/2026/10/story-908793?utm_source=share&utm_medium=link&ref=sfp-seed
9DpV,https://news.example.invalid/articles/2026/10/story-2296475?utm_source=share&utm_medium=link&ref=sfp-seed
CPHG,https://news.example.invalid/articles/2026/10/story-9255216?utm_source=share&utm_medium=link&ref=sfp-seed
98KY,https://news.example.invalid/articles/2026/10/story-2178616?utm_source=share&utm_medium=link&ref=sfp-seed
5feW,https://news.example.invalid/articles/2026/10/story-1250226?utm_source=share&utm_medium=link&ref=sfp-seed
fIUt,https://news.example.invalid/articles/2026/10/story-3747557?utm_source=share&utm_medium=link&ref=sfp-seed
nQot,https://news.example.invalid/articles/2026/10/story-5682949?utm_source=share&utm_medium=link&ref=sfp-seed
CgDB,https://news.example.invalid/articles/2026/10/story-9120423?utm_source=share&utm_medium=link&ref=sfp-seed
l29s,https://news.example.invalid/articles/2026/10/story-5013162?utm_source=share&utm_medium=link&ref=sfp-seed
zPVe,https://news.example.invalid/articles/2026/10/story-8541072?utm_source=share&utm_medium=link&ref=sfp-seed
tuDq,https://news.example.invalid/articles/2026/10/story-7029276?utm_source=share&utm_medium=link&ref=sfp-seed
AflL,https://news.example.invalid/articles/2026/10/story-8638817?utm_source=share&utm_medium=link&ref=sfp-seed
ddEq,https://news.example.invalid/articles/2026/10/story-3150742?utm_source=share&utm_medium=link&ref=sfp-seed
z4AS,https://news.example.invalid/articles/2026/10/story-8359142?utm_source=share&utm_medium=link&ref=sfp-seed
3uyI,https://news.example.invalid/articles/2026/10/story-832456?utm_source=share&utm_medium=link&ref=sfp-seed
AomQ,https://news.example.invalid/articles/2026/10/story-8673480?utm_source=share&utm_medium=link&ref=sfp-seed
lkx6,https://news.example.invalid/articles/2026/10/story-5083820?utm_source=share&utm_medium=link&ref=sfp-seed
yNpy,https://news.example.invalid/articles/2026/10/story-8293092?utm_source=share&utm_medium=link&ref=sfp-seed
yii,https://news.example.invalid/articles/2026/10/story-131830?utm_source=share&utm_medium=link&ref=sfp-seed
9JSG,https://news.example.invalid/articles/2026/10/story-2321322?utm_source=share&utm_medium=link&ref=sfp-seed
DCvG,https://news.example.invalid/articles/2026/10/story-9442828?utm_source=share&utm_medium=link&ref=sfp-seed
4OvJ,https://news.example.invalid/articles/2026/10/story-1147479?utm_source=share&utm_medium=link&ref=sfp-seed
oAcm,https://news.example.invalid/articles/2026/10/story-5859022?utm_source=share&utm_medium=link&ref=sfp-seed
5Spl,https://news.example.invalid/articles/2026/10/story-1400787?utm_source=share&utm_medium=link&ref=sfp-seed
GEh,https://news.example.invalid/articles/2026/10/story-163945?utm_source=share&utm_medium=link&ref=sfp-seed
ftTg,https://news.example.invalid/articles/2026/10/story-3689822?utm_source=share&utm_medium=link&ref=sfp-seed
Az5T,https://news.example.invalid/articles/2026/10/story-8714713?utm_source=share&utm_medium=link&ref=sfp-seed
v3fQ,https://news.example.invalid/articles/2026/10/story-7400682?utm_source=share&utm_medium=link&ref=sfp-seed
wLfP,https://news.example.invalid/articles/2026/10/story-7808145?utm_source=share&utm_medium=link&ref=sfp-seed
65uk,https://news.example.invalid/articles/2026/10/story-1451068?utm_source=share&utm_medium=link&ref=sfp-seed
AISj,https://news.example.invalid/articles/2026/10/story-8752311?utm_source=share&utm_medium=link&ref=sfp-seed
c6Mg,https://news.example.invalid/articles/2026/10/story-2885992?utm_source=share&utm_medium=link&ref=sfp-seed
n2jp,https://news.example.invalid/articles/2026/10/story-5490435?utm_source=share&utm_medium=link&ref=sfp-seed
d3hs,https://news.example.invalid/articles/2026/10/story-3110878?utm_source=share&utm_medium=link&ref=sfp-seed
hhdE,https://news.example.invalid/articles/2026/10/story-4117770?utm_source=share&utm_medium=link&ref=sfp-seed
q2Ns,https://news.example.invalid/articles/2026/10/story-6207282?utm_source=share&utm_medium=link&ref=sfp-seed
79AW,https://news.example.invalid/articles/2026/10/story-1705182?utm_source=share&utm_medium=link&ref=sfp-seed
2nMy,https://news.example.invalid/articles/2026/10/story-568078?utm_source=share&utm_medium=link&ref=sfp-seed
zrfj,https://news.example.invalid/articles/2026/10/story-8446217?utm_source=share&utm_medium=link&ref=sfp-seed
xB0C,https://news.example.invalid/articles/2026/10/story-8007090?utm_source=share&utm_medium=link&ref=sfp-seed
ejn1,https://news.example.invalid/articles/2026/10/story-3411055?utm_source=share&utm_medium=link&ref=sfp-seed
4tKw,https://news.example.invalid/articles/2026/10/story-1067672?utm_source=share&utm_medium=link&ref=sfp-seed
7U63,https://news.example.invalid/articles/2026/10/story-1883935?utm_source=share&utm_medium=link&ref=sfp-seed
1sMk,https://news.example.invalid/articles/2026/10/story-348956?utm_source=share&utm_medium=link&ref=sfp-seed
rtAa,https://news.example.invalid/articles/2026/10/story-6548574?utm_source=share&utm_medium=link&ref=sfp-seed
865g,https://news.example.invalid/articles/2026/10/story-1930014?utm_source=share&utm_medium=link&ref=sfp-seed
umzf,https://news.example.invalid/articles/2026/10/story-7236593?utm_source=share&utm_medium=link&ref=sfp-seed
rCri,https://news.example.invalid/articles/2026/10/story-6582620?utm_source=share&utm_medium=link&ref=sfp-seed
gmeY,https://news.example.invalid/articles/2026/10/story-3898744?utm_source=share&utm_medium=link&ref=sfp-seed
fcm9,https://news.example.invalid/articles/2026/10/story-3622421?utm_source=share&utm_medium=link&ref=sfp-seed
okd4,https://news.example.invalid/articles/2026/10/story-5797562?utm_source=share&utm_medium=link&ref=sfp-seed
mHr4,https://news.example.invalid/articles/2026/10/story-5410186?utm_source=share&utm_medium=link&ref=sfp-seed
admy,https://news.example.invalid/articles/2026/10/story-2434650?utm_source=share&utm_medium=link&ref=sfp-seed
7FVg,https://news.example.invalid/articles/2026/10/story-1829450?utm_source=share&utm_medium=link&ref=sfp-seed
5rF1,https://news.example.invalid/articles/2026/10/story-1297971?utm_source=share&utm_medium=link&ref=sfp-seed
7NZs,https://news.example.invalid/articles/2026/10/story-1860462?utm_source=share&utm_medium=link&ref=sfp-seed
d18m,https://news.example.invalid/articles/2026/10/story-3102626?utm_source=share&utm_medium=link&ref=sfp-seed
pEIB,https://news.example.invalid/articles/2026/10/story-6114725?utm_source=share&utm_medium=link&ref=sfp-seed
b7hr,https://news.example.invalid/articles/2026/10/story-2649597?utm_source=share&utm_medium=link&ref=sfp-seed
mDkW,https://news.example.invalid/articles/2026/10/story-5394430?utm_source=share&utm_medium=link&ref=sfp-seed
kSt7,https://news.example.invalid/articles/2026/10/story-4975941?utm_source=share&utm_medium=link&ref=sfp-seed
xPyJ,https://news.example.invalid/articles/2026/10/story-8063021?utm_source=share&utm_medium=link&ref=sfp-seed
kP1X,https://news.example.invalid/articles/2026/10/story-4962725?utm_source=share&utm_medium=link&ref=sfp-seed
5fo7,https://news.example.invalid/articles/2026/10/story-1250795?utm_source=share&utm_medium=link&ref=sfp-seed
EVyj,https://news.example.invalid/articles/2026/10/story-9754355?utm_source=share&utm_medium=link&ref=sfp-seed
9JpO,https://news.example.invalid/articles/2026/10/story-2319532?utm_source=share&utm_medium=link&ref=sfp-seed
fV73,https://news.example.invalid/articles/2026/10/story-3794465?utm_source=share&utm_medium=link&ref=sfp-seed
fLXy,https://news.example.invalid/articles/2026/10/story-3759280?utm_source=share&utm_medium=link&ref=sfp-seed
FLnv,https://news.example.invalid/articles/2026/10/story-9953573?utm_source=share&utm_medium=link&ref=sfp-seed
5Etu,https://news.example.invalid/articles/2026/10/story-1347228?utm_source=share&utm_medium=link&ref=sfp-seed
v0gP,https://news.example.invalid/articles/2026/10/story-7389211?utm_source=share&utm_medium=link&ref=sfp-seed
eKnV,https://news.example.invalid/articles/2026/10/story-3514899?utm_source=share&utm_medium=link&ref=sfp-seed
fCyy,https://news.example.invalid/articles/2026/10/story-3723134?utm_source=share&utm_medium=link&ref=sfp-seed
1W6n,https://news.example.invalid/articles/2026/10/story-461675?utm_source=share&utm_medium=link&ref=sfp-seed
3EDZ,https://news.example.invalid/articles/2026/10/story-871223?utm_source=share&utm_medium=link&ref=sfp-seed
BuqB,https://news.example.invalid/articles/2026/10/story-8935105?utm_source=share&utm_medium=link&ref=sfp-seed
qyHp,https://news.example.invalid/articles/2026/10/story-6329915?utm_source=share&utm_medium=link&ref=sfp-seed
htKn,https://news.example.invalid/articles/2026/10/story-4165927?utm_source=share&utm_medium=link&ref=sfp-seed
ifz8,https://news.example.invalid/articles/2026/10/story-4349742?utm_source=share&utm_medium=link&ref=sfp-seed
7Uom,https://news.example.invalid/articles/2026/10/story-1885070?utm_source=share&utm_medium=link&ref=sfp-seed
ir0O,https://news.example.invalid/articles/2026/10/story-4393742?utm_source=share&utm_medium=link&ref=sfp-seed
cdxr,https://news.example.invalid/articles/2026/10/story-2911981?utm_source=share&utm_medium=link&ref=sfp-seed
tKYE,https://news.example.invalid/articles/2026/10/story-7092096?utm_source=share&utm_medium=link&ref=sfp-seed
9j1F,https://news.example.invalid/articles/2026/10/story-2218091?utm_source=share&utm_medium=link&ref=sfp-seed
NVZ,https://news.example.invalid/articles/2026/10/story-191951?utm_source=share&utm_medium=link&ref=sfp-seed
sHtK,https://news.example.invalid/articles/2026/10/story-6840320?utm_source=share&utm_medium=link&ref=sfp-seed
Bss7,https://news.example.invalid/articles/2026/10/story-8927511?utm_source=share&utm_medium=link&ref=sfp-seed
1ckE,https://news.example.invalid/articles/2026/10/story-285736?utm_source=share&utm_medium=link&ref=sfp-seed
5WSt,https://news.example.invalid/articles/2026/10/story-1417969?utm_source=share&utm_medium=link&ref=sfp-seed
uAZv,https://news.example.invalid/articles/2026/10/story-7292037?utm_source=share&utm_medium=link&ref=sfp-seed
uxdg,https://news.example.invalid/articles/2026/10/story-7277514?utm_source=share&utm_medium=link&ref=sfp-seed
ryWO,https://news.example.invalid/articles/2026/10/story-6569198?utm_source=share&utm_medium=link&ref=sfp-seed
nF8X,https://news.example.invalid/articles/2026/10/story-5639703?utm_source=share&utm_medium=link&ref=sfp-seed
nC0P,https://news.example.invalid/articles/2026/10/story-5627667?utm_source=share&utm_medium=link&ref=sfp-seed
tzLC,https://news.example.invalid/articles/2026/10/story-7049004?utm_source=share&utm_medium=link&ref=sfp-seed
dQ53,https://news.example.invalid/articles/2026/10/story-3298465?utm_source=share&utm_medium=link&ref=sfp-seed
9vzI,https://news.example.invalid/articles/2026/10/story-2266330?utm_source=share&utm_medium=link&ref=sfp-seed
AZBe,https://news.example.invalid/articles/2026/10/story-8816600?utm_source=share&utm_medium=link&ref=sfp-seed
yaww,https://news.example.invalid/articles/2026/10/story-8143608?utm_source=share&utm_medium=link&ref=sfp-seed
tvDR,https://news.example.invalid/articles/2026/10/story-7033147?utm_source=share&utm_medium=link&ref=sfp-seed
nrjo,https://news.example.invalid/articles/2026/10/story-5586534?utm_source=share&utm_medium=link&ref=sfp-seed
y9yv,https://news.example.invalid/articles/2026/10/story-8139887?utm_source=share&utm_medium=link&ref=sfp-seed
EKBZ,https://news.example.invalid/articles/2026/10/story-9712299?utm_source=share&utm_medium=link&ref=sfp-seed
DKYe,https://news.example.invalid/articles/2026/10/story-9475350?utm_source=share&utm_medium=link&ref=sfp-seed
qhfv,https://news.example.invalid/articles/2026/10/story-6262837?utm_source=share&utm_medium=link&ref=sfp-seed
zt9H,https://news.example.invalid/articles/2026/10/story-8453557?utm_source=share&utm_medium=link&ref=sfp-seed
wFPi,https://news.example.invalid/articles/2026/10/story-7787280?utm_source=share&utm_medium=link&ref=sfp-seed
7oRZ,https://news.example.invalid/articles/2026/10/story-1763899?utm_source=share&utm_medium=link&ref=sfp-seed
grTa,https://news.example.invalid/articles/2026/10/story-3920456?utm_source=share&utm_medium=link&ref=sfp-seed
FLWO,https://news.example.invalid/articles/2026/10/story-9955762?utm_source=share&utm_medium=link&ref=sfp-seed
c1jp,https://news.example.invalid/articles/2026/10/story-2864983?utm_source=share&utm_medium=link&ref=sfp-seed
vYUT,https://news.example.invalid/articles/2026/10/story-7622335?utm_source=share&utm_medium=link&ref=sfp-seed
2lQZ,https://news.example.invalid/articles/2026/10/story-560665?utm_source=share&utm_medium=link&ref=sfp-seed
5ZiC,https://news.example.invalid/articles/2026/10/story-1427278?utm_source=share&utm_medium=link&ref=sfp-seed
qpaV,https://news.example.invalid/articles/2026/10/story-6293305?utm_source=share&utm_medium=link&ref=sfp-seed
E0Yd,https://news.example.invalid/articles/2026/10/story-9536853?utm_source=share&utm_medium=link&ref=sfp-seed
iaKC,https://news.example.invalid/articles/2026/10/story-4331234?utm_source=share&utm_medium=link&ref=sfp-seed
CaGc,https://news.example.invalid/articles/2026/10/story-9097520?utm_source=share&utm_medium=link&ref=sfp-seed
asDQ,https://news.example.invalid/articles/2026/10/story-2493382?utm_source=share&utm_medium=link&ref=sfp-seed
AhlO,https://news.example.invalid/articles/2026/10/story-8646508?utm_source=share&utm_medium=link&ref=sfp-seed
exeW,https://news.example.invalid/articles/2026/10/story-3464370?utm_source=share&utm_medium=link&ref=sfp-seed
vHro,https://news.example.invalid/articles/2026/10/story-7555158?utm_source=share&utm_medium=link&ref=sfp-seed
qNq4,https://news.example.invalid/articles/2026/10/story-6386500?utm_source=share&utm_medium=link&ref=sfp-seed
cfoi,https://news.example.invalid/articles/2026/10/story-2919102?utm_source=share&utm_medium=link&ref=sfp-seed
xnso,https://news.example.invalid/articles/2026/10/story-7954996?utm_source=share&utm_medium=link&ref=sfp-seed
zMU8,https://news.example.invalid/articles/2026/10/story-8529472?utm_source=share&utm_medium=link&ref=sfp-seed
fehg,https://news.example.invalid/articles/2026/10/story-3629806?utm_source=share&utm_medium=link&ref=sfp-seed
yk9C,https://news.example.invalid/articles/2026/10/story-8180628?utm_source=share&utm_medium=link&ref=sfp-seed
if07,https://news.example.invalid/articles/2026/10/story-4347571?utm_source=share&utm_medium=link&ref=sfp-seed
eBfN,https://news.example.invalid/articles/2026/10/story-3479799?utm_source=share&utm_medium=link&ref=sfp-seed
kZNj,https://news.example.invalid/articles/2026/10/story-5004101?utm_source=share&utm_medium=link&ref=sfp-seed
izo0,https://news.example.invalid/articles/2026/10/story-4425932?utm_source=share&utm_medium=link&ref=sfp-seed
zBID,https://news.example.invalid/articles/2026/10/story-8486475?utm_source=share&utm_medium=link&ref=sfp-seed
pxOj,https://news.example.invalid/articles/2026/10/story-6088171?utm_source=share&utm_medium=link&ref=sfp-seed
eFR4,https://news.example.invalid/articles/2026/10/story-3497486?utm_source=share&utm_medium=link&ref=sfp-seed
dQGw,https://news.example.invalid/articles/2026/10/story-3300788?utm_source=share&utm_medium=link&ref=sfp-seed
s3O5,https://news.example.invalid/articles/2026/10/story-6687821?utm_source=share&utm_medium=link&ref=sfp-seed
nHzU,https://news.example.invalid/articles/2026/10/story-5649062?utm_source=share&utm_medium=link&ref=sfp-seed
n0UC,https://news.example.invalid/articles/2026/10/story-5485054?utm_source=share&utm_medium=link&ref=sfp-seed
inEA,https://news.example.invalid/articles/2026/10/story-4380832?utm_source=share&utm_medium=link&ref=sfp-seed
wn96,https://news.example.invalid/articles/2026/10/story-7715472?utm_source=share&utm_medium=link&ref=sfp-seed
kyqG,https://news.example.invalid/articles/2026/10/story-4898910?utm_source=share&utm_medium=link&ref=sfp-seed
xPkh,https://news.example.invalid/articles/2026/10/story-8062125?utm_source=share&utm_medium=link&ref=sfp-seed
wZXo,https://news.example.invalid/articles/2026/10/story-7864662?utm_source=share&utm_medium=link&ref=sfp-seed
AMiP,https://news.example.invalid/articles/2026/10/story-8765487?utm_source=share&utm_medium=link&ref=sfp-seed
dHjk,https://news.example.invalid/articles/2026/10/story-3264754?utm_source=share&utm_medium=link&ref=sfp-seed
DNpW,https://news.example.invalid/articles/2026/10/story-9484756?utm_source=share&utm_medium=link&ref=sfp-seed
esOQ,https://news.example.invalid/articles/2026/10/story-3447376?utm_source=share&utm_medium=link&ref=sfp-seed
dQm1,https://news.example.invalid/articles/2026/10/story-3299517?utm_source=share&utm_medium=link&ref=sfp-seed
4F8W,https://news.example.invalid/articles/2026/10/story-1111470?utm_source=share&utm_medium=link&ref=sfp-seed
7Mmz,https://news.example.invalid/articles/2026/10/story-1854207?utm_source=share&utm_medium=link&ref=sfp-seed
9twH,https://news.example.invalid/articles/2026/10/story-2258455?utm_source=share&utm_medium=link&ref=sfp-seed
1JF2,https://news.example.invalid/articles/2026/10/story-413852?utm_source=share&utm_medium=link&ref=sfp-seed
idxP,https://news.example.invalid/articles/2026/10/story-4341973?utm_source=share&utm_medium=link&ref=sfp-seed
fFNk,https://news.example.invalid/articles/2026/10/story-3735582?utm_source=share&utm_medium=link&ref=sfp-seed
zMRu,https://news.example.invalid/articles/2026/10/story-8529308?utm_source=share&utm_medium=link&ref=sfp-seed
endS,https://news.example.invalid/articles/2026/10/story-3425864?utm_source=share&utm_medium=link&ref=sfp-seed
BlzV,https://news.example.invalid/articles/2026/10/story-8901087?utm_source=share&utm_medium=link&ref=sfp-seed
4Wtr,https://news.example.invalid/articles/2026/10/story-1178089?utm_source=share&utm_medium=link&ref=sfp-seed
gPvH,https://news.example.invalid/articles/2026/10/story-4011257?utm_source=share&utm_medium=link&ref=sfp-seed
5eZc,https://news.example.invalid/articles/2026/10/story-1249250?utm_source=share&utm_medium=link&ref=sfp-seed
lBVB,https://news.example.invalid/articles/2026/10/story-5150687?utm_source=share&utm_medium=link&ref=sfp-seed
vXjq,https://news.example.invalid/articles/2026/10/story-7616168?utm_source=share&utm_medium=link&ref=sfp-seed
42zZ,https://news.example.invalid/articles/2026/10/story-963231?utm_source=share&utm_medium=link&ref=sfp-seed
aoka,https://news.example.invalid/articles/2026/10/story-2476786?utm_source=share&utm_medium=link&ref=sfp-seed
6MIj,https://news.example.invalid/articles/2026/10/story-1617227?utm_source=share&utm_medium=link&ref=sfp-seed
izFq,https://news.example.invalid/articles/2026/10/story-4427012?utm_source=share&utm_medium=link&ref=sfp-seed
fLvg,https://news.example.invalid/articles/2026/10/story-3757526?utm_source=share&utm_medium=link&ref=sfp-seed
CvoX,https://news.example.invalid/articles/2026/10/story-9177175?utm_source=share&utm_medium=link&ref=sfp-seed
g4Fu,https://news.example.invalid/articles/2026/10/story-3831196?utm_source=share&utm_medium=link&ref=sfp-seed
eDEc,https://news.example.invalid/articles/2026/10/story-3489000?utm_source=share&utm_medium=link&ref=sfp-seed
jRWg,https://news.example.invalid/articles/2026/10/story-4735576?utm_source=share&utm_medium=link&ref=sfp-seed
hCFN,https://news.example.invalid/articles/2026/10/story-4200239?utm_source=share&utm_medium=link&ref=sfp-seed
AB7x,https://news.example.invalid/articles/2026/10/story-8722503?utm_source=share&utm_medium=link&ref=sfp-seed
rpch,https://news.example.invalid/articles/2026/10/story-6531717?utm_source=share&utm_medium=link&ref=sfp-seed
8Hkv,https://news.example.invalid/articles/2026/10/story-2073187?utm_source=share&utm_medium=link&ref=sfp-seed
d18y,https://news.example.invalid/articles/2026/10/story-3102638?utm_source=share&utm_medium=link&ref=sfp-seed
jGOi,https://news.example.invalid/articles/2026/10/story-4692798?utm_source=share&utm_medium=link&ref=sfp-seed
brmv,https://news.example.invalid/articles/2026/10/story-2726791?utm_source=share&utm_medium=link&ref=sfp-seed
8glE,https://news.example.invalid/articles/2026/10/story-1969470?utm_source=share&utm_medium=link&ref=sfp-seed
FAXl,https://news.example.invalid/articles/2026/10/story-9913511?utm_source=share&utm_medium=link&ref=sfp-seed
CewQ,https://news.example.invalid/articles/2026/10/story-9112316?utm_source=share&utm_medium=link&ref=sfp-seed
yFjK,https://news.example.invalid/articles/2026/10/story-8261980?utm_source=share&utm_medium=link&ref=sfp-seed
thtt,https://news.example.invalid/articles/2026/10/story-6978687?utm_source=share&utm_medium=link&ref=sfp-seed
p9tS,https://news.example.invalid/articles/2026/10/story-5994648?utm_source=share&utm_medium=link&ref=sfp-seed
5chk,https://news.example.invalid/articles/2026/10/story-1238842?utm_source=share&utm_medium=link&ref=sfp-seed
ra0L,https://news.example.invalid/articles/2026/10/story-6473343?utm_source=share&utm_medium=link&ref=sfp-seed
43m2,https://news.example.invalid/articles/2026/10/story-966210?utm_source=share&utm_medium=link&ref=sfp-seed
oEFW,https://news.example.invalid/articles/2026/10/story-5876232?utm_source=share&utm_medium=link&ref=sfp-seed
3nSW,https://news.example.invalid/articles/2026/10/story-806802?utm_source=share&utm_medium=link&ref=sfp-seed
uuAN,https://news.example.invalid/articles/2026/10/story-7267441?utm_source=share&utm_medium=link&ref=sfp-seed
7uFj,https://news.example.invalid/articles/2026/10/story-1786177?utm_source=share&utm_medium=link&ref=sfp-seed
CbWy,https://news.example.invalid/articles/2026/10/story-9102378?utm_source=share&utm_medium=link&ref=sfp-seed
zh5j,https://news.example.invalid/articles/2026/10/story-8407157?utm_source=share&utm_medium=link&ref=sfp-seed
bGZK,https://news.example.invalid/articles/2026/10/story-2786884?utm_source=share&utm_medium=link&ref=sfp-seed
xBFW,https://news.example.invalid/articles/2026/10/story-8009652?utm_source=share&utm_medium=link&ref=sfp-seed
fOKr,https://news.example.invalid/articles/2026/10/story-3769999?utm_source=share&utm_medium=link&ref=sfp-seed
DH8Y,https://news.example.invalid/articles/2026/10/story-9460640?utm_source=share&utm_medium=link&ref=sfp-seed
eh7Y,https://news.example.invalid/articles/2026/10/story-3402434?utm_source=share&utm_medium=link&ref=sfp-seed
cipS,https://news.example.invalid/articles/2026/10/story-2930732?utm_source=share&utm_medium=link&ref=sfp-seed
w9Kb,https://news.example.invalid/articles/2026/10/story-7663955?utm_source=share&utm_medium=link&ref=sfp-seed
nVnp,https://news.example.invalid/articles/2026/10/story-5702103?utm_source=share&utm_medium=link&ref=sfp-seed
tRLA,https://news.example.invalid/articles/2026/10/story-7118194?utm_source=share&utm_medium=link&ref=sfp-seed
y2f4,https://news.example.invalid/articles/2026/10/story-8111774?utm_source=share&utm_medium=link&ref=sfp-seed
8KHc,https://news.example.invalid/articles/2026/10/story-2086126?utm_source=share&utm_medium=link&ref=sfp-seed
iiKB,https://news.example.invalid/articles/2026/10/story-4361985?utm_source=share&utm_medium=link&ref=sfp-seed
kdwD,https://news.example.invalid/articles/2026/10/story-4818555?utm_source=share&utm_medium=link&ref=sfp-seed
tWOq,https://news.example.invalid/articles/2026/10/story-7137590?utm_source=share&utm_medium=link&ref=sfp-seed
dE2X,https://news.example.invalid/articles/2026/10/story-3252207?utm_source=share&utm_medium=link&ref=sfp-seed
eVgy,https://news.example.invalid/articles/2026/10/story-3556726?utm_source=share&utm_medium=link&ref=sfp-seed
4BW,https://news.example.invalid/articles/2026/10/story-17728?utm_source=share&utm_medium=link&ref=sfp-seed
8aVE,https://news.example.invalid/articles/2026/10/story-1948638?utm_source=share&utm_medium=link&ref=sfp-seed
5AK1,https://news.example.invalid/articles/2026/10/story-1332877?utm_source=share&utm_medium=link&ref=sfp-seed
cAVk,https://news.example.invalid/articles/2026/10/story-3001874?utm_source=share&utm_medium=link&ref=sfp-seed
8unS,https://news.example.invalid/articles/2026/10/story-2023424?utm_source=share&utm_medium=link&ref=sfp-seed
xDrQ,https://news.example.invalid/articles/2026/10/story-8016466?utm_source=share&utm_medium=link&ref=sfp-seed
AqF8,https://news.example.invalid/articles/2026/10/story-8682302?utm_source=share&utm_medium=link&ref=sfp-seed
lrUM,https://news.example.invalid/articles/2026/10/story-5112196?utm_source=share&utm_medium=link&ref=sfp-seed
NyS,https://news.example.invalid/articles/2026/10/story-190518?utm_source=share&utm_medium=link&ref=sfp-seed
eWy4,https://news.example.invalid/articles/2026/10/story-3561656?utm_source=share&utm_medium=link&ref=sfp-seed
sIe7,https://news.example.invalid/articles/2026/10/story-6843195?utm_source=share&utm_medium=link&ref=sfp-seed
FwA,https://news.example.invalid/articles/2026/10/story-159624?utm_source=share&utm_medium=link&ref=sfp-seed
569X,https://news.example.invalid/articles/2026/10/story-1215321?utm_source=share&utm_medium=link&ref=sfp-seed
BnZ6,https://news.example.invalid/articles/2026/10/story-8910336?utm_source=share&utm_medium=link&ref=sfp-seed
vjYk,https://news.example.invalid/articles/2026/10/story-7464944?utm_source=share&utm_medium=link&ref=sfp-seed
rg4O,https://news.example.invalid/articles/2026/10/story-6496658?utm_source=share&utm_medium=link&ref=sfp-seed
ujas,https://news.example.invalid/articles/2026/10/story-7223524?utm_source=share&utm_medium=link&ref=sfp-seed
fo4N,https://news.example.invalid/articles/2026/10/story-3667473?utm_source=share&utm_medium=link&ref=sfp-seed
kgv6,https://news.example.invalid/articles/2026/10/story-4829992?utm_source=share&utm_medium=link&ref=sfp-seed
hBAJ,https://news.example.invalid/articles/2026/10/story-4196081?utm_source=share&utm_medium=link&ref=sfp-seed
kVc0,https://news.example.invalid/articles/2026/10/story-4986412?utm_source=share&utm_medium=link&ref=sfp-seed
547Y,https://news.example.invalid/articles/2026/10/story-1207510?utm_source=share&utm_medium=link&ref=sfp-seed
3bll,https://news.example.invalid/articles/2026/10/story-758591?utm_source=share&utm_medium=link&ref=sfp-seed
53dd,https://news.example.invalid/articles/2026/10/story-1203991?utm_source=share&utm_medium=link&ref=sfp-seed
EnUI,https://news.example.invalid/articles/2026/10/story-9625048?utm_source=share&utm_medium=link&ref=sfp-seed
c2qr,https://news.example.invalid/articles/2026/10/story-2869263?utm_source=share&utm_medium=link&ref=sfp-seed
xt70,https://news.example.invalid/articles/2026/10/story-7976734?utm_source=share&utm_medium=link&ref=sfp-seed
1p4c,https://news.example.invalid/articles/2026/10/story-334688?utm_source=share&utm_medium=link&ref=sfp-seed
Ah4g,https://news.example.invalid/articles/2026/10/story-8645420?utm_source=share&utm_medium=link&ref=sfp-seed
xbWS,https://news.example.invalid/articles/2026/10/story-7910758?utm_source=share&utm_medium=link&ref=sfp-seed
an3b,https://news.example.invalid/articles/2026/10/story-2471889?utm_source=share&utm_medium=link&ref=sfp-seed
paTs,https://news.example.invalid/articles/2026/10/story-6000078?utm_source=share&utm_medium=link&ref=sfp-seed
5QcZ,https://news.example.invalid/articles/2026/10/story-1392333?utm_source=share&utm_medium=link&ref=sfp-seed
pI4z,https://news.example.invalid/articles/2026/10/story-6127619?utm_source=share&utm_medium=link&ref=sfp-seed
mZd,https://news.example.invalid/articles/2026/10/story-88363?utm_source=share&utm_medium=link&ref=sfp-seed
cAxq,https://news.example.invalid/articles/2026/10/story-3000392?utm_source=share&utm_medium=link&ref=sfp-seed
3Fzb,https://news.example.invalid/articles/2026/10/story-874769?utm_source=share&utm_medium=link&ref=sfp-seed
lE3w,https://news.example.invalid/articles/2026/10/story-5158866?utm_source=share&utm_medium=link&ref=sfp-seed
7P7T,https://news.example.invalid/articles/2026/10/story-1864829?utm_source=share&utm_medium=link&ref=sfp-seed
jM97,https://news.example.invalid/articles/2026/10/story-4713309?utm_source=share&utm_medium=link&ref=sfp-seed
328g,https://news.example.invalid/articles/2026/10/story-723184?utm_source=share&utm_medium=link&ref=sfp-seed
3xMT,https://news.example.invalid/articles/2026/10/story-844867?utm_source=share&utm_medium=link&ref=sfp-seed
pMpr,https://news.example.invalid/articles/2026/10/story-6144289?utm_source=share&utm_medium=link&ref=sfp-seed
BW0D,https://news.example.invalid/articles/2026/10/story-9041127?utm_source=share&utm_medium=link&ref=sfp-seed
5PtB,https://news.example.invalid/articles/2026/10/story-1389519?utm_source=share&utm_medium=link&ref=sfp-seed
2MQ0,https://news.example.invalid/articles/2026/10/story-664392?utm_source=share&utm_medium=link&ref=sfp-seed
8fjW,https://news.example.invalid/articles/2026/10/story-1965520?utm_source=share&utm_medium=link&ref=sfp-seed
fv65,https://news.example.invalid/articles/2026/10/story-3694461?utm_source=share&utm_medium=link&ref=sfp-seed
ylon,https://news.example.invalid/articles/2026/10/story-8185387?utm_source=share&utm_medium=link&ref=sfp-seed
tCk3,https://news.example.invalid/articles/2026/10/story-7058827?utm_source=share&utm_medium=link&ref=sfp-seed
7Bmh,https://news.example.invalid/articles/2026/10/story-1811905?utm_source=share&utm_medium=link&ref=sfp-seed
6pGh,https://news.example.invalid/articles/2026/10/story-1528689?utm_source=share&utm_medium=link&ref=sfp-seed
bIb2,https://news.example.invalid/articles/2026/10/story-2791428?utm_source=share&utm_medium=link&ref=sfp-seed
wvvO,https://news.example.invalid/articles/2026/10/story-7747632?utm_source=share&utm_medium=link&ref=sfp-seed
lpeZ,https://news.example.invalid/articles/2026/10/story-5101917?utm_source=share&utm_medium=link&ref=sfp-seed
eBFt,https://news.example.invalid/articles/2026/10/story-3481391?utm_source=share&utm_medium=link&ref=sfp-seed
fbWF,https://news.example.invalid/articles/2026/10/story-3620841?utm_source=share&utm_medium=link&ref=sfp-seed
47ST,https://news.example.invalid/articles/2026/10/story-983623?utm_source=share&utm_medium=link&ref=sfp-seed
tWLf,https://news.example.invalid/articles/2026/10/story-7137393?utm_source=share&utm_medium=link&ref=sfp-seed
b3ZQ,https://news.example.invalid/articles/2026/10/story-2636974?utm_source=share&utm_medium=link&ref=sfp-seed
eK3F,https://news.example.invalid/articles/2026/10/story-3513643?utm_source=share&utm_medium=link&ref=sfp-seed
2sSl,https://news.example.invalid/articles/2026/10/story-587657?utm_source=share&utm_medium=link&ref=sfp-seed
u6cv,https://news.example.invalid/articles/2026/10/story-7173679?utm_source=share&utm_medium=link&ref=sfp-seed
uMkO,https://news.example.invalid/articles/2026/10/story-7335642?utm_source=share&utm_medium=link&ref=sfp-seed
r04V,https://news.example.invalid/articles/2026/10/story-6435161?utm_source=share&utm_medium=link&ref=sfp-seed
8YXc,https://news.example.invalid/articles/2026/10/story-2140934?utm_source=share&utm_medium=link&ref=sfp-seed
iUfX,https://news.example.invalid/articles/2026/10/story-4506157?utm_source=share&utm_medium=link&ref=sfp-seed
lUD,https://news.example.invalid/articles/2026/10/story-84235?utm_source=share&utm_medium=link&ref=sfp-seed
tejX,https://news.example.invalid/articles/2026/10/story-6966565?utm_source=share&utm_medium=link&ref=sfp-seed
h9X3,https://news.example.invalid/articles/2026/10/story-4089833?utm_source=share&utm_medium=link&ref=sfp-seed
CB58,https://news.example.invalid/articles/2026/10/story-9199010?utm_source=share&utm_medium=link&ref=sfp-seed
p1Rc,https://news.example.invalid/articles/2026/10/story-5965342?utm_source=share&utm_medium=link&ref=sfp-seed
rTw3,https://news.example.invalid/articles/2026/10/story-6648263?utm_source=share&utm_medium=link&ref=sfp-seed
6jpv,https://news.example.invalid/articles/2026/10/story-1504585?utm_source=share&utm_medium=link&ref=sfp-seed
3bPp,https://news.example.invalid/articles/2026/10/story-760455?utm_source=share&utm_medium=link&ref=sfp-seed
FqYG,https://news.example.invalid/articles/2026/10/story-9875154?utm_source=share&utm_medium=link&ref=sfp-seed
7J80,https://news.example.invalid/articles/2026/10/story-1841772?utm_source=share&utm_medium=link&ref=sfp-seed
i1Qm,https://news.example.invalid/articles/2026/10/story-4296994?utm_source=share&utm_medium=link&ref=sfp-seed
gl7d,https://news.example.invalid/articles/2026/10/story-3894419?utm_source=share&utm_medium=link&ref=sfp-seed
7N62,https://news.example.invalid/articles/2026/10/story-1857026?utm_source=share&utm_medium=link&ref=sfp-seed
3iT6,https://news.example.invalid/articles/2026/10/story-787592?utm_source=share&utm_medium=link&ref=sfp-seed
AB1O,https://news.example.invalid/articles/2026/10/story-8722148?utm_source=share&utm_medium=link&ref=sfp-seed
5Ej6,https://news.example.invalid/articles/2026/10/story-1346584?utm_source=share&utm_medium=link&ref=sfp-seed
eotm,https://news.example.invalid/articles/2026/10/story-3430668?utm_source=share&utm_medium=link&ref=sfp-seed
bnFX,https://news.example.invalid/articles/2026/10/story-2712621?utm_source=share&utm_medium=link&ref=sfp-seed
tiC3,https://news.example.invalid/articles/2026/10/story-6983063?utm_source=share&utm_medium=link&ref=sfp-seed
x8do,https://news.example.invalid/articles/2026/10/story-7896406?utm_source=share&utm_medium=link&ref=sfp-seed
4QwI,https://news.example.invalid/articles/2026/10/story-1155228?utm_source=share&utm_medium=link&ref=sfp-seed
5kvt,https://news.example.invalid/articles/2026/10/story-1270471?utm_source=share&utm_medium=link&ref=sfp-seed
yo03,https://news.example.invalid/articles/2026/10/story-8195411?utm_source=share&utm_medium=link&ref=sfp-seed
1dN0,https://news.example.invalid/articles/2026/10/story-291338?utm_source=share&utm_medium=link&ref=sfp-seed
jSO,https://news.example.invalid/articles/2026/10/story-76434?utm_source=share&utm_medium=link&ref=sfp-seed
o0s3,https://news.example.invalid/articles/2026/10/story-5721611?utm_source=share&utm_medium=link&ref=sfp-seed
qOky,https://news.example.invalid/articles/2026/10/story-6390002?utm_source=share&utm_medium=link&ref=sfp-seed
w8JT,https://news.example.invalid/articles/2026/10/story-7660093?utm_source=share&utm_medium=link&ref=sfp-seed
rOLI,https://news.example.invalid/articles/2026/10/story-6630014?utm_source=share&utm_medium=link&ref=sfp-seed
96Y5,https://news.example.invalid/articles/2026/10/story-2171741?utm_source=share&utm_medium=link&ref=sfp-seed
jaFP,https://news.example.invalid/articles/2026/10/story-4569265?utm_source=share&utm_medium=link&ref=sfp-seed
dfWj,https://news.example.invalid/articles/2026/10/story-3159539?utm_source=share&utm_medium=link&ref=sfp-seed
nQw3,https://news.example.invalid/articles/2026/10/story-5683419?utm_source=share&utm_medium=link&ref=sfp-seed
cM0q,https://news.example.invalid/articles/2026/10/story-3044474?utm_source=share&utm_medium=link&ref=sfp-seed
5T09,https://news.example.invalid/articles/2026/10/story-1403069?utm_source=share&utm_medium=link&ref=sfp-seed
4xX8,https://news.example.invalid/articles/2026/10/story-1083830?utm_source=share&utm_medium=link&ref=sfp-seed
8w3J,https://news.example.invalid/articles/2026/10/story-2029863?utm_source=share&utm_medium=link&ref=sfp-seed
cP68,https://news.example.invalid/articles/2026/10/story-3056360?utm_source=share&utm_medium=link&ref=sfp-seed
EuIM,https://news.example.invalid/articles/2026/10/story-9651216?utm_source=share&utm_medium=link&ref=sfp-seed
tpNZ,https://news.example.invalid/articles/2026/10/story-7010711?utm_source=share&utm_medium=link&ref=sfp-seed
cxam,https://news.example.invalid/articles/2026/10/story-2987430?utm_source=share&utm_medium=link&ref=sfp-seed
zqbj,https://news.example.invalid/articles/2026/10/story-8442125?utm_source=share&utm_medium=link&ref=sfp-seed
FzwY,https://news.example.invalid/articles/2026/10/story-9908032?utm_source=share&utm_medium=link&ref=sfp-seed
2gxt,https://news.example.invalid/articles/2026/10/story-540235?utm_source=share&utm_medium=link&ref=sfp-seed
g9u1,https://news.example.invalid/articles/2026/10/story-3849705?utm_source=share&utm_medium=link&ref=sfp-seed
6gLR,https://news.example.invalid/articles/2026/10/story-1494439?utm_source=share&utm_medium=link&ref=sfp-seed
11WY,https://news.example.invalid/articles/2026/10/story-245828?utm_source=share&utm_medium=link&ref=sfp-seed
a4XW,https://news.example.invalid/articles/2026/10/story-2402372?utm_source=share&utm_medium=link&ref=sfp-seed
dPza,https://news.example.invalid/articles/2026/10/story-3296488?utm_source=share&utm_medium=link&ref=sfp-seed
g3X7,https://news.example.invalid/articles/2026/10/story-3828445?utm_source=share&utm_medium=link&ref=sfp-seed
oGU6,https://news.example.invalid/articles/2026/10/story-5884798?utm_source=share&utm_medium=link&ref=sfp-seed
uey4,https://news.example.invalid/articles/2026/10/story-7205768?utm_source=share&utm_medium=link&ref=sfp-seed
t3Ov,https://news.example.invalid/articles/2026/10/story-6926175?utm_source=share&utm_medium=link&ref=sfp-seed
c4dv,https://news.example.invalid/articles/2026/10/story-2876149?utm_source=share&utm_medium=link&ref=sfp-seed
hhWI,https://news.example.invalid/articles/2026/10/story-4120564?utm_source=share&utm_medium=link&ref=sfp-seed
A42k,https://news.example.invalid/articles/2026/10/story-8595328?utm_source=share&utm_medium=link&ref=sfp-seed
iY31,https://news.example.invalid/articles/2026/10/story-4520731?utm_source=share&utm_medium=link&ref=sfp-seed
kNG7,https://news.example.invalid/articles/2026/10/story-4957527?utm_source=share&utm_medium=link&ref=sfp-seed
wHE9,https://news.example.invalid/articles/2026/10/story-7794277?utm_source=share&utm_medium=link&ref=sfp-seed
vaWr,https://news.example.invalid/articles/2026/10/story-7430231?utm_source=share&utm_medium=link&ref=sfp-seed
aXPU,https://news.example.invalid/articles/2026/10/story-2613294?utm_source=share&utm_medium=link&ref=sfp-seed
nRlo,https://news.example.invalid/articles/2026/10/story-5686602?utm_source=share&utm_medium=link&ref=sfp-seed
ohni,https://news.example.invalid/articles/2026/10/story-5786664?utm_source=share&utm_medium=link&ref=sfp-seed
g7hm,https://news.example.invalid/articles/2026/10/story-3841232?utm_source=share&utm_medium=link&ref=sfp-seed
tVP1,https://news.example.invalid/articles/2026/10/story-7133783?utm_source=share&utm_medium=link&ref=sfp-seed
n8tP,https://news.example.invalid/articles/2026/10/story-5514145?utm_source=share&utm_medium=link&ref=sfp-seed
A5U5,https://news.example.invalid/articles/2026/10/story-8602505?utm_source=share&utm_medium=link&ref=sfp-seed
i4MI,https://news.example.invalid/articles/2026/10/story-4308300?utm_source=share&utm_medium=link&ref=sfp-seed
uCSJ,https://news.example.invalid/articles/2026/10/story-7299305?utm_source=share&utm_medium=link&ref=sfp-seed
lE1a,https://news.example.invalid/articles/2026/10/story-5158720?utm_source=share&utm_medium=link&ref=sfp-seed
zIU4,https://news.example.invalid/articles/2026/10/story-8514092?utm_source=share&utm_medium=link&ref=sfp-seed
lpI6,https://news.example.invalid/articles/2026/10/story-5103722?utm_source=share&utm_medium=link&ref=sfp-seed
h26m,https://news.example.invalid/articles/2026/10/story-4059658?utm_source=share&utm_medium=link&ref=sfp-seed
4IKN,https://news.example.invalid/articles/2026/10/story-1125349?utm_source=share&utm_medium=link&ref=sfp-seed
5wpP,https://news.example.invalid/articles/2026/10/story-1316249?utm_source=share&utm_medium=link&ref=sfp-seed
gqdA,https://news.example.invalid/articles/2026/10/story-3914034?utm_source=share&utm_medium=link&ref=sfp-seed
8hW9,https://news.example.invalid/articles/2026/10/story-1975577?utm_source=share&utm_medium=link&ref=sfp-seed
aRyQ,https://news.example.invalid/articles/2026/10/story-2589172?utm_source=share&utm_medium=link&ref=sfp-seed
ujWv,https://news.example.invalid/articles/2026/10/story-7226503?utm_source=share&utm_medium=link&ref=sfp-seed
rG2s,https://news.example.invalid/articles/2026/10/story-6596456?utm_source=share&utm_medium=link&ref=sfp-seed
jIFb,https://news.example.invalid/articles/2026/10/story-4699921?utm_source=share&utm_medium=link&ref=sfp-seed
xB56,https://news.example.invalid/articles/2026/10/story-8007368?utm_source=share&utm_medium=link&ref=sfp-seed
ymLl,https://news.example.invalid/articles/2026/10/story-8190655?utm_source=share&utm_medium=link&ref=sfp-seed
mVo9,https://news.example.invalid/articles/2026/10/story-5463821?utm_source=share&utm_medium=link&ref=sfp-seed
3kQk,https://news.example.invalid/articles/2026/10/story-795108?utm_source=share&utm_medium=link&ref=sfp-seed
BAD1,https://news.example.invalid/articles/2026/10/story-8958939?utm_source=share&utm_medium=link&ref=sfp-seed
2pp8,https://news.example.invalid/articles/2026/10/story-574314?utm_source=share&utm_medium=link&ref=sfp-seed
AaRY,https://news.example.invalid/articles/2026/10/story-8621594?utm_source=share&utm_medium=link&ref=sfp-seed
k0Ul,https://news.example.invalid/articles/2026/10/story-4770053?utm_source=share&utm_medium=link&ref=sfp-seed
rLP7,https://news.example.invalid/articles/2026/10/story-6618693?utm_source=share&utm_medium=link&ref=sfp-seed
fm4J,https://news.example.invalid/articles/2026/10/story-3659781?utm_source=share&utm_medium=link&ref=sfp-seed
Cl4S,https://news.example.invalid/articles/2026/10/story-9137490?utm_source=share&utm_medium=link&ref=sfp-seed
62KN,https://news.example.invalid/articles/2026/10/story-1440557?utm_source=share&utm_medium=link&ref=sfp-seed
KSF,https://news.example.invalid/articles/2026/10/story-180213?utm_source=share&utm_medium=link&ref=sfp-seed
bvRb,https://news.example.invalid/articles/2026/10/story-2744069?utm_source=share&utm_medium=link&ref=sfp-seed
CQMs,https://news.example.invalid/articles/2026/10/story-9259356?utm_source=share&utm_medium=link&ref=sfp-seed
rLAR,https://news.example.invalid/articles/2026/10/story-6617809?utm_source=share&utm_medium=link&ref=sfp-seed
CUSz,https://news.example.invalid/articles/2026/10/story-9275111?utm_source=share&utm_medium=link&ref=sfp-seed
9Pbr,https://news.example.invalid/articles/2026/10/story-2341705?utm_source=share&utm_medium=link&ref=sfp-seed
tISO,https://news.example.invalid/articles/2026/10/story-7084046?utm_source=share&utm_medium=link&ref=sfp-seed
yM2Z,https://news.example.invalid/articles/2026/10/story-8287849?utm_source=share&utm_medium=link&ref=sfp-seed
EYCX,https://news.example.invalid/articles/2026/10/story-9766175?utm_source=share&utm_medium=link&ref=sfp-seed
y8UF,https://news.example.invalid/articles/2026/10/story-8137417?utm_source=share&utm_medium=link&ref=sfp-seed
rDYi,https://news.example.invalid/articles/2026/10/story-6588510?utm_source=share&utm_medium=link&ref=sfp-seed
sNcx,https://news.example.invalid/articles/2026/10/story-6862317?utm_source=share&utm_medium=link&ref=sfp-seed
3157,https://news.example.invalid/articles/2026/10/story-719145?utm_source=share&utm_medium=link&ref=sfp-seed
e9JJ,https://news.example.invalid/articles/2026/10/story-3374023?utm_source=share&utm_medium=link&ref=sfp-seed
yNbE,https://news.example.invalid/articles/2026/10/story-8292230?utm_source=share&utm_medium=link&ref=sfp-seed
9zmh,https://news.example.invalid/articles/2026/10/story-2280873?utm_source=share&utm_medium=link&ref=sfp-seed
aiai,https://news.example.invalid/articles/2026/10/story-2453110?utm_source=share&utm_medium=link&ref=sfp-seed
j9MU,https://news.example.invalid/articles/2026/10/story-4565860?utm_source=share&utm_medium=link&ref=sfp-seed
c5XL,https://news.example.invalid/articles/2026/10/story-2882861?utm_source=share&utm_medium=link&ref=sfp-seed
rhmb,https://news.example.invalid/articles/2026/10/story-6501579?utm_source=share&utm_medium=link&ref=sfp-seed
8eIx,https://news.example.invalid/articles/2026/10/story-1963201?utm_source=share&utm_medium=link&ref=sfp-seed
qyG1,https://news.example.invalid/articles/2026/10/story-6329829?utm_source=share&utm_medium=link&ref=sfp-seed
h5vI,https://news.example.invalid/articles/2026/10/story-4072762?utm_source=share&utm_medium=link&ref=sfp-seed
aQ8t,https://news.example.invalid/articles/2026/10/story-2583693?utm_source=share&utm_medium=link&ref=sfp-seed
s9El,https://news.example.invalid/articles/2026/10/story-6710281?utm_source=share&utm_medium=link&ref=sfp-seed
7CZE,https://news.example.invalid/articles/2026/10/story-1818190?utm_source=share&utm_medium=link&ref=sfp-seed
dmzn,https://news.example.invalid/articles/2026/10/story-3185025?utm_source=share&utm_medium=link&ref=sfp-seed
itpb,https://news.example.invalid/articles/2026/10/story-4402941?utm_source=share&utm_medium=link&ref=sfp-seed
ySKF,https://news.example.invalid/articles/2026/10/story-8313621?utm_source=share&utm_medium=link&ref=sfp-seed
Acme,https://news.example.invalid/articles/2026/10/story-8627314?utm_source=share&utm_medium=link&ref=sfp-seed
dAiK,https://news.example.invalid/articles/2026/10/story-3237810?utm_source=share&utm_medium=link&ref=sfp-seed
id3,https://news.example.invalid/articles/2026/10/story-70001?utm_source=share&utm_medium=link&ref=sfp-seed
h3vA,https://news.example.invalid/articles/2026/10/story-4065066?utm_source=share&utm_medium=link&ref=sfp-seed
kmJr,https://news.example.invalid/articles/2026/10/story-4853945?utm_source=share&utm_medium=link&ref=sfp-seed
u1Kx,https://news.example.invalid/articles/2026/10/story-7156569?utm_source=share&utm_medium=link&ref=sfp-seed
3PBb,https://news.example.invalid/articles/2026/10/story-913333?utm_source=share&utm_medium=link&ref=sfp-seed
1Rzc,https://news.example.invalid/articles/2026/10/story-444242?utm_source=share&utm_medium=link&ref=sfp-seed
fNFB,https://news.example.invalid/articles/2026/10/story-3765855?utm_source=share&utm_medium=link&ref=sfp-seed
mPfk,https://news.example.invalid/articles/2026/10/story-5440210?utm_source=share&utm_medium=link&ref=sfp-seed
gV9s,https://news.example.invalid/articles/2026/10/story-4032942?utm_source=share&utm_medium=link&ref=sfp-seed
tdTv,https://news.example.invalid/articles/2026/10/story-6964925?utm_source=share&utm_medium=link&ref=sfp-seed
vvaE,https://news.example.invalid/articles/2026/10/story-7507992?utm_source=share&utm_medium=link&ref=sfp-seed
fhQu,https://news.example.invalid/articles/2026/10/story-3643522?utm_source=share&utm_medium=link&ref=sfp-seed
7xJM,https://news.example.invalid/articles/2026/10/story-1797986?utm_source=share&utm_medium=link&ref=sfp-seed
1dLy,https://news.example.invalid/articles/2026/10/story-291248?utm_source=share&utm_medium=link&ref=sfp-seed
1GSw,https://news.example.invalid/articles/2026/10/story-403156?utm_source=share&utm_medium=link&ref=sfp-seed
nozF,https://news.example.invalid/articles/2026/10/story-5576011?utm_source=share&utm_medium=link&ref=sfp-seed
s7lb,https://news.example.invalid/articles/2026/10/story-6701405?utm_source=share&utm_medium=link&ref=sfp-seed
rctj,https://news.example.invalid/articles/2026/10/story-6482801?utm_source=share&utm_medium=link&ref=sfp-seed
iIpb,https://news.example.invalid/articles/2026/10/story-4460601?utm_source=share&utm_medium=link&ref=sfp-seed
z9Wz,https://news.example.invalid/articles/2026/10/story-8379707?utm_source=share&utm_medium=link&ref=sfp-seed
F5am,https://news.example.invalid/articles/2026/10/story-9791310?utm_source=share&utm_medium=link&ref=sfp-seed
ntWd,https://news.example.invalid/articles/2026/10/story-5596629?utm_source=share&utm_medium=link&ref=sfp-seed
x7wf,https://news.example.invalid/articles/2026/10/story-7893731?utm_source=share&utm_medium=link&ref=sfp-seed
2Rz8,https://news.example.invalid/articles/2026/10/story-682566?utm_source=share&utm_medium=link&ref=sfp-seed
bvMl,https://news.example.invalid/articles/2026/10/story-2743769?utm_source=share&utm_medium=link&ref=sfp-seed
aphI,https://news.example.invalid/articles/2026/10/story-2480478?utm_source=share&utm_medium=link&ref=sfp-seed
pHlt,https://news.example.invalid/articles/2026/10/story-6124823?utm_source=share&utm_medium=link&ref=sfp-seed
BIHY,https://news.example.invalid/articles/2026/10/story-8989998?utm_source=share&utm_medium=link&ref=sfp-seed
bIC5,https://news.example.invalid/articles/2026/10/story-2793105?utm_source=share&utm_medium=link&ref=sfp-seed
tYlY,https://news.example.invalid/articles/2026/10/story-7143514?utm_source=share&utm_medium=link&ref=sfp-seed
xJ8E,https://news.example.invalid/articles/2026/10/story-8038340?utm_source=share&utm_medium=link&ref=sfp-seed
ac2k,https://news.example.invalid/articles/2026/10/story-2429552?utm_source=share&utm_medium=link&ref=sfp-seed
aOCZ,https://news.example.invalid/articles/2026/10/story-2577897?utm_source=share&utm_medium=link&ref=sfp-seed
CUwZ,https://news.example.invalid/articles/2026/10/story-9273773?utm_source=share&utm_medium=link&ref=sfp-seed
stiT,https://news.example.invalid/articles/2026/10/story-6785831?utm_source=share&utm_medium=link&ref=sfp-seed
C7Mq,https://news.example.invalid/articles/2026/10/story-9086374?utm_source=share&utm_medium=link&ref=sfp-seed
cRuA,https://news.example.invalid/articles/2026/10/story-3065564?utm_source=share&utm_medium=link&ref=sfp-seed
6SY7,https://news.example.invalid/articles/2026/10/story-1641271?utm_source=share&utm_medium=link&ref=sfp-seed
jQgy,https://news.example.invalid/articles/2026/10/story-4729146?utm_source=share&utm_medium=link&ref=sfp-seed
2Mgs,https://news.example.invalid/articles/2026/10/story-662188?utm_source=share&utm_medium=link&ref=sfp-seed
sBAE,https://news.example.invalid/articles/2026/10/story-6817684?utm_source=share&utm_medium=link&ref=sfp-seed
fsaz,https://news.example.invalid/articles/2026/10/story-3683207?utm_source=share&utm_medium=link&ref=sfp-seed
AvU9,https://news.example.invalid/articles/2026/10/story-8702453?utm_source=share&utm_medium=link&ref=sfp-seed
k1vW,https://news.example.invalid/articles/2026/10/story-4772384?utm_source=share&utm_medium=link&ref=sfp-seed
hJN4,https://news.example.invalid/articles/2026/10/story-4227598?utm_source=share&utm_medium=link&ref=sfp-seed
y2aY,https://news.example.invalid/articles/2026/10/story-8111520?utm_source=share&utm_medium=link&ref=sfp-seed
vPde,https://news.example.invalid/articles/2026/10/story-7585032?utm_source=share&utm_medium=link&ref=sfp-seed
j3Hw,https://news.example.invalid/articles/2026/10/story-4542462?utm_source=share&utm_medium=link&ref=sfp-seed
j8uq,https://news.example.invalid/articles/2026/10/story-4560870?utm_source=share&utm_medium=link&ref=sfp-seed
ittk,https://news.example.invalid/articles/2026/10/story-4403198?utm_source=share&utm_medium=link&ref=sfp-seed
7RFj,https://news.example.invalid/articles/2026/10/story-1874589?utm_source=share&utm_medium=link&ref=sfp-seed
oeVR,https://news.example.invalid/articles/2026/10/story-5777275?utm_source=share&utm_medium=link&ref=sfp-seed
bag3,https://news.example.invalid/articles/2026/10/story-2661043?utm_source=share&utm_medium=link&ref=sfp-seed
lGzS,https://news.example.invalid/articles/2026/10/story-5168560?utm_source=share&utm_medium=link&ref=sfp-seed
1WZp,https://news.example.invalid/articles/2026/10/story-465087?utm_source=share&utm_medium=link&ref=sfp-seed
FNcl,https://news.example.invalid/articles/2026/10/story-9960569?utm_source=share&utm_medium=link&ref=sfp-seed
yaAo,https://news.example.invalid/articles/2026/10/story-8143848?utm_source=share&utm_medium=link&ref=sfp-seed
sO4z,https://news.example.invalid/articles/2026/10/story-6865667?utm_source=share&utm_medium=link&ref=sfp-seed
9qoy,https://news.example.invalid/articles/2026/10/story-2246418?utm_source=share&utm_medium=link&ref=sfp-seed
aRuT,https://news.example.invalid/articles/2026/10/story-2588927?utm_source=share&utm_medium=link&ref=sfp-seed
w89K,https://news.example.invalid/articles/2026/10/story-7657852?utm_source=share&utm_medium=link&ref=sfp-seed
A4jy,https://news.example.invalid/articles/2026/10/story-8596396?utm_source=share&utm_medium=link&ref=sfp-seed
yCp0,https://news.example.invalid/articles/2026/10/story-8250774?utm_source=share&utm_medium=link&ref=sfp-seed
x6rx,https://news.example.invalid/articles/2026/10/story-7889595?utm_source=share&utm_medium=link&ref=sfp-seed
zath,https://news.example.invalid/articles/2026/10/story-8381735?utm_source=share&utm_medium=link&ref=sfp-seed
27by,https://news.example.invalid/articles/2026/10/story-504280?utm_source=share&utm_medium=link&ref=sfp-seed
pb5J,https://news.example.invalid/articles/2026/10/story-6000839?utm_source=share&utm_medium=link&ref=sfp-seed
j57U,https://news.example.invalid/articles/2026/10/story-4547942?utm_source=share&utm_medium=link&ref=sfp-seed
vMtq,https://news.example.invalid/articles/2026/10/story-7574504?utm_source=share&utm_medium=link&ref=sfp-seed
fFGH,https://news.example.invalid/articles/2026/10/story-3735171?utm_source=share&utm_medium=link&ref=sfp-seed
laoS,https://news.example.invalid/articles/2026/10/story-5044870?utm_source=share&utm_medium=link&ref=sfp-seed
tUmy,https://news.example.invalid/articles/2026/10/story-7128174?utm_source=share&utm_medium=link&ref=sfp-seed
bqIw,https://news.example.invalid/articles/2026/10/story-2724312?utm_source=share&utm_medium=link&ref=sfp-seed
wS41,https://news.example.invalid/articles/2026/10/story-7834321?utm_source=share&utm_medium=link&ref=sfp-seed
sTnC,https://news.example.invalid/articles/2026/10/story-6886068?utm_source=share&utm_medium=link&ref=sfp-seed
dtRL,https://news.example.invalid/articles/2026/10/story-3213073?utm_source=share&utm_medium=link&ref=sfp-seed
qJeD,https://news.example.invalid/articles/2026/10/story-6370415?utm_source=share&utm_medium=link&ref=sfp-seed
Aw0s,https://news.example.invalid/articles/2026/10/story-8702844?utm_source=share&utm_medium=link&ref=sfp-seed
bZbV,https://news.example.invalid/articles/2026/10/story-2856831?utm_source=share&utm_medium=link&ref=sfp-seed
9flT,https://news.example.invalid/articles/2026/10/story-2203969?utm_source=share&utm_medium=link&ref=sfp-seed
o3hA,https://news.example.invalid/articles/2026/10/story-5732494?utm_source=share&utm_medium=link&ref=sfp-seed
fNjb,https://news.example.invalid/articles/2026/10/story-3764465?utm_source=share&utm_medium=link&ref=sfp-seed
hACz,https://news.example.invalid/articles/2026/10/story-4192351?utm_source=share&utm_medium=link&ref=sfp-seed
99Nc,https://news.example.invalid/articles/2026/10/story-2182598?utm_source=share&utm_medium=link&ref=sfp-seed
rGD1,https://news.example.invalid/articles/2026/10/story-6598723?utm_source=share&utm_medium=link&ref=sfp-seed
5stm,https://news.example.invalid/articles/2026/10/story-1301092?utm_source=share&utm_medium=link&ref=sfp-seed
nOxe,https://news.example.invalid/articles/2026/10/story-5675804?utm_source=share&utm_medium=link&ref=sfp-seed
vkCA,https://news.example.invalid/articles/2026/10/story-7467440?utm_source=share&utm_medium=link&ref=sfp-seed
pAYb,https://news.example.invalid/articles/2026/10/story-6100315?utm_source=share&utm_medium=link&ref=sfp-seed
78es,https://news.example.invalid/articles/2026/10/story-1699944?utm_source=share&utm_medium=link&ref=sfp-seed
uim2,https://news.example.invalid/articles/2026/10/story-7220398?utm_source=share&utm_medium=link&ref=sfp-seed
BfDJ,https://news.example.invalid/articles/2026/10/story-8878259?utm_source=share&utm_medium=link&ref=sfp-seed
De7a,https://news.example.invalid/articles/2026/10/story-9349052?utm_source=share&utm_medium=link&ref=sfp-seed
zGnT,https://news.example.invalid/articles/2026/10/story-8504409?utm_source=share&utm_medium=link&ref=sfp-seed
uq9W,https://news.example.invalid/articles/2026/10/story-7250400?utm_source=share&utm_medium=link&ref=sfp-seed
xUeW,https://news.example.invalid/articles/2026/10/story-8081014?utm_source=share&utm_medium=link&ref=sfp-seed
qsRT,https://news.example.invalid/articles/2026/10/story-6307501?utm_source=share&utm_medium=link&ref=sfp-seed
6Zfl,https://news.example.invalid/articles/2026/10/story-1665403?utm_source=share&utm_medium=link&ref=sfp-seed
1qik,https://news.example.invalid/articles/2026/10/story-339408?utm_source=share&utm_medium=link&ref=sfp-seed
xN7o,https://news.example.invalid/articles/2026/10/story-8053638?utm_source=share&utm_medium=link&ref=sfp-seed
63gO,https://news.example.invalid/articles/2026/10/story-1442542?utm_source=share&utm_medium=link&ref=sfp-seed
4xUU,https://news.example.invalid/articles/2026/10/story-1083692?utm_source=share&utm_medium=link&ref=sfp-seed
pTS0,https://news.example.invalid/articles/2026/10/story-6172968?utm_source=share&utm_medium=link&ref=sfp-seed
kRVl,https://news.example.invalid/articles/2026/10/story-4973847?utm_source=share&utm_medium=link&ref=sfp-seed
Bv6O,https://news.example.invalid/articles/2026/10/story-8937722?utm_source=share&utm_medium=link&ref=sfp-seed
56Fo,https://news.example.invalid/articles/2026/10/story-1217270?utm_source=share&utm_medium=link&ref=sfp-seed
8fvD,https://news.example.invalid/articles/2026/10/story-1966245?utm_source=share&utm_medium=link&ref=sfp-seed
gv64,https://news.example.invalid/articles/2026/10/story-3932788?utm_source=share&utm_medium=link&ref=sfp-seed
6fb5,https://news.example.invalid/articles/2026/10/story-1488315?utm_source=share&utm_medium=link&ref=sfp-seed
iGJG,https://news.example.invalid/articles/2026/10/story-4454184?utm_source=share&utm_medium=link&ref=sfp-seed
10mM,https://news.example.invalid/articles/2026/10/story-239740?utm_source=share&utm_medium=link&ref=sfp-seed
wFwg,https://news.example.invalid/articles/2026/10/story-7786100?utm_source=share&utm_medium=link&ref=sfp-seed
Dvfj,https://news.example.invalid/articles/2026/10/story-9414905?utm_source=share&utm_medium=link&ref=sfp-seed
1XGu,https://news.example.invalid/articles/2026/10/story-467758?utm_source=share&utm_medium=link&ref=sfp-seed
DbAG,https://news.example.invalid/articles/2026/10/story-9339350?utm_source=share&utm_medium=link&ref=sfp-seed
6uqg,https://news.example.invalid/articles/2026/10/story-1546916?utm_source=share&utm_medium=link&ref=sfp-seed
DgM3,https://news.example.invalid/articles/2026/10/story-9359275?utm_source=share&utm_medium=link&ref=sfp-seed
fvh0,https://news.example.invalid/articles/2026/10/story-3695138?utm_source=share&utm_medium=link&ref=sfp-seed
eQBb,https://news.example.invalid/articles/2026/10/story-3538785?utm_source=share&utm_medium=link&ref=sfp-seed
4WLx,https://news.example.invalid/articles/2026/10/story-1179211?utm_source=share&utm_medium=link&ref=sfp-seed
6mAQ,https://news.example.invalid/articles/2026/10/story-1516820?utm_source=share&utm_medium=link&ref=sfp-seed
wMJq,https://news.example.invalid/articles/2026/10/story-7813824?utm_source=share&utm_medium=link&ref=sfp-seed
aAZX,https://news.example.invalid/articles/2026/10/story-2525505?utm_source=share&utm_medium=link&ref=sfp-seed
A3sy,https://news.example.invalid/articles/2026/10/story-8593110?utm_source=share&utm_medium=link&ref=sfp-seed
lrVz,https://news.example.invalid/articles/2026/10/story-5112245?utm_source=share&utm_medium=link&ref=sfp-seed
1VNw,https://news.example.invalid/articles/2026/10/story-460506?utm_source=share&utm_medium=link&ref=sfp-seed
lrmz,https://news.example.invalid/articles/2026/10/story-5110075?utm_source=share&utm_medium=link&ref=sfp-seed
8uWj,https://news.example.invalid/articles/2026/10/story-2025559?utm_source=share&utm_medium=link&ref=sfp-seed
r3sV,https://news.example.invalid/articles/2026/10/story-6448181?utm_source=share&utm_medium=link&ref=sfp-seed
3sLa,https://news.example.invalid/articles/2026/10/story-825540?utm_source=share&utm_medium=link&ref=sfp-seed
1V9V,https://news.example.invalid/articles/2026/10/story-458051?utm_source=share&utm_medium=link&ref=sfp-seed
vyFP,https://news.example.invalid/articles/2026/10/story-7521457?utm_source=share&utm_medium=link&ref=sfp-seed
Dy9J,https://news.example.invalid/articles/2026/10/story-9426091?utm_source=share&utm_medium=link&ref=sfp-seed
lwYX,https://news.example.invalid/articles/2026/10/story-5131675?utm_source=share&utm_medium=link&ref=sfp-seed
Caaw,https://news.example.invalid/articles/2026/10/story-9095556?utm_source=share&utm_medium=link&ref=sfp-seed
6uCX,https://news.example.invalid/articles/2026/10/story-1547703?utm_source=share&utm_medium=link&ref=sfp-seed
cXDu,https://news.example.invalid/articles/2026/10/story-3089180?utm_source=share&utm_medium=link&ref=sfp-seed
sAVN,https://news.example.invalid/articles/2026/10/story-6815151?utm_source=share&utm_medium=link&ref=sfp-seed
ASg0,https://news.example.invalid/articles/2026/10/story-8788376?utm_source=share&utm_medium=link&ref=sfp-seed
UBX,https://news.example.invalid/articles/2026/10/story-217617?utm_source=share&utm_medium=link&ref=sfp-seed
3zzs,https://news.example.invalid/articles/2026/10/story-851722?utm_source=share&utm_medium=link&ref=sfp-seed
skWM,https://news.example.invalid/articles/2026/10/story-6753708?utm_source=share&utm_medium=link&ref=sfp-seed
6etu,https://news.example.invalid/articles/2026/10/story-1485612?utm_source=share&utm_medium=link&ref=sfp-seed
9pvT,https://news.example.invalid/articles/2026/10/story-2243029?utm_source=share&utm_medium=link&ref=sfp-seed
IGg,https://news.example.invalid/articles/2026/10/story-171756?utm_source=share&utm_medium=link&ref=sfp-seed
3QY8,https://news.example.invalid/articles/2026/10/story-918600?utm_source=share&utm_medium=link&ref=sfp-seed
2K70,https://news.example.invalid/articles/2026/10/story-653914?utm_source=share&utm_medium=link&ref=sfp-seed
cMI6,https://news.example.invalid/articles/2026/10/story-3047182?utm_source=share&utm_medium=link&ref=sfp-seed
BlNx,https://news.example.invalid/articles/2026/10/story-8901931?utm_source=share&utm_medium=link&ref=sfp-seed
xVXa,https://news.example.invalid/articles/2026/10/story-8087600?utm_source=share&utm_medium=link&ref=sfp-seed
afhZ,https://news.example.invalid/articles/2026/10/story-2442055?utm_source=share&utm_medium=link&ref=sfp-seed
w3VV,https://news.example.invalid/articles/2026/10/story-7641619?utm_source=share&utm_medium=link&ref=sfp-seed
xCEm,https://news.example.invalid/articles/2026/10/story-8013398?utm_source=share&utm_medium=link&ref=sfp-seed
ACGz,https://news.example.invalid/articles/2026/10/story-8728519?utm_source=share&utm_medium=link&ref=sfp-seed
ypdP,https://news.example.invalid/articles/2026/10/story-8200109?utm_source=share&utm_medium=link&ref=sfp-seed
8hXw,https://news.example.invalid/articles/2026/10/story-1975662?utm_source=share&utm_medium=link&ref=sfp-seed
f2r5,https://news.example.invalid/articles/2026/10/story-3584287?utm_source=share&utm_medium=link&ref=sfp-seed
AigC,https://news.example.invalid/articles/2026/10/story-8650030?utm_source=share&utm_medium=link&ref=sfp-seed
aE7q,https://news.example.invalid/articles/2026/10/story-2537500?utm_source=share&utm_medium=link&ref=sfp-seed
bKHZ,https://news.example.invalid/articles/2026/10/story-2801159?utm_source=share&utm_medium=link&ref=sfp-seed
B8jf,https://news.example.invalid/articles/2026/10/story-8850081?utm_source=share&utm_medium=link&ref=sfp-seed
fyGA,https://news.example.invalid/articles/2026/10/story-3708256?utm_source=share&utm_medium=link&ref=sfp-seed
z40p,https://news.example.invalid/articles/2026/10/story-8356881?utm_source=share&utm_medium=link&ref=sfp-seed
kufV,https://news.example.invalid/articles/2026/10/story-4882867?utm_source=share&utm_medium=link&ref=sfp-seed
tPYV,https://news.example.invalid/articles/2026/10/story-7111333?utm_source=share&utm_medium=link&ref=sfp-seed
EFtf,https://news.example.invalid/articles/2026/10/story-9692537?utm_source=share&utm_medium=link&ref=sfp-seed
1cyb,https://news.example.invalid/articles/2026/10/story-286575?utm_source=share&utm_medium=link&ref=sfp-seed
Eqds,https://news.example.invalid/articles/2026/10/story-9633898?utm_source=share&utm_medium=link&ref=sfp-seed
4VyI,https://news.example.invalid/articles/2026/10/story-1174572?utm_source=share&utm_medium=link&ref=sfp-seed
oiAD,https://news.example.invalid/articles/2026/10/story-5791335?utm_source=share&utm_medium=link&ref=sfp-seed
yiRY,https://news.example.invalid/articles/2026/10/story-8175690?utm_source=share&utm_medium=link&ref=sfp-seed
xbzA,https://news.example.invalid/articles/2026/10/story-7909314?utm_source=share&utm_medium=link&ref=sfp-seed
xrMQ,https://news.example.invalid/articles/2026/10/story-7971640?utm_source=share&utm_medium=link&ref=sfp-seed
rVS1,https://news.example.invalid/articles/2026/10/story-6657313?utm_source=share&utm_medium=link&ref=sfp-seed
l641,https://news.example.invalid/articles/2026/10/story-5028201?utm_source=share&utm_medium=link&ref=sfp-seed
y0YB,https://news.example.invalid/articles/2026/10/story-8106909?utm_source=share&utm_medium=link&ref=sfp-seed
dZEn,https://news.example.invalid/articles/2026/10/story-3335251?utm_source=share&utm_medium=link&ref=sfp-seed
op1W,https://news.example.invalid/articles/2026/10/story-5816092?utm_source=share&utm_medium=link&ref=sfp-seed
rouP,https://news.example.invalid/articles/2026/10/story-6529023?utm_source=share&utm_medium=link&ref=sfp-seed
cBld,https://news.example.invalid/articles/2026/10/story-3003479?utm_source=share&utm_medium=link&ref=sfp-seed
1c9d,https://news.example.invalid/articles/2026/10/story-285027?utm_source=share&utm_medium=link&ref=sfp-seed
qV1T,https://news.example.invalid/articles/2026/10/story-6415753?utm_source=share&utm_medium=link&ref=sfp-seed
3JsI,https://news.example.invalid/articles/2026/10/story-889744?utm_source=share&utm_medium=link&ref=sfp-seed
bti6,https://news.example.invalid/articles/2026/10/story-2734206?utm_source=share&utm_medium=link&ref=sfp-seed
p5bv,https://news.example.invalid/articles/2026/10/story-5978133?utm_source=share&utm_medium=link&ref=sfp-seed
vxuf,https://news.example.invalid/articles/2026/10/story-7516895?utm_source=share&utm_medium=link&ref=sfp-seed
C4uP,https://news.example.invalid/articles/2026/10/story-9073751?utm_source=share&utm_medium=link&ref=sfp-seed
dcfy,https://news.example.invalid/articles/2026/10/story-3145356?utm_source=share&utm_medium=link&ref=sfp-seed
DkeX,https://news.example.invalid/articles/2026/10/story-9372599?utm_source=share&utm_medium=link&ref=sfp-seed
yEce,https://news.example.invalid/articles/2026/10/story-8257670?utm_source=share&utm_medium=link&ref=sfp-seed
iQWq,https://news.example.invalid/articles/2026/10/story-4493414?utm_source=share&utm_medium=link&ref=sfp-seed
kILt,https://news.example.invalid/articles/2026/10/story-4938639?utm_source=share&utm_medium=link&ref=sfp-seed
4A2D,https://news.example.invalid/articles/2026/10/story-1091859?utm_source=share&utm_medium=link&ref=sfp-seed
cYw4,https://news.example.invalid/articles/2026/10/story-3092564?utm_source=share&utm_medium=link&ref=sfp-seed
9nR3,https://news.example.invalid/articles/2026/10/story-2236653?utm_source=share&utm_medium=link&ref=sfp-seed
AFqr,https://news.example.invalid/articles/2026/10/story-8739051?utm_source=share&utm_medium=link&ref=sfp-seed
16Uj,https://news.example.invalid/articles/2026/10/story-264883?utm_source=share&utm_medium=link&ref=sfp-seed
jE3m,https://news.example.invalid/articles/2026/10/story-4682200?utm_source=share&utm_medium=link&ref=sfp-seed
xhRL,https://news.example.invalid/articles/2026/10/story-7933505?utm_source=share&utm_medium=link&ref=sfp-seed
loKw,https://news.example.invalid/articles/2026/10/story-5100028?utm_source=share&utm_medium=link&ref=sfp-seed
xBlS,https://news.example.invalid/articles/2026/10/story-8008408?utm_source=share&utm_medium=link&ref=sfp-seed
3fNG,https://news.example.invalid/articles/2026/10/story-775724?utm_source=share&utm_medium=link&ref=sfp-seed
k561,https://news.example.invalid/articles/2026/10/story-4786153?utm_source=share&utm_medium=link&ref=sfp-seed
haXu,https://news.example.invalid/articles/2026/10/story-4093704?utm_source=share&utm_medium=link&ref=sfp-seed
9OKr,https://news.example.invalid/articles/2026/10/story-2340031?utm_source=share&utm_medium=link&ref=sfp-seed
i8qz,https://news.example.invalid/articles/2026/10/story-4322303?utm_source=share&utm_medium=link&ref=sfp-seed
FRgG,https://news.example.invalid/articles/2026/10/story-9976214?utm_source=share&utm_medium=link&ref=sfp-seed
utCA,https://news.example.invalid/articles/2026/10/story-7263708?utm_source=share&utm_medium=link&ref=sfp-seed
q9fn,https://news.example.invalid/articles/2026/10/story-6232077?utm_source=share&utm_medium=link&ref=sfp-seed
yelc,https://news.example.invalid/articles/2026/10/story-8158282?utm_source=share&utm_medium=link&ref=sfp-seed
iBUF,https://news.example.invalid/articles/2026/10/story-4435645?utm_source=share&utm_medium=link&ref=sfp-seed
l2SP,https://news.example.invalid/articles/2026/10/story-5015975?utm_source=share&utm_medium=link&ref=sfp-seed
cWbV,https://news.example.invalid/articles/2026/10/story-3083627?utm_source=share&utm_medium=link&ref=sfp-seed
cQkY,https://news.example.invalid/articles/2026/10/story-3061124?utm_source=share&utm_medium=link&ref=sfp-seed
6AhP,https://news.example.invalid/articles/2026/10/story-1569457?utm_source=share&utm_medium=link&ref=sfp-seed
CsJP,https://news.example.invalid/articles/2026/10/story-9166937?utm_source=share&utm_medium=link&ref=sfp-seed
EXJ0,https://news.example.invalid/articles/2026/10/story-9762706?utm_source=share&utm_medium=link&ref=sfp-seed
9MEN,https://news.example.invalid/articles/2026/10/story-2331993?utm_source=share&utm_medium=link&ref=sfp-seed
wVMp,https://news.example.invalid/articles/2026/10/story-7848605?utm_source=share&utm_medium=link&ref=sfp-seed
2Qf3,https://news.example.invalid/articles/2026/10/story-677477?utm_source=share&utm_medium=link&ref=sfp-seed
dFTJ,https://news.example.invalid/articles/2026/10/story-3259323?utm_source=share&utm_medium=link&ref=sfp-seed
xl8k,https://news.example.invalid/articles/2026/10/story-7946064?utm_source=share&utm_medium=link&ref=sfp-seed
z8OU,https://news.example.invalid/articles/2026/10/story-8375388?utm_source=share&utm_medium=link&ref=sfp-seed
FVAL,https://news.example.invalid/articles/2026/10/story-9992835?utm_source=share&utm_medium=link&ref=sfp-seed
2bAP,https://news.example.invalid/articles/2026/10/story-521223?utm_source=share&utm_medium=link&ref=sfp-seed
uA3m,https://news.example.invalid/articles/2026/10/story-7288432?utm_source=share&utm_medium=link&ref=sfp-seed
bjWk,https://news.example.invalid/articles/2026/10/story-2698260?utm_source=share&utm_medium=link&ref=sfp-seed
EV1H,https://news.example.invalid/articles/2026/10/story-9752333?utm_source=share&utm_medium=link&ref=sfp-seed
9ks6,https://news.example.invalid/articles/2026/10/story-2223574?utm_source=share&utm_medium=link&ref=sfp-seed
m51m,https://news.example.invalid/articles/2026/10/story-5262520?utm_source=share&utm_medium=link&ref=sfp-seed
p7Up,https://news.example.invalid/articles/2026/10/story-5988605?utm_source=share&utm_medium=link&ref=sfp-seed
fgpo,https://news.example.invalid/articles/2026/10/story-3637998?utm_source=share&utm_medium=link&ref=sfp-seed
zAeW,https://news.example.invalid/articles/2026/10/story-8480790?utm_source=share&utm_medium=link&ref=sfp-seed
rIef,https://news.example.invalid/articles/2026/10/story-6604875?utm_source=share&utm_medium=link&ref=sfp-seed
qqTA,https://news.example.invalid/articles/2026/10/story-6299918?utm_source=share&utm_medium=link&ref=sfp-seed
ykbb,https://news.example.invalid/articles/2026/10/story-8180725?utm_source=share&utm_medium=link&ref=sfp-seed
sRyi,https://news.example.invalid/articles/2026/10/story-6879042?utm_source=share&utm_medium=link&ref=sfp-seed
w6bk,https://news.example.invalid/articles/2026/10/story-7650262?utm_source=share&utm_medium=link&ref=sfp-seed
4oLt,https://news.example.invalid/articles/2026/10/story-1048511?utm_source=share&utm_medium=link&ref=sfp-seed
qUpn,https://news.example.invalid/articles/2026/10/story-6413365?utm_source=share&utm_medium=link&ref=sfp-seed
27mk,https://news.example.invalid/articles/2026/10/story-504948?utm_source=share&utm_medium=link&ref=sfp-seed
slkP,https://news.example.invalid/articles/2026/10/story-6755199?utm_source=share&utm_medium=link&ref=sfp-seed
wD2j,https://news.example.invalid/articles/2026/10/story-7776555?utm_source=share&utm_medium=link&ref=sfp-seed
aQim,https://news.example.invalid/articles/2026/10/story-2584306?utm_source=share&utm_medium=link&ref=sfp-seed
mS0Q,https://news.example.invalid/articles/2026/10/story-5450844?utm_source=share&utm_medium=link&ref=sfp-seed
Fl8F,https://news.example.invalid/articles/2026/10/story-9852709?utm_source=share&utm_medium=link&ref=sfp-seed
pO0X,https://news.example.invalid/articles/2026/10/story-6150459?utm_source=share&utm_medium=link&ref=sfp-seed
bfpk,https://news.example.invalid/articles/2026/10/story-2680838?utm_source=share&utm_medium=link&ref=sfp-seed
3BGx,https://news.example.invalid/articles/2026/10/story-859849?utm_source=share&utm_medium=link&ref=sfp-seed
dKFh,https://news.example.invalid/articles/2026/10/story-3277647?utm_source=share&utm_medium=link&ref=sfp-seed
hoE2,https://news.example.invalid/articles/2026/10/story-4146314?utm_source=share&utm_medium=link&ref=sfp-seed
56BV,https://news.example.invalid/articles/2026/10/story-1217055?utm_source=share&utm_medium=link&ref=sfp-seed
zKad,https://news.example.invalid/articles/2026/10/story-8518937?utm_source=share&utm_medium=link&ref=sfp-seed
xP17,https://news.example.invalid/articles/2026/10/story-8060937?utm_source=share&utm_medium=link&ref=sfp-seed
FRtU,https://news.example.invalid/articles/2026/10/story-9977034?utm_source=share&utm_medium=link&ref=sfp-seed
3a1r,https://news.example.invalid/articles/2026/10/story-753513?utm_source=share&utm_medium=link&ref=sfp-seed
l9ue,https://news.example.invalid/articles/2026/10/story-5041358?utm_source=share&utm_medium=link&ref=sfp-seed
bepW,https://news.example.invalid/articles/2026/10/story-2677032?utm_source=share&utm_medium=link&ref=sfp-seed
2ZNO,https://news.example.invalid/articles/2026/10/story-714228?utm_source=share&utm_medium=link&ref=sfp-seed
4Rnl,https://news.example.invalid/articles/2026/10/story-1158491?utm_source=share&utm_medium=link&ref=sfp-seed
ybga,https://news.example.invalid/articles/2026/10/story-8146438?utm_source=share&utm_medium=link&ref=sfp-seed
doRu,https://news.example.invalid/articles/2026/10/story-3193836?utm_source=share&utm_medium=link&ref=sfp-seed
3zkW,https://news.example.invalid/articles/2026/10/story-850822?utm_source=share&utm_medium=link&ref=sfp-seed
iBhd,https://news.example.invalid/articles/2026/10/story-4433199?utm_source=share&utm_medium=link&ref=sfp-seed
nhmZ,https://news.example.invalid/articles/2026/10/story-5548317?utm_source=share&utm_medium=link&ref=sfp-seed
fSja,https://news.example.invalid/articles/2026/10/story-3783684?utm_source=share&utm_medium=link&ref=sfp-seed
7sXS,https://news.example.invalid/articles/2026/10/story-1779640?utm_source=share&utm_medium=link&ref=sfp-seed
35h6,https://news.example.invalid/articles/2026/10/story-735264?utm_source=share&utm_medium=link&ref=sfp-seed
ufsM,https://news.example.invalid/articles/2026/10/story-7209284?utm_source=share&utm_medium=link&ref=sfp-seed
cSTl,https://news.example.invalid/articles/2026/10/story-3070943?utm_source=share&utm_medium=link&ref=sfp-seed
jpIO,https://news.example.invalid/articles/2026/10/story-4627110?utm_source=share&utm_medium=link&ref=sfp-seed
6QuU,https://news.example.invalid/articles/2026/10/story-1631772?utm_source=share&utm_medium=link&ref=sfp-seed
rGGe,https://news.example.invalid/articles/2026/10/story-6598922?utm_source=share&utm_medium=link&ref=sfp-seed
lu1G,https://news.example.invalid/articles/2026/10/story-5120312?utm_source=share&utm_medium=link&ref=sfp-seed
c3ci,https://news.example.invalid/articles/2026/10/story-2872230?utm_source=share&utm_medium=link&ref=sfp-seed
qM15,https://news.example.invalid/articles/2026/10/story-6381107?utm_source=share&utm_medium=link&ref=sfp-seed
6nET,https://news.example.invalid/articles/2026/10/story-1520915?utm_source=share&utm_medium=link&ref=sfp-seed
EXUE,https://news.example.invalid/articles/2026/10/story-9763428?utm_source=share&utm_medium=link&ref=sfp-seed
zcGD,https://news.example.invalid/articles/2026/10/story-8390251?utm_source=share&utm_medium=link&ref=sfp-seed
t6zR,https://news.example.invalid/articles/2026/10/story-6936799?utm_source=share&utm_medium=link&ref=sfp-seed
zweW,https://news.example.invalid/articles/2026/10/story-8465414?utm_source=share&utm_medium=link&ref=sfp-seed
oez3,https://news.example.invalid/articles/2026/10/story-5775861?utm_source=share&utm_medium=link&ref=sfp-seed
WQE,https://news.example.invalid/articles/2026/10/story-226216?utm_source=share&utm_medium=link&ref=sfp-seed
zJAD,https://news.example.invalid/articles/2026/10/story-8516731?utm_source=share&utm_medium=link&ref=sfp-seed
w6jg,https://news.example.invalid/articles/2026/10/story-7650754?utm_source=share&utm_medium=link&ref=sfp-seed
AhZs,https://news.example.invalid/articles/2026/10/story-8648966?utm_source=share&utm_medium=link&ref=sfp-seed
6avo,https://news.example.invalid/articles/2026/10/story-1470354?utm_source=share&utm_medium=link&ref=sfp-seed
bCPD,https://news.example.invalid/articles/2026/10/story-2770881?utm_source=share&utm_medium=link&ref=sfp-seed
mrz,https://news.example.invalid/articles/2026/10/story-86277?utm_source=share&utm_medium=link&ref=sfp-seed
bW2m,https://news.example.invalid/articles/2026/10/story-2844706?utm_source=share&utm_medium=link&ref=sfp-seed
8rvE,https://news.example.invalid/articles/2026/10/story-2012374?utm_source=share&utm_medium=link&ref=sfp-seed
luH6,https://news.example.invalid/articles/2026/10/story-5122880?utm_source=share&utm_medium=link&ref=sfp-seed
gsTg,https://news.example.invalid/articles/2026/10/story-3924306?utm_source=share&utm_medium=link&ref=sfp-seed
6hGx,https://news.example.invalid/articles/2026/10/story-1497953?utm_source=share&utm_medium=link&ref=sfp-seed
oy2p,https://news.example.invalid/articles/2026/10/story-5850717?utm_source=share&utm_medium=link&ref=sfp-seed
zT5c,https://news.example.invalid/articles/2026/10/story-8553222?utm_source=share&utm_medium=link&ref=sfp-seed
xmUN,https://news.example.invalid/articles/2026/10/story-7952913?utm_source=share&utm_medium=link&ref=sfp-seed
axWD,https://news.example.invalid/articles/2026/10/story-2513767?utm_source=share&utm_medium=link&ref=sfp-seed
kMke,https://news.example.invalid/articles/2026/10/story-4952326?utm_source=share&utm_medium=link&ref=sfp-seed
yjb1,https://news.example.invalid/articles/2026/10/story-8176871?utm_source=share&utm_medium=link&ref=sfp-seed
DQwP,https://news.example.invalid/articles/2026/10/story-9496715?utm_source=share&utm_medium=link&ref=sfp-seed
gZWo,https://news.example.invalid/articles/2026/10/story-4051352?utm_source=share&utm_medium=link&ref=sfp-seed
c75A,https://news.example.invalid/articles/2026/10/story-2887190?utm_source=share&utm_medium=link&ref=sfp-seed
v40X,https://news.example.invalid/articles/2026/10/story-7403603?utm_source=share&utm_medium=link&ref=sfp-seed
oHXd,https://news.example.invalid/articles/2026/10/story-5888835?utm_source=share&utm_medium=link&ref=sfp-seed
zx9e,https://news.example.invalid/articles/2026/10/story-8468904?utm_source=share&utm_medium=link&ref=sfp-seed
9cF0,https://news.example.invalid/articles/2026/10/story-2193622?utm_source=share&utm_medium=link&ref=sfp-seed
Fhr6,https://news.example.invalid/articles/2026/10/story-9838476?utm_source=share&utm_medium=link&ref=sfp-seed
ufDo,https://news.example.invalid/articles/2026/10/story-7209942?utm_source=share&utm_medium=link&ref=sfp-seed
rYL8,https://news.example.invalid/articles/2026/10/story-6668418?utm_source=share&utm_medium=link&ref=sfp-seed
9oCb,https://news.example.invalid/articles/2026/10/story-2239575?utm_source=share&utm_medium=link&ref=sfp-seed
ERZl,https://news.example.invalid/articles/2026/10/story-9740655?utm_source=share&utm_medium=link&ref=sfp-seed
hTup,https://news.example.invalid/articles/2026/10/story-4264881?utm_source=share&utm_medium=link&ref=sfp-seed
eNJS,https://news.example.invalid/articles/2026/10/story-3527792?utm_source=share&utm_medium=link&ref=sfp-seed
A7ga,https://news.example.invalid/articles/2026/10/story-8607718?utm_source=share&utm_medium=link&ref=sfp-seed
1cc6,https://news.example.invalid/articles/2026/10/story-285206?utm_source=share&utm_medium=link&ref=sfp-seed
6GEf,https://news.example.invalid/articles/2026/10/story-1593911?utm_source=share&utm_medium=link&ref=sfp-seed
s7WX,https://news.example.invalid/articles/2026/10/story-6703747?utm_source=share&utm_medium=link&ref=sfp-seed
FHr,https://news.example.invalid/articles/2026/10/story-160297?utm_source=share&utm_medium=link&ref=sfp-seed
v8IM,https://news.example.invalid/articles/2026/10/story-7421696?utm_source=share&utm_medium=link&ref=sfp-seed
aQpB,https://news.example.invalid/articles/2026/10/story-2584755?utm_source=share&utm_medium=link&ref=sfp-seed
66da,https://news.example.invalid/articles/2026/10/story-1453848?utm_source=share&utm_medium=link&ref=sfp-seed
45G2,https://news.example.invalid/articles/2026/10/story-975138?utm_source=share&utm_medium=link&ref=sfp-seed
rrBk,https://news.example.invalid/articles/2026/10/story-6540958?utm_source=share&utm_medium=link&ref=sfp-seed
aRjF,https://news.example.invalid/articles/2026/10/story-2588231?utm_source=share&utm_medium=link&ref=sfp-seed
ahZ0,https://news.example.invalid/articles/2026/10/story-2452410?utm_source=share&utm_medium=link&ref=sfp-seed
1v5i,https://news.example.invalid/articles/2026/10/story-357820?utm_source=share&utm_medium=link&ref=sfp-seed
7R3R,https://news.example.invalid/articles/2026/10/story-1872267?utm_source=share&utm_medium=link&ref=sfp-seed
vIRK,https://news.example.invalid/articles/2026/10/story-7560636?utm_source=share&utm_medium=link&ref=sfp-seed
2Wbx,https://news.example.invalid/articles/2026/10/story-700323?utm_source=share&utm_medium=link&ref=sfp-seed
wHfB,https://news.example.invalid/articles/2026/10/story-7792755?utm_source=share&utm_medium=link&ref=sfp-seed
vrrz,https://news.example.invalid/articles/2026/10/story-7493665?utm_source=share&utm_medium=link&ref=sfp-seed
f1px,https://news.example.invalid/articles/2026/10/story-3580347?utm_source=share&utm_medium=link&ref=sfp-seed
xKen,https://news.example.invalid/articles/2026/10/story-8042539?utm_source=share&utm_medium=link&ref=sfp-seed
8dOx,https://news.example.invalid/articles/2026/10/story-1959729?utm_source=share&utm_medium=link&ref=sfp-seed
wdTm,https://news.example.invalid/articles/2026/10/story-7679900?utm_source=share&utm_medium=link&ref=sfp-seed
mtna,https://news.example.invalid/articles/2026/10/story-5356128?utm_source=share&utm_medium=link&ref=sfp-seed
wer2,https://news.example.invalid/articles/2026/10/story-7681988?utm_source=share&utm_medium=link&ref=sfp-seed
65td,https://news.example.invalid/articles/2026/10/story-1450999?utm_source=share&utm_medium=link&ref=sfp-seed
lvnw,https://news.example.invalid/articles/2026/10/story-5125510?utm_source=share&utm_medium=link&ref=sfp-seed
84lZ,https://news.example.invalid/articles/2026/10/story-1923363?utm_source=share&utm_medium=link&ref=sfp-seed
dv9e,https://news.example.invalid/articles/2026/10/story-3218000?utm_source=share&utm_medium=link&ref=sfp-seed
j5eN,https://news.example.invalid/articles/2026/10/story-4548369?utm_source=share&utm_medium=link&ref=sfp-seed
350F,https://news.example.invalid/articles/2026/10/story-734245?utm_source=share&utm_medium=link&ref=sfp-seed
DkH2,https://news.example.invalid/articles/2026/10/story-9374340?utm_source=share&utm_medium=link&ref=sfp-seed
E1ZR,https://news.example.invalid/articles/2026/10/story-9540799?utm_source=share&utm_medium=link&ref=sfp-seed
95tf,https://news.example.invalid/articles/2026/10/story-2165985?utm_source=share&utm_medium=link&ref=sfp-seed
gF5q,https://news.example.invalid/articles/2026/10/story-3971188?utm_source=share&utm_medium=link&ref=sfp-seed
cOo0,https://news.example.invalid/articles/2026/10/story-3053624?utm_source=share&utm_medium=link&ref=sfp-seed
2pUe,https://news.example.invalid/articles/2026/10/story-576242?utm_source=share&utm_medium=link&ref=sfp-seed
l1y8,https://news.example.invalid/articles/2026/10/story-5010848?utm_source=share&utm_medium=link&ref=sfp-seed
4Nq3,https://news.example.invalid/articles/2026/10/story-1143283?utm_source=share&utm_medium=link&ref=sfp-seed
ehMq,https://news.example.invalid/articles/2026/10/story-3404942?utm_source=share&utm_medium=link&ref=sfp-seed
bLDg,https://news.example.invalid/articles/2026/10/story-2804710?utm_source=share&utm_medium=link&ref=sfp-seed
g7DU,https://news.example.invalid/articles/2026/10/story-3842630?utm_source=share&utm_medium=link&ref=sfp-seed
jEFq,https://news.example.invalid/articles/2026/10/story-4684560?utm_source=share&utm_medium=link&ref=sfp-seed
mz2B,https://news.example.invalid/articles/2026/10/story-5377917?utm_source=share&utm_medium=link&ref=sfp-seed
mUHw,https://news.example.invalid/articles/2026/10/story-5461178?utm_source=share&utm_medium=link&ref=sfp-seed
kmoh,https://news.example.invalid/articles/2026/10/story-4852633?utm_source=share&utm_medium=link&ref=sfp-seed
2MjT,https://news.example.invalid/articles/2026/10/story-662401?utm_source=share&utm_medium=link&ref=sfp-seed
ewjr,https://news.example.invalid/articles/2026/10/story-3460805?utm_source=share&utm_medium=link&ref=sfp-seed
gNcN,https://news.example.invalid/articles/2026/10/story-4002397?utm_source=share&utm_medium=link&ref=sfp-seed
24qt,https://news.example.invalid/articles/2026/10/story-493673?utm_source=share&utm_medium=link&ref=sfp-seed
hhvJ,https://news.example.invalid/articles/2026/10/story-4118891?utm_source=share&utm_medium=link&ref=sfp-seed
sU4E,https://news.example.invalid/articles/2026/10/story-6888736?utm_source=share&utm_medium=link&ref=sfp-seed
whOr,https://news.example.invalid/articles/2026/10/story-7694971?utm_source=share&utm_medium=link&ref=sfp-seed
Fq1j,https://news.example.invalid/articles/2026/10/story-9871473?utm_source=share&utm_medium=link&ref=sfp-seed
4Tje,https://news.example.invalid/articles/2026/10/story-1165924?utm_source=share&utm_medium=link&ref=sfp-seed
rwhN,https://news.example.invalid/articles/2026/10/story-6558967?utm_source=share&utm_medium=link&ref=sfp-seed
9BqQ,https://news.example.invalid/articles/2026/10/story-2288844?utm_source=share&utm_medium=link&ref=sfp-seed
7mgL,https://news.example.invalid/articles/2026/10/story-1753903?utm_source=share&utm_medium=link&ref=sfp-seed
yFoX,https://news.example.invalid/articles/2026/10/story-8262303?utm_source=share&utm_medium=link&ref=sfp-seed
CyEl,https://news.example.invalid/articles/2026/10/story-9189661?utm_source=share&utm_medium=link&ref=sfp-seed
xRUs,https://news.example.invalid/articles/2026/10/story-8072056?utm_source=share&utm_medium=link&ref=sfp-seed
DD4U,https://news.example.invalid/articles/2026/10/story-9445012?utm_source=share&utm_medium=link&ref=sfp-seed
frsG,https://news.example.invalid/articles/2026/10/story-3680486?utm_source=share&utm_medium=link&ref=sfp-seed
dchA,https://news.example.invalid/articles/2026/10/story-3145482?utm_source=share&utm_medium=link&ref=sfp-seed
jMML,https://news.example.invalid/articles/2026/10/story-4715767?utm_source=share&utm_medium=link&ref=sfp-seed
zkS8,https://news.example.invalid/articles/2026/10/story-8421716?utm_source=share&utm_medium=link&ref=sfp-seed
zSFo,https://news.example.invalid/articles/2026/10/story-8551622?utm_source=share&utm_medium=link&ref=sfp-seed
hPp9,https://news.example.invalid/articles/2026/10/story-4249179?utm_source=share&utm_medium=link&ref=sfp-seed
vcwa,https://news.example.invalid/articles/2026/10/story-7436290?utm_source=share&utm_medium=link&ref=sfp-seed
rPXv,https://news.example.invalid/articles/2026/10/story-6634589?utm_source=share&utm_medium=link&ref=sfp-seed
bhey,https://news.example.invalid/articles/2026/10/story-2687858?utm_source=share&utm_medium=link&ref=sfp-seed
BjvM,https://news.example.invalid/articles/2026/10/story-8893142?utm_source=share&utm_medium=link&ref=sfp-seed
9ac6,https://news.example.invalid/articles/2026/10/story-2184142?utm_source=share&utm_medium=link&ref=sfp-seed
BIlR,https://news.example.invalid/articles/2026/10/story-8988627?utm_source=share&utm_medium=link&ref=sfp-seed
wwk7,https://news.example.invalid/articles/2026/10/story-7750751?utm_source=share&utm_medium=link&ref=sfp-seed
10QY,https://news.example.invalid/articles/2026/10/story-241612?utm_source=share&utm_medium=link&ref=sfp-seed
DXRO,https://news.example.invalid/articles/2026/10/story-9524924?utm_source=share&utm_medium=link&ref=sfp-seed
bzsD,https://news.example.invalid/articles/2026/10/story-2757923?utm_source=share&utm_medium=link&ref=sfp-seed
hXH6,https://news.example.invalid/articles/2026/10/story-4281044?utm_source=share&utm_medium=link&ref=sfp-seed
3uv6,https://news.example.invalid/articles/2026/10/story-832232?utm_source=share&utm_medium=link&ref=sfp-seed
oVtu,https://news.example.invalid/articles/2026/10/story-5940808?utm_source=share&utm_medium=link&ref=sfp-seed
vqo2,https://news.example.invalid/articles/2026/10/story-7489602?utm_source=share&utm_medium=link&ref=sfp-seed
qU5B,https://news.example.invalid/articles/2026/10/story-6412139?utm_source=share&utm_medium=link&ref=sfp-seed
ljDn,https://news.example.invalid/articles/2026/10/story-5080365?utm_source=share&utm_medium=link&ref=sfp-seed
3QV3,https://news.example.invalid/articles/2026/10/story-918409?utm_source=share&utm_medium=link&ref=sfp-seed
gam0,https://news.example.invalid/articles/2026/10/story-3853052?utm_source=share&utm_medium=link&ref=sfp-seed
hoK5,https://news.example.invalid/articles/2026/10/story-4146689?utm_source=share&utm_medium=link&ref=sfp-seed
umlm,https://news.example.invalid/articles/2026/10/story-7235732?utm_source=share&utm_medium=link&ref=sfp-seed
C5t3,https://news.example.invalid/articles/2026/10/story-9077485?utm_source=share&utm_medium=link&ref=sfp-seed
E3Jb,https://news.example.invalid/articles/2026/10/story-9547453?utm_source=share&utm_medium=link&ref=sfp-seed
