code,url
6LAzf,https://made.example.invalid/e08-05/5-0?utm_source=share&ref=0ce1o2y7
6LAzg,https://made.example.invalid/e08-05/4-1?utm_source=share&ref=f1ovo5d6
6LAzh,https://made.example.invalid/e08-05/9-2?utm_source=share&ref=fch8tz1p
6LAzi,https://made.example.invalid/e08-05/6-3?utm_source=share&ref=rojk3z6i
6LAzj,https://made.example.invalid/e08-05/13-4?utm_source=share&ref=01vlyijb
6LAzk,https://made.example.invalid/e08-05/14-5?utm_source=share&ref=2nzzw0bp
6LAzl,https://made.example.invalid/e08-05/18-6?utm_source=share&ref=qg0jf2p4
6LAzm,https://made.example.invalid/e08-05/20-7?utm_source=share&ref=5txix2e7
6LAzn,https://made.example.invalid/e08-05/19-8?utm_source=share&ref=hmn7ooa1
6LAzo,https://made.example.invalid/e08-05/23-9?utm_source=share&ref=a6s2ncpj
6LAzp,https://made.example.invalid/e08-05/5-10?utm_source=share&ref=am6ktpoc
6LAzq,https://made.example.invalid/e08-05/4-11?utm_source=share&ref=pa88b6q8
6LAzr,https://made.example.invalid/e08-05/9-12?utm_source=share&ref=idjbyl4y
6LAzs,https://made.example.invalid/e08-05/6-13?utm_source=share&ref=rqwu5w1a
6LAzt,https://made.example.invalid/e08-05/13-14?utm_source=share&ref=b4zj1rpr
6LAzu,https://made.example.invalid/e08-05/14-15?utm_source=share&ref=b6r8j8r3
6LAzv,https://made.example.invalid/e08-05/18-16?utm_source=share&ref=2dk87n76
6LAzw,https://made.example.invalid/e08-05/20-17?utm_source=share&ref=hnu280w2
6LAzx,https://made.example.invalid/e08-05/19-18?utm_source=share&ref=747b44ru
6LAzy,https://made.example.invalid/e08-05/23-19?utm_source=share&ref=l7kx6lua
6LAzz,https://made.example.invalid/e08-05/5-20?utm_source=share&ref=0fiqeoyv
6LAzA,https://made.example.invalid/e08-05/4-21?utm_source=share&ref=01tj2ezl
6LAzB,https://made.example.invalid/e08-05/9-22?utm_source=share&ref=w73cwaow
6LAzC,https://made.example.invalid/e08-05/6-23?utm_source=share&ref=fcvt08ot
6LAzD,https://made.example.invalid/e08-05/13-24?utm_source=share&ref=bus896fm
6LAzE,https://made.example.invalid/e08-05/14-25?utm_source=share&ref=4u48nyz6
6LAzF,https://made.example.invalid/e08-05/18-26?utm_source=share&ref=d4lplmlc
6LAzG,https://made.example.invalid/e08-05/20-27?utm_source=share&ref=dg402fuj
6LAzH,https://made.example.invalid/e08-05/19-28?utm_source=share&ref=lid5pty0
6LAzI,https://made.example.invalid/e08-05/23-29?utm_source=share&ref=u33397v6
6LAzJ,https://made.example.invalid/e08-05/5-30?utm_source=share&ref=4hars9om
6LAzK,https://made.example.invalid/e08-05/4-31?utm_source=share&ref=civ8z96w
6LAzL,https://made.example.invalid/e08-05/9-32?utm_source=share&ref=lhy6e5hu
6LAzM,https://made.example.invalid/e08-05/6-33?utm_source=share&ref=nly54h7c
6LAzN,https://made.example.invalid/e08-05/13-34?utm_source=share&ref=swjey73f
6LAzO,https://made.example.invalid/e08-05/14-35?utm_source=share&ref=jx2dhsaf
6LAzP,https://made.example.invalid/e08-05/18-36?utm_source=share&ref=8t8twrgn
6LAzQ,https://made.example.invalid/e08-05/20-37?utm_source=share&ref=uci2vpuh
6LAzR,https://made.example.invalid/e08-05/19-38?utm_source=share&ref=1fk3anb6
6LAzS,https://made.example.invalid/e08-05/23-39?utm_source=share&ref=mxwehggo
6LAzT,https://made.example.invalid/e08-05/5-40?utm_source=share&ref=z4unwfcy
6LAzU,https://made.example.invalid/e08-05/4-41?utm_source=share&ref=4dbo1k0o
6LAzV,https://made.example.invalid/e08-05/9-42?utm_source=share&ref=a527crba
6LAzW,https://made.example.invalid/e08-05/6-43?utm_source=share&ref=rfzbquft
6LAzX,https://made.example.invalid/e08-05/13-44?utm_source=share&ref=tiwx2b33
6LAzY,https://made.example.invalid/e08-05/14-45?utm_source=share&ref=qbjyajzz
6LAzZ,https://made.example.invalid/e08-05/18-46?utm_source=share&ref=i1nv2qsq
6LAA0,https://made.example.invalid/e08-05/20-47?utm_source=share&ref=nk195e8y
6LAA1,https://made.example.invalid/e08-05/19-48?utm_source=share&ref=v0gv1l1q
6LAA2,https://made.example.invalid/e08-05/23-49?utm_source=share&ref=n4vvdh22
6LAA3,https://made.example.invalid/e08-05/5-50?utm_source=share&ref=uszb3alg
6LAA4,https://made.example.invalid/e08-05/4-51?utm_source=share&ref=1u4vemy9
6LAA5,https://made.example.invalid/e08-05/9-52?utm_source=share&ref=v1sqaij9
6LAA6,https://made.example.invalid/e08-05/6-53?utm_source=share&ref=5xrhf00e
6LAA7,https://made.example.invalid/e08-05/13-54?utm_source=share&ref=vvpku4mn
6LAA8,https://made.example.invalid/e08-05/14-55?utm_source=share&ref=y01w07ha
6LAA9,https://made.example.invalid/e08-05/18-56?utm_source=share&ref=wwtja5de
6LAAa,https://made.example.invalid/e08-05/20-57?utm_source=share&ref=8bnjcb1t
6LAAb,https://made.example.invalid/e08-05/19-58?utm_source=share&ref=txoduc2c
6LAAc,https://made.example.invalid/e08-05/23-59?utm_source=share&ref=52hkceje
6LAAd,https://made.example.invalid/e08-05/5-60?utm_source=share&ref=lh0os1w7
6LAAe,https://made.example.invalid/e08-05/4-61?utm_source=share&ref=he3cb1gz
6LAAf,https://made.example.invalid/e08-05/9-62?utm_source=share&ref=ovfg2l7k
6LAAg,https://made.example.invalid/e08-05/6-63?utm_source=share&ref=ui1s7hkl
6LAAh,https://made.example.invalid/e08-05/13-64?utm_source=share&ref=dtlhua8d
6LAAi,https://made.example.invalid/e08-05/14-65?utm_source=share&ref=769xzpm0
6LAAj,https://made.example.invalid/e08-05/18-66?utm_source=share&ref=kvdyg4jc
6LAAk,https://made.example.invalid/e08-05/20-67?utm_source=share&ref=248xn0om
6LAAl,https://made.example.invalid/e08-05/19-68?utm_source=share&ref=cs63yxhx
6LAAm,https://made.example.invalid/e08-05/23-69?utm_source=share&ref=ko5nrm1z
6LAAn,https://made.example.invalid/e08-05/5-70?utm_source=share&ref=syywlccd
6LAAo,https://made.example.invalid/e08-05/4-71?utm_source=share&ref=mygkdh6k
6LAAp,https://made.example.invalid/e08-05/9-72?utm_source=share&ref=gigya4ub
6LAAq,https://made.example.invalid/e08-05/6-73?utm_source=share&ref=1k9t8vor
6LAAr,https://made.example.invalid/e08-05/13-74?utm_source=share&ref=pymbq9by
6LAAs,https://made.example.invalid/e08-05/14-75?utm_source=share&ref=xdrocfsy
6LAAt,https://made.example.invalid/e08-05/18-76?utm_source=share&ref=nvlmsjf6
6LAAu,https://made.example.invalid/e08-05/20-77?utm_source=share&ref=y96ldz3b
6LAAv,https://made.example.invalid/e08-05/19-78?utm_source=share&ref=omuw0zpw
6LAAw,https://made.example.invalid/e08-05/23-79?utm_source=share&ref=jq6o2op0
6LAAx,https://made.example.invalid/e08-05/5-80?utm_source=share&ref=31mvivsd
6LAAy,https://made.example.invalid/e08-05/4-81?utm_source=share&ref=1ldmx22x
6LAAz,https://made.example.invalid/e08-05/9-82?utm_source=share&ref=uiz1ukfv
6LAAA,https://made.example.invalid/e08-05/6-83?utm_source=share&ref=yj2tfx8g
6LAAB,https://made.example.invalid/e08-05/13-84?utm_source=share&ref=nyvh0dzm
6LAAC,https://made.example.invalid/e08-05/14-85?utm_source=share&ref=13s5rrux
6LAAD,https://made.example.invalid/e08-05/18-86?utm_source=share&ref=4y42k8md
6LAAE,https://made.example.invalid/e08-05/20-87?utm_source=share&ref=vg3dwmd1
6LAAF,https://made.example.invalid/e08-05/19-88?utm_source=share&ref=955gnkxa
6LAAG,https://made.example.invalid/e08-05/23-89?utm_source=share&ref=99wefy7i
6LAAH,https://made.example.invalid/e08-05/5-90?utm_source=share&ref=rrrtlizv
6LAAI,https://made.example.invalid/e08-05/4-91?utm_source=share&ref=59tuszir
6LAAJ,https://made.example.invalid/e08-05/9-92?utm_source=share&ref=0qz31fl7
6LAAK,https://made.example.invalid/e08-05/6-93?utm_source=share&ref=q022b0eh
6LAAL,https://made.example.invalid/e08-05/13-94?utm_source=share&ref=h2cs6cb4
6LAAM,https://made.example.invalid/e08-05/14-95?utm_source=share&ref=0hqha1eh
6LAAN,https://made.example.invalid/e08-05/18-96?utm_source=share&ref=5y6i7k2o
6LAAO,https://made.example.invalid/e08-05/20-97?utm_source=share&ref=0zp3spwx
6LAAP,https://made.example.invalid/e08-05/19-98?utm_source=share&ref=tcuwvfu0
6LAAQ,https://made.example.invalid/e08-05/23-99?utm_source=share&ref=fyopkb4f
6LAAR,https://made.example.invalid/e08-05/5-100?utm_source=share&ref=6kcjjpta
6LAAS,https://made.example.invalid/e08-05/4-101?utm_source=share&ref=rqe8mchy
6LAAT,https://made.example.invalid/e08-05/9-102?utm_source=share&ref=n6ih3dq3
6LAAU,https://made.example.invalid/e08-05/6-103?utm_source=share&ref=0wh2wy3l
6LAAV,https://made.example.invalid/e08-05/13-104?utm_source=share&ref=d1mk3blg
6LAAW,https://made.example.invalid/e08-05/14-105?utm_source=share&ref=l0btz0mo
6LAAX,https://made.example.invalid/e08-05/18-106?utm_source=share&ref=d0fo2ukl
6LAAY,https://made.example.invalid/e08-05/20-107?utm_source=share&ref=g5a4vbor
6LAAZ,https://made.example.invalid/e08-05/19-108?utm_source=share&ref=n74msi9e
6LAB0,https://made.example.invalid/e08-05/23-109?utm_source=share&ref=ysb5nsjy
6LAB1,https://made.example.invalid/e08-05/5-110?utm_source=share&ref=pzsq07xp
6LAB2,https://made.example.invalid/e08-05/4-111?utm_source=share&ref=yma7b77c
6LAB3,https://made.example.invalid/e08-05/9-112?utm_source=share&ref=5r4vuopw
6LAB4,https://made.example.invalid/e08-05/6-113?utm_source=share&ref=md24ow1q
6LAB5,https://made.example.invalid/e08-05/13-114?utm_source=share&ref=v4z2bw5f
6LAB6,https://made.example.invalid/e08-05/14-115?utm_source=share&ref=agc7c38u
6LAB7,https://made.example.invalid/e08-05/18-116?utm_source=share&ref=zg2cga9d
6LAB8,https://made.example.invalid/e08-05/20-117?utm_source=share&ref=f9b2xhvb
6LAB9,https://made.example.invalid/e08-05/19-118?utm_source=share&ref=09rxzf91
6LABa,https://made.example.invalid/e08-05/23-119?utm_source=share&ref=vmba1ack
6LABb,https://made.example.invalid/e08-05/5-120?utm_source=share&ref=v8qufazf
6LABc,https://made.example.invalid/e08-05/4-121?utm_source=share&ref=rgn0py4h
6LABd,https://made.example.invalid/e08-05/9-122?utm_source=share&ref=tp9zd072
6LABe,https://made.example.invalid/e08-05/6-123?utm_source=share&ref=p12s7lqf
6LABf,https://made.example.invalid/e08-05/13-124?utm_source=share&ref=eztwidw7
6LABg,https://made.example.invalid/e08-05/14-125?utm_source=share&ref=nlzhze90
6LABh,https://made.example.invalid/e08-05/18-126?utm_source=share&ref=7ildrefq
6LABi,https://made.example.invalid/e08-05/20-127?utm_source=share&ref=59kmetj6
6LABj,https://made.example.invalid/e08-05/19-128?utm_source=share&ref=jwa5wbfz
6LABk,https://made.example.invalid/e08-05/23-129?utm_source=share&ref=htrombt0
6LABl,https://made.example.invalid/e08-05/5-130?utm_source=share&ref=ogmlbzdv
6LABm,https://made.example.invalid/e08-05/4-131?utm_source=share&ref=8auryp8u
6LABn,https://made.example.invalid/e08-05/9-132?utm_source=share&ref=i7pznhbr
6LABo,https://made.example.invalid/e08-05/6-133?utm_source=share&ref=5hl6o7u0
6LABp,https://made.example.invalid/e08-05/13-134?utm_source=share&ref=tykrkhf3
6LABq,https://made.example.invalid/e08-05/14-135?utm_source=share&ref=9uq921sw
6LABr,https://made.example.invalid/e08-05/18-136?utm_source=share&ref=gqkb639e
6LABs,https://made.example.invalid/e08-05/20-137?utm_source=share&ref=93i8qrow
6LABt,https://made.example.invalid/e08-05/19-138?utm_source=share&ref=3beill80
6LABu,https://made.example.invalid/e08-05/23-139?utm_source=share&ref=ftu34j62
6LABv,https://made.example.invalid/e08-05/5-140?utm_source=share&ref=b4r1aq1j
6LABw,https://made.example.invalid/e08-05/4-141?utm_source=share&ref=a9egygza
6LABx,https://made.example.invalid/e08-05/9-142?utm_source=share&ref=9fteois1
6LABy,https://made.example.invalid/e08-05/6-143?utm_source=share&ref=a57zmpu2
6LABz,https://made.example.invalid/e08-05/13-144?utm_source=share&ref=vivvit88
6LABA,https://made.example.invalid/e08-05/14-145?utm_source=share&ref=c61ig35y
6LABB,https://made.example.invalid/e08-05/18-146?utm_source=share&ref=wlg9z41d
6LABC,https://made.example.invalid/e08-05/20-147?utm_source=share&ref=6e6bnjq7
6LABD,https://made.example.invalid/e08-05/19-148?utm_source=share&ref=008jgqim
6LABE,https://made.example.invalid/e08-05/23-149?utm_source=share&ref=dg0vb6hf
6LABF,https://made.example.invalid/e08-05/5-150?utm_source=share&ref=7x7pxw92
6LABG,https://made.example.invalid/e08-05/4-151?utm_source=share&ref=u7xhph2q
6LABH,https://made.example.invalid/e08-05/9-152?utm_source=share&ref=5puw3wij
6LABI,https://made.example.invalid/e08-05/6-153?utm_source=share&ref=u80yvmj9
6LABJ,https://made.example.invalid/e08-05/13-154?utm_source=share&ref=5s6ax0mk
6LABK,https://made.example.invalid/e08-05/14-155?utm_source=share&ref=g801hnbj
6LABL,https://made.example.invalid/e08-05/18-156?utm_source=share&ref=wbeqi6da
6LABM,https://made.example.invalid/e08-05/20-157?utm_source=share&ref=aw5fwlox
6LABN,https://made.example.invalid/e08-05/19-158?utm_source=share&ref=rr1n9xdz
6LABO,https://made.example.invalid/e08-05/23-159?utm_source=share&ref=0b1i4sw0
6LABP,https://made.example.invalid/e08-05/5-160?utm_source=share&ref=gkr0toe6
6LABQ,https://made.example.invalid/e08-05/4-161?utm_source=share&ref=fvcb63rb
6LABR,https://made.example.invalid/e08-05/9-162?utm_source=share&ref=9v1zws31
6LABS,https://made.example.invalid/e08-05/6-163?utm_source=share&ref=op9kh0m0
6LABT,https://made.example.invalid/e08-05/13-164?utm_source=share&ref=xfss34ej
6LABU,https://made.example.invalid/e08-05/14-165?utm_source=share&ref=p6gscwsv
6LABV,https://made.example.invalid/e08-05/18-166?utm_source=share&ref=jwmoibpk
6LABW,https://made.example.invalid/e08-05/20-167?utm_source=share&ref=db52f8cb
6LABX,https://made.example.invalid/e08-05/19-168?utm_source=share&ref=qd4u9xko
6LABY,https://made.example.invalid/e08-05/23-169?utm_source=share&ref=pfkm9k7j
6LABZ,https://made.example.invalid/e08-05/5-170?utm_source=share&ref=10siy0sy
6LAC0,https://made.example.invalid/e08-05/4-171?utm_source=share&ref=ywtgzi6b
6LAC1,https://made.example.invalid/e08-05/9-172?utm_source=share&ref=412aaaom
6LAC2,https://made.example.invalid/e08-05/6-173?utm_source=share&ref=2wz1qe06
6LAC3,https://made.example.invalid/e08-05/13-174?utm_source=share&ref=lxulqlk0
6LAC4,https://made.example.invalid/e08-05/14-175?utm_source=share&ref=fpo3nttw
6LAC5,https://made.example.invalid/e08-05/18-176?utm_source=share&ref=k3lxace2
6LAC6,https://made.example.invalid/e08-05/20-177?utm_source=share&ref=drmkt0gp
6LAC7,https://made.example.invalid/e08-05/19-178?utm_source=share&ref=pj6gtg1i
6LAC8,https://made.example.invalid/e08-05/23-179?utm_source=share&ref=73vuswtx
6LAC9,https://made.example.invalid/e08-05/5-180?utm_source=share&ref=y1t6e1d6
6LACa,https://made.example.invalid/e08-05/4-181?utm_source=share&ref=t6d9w3qz
6LACb,https://made.example.invalid/e08-05/9-182?utm_source=share&ref=su2glgf2
6LACc,https://made.example.invalid/e08-05/6-183?utm_source=share&ref=rkqqnn7d
6LACd,https://made.example.invalid/e08-05/13-184?utm_source=share&ref=wmljzdm9
6LACe,https://made.example.invalid/e08-05/14-185?utm_source=share&ref=4l1zjrjn
6LACf,https://made.example.invalid/e08-05/18-186?utm_source=share&ref=6rbnqvzt
6LACg,https://made.example.invalid/e08-05/20-187?utm_source=share&ref=o0n6wigu
6LACh,https://made.example.invalid/e08-05/19-188?utm_source=share&ref=t973f6gk
6LACi,https://made.example.invalid/e08-05/23-189?utm_source=share&ref=5fzqvrll
6LACj,https://made.example.invalid/e08-05/5-190?utm_source=share&ref=0kn51n72
6LACk,https://made.example.invalid/e08-05/4-191?utm_source=share&ref=rm4edepz
6LACl,https://made.example.invalid/e08-05/9-192?utm_source=share&ref=m2fndvwb
6LACm,https://made.example.invalid/e08-05/6-193?utm_source=share&ref=booc099k
6LACn,https://made.example.invalid/e08-05/13-194?utm_source=share&ref=aqm7x8vf
6LACo,https://made.example.invalid/e08-05/14-195?utm_source=share&ref=a5dg7kf7
6LACp,https://made.example.invalid/e08-05/18-196?utm_source=share&ref=xxhnmwvd
6LACq,https://made.example.invalid/e08-05/20-197?utm_source=share&ref=8qjja9ya
6LACr,https://made.example.invalid/e08-05/19-198?utm_source=share&ref=txios33a
6LACs,https://made.example.invalid/e08-05/23-199?utm_source=share&ref=mxlddsvv
6LACt,https://made.example.invalid/e08-05/5-200?utm_source=share&ref=fbxtn3pm
6LACu,https://made.example.invalid/e08-05/4-201?utm_source=share&ref=1ae620fi
6LACv,https://made.example.invalid/e08-05/9-202?utm_source=share&ref=36m9lzls
6LACw,https://made.example.invalid/e08-05/6-203?utm_source=share&ref=vrypian8
6LACx,https://made.example.invalid/e08-05/13-204?utm_source=share&ref=nv2xfjeu
6LACy,https://made.example.invalid/e08-05/14-205?utm_source=share&ref=079i24lr
6LACz,https://made.example.invalid/e08-05/18-206?utm_source=share&ref=qnlypi2y
6LACA,https://made.example.invalid/e08-05/20-207?utm_source=share&ref=8s2pamus
6LACB,https://made.example.invalid/e08-05/19-208?utm_source=share&ref=btlcnjy9
6LACC,https://made.example.invalid/e08-05/23-209?utm_source=share&ref=i3v2si44
6LACD,https://made.example.invalid/e08-05/5-210?utm_source=share&ref=u2uc24pt
6LACE,https://made.example.invalid/e08-05/4-211?utm_source=share&ref=egyii43q
6LACF,https://made.example.invalid/e08-05/9-212?utm_source=share&ref=7cflu9h3
6LACG,https://made.example.invalid/e08-05/6-213?utm_source=share&ref=89o0nyy4
6LACH,https://made.example.invalid/e08-05/13-214?utm_source=share&ref=00hynsh6
6LACI,https://made.example.invalid/e08-05/14-215?utm_source=share&ref=w6uujhhx
6LACJ,https://made.example.invalid/e08-05/18-216?utm_source=share&ref=8kduat7s
6LACK,https://made.example.invalid/e08-05/20-217?utm_source=share&ref=panamvu0
6LACL,https://made.example.invalid/e08-05/19-218?utm_source=share&ref=85191ak2
6LACM,https://made.example.invalid/e08-05/23-219?utm_source=share&ref=pgkened3
6LACN,https://made.example.invalid/e08-05/5-220?utm_source=share&ref=y6cg6axt
6LACO,https://made.example.invalid/e08-05/4-221?utm_source=share&ref=veh7d54z
6LACP,https://made.example.invalid/e08-05/9-222?utm_source=share&ref=gipfh9sn
6LACQ,https://made.example.invalid/e08-05/6-223?utm_source=share&ref=lo6n4gcn
6LACR,https://made.example.invalid/e08-05/13-224?utm_source=share&ref=maqkdw9n
6LACS,https://made.example.invalid/e08-05/14-225?utm_source=share&ref=hwhlt8x2
6LACT,https://made.example.invalid/e08-05/18-226?utm_source=share&ref=9bp2tjyq
6LACU,https://made.example.invalid/e08-05/20-227?utm_source=share&ref=w2vzpt4v
6LACV,https://made.example.invalid/e08-05/19-228?utm_source=share&ref=nra9p56w
6LACW,https://made.example.invalid/e08-05/23-229?utm_source=share&ref=uomd08j9
6LACX,https://made.example.invalid/e08-05/5-230?utm_source=share&ref=492gxxpg
6LACY,https://made.example.invalid/e08-05/4-231?utm_source=share&ref=kj9c51cw
6LACZ,https://made.example.invalid/e08-05/9-232?utm_source=share&ref=hum2p1z0
6LAD0,https://made.example.invalid/e08-05/6-233?utm_source=share&ref=b3uwanpq
6LAD1,https://made.example.invalid/e08-05/13-234?utm_source=share&ref=11oawr7n
6LAD2,https://made.example.invalid/e08-05/14-235?utm_source=share&ref=wodffeao
6LAD3,https://made.example.invalid/e08-05/18-236?utm_source=share&ref=nmseycjj
6LAD4,https://made.example.invalid/e08-05/20-237?utm_source=share&ref=mrajzbvd
6LAD5,https://made.example.invalid/e08-05/19-238?utm_source=share&ref=ppx84j9s
6LAD6,https://made.example.invalid/e08-05/23-239?utm_source=share&ref=wm3jyfpy
6LAD7,https://made.example.invalid/e08-05/5-240?utm_source=share&ref=3lv7w5cc
6LAD8,https://made.example.invalid/e08-05/4-241?utm_source=share&ref=6a5y2u2m
6LAD9,https://made.example.invalid/e08-05/9-242?utm_source=share&ref=3sqgfcac
6LADa,https://made.example.invalid/e08-05/6-243?utm_source=share&ref=ges9w4iu
6LADb,https://made.example.invalid/e08-05/13-244?utm_source=share&ref=j3hnt594
6LADc,https://made.example.invalid/e08-05/14-245?utm_source=share&ref=qb8vaoqm
6LADd,https://made.example.invalid/e08-05/18-246?utm_source=share&ref=cly9ys1a
6LADe,https://made.example.invalid/e08-05/20-247?utm_source=share&ref=60m9e8kw
6LADf,https://made.example.invalid/e08-05/19-248?utm_source=share&ref=yrcjd4r6
6LADg,https://made.example.invalid/e08-05/23-249?utm_source=share&ref=mvmsul2h
6LADh,https://made.example.invalid/e08-05/5-250?utm_source=share&ref=pdxzrl6r
6LADi,https://made.example.invalid/e08-05/4-251?utm_source=share&ref=k66hqv6g
6LADj,https://made.example.invalid/e08-05/9-252?utm_source=share&ref=q44whola
6LADk,https://made.example.invalid/e08-05/6-253?utm_source=share&ref=73dg3oaz
6LADl,https://made.example.invalid/e08-05/13-254?utm_source=share&ref=cmum202a
6LADm,https://made.example.invalid/e08-05/14-255?utm_source=share&ref=k19xw8kf
6LADn,https://made.example.invalid/e08-05/18-256?utm_source=share&ref=qwabpm3w
6LADo,https://made.example.invalid/e08-05/20-257?utm_source=share&ref=s7b13ge0
6LADp,https://made.example.invalid/e08-05/19-258?utm_source=share&ref=rzw6p7ya
6LADq,https://made.example.invalid/e08-05/23-259?utm_source=share&ref=npc58y0j
6LADr,https://made.example.invalid/e08-05/5-260?utm_source=share&ref=vxtgf4s2
6LADs,https://made.example.invalid/e08-05/4-261?utm_source=share&ref=bzyept5f
6LADt,https://made.example.invalid/e08-05/9-262?utm_source=share&ref=31n35gnq
6LADu,https://made.example.invalid/e08-05/6-263?utm_source=share&ref=o6nz6jxw
6LADv,https://made.example.invalid/e08-05/13-264?utm_source=share&ref=xrvh6cc3
6LADw,https://made.example.invalid/e08-05/14-265?utm_source=share&ref=nea2jdnb
6LADx,https://made.example.invalid/e08-05/18-266?utm_source=share&ref=4oncb1kq
6LADy,https://made.example.invalid/e08-05/20-267?utm_source=share&ref=vz9tf224
6LADz,https://made.example.invalid/e08-05/19-268?utm_source=share&ref=1ja8611i
6LADA,https://made.example.invalid/e08-05/23-269?utm_source=share&ref=o0w80h8b
6LADB,https://made.example.invalid/e08-05/5-270?utm_source=share&ref=1ezyi4iz
6LADC,https://made.example.invalid/e08-05/4-271?utm_source=share&ref=27mzcpx1
6LADD,https://made.example.invalid/e08-05/9-272?utm_source=share&ref=rexr7r6a
6LADE,https://made.example.invalid/e08-05/6-273?utm_source=share&ref=u6tvzs3q
6LADF,https://made.example.invalid/e08-05/13-274?utm_source=share&ref=e50do10k
6LADG,https://made.example.invalid/e08-05/14-275?utm_source=share&ref=axgxuye9
6LADH,https://made.example.invalid/e08-05/18-276?utm_source=share&ref=qi2tyolg
6LADI,https://made.example.invalid/e08-05/20-277?utm_source=share&ref=ycbovcvm
6LADJ,https://made.example.invalid/e08-05/19-278?utm_source=share&ref=hcact99g
6LADK,https://made.example.invalid/e08-05/23-279?utm_source=share&ref=afoxgydf
6LADL,https://made.example.invalid/e08-05/5-280?utm_source=share&ref=yht31cob
6LADM,https://made.example.invalid/e08-05/4-281?utm_source=share&ref=y4fp17ff
6LADN,https://made.example.invalid/e08-05/9-282?utm_source=share&ref=rwxx3cbq
6LADO,https://made.example.invalid/e08-05/6-283?utm_source=share&ref=o9jj2aaq
6LADP,https://made.example.invalid/e08-05/13-284?utm_source=share&ref=4g8q4m0i
6LADQ,https://made.example.invalid/e08-05/14-285?utm_source=share&ref=fhwrhnuj
6LADR,https://made.example.invalid/e08-05/18-286?utm_source=share&ref=7qz7tqmy
6LADS,https://made.example.invalid/e08-05/20-287?utm_source=share&ref=q9opciih
6LADT,https://made.example.invalid/e08-05/19-288?utm_source=share&ref=gdstcewt
6LADU,https://made.example.invalid/e08-05/23-289?utm_source=share&ref=s50eibmn
6LADV,https://made.example.invalid/e08-05/5-290?utm_source=share&ref=hkwxlcna
6LADW,https://made.example.invalid/e08-05/4-291?utm_source=share&ref=bjhhpx76
6LADX,https://made.example.invalid/e08-05/9-292?utm_source=share&ref=n2mu8rsy
6LADY,https://made.example.invalid/e08-05/6-293?utm_source=share&ref=jl05d3p4
6LADZ,https://made.example.invalid/e08-05/13-294?utm_source=share&ref=441r2bvn
6LAE0,https://made.example.invalid/e08-05/14-295?utm_source=share&ref=ipvcvykn
6LAE1,https://made.example.invalid/e08-05/18-296?utm_source=share&ref=aqu9c4sb
6LAE2,https://made.example.invalid/e08-05/20-297?utm_source=share&ref=23q5ov7h
6LAE3,https://made.example.invalid/e08-05/19-298?utm_source=share&ref=l9vpz6ge
6LAE4,https://made.example.invalid/e08-05/23-299?utm_source=share&ref=b0cwl3rf
6LAE5,https://made.example.invalid/e08-05/5-300?utm_source=share&ref=c4vweoxu
6LAE6,https://made.example.invalid/e08-05/4-301?utm_source=share&ref=2u1pxrk4
6LAE7,https://made.example.invalid/e08-05/9-302?utm_source=share&ref=c1naenur
6LAE8,https://made.example.invalid/e08-05/6-303?utm_source=share&ref=v7ztmp0y
6LAE9,https://made.example.invalid/e08-05/13-304?utm_source=share&ref=e9m7sxnp
6LAEa,https://made.example.invalid/e08-05/14-305?utm_source=share&ref=ikyhjv6u
6LAEb,https://made.example.invalid/e08-05/18-306?utm_source=share&ref=9pc6ppg2
6LAEc,https://made.example.invalid/e08-05/20-307?utm_source=share&ref=i8ro4gn5
6LAEd,https://made.example.invalid/e08-05/19-308?utm_source=share&ref=870xd0mg
6LAEe,https://made.example.invalid/e08-05/23-309?utm_source=share&ref=fjc8yf9p
6LAEf,https://made.example.invalid/e08-05/5-310?utm_source=share&ref=ces6zplk
6LAEg,https://made.example.invalid/e08-05/4-311?utm_source=share&ref=3xbncf0n
6LAEh,https://made.example.invalid/e08-05/9-312?utm_source=share&ref=f8mb1c2o
6LAEi,https://made.example.invalid/e08-05/6-313?utm_source=share&ref=5oczsyry
6LAEj,https://made.example.invalid/e08-05/13-314?utm_source=share&ref=mrqxjl12
6LAEk,https://made.example.invalid/e08-05/14-315?utm_source=share&ref=y8vo0rn0
6LAEl,https://made.example.invalid/e08-05/18-316?utm_source=share&ref=9x20vgrl
6LAEm,https://made.example.invalid/e08-05/20-317?utm_source=share&ref=cfvbyd60
6LAEn,https://made.example.invalid/e08-05/19-318?utm_source=share&ref=43wfn39m
6LAEo,https://made.example.invalid/e08-05/23-319?utm_source=share&ref=xmmqlnhj
6LAEp,https://made.example.invalid/e08-05/5-320?utm_source=share&ref=laa693kr
6LAEq,https://made.example.invalid/e08-05/4-321?utm_source=share&ref=2dv6awzf
6LAEr,https://made.example.invalid/e08-05/9-322?utm_source=share&ref=soocwukn
6LAEs,https://made.example.invalid/e08-05/6-323?utm_source=share&ref=vyovfdrn
6LAEt,https://made.example.invalid/e08-05/13-324?utm_source=share&ref=s9zhb1j7
6LAEu,https://made.example.invalid/e08-05/14-325?utm_source=share&ref=i6xlnd2u
6LAEv,https://made.example.invalid/e08-05/18-326?utm_source=share&ref=dzi4ww71
6LAEw,https://made.example.invalid/e08-05/20-327?utm_source=share&ref=8cpldpz7
6LAEx,https://made.example.invalid/e08-05/19-328?utm_source=share&ref=rpsspz70
6LAEy,https://made.example.invalid/e08-05/23-329?utm_source=share&ref=2biskjbp
6LAEz,https://made.example.invalid/e08-05/5-330?utm_source=share&ref=zhzumkbf
6LAEA,https://made.example.invalid/e08-05/4-331?utm_source=share&ref=v4m8w2o1
6LAEB,https://made.example.invalid/e08-05/9-332?utm_source=share&ref=jr2twzki
6LAEC,https://made.example.invalid/e08-05/6-333?utm_source=share&ref=54xpstry
6LAED,https://made.example.invalid/e08-05/13-334?utm_source=share&ref=xyue51jl
6LAEE,https://made.example.invalid/e08-05/14-335?utm_source=share&ref=rs2tkbb4
6LAEF,https://made.example.invalid/e08-05/18-336?utm_source=share&ref=za4p7isu
6LAEG,https://made.example.invalid/e08-05/20-337?utm_source=share&ref=v9cc1v7g
6LAEH,https://made.example.invalid/e08-05/19-338?utm_source=share&ref=2z2tru9n
6LAEI,https://made.example.invalid/e08-05/23-339?utm_source=share&ref=q09v222u
6LAEJ,https://made.example.invalid/e08-05/5-340?utm_source=share&ref=amddr0hh
6LAEK,https://made.example.invalid/e08-05/4-341?utm_source=share&ref=edletilj
6LAEL,https://made.example.invalid/e08-05/9-342?utm_source=share&ref=fds6uexs
6LAEM,https://made.example.invalid/e08-05/6-343?utm_source=share&ref=k94yfcdw
6LAEN,https://made.example.invalid/e08-05/13-344?utm_source=share&ref=5x21xmwl
6LAEO,https://made.example.invalid/e08-05/14-345?utm_source=share&ref=77ddvxbg
6LAEP,https://made.example.invalid/e08-05/18-346?utm_source=share&ref=f31wyouw
6LAEQ,https://made.example.invalid/e08-05/20-347?utm_source=share&ref=rtmu04c1
6LAER,https://made.example.invalid/e08-05/19-348?utm_source=share&ref=hwsx2zx2
6LAES,https://made.example.invalid/e08-05/23-349?utm_source=share&ref=sdhdq6cm
6LAET,https://made.example.invalid/e08-05/5-350?utm_source=share&ref=b1v39s8z
6LAEU,https://made.example.invalid/e08-05/4-351?utm_source=share&ref=8txtt29w
6LAEV,https://made.example.invalid/e08-05/9-352?utm_source=share&ref=9hotgh1h
6LAEW,https://made.example.invalid/e08-05/6-353?utm_source=share&ref=hazwyt28
6LAEX,https://made.example.invalid/e08-05/13-354?utm_source=share&ref=u3qdp67g
6LAEY,https://made.example.invalid/e08-05/14-355?utm_source=share&ref=rj7jiwxt
6LAEZ,https://made.example.invalid/e08-05/18-356?utm_source=share&ref=wwahb1vm
6LAF0,https://made.example.invalid/e08-05/20-357?utm_source=share&ref=66se1ft1
6LAF1,https://made.example.invalid/e08-05/19-358?utm_source=share&ref=6fpgcp95
6LAF2,https://made.example.invalid/e08-05/23-359?utm_source=share&ref=s2veocbm
6LAF3,https://made.example.invalid/e08-05/5-360?utm_source=share&ref=fr6kycsn
6LAF4,https://made.example.invalid/e08-05/4-361?utm_source=share&ref=fopooo46
6LAF5,https://made.example.invalid/e08-05/9-362?utm_source=share&ref=lyb28l5r
6LAF6,https://made.example.invalid/e08-05/6-363?utm_source=share&ref=0efirt45
6LAF7,https://made.example.invalid/e08-05/13-364?utm_source=share&ref=bgenz6yd
6LAF8,https://made.example.invalid/e08-05/14-365?utm_source=share&ref=z3npe0fk
6LAF9,https://made.example.invalid/e08-05/18-366?utm_source=share&ref=0twtx2y8
6LAFa,https://made.example.invalid/e08-05/20-367?utm_source=share&ref=5povq98f
6LAFb,https://made.example.invalid/e08-05/19-368?utm_source=share&ref=u2qiokq4
6LAFc,https://made.example.invalid/e08-05/23-369?utm_source=share&ref=ltoomgwd
6LAFd,https://made.example.invalid/e08-05/5-370?utm_source=share&ref=l58xv1qj
6LAFe,https://made.example.invalid/e08-05/4-371?utm_source=share&ref=cc274oip
6LAFf,https://made.example.invalid/e08-05/9-372?utm_source=share&ref=47ezkaiw
6LAFg,https://made.example.invalid/e08-05/6-373?utm_source=share&ref=2268bn9r
6LAFh,https://made.example.invalid/e08-05/13-374?utm_source=share&ref=3vxxps8y
6LAFi,https://made.example.invalid/e08-05/14-375?utm_source=share&ref=flegr0ni
6LAFj,https://made.example.invalid/e08-05/18-376?utm_source=share&ref=agb5ohvy
6LAFk,https://made.example.invalid/e08-05/20-377?utm_source=share&ref=azze9d9g
6LAFl,https://made.example.invalid/e08-05/19-378?utm_source=share&ref=40myhj39
6LAFm,https://made.example.invalid/e08-05/23-379?utm_source=share&ref=7zzfd989
6LAFn,https://made.example.invalid/e08-05/5-380?utm_source=share&ref=qoy5nexv
6LAFo,https://made.example.invalid/e08-05/4-381?utm_source=share&ref=id1rf0k3
6LAFp,https://made.example.invalid/e08-05/9-382?utm_source=share&ref=z3qzdio9
6LAFq,https://made.example.invalid/e08-05/6-383?utm_source=share&ref=i25ajg3g
6LAFr,https://made.example.invalid/e08-05/13-384?utm_source=share&ref=1a1kywso
6LAFs,https://made.example.invalid/e08-05/14-385?utm_source=share&ref=7ih6ym8x
6LAFt,https://made.example.invalid/e08-05/18-386?utm_source=share&ref=3ducsshk
6LAFu,https://made.example.invalid/e08-05/20-387?utm_source=share&ref=iy6ypzop
6LAFv,https://made.example.invalid/e08-05/19-388?utm_source=share&ref=oktzzv5t
6LAFw,https://made.example.invalid/e08-05/23-389?utm_source=share&ref=z17n4q6e
6LAFx,https://made.example.invalid/e08-05/5-390?utm_source=share&ref=w09988ai
6LAFy,https://made.example.invalid/e08-05/4-391?utm_source=share&ref=e97iyt7r
6LAFz,https://made.example.invalid/e08-05/9-392?utm_source=share&ref=03a371md
6LAFA,https://made.example.invalid/e08-05/6-393?utm_source=share&ref=yl3kplh3
6LAFB,https://made.example.invalid/e08-05/13-394?utm_source=share&ref=qljfwwmp
6LAFC,https://made.example.invalid/e08-05/14-395?utm_source=share&ref=c4w1hete
6LAFD,https://made.example.invalid/e08-05/18-396?utm_source=share&ref=xokeqo3i
6LAFE,https://made.example.invalid/e08-05/20-397?utm_source=share&ref=lzogiryf
6LAFF,https://made.example.invalid/e08-05/19-398?utm_source=share&ref=sd7yhb25
6LAFG,https://made.example.invalid/e08-05/23-399?utm_source=share&ref=vm4eszbb
6LAFH,https://made.example.invalid/e08-05/5-400?utm_source=share&ref=f3gfb6ur
6LAFI,https://made.example.invalid/e08-05/4-401?utm_source=share&ref=nu637vkh
6LAFJ,https://made.example.invalid/e08-05/9-402?utm_source=share&ref=2imv2rsy
6LAFK,https://made.example.invalid/e08-05/6-403?utm_source=share&ref=8eflx2q3
6LAFL,https://made.example.invalid/e08-05/13-404?utm_source=share&ref=zqzqdd6y
6LAFM,https://made.example.invalid/e08-05/14-405?utm_source=share&ref=dtj3nc4b
6LAFN,https://made.example.invalid/e08-05/18-406?utm_source=share&ref=t50jqizz
6LAFO,https://made.example.invalid/e08-05/20-407?utm_source=share&ref=pcljkvww
6LAFP,https://made.example.invalid/e08-05/19-408?utm_source=share&ref=k6vtodvk
6LAFQ,https://made.example.invalid/e08-05/23-409?utm_source=share&ref=ouekto50
6LAFR,https://made.example.invalid/e08-05/5-410?utm_source=share&ref=425pllc2
6LAFS,https://made.example.invalid/e08-05/4-411?utm_source=share&ref=eulxlobh
6LAFT,https://made.example.invalid/e08-05/9-412?utm_source=share&ref=7ampfjmz
6LAFU,https://made.example.invalid/e08-05/6-413?utm_source=share&ref=lpv6p9eb
6LAFV,https://made.example.invalid/e08-05/13-414?utm_source=share&ref=csji5zkg
6LAFW,https://made.example.invalid/e08-05/14-415?utm_source=share&ref=b672r1kj
6LAFX,https://made.example.invalid/e08-05/18-416?utm_source=share&ref=znb0pqa9
6LAFY,https://made.example.invalid/e08-05/20-417?utm_source=share&ref=v9wk0pb6
6LAFZ,https://made.example.invalid/e08-05/19-418?utm_source=share&ref=br6esvs5
6LAG0,https://made.example.invalid/e08-05/23-419?utm_source=share&ref=9g8z44pc
6LAG1,https://made.example.invalid/e08-05/5-420?utm_source=share&ref=9br1049j
6LAG2,https://made.example.invalid/e08-05/4-421?utm_source=share&ref=salca3aa
6LAG3,https://made.example.invalid/e08-05/9-422?utm_source=share&ref=0lt1y67v
6LAG4,https://made.example.invalid/e08-05/6-423?utm_source=share&ref=70zrys9e
6LAG5,https://made.example.invalid/e08-05/13-424?utm_source=share&ref=bihjv2lj
6LAG6,https://made.example.invalid/e08-05/14-425?utm_source=share&ref=jrelazef
6LAG7,https://made.example.invalid/e08-05/18-426?utm_source=share&ref=jvt4g97e
6LAG8,https://made.example.invalid/e08-05/20-427?utm_source=share&ref=uhr5xvmf
6LAG9,https://made.example.invalid/e08-05/19-428?utm_source=share&ref=2rjt77t8
6LAGa,https://made.example.invalid/e08-05/23-429?utm_source=share&ref=i3im9986
6LAGb,https://made.example.invalid/e08-05/5-430?utm_source=share&ref=ggau6np5
6LAGc,https://made.example.invalid/e08-05/4-431?utm_source=share&ref=jmhp9rmz
6LAGd,https://made.example.invalid/e08-05/9-432?utm_source=share&ref=fy0027op
6LAGe,https://made.example.invalid/e08-05/6-433?utm_source=share&ref=e4ov88e1
6LAGf,https://made.example.invalid/e08-05/13-434?utm_source=share&ref=klrpq75i
6LAGg,https://made.example.invalid/e08-05/14-435?utm_source=share&ref=00ji4xju
6LAGh,https://made.example.invalid/e08-05/18-436?utm_source=share&ref=3vykokkg
6LAGi,https://made.example.invalid/e08-05/20-437?utm_source=share&ref=i078duib
6LAGj,https://made.example.invalid/e08-05/19-438?utm_source=share&ref=zxlkp43w
6LAGk,https://made.example.invalid/e08-05/23-439?utm_source=share&ref=378jnplq
6LAGl,https://made.example.invalid/e08-05/5-440?utm_source=share&ref=uqbcxoyo
6LAGm,https://made.example.invalid/e08-05/4-441?utm_source=share&ref=tmdxk9zj
6LAGn,https://made.example.invalid/e08-05/9-442?utm_source=share&ref=v8j2pxsh
6LAGo,https://made.example.invalid/e08-05/6-443?utm_source=share&ref=dthlm9hx
6LAGp,https://made.example.invalid/e08-05/13-444?utm_source=share&ref=4uimwn2u
6LAGq,https://made.example.invalid/e08-05/14-445?utm_source=share&ref=gmtn8rbi
6LAGr,https://made.example.invalid/e08-05/18-446?utm_source=share&ref=j970lqo2
6LAGs,https://made.example.invalid/e08-05/20-447?utm_source=share&ref=b570v3w5
6LAGt,https://made.example.invalid/e08-05/19-448?utm_source=share&ref=djf8ee39
6LAGu,https://made.example.invalid/e08-05/23-449?utm_source=share&ref=h5tszhli
6LAGv,https://made.example.invalid/e08-05/5-450?utm_source=share&ref=fe0ud5hp
6LAGw,https://made.example.invalid/e08-05/4-451?utm_source=share&ref=wyesn3e2
6LAGx,https://made.example.invalid/e08-05/9-452?utm_source=share&ref=umjjeglw
6LAGy,https://made.example.invalid/e08-05/6-453?utm_source=share&ref=u3faosjv
6LAGz,https://made.example.invalid/e08-05/13-454?utm_source=share&ref=srh1i395
6LAGA,https://made.example.invalid/e08-05/14-455?utm_source=share&ref=yp1z4maj
6LAGB,https://made.example.invalid/e08-05/18-456?utm_source=share&ref=xzgbv3j2
6LAGC,https://made.example.invalid/e08-05/20-457?utm_source=share&ref=d8o3surl
6LAGD,https://made.example.invalid/e08-05/19-458?utm_source=share&ref=kvz1yra2
6LAGE,https://made.example.invalid/e08-05/23-459?utm_source=share&ref=t6e3wf4e
6LAGF,https://made.example.invalid/e08-05/5-460?utm_source=share&ref=tjvaba5l
6LAGG,https://made.example.invalid/e08-05/4-461?utm_source=share&ref=qeciwvgf
6LAGH,https://made.example.invalid/e08-05/9-462?utm_source=share&ref=o7m6zlqx
6LAGI,https://made.example.invalid/e08-05/6-463?utm_source=share&ref=gdlk7qhy
6LAGJ,https://made.example.invalid/e08-05/13-464?utm_source=share&ref=kyixoohz
6LAGK,https://made.example.invalid/e08-05/14-465?utm_source=share&ref=bj98htv3
6LAGL,https://made.example.invalid/e08-05/18-466?utm_source=share&ref=4z8ajt0m
6LAGM,https://made.example.invalid/e08-05/20-467?utm_source=share&ref=u5bb8c9g
6LAGN,https://made.example.invalid/e08-05/19-468?utm_source=share&ref=ijtmmdyp
6LAGO,https://made.example.invalid/e08-05/23-469?utm_source=share&ref=gjfg9h4f
6LAGP,https://made.example.invalid/e08-05/5-470?utm_source=share&ref=9y5bhgps
6LAGQ,https://made.example.invalid/e08-05/4-471?utm_source=share&ref=pwookumk
6LAGR,https://made.example.invalid/e08-05/9-472?utm_source=share&ref=zmgoo9wz
6LAGS,https://made.example.invalid/e08-05/6-473?utm_source=share&ref=ye4xdsef
6LAGT,https://made.example.invalid/e08-05/13-474?utm_source=share&ref=jt0itvfo
6LAGU,https://made.example.invalid/e08-05/14-475?utm_source=share&ref=gl7p1xbg
6LAGV,https://made.example.invalid/e08-05/18-476?utm_source=share&ref=niv3at22
6LAGW,https://made.example.invalid/e08-05/20-477?utm_source=share&ref=yew7ax11
6LAGX,https://made.example.invalid/e08-05/19-478?utm_source=share&ref=tvpjlkar
6LAGY,https://made.example.invalid/e08-05/23-479?utm_source=share&ref=n2a8sh4u
6LAGZ,https://made.example.invalid/e08-05/5-480?utm_source=share&ref=sxr8uzjl
6LAH0,https://made.example.invalid/e08-05/4-481?utm_source=share&ref=wa1gvhyj
6LAH1,https://made.example.invalid/e08-05/9-482?utm_source=share&ref=mrq2bpuq
6LAH2,https://made.example.invalid/e08-05/6-483?utm_source=share&ref=a3c321be
6LAH3,https://made.example.invalid/e08-05/13-484?utm_source=share&ref=1pvkkbb8
6LAH4,https://made.example.invalid/e08-05/14-485?utm_source=share&ref=jb1qxvoi
6LAH5,https://made.example.invalid/e08-05/18-486?utm_source=share&ref=wb4mghai
6LAH6,https://made.example.invalid/e08-05/20-487?utm_source=share&ref=btyjudd5
6LAH7,https://made.example.invalid/e08-05/19-488?utm_source=share&ref=sde3kjad
6LAH8,https://made.example.invalid/e08-05/23-489?utm_source=share&ref=gi8qjo94
6LAH9,https://made.example.invalid/e08-05/5-490?utm_source=share&ref=tf8m5448
6LAHa,https://made.example.invalid/e08-05/4-491?utm_source=share&ref=fsldaksj
6LAHb,https://made.example.invalid/e08-05/9-492?utm_source=share&ref=xp1215kh
6LAHc,https://made.example.invalid/e08-05/6-493?utm_source=share&ref=uh2yzpb2
6LAHd,https://made.example.invalid/e08-05/13-494?utm_source=share&ref=gmwtfg0v
6LAHe,https://made.example.invalid/e08-05/14-495?utm_source=share&ref=g015725p
6LAHf,https://made.example.invalid/e08-05/18-496?utm_source=share&ref=70ihzlcy
6LAHg,https://made.example.invalid/e08-05/20-497?utm_source=share&ref=wihylayg
6LAHh,https://made.example.invalid/e08-05/19-498?utm_source=share&ref=98mkinuj
6LAHi,https://made.example.invalid/e08-05/23-499?utm_source=share&ref=93x8p6t3
6LAHj,https://made.example.invalid/e08-05/5-500?utm_source=share&ref=lr5rodts
6LAHk,https://made.example.invalid/e08-05/4-501?utm_source=share&ref=iu008n9x
6LAHl,https://made.example.invalid/e08-05/9-502?utm_source=share&ref=4vnt3p11
6LAHm,https://made.example.invalid/e08-05/6-503?utm_source=share&ref=topcbm1k
6LAHn,https://made.example.invalid/e08-05/13-504?utm_source=share&ref=78ksoc5a
6LAHo,https://made.example.invalid/e08-05/14-505?utm_source=share&ref=9mfyd6vk
6LAHp,https://made.example.invalid/e08-05/18-506?utm_source=share&ref=zlhv2wmd
6LAHq,https://made.example.invalid/e08-05/20-507?utm_source=share&ref=gtgirlf6
6LAHr,https://made.example.invalid/e08-05/19-508?utm_source=share&ref=vyeyoln2
6LAHs,https://made.example.invalid/e08-05/23-509?utm_source=share&ref=qs6oabbt
6LAHt,https://made.example.invalid/e08-05/5-510?utm_source=share&ref=677n9ffz
6LAHu,https://made.example.invalid/e08-05/4-511?utm_source=share&ref=bdeh1ybs
6LAHv,https://made.example.invalid/e08-05/9-512?utm_source=share&ref=3x2htno6
6LAHw,https://made.example.invalid/e08-05/6-513?utm_source=share&ref=hmod2hjb
6LAHx,https://made.example.invalid/e08-05/13-514?utm_source=share&ref=1rmi9x09
6LAHy,https://made.example.invalid/e08-05/14-515?utm_source=share&ref=iar40qlg
6LAHz,https://made.example.invalid/e08-05/18-516?utm_source=share&ref=jixrxei7
6LAHA,https://made.example.invalid/e08-05/20-517?utm_source=share&ref=v52wlc8b
6LAHB,https://made.example.invalid/e08-05/19-518?utm_source=share&ref=jv7nxy52
6LAHC,https://made.example.invalid/e08-05/23-519?utm_source=share&ref=67o61k1a
6LAHD,https://made.example.invalid/e08-05/5-520?utm_source=share&ref=0g6wydwx
6LAHE,https://made.example.invalid/e08-05/4-521?utm_source=share&ref=7k6cvgso
6LAHF,https://made.example.invalid/e08-05/9-522?utm_source=share&ref=l8xf5brv
6LAHG,https://made.example.invalid/e08-05/6-523?utm_source=share&ref=irk1m9br
6LAHH,https://made.example.invalid/e08-05/13-524?utm_source=share&ref=y4n0bsru
6LAHI,https://made.example.invalid/e08-05/14-525?utm_source=share&ref=kisrhyzj
6LAHJ,https://made.example.invalid/e08-05/18-526?utm_source=share&ref=ksjmi3a9
6LAHK,https://made.example.invalid/e08-05/20-527?utm_source=share&ref=zwptb1f0
6LAHL,https://made.example.invalid/e08-05/19-528?utm_source=share&ref=483kejej
6LAHM,https://made.example.invalid/e08-05/23-529?utm_source=share&ref=2ld3osut
6LAHN,https://made.example.invalid/e08-05/5-530?utm_source=share&ref=i2fubp90
6LAHO,https://made.example.invalid/e08-05/4-531?utm_source=share&ref=1peifklw
6LAHP,https://made.example.invalid/e08-05/9-532?utm_source=share&ref=xazftzp9
6LAHQ,https://made.example.invalid/e08-05/6-533?utm_source=share&ref=iysos283
6LAHR,https://made.example.invalid/e08-05/13-534?utm_source=share&ref=k0ecmskm
6LAHS,https://made.example.invalid/e08-05/14-535?utm_source=share&ref=mis5vpxs
6LAHT,https://made.example.invalid/e08-05/18-536?utm_source=share&ref=kq54mro9
6LAHU,https://made.example.invalid/e08-05/20-537?utm_source=share&ref=injff47h
6LAHV,https://made.example.invalid/e08-05/19-538?utm_source=share&ref=b27n2svr
6LAHW,https://made.example.invalid/e08-05/23-539?utm_source=share&ref=cylpzbim
6LAHX,https://made.example.invalid/e08-05/5-540?utm_source=share&ref=3fpa9rfa
6LAHY,https://made.example.invalid/e08-05/4-541?utm_source=share&ref=tum1x9pw
6LAHZ,https://made.example.invalid/e08-05/9-542?utm_source=share&ref=rawo9qnm
6LAI0,https://made.example.invalid/e08-05/6-543?utm_source=share&ref=74uc99d2
6LAI1,https://made.example.invalid/e08-05/13-544?utm_source=share&ref=44l01ma5
6LAI2,https://made.example.invalid/e08-05/14-545?utm_source=share&ref=2b4yxvfl
6LAI3,https://made.example.invalid/e08-05/18-546?utm_source=share&ref=q4ts6iha
6LAI4,https://made.example.invalid/e08-05/20-547?utm_source=share&ref=73vm59fk
6LAI5,https://made.example.invalid/e08-05/19-548?utm_source=share&ref=zdpynvem
6LAI6,https://made.example.invalid/e08-05/23-549?utm_source=share&ref=xmb59qn9
6LAI7,https://made.example.invalid/e08-05/5-550?utm_source=share&ref=sppq9vs7
6LAI8,https://made.example.invalid/e08-05/4-551?utm_source=share&ref=rug2lxpv
6LAI9,https://made.example.invalid/e08-05/9-552?utm_source=share&ref=md22dxa3
6LAIa,https://made.example.invalid/e08-05/6-553?utm_source=share&ref=jn2yxbic
6LAIb,https://made.example.invalid/e08-05/13-554?utm_source=share&ref=7dzhp7nb
6LAIc,https://made.example.invalid/e08-05/14-555?utm_source=share&ref=eo1m2ep3
6LAId,https://made.example.invalid/e08-05/18-556?utm_source=share&ref=kziyfc7f
6LAIe,https://made.example.invalid/e08-05/20-557?utm_source=share&ref=eaaermeq
6LAIf,https://made.example.invalid/e08-05/19-558?utm_source=share&ref=dgolb3l3
6LAIg,https://made.example.invalid/e08-05/23-559?utm_source=share&ref=dmcjen8x
6LAIh,https://made.example.invalid/e08-05/5-560?utm_source=share&ref=t2vao57g
6LAIi,https://made.example.invalid/e08-05/4-561?utm_source=share&ref=tbotwjj7
6LAIj,https://made.example.invalid/e08-05/9-562?utm_source=share&ref=r92cjwth
6LAIk,https://made.example.invalid/e08-05/6-563?utm_source=share&ref=yx5pugoi
6LAIl,https://made.example.invalid/e08-05/13-564?utm_source=share&ref=ys8jb3di
6LAIm,https://made.example.invalid/e08-05/14-565?utm_source=share&ref=zsqdvl55
6LAIn,https://made.example.invalid/e08-05/18-566?utm_source=share&ref=24jhdblh
6LAIo,https://made.example.invalid/e08-05/20-567?utm_source=share&ref=hlrex2ul
6LAIp,https://made.example.invalid/e08-05/19-568?utm_source=share&ref=dg61zb48
6LAIq,https://made.example.invalid/e08-05/23-569?utm_source=share&ref=dm3hg5y2
6LAIr,https://made.example.invalid/e08-05/5-570?utm_source=share&ref=9rf9ihdd
6LAIs,https://made.example.invalid/e08-05/4-571?utm_source=share&ref=upx3h6mj
6LAIt,https://made.example.invalid/e08-05/9-572?utm_source=share&ref=jztqqsbd
6LAIu,https://made.example.invalid/e08-05/6-573?utm_source=share&ref=clrrlb7z
6LAIv,https://made.example.invalid/e08-05/13-574?utm_source=share&ref=6elpwyra
6LAIw,https://made.example.invalid/e08-05/14-575?utm_source=share&ref=76mwtrf3
6LAIx,https://made.example.invalid/e08-05/18-576?utm_source=share&ref=2nks9nbe
6LAIy,https://made.example.invalid/e08-05/20-577?utm_source=share&ref=uuda538g
6LAIz,https://made.example.invalid/e08-05/19-578?utm_source=share&ref=woh2nwiu
6LAIA,https://made.example.invalid/e08-05/23-579?utm_source=share&ref=nap2inqn
6LAIB,https://made.example.invalid/e08-05/5-580?utm_source=share&ref=rde4w5ws
6LAIC,https://made.example.invalid/e08-05/4-581?utm_source=share&ref=c1tslthz
6LAID,https://made.example.invalid/e08-05/9-582?utm_source=share&ref=mb2meo00
6LAIE,https://made.example.invalid/e08-05/6-583?utm_source=share&ref=wr7hq0vl
6LAIF,https://made.example.invalid/e08-05/13-584?utm_source=share&ref=5wew57d4
6LAIG,https://made.example.invalid/e08-05/14-585?utm_source=share&ref=91raptmc
6LAIH,https://made.example.invalid/e08-05/18-586?utm_source=share&ref=56pl4pc3
6LAII,https://made.example.invalid/e08-05/20-587?utm_source=share&ref=xywxr928
6LAIJ,https://made.example.invalid/e08-05/19-588?utm_source=share&ref=20sdmlmh
6LAIK,https://made.example.invalid/e08-05/23-589?utm_source=share&ref=pzcmbyji
6LAIL,https://made.example.invalid/e08-05/5-590?utm_source=share&ref=i9vn7cmt
6LAIM,https://made.example.invalid/e08-05/4-591?utm_source=share&ref=psz9syp9
6LAIN,https://made.example.invalid/e08-05/9-592?utm_source=share&ref=zylq2qnk
6LAIO,https://made.example.invalid/e08-05/6-593?utm_source=share&ref=vu7x12ej
6LAIP,https://made.example.invalid/e08-05/13-594?utm_source=share&ref=o69vivf4
6LAIQ,https://made.example.invalid/e08-05/14-595?utm_source=share&ref=s0y0daml
6LAIR,https://made.example.invalid/e08-05/18-596?utm_source=share&ref=mlgfxjaz
6LAIS,https://made.example.invalid/e08-05/20-597?utm_source=share&ref=f8luyxs8
6LAIT,https://made.example.invalid/e08-05/19-598?utm_source=share&ref=oir553jj
6LAIU,https://made.example.invalid/e08-05/23-599?utm_source=share&ref=cmn5nrq1
6LAIV,https://made.example.invalid/e08-05/5-600?utm_source=share&ref=d2njgr4o
6LAIW,https://made.example.invalid/e08-05/4-601?utm_source=share&ref=l2lhezco
6LAIX,https://made.example.invalid/e08-05/9-602?utm_source=share&ref=b89t8g4q
6LAIY,https://made.example.invalid/e08-05/6-603?utm_source=share&ref=zpn2xcqw
6LAIZ,https://made.example.invalid/e08-05/13-604?utm_source=share&ref=nfpppm38
6LAJ0,https://made.example.invalid/e08-05/14-605?utm_source=share&ref=9ws94d8j
6LAJ1,https://made.example.invalid/e08-05/18-606?utm_source=share&ref=gbh9kug5
6LAJ2,https://made.example.invalid/e08-05/20-607?utm_source=share&ref=m8niqo7x
6LAJ3,https://made.example.invalid/e08-05/19-608?utm_source=share&ref=e0lx86lw
6LAJ4,https://made.example.invalid/e08-05/23-609?utm_source=share&ref=m8mpyxi5
6LAJ5,https://made.example.invalid/e08-05/5-610?utm_source=share&ref=8gh98f9d
6LAJ6,https://made.example.invalid/e08-05/4-611?utm_source=share&ref=4s9jbpjl
6LAJ7,https://made.example.invalid/e08-05/9-612?utm_source=share&ref=yo8m6qij
6LAJ8,https://made.example.invalid/e08-05/6-613?utm_source=share&ref=mbb8q1o8
6LAJ9,https://made.example.invalid/e08-05/13-614?utm_source=share&ref=9dfn3q8r
6LAJa,https://made.example.invalid/e08-05/14-615?utm_source=share&ref=fcsyilph
6LAJb,https://made.example.invalid/e08-05/18-616?utm_source=share&ref=kp8e59tc
6LAJc,https://made.example.invalid/e08-05/20-617?utm_source=share&ref=66sngkyz
6LAJd,https://made.example.invalid/e08-05/19-618?utm_source=share&ref=edbj4kk8
6LAJe,https://made.example.invalid/e08-05/23-619?utm_source=share&ref=rue712wt
6LAJf,https://made.example.invalid/e08-05/5-620?utm_source=share&ref=061ufc7s
6LAJg,https://made.example.invalid/e08-05/4-621?utm_source=share&ref=qbadsha4
6LAJh,https://made.example.invalid/e08-05/9-622?utm_source=share&ref=4vp9jo61
6LAJi,https://made.example.invalid/e08-05/6-623?utm_source=share&ref=dy36n4bd
6LAJj,https://made.example.invalid/e08-05/13-624?utm_source=share&ref=756mv5yy
6LAJk,https://made.example.invalid/e08-05/14-625?utm_source=share&ref=r6ng43yb
6LAJl,https://made.example.invalid/e08-05/18-626?utm_source=share&ref=1h51vamy
6LAJm,https://made.example.invalid/e08-05/20-627?utm_source=share&ref=pxkmnejv
6LAJn,https://made.example.invalid/e08-05/19-628?utm_source=share&ref=imu7o5r0
6LAJo,https://made.example.invalid/e08-05/23-629?utm_source=share&ref=gazrfsj5
6LAJp,https://made.example.invalid/e08-05/5-630?utm_source=share&ref=xlvurhd6
6LAJq,https://made.example.invalid/e08-05/4-631?utm_source=share&ref=002ozx90
6LAJr,https://made.example.invalid/e08-05/9-632?utm_source=share&ref=r1z7uy3e
6LAJs,https://made.example.invalid/e08-05/6-633?utm_source=share&ref=9pvq7enc
6LAJt,https://made.example.invalid/e08-05/13-634?utm_source=share&ref=6wx512qj
6LAJu,https://made.example.invalid/e08-05/14-635?utm_source=share&ref=kw21a9sb
6LAJv,https://made.example.invalid/e08-05/18-636?utm_source=share&ref=gp5w4rkj
6LAJw,https://made.example.invalid/e08-05/20-637?utm_source=share&ref=dgm5affn
6LAJx,https://made.example.invalid/e08-05/19-638?utm_source=share&ref=zrqyhgur
6LAJy,https://made.example.invalid/e08-05/23-639?utm_source=share&ref=nj7ak526
6LAJz,https://made.example.invalid/e08-05/5-640?utm_source=share&ref=3vy4iicl
6LAJA,https://made.example.invalid/e08-05/4-641?utm_source=share&ref=iooz88c3
6LAJB,https://made.example.invalid/e08-05/9-642?utm_source=share&ref=fiqdh41r
6LAJC,https://made.example.invalid/e08-05/6-643?utm_source=share&ref=oq5kdx6f
6LAJD,https://made.example.invalid/e08-05/13-644?utm_source=share&ref=k81l6i2h
6LAJE,https://made.example.invalid/e08-05/14-645?utm_source=share&ref=5kqu8l8b
6LAJF,https://made.example.invalid/e08-05/18-646?utm_source=share&ref=v46gkzie
6LAJG,https://made.example.invalid/e08-05/20-647?utm_source=share&ref=cyjk9gee
6LAJH,https://made.example.invalid/e08-05/19-648?utm_source=share&ref=2pelzblu
6LAJI,https://made.example.invalid/e08-05/23-649?utm_source=share&ref=1ylpqj9p
6LAJJ,https://made.example.invalid/e08-05/5-650?utm_source=share&ref=wpaxnnmh
6LAJK,https://made.example.invalid/e08-05/4-651?utm_source=share&ref=fs7s96km
6LAJL,https://made.example.invalid/e08-05/9-652?utm_source=share&ref=qfumsqe8
6LAJM,https://made.example.invalid/e08-05/6-653?utm_source=share&ref=ahij13mm
6LAJN,https://made.example.invalid/e08-05/13-654?utm_source=share&ref=pljnyvp7
6LAJO,https://made.example.invalid/e08-05/14-655?utm_source=share&ref=1nxw61fe
6LAJP,https://made.example.invalid/e08-05/18-656?utm_source=share&ref=h9jzuce7
6LAJQ,https://made.example.invalid/e08-05/20-657?utm_source=share&ref=3xxcnqlo
6LAJR,https://made.example.invalid/e08-05/19-658?utm_source=share&ref=jnbw4lch
6LAJS,https://made.example.invalid/e08-05/23-659?utm_source=share&ref=q71c0mru
6LAJT,https://made.example.invalid/e08-05/5-660?utm_source=share&ref=sbaoa06i
6LAJU,https://made.example.invalid/e08-05/4-661?utm_source=share&ref=t521o62o
6LAJV,https://made.example.invalid/e08-05/9-662?utm_source=share&ref=pa6yb3ni
6LAJW,https://made.example.invalid/e08-05/6-663?utm_source=share&ref=memgcm3w
6LAJX,https://made.example.invalid/e08-05/13-664?utm_source=share&ref=1nruo41u
6LAJY,https://made.example.invalid/e08-05/14-665?utm_source=share&ref=47guhgv8
6LAJZ,https://made.example.invalid/e08-05/18-666?utm_source=share&ref=ujzhcilx
6LAK0,https://made.example.invalid/e08-05/20-667?utm_source=share&ref=mkvp1q97
6LAK1,https://made.example.invalid/e08-05/19-668?utm_source=share&ref=vn4bi38f
6LAK2,https://made.example.invalid/e08-05/23-669?utm_source=share&ref=s9445lj8
6LAK3,https://made.example.invalid/e08-05/5-670?utm_source=share&ref=2nldg4a6
6LAK4,https://made.example.invalid/e08-05/4-671?utm_source=share&ref=3zrgf58m
6LAK5,https://made.example.invalid/e08-05/9-672?utm_source=share&ref=4rg0kn48
6LAK6,https://made.example.invalid/e08-05/6-673?utm_source=share&ref=ety5gc8h
6LAK7,https://made.example.invalid/e08-05/13-674?utm_source=share&ref=hddr4c55
6LAK8,https://made.example.invalid/e08-05/14-675?utm_source=share&ref=1jt39izv
6LAK9,https://made.example.invalid/e08-05/18-676?utm_source=share&ref=7hmueno8
6LAKa,https://made.example.invalid/e08-05/20-677?utm_source=share&ref=q5eemf7y
6LAKb,https://made.example.invalid/e08-05/19-678?utm_source=share&ref=l31xy59n
6LAKc,https://made.example.invalid/e08-05/23-679?utm_source=share&ref=axpio4dj
6LAKd,https://made.example.invalid/e08-05/5-680?utm_source=share&ref=gd1lbnb2
6LAKe,https://made.example.invalid/e08-05/4-681?utm_source=share&ref=v27n48xn
6LAKf,https://made.example.invalid/e08-05/9-682?utm_source=share&ref=cka1eeh9
6LAKg,https://made.example.invalid/e08-05/6-683?utm_source=share&ref=pv8dxkof
6LAKh,https://made.example.invalid/e08-05/13-684?utm_source=share&ref=kvixae5l
6LAKi,https://made.example.invalid/e08-05/14-685?utm_source=share&ref=5aeixdjj
6LAKj,https://made.example.invalid/e08-05/18-686?utm_source=share&ref=c2lmnv2j
6LAKk,https://made.example.invalid/e08-05/20-687?utm_source=share&ref=nx9mbaep
6LAKl,https://made.example.invalid/e08-05/19-688?utm_source=share&ref=0wobxr34
6LAKm,https://made.example.invalid/e08-05/23-689?utm_source=share&ref=3rh4wehd
6LAKn,https://made.example.invalid/e08-05/5-690?utm_source=share&ref=tmty464q
6LAKo,https://made.example.invalid/e08-05/4-691?utm_source=share&ref=nt2i6vz5
6LAKp,https://made.example.invalid/e08-05/9-692?utm_source=share&ref=j1h1is2e
6LAKq,https://made.example.invalid/e08-05/6-693?utm_source=share&ref=iw43e9ap
6LAKr,https://made.example.invalid/e08-05/13-694?utm_source=share&ref=hyqlm5oz
6LAKs,https://made.example.invalid/e08-05/14-695?utm_source=share&ref=6bc3s43n
6LAKt,https://made.example.invalid/e08-05/18-696?utm_source=share&ref=7opa5n83
6LAKu,https://made.example.invalid/e08-05/20-697?utm_source=share&ref=qwivqfaz
6LAKv,https://made.example.invalid/e08-05/19-698?utm_source=share&ref=uky28i8s
6LAKw,https://made.example.invalid/e08-05/23-699?utm_source=share&ref=efgqbzcy
6LAKx,https://made.example.invalid/e08-05/5-700?utm_source=share&ref=1suop6q4
6LAKy,https://made.example.invalid/e08-05/4-701?utm_source=share&ref=hzcehb30
6LAKz,https://made.example.invalid/e08-05/9-702?utm_source=share&ref=41zkn6zm
6LAKA,https://made.example.invalid/e08-05/6-703?utm_source=share&ref=tew74rk7
6LAKB,https://made.example.invalid/e08-05/13-704?utm_source=share&ref=0e8fiqfm
6LAKC,https://made.example.invalid/e08-05/14-705?utm_source=share&ref=jkwd6wid
6LAKD,https://made.example.invalid/e08-05/18-706?utm_source=share&ref=3d2wo5hq
6LAKE,https://made.example.invalid/e08-05/20-707?utm_source=share&ref=j7mx8rpr
6LAKF,https://made.example.invalid/e08-05/19-708?utm_source=share&ref=huxpr9go
6LAKG,https://made.example.invalid/e08-05/23-709?utm_source=share&ref=ldxlr6bu
6LAKH,https://made.example.invalid/e08-05/5-710?utm_source=share&ref=fraesdtu
6LAKI,https://made.example.invalid/e08-05/4-711?utm_source=share&ref=q6ie9jjk
6LAKJ,https://made.example.invalid/e08-05/9-712?utm_source=share&ref=adm1o3hr
6LAKK,https://made.example.invalid/e08-05/6-713?utm_source=share&ref=mkv9csbw
6LAKL,https://made.example.invalid/e08-05/13-714?utm_source=share&ref=sg9azvjp
6LAKM,https://made.example.invalid/e08-05/14-715?utm_source=share&ref=4k80oy4w
6LAKN,https://made.example.invalid/e08-05/18-716?utm_source=share&ref=3uqa6h96
6LAKO,https://made.example.invalid/e08-05/20-717?utm_source=share&ref=4dcd625x
6LAKP,https://made.example.invalid/e08-05/19-718?utm_source=share&ref=jkpqmh1y
6LAKQ,https://made.example.invalid/e08-05/23-719?utm_source=share&ref=m2aw4zjg
6LAKR,https://made.example.invalid/e08-05/5-720?utm_source=share&ref=s7uwx9uf
6LAKS,https://made.example.invalid/e08-05/4-721?utm_source=share&ref=ugkt9wcn
6LAKT,https://made.example.invalid/e08-05/9-722?utm_source=share&ref=t6g2wstl
6LAKU,https://made.example.invalid/e08-05/6-723?utm_source=share&ref=101wc4c9
6LAKV,https://made.example.invalid/e08-05/13-724?utm_source=share&ref=zb97jcv0
6LAKW,https://made.example.invalid/e08-05/14-725?utm_source=share&ref=dmg4arcf
6LAKX,https://made.example.invalid/e08-05/18-726?utm_source=share&ref=lal40jvy
6LAKY,https://made.example.invalid/e08-05/20-727?utm_source=share&ref=upbz2e1v
6LAKZ,https://made.example.invalid/e08-05/19-728?utm_source=share&ref=fp5tqidp
6LAL0,https://made.example.invalid/e08-05/23-729?utm_source=share&ref=es7fjtax
6LAL1,https://made.example.invalid/e08-05/5-730?utm_source=share&ref=as0n65kl
6LAL2,https://made.example.invalid/e08-05/4-731?utm_source=share&ref=7r7x4gft
6LAL3,https://made.example.invalid/e08-05/9-732?utm_source=share&ref=bc6uypk6
6LAL4,https://made.example.invalid/e08-05/6-733?utm_source=share&ref=1n6e6457
6LAL5,https://made.example.invalid/e08-05/13-734?utm_source=share&ref=scwxwx22
6LAL6,https://made.example.invalid/e08-05/14-735?utm_source=share&ref=fbrz9405
6LAL7,https://made.example.invalid/e08-05/18-736?utm_source=share&ref=d5lz084z
6LAL8,https://made.example.invalid/e08-05/20-737?utm_source=share&ref=dq4qyj7y
6LAL9,https://made.example.invalid/e08-05/19-738?utm_source=share&ref=5muess2n
6LALa,https://made.example.invalid/e08-05/23-739?utm_source=share&ref=2sel8gw5
6LALb,https://made.example.invalid/e08-05/5-740?utm_source=share&ref=0a8zmuvg
6LALc,https://made.example.invalid/e08-05/4-741?utm_source=share&ref=o33grjx7
6LALd,https://made.example.invalid/e08-05/9-742?utm_source=share&ref=6n850pjf
6LALe,https://made.example.invalid/e08-05/6-743?utm_source=share&ref=4eynocip
6LALf,https://made.example.invalid/e08-05/13-744?utm_source=share&ref=wwj18nc9
6LALg,https://made.example.invalid/e08-05/14-745?utm_source=share&ref=p89y403z
6LALh,https://made.example.invalid/e08-05/18-746?utm_source=share&ref=1efq5sle
6LALi,https://made.example.invalid/e08-05/20-747?utm_source=share&ref=63lwou9s
6LALj,https://made.example.invalid/e08-05/19-748?utm_source=share&ref=cl6epoba
6LALk,https://made.example.invalid/e08-05/23-749?utm_source=share&ref=vfb5lbkc
6LALl,https://made.example.invalid/e08-05/5-750?utm_source=share&ref=wwgzcyu8
6LALm,https://made.example.invalid/e08-05/4-751?utm_source=share&ref=4273r0cg
6LALn,https://made.example.invalid/e08-05/9-752?utm_source=share&ref=uvdjopn6
6LALo,https://made.example.invalid/e08-05/6-753?utm_source=share&ref=ecaf7o2r
6LALp,https://made.example.invalid/e08-05/13-754?utm_source=share&ref=q9cgz3s0
6LALq,https://made.example.invalid/e08-05/14-755?utm_source=share&ref=3ezegohs
6LALr,https://made.example.invalid/e08-05/18-756?utm_source=share&ref=ux36r1ek
6LALs,https://made.example.invalid/e08-05/20-757?utm_source=share&ref=mwrd9ihc
6LALt,https://made.example.invalid/e08-05/19-758?utm_source=share&ref=d261plj8
6LALu,https://made.example.invalid/e08-05/23-759?utm_source=share&ref=6hjxh5ll
6LALv,https://made.example.invalid/e08-05/5-760?utm_source=share&ref=qz2yg69b
6LALw,https://made.example.invalid/e08-05/4-761?utm_source=share&ref=htu946af
6LALx,https://made.example.invalid/e08-05/9-762?utm_source=share&ref=krsmo4ly
6LALy,https://made.example.invalid/e08-05/6-763?utm_source=share&ref=f9rl9n5i
6LALz,https://made.example.invalid/e08-05/13-764?utm_source=share&ref=zmmx21lc
6LALA,https://made.example.invalid/e08-05/14-765?utm_source=share&ref=kcn2ef8e
6LALB,https://made.example.invalid/e08-05/18-766?utm_source=share&ref=uze9gohd
6LALC,https://made.example.invalid/e08-05/20-767?utm_source=share&ref=h01mpfhp
6LALD,https://made.example.invalid/e08-05/19-768?utm_source=share&ref=e70r9g7h
6LALE,https://made.example.invalid/e08-05/23-769?utm_source=share&ref=wx5dg88u
6LALF,https://made.example.invalid/e08-05/5-770?utm_source=share&ref=7ef7vodo
6LALG,https://made.example.invalid/e08-05/4-771?utm_source=share&ref=6m7cklid
6LALH,https://made.example.invalid/e08-05/9-772?utm_source=share&ref=totzadrr
6LALI,https://made.example.invalid/e08-05/6-773?utm_source=share&ref=ez5cvqm2
6LALJ,https://made.example.invalid/e08-05/13-774?utm_source=share&ref=4f6qfp36
6LALK,https://made.example.invalid/e08-05/14-775?utm_source=share&ref=q787evse
6LALL,https://made.example.invalid/e08-05/18-776?utm_source=share&ref=kx5h8ck6
6LALM,https://made.example.invalid/e08-05/20-777?utm_source=share&ref=q6b9kh3i
6LALN,https://made.example.invalid/e08-05/19-778?utm_source=share&ref=4ujzooek
6LALO,https://made.example.invalid/e08-05/23-779?utm_source=share&ref=ife3vbn0
6LALP,https://made.example.invalid/e08-05/5-780?utm_source=share&ref=z00c2xqu
6LALQ,https://made.example.invalid/e08-05/4-781?utm_source=share&ref=zwrye0u7
6LALR,https://made.example.invalid/e08-05/9-782?utm_source=share&ref=mmsmuh20
6LALS,https://made.example.invalid/e08-05/6-783?utm_source=share&ref=rz3yi60l
6LALT,https://made.example.invalid/e08-05/13-784?utm_source=share&ref=tcoev3bf
6LALU,https://made.example.invalid/e08-05/14-785?utm_source=share&ref=gbhi8il9
6LALV,https://made.example.invalid/e08-05/18-786?utm_source=share&ref=be9powcv
6LALW,https://made.example.invalid/e08-05/20-787?utm_source=share&ref=nmmp0561
6LALX,https://made.example.invalid/e08-05/19-788?utm_source=share&ref=z3x0tpky
6LALY,https://made.example.invalid/e08-05/23-789?utm_source=share&ref=cypb5by0
6LALZ,https://made.example.invalid/e08-05/5-790?utm_source=share&ref=k1vnteb8
6LAM0,https://made.example.invalid/e08-05/4-791?utm_source=share&ref=1o6136zw
6LAM1,https://made.example.invalid/e08-05/9-792?utm_source=share&ref=q3oogn5g
6LAM2,https://made.example.invalid/e08-05/6-793?utm_source=share&ref=mqxunsiq
6LAM3,https://made.example.invalid/e08-05/13-794?utm_source=share&ref=cl9g21s9
6LAM4,https://made.example.invalid/e08-05/14-795?utm_source=share&ref=p2a9snfa
6LAM5,https://made.example.invalid/e08-05/18-796?utm_source=share&ref=yqs9uzes
6LAM6,https://made.example.invalid/e08-05/20-797?utm_source=share&ref=61cdu8b3
6LAM7,https://made.example.invalid/e08-05/19-798?utm_source=share&ref=8dzsuozy
6LAM8,https://made.example.invalid/e08-05/23-799?utm_source=share&ref=4ah3bm7e
6LAM9,https://made.example.invalid/e08-05/5-800?utm_source=share&ref=0643n60b
6LAMa,https://made.example.invalid/e08-05/4-801?utm_source=share&ref=6go7wds7
6LAMb,https://made.example.invalid/e08-05/9-802?utm_source=share&ref=uvzb60jq
6LAMc,https://made.example.invalid/e08-05/6-803?utm_source=share&ref=3nd8kuz4
6LAMd,https://made.example.invalid/e08-05/13-804?utm_source=share&ref=qdlwk0jq
6LAMe,https://made.example.invalid/e08-05/14-805?utm_source=share&ref=owpdot4k
6LAMf,https://made.example.invalid/e08-05/18-806?utm_source=share&ref=jezp0cbr
6LAMg,https://made.example.invalid/e08-05/20-807?utm_source=share&ref=a54s583d
6LAMh,https://made.example.invalid/e08-05/19-808?utm_source=share&ref=mh6q3brr
6LAMi,https://made.example.invalid/e08-05/23-809?utm_source=share&ref=1b7wy1z8
6LAMj,https://made.example.invalid/e08-05/5-810?utm_source=share&ref=3ojdculu
6LAMk,https://made.example.invalid/e08-05/4-811?utm_source=share&ref=sn22qesq
6LAMl,https://made.example.invalid/e08-05/9-812?utm_source=share&ref=5q8kfmvv
6LAMm,https://made.example.invalid/e08-05/6-813?utm_source=share&ref=xbiey4kq
6LAMn,https://made.example.invalid/e08-05/13-814?utm_source=share&ref=dphwklwv
6LAMo,https://made.example.invalid/e08-05/14-815?utm_source=share&ref=ap20tbc8
6LAMp,https://made.example.invalid/e08-05/18-816?utm_source=share&ref=9pmmgyar
6LAMq,https://made.example.invalid/e08-05/20-817?utm_source=share&ref=oeunkg9w
6LAMr,https://made.example.invalid/e08-05/19-818?utm_source=share&ref=fkhmat7x
6LAMs,https://made.example.invalid/e08-05/23-819?utm_source=share&ref=nwbiylul
6LAMt,https://made.example.invalid/e08-05/5-820?utm_source=share&ref=ddpq5e7e
6LAMu,https://made.example.invalid/e08-05/4-821?utm_source=share&ref=f67lxmmj
6LAMv,https://made.example.invalid/e08-05/9-822?utm_source=share&ref=67xnshf2
6LAMw,https://made.example.invalid/e08-05/6-823?utm_source=share&ref=83hr5kjb
6LAMx,https://made.example.invalid/e08-05/13-824?utm_source=share&ref=a9d29loj
6LAMy,https://made.example.invalid/e08-05/14-825?utm_source=share&ref=zs2zyhom
6LAMz,https://made.example.invalid/e08-05/18-826?utm_source=share&ref=9rh7eefm
6LAMA,https://made.example.invalid/e08-05/20-827?utm_source=share&ref=yco7a0e7
6LAMB,https://made.example.invalid/e08-05/19-828?utm_source=share&ref=dy03lam2
6LAMC,https://made.example.invalid/e08-05/23-829?utm_source=share&ref=tav2yg85
6LAMD,https://made.example.invalid/e08-05/5-830?utm_source=share&ref=gf8yi03m
6LAME,https://made.example.invalid/e08-05/4-831?utm_source=share&ref=61j0fymr
6LAMF,https://made.example.invalid/e08-05/9-832?utm_source=share&ref=6foelmg1
6LAMG,https://made.example.invalid/e08-05/6-833?utm_source=share&ref=wyf0hdq5
6LAMH,https://made.example.invalid/e08-05/13-834?utm_source=share&ref=jzi1jh3r
6LAMI,https://made.example.invalid/e08-05/14-835?utm_source=share&ref=c2ml14ti
6LAMJ,https://made.example.invalid/e08-05/18-836?utm_source=share&ref=7fdqmmpf
6LAMK,https://made.example.invalid/e08-05/20-837?utm_source=share&ref=xyotaduo
6LAML,https://made.example.invalid/e08-05/19-838?utm_source=share&ref=qe367sco
6LAMM,https://made.example.invalid/e08-05/23-839?utm_source=share&ref=aztw0wqq
6LAMN,https://made.example.invalid/e08-05/5-840?utm_source=share&ref=vnssvfce
6LAMO,https://made.example.invalid/e08-05/4-841?utm_source=share&ref=s22r9qpo
6LAMP,https://made.example.invalid/e08-05/9-842?utm_source=share&ref=khqikl1y
6LAMQ,https://made.example.invalid/e08-05/6-843?utm_source=share&ref=lckajjg3
6LAMR,https://made.example.invalid/e08-05/13-844?utm_source=share&ref=v2m11uf5
6LAMS,https://made.example.invalid/e08-05/14-845?utm_source=share&ref=kssfm4k3
6LAMT,https://made.example.invalid/e08-05/18-846?utm_source=share&ref=g91m94cj
6LAMU,https://made.example.invalid/e08-05/20-847?utm_source=share&ref=wpyeuv3h
6LAMV,https://made.example.invalid/e08-05/19-848?utm_source=share&ref=ly1hm1vb
6LAMW,https://made.example.invalid/e08-05/23-849?utm_source=share&ref=8igzo19c
6LAMX,https://made.example.invalid/e08-05/5-850?utm_source=share&ref=wrxl2tav
6LAMY,https://made.example.invalid/e08-05/4-851?utm_source=share&ref=ol20lx4w
6LAMZ,https://made.example.invalid/e08-05/9-852?utm_source=share&ref=o879yrzh
6LAN0,https://made.example.invalid/e08-05/6-853?utm_source=share&ref=ga5fyj08
6LAN1,https://made.example.invalid/e08-05/13-854?utm_source=share&ref=0gp0f45z
6LAN2,https://made.example.invalid/e08-05/14-855?utm_source=share&ref=y4wb131l
6LAN3,https://made.example.invalid/e08-05/18-856?utm_source=share&ref=np6vfc50
6LAN4,https://made.example.invalid/e08-05/20-857?utm_source=share&ref=x3spv992
6LAN5,https://made.example.invalid/e08-05/19-858?utm_source=share&ref=03uy72xj
6LAN6,https://made.example.invalid/e08-05/23-859?utm_source=share&ref=g4jgrekw
6LAN7,https://made.example.invalid/e08-05/5-860?utm_source=share&ref=kl5eo3wb
6LAN8,https://made.example.invalid/e08-05/4-861?utm_source=share&ref=8bt4dgup
6LAN9,https://made.example.invalid/e08-05/9-862?utm_source=share&ref=irj4zgab
6LANa,https://made.example.invalid/e08-05/6-863?utm_source=share&ref=xi8fl1jb
6LANb,https://made.example.invalid/e08-05/13-864?utm_source=share&ref=2b2b6z10
6LANc,https://made.example.invalid/e08-05/14-865?utm_source=share&ref=wzjismwh
6LANd,https://made.example.invalid/e08-05/18-866?utm_source=share&ref=zkajvk0y
6LANe,https://made.example.invalid/e08-05/20-867?utm_source=share&ref=xwl5rznb
6LANf,https://made.example.invalid/e08-05/19-868?utm_source=share&ref=yk53efqp
6LANg,https://made.example.invalid/e08-05/23-869?utm_source=share&ref=rekuv9zs
6LANh,https://made.example.invalid/e08-05/5-870?utm_source=share&ref=78bpqg87
6LANi,https://made.example.invalid/e08-05/4-871?utm_source=share&ref=hyi4r5hg
6LANj,https://made.example.invalid/e08-05/9-872?utm_source=share&ref=lt5z8d0q
6LANk,https://made.example.invalid/e08-05/6-873?utm_source=share&ref=ln23jq6b
6LANl,https://made.example.invalid/e08-05/13-874?utm_source=share&ref=dba3k5x2
6LANm,https://made.example.invalid/e08-05/14-875?utm_source=share&ref=ttdph3c0
6LANn,https://made.example.invalid/e08-05/18-876?utm_source=share&ref=eobwo97r
6LANo,https://made.example.invalid/e08-05/20-877?utm_source=share&ref=alftprqj
6LANp,https://made.example.invalid/e08-05/19-878?utm_source=share&ref=zes6lq0c
6LANq,https://made.example.invalid/e08-05/23-879?utm_source=share&ref=kcmsgrrc
6LANr,https://made.example.invalid/e08-05/4-881?utm_source=share&ref=0lc7klay
6LANs,https://made.example.invalid/e08-05/9-882?utm_source=share&ref=hzif17fe
6LANt,https://made.example.invalid/e08-05/6-883?utm_source=share&ref=ybxftbue
6LANu,https://made.example.invalid/e08-05/13-884?utm_source=share&ref=fn4p30qy
6LANv,https://made.example.invalid/e08-05/14-885?utm_source=share&ref=yhxr8o3m
6LANw,https://made.example.invalid/e08-05/18-886?utm_source=share&ref=knp8l5fm
6LANx,https://made.example.invalid/e08-05/20-887?utm_source=share&ref=5i7dgzxp
6LANy,https://made.example.invalid/e08-05/19-888?utm_source=share&ref=rvbix1vs
6LANz,https://made.example.invalid/e08-05/23-889?utm_source=share&ref=b4rt4gnn
6LANA,https://made.example.invalid/e08-05/4-890?utm_source=share&ref=4igku3c0
6LANB,https://made.example.invalid/e08-05/9-891?utm_source=share&ref=ds1n841i
6LANC,https://made.example.invalid/e08-05/6-892?utm_source=share&ref=w1f979vd
6LAND,https://made.example.invalid/e08-05/13-893?utm_source=share&ref=8fewh7ne
6LANE,https://made.example.invalid/e08-05/14-894?utm_source=share&ref=yxne0qss
6LANF,https://made.example.invalid/e08-05/18-895?utm_source=share&ref=ber39pvo
6LANG,https://made.example.invalid/e08-05/20-896?utm_source=share&ref=wwyf0198
6LANH,https://made.example.invalid/e08-05/19-897?utm_source=share&ref=8upzsbl6
6LANI,https://made.example.invalid/e08-05/23-898?utm_source=share&ref=3s05y9gv
6LANJ,https://made.example.invalid/e08-05/4-899?utm_source=share&ref=hcd8228o
6LANK,https://made.example.invalid/e08-05/9-900?utm_source=share&ref=78o0ffxw
6LANL,https://made.example.invalid/e08-05/5-880?utm_source=share&ref=oh2v4hid
6LANM,https://made.example.invalid/e08-05/6-901?utm_source=share&ref=wyg09khr
6LANN,https://made.example.invalid/e08-05/13-902?utm_source=share&ref=yi4p58nc
6LANO,https://made.example.invalid/e08-05/14-903?utm_source=share&ref=7tdl89hn
6LANP,https://made.example.invalid/e08-05/18-904?utm_source=share&ref=ax737ls1
6LANQ,https://made.example.invalid/e08-05/20-905?utm_source=share&ref=zkqfak1z
6LANR,https://made.example.invalid/e08-05/19-906?utm_source=share&ref=gzxq8m6l
6LANS,https://made.example.invalid/e08-05/23-907?utm_source=share&ref=2t4tyz1z
6LANT,https://made.example.invalid/e08-05/4-908?utm_source=share&ref=1rp2jm3p
6LANU,https://made.example.invalid/e08-05/9-909?utm_source=share&ref=9jejymu2
6LANV,https://made.example.invalid/e08-05/5-910?utm_source=share&ref=86vrri02
6LANW,https://made.example.invalid/e08-05/6-911?utm_source=share&ref=fvvhck26
6LANX,https://made.example.invalid/e08-05/13-912?utm_source=share&ref=4wfrl6v4
6LANY,https://made.example.invalid/e08-05/14-913?utm_source=share&ref=l4kk9cwj
6LANZ,https://made.example.invalid/e08-05/18-914?utm_source=share&ref=4kg08q51
6LAO0,https://made.example.invalid/e08-05/20-915?utm_source=share&ref=bz19871p
6LAO1,https://made.example.invalid/e08-05/19-916?utm_source=share&ref=pewg3let
6LAO2,https://made.example.invalid/e08-05/23-917?utm_source=share&ref=o9n4x40d
6LAO3,https://made.example.invalid/e08-05/4-918?utm_source=share&ref=ooxjzch2
6LAO4,https://made.example.invalid/e08-05/9-919?utm_source=share&ref=cuhoo83m
6LAO5,https://made.example.invalid/e08-05/5-920?utm_source=share&ref=vvo555bu
6LAO6,https://made.example.invalid/e08-05/6-921?utm_source=share&ref=2j3aps5d
6LAO7,https://made.example.invalid/e08-05/13-922?utm_source=share&ref=mfkj7cm9
6LAO8,https://made.example.invalid/e08-05/14-923?utm_source=share&ref=wuxd1pb3
6LAO9,https://made.example.invalid/e08-05/18-924?utm_source=share&ref=cw3gb0j5
6LAOa,https://made.example.invalid/e08-05/20-925?utm_source=share&ref=56qv1sou
6LAOb,https://made.example.invalid/e08-05/19-926?utm_source=share&ref=0gq79rgk
6LAOc,https://made.example.invalid/e08-05/23-927?utm_source=share&ref=2l3iclhk
6LAOd,https://made.example.invalid/e08-05/4-928?utm_source=share&ref=b69kw1af
6LAOe,https://made.example.invalid/e08-05/9-929?utm_source=share&ref=zc5qds97
6LAOf,https://made.example.invalid/e08-05/5-930?utm_source=share&ref=57zc3xix
6LAOg,https://made.example.invalid/e08-05/6-931?utm_source=share&ref=xtwg5ssr
6LAOh,https://made.example.invalid/e08-05/13-932?utm_source=share&ref=b7nzahyw
6LAOi,https://made.example.invalid/e08-05/14-933?utm_source=share&ref=1reit1pg
6LAOj,https://made.example.invalid/e08-05/18-934?utm_source=share&ref=miukri3u
6LAOk,https://made.example.invalid/e08-05/20-935?utm_source=share&ref=shmrpj6s
6LAOl,https://made.example.invalid/e08-05/19-936?utm_source=share&ref=ppv277wh
6LAOm,https://made.example.invalid/e08-05/23-937?utm_source=share&ref=27k4spp2
6LAOn,https://made.example.invalid/e08-05/4-938?utm_source=share&ref=kgb8ay7q
6LAOo,https://made.example.invalid/e08-05/9-939?utm_source=share&ref=lgieh4d6
6LAOp,https://made.example.invalid/e08-05/5-940?utm_source=share&ref=avpfxris
6LAOq,https://made.example.invalid/e08-05/6-941?utm_source=share&ref=t74zwgxu
6LAOr,https://made.example.invalid/e08-05/13-942?utm_source=share&ref=mllg6kyv
6LAOs,https://made.example.invalid/e08-05/14-943?utm_source=share&ref=05ycvuoq
6LAOt,https://made.example.invalid/e08-05/18-944?utm_source=share&ref=8hfjkyua
6LAOu,https://made.example.invalid/e08-05/20-945?utm_source=share&ref=y2ooig1z
6LAOv,https://made.example.invalid/e08-05/19-946?utm_source=share&ref=6x34mtnq
6LAOw,https://made.example.invalid/e08-05/23-947?utm_source=share&ref=eqj49itk
6LAOx,https://made.example.invalid/e08-05/4-948?utm_source=share&ref=sxoewlap
6LAOy,https://made.example.invalid/e08-05/9-949?utm_source=share&ref=ctud263c
6LAOz,https://made.example.invalid/e08-05/5-950?utm_source=share&ref=qn2nx3ts
6LAOA,https://made.example.invalid/e08-05/6-951?utm_source=share&ref=8uy5w9gm
6LAOB,https://made.example.invalid/e08-05/13-952?utm_source=share&ref=fwsmm7fk
6LAOC,https://made.example.invalid/e08-05/14-953?utm_source=share&ref=e196s4o2
6LAOD,https://made.example.invalid/e08-05/18-954?utm_source=share&ref=x49rnbak
6LAOE,https://made.example.invalid/e08-05/20-955?utm_source=share&ref=ibgsazyb
6LAOF,https://made.example.invalid/e08-05/19-956?utm_source=share&ref=080rx4fd
6LAOG,https://made.example.invalid/e08-05/23-957?utm_source=share&ref=a6p326js
6LAOH,https://made.example.invalid/e08-05/4-958?utm_source=share&ref=6p6ab3vv
6LAOI,https://made.example.invalid/e08-05/9-959?utm_source=share&ref=gfyr8g0p
6LAOJ,https://made.example.invalid/e08-05/5-960?utm_source=share&ref=bdfl69ju
6LAOK,https://made.example.invalid/e08-05/6-961?utm_source=share&ref=vnb1u9k6
6LAOL,https://made.example.invalid/e08-05/13-962?utm_source=share&ref=5a6s3moa
6LAOM,https://made.example.invalid/e08-05/14-963?utm_source=share&ref=rqkhi4qv
6LAON,https://made.example.invalid/e08-05/18-964?utm_source=share&ref=4xpj3xig
6LAOO,https://made.example.invalid/e08-05/20-965?utm_source=share&ref=owbxegeq
6LAOP,https://made.example.invalid/e08-05/19-966?utm_source=share&ref=6r47aksc
6LAOQ,https://made.example.invalid/e08-05/23-967?utm_source=share&ref=zgoktps9
6LAOR,https://made.example.invalid/e08-05/4-968?utm_source=share&ref=0r4hjvv2
6LAOS,https://made.example.invalid/e08-05/9-969?utm_source=share&ref=bizws346
6LAOT,https://made.example.invalid/e08-05/5-970?utm_source=share&ref=umm3nj57
6LAOU,https://made.example.invalid/e08-05/6-971?utm_source=share&ref=ygkj560y
6LAOV,https://made.example.invalid/e08-05/13-972?utm_source=share&ref=0fisw7x0
6LAOW,https://made.example.invalid/e08-05/14-973?utm_source=share&ref=jpqfmibc
6LAOX,https://made.example.invalid/e08-05/18-974?utm_source=share&ref=ucn6mj6w
6LAOY,https://made.example.invalid/e08-05/20-975?utm_source=share&ref=qgh6x47f
6LAOZ,https://made.example.invalid/e08-05/19-976?utm_source=share&ref=94beubuq
6LAP0,https://made.example.invalid/e08-05/23-977?utm_source=share&ref=rcklm3hx
6LAP1,https://made.example.invalid/e08-05/4-978?utm_source=share&ref=jo0ma3qi
6LAP2,https://made.example.invalid/e08-05/9-979?utm_source=share&ref=rpe12e2e
6LAP3,https://made.example.invalid/e08-05/5-980?utm_source=share&ref=qywcvefz
6LAP4,https://made.example.invalid/e08-05/6-981?utm_source=share&ref=4ydco6ee
6LAP5,https://made.example.invalid/e08-05/13-982?utm_source=share&ref=69j95t62
6LAP6,https://made.example.invalid/e08-05/14-983?utm_source=share&ref=3uii0l12
6LAP7,https://made.example.invalid/e08-05/18-984?utm_source=share&ref=r3rr5d8v
6LAP8,https://made.example.invalid/e08-05/20-985?utm_source=share&ref=km41d0ug
6LAP9,https://made.example.invalid/e08-05/19-986?utm_source=share&ref=yvxk6yxx
6LAPa,https://made.example.invalid/e08-05/23-987?utm_source=share&ref=0ady1zxv
6LAPb,https://made.example.invalid/e08-05/4-988?utm_source=share&ref=9atnshbh
6LAPc,https://made.example.invalid/e08-05/9-989?utm_source=share&ref=y8kpr2uc
6LAPd,https://made.example.invalid/e08-05/5-990?utm_source=share&ref=kam0sl3v
6LAPe,https://made.example.invalid/e08-05/6-991?utm_source=share&ref=wmmxug94
6LAPf,https://made.example.invalid/e08-05/13-992?utm_source=share&ref=mz7opiwg
6LAPg,https://made.example.invalid/e08-05/14-993?utm_source=share&ref=brkt9tcd
6LAPh,https://made.example.invalid/e08-05/18-994?utm_source=share&ref=g9w0c4bd
6LAPi,https://made.example.invalid/e08-05/20-995?utm_source=share&ref=txk4qiwg
6LAPj,https://made.example.invalid/e08-05/19-996?utm_source=share&ref=qs0ck4fi
6LAPk,https://made.example.invalid/e08-05/23-997?utm_source=share&ref=ck5luysc
6LAPl,https://made.example.invalid/e08-05/4-998?utm_source=share&ref=z3wudian
6LAPm,https://made.example.invalid/e08-05/9-999?utm_source=share&ref=ryop0jyr
6LAPn,https://made.example.invalid/e08-05/5-1000?utm_source=share&ref=4usc76cb
6LAPo,https://made.example.invalid/e08-05/6-1001?utm_source=share&ref=eywj239v
6LAPp,https://made.example.invalid/e08-05/13-1002?utm_source=share&ref=ispc9gyh
6LAPq,https://made.example.invalid/e08-05/14-1003?utm_source=share&ref=hhzxvvbc
6LAPr,https://made.example.invalid/e08-05/18-1004?utm_source=share&ref=zwzeca7y
6LAPs,https://made.example.invalid/e08-05/20-1005?utm_source=share&ref=k86extcq
6LAPt,https://made.example.invalid/e08-05/19-1006?utm_source=share&ref=3iffdcvz
6LAPu,https://made.example.invalid/e08-05/23-1007?utm_source=share&ref=yxtpp4gl
6LAPv,https://made.example.invalid/e08-05/4-1008?utm_source=share&ref=4scr96dq
6LAPw,https://made.example.invalid/e08-05/9-1009?utm_source=share&ref=qliq61ba
6LAPx,https://made.example.invalid/e08-05/5-1010?utm_source=share&ref=5xvg84r1
6LAPy,https://made.example.invalid/e08-05/6-1011?utm_source=share&ref=j4or8190
6LAPz,https://made.example.invalid/e08-05/13-1012?utm_source=share&ref=zgngj39d
6LAPA,https://made.example.invalid/e08-05/14-1013?utm_source=share&ref=57n7mast
6LAPB,https://made.example.invalid/e08-05/18-1014?utm_source=share&ref=e3luvxfh
6LAPC,https://made.example.invalid/e08-05/20-1015?utm_source=share&ref=wrtpqi17
6LAPD,https://made.example.invalid/e08-05/19-1016?utm_source=share&ref=bk39n6jf
6LAPE,https://made.example.invalid/e08-05/23-1017?utm_source=share&ref=p7mzzbrk
6LAPF,https://made.example.invalid/e08-05/4-1018?utm_source=share&ref=crevqatq
6LAPG,https://made.example.invalid/e08-05/9-1019?utm_source=share&ref=dvyq3c2p
6LAPH,https://made.example.invalid/e08-05/5-1020?utm_source=share&ref=a2uotxq6
6LAPI,https://made.example.invalid/e08-05/6-1021?utm_source=share&ref=wqk41hsp
6LAPJ,https://made.example.invalid/e08-05/13-1022?utm_source=share&ref=edywnx3e
6LAPK,https://made.example.invalid/e08-05/14-1023?utm_source=share&ref=c3zbyg0w
6LAPL,https://made.example.invalid/e08-05/18-1024?utm_source=share&ref=pyup14hl
6LAPM,https://made.example.invalid/e08-05/20-1025?utm_source=share&ref=m1vpj86j
6LAPN,https://made.example.invalid/e08-05/19-1026?utm_source=share&ref=j2nlghkc
6LAPO,https://made.example.invalid/e08-05/23-1027?utm_source=share&ref=h1e4pi7k
6LAPP,https://made.example.invalid/e08-05/4-1028?utm_source=share&ref=wj01u3v2
6LAPQ,https://made.example.invalid/e08-05/9-1029?utm_source=share&ref=4dkycpli
6LAPR,https://made.example.invalid/e08-05/5-1030?utm_source=share&ref=q6ymjvod
6LAPS,https://made.example.invalid/e08-05/6-1031?utm_source=share&ref=2z83wakg
6LAPT,https://made.example.invalid/e08-05/13-1032?utm_source=share&ref=xayfayrz
6LAPU,https://made.example.invalid/e08-05/14-1033?utm_source=share&ref=up7wf4sr
6LAPV,https://made.example.invalid/e08-05/18-1034?utm_source=share&ref=djp2i5mb
6LAPW,https://made.example.invalid/e08-05/20-1035?utm_source=share&ref=bge8zbpf
6LAPX,https://made.example.invalid/e08-05/19-1036?utm_source=share&ref=9gxoaior
6LAPY,https://made.example.invalid/e08-05/23-1037?utm_source=share&ref=nyhhuv8f
6LAPZ,https://made.example.invalid/e08-05/4-1038?utm_source=share&ref=yq7g0p60
6LAQ0,https://made.example.invalid/e08-05/9-1039?utm_source=share&ref=q9mm8col
6LAQ1,https://made.example.invalid/e08-05/5-1040?utm_source=share&ref=pvauxgpn
6LAQ2,https://made.example.invalid/e08-05/6-1041?utm_source=share&ref=t7e31azq
6LAQ3,https://made.example.invalid/e08-05/13-1042?utm_source=share&ref=y4ec0swo
6LAQ4,https://made.example.invalid/e08-05/14-1043?utm_source=share&ref=nqnnpxlv
6LAQ5,https://made.example.invalid/e08-05/18-1044?utm_source=share&ref=nw843a9h
6LAQ6,https://made.example.invalid/e08-05/20-1045?utm_source=share&ref=zf8p99rr
6LAQ7,https://made.example.invalid/e08-05/19-1046?utm_source=share&ref=y4u2ex0d
6LAQ8,https://made.example.invalid/e08-05/23-1047?utm_source=share&ref=8nryoc20
6LAQ9,https://made.example.invalid/e08-05/4-1048?utm_source=share&ref=ihkj6d09
6LAQa,https://made.example.invalid/e08-05/9-1049?utm_source=share&ref=008fq6tv
6LAQb,https://made.example.invalid/e08-05/5-1050?utm_source=share&ref=i063uv8q
6LAQc,https://made.example.invalid/e08-05/6-1051?utm_source=share&ref=9a2tnrr6
6LAQd,https://made.example.invalid/e08-05/13-1052?utm_source=share&ref=zee9fqw6
6LAQe,https://made.example.invalid/e08-05/14-1053?utm_source=share&ref=dte38ure
6LAQf,https://made.example.invalid/e08-05/18-1054?utm_source=share&ref=1fim7l2v
6LAQg,https://made.example.invalid/e08-05/20-1055?utm_source=share&ref=6dfer563
6LAQh,https://made.example.invalid/e08-05/19-1056?utm_source=share&ref=rhf793q9
6LAQi,https://made.example.invalid/e08-05/23-1057?utm_source=share&ref=7cfnub10
6LAQj,https://made.example.invalid/e08-05/4-1058?utm_source=share&ref=nsycgyet
6LAQk,https://made.example.invalid/e08-05/9-1059?utm_source=share&ref=x2q02aea
6LAQl,https://made.example.invalid/e08-05/5-1060?utm_source=share&ref=k3mmffj1
6LAQm,https://made.example.invalid/e08-05/6-1061?utm_source=share&ref=mxh5zghp
6LAQn,https://made.example.invalid/e08-05/13-1062?utm_source=share&ref=1l2zwwd1
6LAQo,https://made.example.invalid/e08-05/14-1063?utm_source=share&ref=kdeuv915
6LAQp,https://made.example.invalid/e08-05/18-1064?utm_source=share&ref=p1f497uy
6LAQq,https://made.example.invalid/e08-05/20-1065?utm_source=share&ref=je54d00v
6LAQr,https://made.example.invalid/e08-05/19-1066?utm_source=share&ref=b6mmsdeu
6LAQs,https://made.example.invalid/e08-05/23-1067?utm_source=share&ref=byeaf0i6
6LAQt,https://made.example.invalid/e08-05/4-1068?utm_source=share&ref=cw1696lj
6LAQu,https://made.example.invalid/e08-05/9-1069?utm_source=share&ref=nxfy8w0h
6LAQv,https://made.example.invalid/e08-05/5-1070?utm_source=share&ref=jzhsbfk9
6LAQw,https://made.example.invalid/e08-05/6-1071?utm_source=share&ref=dkoswuob
6LAQx,https://made.example.invalid/e08-05/13-1072?utm_source=share&ref=eqyeeqrz
6LAQy,https://made.example.invalid/e08-05/14-1073?utm_source=share&ref=gx9q051b
6LAQz,https://made.example.invalid/e08-05/18-1074?utm_source=share&ref=yyxcq9y0
6LAQA,https://made.example.invalid/e08-05/20-1075?utm_source=share&ref=v5vkpwn4
6LAQB,https://made.example.invalid/e08-05/19-1076?utm_source=share&ref=117wyymq
6LAQC,https://made.example.invalid/e08-05/23-1077?utm_source=share&ref=ybaahp4p
6LAQD,https://made.example.invalid/e08-05/4-1078?utm_source=share&ref=xy4y42ux
6LAQE,https://made.example.invalid/e08-05/9-1079?utm_source=share&ref=zfldes2o
6LAQF,https://made.example.invalid/e08-05/5-1080?utm_source=share&ref=5n50yskn
6LAQG,https://made.example.invalid/e08-05/6-1081?utm_source=share&ref=rjmw7qjf
6LAQH,https://made.example.invalid/e08-05/13-1082?utm_source=share&ref=on5h53s6
6LAQI,https://made.example.invalid/e08-05/14-1083?utm_source=share&ref=yxecpefm
6LAQJ,https://made.example.invalid/e08-05/18-1084?utm_source=share&ref=icmjr4gt
6LAQK,https://made.example.invalid/e08-05/20-1085?utm_source=share&ref=oil28xgd
6LAQL,https://made.example.invalid/e08-05/19-1086?utm_source=share&ref=2zd94ooc
6LAQM,https://made.example.invalid/e08-05/23-1087?utm_source=share&ref=pu8qa7xs
6LAQN,https://made.example.invalid/e08-05/4-1088?utm_source=share&ref=6jaf8qxb
6LAQO,https://made.example.invalid/e08-05/9-1089?utm_source=share&ref=c59dld13
6LAQP,https://made.example.invalid/e08-05/5-1090?utm_source=share&ref=pa9mg8v2
6LAQQ,https://made.example.invalid/e08-05/6-1091?utm_source=share&ref=acu23u55
6LAQR,https://made.example.invalid/e08-05/13-1092?utm_source=share&ref=pta40a66
6LAQS,https://made.example.invalid/e08-05/14-1093?utm_source=share&ref=6got7sze
6LAQT,https://made.example.invalid/e08-05/18-1094?utm_source=share&ref=0q1m81o2
6LAQU,https://made.example.invalid/e08-05/20-1095?utm_source=share&ref=rlqja4kr
6LAQV,https://made.example.invalid/e08-05/19-1096?utm_source=share&ref=jf0px3oy
6LAQW,https://made.example.invalid/e08-05/23-1097?utm_source=share&ref=033381bp
6LAQX,https://made.example.invalid/e08-05/4-1098?utm_source=share&ref=ys2xqblj
6LAQY,https://made.example.invalid/e08-05/9-1099?utm_source=share&ref=9c5v7jxy
6LAQZ,https://made.example.invalid/e08-05/5-1100?utm_source=share&ref=tt9o8dks
6LAR0,https://made.example.invalid/e08-05/6-1101?utm_source=share&ref=2v2ogk7x
6LAR1,https://made.example.invalid/e08-05/13-1102?utm_source=share&ref=gme7hpw2
6LAR2,https://made.example.invalid/e08-05/14-1103?utm_source=share&ref=i0rkr5f8
6LAR3,https://made.example.invalid/e08-05/18-1104?utm_source=share&ref=olfl89em
6LAR4,https://made.example.invalid/e08-05/20-1105?utm_source=share&ref=jha2oahi
6LAR5,https://made.example.invalid/e08-05/19-1106?utm_source=share&ref=p5iw239n
6LAR6,https://made.example.invalid/e08-05/23-1107?utm_source=share&ref=gz201rpt
6LAR7,https://made.example.invalid/e08-05/4-1108?utm_source=share&ref=tzsytsur
6LAR8,https://made.example.invalid/e08-05/9-1109?utm_source=share&ref=c5ar8nr0
6LAR9,https://made.example.invalid/e08-05/5-1110?utm_source=share&ref=mockmceq
6LARa,https://made.example.invalid/e08-05/6-1111?utm_source=share&ref=3ldmo9z0
6LARb,https://made.example.invalid/e08-05/13-1112?utm_source=share&ref=lip6b24g
6LARc,https://made.example.invalid/e08-05/14-1113?utm_source=share&ref=a2vlvzib
6LARd,https://made.example.invalid/e08-05/18-1114?utm_source=share&ref=ltfjngoz
6LARe,https://made.example.invalid/e08-05/20-1115?utm_source=share&ref=j25c5p3d
6LARf,https://made.example.invalid/e08-05/19-1116?utm_source=share&ref=gw22cvnp
6LARg,https://made.example.invalid/e08-05/23-1117?utm_source=share&ref=8svgk8ha
6LARh,https://made.example.invalid/e08-05/4-1118?utm_source=share&ref=hk4os1qp
6LARi,https://made.example.invalid/e08-05/9-1119?utm_source=share&ref=4k84si5n
6LARj,https://made.example.invalid/e08-05/5-1120?utm_source=share&ref=m9h86ogu
6LARk,https://made.example.invalid/e08-05/6-1121?utm_source=share&ref=fybabxbo
6LARl,https://made.example.invalid/e08-05/13-1122?utm_source=share&ref=sxnxe7xh
6LARm,https://made.example.invalid/e08-05/14-1123?utm_source=share&ref=t1i23536
6LARn,https://made.example.invalid/e08-05/18-1124?utm_source=share&ref=i1mhf9g4
6LARo,https://made.example.invalid/e08-05/20-1125?utm_source=share&ref=naz9voal
6LARp,https://made.example.invalid/e08-05/19-1126?utm_source=share&ref=meonm6mh
6LARq,https://made.example.invalid/e08-05/23-1127?utm_source=share&ref=pfqyvey1
6LARr,https://made.example.invalid/e08-05/4-1128?utm_source=share&ref=jmymhddn
6LARs,https://made.example.invalid/e08-05/9-1129?utm_source=share&ref=sk8e3vz4
6LARt,https://made.example.invalid/e08-05/5-1130?utm_source=share&ref=5s0di0mg
6LARu,https://made.example.invalid/e08-05/6-1131?utm_source=share&ref=sai5fx7w
6LARv,https://made.example.invalid/e08-05/13-1132?utm_source=share&ref=nt6n74rg
6LARw,https://made.example.invalid/e08-05/14-1133?utm_source=share&ref=g201bl3j
6LARx,https://made.example.invalid/e08-05/18-1134?utm_source=share&ref=0jslwdb8
6LARy,https://made.example.invalid/e08-05/20-1135?utm_source=share&ref=83mta102
6LARz,https://made.example.invalid/e08-05/19-1136?utm_source=share&ref=mhmjczgi
6LARA,https://made.example.invalid/e08-05/23-1137?utm_source=share&ref=cka5i33h
6LARB,https://made.example.invalid/e08-05/4-1138?utm_source=share&ref=z6j1773a
6LARC,https://made.example.invalid/e08-05/9-1139?utm_source=share&ref=9ldwrr0r
6LARD,https://made.example.invalid/e08-05/5-1140?utm_source=share&ref=5s99sk9b
6LARE,https://made.example.invalid/e08-05/6-1141?utm_source=share&ref=iqtjgy9h
6LARF,https://made.example.invalid/e08-05/13-1142?utm_source=share&ref=65wq0ohf
6LARG,https://made.example.invalid/e08-05/14-1143?utm_source=share&ref=z6fxny4b
6LARH,https://made.example.invalid/e08-05/18-1144?utm_source=share&ref=9hm9ip0w
6LARI,https://made.example.invalid/e08-05/20-1145?utm_source=share&ref=ch11gvqw
6LARJ,https://made.example.invalid/e08-05/19-1146?utm_source=share&ref=90sxjeub
6LARK,https://made.example.invalid/e08-05/23-1147?utm_source=share&ref=4y2316tu
6LARL,https://made.example.invalid/e08-05/4-1148?utm_source=share&ref=6e0652zk
6LARM,https://made.example.invalid/e08-05/9-1149?utm_source=share&ref=3biqn2xo
6LARN,https://made.example.invalid/e08-05/5-1150?utm_source=share&ref=1uhrw7kf
6LARO,https://made.example.invalid/e08-05/6-1151?utm_source=share&ref=rtx4qkyq
6LARP,https://made.example.invalid/e08-05/13-1152?utm_source=share&ref=y17jjwg5
6LARQ,https://made.example.invalid/e08-05/14-1153?utm_source=share&ref=7p78ycch
6LARR,https://made.example.invalid/e08-05/18-1154?utm_source=share&ref=5n6slf7r
6LARS,https://made.example.invalid/e08-05/20-1155?utm_source=share&ref=smt8mqd9
6LART,https://made.example.invalid/e08-05/19-1156?utm_source=share&ref=37kdnq3x
6LARU,https://made.example.invalid/e08-05/23-1157?utm_source=share&ref=1vm76zkt
6LARV,https://made.example.invalid/e08-05/4-1158?utm_source=share&ref=5d9kkeqf
6LARW,https://made.example.invalid/e08-05/9-1159?utm_source=share&ref=kgig07fw
6LARX,https://made.example.invalid/e08-05/5-1160?utm_source=share&ref=gawouocg
6LARY,https://made.example.invalid/e08-05/6-1161?utm_source=share&ref=j8e5j020
6LARZ,https://made.example.invalid/e08-05/13-1162?utm_source=share&ref=a4ket2kv
6LAS0,https://made.example.invalid/e08-05/14-1163?utm_source=share&ref=v6uh5jyl
6LAS1,https://made.example.invalid/e08-05/18-1164?utm_source=share&ref=s1mb8b83
6LAS2,https://made.example.invalid/e08-05/20-1165?utm_source=share&ref=w58w0w27
6LAS3,https://made.example.invalid/e08-05/19-1166?utm_source=share&ref=d4uqy27a
6LAS4,https://made.example.invalid/e08-05/23-1167?utm_source=share&ref=aog6mvre
6LAS5,https://made.example.invalid/e08-05/4-1168?utm_source=share&ref=vgx0ssg2
6LAS6,https://made.example.invalid/e08-05/9-1169?utm_source=share&ref=vdqybvp7
6LAS7,https://made.example.invalid/e08-05/5-1170?utm_source=share&ref=0gkeybpu
6LAS8,https://made.example.invalid/e08-05/6-1171?utm_source=share&ref=y2rzp8p4
6LAS9,https://made.example.invalid/e08-05/13-1172?utm_source=share&ref=jxklwydl
6LASa,https://made.example.invalid/e08-05/14-1173?utm_source=share&ref=v4stpe00
6LASb,https://made.example.invalid/e08-05/18-1174?utm_source=share&ref=ygzklark
6LASc,https://made.example.invalid/e08-05/20-1175?utm_source=share&ref=ug3n6z0h
6LASd,https://made.example.invalid/e08-05/19-1176?utm_source=share&ref=cy8yx03z
6LASe,https://made.example.invalid/e08-05/23-1177?utm_source=share&ref=q7elw51v
6LASf,https://made.example.invalid/e08-05/4-1178?utm_source=share&ref=1p65g7hv
6LASg,https://made.example.invalid/e08-05/9-1179?utm_source=share&ref=2drjsc6a
6LASh,https://made.example.invalid/e08-05/5-1180?utm_source=share&ref=59chdm5v
6LASi,https://made.example.invalid/e08-05/6-1181?utm_source=share&ref=mksnwisa
6LASj,https://made.example.invalid/e08-05/13-1182?utm_source=share&ref=x04v7zbf
6LASk,https://made.example.invalid/e08-05/14-1183?utm_source=share&ref=klrzx12z
6LASl,https://made.example.invalid/e08-05/18-1184?utm_source=share&ref=anyq4tqq
6LASm,https://made.example.invalid/e08-05/20-1185?utm_source=share&ref=bxvzb9x8
6LASn,https://made.example.invalid/e08-05/19-1186?utm_source=share&ref=sgmoyjl9
6LASo,https://made.example.invalid/e08-05/23-1187?utm_source=share&ref=40rk25cr
6LASp,https://made.example.invalid/e08-05/4-1188?utm_source=share&ref=9rvbkgkm
6LASq,https://made.example.invalid/e08-05/9-1189?utm_source=share&ref=7jc2q2cc
6LASr,https://made.example.invalid/e08-05/5-1190?utm_source=share&ref=fwkisroj
6LASs,https://made.example.invalid/e08-05/6-1191?utm_source=share&ref=ki2eaoy7
6LASt,https://made.example.invalid/e08-05/13-1192?utm_source=share&ref=cgkx532q
6LASu,https://made.example.invalid/e08-05/14-1193?utm_source=share&ref=oju9i2y4
6LASv,https://made.example.invalid/e08-05/18-1194?utm_source=share&ref=lxyc9y3t
6LASw,https://made.example.invalid/e08-05/20-1195?utm_source=share&ref=xsedxb1n
6LASx,https://made.example.invalid/e08-05/19-1196?utm_source=share&ref=j5h8a8tn
6LASy,https://made.example.invalid/e08-05/23-1197?utm_source=share&ref=eb65720u
6LASz,https://made.example.invalid/e08-05/4-1198?utm_source=share&ref=ekvs3jjt
6LASA,https://made.example.invalid/e08-05/9-1199?utm_source=share&ref=mre1phfl
6LASB,https://made.example.invalid/e08-05/5-1200?utm_source=share&ref=oiq2uvai
6LASC,https://made.example.invalid/e08-05/6-1201?utm_source=share&ref=4gqbltjl
6LASD,https://made.example.invalid/e08-05/13-1202?utm_source=share&ref=fofdjkee
6LASE,https://made.example.invalid/e08-05/14-1203?utm_source=share&ref=v215ydbt
6LASF,https://made.example.invalid/e08-05/18-1204?utm_source=share&ref=jgbvory5
6LASG,https://made.example.invalid/e08-05/20-1205?utm_source=share&ref=uzhth546
6LASH,https://made.example.invalid/e08-05/19-1206?utm_source=share&ref=ly09nt72
6LASI,https://made.example.invalid/e08-05/23-1207?utm_source=share&ref=8knblpcd
6LASJ,https://made.example.invalid/e08-05/4-1208?utm_source=share&ref=cjvmnrs8
6LASK,https://made.example.invalid/e08-05/9-1209?utm_source=share&ref=4hodlqa3
6LASL,https://made.example.invalid/e08-05/5-1210?utm_source=share&ref=s95weuim
6LASM,https://made.example.invalid/e08-05/6-1211?utm_source=share&ref=sk4sshv5
6LASN,https://made.example.invalid/e08-05/13-1212?utm_source=share&ref=7nzsq97b
6LASO,https://made.example.invalid/e08-05/14-1213?utm_source=share&ref=ogmjj5vg
6LASP,https://made.example.invalid/e08-05/18-1214?utm_source=share&ref=gqn31rnc
6LASQ,https://made.example.invalid/e08-05/20-1215?utm_source=share&ref=kfmjlinp
6LASR,https://made.example.invalid/e08-05/19-1216?utm_source=share&ref=yddyd3y9
6LASS,https://made.example.invalid/e08-05/23-1217?utm_source=share&ref=qn4dz1ar
6LAST,https://made.example.invalid/e08-05/4-1218?utm_source=share&ref=s4zqe3zz
6LASU,https://made.example.invalid/e08-05/9-1219?utm_source=share&ref=kc8xx57p
6LASV,https://made.example.invalid/e08-05/5-1220?utm_source=share&ref=gtqvzsxx
6LASW,https://made.example.invalid/e08-05/6-1221?utm_source=share&ref=7k74to97
6LASX,https://made.example.invalid/e08-05/13-1222?utm_source=share&ref=uh6g8e54
6LASY,https://made.example.invalid/e08-05/14-1223?utm_source=share&ref=izpktaae
6LASZ,https://made.example.invalid/e08-05/18-1224?utm_source=share&ref=57xorpc4
6LAT0,https://made.example.invalid/e08-05/20-1225?utm_source=share&ref=b57uveo1
6LAT1,https://made.example.invalid/e08-05/19-1226?utm_source=share&ref=izii8pz2
6LAT2,https://made.example.invalid/e08-05/23-1227?utm_source=share&ref=y18qpz3v
6LAT3,https://made.example.invalid/e08-05/4-1228?utm_source=share&ref=g688nmvd
6LAT4,https://made.example.invalid/e08-05/9-1229?utm_source=share&ref=1ukx3n99
6LAT5,https://made.example.invalid/e08-05/5-1230?utm_source=share&ref=sff96rs1
6LAT6,https://made.example.invalid/e08-05/6-1231?utm_source=share&ref=rotzr3b5
6LAT7,https://made.example.invalid/e08-05/13-1232?utm_source=share&ref=rvlrcmxf
6LAT8,https://made.example.invalid/e08-05/14-1233?utm_source=share&ref=sqfgu7j5
6LAT9,https://made.example.invalid/e08-05/18-1234?utm_source=share&ref=2czsu2p6
6LATa,https://made.example.invalid/e08-05/20-1235?utm_source=share&ref=m6c9onts
6LATb,https://made.example.invalid/e08-05/19-1236?utm_source=share&ref=i9wofy2u
6LATc,https://made.example.invalid/e08-05/23-1237?utm_source=share&ref=jiiq2lfs
6LATd,https://made.example.invalid/e08-05/4-1238?utm_source=share&ref=tsgg8xmx
6LATe,https://made.example.invalid/e08-05/9-1239?utm_source=share&ref=qau1ap03
6LATf,https://made.example.invalid/e08-05/5-1240?utm_source=share&ref=nx62j814
6LATg,https://made.example.invalid/e08-05/6-1241?utm_source=share&ref=vqywwv60
6LATh,https://made.example.invalid/e08-05/13-1242?utm_source=share&ref=nttk7a7r
6LATi,https://made.example.invalid/e08-05/14-1243?utm_source=share&ref=8n2zzabp
6LATj,https://made.example.invalid/e08-05/18-1244?utm_source=share&ref=dio6puvg
6LATk,https://made.example.invalid/e08-05/20-1245?utm_source=share&ref=97j445i6
6LATl,https://made.example.invalid/e08-05/19-1246?utm_source=share&ref=s6qn6mhk
6LATm,https://made.example.invalid/e08-05/23-1247?utm_source=share&ref=xy9i52t0
6LATn,https://made.example.invalid/e08-05/4-1248?utm_source=share&ref=rzkytpgw
6LATo,https://made.example.invalid/e08-05/9-1249?utm_source=share&ref=4xdbp1be
6LATp,https://made.example.invalid/e08-05/5-1250?utm_source=share&ref=rpt2bzlp
6LATq,https://made.example.invalid/e08-05/6-1251?utm_source=share&ref=7krvigxi
6LATr,https://made.example.invalid/e08-05/13-1252?utm_source=share&ref=36swj8pt
6LATs,https://made.example.invalid/e08-05/14-1253?utm_source=share&ref=a9tfbjv5
6LATt,https://made.example.invalid/e08-05/18-1254?utm_source=share&ref=6mbyfya6
6LATu,https://made.example.invalid/e08-05/20-1255?utm_source=share&ref=gx9b6c0r
6LATv,https://made.example.invalid/e08-05/19-1256?utm_source=share&ref=6vwbsusq
6LATw,https://made.example.invalid/e08-05/23-1257?utm_source=share&ref=uwu9lr20
6LATx,https://made.example.invalid/e08-05/4-1258?utm_source=share&ref=ztm3dl50
6LATy,https://made.example.invalid/e08-05/9-1259?utm_source=share&ref=eou74x65
6LATz,https://made.example.invalid/e08-05/5-1260?utm_source=share&ref=r0wrrpb8
6LATA,https://made.example.invalid/e08-05/6-1261?utm_source=share&ref=neo5aizz
6LATB,https://made.example.invalid/e08-05/13-1262?utm_source=share&ref=3ik3kj4b
6LATC,https://made.example.invalid/e08-05/14-1263?utm_source=share&ref=j0m4d34f
6LATD,https://made.example.invalid/e08-05/18-1264?utm_source=share&ref=n7uwnysm
6LATE,https://made.example.invalid/e08-05/20-1265?utm_source=share&ref=3wlz4388
6LATF,https://made.example.invalid/e08-05/19-1266?utm_source=share&ref=q34on6vg
6LATG,https://made.example.invalid/e08-05/23-1267?utm_source=share&ref=bqm43b5n
6LATH,https://made.example.invalid/e08-05/4-1268?utm_source=share&ref=ekwbmdek
6LATI,https://made.example.invalid/e08-05/9-1269?utm_source=share&ref=kymiixxj
6LATJ,https://made.example.invalid/e08-05/5-1270?utm_source=share&ref=gsot7ks4
6LATK,https://made.example.invalid/e08-05/6-1271?utm_source=share&ref=cfdyoi4b
6LATL,https://made.example.invalid/e08-05/13-1272?utm_source=share&ref=lwn3pial
6LATM,https://made.example.invalid/e08-05/14-1273?utm_source=share&ref=vb1sdgi2
6LATN,https://made.example.invalid/e08-05/18-1274?utm_source=share&ref=2l820i3l
6LATO,https://made.example.invalid/e08-05/20-1275?utm_source=share&ref=ygo9allx
6LATP,https://made.example.invalid/e08-05/19-1276?utm_source=share&ref=50gtxpxc
6LATQ,https://made.example.invalid/e08-05/23-1277?utm_source=share&ref=zpjvpgcb
6LATR,https://made.example.invalid/e08-05/4-1278?utm_source=share&ref=5a5jyyjw
6LATS,https://made.example.invalid/e08-05/9-1279?utm_source=share&ref=4lskvc79
6LATT,https://made.example.invalid/e08-05/5-1280?utm_source=share&ref=b31ibidw
6LATU,https://made.example.invalid/e08-05/6-1281?utm_source=share&ref=pit5anp2
6LATV,https://made.example.invalid/e08-05/13-1282?utm_source=share&ref=9cn7d792
6LATW,https://made.example.invalid/e08-05/14-1283?utm_source=share&ref=2m9d5ut4
6LATX,https://made.example.invalid/e08-05/18-1284?utm_source=share&ref=kcq39lvb
6LATY,https://made.example.invalid/e08-05/20-1285?utm_source=share&ref=vhl79qpv
6LATZ,https://made.example.invalid/e08-05/19-1286?utm_source=share&ref=s15nfdbz
6LAU0,https://made.example.invalid/e08-05/23-1287?utm_source=share&ref=wkehqv1y
6LAU1,https://made.example.invalid/e08-05/4-1288?utm_source=share&ref=e240kcv3
6LAU2,https://made.example.invalid/e08-05/9-1289?utm_source=share&ref=0twjq8zv
6LAU3,https://made.example.invalid/e08-05/5-1290?utm_source=share&ref=9julcw0f
6LAU4,https://made.example.invalid/e08-05/6-1291?utm_source=share&ref=a19srgst
6LAU5,https://made.example.invalid/e08-05/13-1292?utm_source=share&ref=15ulz7ef
6LAU6,https://made.example.invalid/e08-05/14-1293?utm_source=share&ref=kii05vv4
6LAU7,https://made.example.invalid/e08-05/18-1294?utm_source=share&ref=xg4pgzor
6LAU8,https://made.example.invalid/e08-05/20-1295?utm_source=share&ref=ctpjjl82
6LAU9,https://made.example.invalid/e08-05/19-1296?utm_source=share&ref=uw7emshj
6LAUa,https://made.example.invalid/e08-05/23-1297?utm_source=share&ref=x8pxir0w
6LAUb,https://made.example.invalid/e08-05/4-1298?utm_source=share&ref=dn3ximiu
6LAUc,https://made.example.invalid/e08-05/9-1299?utm_source=share&ref=8y9oyd5h
6LAUd,https://made.example.invalid/e08-05/5-1300?utm_source=share&ref=fhld8dkd
6LAUe,https://made.example.invalid/e08-05/6-1301?utm_source=share&ref=y38sbho4
6LAUf,https://made.example.invalid/e08-05/13-1302?utm_source=share&ref=1rfyc6mt
6LAUg,https://made.example.invalid/e08-05/14-1303?utm_source=share&ref=sgombzkg
6LAUh,https://made.example.invalid/e08-05/18-1304?utm_source=share&ref=6m1io0im
6LAUi,https://made.example.invalid/e08-05/20-1305?utm_source=share&ref=f1i5ukae
6LAUj,https://made.example.invalid/e08-05/19-1306?utm_source=share&ref=s7jj1xs6
6LAUk,https://made.example.invalid/e08-05/23-1307?utm_source=share&ref=msvsy99y
6LAUl,https://made.example.invalid/e08-05/4-1308?utm_source=share&ref=pxy1tvek
6LAUm,https://made.example.invalid/e08-05/5-1310?utm_source=share&ref=b2crblpa
6LAUn,https://made.example.invalid/e08-05/6-1311?utm_source=share&ref=krx8e6w7
6LAUo,https://made.example.invalid/e08-05/13-1312?utm_source=share&ref=l7h3oszb
6LAUp,https://made.example.invalid/e08-05/14-1313?utm_source=share&ref=b28czvks
6LAUq,https://made.example.invalid/e08-05/18-1314?utm_source=share&ref=fpl3h03b
6LAUr,https://made.example.invalid/e08-05/20-1315?utm_source=share&ref=ulw1uinx
6LAUs,https://made.example.invalid/e08-05/19-1316?utm_source=share&ref=gtb83y89
6LAUt,https://made.example.invalid/e08-05/23-1317?utm_source=share&ref=ssuh34y1
6LAUu,https://made.example.invalid/e08-05/4-1318?utm_source=share&ref=sw7vojzx
6LAUv,https://made.example.invalid/e08-05/5-1319?utm_source=share&ref=kfamuted
6LAUw,https://made.example.invalid/e08-05/6-1320?utm_source=share&ref=xkzvvyn1
6LAUx,https://made.example.invalid/e08-05/13-1321?utm_source=share&ref=zu8mw41p
6LAUy,https://made.example.invalid/e08-05/14-1322?utm_source=share&ref=cjsbmmh7
6LAUz,https://made.example.invalid/e08-05/18-1323?utm_source=share&ref=n4osk9xf
6LAUA,https://made.example.invalid/e08-05/20-1324?utm_source=share&ref=rj2hlg25
6LAUB,https://made.example.invalid/e08-05/19-1325?utm_source=share&ref=vtgag5p0
6LAUC,https://made.example.invalid/e08-05/23-1326?utm_source=share&ref=7er06oex
6LAUD,https://made.example.invalid/e08-05/4-1327?utm_source=share&ref=gtws7n8e
6LAUE,https://made.example.invalid/e08-05/5-1328?utm_source=share&ref=8tey0zcu
6LAUF,https://made.example.invalid/e08-05/6-1329?utm_source=share&ref=tznynt4j
6LAUG,https://made.example.invalid/e08-05/9-1309?utm_source=share&ref=k27ud20t
6LAUH,https://made.example.invalid/e08-05/13-1330?utm_source=share&ref=qsofsj4o
6LAUI,https://made.example.invalid/e08-05/14-1331?utm_source=share&ref=y73blr6t
6LAUJ,https://made.example.invalid/e08-05/18-1332?utm_source=share&ref=m5u3wl4u
6LAUK,https://made.example.invalid/e08-05/20-1333?utm_source=share&ref=k3ykwff6
6LAUL,https://made.example.invalid/e08-05/19-1334?utm_source=share&ref=rg7xtzt4
6LAUM,https://made.example.invalid/e08-05/23-1335?utm_source=share&ref=0j3004ry
6LAUN,https://made.example.invalid/e08-05/4-1336?utm_source=share&ref=vl5xwskm
6LAUO,https://made.example.invalid/e08-05/5-1337?utm_source=share&ref=lgt1jvst
6LAUP,https://made.example.invalid/e08-05/6-1338?utm_source=share&ref=6ltkgebz
6LAUQ,https://made.example.invalid/e08-05/9-1339?utm_source=share&ref=cojv60sd
6LAUR,https://made.example.invalid/e08-05/13-1340?utm_source=share&ref=fvukit9n
6LAUS,https://made.example.invalid/e08-05/14-1341?utm_source=share&ref=hvupk235
6LAUT,https://made.example.invalid/e08-05/18-1342?utm_source=share&ref=lbr4ttx0
6LAUU,https://made.example.invalid/e08-05/20-1343?utm_source=share&ref=yy4r4f0y
6LAUV,https://made.example.invalid/e08-05/19-1344?utm_source=share&ref=u091mf6i
6LAUW,https://made.example.invalid/e08-05/23-1345?utm_source=share&ref=53hcf5ok
6LAUX,https://made.example.invalid/e08-05/4-1346?utm_source=share&ref=6glsbma9
6LAUY,https://made.example.invalid/e08-05/5-1347?utm_source=share&ref=zfsalwk4
6LAUZ,https://made.example.invalid/e08-05/6-1348?utm_source=share&ref=2x8xnkci
6LAV0,https://made.example.invalid/e08-05/9-1349?utm_source=share&ref=uejn9yky
6LAV1,https://made.example.invalid/e08-05/13-1350?utm_source=share&ref=o4crt7na
6LAV2,https://made.example.invalid/e08-05/14-1351?utm_source=share&ref=gy6zw0cc
6LAV3,https://made.example.invalid/e08-05/18-1352?utm_source=share&ref=lbmmm0e0
6LAV4,https://made.example.invalid/e08-05/20-1353?utm_source=share&ref=4ipqq4fg
6LAV5,https://made.example.invalid/e08-05/19-1354?utm_source=share&ref=kvcgqy9m
6LAV6,https://made.example.invalid/e08-05/23-1355?utm_source=share&ref=tc9zra9l
6LAV7,https://made.example.invalid/e08-05/4-1356?utm_source=share&ref=afmu97ek
6LAV8,https://made.example.invalid/e08-05/5-1357?utm_source=share&ref=s8rofhu0
6LAV9,https://made.example.invalid/e08-05/6-1358?utm_source=share&ref=xwt1pjij
6LAVa,https://made.example.invalid/e08-05/9-1359?utm_source=share&ref=7quaoaz4
6LAVb,https://made.example.invalid/e08-05/13-1360?utm_source=share&ref=sc4vu2vb
6LAVc,https://made.example.invalid/e08-05/14-1361?utm_source=share&ref=cq7r735q
6LAVd,https://made.example.invalid/e08-05/18-1362?utm_source=share&ref=ksw5aap9
6LAVe,https://made.example.invalid/e08-05/20-1363?utm_source=share&ref=0i56stcr
6LAVf,https://made.example.invalid/e08-05/19-1364?utm_source=share&ref=do3stwos
6LAVg,https://made.example.invalid/e08-05/23-1365?utm_source=share&ref=2y0tql2t
6LAVh,https://made.example.invalid/e08-05/4-1366?utm_source=share&ref=98lxv7qn
6LAVi,https://made.example.invalid/e08-05/5-1367?utm_source=share&ref=kkjq2so9
6LAVj,https://made.example.invalid/e08-05/6-1368?utm_source=share&ref=7vvvb8r9
6LAVk,https://made.example.invalid/e08-05/9-1369?utm_source=share&ref=xmcplcac
6LAVl,https://made.example.invalid/e08-05/13-1370?utm_source=share&ref=7cotpvdy
6LAVm,https://made.example.invalid/e08-05/14-1371?utm_source=share&ref=zirddgbw
6LAVn,https://made.example.invalid/e08-05/18-1372?utm_source=share&ref=n7shsdq9
6LAVo,https://made.example.invalid/e08-05/20-1373?utm_source=share&ref=ye82p5ru
6LAVp,https://made.example.invalid/e08-05/19-1374?utm_source=share&ref=clboue5c
6LAVq,https://made.example.invalid/e08-05/23-1375?utm_source=share&ref=basua0hk
6LAVr,https://made.example.invalid/e08-05/4-1376?utm_source=share&ref=ey1sex9q
6LAVs,https://made.example.invalid/e08-05/5-1377?utm_source=share&ref=fp063q7k
6LAVt,https://made.example.invalid/e08-05/6-1378?utm_source=share&ref=fntbs2p8
6LAVu,https://made.example.invalid/e08-05/9-1379?utm_source=share&ref=vl930zop
6LAVv,https://made.example.invalid/e08-05/13-1380?utm_source=share&ref=syg9my8l
6LAVw,https://made.example.invalid/e08-05/14-1381?utm_source=share&ref=zix06r0q
6LAVx,https://made.example.invalid/e08-05/18-1382?utm_source=share&ref=1bleiler
6LAVy,https://made.example.invalid/e08-05/20-1383?utm_source=share&ref=3wblieqf
6LAVz,https://made.example.invalid/e08-05/19-1384?utm_source=share&ref=eixk4r3b
6LAVA,https://made.example.invalid/e08-05/23-1385?utm_source=share&ref=fnf6vqc5
6LAVB,https://made.example.invalid/e08-05/4-1386?utm_source=share&ref=uvqotxes
6LAVC,https://made.example.invalid/e08-05/5-1387?utm_source=share&ref=pfar1i3m
6LAVD,https://made.example.invalid/e08-05/6-1388?utm_source=share&ref=renz5zc1
6LAVE,https://made.example.invalid/e08-05/9-1389?utm_source=share&ref=mhhcanz2
6LAVF,https://made.example.invalid/e08-05/13-1390?utm_source=share&ref=8i3x2tv5
6LAVG,https://made.example.invalid/e08-05/14-1391?utm_source=share&ref=rwiist29
6LAVH,https://made.example.invalid/e08-05/18-1392?utm_source=share&ref=wrftd8ni
6LAVI,https://made.example.invalid/e08-05/20-1393?utm_source=share&ref=7jdugvd9
6LAVJ,https://made.example.invalid/e08-05/19-1394?utm_source=share&ref=ua8wd5oz
6LAVK,https://made.example.invalid/e08-05/23-1395?utm_source=share&ref=5yvwjpyz
6LAVL,https://made.example.invalid/e08-05/4-1396?utm_source=share&ref=op6uce6m
6LAVM,https://made.example.invalid/e08-05/5-1397?utm_source=share&ref=3ykbiwtx
6LAVN,https://made.example.invalid/e08-05/6-1398?utm_source=share&ref=412oy77p
6LAVO,https://made.example.invalid/e08-05/9-1399?utm_source=share&ref=4wii67ee
6LAVP,https://made.example.invalid/e08-05/13-1400?utm_source=share&ref=m3saaaxp
6LAVQ,https://made.example.invalid/e08-05/14-1401?utm_source=share&ref=htyaqn28
6LAVR,https://made.example.invalid/e08-05/18-1402?utm_source=share&ref=o2bjtzq1
6LAVS,https://made.example.invalid/e08-05/20-1403?utm_source=share&ref=11woo00u
6LAVT,https://made.example.invalid/e08-05/19-1404?utm_source=share&ref=03ejv6zs
6LAVU,https://made.example.invalid/e08-05/23-1405?utm_source=share&ref=s0z1viyl
6LAVV,https://made.example.invalid/e08-05/4-1406?utm_source=share&ref=hzdxef83
6LAVW,https://made.example.invalid/e08-05/5-1407?utm_source=share&ref=vbf0cm2u
6LAVX,https://made.example.invalid/e08-05/6-1408?utm_source=share&ref=z9e79zfi
6LAVY,https://made.example.invalid/e08-05/9-1409?utm_source=share&ref=hxpl2wxa
6LAVZ,https://made.example.invalid/e08-05/13-1410?utm_source=share&ref=t3xi1vsx
6LAW0,https://made.example.invalid/e08-05/14-1411?utm_source=share&ref=p0v4575o
6LAW1,https://made.example.invalid/e08-05/18-1412?utm_source=share&ref=bzmj5skd
6LAW2,https://made.example.invalid/e08-05/20-1413?utm_source=share&ref=iuhityuz
6LAW3,https://made.example.invalid/e08-05/19-1414?utm_source=share&ref=ajdjhw1j
6LAW4,https://made.example.invalid/e08-05/23-1415?utm_source=share&ref=8vjdn7wu
6LAW5,https://made.example.invalid/e08-05/4-1416?utm_source=share&ref=38b8mafj
6LAW6,https://made.example.invalid/e08-05/5-1417?utm_source=share&ref=qp5v7rgk
6LAW7,https://made.example.invalid/e08-05/6-1418?utm_source=share&ref=vihuxok1
6LAW8,https://made.example.invalid/e08-05/9-1419?utm_source=share&ref=capfh4di
6LAW9,https://made.example.invalid/e08-05/13-1420?utm_source=share&ref=r2g8n7sh
6LAWa,https://made.example.invalid/e08-05/14-1421?utm_source=share&ref=2ru67y4o
6LAWb,https://made.example.invalid/e08-05/18-1422?utm_source=share&ref=0q7h9310
6LAWc,https://made.example.invalid/e08-05/20-1423?utm_source=share&ref=0mqjrz2c
6LAWd,https://made.example.invalid/e08-05/19-1424?utm_source=share&ref=9fq35fdz
6LAWe,https://made.example.invalid/e08-05/23-1425?utm_source=share&ref=m5nrny91
6LAWf,https://made.example.invalid/e08-05/4-1426?utm_source=share&ref=jtorq41y
6LAWg,https://made.example.invalid/e08-05/5-1427?utm_source=share&ref=luzf1x3o
6LAWh,https://made.example.invalid/e08-05/6-1428?utm_source=share&ref=dysb2835
6LAWi,https://made.example.invalid/e08-05/9-1429?utm_source=share&ref=472llkj2
6LAWj,https://made.example.invalid/e08-05/13-1430?utm_source=share&ref=ucvkx1vr
6LAWk,https://made.example.invalid/e08-05/14-1431?utm_source=share&ref=b08o6v6s
6LAWl,https://made.example.invalid/e08-05/18-1432?utm_source=share&ref=ss5901s0
6LAWm,https://made.example.invalid/e08-05/20-1433?utm_source=share&ref=obcpynz3
6LAWn,https://made.example.invalid/e08-05/19-1434?utm_source=share&ref=obm5obw3
6LAWo,https://made.example.invalid/e08-05/23-1435?utm_source=share&ref=32173mrl
6LAWp,https://made.example.invalid/e08-05/4-1436?utm_source=share&ref=u4zj18z9
6LAWq,https://made.example.invalid/e08-05/5-1437?utm_source=share&ref=3rc9bb4c
6LAWr,https://made.example.invalid/e08-05/6-1438?utm_source=share&ref=3abb1cr4
6LAWs,https://made.example.invalid/e08-05/9-1439?utm_source=share&ref=p9n7251z
6LAWt,https://made.example.invalid/e08-05/13-1440?utm_source=share&ref=7ptj81ci
6LAWu,https://made.example.invalid/e08-05/14-1441?utm_source=share&ref=11mude4o
6LAWv,https://made.example.invalid/e08-05/18-1442?utm_source=share&ref=l0pp498m
6LAWw,https://made.example.invalid/e08-05/20-1443?utm_source=share&ref=d8wmoj7f
6LAWx,https://made.example.invalid/e08-05/19-1444?utm_source=share&ref=ivc1fil8
6LAWy,https://made.example.invalid/e08-05/23-1445?utm_source=share&ref=suxigr92
6LAWz,https://made.example.invalid/e08-05/4-1446?utm_source=share&ref=4coz8zij
6LAWA,https://made.example.invalid/e08-05/5-1447?utm_source=share&ref=48clp9v5
6LAWB,https://made.example.invalid/e08-05/6-1448?utm_source=share&ref=mcatw3ea
6LAWC,https://made.example.invalid/e08-05/9-1449?utm_source=share&ref=y6z9xf34
6LAWD,https://made.example.invalid/e08-05/13-1450?utm_source=share&ref=8bi7j4nf
6LAWE,https://made.example.invalid/e08-05/14-1451?utm_source=share&ref=lvx2t0n9
6LAWF,https://made.example.invalid/e08-05/18-1452?utm_source=share&ref=lna0vfx5
6LAWG,https://made.example.invalid/e08-05/20-1453?utm_source=share&ref=414uksoe
6LAWH,https://made.example.invalid/e08-05/19-1454?utm_source=share&ref=534dp54n
6LAWI,https://made.example.invalid/e08-05/23-1455?utm_source=share&ref=zaptvlhg
6LAWJ,https://made.example.invalid/e08-05/4-1456?utm_source=share&ref=hxc0uqek
6LAWK,https://made.example.invalid/e08-05/5-1457?utm_source=share&ref=gfve96ux
6LAWL,https://made.example.invalid/e08-05/6-1458?utm_source=share&ref=6e1f5f6e
6LAWM,https://made.example.invalid/e08-05/9-1459?utm_source=share&ref=09okv6k6
6LAWN,https://made.example.invalid/e08-05/13-1460?utm_source=share&ref=78ufayx6
6LAWO,https://made.example.invalid/e08-05/14-1461?utm_source=share&ref=mga922kc
6LAWP,https://made.example.invalid/e08-05/18-1462?utm_source=share&ref=44gtiiug
6LAWQ,https://made.example.invalid/e08-05/20-1463?utm_source=share&ref=7jlow586
6LAWR,https://made.example.invalid/e08-05/19-1464?utm_source=share&ref=7yejbg26
6LAWS,https://made.example.invalid/e08-05/23-1465?utm_source=share&ref=tejbnfm7
6LAWT,https://made.example.invalid/e08-05/4-1466?utm_source=share&ref=h87nbeim
6LAWU,https://made.example.invalid/e08-05/5-1467?utm_source=share&ref=9wipjd4w
6LAWV,https://made.example.invalid/e08-05/6-1468?utm_source=share&ref=bxfaqt8a
6LAWW,https://made.example.invalid/e08-05/9-1469?utm_source=share&ref=fa81mfh3
6LAWX,https://made.example.invalid/e08-05/13-1470?utm_source=share&ref=b5jvk7sd
6LAWY,https://made.example.invalid/e08-05/14-1471?utm_source=share&ref=v26ixid4
6LAWZ,https://made.example.invalid/e08-05/18-1472?utm_source=share&ref=l8nrylna
6LAX0,https://made.example.invalid/e08-05/20-1473?utm_source=share&ref=jnzctxwf
6LAX1,https://made.example.invalid/e08-05/19-1474?utm_source=share&ref=zvsy4roq
6LAX2,https://made.example.invalid/e08-05/23-1475?utm_source=share&ref=po0p8vo2
6LAX3,https://made.example.invalid/e08-05/4-1476?utm_source=share&ref=p5jvuk3j
6LAX4,https://made.example.invalid/e08-05/5-1477?utm_source=share&ref=wto4jt8i
6LAX5,https://made.example.invalid/e08-05/6-1478?utm_source=share&ref=sgnu9hb6
6LAX6,https://made.example.invalid/e08-05/9-1479?utm_source=share&ref=i4t2lv9o
6LAX7,https://made.example.invalid/e08-05/13-1480?utm_source=share&ref=l3fkajce
6LAX8,https://made.example.invalid/e08-05/14-1481?utm_source=share&ref=wi6dwdwd
6LAX9,https://made.example.invalid/e08-05/18-1482?utm_source=share&ref=3you8xex
6LAXa,https://made.example.invalid/e08-05/20-1483?utm_source=share&ref=tyufj3cd
6LAXb,https://made.example.invalid/e08-05/19-1484?utm_source=share&ref=7al5wsrs
6LAXc,https://made.example.invalid/e08-05/23-1485?utm_source=share&ref=6wjx5dph
6LAXd,https://made.example.invalid/e08-05/4-1486?utm_source=share&ref=gs4yyxpg
6LAXe,https://made.example.invalid/e08-05/5-1487?utm_source=share&ref=e0p4y0hr
6LAXf,https://made.example.invalid/e08-05/6-1488?utm_source=share&ref=0mv0e6oo
6LAXg,https://made.example.invalid/e08-05/9-1489?utm_source=share&ref=fzbqn12l
6LAXh,https://made.example.invalid/e08-05/13-1490?utm_source=share&ref=0vm2iyfj
6LAXi,https://made.example.invalid/e08-05/14-1491?utm_source=share&ref=jdgaeget
6LAXj,https://made.example.invalid/e08-05/18-1492?utm_source=share&ref=eqaopo1e
6LAXk,https://made.example.invalid/e08-05/20-1493?utm_source=share&ref=pmu9h4fv
6LAXl,https://made.example.invalid/e08-05/19-1494?utm_source=share&ref=qpifp9zr
6LAXm,https://made.example.invalid/e08-05/23-1495?utm_source=share&ref=2pofi54s
6LAXn,https://made.example.invalid/e08-05/4-1496?utm_source=share&ref=59sf2g3i
6LAXo,https://made.example.invalid/e08-05/5-1497?utm_source=share&ref=6isld3zl
6LAXp,https://made.example.invalid/e08-05/6-1498?utm_source=share&ref=m66td8ce
6LAXq,https://made.example.invalid/e08-05/9-1499?utm_source=share&ref=tq7mc3n2
6LAXr,https://made.example.invalid/e08-05/13-1500?utm_source=share&ref=nucsv23c
6LAXs,https://made.example.invalid/e08-05/14-1501?utm_source=share&ref=cnb9xte2
6LAXt,https://made.example.invalid/e08-05/18-1502?utm_source=share&ref=4c5b8bww
6LAXu,https://made.example.invalid/e08-05/20-1503?utm_source=share&ref=uwar5gdh
6LAXv,https://made.example.invalid/e08-05/19-1504?utm_source=share&ref=ntktrym4
6LAXw,https://made.example.invalid/e08-05/23-1505?utm_source=share&ref=r4aemwjq
6LAXx,https://made.example.invalid/e08-05/4-1506?utm_source=share&ref=mnbm2p4x
6LAXy,https://made.example.invalid/e08-05/5-1507?utm_source=share&ref=7breju73
6LAXz,https://made.example.invalid/e08-05/6-1508?utm_source=share&ref=zbopa35y
6LAXA,https://made.example.invalid/e08-05/9-1509?utm_source=share&ref=rm41rbqd
6LAXB,https://made.example.invalid/e08-05/13-1510?utm_source=share&ref=zq4317xn
6LAXC,https://made.example.invalid/e08-05/14-1511?utm_source=share&ref=h35hgbnp
6LAXD,https://made.example.invalid/e08-05/18-1512?utm_source=share&ref=l1kpmk3z
6LAXE,https://made.example.invalid/e08-05/20-1513?utm_source=share&ref=wgscg7oj
6LAXF,https://made.example.invalid/e08-05/19-1514?utm_source=share&ref=z3e6opo5
6LAXG,https://made.example.invalid/e08-05/23-1515?utm_source=share&ref=umm74bbp
6LAXH,https://made.example.invalid/e08-05/4-1516?utm_source=share&ref=lf340chc
6LAXI,https://made.example.invalid/e08-05/5-1517?utm_source=share&ref=kc9xpvln
6LAXJ,https://made.example.invalid/e08-05/6-1518?utm_source=share&ref=xjpsnk9l
6LAXK,https://made.example.invalid/e08-05/9-1519?utm_source=share&ref=ijlr3eki
6LAXL,https://made.example.invalid/e08-05/13-1520?utm_source=share&ref=0s7aksr0
6LAXM,https://made.example.invalid/e08-05/14-1521?utm_source=share&ref=t9mncdqr
6LAXN,https://made.example.invalid/e08-05/18-1522?utm_source=share&ref=jk66o3ou
6LAXO,https://made.example.invalid/e08-05/20-1523?utm_source=share&ref=mkqed8vs
6LAXP,https://made.example.invalid/e08-05/19-1524?utm_source=share&ref=x9yvfikz
6LAXQ,https://made.example.invalid/e08-05/23-1525?utm_source=share&ref=hhkwowog
6LAXR,https://made.example.invalid/e08-05/4-1526?utm_source=share&ref=nroat0tt
6LAXS,https://made.example.invalid/e08-05/5-1527?utm_source=share&ref=taajpqg3
6LAXT,https://made.example.invalid/e08-05/6-1528?utm_source=share&ref=wpdr56gn
6LAXU,https://made.example.invalid/e08-05/9-1529?utm_source=share&ref=7nftqjw8
6LAXV,https://made.example.invalid/e08-05/13-1530?utm_source=share&ref=9be7y2d2
6LAXW,https://made.example.invalid/e08-05/14-1531?utm_source=share&ref=x2subocr
6LAXX,https://made.example.invalid/e08-05/18-1532?utm_source=share&ref=tgvn6dmp
6LAXY,https://made.example.invalid/e08-05/20-1533?utm_source=share&ref=p8i4kdxw
6LAXZ,https://made.example.invalid/e08-05/19-1534?utm_source=share&ref=tx4uyt8g
6LAY0,https://made.example.invalid/e08-05/23-1535?utm_source=share&ref=b6dlxjer
6LAY1,https://made.example.invalid/e08-05/4-1536?utm_source=share&ref=ld97fxos
6LAY2,https://made.example.invalid/e08-05/5-1537?utm_source=share&ref=529mpp9k
6LAY3,https://made.example.invalid/e08-05/6-1538?utm_source=share&ref=fdyvp4mj
6LAY4,https://made.example.invalid/e08-05/9-1539?utm_source=share&ref=2t10fhl4
6LAY5,https://made.example.invalid/e08-05/13-1540?utm_source=share&ref=3nuumous
6LAY6,https://made.example.invalid/e08-05/14-1541?utm_source=share&ref=bz8cwmai
6LAY7,https://made.example.invalid/e08-05/18-1542?utm_source=share&ref=bvd55l0t
6LAY8,https://made.example.invalid/e08-05/20-1543?utm_source=share&ref=alkq0wkv
6LAY9,https://made.example.invalid/e08-05/19-1544?utm_source=share&ref=nmdzngiw
6LAYa,https://made.example.invalid/e08-05/23-1545?utm_source=share&ref=m8cc3pj5
6LAYb,https://made.example.invalid/e08-05/4-1546?utm_source=share&ref=jh7nhgxa
6LAYc,https://made.example.invalid/e08-05/5-1547?utm_source=share&ref=df7focac
6LAYd,https://made.example.invalid/e08-05/6-1548?utm_source=share&ref=5j63jt66
6LAYe,https://made.example.invalid/e08-05/9-1549?utm_source=share&ref=4b8lqtp0
6LAYf,https://made.example.invalid/e08-05/13-1550?utm_source=share&ref=9bgbxuz6
6LAYg,https://made.example.invalid/e08-05/14-1551?utm_source=share&ref=7g7d3j69
6LAYh,https://made.example.invalid/e08-05/18-1552?utm_source=share&ref=7k9b6nu6
6LAYi,https://made.example.invalid/e08-05/20-1553?utm_source=share&ref=snsr884g
6LAYj,https://made.example.invalid/e08-05/19-1554?utm_source=share&ref=j3glkuoz
6LAYk,https://made.example.invalid/e08-05/23-1555?utm_source=share&ref=enrbkpnu
6LAYl,https://made.example.invalid/e08-05/4-1556?utm_source=share&ref=pvtgwutn
6LAYm,https://made.example.invalid/e08-05/5-1557?utm_source=share&ref=opaq5nxo
6LAYn,https://made.example.invalid/e08-05/6-1558?utm_source=share&ref=thfi5bli
6LAYo,https://made.example.invalid/e08-05/9-1559?utm_source=share&ref=j0vt08fv
6LAYp,https://made.example.invalid/e08-05/13-1560?utm_source=share&ref=86wytkzq
6LAYq,https://made.example.invalid/e08-05/14-1561?utm_source=share&ref=x913felr
6LAYr,https://made.example.invalid/e08-05/18-1562?utm_source=share&ref=rizwq2oc
6LAYs,https://made.example.invalid/e08-05/20-1563?utm_source=share&ref=688ghyb7
6LAYt,https://made.example.invalid/e08-05/19-1564?utm_source=share&ref=ms06an33
6LAYu,https://made.example.invalid/e08-05/23-1565?utm_source=share&ref=nrezya9u
6LAYv,https://made.example.invalid/e08-05/4-1566?utm_source=share&ref=l29vl2d5
6LAYw,https://made.example.invalid/e08-05/5-1567?utm_source=share&ref=7po2kno6
6LAYx,https://made.example.invalid/e08-05/6-1568?utm_source=share&ref=hawol0bc
6LAYy,https://made.example.invalid/e08-05/9-1569?utm_source=share&ref=eitxj51u
6LAYz,https://made.example.invalid/e08-05/13-1570?utm_source=share&ref=ze0buhm5
6LAYA,https://made.example.invalid/e08-05/14-1571?utm_source=share&ref=hy0xj9hd
6LAYB,https://made.example.invalid/e08-05/18-1572?utm_source=share&ref=mzlin1zl
6LAYC,https://made.example.invalid/e08-05/20-1573?utm_source=share&ref=9wc5hico
6LAYD,https://made.example.invalid/e08-05/19-1574?utm_source=share&ref=i4dxcr6t
6LAYE,https://made.example.invalid/e08-05/23-1575?utm_source=share&ref=5jkigsp1
6LAYF,https://made.example.invalid/e08-05/4-1576?utm_source=share&ref=u1fbpj6c
6LAYG,https://made.example.invalid/e08-05/5-1577?utm_source=share&ref=6ja7n0mq
6LAYH,https://made.example.invalid/e08-05/6-1578?utm_source=share&ref=xm5xgwk4
6LAYI,https://made.example.invalid/e08-05/9-1579?utm_source=share&ref=9n6vv9zw
6LAYJ,https://made.example.invalid/e08-05/13-1580?utm_source=share&ref=r3628q1t
6LAYK,https://made.example.invalid/e08-05/14-1581?utm_source=share&ref=owmj92r1
6LAYL,https://made.example.invalid/e08-05/18-1582?utm_source=share&ref=iwnjdqzj
6LAYM,https://made.example.invalid/e08-05/20-1583?utm_source=share&ref=8qyk47fq
6LAYN,https://made.example.invalid/e08-05/19-1584?utm_source=share&ref=sj320dhp
6LAYO,https://made.example.invalid/e08-05/23-1585?utm_source=share&ref=7pt52s3b
6LAYP,https://made.example.invalid/e08-05/4-1586?utm_source=share&ref=866jslaa
6LAYQ,https://made.example.invalid/e08-05/5-1587?utm_source=share&ref=nviy4vb7
6LAYR,https://made.example.invalid/e08-05/6-1588?utm_source=share&ref=vi0ntu59
6LAYS,https://made.example.invalid/e08-05/9-1589?utm_source=share&ref=zey7i66p
6LAYT,https://made.example.invalid/e08-05/13-1590?utm_source=share&ref=leiwn8if
6LAYU,https://made.example.invalid/e08-05/14-1591?utm_source=share&ref=m7xe2tr1
6LAYV,https://made.example.invalid/e08-05/18-1592?utm_source=share&ref=s17ejjp6
6LAYW,https://made.example.invalid/e08-05/20-1593?utm_source=share&ref=y9582b8r
6LAYX,https://made.example.invalid/e08-05/19-1594?utm_source=share&ref=fgon70ec
6LAYY,https://made.example.invalid/e08-05/23-1595?utm_source=share&ref=8d8we0kk
6LAYZ,https://made.example.invalid/e08-05/4-1596?utm_source=share&ref=qj01qd3n
6LAZ0,https://made.example.invalid/e08-05/5-1597?utm_source=share&ref=ob8jyn5e
6LAZ1,https://made.example.invalid/e08-05/6-1598?utm_source=share&ref=g50fk9zx
6LAZ2,https://made.example.invalid/e08-05/9-1599?utm_source=share&ref=rigoeprq
6LAZ3,https://made.example.invalid/e08-05/13-1600?utm_source=share&ref=8p2138o9
6LAZ4,https://made.example.invalid/e08-05/14-1601?utm_source=share&ref=1kry51lf
6LAZ5,https://made.example.invalid/e08-05/18-1602?utm_source=share&ref=lol5shha
6LAZ6,https://made.example.invalid/e08-05/20-1603?utm_source=share&ref=iomwtu01
6LAZ7,https://made.example.invalid/e08-05/19-1604?utm_source=share&ref=2ckhwc0h
6LAZ8,https://made.example.invalid/e08-05/23-1605?utm_source=share&ref=ybseh9fa
6LAZ9,https://made.example.invalid/e08-05/4-1606?utm_source=share&ref=1zpgenpj
6LAZa,https://made.example.invalid/e08-05/5-1607?utm_source=share&ref=5656ygob
6LAZb,https://made.example.invalid/e08-05/6-1608?utm_source=share&ref=aujk35fg
6LAZc,https://made.example.invalid/e08-05/9-1609?utm_source=share&ref=6bu5taeq
6LAZd,https://made.example.invalid/e08-05/13-1610?utm_source=share&ref=r0ewjcc2
6LAZe,https://made.example.invalid/e08-05/14-1611?utm_source=share&ref=s5rabxjq
6LAZf,https://made.example.invalid/e08-05/18-1612?utm_source=share&ref=b5ksa94w
6LAZg,https://made.example.invalid/e08-05/20-1613?utm_source=share&ref=lelnneye
6LAZh,https://made.example.invalid/e08-05/19-1614?utm_source=share&ref=kng89i7c
6LAZi,https://made.example.invalid/e08-05/23-1615?utm_source=share&ref=xhw4z8o6
6LAZj,https://made.example.invalid/e08-05/4-1616?utm_source=share&ref=7rh2u466
6LAZk,https://made.example.invalid/e08-05/5-1617?utm_source=share&ref=jsi1xjlf
6LAZl,https://made.example.invalid/e08-05/6-1618?utm_source=share&ref=pvsygpdq
6LAZm,https://made.example.invalid/e08-05/9-1619?utm_source=share&ref=qmajnlr0
6LAZn,https://made.example.invalid/e08-05/13-1620?utm_source=share&ref=7jj9co3c
6LAZo,https://made.example.invalid/e08-05/14-1621?utm_source=share&ref=xd0ma29r
6LAZp,https://made.example.invalid/e08-05/18-1622?utm_source=share&ref=o4fd77i7
6LAZq,https://made.example.invalid/e08-05/20-1623?utm_source=share&ref=0b0ryzi0
6LAZr,https://made.example.invalid/e08-05/19-1624?utm_source=share&ref=mpd85dsg
6LAZs,https://made.example.invalid/e08-05/23-1625?utm_source=share&ref=afjnh2wz
6LAZt,https://made.example.invalid/e08-05/4-1626?utm_source=share&ref=214fctmo
6LAZu,https://made.example.invalid/e08-05/5-1627?utm_source=share&ref=05g59m83
6LAZv,https://made.example.invalid/e08-05/6-1628?utm_source=share&ref=e99y16m3
6LAZw,https://made.example.invalid/e08-05/9-1629?utm_source=share&ref=sr1lgy9a
6LAZx,https://made.example.invalid/e08-05/13-1630?utm_source=share&ref=bhgwn5qi
6LAZy,https://made.example.invalid/e08-05/14-1631?utm_source=share&ref=idhwsw56
6LAZz,https://made.example.invalid/e08-05/18-1632?utm_source=share&ref=m4xsvzgh
6LAZA,https://made.example.invalid/e08-05/20-1633?utm_source=share&ref=81y1hl6o
6LAZB,https://made.example.invalid/e08-05/19-1634?utm_source=share&ref=skevtj33
6LAZC,https://made.example.invalid/e08-05/23-1635?utm_source=share&ref=it3h7ax8
6LAZD,https://made.example.invalid/e08-05/4-1636?utm_source=share&ref=ot9csa3e
6LAZE,https://made.example.invalid/e08-05/5-1637?utm_source=share&ref=kkv69cs1
6LAZF,https://made.example.invalid/e08-05/6-1638?utm_source=share&ref=o35hdhh9
6LAZG,https://made.example.invalid/e08-05/9-1639?utm_source=share&ref=cgjipefe
6LAZH,https://made.example.invalid/e08-05/13-1640?utm_source=share&ref=hnb3x1np
6LAZI,https://made.example.invalid/e08-05/14-1641?utm_source=share&ref=x5gpy4q6
6LAZJ,https://made.example.invalid/e08-05/18-1642?utm_source=share&ref=vjpi1tpk
6LAZK,https://made.example.invalid/e08-05/20-1643?utm_source=share&ref=gb84w00f
6LAZL,https://made.example.invalid/e08-05/19-1644?utm_source=share&ref=xrgs38ov
6LAZM,https://made.example.invalid/e08-05/23-1645?utm_source=share&ref=7sublj8z
6LAZN,https://made.example.invalid/e08-05/4-1646?utm_source=share&ref=ccmrmb8a
6LAZO,https://made.example.invalid/e08-05/5-1647?utm_source=share&ref=sgwjls2e
6LAZP,https://made.example.invalid/e08-05/6-1648?utm_source=share&ref=imdo3fl3
6LAZQ,https://made.example.invalid/e08-05/9-1649?utm_source=share&ref=k29dhw4f
6LAZR,https://made.example.invalid/e08-05/13-1650?utm_source=share&ref=xjqehria
6LAZS,https://made.example.invalid/e08-05/14-1651?utm_source=share&ref=zjcuykzd
6LAZT,https://made.example.invalid/e08-05/18-1652?utm_source=share&ref=ftw8thuv
6LAZU,https://made.example.invalid/e08-05/20-1653?utm_source=share&ref=hrojx9dw
6LAZV,https://made.example.invalid/e08-05/19-1654?utm_source=share&ref=d5zw602n
6LAZW,https://made.example.invalid/e08-05/23-1655?utm_source=share&ref=vhdijrf6
6LAZX,https://made.example.invalid/e08-05/4-1656?utm_source=share&ref=mh6k7r48
6LAZY,https://made.example.invalid/e08-05/5-1657?utm_source=share&ref=nklv5qrs
6LAZZ,https://made.example.invalid/e08-05/6-1658?utm_source=share&ref=b8eryzew
6LB00,https://made.example.invalid/e08-05/9-1659?utm_source=share&ref=td16gzle
6LB01,https://made.example.invalid/e08-05/13-1660?utm_source=share&ref=mcntl53f
6LB02,https://made.example.invalid/e08-05/14-1661?utm_source=share&ref=o3lzmdur
6LB03,https://made.example.invalid/e08-05/18-1662?utm_source=share&ref=ub6ex6u5
6LB04,https://made.example.invalid/e08-05/20-1663?utm_source=share&ref=ke5jl3ao
6LB05,https://made.example.invalid/e08-05/19-1664?utm_source=share&ref=ykeczbqw
6LB06,https://made.example.invalid/e08-05/23-1665?utm_source=share&ref=kbla1cak
6LB07,https://made.example.invalid/e08-05/4-1666?utm_source=share&ref=8wv00all
6LB08,https://made.example.invalid/e08-05/5-1667?utm_source=share&ref=rg23hy8g
6LB09,https://made.example.invalid/e08-05/6-1668?utm_source=share&ref=bt58olxq
6LB0a,https://made.example.invalid/e08-05/9-1669?utm_source=share&ref=lzdexkhg
6LB0b,https://made.example.invalid/e08-05/13-1670?utm_source=share&ref=35m2n83r
6LB0c,https://made.example.invalid/e08-05/14-1671?utm_source=share&ref=j0gub3ml
6LB0d,https://made.example.invalid/e08-05/18-1672?utm_source=share&ref=gtw4ap9a
6LB0e,https://made.example.invalid/e08-05/20-1673?utm_source=share&ref=rmxhtc6v
6LB0f,https://made.example.invalid/e08-05/19-1674?utm_source=share&ref=far7jpq8
6LB0g,https://made.example.invalid/e08-05/23-1675?utm_source=share&ref=wqowv7r3
6LB0h,https://made.example.invalid/e08-05/4-1676?utm_source=share&ref=fbzbgo9a
6LB0i,https://made.example.invalid/e08-05/5-1677?utm_source=share&ref=syzlu3gi
6LB0j,https://made.example.invalid/e08-05/6-1678?utm_source=share&ref=1lac5yl3
6LB0k,https://made.example.invalid/e08-05/9-1679?utm_source=share&ref=pzi7c71l
6LB0l,https://made.example.invalid/e08-05/13-1680?utm_source=share&ref=5972yhi4
6LB0m,https://made.example.invalid/e08-05/14-1681?utm_source=share&ref=fwtwhhse
6LB0n,https://made.example.invalid/e08-05/18-1682?utm_source=share&ref=oji17r14
6LB0o,https://made.example.invalid/e08-05/20-1683?utm_source=share&ref=kmgt938l
6LB0p,https://made.example.invalid/e08-05/19-1684?utm_source=share&ref=tdz435ai
6LB0q,https://made.example.invalid/e08-05/23-1685?utm_source=share&ref=x7wit0bu
6LB0r,https://made.example.invalid/e08-05/4-1686?utm_source=share&ref=f2ont5xc
6LB0s,https://made.example.invalid/e08-05/5-1687?utm_source=share&ref=jadiby70
6LB0t,https://made.example.invalid/e08-05/6-1688?utm_source=share&ref=adgkyt31
6LB0u,https://made.example.invalid/e08-05/9-1689?utm_source=share&ref=lenw2s7h
6LB0v,https://made.example.invalid/e08-05/13-1690?utm_source=share&ref=r34owium
6LB0w,https://made.example.invalid/e08-05/14-1691?utm_source=share&ref=an8oimay
6LB0x,https://made.example.invalid/e08-05/18-1692?utm_source=share&ref=1vqkmzby
6LB0y,https://made.example.invalid/e08-05/20-1693?utm_source=share&ref=hesalw7n
6LB0z,https://made.example.invalid/e08-05/19-1694?utm_source=share&ref=vvtwh9n0
6LB0A,https://made.example.invalid/e08-05/23-1695?utm_source=share&ref=j7o7i427
6LB0B,https://made.example.invalid/e08-05/4-1696?utm_source=share&ref=iau379fy
6LB0C,https://made.example.invalid/e08-05/5-1697?utm_source=share&ref=mddkc920
6LB0D,https://made.example.invalid/e08-05/6-1698?utm_source=share&ref=zw6cqynj
6LB0E,https://made.example.invalid/e08-05/9-1699?utm_source=share&ref=dqrgqlgu
6LB0F,https://made.example.invalid/e08-05/13-1700?utm_source=share&ref=0vbith24
6LB0G,https://made.example.invalid/e08-05/14-1701?utm_source=share&ref=5xgwfuc3
6LB0H,https://made.example.invalid/e08-05/18-1702?utm_source=share&ref=g1i2dnvu
6LB0I,https://made.example.invalid/e08-05/20-1703?utm_source=share&ref=cpzl4q1w
6LB0J,https://made.example.invalid/e08-05/19-1704?utm_source=share&ref=6zwupjv3
6LB0K,https://made.example.invalid/e08-05/23-1705?utm_source=share&ref=lwums1m2
6LB0L,https://made.example.invalid/e08-05/4-1706?utm_source=share&ref=ha115s60
6LB0M,https://made.example.invalid/e08-05/5-1707?utm_source=share&ref=f5ahi3y3
6LB0N,https://made.example.invalid/e08-05/6-1708?utm_source=share&ref=qj1ktbff
6LB0O,https://made.example.invalid/e08-05/9-1709?utm_source=share&ref=d9kxq0xm
6LB0P,https://made.example.invalid/e08-05/13-1710?utm_source=share&ref=y06pymbf
6LB0Q,https://made.example.invalid/e08-05/14-1711?utm_source=share&ref=4i0b8zsd
6LB0R,https://made.example.invalid/e08-05/18-1712?utm_source=share&ref=1figrkr1
6LB0S,https://made.example.invalid/e08-05/20-1713?utm_source=share&ref=if81d16b
6LB0T,https://made.example.invalid/e08-05/19-1714?utm_source=share&ref=1jkd9cgi
6LB0U,https://made.example.invalid/e08-05/23-1715?utm_source=share&ref=h4dk2blo
6LB0V,https://made.example.invalid/e08-05/4-1716?utm_source=share&ref=c12rm4ma
6LB0W,https://made.example.invalid/e08-05/5-1717?utm_source=share&ref=ny2ezere
6LB0X,https://made.example.invalid/e08-05/6-1718?utm_source=share&ref=i1377cxb
6LB0Y,https://made.example.invalid/e08-05/9-1719?utm_source=share&ref=yrzyh7h6
6LB0Z,https://made.example.invalid/e08-05/13-1720?utm_source=share&ref=7gz5xtis
6LB10,https://made.example.invalid/e08-05/14-1721?utm_source=share&ref=33m8kcws
6LB11,https://made.example.invalid/e08-05/18-1722?utm_source=share&ref=6lemh96f
6LB12,https://made.example.invalid/e08-05/20-1723?utm_source=share&ref=yrafq5oo
6LB13,https://made.example.invalid/e08-05/19-1724?utm_source=share&ref=c3swgs0p
6LB14,https://made.example.invalid/e08-05/23-1725?utm_source=share&ref=tfcdzufq
6LB15,https://made.example.invalid/e08-05/4-1726?utm_source=share&ref=6b90akwh
6LB16,https://made.example.invalid/e08-05/5-1727?utm_source=share&ref=21h84e5g
6LB17,https://made.example.invalid/e08-05/6-1728?utm_source=share&ref=b0fo50u3
6LB18,https://made.example.invalid/e08-05/9-1729?utm_source=share&ref=bsewrykh
6LB19,https://made.example.invalid/e08-05/13-1730?utm_source=share&ref=g9109r0m
6LB1a,https://made.example.invalid/e08-05/14-1731?utm_source=share&ref=uvb6p5g6
6LB1b,https://made.example.invalid/e08-05/18-1732?utm_source=share&ref=gpnrwv11
6LB1c,https://made.example.invalid/e08-05/20-1733?utm_source=share&ref=b7rv0a1r
6LB1d,https://made.example.invalid/e08-05/19-1734?utm_source=share&ref=2anl2evs
6LB1e,https://made.example.invalid/e08-05/23-1735?utm_source=share&ref=jobn48e8
6LB1f,https://made.example.invalid/e08-05/4-1736?utm_source=share&ref=g7andatv
6LB1g,https://made.example.invalid/e08-05/5-1737?utm_source=share&ref=xagzdl1u
6LB1h,https://made.example.invalid/e08-05/6-1738?utm_source=share&ref=nlj0d88g
6LB1i,https://made.example.invalid/e08-05/9-1739?utm_source=share&ref=b5de0ywo
6LB1j,https://made.example.invalid/e08-05/13-1740?utm_source=share&ref=s07bw99g
6LB1k,https://made.example.invalid/e08-05/14-1741?utm_source=share&ref=aa7nah44
6LB1l,https://made.example.invalid/e08-05/18-1742?utm_source=share&ref=9inv63w1
6LB1m,https://made.example.invalid/e08-05/20-1743?utm_source=share&ref=z4hnph2c
6LB1n,https://made.example.invalid/e08-05/19-1744?utm_source=share&ref=9bdhd5ei
6LB1o,https://made.example.invalid/e08-05/23-1745?utm_source=share&ref=se6hcv4d
6LB1p,https://made.example.invalid/e08-05/4-1746?utm_source=share&ref=mp04iaf1
6LB1q,https://made.example.invalid/e08-05/5-1747?utm_source=share&ref=49ktq9r6
6LB1r,https://made.example.invalid/e08-05/6-1748?utm_source=share&ref=573j6hwe
6LB1s,https://made.example.invalid/e08-05/9-1749?utm_source=share&ref=nfpe8mca
6LB1t,https://made.example.invalid/e08-05/13-1750?utm_source=share&ref=nplqtxzz
6LB1u,https://made.example.invalid/e08-05/14-1751?utm_source=share&ref=5krvnboy
6LB1v,https://made.example.invalid/e08-05/18-1752?utm_source=share&ref=js3qii1p
6LB1w,https://made.example.invalid/e08-05/20-1753?utm_source=share&ref=d6dmdks5
6LB1x,https://made.example.invalid/e08-05/19-1754?utm_source=share&ref=gmkl8hhq
6LB1y,https://made.example.invalid/e08-05/23-1755?utm_source=share&ref=1ohyto0r
6LB1z,https://made.example.invalid/e08-05/4-1756?utm_source=share&ref=i0nfydzf
6LB1A,https://made.example.invalid/e08-05/5-1757?utm_source=share&ref=1438d47m
6LB1B,https://made.example.invalid/e08-05/6-1758?utm_source=share&ref=18fpny8f
6LB1C,https://made.example.invalid/e08-05/9-1759?utm_source=share&ref=4wg99cvu
6LB1D,https://made.example.invalid/e08-05/13-1760?utm_source=share&ref=gea5tlj8
6LB1E,https://made.example.invalid/e08-05/14-1761?utm_source=share&ref=82belyu4
6LB1F,https://made.example.invalid/e08-05/18-1762?utm_source=share&ref=czgxk4ah
6LB1G,https://made.example.invalid/e08-05/20-1763?utm_source=share&ref=z114s7h3
6LB1H,https://made.example.invalid/e08-05/19-1764?utm_source=share&ref=mpp3o9m2
6LB1I,https://made.example.invalid/e08-05/23-1765?utm_source=share&ref=0cb29846
6LB1J,https://made.example.invalid/e08-05/4-1766?utm_source=share&ref=b2rzz5qa
6LB1K,https://made.example.invalid/e08-05/5-1767?utm_source=share&ref=f1d6esfe
6LB1L,https://made.example.invalid/e08-05/6-1768?utm_source=share&ref=7klzhoeg
6LB1M,https://made.example.invalid/e08-05/9-1769?utm_source=share&ref=wh46ourz
6LB1N,https://made.example.invalid/e08-05/13-1770?utm_source=share&ref=3yubi2wm
6LB1O,https://made.example.invalid/e08-05/14-1771?utm_source=share&ref=znvqjfle
6LB1P,https://made.example.invalid/e08-05/18-1772?utm_source=share&ref=fihherbt
6LB1Q,https://made.example.invalid/e08-05/20-1773?utm_source=share&ref=gh3q274y
6LB1R,https://made.example.invalid/e08-05/19-1774?utm_source=share&ref=tsqp5grp
6LB1S,https://made.example.invalid/e08-05/23-1775?utm_source=share&ref=68mn269j
6LB1T,https://made.example.invalid/e08-05/4-1776?utm_source=share&ref=yqgbd5xx
6LB1U,https://made.example.invalid/e08-05/5-1777?utm_source=share&ref=y2rs83xm
6LB1V,https://made.example.invalid/e08-05/6-1778?utm_source=share&ref=h3uwtao4
6LB1W,https://made.example.invalid/e08-05/9-1779?utm_source=share&ref=q6h7kxpu
6LB1X,https://made.example.invalid/e08-05/13-1780?utm_source=share&ref=js9yqy8w
6LB1Y,https://made.example.invalid/e08-05/14-1781?utm_source=share&ref=zcogtlwk
6LB1Z,https://made.example.invalid/e08-05/18-1782?utm_source=share&ref=lvqjgmap
6LB20,https://made.example.invalid/e08-05/20-1783?utm_source=share&ref=wnx9uh1a
6LB21,https://made.example.invalid/e08-05/19-1784?utm_source=share&ref=ntukzhvn
6LB22,https://made.example.invalid/e08-05/23-1785?utm_source=share&ref=2zzah1qr
6LB23,https://made.example.invalid/e08-05/4-1786?utm_source=share&ref=1p7ues9v
6LB24,https://made.example.invalid/e08-05/5-1787?utm_source=share&ref=jl05jro5
6LB25,https://made.example.invalid/e08-05/6-1788?utm_source=share&ref=bgsh4zuf
6LB26,https://made.example.invalid/e08-05/9-1789?utm_source=share&ref=drydqd5j
6LB27,https://made.example.invalid/e08-05/13-1790?utm_source=share&ref=9e8p5xoe
6LB28,https://made.example.invalid/e08-05/14-1791?utm_source=share&ref=reydgrgn
6LB29,https://made.example.invalid/e08-05/18-1792?utm_source=share&ref=0scckdik
6LB2a,https://made.example.invalid/e08-05/20-1793?utm_source=share&ref=adwja8xd
6LB2b,https://made.example.invalid/e08-05/19-1794?utm_source=share&ref=feknynf0
6LB2c,https://made.example.invalid/e08-05/23-1795?utm_source=share&ref=ujqc07at
6LB2d,https://made.example.invalid/e08-05/4-1796?utm_source=share&ref=rymz2e5a
6LB2e,https://made.example.invalid/e08-05/5-1797?utm_source=share&ref=3h2flnbt
6LB2f,https://made.example.invalid/e08-05/6-1798?utm_source=share&ref=yifwa4pb
6LB2g,https://made.example.invalid/e08-05/9-1799?utm_source=share&ref=4tlw65wh
6LB2h,https://made.example.invalid/e08-05/13-1800?utm_source=share&ref=bp45vw8s
6LB2i,https://made.example.invalid/e08-05/14-1801?utm_source=share&ref=qhs4c1zc
6LB2j,https://made.example.invalid/e08-05/18-1802?utm_source=share&ref=axp8nmph
6LB2k,https://made.example.invalid/e08-05/20-1803?utm_source=share&ref=hnk3ky8y
6LB2l,https://made.example.invalid/e08-05/19-1804?utm_source=share&ref=7c6rhwif
6LB2m,https://made.example.invalid/e08-05/23-1805?utm_source=share&ref=e11ksdo6
6LB2n,https://made.example.invalid/e08-05/4-1806?utm_source=share&ref=dniwia3s
6LB2o,https://made.example.invalid/e08-05/5-1807?utm_source=share&ref=75qezlai
6LB2p,https://made.example.invalid/e08-05/6-1808?utm_source=share&ref=2ak6b97k
6LB2q,https://made.example.invalid/e08-05/9-1809?utm_source=share&ref=o9cmtre0
6LB2r,https://made.example.invalid/e08-05/13-1810?utm_source=share&ref=5duk8817
6LB2s,https://made.example.invalid/e08-05/14-1811?utm_source=share&ref=91eh6g07
6LB2t,https://made.example.invalid/e08-05/18-1812?utm_source=share&ref=jwu6mrdm
6LB2u,https://made.example.invalid/e08-05/20-1813?utm_source=share&ref=mid9t4sc
6LB2v,https://made.example.invalid/e08-05/19-1814?utm_source=share&ref=10f11n1i
6LB2w,https://made.example.invalid/e08-05/23-1815?utm_source=share&ref=8kqyc66i
6LB2x,https://made.example.invalid/e08-05/4-1816?utm_source=share&ref=d2vdqml6
6LB2y,https://made.example.invalid/e08-05/5-1817?utm_source=share&ref=ymys9nt3
6LB2z,https://made.example.invalid/e08-05/6-1818?utm_source=share&ref=wbb7xgk0
6LB2A,https://made.example.invalid/e08-05/9-1819?utm_source=share&ref=eqhc9pc4
6LB2B,https://made.example.invalid/e08-05/13-1820?utm_source=share&ref=z0v7elx8
6LB2C,https://made.example.invalid/e08-05/14-1821?utm_source=share&ref=ojchhdfy
6LB2D,https://made.example.invalid/e08-05/18-1822?utm_source=share&ref=027am6bb
6LB2E,https://made.example.invalid/e08-05/20-1823?utm_source=share&ref=ux2m12es
6LB2F,https://made.example.invalid/e08-05/19-1824?utm_source=share&ref=9ftlz9u2
6LB2G,https://made.example.invalid/e08-05/23-1825?utm_source=share&ref=3efoq1s7
6LB2H,https://made.example.invalid/e08-05/4-1826?utm_source=share&ref=gms0kofj
6LB2I,https://made.example.invalid/e08-05/5-1827?utm_source=share&ref=h96dqa9m
6LB2J,https://made.example.invalid/e08-05/6-1828?utm_source=share&ref=5047hncr
6LB2K,https://made.example.invalid/e08-05/9-1829?utm_source=share&ref=vypu7msn
6LB2L,https://made.example.invalid/e08-05/13-1830?utm_source=share&ref=rm036vje
6LB2M,https://made.example.invalid/e08-05/14-1831?utm_source=share&ref=ucavzb9o
6LB2N,https://made.example.invalid/e08-05/18-1832?utm_source=share&ref=o1w9btmh
6LB2O,https://made.example.invalid/e08-05/20-1833?utm_source=share&ref=yga0vz9i
6LB2P,https://made.example.invalid/e08-05/19-1834?utm_source=share&ref=r6trgc4x
6LB2Q,https://made.example.invalid/e08-05/23-1835?utm_source=share&ref=j1g1a4s6
6LB2R,https://made.example.invalid/e08-05/4-1836?utm_source=share&ref=q4pwdh06
6LB2S,https://made.example.invalid/e08-05/5-1837?utm_source=share&ref=8shpoqmi
6LB2T,https://made.example.invalid/e08-05/6-1838?utm_source=share&ref=oj8tfybo
6LB2U,https://made.example.invalid/e08-05/9-1839?utm_source=share&ref=8hp2nd01
6LB2V,https://made.example.invalid/e08-05/13-1840?utm_source=share&ref=1yj96hx3
6LB2W,https://made.example.invalid/e08-05/14-1841?utm_source=share&ref=97qx3mga
6LB2X,https://made.example.invalid/e08-05/18-1842?utm_source=share&ref=fmsdkvl8
6LB2Y,https://made.example.invalid/e08-05/20-1843?utm_source=share&ref=doo9hjxy
6LB2Z,https://made.example.invalid/e08-05/19-1844?utm_source=share&ref=32u0a86p
6LB30,https://made.example.invalid/e08-05/23-1845?utm_source=share&ref=w36eazyg
6LB31,https://made.example.invalid/e08-05/4-1846?utm_source=share&ref=iozl7rs5
6LB32,https://made.example.invalid/e08-05/5-1847?utm_source=share&ref=z0rw3oka
6LB33,https://made.example.invalid/e08-05/6-1848?utm_source=share&ref=g4igo46c
6LB34,https://made.example.invalid/e08-05/9-1849?utm_source=share&ref=1q9mjsmy
6LB35,https://made.example.invalid/e08-05/13-1850?utm_source=share&ref=5fc1vwez
6LB36,https://made.example.invalid/e08-05/14-1851?utm_source=share&ref=p9l941fo
6LB37,https://made.example.invalid/e08-05/18-1852?utm_source=share&ref=lwd357i2
6LB38,https://made.example.invalid/e08-05/20-1853?utm_source=share&ref=pyepramv
6LB39,https://made.example.invalid/e08-05/19-1854?utm_source=share&ref=ky8sqzd2
6LB3a,https://made.example.invalid/e08-05/23-1855?utm_source=share&ref=9c7bw76h
6LB3b,https://made.example.invalid/e08-05/4-1856?utm_source=share&ref=3ds2m1jn
6LB3c,https://made.example.invalid/e08-05/5-1857?utm_source=share&ref=0ue02c5h
6LB3d,https://made.example.invalid/e08-05/6-1858?utm_source=share&ref=9z042c6r
6LB3e,https://made.example.invalid/e08-05/9-1859?utm_source=share&ref=2anygyn9
6LB3f,https://made.example.invalid/e08-05/13-1860?utm_source=share&ref=70x25gzh
6LB3g,https://made.example.invalid/e08-05/14-1861?utm_source=share&ref=j1czeez0
6LB3h,https://made.example.invalid/e08-05/18-1862?utm_source=share&ref=lbkb1lsp
6LB3i,https://made.example.invalid/e08-05/20-1863?utm_source=share&ref=rlb2dusr
6LB3j,https://made.example.invalid/e08-05/19-1864?utm_source=share&ref=9pjr3k5t
6LB3k,https://made.example.invalid/e08-05/23-1865?utm_source=share&ref=ygnartlx
6LB3l,https://made.example.invalid/e08-05/4-1866?utm_source=share&ref=6rz4atzu
6LB3m,https://made.example.invalid/e08-05/5-1867?utm_source=share&ref=l3lth3ww
6LB3n,https://made.example.invalid/e08-05/6-1868?utm_source=share&ref=rybq2w9i
6LB3o,https://made.example.invalid/e08-05/9-1869?utm_source=share&ref=zjjsb1y3
6LB3p,https://made.example.invalid/e08-05/13-1870?utm_source=share&ref=af40uvnu
6LB3q,https://made.example.invalid/e08-05/14-1871?utm_source=share&ref=5k9s5usn
6LB3r,https://made.example.invalid/e08-05/18-1872?utm_source=share&ref=xx0sz4cb
6LB3s,https://made.example.invalid/e08-05/20-1873?utm_source=share&ref=xy0863o7
6LB3t,https://made.example.invalid/e08-05/19-1874?utm_source=share&ref=7n0x9acr
6LB3u,https://made.example.invalid/e08-05/23-1875?utm_source=share&ref=iget6432
6LB3v,https://made.example.invalid/e08-05/4-1876?utm_source=share&ref=ddw70od4
6LB3w,https://made.example.invalid/e08-05/5-1877?utm_source=share&ref=l2z70x7x
6LB3x,https://made.example.invalid/e08-05/6-1878?utm_source=share&ref=0nlrjayi
6LB3y,https://made.example.invalid/e08-05/9-1879?utm_source=share&ref=9b3qygkv
6LB3z,https://made.example.invalid/e08-05/13-1880?utm_source=share&ref=2f8syln4
6LB3A,https://made.example.invalid/e08-05/14-1881?utm_source=share&ref=egh63oc6
6LB3B,https://made.example.invalid/e08-05/18-1882?utm_source=share&ref=x8mlljq2
6LB3C,https://made.example.invalid/e08-05/20-1883?utm_source=share&ref=w0c87akt
6LB3D,https://made.example.invalid/e08-05/19-1884?utm_source=share&ref=5wdc6iiy
6LB3E,https://made.example.invalid/e08-05/23-1885?utm_source=share&ref=im8reje5
6LB3F,https://made.example.invalid/e08-05/4-1886?utm_source=share&ref=46b1cvk7
6LB3G,https://made.example.invalid/e08-05/5-1887?utm_source=share&ref=k1729t9p
6LB3H,https://made.example.invalid/e08-05/6-1888?utm_source=share&ref=31onbhbq
6LB3I,https://made.example.invalid/e08-05/9-1889?utm_source=share&ref=ashssbrc
6LB3J,https://made.example.invalid/e08-05/13-1890?utm_source=share&ref=tp89d5df
6LB3K,https://made.example.invalid/e08-05/14-1891?utm_source=share&ref=wmzwd766
6LB3L,https://made.example.invalid/e08-05/18-1892?utm_source=share&ref=p9k62mi6
6LB3M,https://made.example.invalid/e08-05/20-1893?utm_source=share&ref=zmsf5c7y
6LB3N,https://made.example.invalid/e08-05/19-1894?utm_source=share&ref=4y1xrt6k
6LB3O,https://made.example.invalid/e08-05/23-1895?utm_source=share&ref=d4t9rub5
6LB3P,https://made.example.invalid/e08-05/4-1896?utm_source=share&ref=uohigyna
6LB3Q,https://made.example.invalid/e08-05/5-1897?utm_source=share&ref=6x54n1nl
6LB3R,https://made.example.invalid/e08-05/6-1898?utm_source=share&ref=eb47zkbw
6LB3S,https://made.example.invalid/e08-05/9-1899?utm_source=share&ref=nahwcwol
6LB3T,https://made.example.invalid/e08-05/13-1900?utm_source=share&ref=cbmxe7r3
6LB3U,https://made.example.invalid/e08-05/14-1901?utm_source=share&ref=yhk2dueq
6LB3V,https://made.example.invalid/e08-05/18-1902?utm_source=share&ref=mesybhuc
6LB3W,https://made.example.invalid/e08-05/20-1903?utm_source=share&ref=f8zcsdj7
6LB3X,https://made.example.invalid/e08-05/19-1904?utm_source=share&ref=7ioj1p96
6LB3Y,https://made.example.invalid/e08-05/23-1905?utm_source=share&ref=njeyw07z
6LB3Z,https://made.example.invalid/e08-05/4-1906?utm_source=share&ref=b7s4v29v
6LB40,https://made.example.invalid/e08-05/5-1907?utm_source=share&ref=fpitdt1b
6LB41,https://made.example.invalid/e08-05/6-1908?utm_source=share&ref=zv1r7dzd
6LB42,https://made.example.invalid/e08-05/9-1909?utm_source=share&ref=0bzyo1um
6LB43,https://made.example.invalid/e08-05/13-1910?utm_source=share&ref=rqt2ensy
6LB44,https://made.example.invalid/e08-05/14-1911?utm_source=share&ref=espgdpxf
6LB45,https://made.example.invalid/e08-05/18-1912?utm_source=share&ref=1fk5k5rp
6LB46,https://made.example.invalid/e08-05/20-1913?utm_source=share&ref=7qsrmfty
6LB47,https://made.example.invalid/e08-05/19-1914?utm_source=share&ref=lb03fzuw
6LB48,https://made.example.invalid/e08-05/23-1915?utm_source=share&ref=fx9regzn
6LB49,https://made.example.invalid/e08-05/4-1916?utm_source=share&ref=ue5wsfah
6LB4a,https://made.example.invalid/e08-05/5-1917?utm_source=share&ref=yd7gffla
6LB4b,https://made.example.invalid/e08-05/6-1918?utm_source=share&ref=b77n5x0c
6LB4c,https://made.example.invalid/e08-05/9-1919?utm_source=share&ref=za0wtirq
6LB4d,https://made.example.invalid/e08-05/13-1920?utm_source=share&ref=qkimkpp2
6LB4e,https://made.example.invalid/e08-05/14-1921?utm_source=share&ref=dqiyfxif
6LB4f,https://made.example.invalid/e08-05/18-1922?utm_source=share&ref=ln3bmai5
6LB4g,https://made.example.invalid/e08-05/20-1923?utm_source=share&ref=hmfiefft
6LB4h,https://made.example.invalid/e08-05/19-1924?utm_source=share&ref=l0avnzuz
6LB4i,https://made.example.invalid/e08-05/23-1925?utm_source=share&ref=5ousn5jn
6LB4j,https://made.example.invalid/e08-05/4-1926?utm_source=share&ref=to1cb4wt
6LB4k,https://made.example.invalid/e08-05/5-1927?utm_source=share&ref=ol9iuwhg
6LB4l,https://made.example.invalid/e08-05/6-1928?utm_source=share&ref=sqd5s62v
6LB4m,https://made.example.invalid/e08-05/9-1929?utm_source=share&ref=zn68p5oy
6LB4n,https://made.example.invalid/e08-05/13-1930?utm_source=share&ref=nzvcvo14
6LB4o,https://made.example.invalid/e08-05/14-1931?utm_source=share&ref=qvyzenof
6LB4p,https://made.example.invalid/e08-05/18-1932?utm_source=share&ref=onhgjlta
6LB4q,https://made.example.invalid/e08-05/20-1933?utm_source=share&ref=lrkwu7a9
6LB4r,https://made.example.invalid/e08-05/19-1934?utm_source=share&ref=sf4qvf7r
6LB4s,https://made.example.invalid/e08-05/23-1935?utm_source=share&ref=u7wtml1v
6LB4t,https://made.example.invalid/e08-05/4-1936?utm_source=share&ref=qjenbqsg
6LB4u,https://made.example.invalid/e08-05/5-1937?utm_source=share&ref=8beq7bxz
6LB4v,https://made.example.invalid/e08-05/6-1938?utm_source=share&ref=e3zkt4z3
6LB4w,https://made.example.invalid/e08-05/9-1939?utm_source=share&ref=1qjmvk9j
6LB4x,https://made.example.invalid/e08-05/13-1940?utm_source=share&ref=1mvr4avh
6LB4y,https://made.example.invalid/e08-05/14-1941?utm_source=share&ref=j6ziz59b
6LB4z,https://made.example.invalid/e08-05/18-1942?utm_source=share&ref=kdb8gxk9
6LB4A,https://made.example.invalid/e08-05/20-1943?utm_source=share&ref=boa7f7ds
6LB4B,https://made.example.invalid/e08-05/19-1944?utm_source=share&ref=6h6t3hc3
6LB4C,https://made.example.invalid/e08-05/23-1945?utm_source=share&ref=tqc6fbk7
6LB4D,https://made.example.invalid/e08-05/4-1946?utm_source=share&ref=yiuc7y6b
6LB4E,https://made.example.invalid/e08-05/5-1947?utm_source=share&ref=kqrism1s
6LB4F,https://made.example.invalid/e08-05/6-1948?utm_source=share&ref=s21tnqbp
6LB4G,https://made.example.invalid/e08-05/9-1949?utm_source=share&ref=3o66ssz3
6LB4H,https://made.example.invalid/e08-05/13-1950?utm_source=share&ref=ngw53v0q
6LB4I,https://made.example.invalid/e08-05/14-1951?utm_source=share&ref=k916wwto
6LB4J,https://made.example.invalid/e08-05/18-1952?utm_source=share&ref=213vwg7p
6LB4K,https://made.example.invalid/e08-05/20-1953?utm_source=share&ref=slnges1e
6LB4L,https://made.example.invalid/e08-05/19-1954?utm_source=share&ref=3b9c0hcu
6LB4M,https://made.example.invalid/e08-05/23-1955?utm_source=share&ref=9csagbat
6LB4N,https://made.example.invalid/e08-05/4-1956?utm_source=share&ref=yhzl2dwa
6LB4O,https://made.example.invalid/e08-05/5-1957?utm_source=share&ref=w8gvhdwo
6LB4P,https://made.example.invalid/e08-05/6-1958?utm_source=share&ref=juqob6wh
6LB4Q,https://made.example.invalid/e08-05/9-1959?utm_source=share&ref=r3wcj4jg
6LB4R,https://made.example.invalid/e08-05/13-1960?utm_source=share&ref=q09niota
6LB4S,https://made.example.invalid/e08-05/14-1961?utm_source=share&ref=9hbwvvs6
6LB4T,https://made.example.invalid/e08-05/18-1962?utm_source=share&ref=u29fs5c0
6LB4U,https://made.example.invalid/e08-05/20-1963?utm_source=share&ref=4wqr9jmt
6LB4V,https://made.example.invalid/e08-05/19-1964?utm_source=share&ref=xksk9svb
6LB4W,https://made.example.invalid/e08-05/23-1965?utm_source=share&ref=8xzz3kjl
6LB4X,https://made.example.invalid/e08-05/4-1966?utm_source=share&ref=zshcv4fu
6LB4Y,https://made.example.invalid/e08-05/5-1967?utm_source=share&ref=c69v4v1q
6LB4Z,https://made.example.invalid/e08-05/6-1968?utm_source=share&ref=ulsmkhyu
6LB50,https://made.example.invalid/e08-05/9-1969?utm_source=share&ref=l2vm9u98
6LB51,https://made.example.invalid/e08-05/13-1970?utm_source=share&ref=9b8eqp6y
6LB52,https://made.example.invalid/e08-05/14-1971?utm_source=share&ref=x30z3kc6
6LB53,https://made.example.invalid/e08-05/18-1972?utm_source=share&ref=sacwxaav
6LB54,https://made.example.invalid/e08-05/20-1973?utm_source=share&ref=2b49n11t
6LB55,https://made.example.invalid/e08-05/19-1974?utm_source=share&ref=x915mt90
6LB56,https://made.example.invalid/e08-05/23-1975?utm_source=share&ref=rx6r59vq
6LB57,https://made.example.invalid/e08-05/4-1976?utm_source=share&ref=xv8gm7p3
6LB58,https://made.example.invalid/e08-05/5-1977?utm_source=share&ref=46ihjnp0
6LB59,https://made.example.invalid/e08-05/6-1978?utm_source=share&ref=4kjv3mcw
6LB5a,https://made.example.invalid/e08-05/9-1979?utm_source=share&ref=o61w34wd
6LB5b,https://made.example.invalid/e08-05/13-1980?utm_source=share&ref=w0mgmwcy
6LB5c,https://made.example.invalid/e08-05/14-1981?utm_source=share&ref=3m1txhwn
6LB5d,https://made.example.invalid/e08-05/18-1982?utm_source=share&ref=j59fno72
6LB5e,https://made.example.invalid/e08-05/20-1983?utm_source=share&ref=01kuaqwu
6LB5f,https://made.example.invalid/e08-05/19-1984?utm_source=share&ref=5egariuh
6LB5g,https://made.example.invalid/e08-05/23-1985?utm_source=share&ref=mpwnhc9y
6LB5h,https://made.example.invalid/e08-05/4-1986?utm_source=share&ref=0eafm9cq
6LB5i,https://made.example.invalid/e08-05/5-1987?utm_source=share&ref=wbydrt4p
6LB5j,https://made.example.invalid/e08-05/6-1988?utm_source=share&ref=9wz59bwd
6LB5k,https://made.example.invalid/e08-05/9-1989?utm_source=share&ref=ftni53ak
6LB5l,https://made.example.invalid/e08-05/13-1990?utm_source=share&ref=hvo2euj8
6LB5m,https://made.example.invalid/e08-05/14-1991?utm_source=share&ref=o57jm79c
6LB5n,https://made.example.invalid/e08-05/18-1992?utm_source=share&ref=nztxu83h
6LB5o,https://made.example.invalid/e08-05/20-1993?utm_source=share&ref=amj6qzmi
6LB5p,https://made.example.invalid/e08-05/19-1994?utm_source=share&ref=vw5luyov
6LB5q,https://made.example.invalid/e08-05/23-1995?utm_source=share&ref=7wuhg94j
6LB5r,https://made.example.invalid/e08-05/4-1996?utm_source=share&ref=iwpvnd9y
6LB5s,https://made.example.invalid/e08-05/5-1997?utm_source=share&ref=zv2a2piw
6LB5t,https://made.example.invalid/e08-05/6-1998?utm_source=share&ref=stz9fxis
6LB5u,https://made.example.invalid/e08-05/9-1999?utm_source=share&ref=l1nu6otx
6LB5v,https://made.example.invalid/e08-05/13-2000?utm_source=share&ref=e2vnsx0b
6LB5w,https://made.example.invalid/e08-05/14-2001?utm_source=share&ref=ew2zc1cs
6LB5x,https://made.example.invalid/e08-05/18-2002?utm_source=share&ref=c4l08sch
6LB5y,https://made.example.invalid/e08-05/20-2003?utm_source=share&ref=cj3orp74
6LB5z,https://made.example.invalid/e08-05/19-2004?utm_source=share&ref=n1yoam6d
6LB5A,https://made.example.invalid/e08-05/23-2005?utm_source=share&ref=hstyn4hu
6LB5B,https://made.example.invalid/e08-05/4-2006?utm_source=share&ref=as9r2xo1
6LB5C,https://made.example.invalid/e08-05/5-2007?utm_source=share&ref=r62wakx2
6LB5D,https://made.example.invalid/e08-05/6-2008?utm_source=share&ref=rh0ofy2z
6LB5E,https://made.example.invalid/e08-05/9-2009?utm_source=share&ref=3v6likzs
6LB5F,https://made.example.invalid/e08-05/13-2010?utm_source=share&ref=cg0xnf4p
6LB5G,https://made.example.invalid/e08-05/14-2011?utm_source=share&ref=gj72bnka
6LB5H,https://made.example.invalid/e08-05/18-2012?utm_source=share&ref=cap1q0d9
6LB5I,https://made.example.invalid/e08-05/20-2013?utm_source=share&ref=orwiq0vz
6LB5J,https://made.example.invalid/e08-05/19-2014?utm_source=share&ref=9n8o1u3b
6LB5K,https://made.example.invalid/e08-05/23-2015?utm_source=share&ref=sd3frwxm
6LB5L,https://made.example.invalid/e08-05/4-2016?utm_source=share&ref=emzj7yfz
6LB5M,https://made.example.invalid/e08-05/5-2017?utm_source=share&ref=5inpbx6i
6LB5N,https://made.example.invalid/e08-05/6-2018?utm_source=share&ref=hqriw60k
6LB5O,https://made.example.invalid/e08-05/9-2019?utm_source=share&ref=4zq1la0t
6LB5P,https://made.example.invalid/e08-05/13-2020?utm_source=share&ref=h14ddavr
6LB5Q,https://made.example.invalid/e08-05/14-2021?utm_source=share&ref=9q1xlhe6
6LB5R,https://made.example.invalid/e08-05/18-2022?utm_source=share&ref=f6jp6czn
6LB5S,https://made.example.invalid/e08-05/20-2023?utm_source=share&ref=0rpidug7
6LB5T,https://made.example.invalid/e08-05/19-2024?utm_source=share&ref=d27ztme4
6LB5U,https://made.example.invalid/e08-05/23-2025?utm_source=share&ref=xjqzz9n7
6LB5V,https://made.example.invalid/e08-05/4-2026?utm_source=share&ref=7a4pxwir
6LB5W,https://made.example.invalid/e08-05/5-2027?utm_source=share&ref=t966gj9u
6LB5X,https://made.example.invalid/e08-05/6-2028?utm_source=share&ref=sjvuc58k
6LB5Y,https://made.example.invalid/e08-05/9-2029?utm_source=share&ref=i3syq5g9
6LB5Z,https://made.example.invalid/e08-05/13-2030?utm_source=share&ref=wrsonpt3
6LB60,https://made.example.invalid/e08-05/14-2031?utm_source=share&ref=bvg458x1
6LB61,https://made.example.invalid/e08-05/18-2032?utm_source=share&ref=5vmci7gz
6LB62,https://made.example.invalid/e08-05/20-2033?utm_source=share&ref=hg6ji8z4
6LB63,https://made.example.invalid/e08-05/19-2034?utm_source=share&ref=wsvy5h0n
6LB64,https://made.example.invalid/e08-05/23-2035?utm_source=share&ref=y28exxwd
6LB65,https://made.example.invalid/e08-05/4-2036?utm_source=share&ref=2w3fv257
6LB66,https://made.example.invalid/e08-05/5-2037?utm_source=share&ref=a56jjcs6
6LB67,https://made.example.invalid/e08-05/6-2038?utm_source=share&ref=4w1bh7cy
6LB68,https://made.example.invalid/e08-05/9-2039?utm_source=share&ref=isymrq3v
6LB69,https://made.example.invalid/e08-05/13-2040?utm_source=share&ref=dvid42vp
6LB6a,https://made.example.invalid/e08-05/14-2041?utm_source=share&ref=82i08pnn
6LB6b,https://made.example.invalid/e08-05/18-2042?utm_source=share&ref=cwiyahzu
6LB6c,https://made.example.invalid/e08-05/20-2043?utm_source=share&ref=29p3v944
6LB6d,https://made.example.invalid/e08-05/19-2044?utm_source=share&ref=4j43y52p
6LB6e,https://made.example.invalid/e08-05/23-2045?utm_source=share&ref=77dzvo86
6LB6f,https://made.example.invalid/e08-05/4-2046?utm_source=share&ref=s5ktcfu4
6LB6g,https://made.example.invalid/e08-05/5-2047?utm_source=share&ref=dwdhouch
6LB6h,https://made.example.invalid/e08-05/6-2048?utm_source=share&ref=abgv10th
6LB6i,https://made.example.invalid/e08-05/9-2049?utm_source=share&ref=71pbj42b
6LB6j,https://made.example.invalid/e08-05/13-2050?utm_source=share&ref=d1kajfll
6LB6k,https://made.example.invalid/e08-05/14-2051?utm_source=share&ref=zuel5tqe
6LB6l,https://made.example.invalid/e08-05/18-2052?utm_source=share&ref=fcoy45ka
6LB6m,https://made.example.invalid/e08-05/20-2053?utm_source=share&ref=moslqrmf
6LB6n,https://made.example.invalid/e08-05/19-2054?utm_source=share&ref=zpnopdc9
6LB6o,https://made.example.invalid/e08-05/23-2055?utm_source=share&ref=0a12f81n
6LB6p,https://made.example.invalid/e08-05/4-2056?utm_source=share&ref=ccx5bkac
6LB6q,https://made.example.invalid/e08-05/5-2057?utm_source=share&ref=gjo7qlua
6LB6r,https://made.example.invalid/e08-05/6-2058?utm_source=share&ref=klhxj3bs
6LB6s,https://made.example.invalid/e08-05/9-2059?utm_source=share&ref=ywq6tca4
6LB6t,https://made.example.invalid/e08-05/13-2060?utm_source=share&ref=qtv3qzzl
6LB6u,https://made.example.invalid/e08-05/14-2061?utm_source=share&ref=00hau6ji
6LB6v,https://made.example.invalid/e08-05/18-2062?utm_source=share&ref=pc8qu1q6
6LB6w,https://made.example.invalid/e08-05/20-2063?utm_source=share&ref=wxucck4c
6LB6x,https://made.example.invalid/e08-05/19-2064?utm_source=share&ref=l81uk4tk
6LB6y,https://made.example.invalid/e08-05/23-2065?utm_source=share&ref=wkdxopx5
6LB6z,https://made.example.invalid/e08-05/4-2066?utm_source=share&ref=un4y0b93
6LB6A,https://made.example.invalid/e08-05/5-2067?utm_source=share&ref=3g5zj77w
6LB6B,https://made.example.invalid/e08-05/6-2068?utm_source=share&ref=k2k9fir3
6LB6C,https://made.example.invalid/e08-05/9-2069?utm_source=share&ref=fx4kv378
6LB6D,https://made.example.invalid/e08-05/13-2070?utm_source=share&ref=h2e8ku8d
6LB6E,https://made.example.invalid/e08-05/14-2071?utm_source=share&ref=i8pnshvx
6LB6F,https://made.example.invalid/e08-05/18-2072?utm_source=share&ref=s70y3twa
6LB6G,https://made.example.invalid/e08-05/20-2073?utm_source=share&ref=ghieg24w
6LB6H,https://made.example.invalid/e08-05/19-2074?utm_source=share&ref=h9lr90t5
6LB6I,https://made.example.invalid/e08-05/23-2075?utm_source=share&ref=8h2axijc
6LB6J,https://made.example.invalid/e08-05/4-2076?utm_source=share&ref=oybv4dqc
6LB6K,https://made.example.invalid/e08-05/5-2077?utm_source=share&ref=o7ywmwyo
6LB6L,https://made.example.invalid/e08-05/6-2078?utm_source=share&ref=u5pe2yp9
6LB6M,https://made.example.invalid/e08-05/9-2079?utm_source=share&ref=2jw55dbu
6LB6N,https://made.example.invalid/e08-05/13-2080?utm_source=share&ref=zbqiz6yp
6LB6O,https://made.example.invalid/e08-05/14-2081?utm_source=share&ref=1sdalnta
6LB6P,https://made.example.invalid/e08-05/18-2082?utm_source=share&ref=ekju976v
6LB6Q,https://made.example.invalid/e08-05/20-2083?utm_source=share&ref=ux0lsgvi
6LB6R,https://made.example.invalid/e08-05/19-2084?utm_source=share&ref=8pgzj85p
6LB6S,https://made.example.invalid/e08-05/23-2085?utm_source=share&ref=7fablbs6
6LB6T,https://made.example.invalid/e08-05/4-2086?utm_source=share&ref=2ye0d550
6LB6U,https://made.example.invalid/e08-05/5-2087?utm_source=share&ref=owumnq6s
6LB6V,https://made.example.invalid/e08-05/6-2088?utm_source=share&ref=88ygjj3e
6LB6W,https://made.example.invalid/e08-05/9-2089?utm_source=share&ref=h1dm9y6z
6LB6X,https://made.example.invalid/e08-05/13-2090?utm_source=share&ref=ykpnihxs
6LB6Y,https://made.example.invalid/e08-05/14-2091?utm_source=share&ref=nauo5n0h
6LB6Z,https://made.example.invalid/e08-05/18-2092?utm_source=share&ref=8hmpzsr8
6LB70,https://made.example.invalid/e08-05/20-2093?utm_source=share&ref=dya332kt
6LB71,https://made.example.invalid/e08-05/19-2094?utm_source=share&ref=s215lwx2
6LB72,https://made.example.invalid/e08-05/23-2095?utm_source=share&ref=jrwnqm1h
6LB73,https://made.example.invalid/e08-05/4-2096?utm_source=share&ref=rnaiitei
6LB74,https://made.example.invalid/e08-05/5-2097?utm_source=share&ref=18ezhkvh
6LB75,https://made.example.invalid/e08-05/6-2098?utm_source=share&ref=527w0hxo
6LB76,https://made.example.invalid/e08-05/9-2099?utm_source=share&ref=n5uxa056
6LB77,https://made.example.invalid/e08-05/13-2100?utm_source=share&ref=rd2q9hgp
6LB78,https://made.example.invalid/e08-05/14-2101?utm_source=share&ref=bv9bt3up
6LB79,https://made.example.invalid/e08-05/18-2102?utm_source=share&ref=f7r03r21
6LB7a,https://made.example.invalid/e08-05/20-2103?utm_source=share&ref=d24two99
6LB7b,https://made.example.invalid/e08-05/19-2104?utm_source=share&ref=yeq3nqiz
6LB7c,https://made.example.invalid/e08-05/23-2105?utm_source=share&ref=kzsdocq2
6LB7d,https://made.example.invalid/e08-05/4-2106?utm_source=share&ref=y8bl5vsi
6LB7e,https://made.example.invalid/e08-05/5-2107?utm_source=share&ref=pgcs02ks
6LB7f,https://made.example.invalid/e08-05/6-2108?utm_source=share&ref=9690rrqc
6LB7g,https://made.example.invalid/e08-05/9-2109?utm_source=share&ref=g09ycdxm
6LB7h,https://made.example.invalid/e08-05/13-2110?utm_source=share&ref=tufo90to
6LB7i,https://made.example.invalid/e08-05/14-2111?utm_source=share&ref=l1ltmqw0
6LB7j,https://made.example.invalid/e08-05/18-2112?utm_source=share&ref=jog87heh
6LB7k,https://made.example.invalid/e08-05/20-2113?utm_source=share&ref=8o7bllbr
6LB7l,https://made.example.invalid/e08-05/19-2114?utm_source=share&ref=nt8n7cz9
6LB7m,https://made.example.invalid/e08-05/23-2115?utm_source=share&ref=3nremban
6LB7n,https://made.example.invalid/e08-05/4-2116?utm_source=share&ref=veqcpklw
6LB7o,https://made.example.invalid/e08-05/5-2117?utm_source=share&ref=j9jvu49o
6LB7p,https://made.example.invalid/e08-05/6-2118?utm_source=share&ref=sghhcc5b
6LB7q,https://made.example.invalid/e08-05/9-2119?utm_source=share&ref=snkwzqls
6LB7r,https://made.example.invalid/e08-05/13-2120?utm_source=share&ref=lbzkh7n4
6LB7s,https://made.example.invalid/e08-05/14-2121?utm_source=share&ref=ct4lxdg5
6LB7t,https://made.example.invalid/e08-05/18-2122?utm_source=share&ref=hfoa4e1e
6LB7u,https://made.example.invalid/e08-05/20-2123?utm_source=share&ref=p09la7dr
6LB7v,https://made.example.invalid/e08-05/19-2124?utm_source=share&ref=a1vp94q1
6LB7w,https://made.example.invalid/e08-05/23-2125?utm_source=share&ref=1r26x073
6LB7x,https://made.example.invalid/e08-05/4-2126?utm_source=share&ref=mwcn3pd9
6LB7y,https://made.example.invalid/e08-05/5-2127?utm_source=share&ref=r1izlam7
6LB7z,https://made.example.invalid/e08-05/6-2128?utm_source=share&ref=e3yq0zho
6LB7A,https://made.example.invalid/e08-05/9-2129?utm_source=share&ref=ilgzaw7v
6LB7B,https://made.example.invalid/e08-05/13-2130?utm_source=share&ref=d37va3qw
6LB7C,https://made.example.invalid/e08-05/14-2131?utm_source=share&ref=mh9uasxq
6LB7D,https://made.example.invalid/e08-05/18-2132?utm_source=share&ref=n78doqxd
6LB7E,https://made.example.invalid/e08-05/20-2133?utm_source=share&ref=av8fj82r
6LB7F,https://made.example.invalid/e08-05/19-2134?utm_source=share&ref=18l3cluo
6LB7G,https://made.example.invalid/e08-05/23-2135?utm_source=share&ref=e20dp4in
6LB7H,https://made.example.invalid/e08-05/4-2136?utm_source=share&ref=s7vw2usb
6LB7I,https://made.example.invalid/e08-05/5-2137?utm_source=share&ref=e2g8u3dh
6LB7J,https://made.example.invalid/e08-05/6-2138?utm_source=share&ref=ejaoquol
6LB7K,https://made.example.invalid/e08-05/9-2139?utm_source=share&ref=tubbyww5
6LB7L,https://made.example.invalid/e08-05/13-2140?utm_source=share&ref=d14fxq95
6LB7M,https://made.example.invalid/e08-05/14-2141?utm_source=share&ref=cvueeb2e
6LB7N,https://made.example.invalid/e08-05/18-2142?utm_source=share&ref=uq4cj026
6LB7O,https://made.example.invalid/e08-05/20-2143?utm_source=share&ref=7ma16i1n
6LB7P,https://made.example.invalid/e08-05/19-2144?utm_source=share&ref=n00d96i3
6LB7Q,https://made.example.invalid/e08-05/23-2145?utm_source=share&ref=5gsuebqa
6LB7R,https://made.example.invalid/e08-05/4-2146?utm_source=share&ref=dl9233e2
6LB7S,https://made.example.invalid/e08-05/5-2147?utm_source=share&ref=vhjiiw7e
6LB7T,https://made.example.invalid/e08-05/6-2148?utm_source=share&ref=g9elzxxn
6LB7U,https://made.example.invalid/e08-05/9-2149?utm_source=share&ref=iapup4as
6LB7V,https://made.example.invalid/e08-05/13-2150?utm_source=share&ref=yfa0jud6
6LB7W,https://made.example.invalid/e08-05/14-2151?utm_source=share&ref=43g89b4c
6LB7X,https://made.example.invalid/e08-05/18-2152?utm_source=share&ref=kkex6bvp
6LB7Y,https://made.example.invalid/e08-05/20-2153?utm_source=share&ref=a3wv8x88
6LB7Z,https://made.example.invalid/e08-05/19-2154?utm_source=share&ref=zzjd4asd
6LB80,https://made.example.invalid/e08-05/23-2155?utm_source=share&ref=nolh2swu
6LB81,https://made.example.invalid/e08-05/4-2156?utm_source=share&ref=z8wl6vwl
6LB82,https://made.example.invalid/e08-05/5-2157?utm_source=share&ref=4snt48hd
6LB83,https://made.example.invalid/e08-05/6-2158?utm_source=share&ref=neg7b9hl
6LB84,https://made.example.invalid/e08-05/9-2159?utm_source=share&ref=zrour9is
6LB85,https://made.example.invalid/e08-05/13-2160?utm_source=share&ref=i5ew5g6l
6LB86,https://made.example.invalid/e08-05/14-2161?utm_source=share&ref=qztztra6
6LB87,https://made.example.invalid/e08-05/18-2162?utm_source=share&ref=tv0epswj
6LB88,https://made.example.invalid/e08-05/20-2163?utm_source=share&ref=6dbihpuq
6LB89,https://made.example.invalid/e08-05/19-2164?utm_source=share&ref=o0ma6qzi
6LB8a,https://made.example.invalid/e08-05/23-2165?utm_source=share&ref=a88ho6xv
6LB8b,https://made.example.invalid/e08-05/4-2166?utm_source=share&ref=0odsullm
6LB8c,https://made.example.invalid/e08-05/5-2167?utm_source=share&ref=2vepolh0
6LB8d,https://made.example.invalid/e08-05/6-2168?utm_source=share&ref=qf9q5761
6LB8e,https://made.example.invalid/e08-05/9-2169?utm_source=share&ref=jaq32irw
6LB8f,https://made.example.invalid/e08-05/13-2170?utm_source=share&ref=ntq4itjh
6LB8g,https://made.example.invalid/e08-05/14-2171?utm_source=share&ref=mmm7ll8q
6LB8h,https://made.example.invalid/e08-05/18-2172?utm_source=share&ref=r1v66x7c
6LB8i,https://made.example.invalid/e08-05/20-2173?utm_source=share&ref=mo01v8jc
6LB8j,https://made.example.invalid/e08-05/19-2174?utm_source=share&ref=hiao6i5u
6LB8k,https://made.example.invalid/e08-05/23-2175?utm_source=share&ref=bxdfzeed
6LB8l,https://made.example.invalid/e08-05/4-2176?utm_source=share&ref=afgzxutc
6LB8m,https://made.example.invalid/e08-05/5-2177?utm_source=share&ref=k7urfkg7
6LB8n,https://made.example.invalid/e08-05/6-2178?utm_source=share&ref=k5fhns4l
6LB8o,https://made.example.invalid/e08-05/9-2179?utm_source=share&ref=7hposi3s
6LB8p,https://made.example.invalid/e08-05/13-2180?utm_source=share&ref=u7mkm1xz
6LB8q,https://made.example.invalid/e08-05/14-2181?utm_source=share&ref=4mh6jdw2
6LB8r,https://made.example.invalid/e08-05/18-2182?utm_source=share&ref=msgj6ibq
6LB8s,https://made.example.invalid/e08-05/20-2183?utm_source=share&ref=tpq5ybpc
6LB8t,https://made.example.invalid/e08-05/19-2184?utm_source=share&ref=40ukaivf
6LB8u,https://made.example.invalid/e08-05/23-2185?utm_source=share&ref=fi0mpn9u
6LB8v,https://made.example.invalid/e08-05/4-2186?utm_source=share&ref=h1w5nub7
6LB8w,https://made.example.invalid/e08-05/5-2187?utm_source=share&ref=w75yaecn
6LB8x,https://made.example.invalid/e08-05/6-2188?utm_source=share&ref=v04y92td
6LB8y,https://made.example.invalid/e08-05/9-2189?utm_source=share&ref=1otigeh2
6LB8z,https://made.example.invalid/e08-05/13-2190?utm_source=share&ref=8vsnmgmo
6LB8A,https://made.example.invalid/e08-05/14-2191?utm_source=share&ref=jttydmp8
6LB8B,https://made.example.invalid/e08-05/18-2192?utm_source=share&ref=iodtnph9
6LB8C,https://made.example.invalid/e08-05/20-2193?utm_source=share&ref=nf33wwef
6LB8D,https://made.example.invalid/e08-05/19-2194?utm_source=share&ref=9ryueyqn
6LB8E,https://made.example.invalid/e08-05/23-2195?utm_source=share&ref=7rfx66gj
6LB8F,https://made.example.invalid/e08-05/4-2196?utm_source=share&ref=ng0pvrjc
6LB8G,https://made.example.invalid/e08-05/5-2197?utm_source=share&ref=7lj5xxay
6LB8H,https://made.example.invalid/e08-05/6-2198?utm_source=share&ref=z06cx1c5
6LB8I,https://made.example.invalid/e08-05/9-2199?utm_source=share&ref=3ne23rq5
6LB8J,https://made.example.invalid/e08-05/13-2200?utm_source=share&ref=imm1xi0v
6LB8K,https://made.example.invalid/e08-05/14-2201?utm_source=share&ref=ohwbw7od
6LB8L,https://made.example.invalid/e08-05/18-2202?utm_source=share&ref=ek09692q
6LB8M,https://made.example.invalid/e08-05/20-2203?utm_source=share&ref=rod1guyj
6LB8N,https://made.example.invalid/e08-05/19-2204?utm_source=share&ref=amxjykrq
6LB8O,https://made.example.invalid/e08-05/23-2205?utm_source=share&ref=ff0sgf1z
6LB8P,https://made.example.invalid/e08-05/4-2206?utm_source=share&ref=g936wt9n
6LB8Q,https://made.example.invalid/e08-05/5-2207?utm_source=share&ref=p85q8wmu
6LB8R,https://made.example.invalid/e08-05/6-2208?utm_source=share&ref=n6o6zgls
6LB8S,https://made.example.invalid/e08-05/9-2209?utm_source=share&ref=ekxlz9ql
6LB8T,https://made.example.invalid/e08-05/13-2210?utm_source=share&ref=f3dunsw2
6LB8U,https://made.example.invalid/e08-05/14-2211?utm_source=share&ref=ldzl6ozr
6LB8V,https://made.example.invalid/e08-05/18-2212?utm_source=share&ref=78u5ew3l
6LB8W,https://made.example.invalid/e08-05/20-2213?utm_source=share&ref=c9eilalq
6LB8X,https://made.example.invalid/e08-05/19-2214?utm_source=share&ref=qs729epg
6LB8Y,https://made.example.invalid/e08-05/23-2215?utm_source=share&ref=gsukv5lp
6LB8Z,https://made.example.invalid/e08-05/4-2216?utm_source=share&ref=k3i4zz9p
6LB90,https://made.example.invalid/e08-05/5-2217?utm_source=share&ref=aln1sukq
6LB91,https://made.example.invalid/e08-05/6-2218?utm_source=share&ref=fwva81r0
6LB92,https://made.example.invalid/e08-05/9-2219?utm_source=share&ref=p9wzs7yc
6LB93,https://made.example.invalid/e08-05/13-2220?utm_source=share&ref=0fxdezs3
6LB94,https://made.example.invalid/e08-05/14-2221?utm_source=share&ref=oad6c3cu
6LB95,https://made.example.invalid/e08-05/18-2222?utm_source=share&ref=7ilvfuz7
6LB96,https://made.example.invalid/e08-05/20-2223?utm_source=share&ref=tnf2buli
6LB97,https://made.example.invalid/e08-05/19-2224?utm_source=share&ref=t6ocz0ue
6LB98,https://made.example.invalid/e08-05/23-2225?utm_source=share&ref=4ywf0g8f
6LB99,https://made.example.invalid/e08-05/4-2226?utm_source=share&ref=sp6cma8k
6LB9a,https://made.example.invalid/e08-05/5-2227?utm_source=share&ref=na9t15dy
6LB9b,https://made.example.invalid/e08-05/6-2228?utm_source=share&ref=nfolzqz4
6LB9c,https://made.example.invalid/e08-05/9-2229?utm_source=share&ref=5x71jjnv
6LB9d,https://made.example.invalid/e08-05/13-2230?utm_source=share&ref=xptq4pkj
6LB9e,https://made.example.invalid/e08-05/14-2231?utm_source=share&ref=9i49s2w3
6LB9f,https://made.example.invalid/e08-05/18-2232?utm_source=share&ref=6936xwu3
6LB9g,https://made.example.invalid/e08-05/20-2233?utm_source=share&ref=qdaxnom5
6LB9h,https://made.example.invalid/e08-05/19-2234?utm_source=share&ref=59ogijri
6LB9i,https://made.example.invalid/e08-05/23-2235?utm_source=share&ref=fz09use6
6LB9j,https://made.example.invalid/e08-05/4-2236?utm_source=share&ref=cbht4dz8
6LB9k,https://made.example.invalid/e08-05/5-2237?utm_source=share&ref=x86iavhz
6LB9l,https://made.example.invalid/e08-05/6-2238?utm_source=share&ref=sbhh6gha
6LB9m,https://made.example.invalid/e08-05/9-2239?utm_source=share&ref=me77ybq6
6LB9n,https://made.example.invalid/e08-05/13-2240?utm_source=share&ref=1ag4z3z9
6LB9o,https://made.example.invalid/e08-05/14-2241?utm_source=share&ref=gmln4v3j
6LB9p,https://made.example.invalid/e08-05/18-2242?utm_source=share&ref=l7a1uals
6LB9q,https://made.example.invalid/e08-05/20-2243?utm_source=share&ref=dvlq9566
6LB9r,https://made.example.invalid/e08-05/19-2244?utm_source=share&ref=vjpc8d8e
6LB9s,https://made.example.invalid/e08-05/23-2245?utm_source=share&ref=lw9vqshx
6LB9t,https://made.example.invalid/e08-05/4-2246?utm_source=share&ref=r7i43m7b
6LB9u,https://made.example.invalid/e08-05/5-2247?utm_source=share&ref=rouzllyl
6LB9v,https://made.example.invalid/e08-05/6-2248?utm_source=share&ref=b6ktvbrz
6LB9w,https://made.example.invalid/e08-05/9-2249?utm_source=share&ref=v9nogz5o
6LB9x,https://made.example.invalid/e08-05/13-2250?utm_source=share&ref=pemot34x
6LB9y,https://made.example.invalid/e08-05/14-2251?utm_source=share&ref=v5yxk1oq
6LB9z,https://made.example.invalid/e08-05/18-2252?utm_source=share&ref=wiylbt63
6LB9A,https://made.example.invalid/e08-05/20-2253?utm_source=share&ref=l6v9k4cf
6LB9B,https://made.example.invalid/e08-05/19-2254?utm_source=share&ref=72ancdke
6LB9C,https://made.example.invalid/e08-05/23-2255?utm_source=share&ref=y0gbexu2
6LB9D,https://made.example.invalid/e08-05/4-2256?utm_source=share&ref=mpw50ri7
6LB9E,https://made.example.invalid/e08-05/5-2257?utm_source=share&ref=tt1mwrr3
6LB9F,https://made.example.invalid/e08-05/6-2258?utm_source=share&ref=lv4au7o4
6LB9G,https://made.example.invalid/e08-05/9-2259?utm_source=share&ref=t1e1p2kw
6LB9H,https://made.example.invalid/e08-05/13-2260?utm_source=share&ref=gg0qq4x6
6LB9I,https://made.example.invalid/e08-05/14-2261?utm_source=share&ref=r9okc9og
6LB9J,https://made.example.invalid/e08-05/18-2262?utm_source=share&ref=c4m0pyuk
6LB9K,https://made.example.invalid/e08-05/20-2263?utm_source=share&ref=gz74xwoh
6LB9L,https://made.example.invalid/e08-05/19-2264?utm_source=share&ref=cugmx6zc
6LB9M,https://made.example.invalid/e08-05/23-2265?utm_source=share&ref=er81ppih
6LB9N,https://made.example.invalid/e08-05/4-2266?utm_source=share&ref=x1u1o1gh
6LB9O,https://made.example.invalid/e08-05/5-2267?utm_source=share&ref=3oj9gk6e
6LB9P,https://made.example.invalid/e08-05/6-2268?utm_source=share&ref=ezkbgt6u
6LB9Q,https://made.example.invalid/e08-05/9-2269?utm_source=share&ref=2qjhdhyd
6LB9R,https://made.example.invalid/e08-05/13-2270?utm_source=share&ref=4fgdl6hd
6LB9S,https://made.example.invalid/e08-05/14-2271?utm_source=share&ref=8hirgk0e
6LB9T,https://made.example.invalid/e08-05/18-2272?utm_source=share&ref=lwyi46kc
6LB9U,https://made.example.invalid/e08-05/20-2273?utm_source=share&ref=sai98fi9
6LB9V,https://made.example.invalid/e08-05/19-2274?utm_source=share&ref=2err1qju
6LB9W,https://made.example.invalid/e08-05/23-2275?utm_source=share&ref=zbwzvd7l
6LB9X,https://made.example.invalid/e08-05/4-2276?utm_source=share&ref=pcv4pnul
6LB9Y,https://made.example.invalid/e08-05/5-2277?utm_source=share&ref=l2mf911w
6LB9Z,https://made.example.invalid/e08-05/6-2278?utm_source=share&ref=z67uy1q1
6LBa0,https://made.example.invalid/e08-05/9-2279?utm_source=share&ref=tnmese7f
6LBa1,https://made.example.invalid/e08-05/13-2280?utm_source=share&ref=yp3ycyw2
6LBa2,https://made.example.invalid/e08-05/14-2281?utm_source=share&ref=8035dj05
6LBa3,https://made.example.invalid/e08-05/18-2282?utm_source=share&ref=1pa8z6og
6LBa4,https://made.example.invalid/e08-05/20-2283?utm_source=share&ref=iy66vjxp
6LBa5,https://made.example.invalid/e08-05/19-2284?utm_source=share&ref=hyu5z0w2
6LBa6,https://made.example.invalid/e08-05/23-2285?utm_source=share&ref=7cb1uacc
6LBa7,https://made.example.invalid/e08-05/4-2286?utm_source=share&ref=4geikmfs
6LBa8,https://made.example.invalid/e08-05/5-2287?utm_source=share&ref=eincrhbx
6LBa9,https://made.example.invalid/e08-05/6-2288?utm_source=share&ref=k61alyoa
6LBaa,https://made.example.invalid/e08-05/9-2289?utm_source=share&ref=2hfx087l
6LBab,https://made.example.invalid/e08-05/13-2290?utm_source=share&ref=c3dh6y2j
6LBac,https://made.example.invalid/e08-05/14-2291?utm_source=share&ref=1lysqc9n
6LBad,https://made.example.invalid/e08-05/18-2292?utm_source=share&ref=c3p05t1w
6LBae,https://made.example.invalid/e08-05/20-2293?utm_source=share&ref=o0bi8x4f
6LBaf,https://made.example.invalid/e08-05/19-2294?utm_source=share&ref=3ag183wp
6LBag,https://made.example.invalid/e08-05/23-2295?utm_source=share&ref=8udvgsm9
6LBah,https://made.example.invalid/e08-05/4-2296?utm_source=share&ref=b2himfk1
6LBai,https://made.example.invalid/e08-05/5-2297?utm_source=share&ref=m6k0vd49
6LBaj,https://made.example.invalid/e08-05/6-2298?utm_source=share&ref=98964h86
6LBak,https://made.example.invalid/e08-05/9-2299?utm_source=share&ref=b2mkbz3r
6LBal,https://made.example.invalid/e08-05/13-2300?utm_source=share&ref=9hlhkr76
6LBam,https://made.example.invalid/e08-05/14-2301?utm_source=share&ref=wieu2urp
6LBan,https://made.example.invalid/e08-05/18-2302?utm_source=share&ref=iwx9nr51
6LBao,https://made.example.invalid/e08-05/20-2303?utm_source=share&ref=9trhblxd
6LBap,https://made.example.invalid/e08-05/19-2304?utm_source=share&ref=3cnkh6us
6LBaq,https://made.example.invalid/e08-05/23-2305?utm_source=share&ref=dr8pb0fe
6LBar,https://made.example.invalid/e08-05/4-2306?utm_source=share&ref=lmupa00a
6LBas,https://made.example.invalid/e08-05/5-2307?utm_source=share&ref=9m3y3v1u
6LBat,https://made.example.invalid/e08-05/6-2308?utm_source=share&ref=waz2fjc0
6LBau,https://made.example.invalid/e08-05/9-2309?utm_source=share&ref=ar5bz0ik
6LBav,https://made.example.invalid/e08-05/13-2310?utm_source=share&ref=ro2ngpk3
6LBaw,https://made.example.invalid/e08-05/14-2311?utm_source=share&ref=u2wjr0cn
6LBax,https://made.example.invalid/e08-05/18-2312?utm_source=share&ref=q6481yst
6LBay,https://made.example.invalid/e08-05/20-2313?utm_source=share&ref=k3eqf809
6LBaz,https://made.example.invalid/e08-05/19-2314?utm_source=share&ref=3zwl6bwd
6LBaA,https://made.example.invalid/e08-05/23-2315?utm_source=share&ref=gs8jvbg8
6LBaB,https://made.example.invalid/e08-05/4-2316?utm_source=share&ref=j2sfshq4
6LBaC,https://made.example.invalid/e08-05/5-2317?utm_source=share&ref=1jt2q0cr
6LBaD,https://made.example.invalid/e08-05/6-2318?utm_source=share&ref=5xaymsa0
6LBaE,https://made.example.invalid/e08-05/9-2319?utm_source=share&ref=cyglnlv5
6LBaF,https://made.example.invalid/e08-05/13-2320?utm_source=share&ref=fvgo5y1g
6LBaG,https://made.example.invalid/e08-05/14-2321?utm_source=share&ref=l0sg0flt
6LBaH,https://made.example.invalid/e08-05/18-2322?utm_source=share&ref=tgnn3476
6LBaI,https://made.example.invalid/e08-05/20-2323?utm_source=share&ref=pjudbtyn
6LBaJ,https://made.example.invalid/e08-05/19-2324?utm_source=share&ref=d6aqchky
6LBaK,https://made.example.invalid/e08-05/23-2325?utm_source=share&ref=ikzzgyua
6LBaL,https://made.example.invalid/e08-05/4-2326?utm_source=share&ref=n866zd4o
6LBaM,https://made.example.invalid/e08-05/5-2327?utm_source=share&ref=dbfgsezs
6LBaN,https://made.example.invalid/e08-05/6-2328?utm_source=share&ref=3d9lk3iv
6LBaO,https://made.example.invalid/e08-05/9-2329?utm_source=share&ref=wraxqm0o
6LBaP,https://made.example.invalid/e08-05/13-2330?utm_source=share&ref=knntxpbo
6LBaQ,https://made.example.invalid/e08-05/14-2331?utm_source=share&ref=o6yv9ujf
6LBaR,https://made.example.invalid/e08-05/18-2332?utm_source=share&ref=efvsgprv
6LBaS,https://made.example.invalid/e08-05/20-2333?utm_source=share&ref=62gao877
6LBaT,https://made.example.invalid/e08-05/19-2334?utm_source=share&ref=m270sbis
6LBaU,https://made.example.invalid/e08-05/23-2335?utm_source=share&ref=7b7a1k9l
6LBaV,https://made.example.invalid/e08-05/4-2336?utm_source=share&ref=s3i2ny8d
6LBaW,https://made.example.invalid/e08-05/5-2337?utm_source=share&ref=cy2ipvya
6LBaX,https://made.example.invalid/e08-05/6-2338?utm_source=share&ref=r78bqw00
6LBaY,https://made.example.invalid/e08-05/9-2339?utm_source=share&ref=tqv0carj
6LBaZ,https://made.example.invalid/e08-05/13-2340?utm_source=share&ref=s3hqjsyz
6LBb0,https://made.example.invalid/e08-05/14-2341?utm_source=share&ref=fv93mn04
6LBb1,https://made.example.invalid/e08-05/18-2342?utm_source=share&ref=sk9882pv
6LBb2,https://made.example.invalid/e08-05/20-2343?utm_source=share&ref=vyii1sqf
6LBb3,https://made.example.invalid/e08-05/19-2344?utm_source=share&ref=ac6kllrg
6LBb4,https://made.example.invalid/e08-05/23-2345?utm_source=share&ref=75g72ndu
6LBb5,https://made.example.invalid/e08-05/4-2346?utm_source=share&ref=f26v4pgp
6LBb6,https://made.example.invalid/e08-05/5-2347?utm_source=share&ref=upvr9s8o
6LBb7,https://made.example.invalid/e08-05/6-2348?utm_source=share&ref=d1knd283
6LBb8,https://made.example.invalid/e08-05/9-2349?utm_source=share&ref=hpkifdai
6LBb9,https://made.example.invalid/e08-05/13-2350?utm_source=share&ref=24m1s7e4
6LBba,https://made.example.invalid/e08-05/14-2351?utm_source=share&ref=1xvkzz9k
6LBbb,https://made.example.invalid/e08-05/18-2352?utm_source=share&ref=lceq3yh0
6LBbc,https://made.example.invalid/e08-05/20-2353?utm_source=share&ref=lmmvwb9e
6LBbd,https://made.example.invalid/e08-05/19-2354?utm_source=share&ref=gysecsxy
6LBbe,https://made.example.invalid/e08-05/23-2355?utm_source=share&ref=4yv77csn
6LBbf,https://made.example.invalid/e08-05/4-2356?utm_source=share&ref=j5r2p850
6LBbg,https://made.example.invalid/e08-05/5-2357?utm_source=share&ref=m1ueqmn1
6LBbh,https://made.example.invalid/e08-05/6-2358?utm_source=share&ref=mk8co6u4
6LBbi,https://made.example.invalid/e08-05/9-2359?utm_source=share&ref=xwmzx75w
6LBbj,https://made.example.invalid/e08-05/13-2360?utm_source=share&ref=j2a241hj
6LBbk,https://made.example.invalid/e08-05/14-2361?utm_source=share&ref=w4vlaznt
6LBbl,https://made.example.invalid/e08-05/18-2362?utm_source=share&ref=pn8s7xia
6LBbm,https://made.example.invalid/e08-05/20-2363?utm_source=share&ref=3q9mxlan
6LBbn,https://made.example.invalid/e08-05/19-2364?utm_source=share&ref=leoeysg3
6LBbo,https://made.example.invalid/e08-05/23-2365?utm_source=share&ref=0c3x3rl7
6LBbp,https://made.example.invalid/e08-05/4-2366?utm_source=share&ref=oaxop83r
6LBbq,https://made.example.invalid/e08-05/5-2367?utm_source=share&ref=5rrt302u
6LBbr,https://made.example.invalid/e08-05/6-2368?utm_source=share&ref=2omsk5zt
6LBbs,https://made.example.invalid/e08-05/9-2369?utm_source=share&ref=sspsidg5
6LBbt,https://made.example.invalid/e08-05/13-2370?utm_source=share&ref=ujwhtmb7
6LBbu,https://made.example.invalid/e08-05/14-2371?utm_source=share&ref=qqljnugp
6LBbv,https://made.example.invalid/e08-05/18-2372?utm_source=share&ref=7uovigb2
6LBbw,https://made.example.invalid/e08-05/20-2373?utm_source=share&ref=3ba0ti38
6LBbx,https://made.example.invalid/e08-05/19-2374?utm_source=share&ref=m7wfibok
6LBby,https://made.example.invalid/e08-05/23-2375?utm_source=share&ref=gfc2kawj
6LBbz,https://made.example.invalid/e08-05/4-2376?utm_source=share&ref=3itmsjv1
6LBbA,https://made.example.invalid/e08-05/5-2377?utm_source=share&ref=nr6zzcvm
6LBbB,https://made.example.invalid/e08-05/6-2378?utm_source=share&ref=ang4wrdv
6LBbC,https://made.example.invalid/e08-05/9-2379?utm_source=share&ref=3v3vu6nh
6LBbD,https://made.example.invalid/e08-05/13-2380?utm_source=share&ref=qpjfx6g2
6LBbE,https://made.example.invalid/e08-05/14-2381?utm_source=share&ref=4460xzlb
6LBbF,https://made.example.invalid/e08-05/18-2382?utm_source=share&ref=45qwdoj7
6LBbG,https://made.example.invalid/e08-05/20-2383?utm_source=share&ref=tn6zqyt2
6LBbH,https://made.example.invalid/e08-05/19-2384?utm_source=share&ref=wqv5cz5q
6LBbI,https://made.example.invalid/e08-05/23-2385?utm_source=share&ref=n6kiwc2n
6LBbJ,https://made.example.invalid/e08-05/4-2386?utm_source=share&ref=y0v8e39k
6LBbK,https://made.example.invalid/e08-05/5-2387?utm_source=share&ref=qxz5c741
6LBbL,https://made.example.invalid/e08-05/6-2388?utm_source=share&ref=xn8tt569
6LBbM,https://made.example.invalid/e08-05/9-2389?utm_source=share&ref=n14vhvi8
6LBbN,https://made.example.invalid/e08-05/13-2390?utm_source=share&ref=wq5q94h5
6LBbO,https://made.example.invalid/e08-05/14-2391?utm_source=share&ref=10x7tp0h
6LBbP,https://made.example.invalid/e08-05/18-2392?utm_source=share&ref=fevscgx4
6LBbQ,https://made.example.invalid/e08-05/20-2393?utm_source=share&ref=c8ef46nk
6LBbR,https://made.example.invalid/e08-05/19-2394?utm_source=share&ref=ehzcjuba
6LBbS,https://made.example.invalid/e08-05/23-2395?utm_source=share&ref=hsl5jpid
6LBbT,https://made.example.invalid/e08-05/4-2396?utm_source=share&ref=8r6o1d4j
6LBbU,https://made.example.invalid/e08-05/5-2397?utm_source=share&ref=2asj74r9
6LBbV,https://made.example.invalid/e08-05/6-2398?utm_source=share&ref=go02qg8g
6LBbW,https://made.example.invalid/e08-05/9-2399?utm_source=share&ref=bv3ar307
6LBbX,https://made.example.invalid/e08-05/13-2400?utm_source=share&ref=o1abn3jo
6LBbY,https://made.example.invalid/e08-05/14-2401?utm_source=share&ref=e7mvn9dy
6LBbZ,https://made.example.invalid/e08-05/18-2402?utm_source=share&ref=fsljexjk
6LBc0,https://made.example.invalid/e08-05/20-2403?utm_source=share&ref=34gqmdtt
6LBc1,https://made.example.invalid/e08-05/19-2404?utm_source=share&ref=xl1cdqgu
6LBc2,https://made.example.invalid/e08-05/23-2405?utm_source=share&ref=h1bdbh7z
6LBc3,https://made.example.invalid/e08-05/4-2406?utm_source=share&ref=vivwnuvq
6LBc4,https://made.example.invalid/e08-05/5-2407?utm_source=share&ref=j8asgty2
6LBc5,https://made.example.invalid/e08-05/6-2408?utm_source=share&ref=gekdnerc
6LBc6,https://made.example.invalid/e08-05/9-2409?utm_source=share&ref=s0myoiui
6LBc7,https://made.example.invalid/e08-05/13-2410?utm_source=share&ref=030gvuq9
6LBc8,https://made.example.invalid/e08-05/14-2411?utm_source=share&ref=b4tn7vka
6LBc9,https://made.example.invalid/e08-05/18-2412?utm_source=share&ref=yx4ctst6
6LBca,https://made.example.invalid/e08-05/20-2413?utm_source=share&ref=o9uo5xol
6LBcb,https://made.example.invalid/e08-05/19-2414?utm_source=share&ref=zuc8sxyf
6LBcc,https://made.example.invalid/e08-05/23-2415?utm_source=share&ref=ipe4pulk
6LBcd,https://made.example.invalid/e08-05/4-2416?utm_source=share&ref=juovc6hb
6LBce,https://made.example.invalid/e08-05/5-2417?utm_source=share&ref=t6q0t59u
6LBcf,https://made.example.invalid/e08-05/6-2418?utm_source=share&ref=x2v0gbzy
6LBcg,https://made.example.invalid/e08-05/9-2419?utm_source=share&ref=n56jisit
6LBch,https://made.example.invalid/e08-05/13-2420?utm_source=share&ref=5zzppuks
6LBci,https://made.example.invalid/e08-05/14-2421?utm_source=share&ref=sybj97a6
6LBcj,https://made.example.invalid/e08-05/18-2422?utm_source=share&ref=rl89eo1h
6LBck,https://made.example.invalid/e08-05/20-2423?utm_source=share&ref=t44m1blm
6LBcl,https://made.example.invalid/e08-05/19-2424?utm_source=share&ref=ihlcr8pb
6LBcm,https://made.example.invalid/e08-05/23-2425?utm_source=share&ref=9oiy4nqn
6LBcn,https://made.example.invalid/e08-05/4-2426?utm_source=share&ref=ctq1ump0
6LBco,https://made.example.invalid/e08-05/5-2427?utm_source=share&ref=8runjmbm
6LBcp,https://made.example.invalid/e08-05/6-2428?utm_source=share&ref=30ahfiss
6LBcq,https://made.example.invalid/e08-05/9-2429?utm_source=share&ref=02gg82nu
6LBcr,https://made.example.invalid/e08-05/13-2430?utm_source=share&ref=pbf3ixry
6LBcs,https://made.example.invalid/e08-05/14-2431?utm_source=share&ref=sbbbepl6
6LBct,https://made.example.invalid/e08-05/18-2432?utm_source=share&ref=eq3t02an
6LBcu,https://made.example.invalid/e08-05/20-2433?utm_source=share&ref=v4qedtnz
6LBcv,https://made.example.invalid/e08-05/19-2434?utm_source=share&ref=cic5fo73
6LBcw,https://made.example.invalid/e08-05/23-2435?utm_source=share&ref=ehdzbyjz
6LBcx,https://made.example.invalid/e08-05/4-2436?utm_source=share&ref=e7hezrtw
6LBcy,https://made.example.invalid/e08-05/5-2437?utm_source=share&ref=5gw727n8
6LBcz,https://made.example.invalid/e08-05/6-2438?utm_source=share&ref=zkd6c4d0
6LBcA,https://made.example.invalid/e08-05/9-2439?utm_source=share&ref=w8slz8q3
6LBcB,https://made.example.invalid/e08-05/13-2440?utm_source=share&ref=n0m7n46l
6LBcC,https://made.example.invalid/e08-05/14-2441?utm_source=share&ref=aa00t79z
6LBcD,https://made.example.invalid/e08-05/18-2442?utm_source=share&ref=h0axvdmi
6LBcE,https://made.example.invalid/e08-05/20-2443?utm_source=share&ref=0uys1ya4
6LBcF,https://made.example.invalid/e08-05/19-2444?utm_source=share&ref=3zxt5d3s
6LBcG,https://made.example.invalid/e08-05/23-2445?utm_source=share&ref=hphwmbai
6LBcH,https://made.example.invalid/e08-05/4-2446?utm_source=share&ref=jluxbyd8
6LBcI,https://made.example.invalid/e08-05/5-2447?utm_source=share&ref=q3ztppak
6LBcJ,https://made.example.invalid/e08-05/6-2448?utm_source=share&ref=n4y1a4pa
6LBcK,https://made.example.invalid/e08-05/9-2449?utm_source=share&ref=6wrnjz8i
6LBcL,https://made.example.invalid/e08-05/13-2450?utm_source=share&ref=nkejxs86
6LBcM,https://made.example.invalid/e08-05/14-2451?utm_source=share&ref=2ynebbyg
6LBcN,https://made.example.invalid/e08-05/18-2452?utm_source=share&ref=8x6drbq0
6LBcO,https://made.example.invalid/e08-05/20-2453?utm_source=share&ref=e4292sk2
6LBcP,https://made.example.invalid/e08-05/19-2454?utm_source=share&ref=qpf05ttr
6LBcQ,https://made.example.invalid/e08-05/23-2455?utm_source=share&ref=siq4eags
6LBcR,https://made.example.invalid/e08-05/4-2456?utm_source=share&ref=0ky4x64w
6LBcS,https://made.example.invalid/e08-05/5-2457?utm_source=share&ref=xd48mpmb
6LBcT,https://made.example.invalid/e08-05/6-2458?utm_source=share&ref=oh3igbkd
6LBcU,https://made.example.invalid/e08-05/9-2459?utm_source=share&ref=caq63d1o
6LBcV,https://made.example.invalid/e08-05/13-2460?utm_source=share&ref=arc3f5nu
6LBcW,https://made.example.invalid/e08-05/14-2461?utm_source=share&ref=t6z1p0vb
6LBcX,https://made.example.invalid/e08-05/18-2462?utm_source=share&ref=0zc16hqv
6LBcY,https://made.example.invalid/e08-05/20-2463?utm_source=share&ref=oczzg1gu
6LBcZ,https://made.example.invalid/e08-05/19-2464?utm_source=share&ref=7wldcm5o
6LBd0,https://made.example.invalid/e08-05/23-2465?utm_source=share&ref=4dvpmmka
6LBd1,https://made.example.invalid/e08-05/4-2466?utm_source=share&ref=fqfnxaji
6LBd2,https://made.example.invalid/e08-05/5-2467?utm_source=share&ref=dk9tbo13
6LBd3,https://made.example.invalid/e08-05/6-2468?utm_source=share&ref=z2sepdde
6LBd4,https://made.example.invalid/e08-05/9-2469?utm_source=share&ref=r4aqzdt3
6LBd5,https://made.example.invalid/e08-05/13-2470?utm_source=share&ref=i1ygr8cg
6LBd6,https://made.example.invalid/e08-05/14-2471?utm_source=share&ref=q8zfw4dw
6LBd7,https://made.example.invalid/e08-05/18-2472?utm_source=share&ref=udn6k6q0
6LBd8,https://made.example.invalid/e08-05/20-2473?utm_source=share&ref=9k30ywut
6LBd9,https://made.example.invalid/e08-05/19-2474?utm_source=share&ref=9fjz1l01
6LBda,https://made.example.invalid/e08-05/23-2475?utm_source=share&ref=74ee7ibk
6LBdb,https://made.example.invalid/e08-05/4-2476?utm_source=share&ref=mc10xl3l
6LBdc,https://made.example.invalid/e08-05/5-2477?utm_source=share&ref=tc89wv4b
6LBdd,https://made.example.invalid/e08-05/6-2478?utm_source=share&ref=9ne91m10
6LBde,https://made.example.invalid/e08-05/9-2479?utm_source=share&ref=5iml9azm
6LBdf,https://made.example.invalid/e08-05/13-2480?utm_source=share&ref=ozqragz0
6LBdg,https://made.example.invalid/e08-05/14-2481?utm_source=share&ref=femxxz36
6LBdh,https://made.example.invalid/e08-05/18-2482?utm_source=share&ref=7ako6e8c
6LBdi,https://made.example.invalid/e08-05/20-2483?utm_source=share&ref=mls5ebez
6LBdj,https://made.example.invalid/e08-05/19-2484?utm_source=share&ref=f85vqs1m
6LBdk,https://made.example.invalid/e08-05/23-2485?utm_source=share&ref=qab7p7g5
6LBdl,https://made.example.invalid/e08-05/4-2486?utm_source=share&ref=mid4lwdm
6LBdm,https://made.example.invalid/e08-05/5-2487?utm_source=share&ref=ohgjw70h
6LBdn,https://made.example.invalid/e08-05/6-2488?utm_source=share&ref=b9dgfn1o
6LBdo,https://made.example.invalid/e08-05/9-2489?utm_source=share&ref=scj18uua
6LBdp,https://made.example.invalid/e08-05/13-2490?utm_source=share&ref=6pzfem97
6LBdq,https://made.example.invalid/e08-05/14-2491?utm_source=share&ref=ndrk9raj
6LBdr,https://made.example.invalid/e08-05/18-2492?utm_source=share&ref=s6dyhrov
6LBds,https://made.example.invalid/e08-05/20-2493?utm_source=share&ref=bz8ho4yr
6LBdt,https://made.example.invalid/e08-05/19-2494?utm_source=share&ref=ydpoq1qh
6LBdu,https://made.example.invalid/e08-05/23-2495?utm_source=share&ref=ryjpf37q
6LBdv,https://made.example.invalid/e08-05/4-2496?utm_source=share&ref=gddk3pyx
6LBdw,https://made.example.invalid/e08-05/5-2497?utm_source=share&ref=swpctqsq
6LBdx,https://made.example.invalid/e08-05/6-2498?utm_source=share&ref=zdzmhy1q
6LBdy,https://made.example.invalid/e08-05/9-2499?utm_source=share&ref=ci7bbkh6
6LBdz,https://made.example.invalid/e08-05/13-2500?utm_source=share&ref=xn6rz5de
6LBdA,https://made.example.invalid/e08-05/14-2501?utm_source=share&ref=bi5gofs8
6LBdB,https://made.example.invalid/e08-05/18-2502?utm_source=share&ref=jzll0c0v
6LBdC,https://made.example.invalid/e08-05/20-2503?utm_source=share&ref=zztyltr3
6LBdD,https://made.example.invalid/e08-05/19-2504?utm_source=share&ref=gnnkimp5
6LBdE,https://made.example.invalid/e08-05/23-2505?utm_source=share&ref=6zm8rkl9
6LBdF,https://made.example.invalid/e08-05/4-2506?utm_source=share&ref=xas46v2s
6LBdG,https://made.example.invalid/e08-05/5-2507?utm_source=share&ref=2g8wdlwg
6LBdH,https://made.example.invalid/e08-05/6-2508?utm_source=share&ref=nlhahnhv
6LBdI,https://made.example.invalid/e08-05/9-2509?utm_source=share&ref=gtc3adle
6LBdJ,https://made.example.invalid/e08-05/13-2510?utm_source=share&ref=1vlhm3kf
6LBdK,https://made.example.invalid/e08-05/14-2511?utm_source=share&ref=d6oylud1
6LBdL,https://made.example.invalid/e08-05/18-2512?utm_source=share&ref=ugn0xmjd
6LBdM,https://made.example.invalid/e08-05/20-2513?utm_source=share&ref=d281bco0
6LBdN,https://made.example.invalid/e08-05/19-2514?utm_source=share&ref=e98wm1kt
6LBdO,https://made.example.invalid/e08-05/23-2515?utm_source=share&ref=s869v1se
6LBdP,https://made.example.invalid/e08-05/4-2516?utm_source=share&ref=zca29jcs
6LBdQ,https://made.example.invalid/e08-05/5-2517?utm_source=share&ref=nmozgy07
6LBdR,https://made.example.invalid/e08-05/6-2518?utm_source=share&ref=kcs3cpgb
6LBdS,https://made.example.invalid/e08-05/9-2519?utm_source=share&ref=6ldss10b
6LBdT,https://made.example.invalid/e08-05/13-2520?utm_source=share&ref=mtb8spc8
6LBdU,https://made.example.invalid/e08-05/14-2521?utm_source=share&ref=v8zxjigh
6LBdV,https://made.example.invalid/e08-05/18-2522?utm_source=share&ref=0zr7z894
6LBdW,https://made.example.invalid/e08-05/20-2523?utm_source=share&ref=a538raks
6LBdX,https://made.example.invalid/e08-05/19-2524?utm_source=share&ref=zrqzfe18
6LBdY,https://made.example.invalid/e08-05/23-2525?utm_source=share&ref=d0l71xm8
6LBdZ,https://made.example.invalid/e08-05/4-2526?utm_source=share&ref=95lc0e9j
6LBe0,https://made.example.invalid/e08-05/5-2527?utm_source=share&ref=vptugqda
6LBe1,https://made.example.invalid/e08-05/6-2528?utm_source=share&ref=t9ktlbyn
6LBe2,https://made.example.invalid/e08-05/9-2529?utm_source=share&ref=art9hu2f
6LBe3,https://made.example.invalid/e08-05/13-2530?utm_source=share&ref=map0tibf
6LBe4,https://made.example.invalid/e08-05/14-2531?utm_source=share&ref=ly8ytree
6LBe5,https://made.example.invalid/e08-05/18-2532?utm_source=share&ref=n3wyaq0u
6LBe6,https://made.example.invalid/e08-05/20-2533?utm_source=share&ref=t4zo0l2f
6LBe7,https://made.example.invalid/e08-05/19-2534?utm_source=share&ref=hq83bkid
6LBe8,https://made.example.invalid/e08-05/23-2535?utm_source=share&ref=2r92lmb7
6LBe9,https://made.example.invalid/e08-05/4-2536?utm_source=share&ref=te8xxz87
6LBea,https://made.example.invalid/e08-05/5-2537?utm_source=share&ref=2tp8k8p8
6LBeb,https://made.example.invalid/e08-05/6-2538?utm_source=share&ref=ccr640je
6LBec,https://made.example.invalid/e08-05/9-2539?utm_source=share&ref=vcfn5sdw
6LBed,https://made.example.invalid/e08-05/13-2540?utm_source=share&ref=dye4wxrr
6LBee,https://made.example.invalid/e08-05/14-2541?utm_source=share&ref=15a23te1
6LBef,https://made.example.invalid/e08-05/18-2542?utm_source=share&ref=tmyxmn8r
6LBeg,https://made.example.invalid/e08-05/20-2543?utm_source=share&ref=i21rm1it
6LBeh,https://made.example.invalid/e08-05/19-2544?utm_source=share&ref=3cz6skbu
6LBei,https://made.example.invalid/e08-05/23-2545?utm_source=share&ref=yykimp9p
6LBej,https://made.example.invalid/e08-05/4-2546?utm_source=share&ref=o2ovg551
6LBek,https://made.example.invalid/e08-05/5-2547?utm_source=share&ref=g6gyejhn
6LBel,https://made.example.invalid/e08-05/6-2548?utm_source=share&ref=1xs94p8z
6LBem,https://made.example.invalid/e08-05/9-2549?utm_source=share&ref=sdmbczn6
6LBen,https://made.example.invalid/e08-05/13-2550?utm_source=share&ref=r8xzlw6n
6LBeo,https://made.example.invalid/e08-05/14-2551?utm_source=share&ref=ndn5tuqf
6LBep,https://made.example.invalid/e08-05/18-2552?utm_source=share&ref=1rgr8zwd
6LBeq,https://made.example.invalid/e08-05/20-2553?utm_source=share&ref=0ndjz9z4
6LBer,https://made.example.invalid/e08-05/19-2554?utm_source=share&ref=b7i7drfo
6LBes,https://made.example.invalid/e08-05/23-2555?utm_source=share&ref=yvaehle7
6LBet,https://made.example.invalid/e08-05/4-2556?utm_source=share&ref=uwq4zln7
6LBeu,https://made.example.invalid/e08-05/5-2557?utm_source=share&ref=taqp1t2p
6LBev,https://made.example.invalid/e08-05/6-2558?utm_source=share&ref=he3dqhvb
6LBew,https://made.example.invalid/e08-05/9-2559?utm_source=share&ref=nkptimir
6LBex,https://made.example.invalid/e08-05/13-2560?utm_source=share&ref=ycl7ihz0
6LBey,https://made.example.invalid/e08-05/14-2561?utm_source=share&ref=pjwny908
6LBez,https://made.example.invalid/e08-05/18-2562?utm_source=share&ref=ec17ywnn
6LBeA,https://made.example.invalid/e08-05/20-2563?utm_source=share&ref=nys4z5b1
6LBeB,https://made.example.invalid/e08-05/19-2564?utm_source=share&ref=0zu12sul
6LBeC,https://made.example.invalid/e08-05/23-2565?utm_source=share&ref=nlmijr5i
6LBeD,https://made.example.invalid/e08-05/4-2566?utm_source=share&ref=iacv23tu
6LBeE,https://made.example.invalid/e08-05/5-2567?utm_source=share&ref=sreem85i
6LBeF,https://made.example.invalid/e08-05/6-2568?utm_source=share&ref=shhf821t
6LBeG,https://made.example.invalid/e08-05/9-2569?utm_source=share&ref=ekend28y
6LBeH,https://made.example.invalid/e08-05/13-2570?utm_source=share&ref=ehn7xut4
6LBeI,https://made.example.invalid/e08-05/14-2571?utm_source=share&ref=njmoq1l0
6LBeJ,https://made.example.invalid/e08-05/18-2572?utm_source=share&ref=g17nn6x6
6LBeK,https://made.example.invalid/e08-05/20-2573?utm_source=share&ref=62v4l0gb
6LBeL,https://made.example.invalid/e08-05/19-2574?utm_source=share&ref=xyofehap
6LBeM,https://made.example.invalid/e08-05/23-2575?utm_source=share&ref=bbimpz0u
6LBeN,https://made.example.invalid/e08-05/4-2576?utm_source=share&ref=ntj7qfp3
6LBeO,https://made.example.invalid/e08-05/5-2577?utm_source=share&ref=b34hp4nj
6LBeP,https://made.example.invalid/e08-05/6-2578?utm_source=share&ref=la8e7a99
6LBeQ,https://made.example.invalid/e08-05/9-2579?utm_source=share&ref=tder0h7l
6LBeR,https://made.example.invalid/e08-05/13-2580?utm_source=share&ref=el4gd6st
6LBeS,https://made.example.invalid/e08-05/14-2581?utm_source=share&ref=ax5ffl3e
6LBeT,https://made.example.invalid/e08-05/18-2582?utm_source=share&ref=4nmlzvli
6LBeU,https://made.example.invalid/e08-05/20-2583?utm_source=share&ref=t2vrg8ym
6LBeV,https://made.example.invalid/e08-05/19-2584?utm_source=share&ref=a15e4n08
6LBeW,https://made.example.invalid/e08-05/23-2585?utm_source=share&ref=vvzaret7
6LBeX,https://made.example.invalid/e08-05/4-2586?utm_source=share&ref=lu2ifyb4
6LBeY,https://made.example.invalid/e08-05/5-2587?utm_source=share&ref=sm1oq1fn
6LBeZ,https://made.example.invalid/e08-05/6-2588?utm_source=share&ref=q6mxerel
6LBf0,https://made.example.invalid/e08-05/9-2589?utm_source=share&ref=fwcqr4ma
6LBf1,https://made.example.invalid/e08-05/13-2590?utm_source=share&ref=x7boijit
6LBf2,https://made.example.invalid/e08-05/14-2591?utm_source=share&ref=zbvk51c1
6LBf3,https://made.example.invalid/e08-05/18-2592?utm_source=share&ref=i6dm9ci7
6LBf4,https://made.example.invalid/e08-05/20-2593?utm_source=share&ref=028inik6
6LBf5,https://made.example.invalid/e08-05/19-2594?utm_source=share&ref=ha23al58
6LBf6,https://made.example.invalid/e08-05/23-2595?utm_source=share&ref=5w6mpiwq
6LBf7,https://made.example.invalid/e08-05/4-2596?utm_source=share&ref=gn0p5eoe
6LBf8,https://made.example.invalid/e08-05/5-2597?utm_source=share&ref=nvxs44w9
6LBf9,https://made.example.invalid/e08-05/6-2598?utm_source=share&ref=kudk8dwa
6LBfa,https://made.example.invalid/e08-05/9-2599?utm_source=share&ref=uzmqvwhh
6LBfb,https://made.example.invalid/e08-05/13-2600?utm_source=share&ref=r5hy643w
6LBfc,https://made.example.invalid/e08-05/14-2601?utm_source=share&ref=sxuu7nmj
6LBfd,https://made.example.invalid/e08-05/18-2602?utm_source=share&ref=cc0zkpaj
6LBfe,https://made.example.invalid/e08-05/20-2603?utm_source=share&ref=83di8dg8
6LBff,https://made.example.invalid/e08-05/19-2604?utm_source=share&ref=kklksy74
6LBfg,https://made.example.invalid/e08-05/23-2605?utm_source=share&ref=oenhqjm5
6LBfh,https://made.example.invalid/e08-05/4-2606?utm_source=share&ref=62mazvbo
6LBfi,https://made.example.invalid/e08-05/5-2607?utm_source=share&ref=9d2qsc3d
6LBfj,https://made.example.invalid/e08-05/6-2608?utm_source=share&ref=jsym81yq
6LBfk,https://made.example.invalid/e08-05/9-2609?utm_source=share&ref=5aih1lf2
6LBfl,https://made.example.invalid/e08-05/13-2610?utm_source=share&ref=rtmaxz2a
6LBfm,https://made.example.invalid/e08-05/14-2611?utm_source=share&ref=9aj0cyjr
6LBfn,https://made.example.invalid/e08-05/18-2612?utm_source=share&ref=n4wbi7r0
6LBfo,https://made.example.invalid/e08-05/20-2613?utm_source=share&ref=q5zjmuns
6LBfp,https://made.example.invalid/e08-05/19-2614?utm_source=share&ref=sz2n1shv
6LBfq,https://made.example.invalid/e08-05/23-2615?utm_source=share&ref=m7k9rooe
6LBfr,https://made.example.invalid/e08-05/4-2616?utm_source=share&ref=dd4byhcj
6LBfs,https://made.example.invalid/e08-05/5-2617?utm_source=share&ref=511ln70i
6LBft,https://made.example.invalid/e08-05/6-2618?utm_source=share&ref=xdxkrfa1
6LBfu,https://made.example.invalid/e08-05/9-2619?utm_source=share&ref=vksvv3pe
6LBfv,https://made.example.invalid/e08-05/13-2620?utm_source=share&ref=4rggqdnh
6LBfw,https://made.example.invalid/e08-05/14-2621?utm_source=share&ref=mtu375eb
6LBfx,https://made.example.invalid/e08-05/18-2622?utm_source=share&ref=gpcuyshq
6LBfy,https://made.example.invalid/e08-05/20-2623?utm_source=share&ref=v0f166ev
6LBfz,https://made.example.invalid/e08-05/19-2624?utm_source=share&ref=4g9lb7id
6LBfA,https://made.example.invalid/e08-05/23-2625?utm_source=share&ref=o4x39t1t
6LBfB,https://made.example.invalid/e08-05/4-2626?utm_source=share&ref=st923c7z
6LBfC,https://made.example.invalid/e08-05/5-2627?utm_source=share&ref=5pykz5tk
6LBfD,https://made.example.invalid/e08-05/6-2628?utm_source=share&ref=wecgft94
6LBfE,https://made.example.invalid/e08-05/9-2629?utm_source=share&ref=5iwfgvoq
6LBfF,https://made.example.invalid/e08-05/13-2630?utm_source=share&ref=hgx4a9lp
6LBfG,https://made.example.invalid/e08-05/14-2631?utm_source=share&ref=0dv0qqm1
6LBfH,https://made.example.invalid/e08-05/18-2632?utm_source=share&ref=ixlrhtlz
6LBfI,https://made.example.invalid/e08-05/20-2633?utm_source=share&ref=yx6p6clo
6LBfJ,https://made.example.invalid/e08-05/19-2634?utm_source=share&ref=utmul13a
6LBfK,https://made.example.invalid/e08-05/23-2635?utm_source=share&ref=9q0xcx3p
6LBfL,https://made.example.invalid/e08-05/4-2636?utm_source=share&ref=9y8fu3cf
6LBfM,https://made.example.invalid/e08-05/5-2637?utm_source=share&ref=s94ewrbv
6LBfN,https://made.example.invalid/e08-05/6-2638?utm_source=share&ref=1bum7f2w
6LBfO,https://made.example.invalid/e08-05/9-2639?utm_source=share&ref=4clyx0yd
6LBfP,https://made.example.invalid/e08-05/13-2640?utm_source=share&ref=i90cz9k4
6LBfQ,https://made.example.invalid/e08-05/14-2641?utm_source=share&ref=q8unrg1y
6LBfR,https://made.example.invalid/e08-05/18-2642?utm_source=share&ref=js13qek4
6LBfS,https://made.example.invalid/e08-05/20-2643?utm_source=share&ref=g5v55v8z
6LBfT,https://made.example.invalid/e08-05/19-2644?utm_source=share&ref=hswo4jy1
6LBfU,https://made.example.invalid/e08-05/23-2645?utm_source=share&ref=93l3fmg2
6LBfV,https://made.example.invalid/e08-05/4-2646?utm_source=share&ref=do8ruco9
6LBfW,https://made.example.invalid/e08-05/5-2647?utm_source=share&ref=me8jicqb
6LBfX,https://made.example.invalid/e08-05/6-2648?utm_source=share&ref=cnuv2zmb
6LBfY,https://made.example.invalid/e08-05/9-2649?utm_source=share&ref=xmy1et0e
6LBfZ,https://made.example.invalid/e08-05/13-2650?utm_source=share&ref=sdofp1s0
6LBg0,https://made.example.invalid/e08-05/14-2651?utm_source=share&ref=tgbrugad
6LBg1,https://made.example.invalid/e08-05/18-2652?utm_source=share&ref=ojbuixe1
6LBg2,https://made.example.invalid/e08-05/20-2653?utm_source=share&ref=andiwk06
6LBg3,https://made.example.invalid/e08-05/19-2654?utm_source=share&ref=2jxskzmb
6LBg4,https://made.example.invalid/e08-05/23-2655?utm_source=share&ref=3mwz4xgx
6LBg5,https://made.example.invalid/e08-05/4-2656?utm_source=share&ref=5gbbj22a
6LBg6,https://made.example.invalid/e08-05/5-2657?utm_source=share&ref=ol82eojp
6LBg7,https://made.example.invalid/e08-05/6-2658?utm_source=share&ref=ul2qxy4a
6LBg8,https://made.example.invalid/e08-05/9-2659?utm_source=share&ref=ztnxjfok
6LBg9,https://made.example.invalid/e08-05/13-2660?utm_source=share&ref=5pxyd00y
6LBga,https://made.example.invalid/e08-05/14-2661?utm_source=share&ref=gljbpopy
6LBgb,https://made.example.invalid/e08-05/18-2662?utm_source=share&ref=a07ny5gt
6LBgc,https://made.example.invalid/e08-05/20-2663?utm_source=share&ref=xa5uqxaa
6LBgd,https://made.example.invalid/e08-05/19-2664?utm_source=share&ref=2fn38pv1
6LBge,https://made.example.invalid/e08-05/23-2665?utm_source=share&ref=yn4l16kj
6LBgf,https://made.example.invalid/e08-05/4-2666?utm_source=share&ref=kxkacy47
6LBgg,https://made.example.invalid/e08-05/5-2667?utm_source=share&ref=ovk7o0dh
6LBgh,https://made.example.invalid/e08-05/6-2668?utm_source=share&ref=idazlblh
6LBgi,https://made.example.invalid/e08-05/9-2669?utm_source=share&ref=7elx3mms
6LBgj,https://made.example.invalid/e08-05/13-2670?utm_source=share&ref=k937dlwi
6LBgk,https://made.example.invalid/e08-05/14-2671?utm_source=share&ref=dzppxmoz
6LBgl,https://made.example.invalid/e08-05/18-2672?utm_source=share&ref=heb7ya83
6LBgm,https://made.example.invalid/e08-05/20-2673?utm_source=share&ref=g81rnksq
6LBgn,https://made.example.invalid/e08-05/19-2674?utm_source=share&ref=1wne18xd
6LBgo,https://made.example.invalid/e08-05/23-2675?utm_source=share&ref=x8ofnn28
6LBgp,https://made.example.invalid/e08-05/4-2676?utm_source=share&ref=d7ijmhbg
6LBgq,https://made.example.invalid/e08-05/5-2677?utm_source=share&ref=qex95isu
6LBgr,https://made.example.invalid/e08-05/6-2678?utm_source=share&ref=btx66hik
6LBgs,https://made.example.invalid/e08-05/9-2679?utm_source=share&ref=mu2e8auy
6LBgt,https://made.example.invalid/e08-05/13-2680?utm_source=share&ref=h02sj4h4
6LBgu,https://made.example.invalid/e08-05/14-2681?utm_source=share&ref=joyu88o7
6LBgv,https://made.example.invalid/e08-05/18-2682?utm_source=share&ref=wwepvujo
6LBgw,https://made.example.invalid/e08-05/20-2683?utm_source=share&ref=x6j7mjrb
6LBgx,https://made.example.invalid/e08-05/19-2684?utm_source=share&ref=0ypcpvgb
6LBgy,https://made.example.invalid/e08-05/23-2685?utm_source=share&ref=6g5f405h
6LBgz,https://made.example.invalid/e08-05/4-2686?utm_source=share&ref=99y4aw5o
6LBgA,https://made.example.invalid/e08-05/5-2687?utm_source=share&ref=i4nssx2v
6LBgB,https://made.example.invalid/e08-05/6-2688?utm_source=share&ref=8y7bxu68
6LBgC,https://made.example.invalid/e08-05/9-2689?utm_source=share&ref=87qcnj59
6LBgD,https://made.example.invalid/e08-05/13-2690?utm_source=share&ref=izpahhp4
6LBgE,https://made.example.invalid/e08-05/14-2691?utm_source=share&ref=scmco4ri
6LBgF,https://made.example.invalid/e08-05/18-2692?utm_source=share&ref=kz4gpk3w
6LBgG,https://made.example.invalid/e08-05/20-2693?utm_source=share&ref=3fdf2z1v
6LBgH,https://made.example.invalid/e08-05/19-2694?utm_source=share&ref=cdoyf12b
6LBgI,https://made.example.invalid/e08-05/23-2695?utm_source=share&ref=ulbolnia
6LBgJ,https://made.example.invalid/e08-05/4-2696?utm_source=share&ref=zxila77u
6LBgK,https://made.example.invalid/e08-05/5-2697?utm_source=share&ref=48cfilyb
6LBgL,https://made.example.invalid/e08-05/6-2698?utm_source=share&ref=p7wzvura
6LBgM,https://made.example.invalid/e08-05/9-2699?utm_source=share&ref=mkpffgis
6LBgN,https://made.example.invalid/e08-05/13-2700?utm_source=share&ref=so8g4hsu
6LBgO,https://made.example.invalid/e08-05/14-2701?utm_source=share&ref=64v4fbqs
6LBgP,https://made.example.invalid/e08-05/18-2702?utm_source=share&ref=q67off4m
6LBgQ,https://made.example.invalid/e08-05/20-2703?utm_source=share&ref=a27tqy2x
6LBgR,https://made.example.invalid/e08-05/19-2704?utm_source=share&ref=2i9ymjnm
6LBgS,https://made.example.invalid/e08-05/23-2705?utm_source=share&ref=r52flgqx
6LBgT,https://made.example.invalid/e08-05/4-2706?utm_source=share&ref=0h6vvrkv
6LBgU,https://made.example.invalid/e08-05/5-2707?utm_source=share&ref=nj95htph
6LBgV,https://made.example.invalid/e08-05/6-2708?utm_source=share&ref=mx2080li
6LBgW,https://made.example.invalid/e08-05/9-2709?utm_source=share&ref=et0mtcf7
6LBgX,https://made.example.invalid/e08-05/13-2710?utm_source=share&ref=t5ufgku9
6LBgY,https://made.example.invalid/e08-05/14-2711?utm_source=share&ref=yh1pu2wa
6LBgZ,https://made.example.invalid/e08-05/18-2712?utm_source=share&ref=ktaxcghm
6LBh0,https://made.example.invalid/e08-05/20-2713?utm_source=share&ref=whh2byvs
6LBh1,https://made.example.invalid/e08-05/19-2714?utm_source=share&ref=ofq13vms
6LBh2,https://made.example.invalid/e08-05/23-2715?utm_source=share&ref=kdkl0p4s
6LBh3,https://made.example.invalid/e08-05/4-2716?utm_source=share&ref=7b2rd3xn
6LBh4,https://made.example.invalid/e08-05/5-2717?utm_source=share&ref=cuwaz7gm
6LBh5,https://made.example.invalid/e08-05/6-2718?utm_source=share&ref=of89odhg
6LBh6,https://made.example.invalid/e08-05/9-2719?utm_source=share&ref=f8hlbo9m
6LBh7,https://made.example.invalid/e08-05/13-2720?utm_source=share&ref=k0qjd4hc
6LBh8,https://made.example.invalid/e08-05/14-2721?utm_source=share&ref=u6ufm6r9
6LBh9,https://made.example.invalid/e08-05/18-2722?utm_source=share&ref=oif2aeut
6LBha,https://made.example.invalid/e08-05/20-2723?utm_source=share&ref=499n4k85
6LBhb,https://made.example.invalid/e08-05/19-2724?utm_source=share&ref=mmzrd3ex
6LBhc,https://made.example.invalid/e08-05/23-2725?utm_source=share&ref=86s9tfl4
6LBhd,https://made.example.invalid/e08-05/4-2726?utm_source=share&ref=wiv6a86c
6LBhe,https://made.example.invalid/e08-05/5-2727?utm_source=share&ref=ucsxt1h9
6LBhf,https://made.example.invalid/e08-05/6-2728?utm_source=share&ref=gce185bb
6LBhg,https://made.example.invalid/e08-05/9-2729?utm_source=share&ref=bmoi3e2i
6LBhh,https://made.example.invalid/e08-05/13-2730?utm_source=share&ref=h0nlzbtj
6LBhi,https://made.example.invalid/e08-05/14-2731?utm_source=share&ref=tksygyd6
6LBhj,https://made.example.invalid/e08-05/18-2732?utm_source=share&ref=thlnv2vd
6LBhk,https://made.example.invalid/e08-05/20-2733?utm_source=share&ref=1yloah85
6LBhl,https://made.example.invalid/e08-05/19-2734?utm_source=share&ref=t7ob27hy
6LBhm,https://made.example.invalid/e08-05/23-2735?utm_source=share&ref=v9nuy636
6LBhn,https://made.example.invalid/e08-05/4-2736?utm_source=share&ref=pqulzdwi
6LBho,https://made.example.invalid/e08-05/5-2737?utm_source=share&ref=n1mnsbk8
6LBhp,https://made.example.invalid/e08-05/6-2738?utm_source=share&ref=sgkz8s6v
6LBhq,https://made.example.invalid/e08-05/9-2739?utm_source=share&ref=y4mt9qxq
6LBhr,https://made.example.invalid/e08-05/13-2740?utm_source=share&ref=svc7wke6
6LBhs,https://made.example.invalid/e08-05/14-2741?utm_source=share&ref=5qe6kil1
6LBht,https://made.example.invalid/e08-05/18-2742?utm_source=share&ref=f1rlrg19
6LBhu,https://made.example.invalid/e08-05/20-2743?utm_source=share&ref=e3uxj4i2
6LBhv,https://made.example.invalid/e08-05/19-2744?utm_source=share&ref=b41i8kss
6LBhw,https://made.example.invalid/e08-05/23-2745?utm_source=share&ref=ua93fkdv
6LBhx,https://made.example.invalid/e08-05/4-2746?utm_source=share&ref=2mouweb5
6LBhy,https://made.example.invalid/e08-05/5-2747?utm_source=share&ref=mm48s9ne
6LBhz,https://made.example.invalid/e08-05/6-2748?utm_source=share&ref=wmijsca0
6LBhA,https://made.example.invalid/e08-05/9-2749?utm_source=share&ref=6h5d5phq
6LBhB,https://made.example.invalid/e08-05/13-2750?utm_source=share&ref=nfmyv353
6LBhC,https://made.example.invalid/e08-05/14-2751?utm_source=share&ref=zmvwgq91
6LBhD,https://made.example.invalid/e08-05/18-2752?utm_source=share&ref=ci4nhku5
6LBhE,https://made.example.invalid/e08-05/20-2753?utm_source=share&ref=r8eo69rk
6LBhF,https://made.example.invalid/e08-05/19-2754?utm_source=share&ref=3m2b48gr
6LBhG,https://made.example.invalid/e08-05/23-2755?utm_source=share&ref=2nonri6v
6LBhH,https://made.example.invalid/e08-05/4-2756?utm_source=share&ref=94k0hcss
6LBhI,https://made.example.invalid/e08-05/5-2757?utm_source=share&ref=p6zt9b1z
6LBhJ,https://made.example.invalid/e08-05/6-2758?utm_source=share&ref=s2r6b011
6LBhK,https://made.example.invalid/e08-05/9-2759?utm_source=share&ref=mhyk4975
6LBhL,https://made.example.invalid/e08-05/13-2760?utm_source=share&ref=eyw2en5j
6LBhM,https://made.example.invalid/e08-05/14-2761?utm_source=share&ref=0njl1pt5
6LBhN,https://made.example.invalid/e08-05/18-2762?utm_source=share&ref=wweti185
6LBhO,https://made.example.invalid/e08-05/20-2763?utm_source=share&ref=3r84k85b
6LBhP,https://made.example.invalid/e08-05/19-2764?utm_source=share&ref=pzh9xgpt
6LBhQ,https://made.example.invalid/e08-05/23-2765?utm_source=share&ref=0kx63qao
6LBhR,https://made.example.invalid/e08-05/4-2766?utm_source=share&ref=lj216hjs
6LBhS,https://made.example.invalid/e08-05/5-2767?utm_source=share&ref=ab6446y3
6LBhT,https://made.example.invalid/e08-05/6-2768?utm_source=share&ref=lj814qib
6LBhU,https://made.example.invalid/e08-05/9-2769?utm_source=share&ref=3spspey9
6LBhV,https://made.example.invalid/e08-05/13-2770?utm_source=share&ref=gowc57zd
6LBhW,https://made.example.invalid/e08-05/14-2771?utm_source=share&ref=3bdbnew6
6LBhX,https://made.example.invalid/e08-05/18-2772?utm_source=share&ref=fcixaz7b
6LBhY,https://made.example.invalid/e08-05/20-2773?utm_source=share&ref=spo2wg22
6LBhZ,https://made.example.invalid/e08-05/19-2774?utm_source=share&ref=1lwhz2zv
6LBi0,https://made.example.invalid/e08-05/23-2775?utm_source=share&ref=ay6nlszk
6LBi1,https://made.example.invalid/e08-05/4-2776?utm_source=share&ref=orv8obey
6LBi2,https://made.example.invalid/e08-05/5-2777?utm_source=share&ref=nf8doep2
6LBi3,https://made.example.invalid/e08-05/6-2778?utm_source=share&ref=mqr2th94
6LBi4,https://made.example.invalid/e08-05/9-2779?utm_source=share&ref=q4lsvdtk
6LBi5,https://made.example.invalid/e08-05/13-2780?utm_source=share&ref=984e6xla
6LBi6,https://made.example.invalid/e08-05/14-2781?utm_source=share&ref=w8ypl1yc
6LBi7,https://made.example.invalid/e08-05/18-2782?utm_source=share&ref=3ysshm1d
6LBi8,https://made.example.invalid/e08-05/20-2783?utm_source=share&ref=r3cyps0q
6LBi9,https://made.example.invalid/e08-05/19-2784?utm_source=share&ref=1hn4gk90
6LBia,https://made.example.invalid/e08-05/23-2785?utm_source=share&ref=2ti8y7qe
6LBib,https://made.example.invalid/e08-05/4-2786?utm_source=share&ref=vgojlyo6
6LBic,https://made.example.invalid/e08-05/5-2787?utm_source=share&ref=03wpmmac
6LBid,https://made.example.invalid/e08-05/6-2788?utm_source=share&ref=p6mk82ry
6LBie,https://made.example.invalid/e08-05/9-2789?utm_source=share&ref=4emvilum
6LBif,https://made.example.invalid/e08-05/13-2790?utm_source=share&ref=gxstjrrp
6LBig,https://made.example.invalid/e08-05/14-2791?utm_source=share&ref=nlzw1l26
6LBih,https://made.example.invalid/e08-05/18-2792?utm_source=share&ref=4jk1i0bk
6LBii,https://made.example.invalid/e08-05/20-2793?utm_source=share&ref=f62wbqlt
6LBij,https://made.example.invalid/e08-05/19-2794?utm_source=share&ref=g1fc4ir8
6LBik,https://made.example.invalid/e08-05/23-2795?utm_source=share&ref=g3wcrqd3
6LBil,https://made.example.invalid/e08-05/4-2796?utm_source=share&ref=brciskqp
6LBim,https://made.example.invalid/e08-05/5-2797?utm_source=share&ref=ommia7dw
6LBin,https://made.example.invalid/e08-05/6-2798?utm_source=share&ref=hwmwnldu
6LBio,https://made.example.invalid/e08-05/9-2799?utm_source=share&ref=5cvjp11t
6LBip,https://made.example.invalid/e08-05/13-2800?utm_source=share&ref=smo5axj0
6LBiq,https://made.example.invalid/e08-05/14-2801?utm_source=share&ref=qcqn18nq
6LBir,https://made.example.invalid/e08-05/18-2802?utm_source=share&ref=ahfr68bl
6LBis,https://made.example.invalid/e08-05/20-2803?utm_source=share&ref=0wxa29x4
6LBit,https://made.example.invalid/e08-05/19-2804?utm_source=share&ref=hn9fo0bd
6LBiu,https://made.example.invalid/e08-05/23-2805?utm_source=share&ref=pf269a1e
6LBiv,https://made.example.invalid/e08-05/4-2806?utm_source=share&ref=eqfd94c9
6LBiw,https://made.example.invalid/e08-05/5-2807?utm_source=share&ref=ivc08n3o
6LBix,https://made.example.invalid/e08-05/6-2808?utm_source=share&ref=jqne99dc
6LBiy,https://made.example.invalid/e08-05/9-2809?utm_source=share&ref=zsu17lla
6LBiz,https://made.example.invalid/e08-05/13-2810?utm_source=share&ref=wxh7ed5y
6LBiA,https://made.example.invalid/e08-05/14-2811?utm_source=share&ref=wcj41rw2
6LBiB,https://made.example.invalid/e08-05/18-2812?utm_source=share&ref=s990cq52
6LBiC,https://made.example.invalid/e08-05/20-2813?utm_source=share&ref=2qzirxxq
6LBiD,https://made.example.invalid/e08-05/19-2814?utm_source=share&ref=3v7rspsi
6LBiE,https://made.example.invalid/e08-05/23-2815?utm_source=share&ref=1n3tf4yy
6LBiF,https://made.example.invalid/e08-05/4-2816?utm_source=share&ref=w8j53hco
6LBiG,https://made.example.invalid/e08-05/5-2817?utm_source=share&ref=x1jfzhu1
6LBiH,https://made.example.invalid/e08-05/6-2818?utm_source=share&ref=utshn48p
6LBiI,https://made.example.invalid/e08-05/9-2819?utm_source=share&ref=yqt6d5b0
6LBiJ,https://made.example.invalid/e08-05/13-2820?utm_source=share&ref=194ithir
6LBiK,https://made.example.invalid/e08-05/14-2821?utm_source=share&ref=pngbqc50
6LBiL,https://made.example.invalid/e08-05/18-2822?utm_source=share&ref=5osip72b
6LBiM,https://made.example.invalid/e08-05/20-2823?utm_source=share&ref=35cyjlhs
6LBiN,https://made.example.invalid/e08-05/19-2824?utm_source=share&ref=ep1ntc8u
6LBiO,https://made.example.invalid/e08-05/23-2825?utm_source=share&ref=az6dmor0
6LBiP,https://made.example.invalid/e08-05/4-2826?utm_source=share&ref=duxd7023
6LBiQ,https://made.example.invalid/e08-05/5-2827?utm_source=share&ref=rnndvn1d
6LBiR,https://made.example.invalid/e08-05/6-2828?utm_source=share&ref=g35e11ef
6LBiS,https://made.example.invalid/e08-05/9-2829?utm_source=share&ref=mvm20duq
6LBiT,https://made.example.invalid/e08-05/13-2830?utm_source=share&ref=v4oy57nq
6LBiU,https://made.example.invalid/e08-05/14-2831?utm_source=share&ref=y4qsljos
6LBiV,https://made.example.invalid/e08-05/18-2832?utm_source=share&ref=znhmkz3g
6LBiW,https://made.example.invalid/e08-05/20-2833?utm_source=share&ref=6m13atju
6LBiX,https://made.example.invalid/e08-05/19-2834?utm_source=share&ref=qqjtlzsv
6LBiY,https://made.example.invalid/e08-05/23-2835?utm_source=share&ref=p0u5kktl
6LBiZ,https://made.example.invalid/e08-05/4-2836?utm_source=share&ref=yv9lbkyz
6LBj0,https://made.example.invalid/e08-05/5-2837?utm_source=share&ref=ykzizl1a
6LBj1,https://made.example.invalid/e08-05/6-2838?utm_source=share&ref=a4ewrss3
6LBj2,https://made.example.invalid/e08-05/9-2839?utm_source=share&ref=zgzbecc1
6LBj3,https://made.example.invalid/e08-05/13-2840?utm_source=share&ref=mqc6ihn5
6LBj4,https://made.example.invalid/e08-05/14-2841?utm_source=share&ref=d63rnvs1
6LBj5,https://made.example.invalid/e08-05/18-2842?utm_source=share&ref=cv2wbhmf
6LBj6,https://made.example.invalid/e08-05/20-2843?utm_source=share&ref=shf978vo
6LBj7,https://made.example.invalid/e08-05/19-2844?utm_source=share&ref=e5k1rnqf
6LBj8,https://made.example.invalid/e08-05/23-2845?utm_source=share&ref=srcx2htl
6LBj9,https://made.example.invalid/e08-05/4-2846?utm_source=share&ref=8uh5mu3h
6LBja,https://made.example.invalid/e08-05/5-2847?utm_source=share&ref=a0mo7wj5
6LBjb,https://made.example.invalid/e08-05/6-2848?utm_source=share&ref=p4rc4jeu
6LBjc,https://made.example.invalid/e08-05/9-2849?utm_source=share&ref=k8ravkxe
6LBjd,https://made.example.invalid/e08-05/13-2850?utm_source=share&ref=nwzxr5fi
6LBje,https://made.example.invalid/e08-05/14-2851?utm_source=share&ref=4o98xdrh
6LBjf,https://made.example.invalid/e08-05/18-2852?utm_source=share&ref=7t3du3st
6LBjg,https://made.example.invalid/e08-05/20-2853?utm_source=share&ref=lkovlbvg
6LBjh,https://made.example.invalid/e08-05/19-2854?utm_source=share&ref=abn1z5iu
6LBji,https://made.example.invalid/e08-05/23-2855?utm_source=share&ref=no3vep3h
6LBjj,https://made.example.invalid/e08-05/4-2856?utm_source=share&ref=jupajcgf
6LBjk,https://made.example.invalid/e08-05/5-2857?utm_source=share&ref=kh3pirjt
6LBjl,https://made.example.invalid/e08-05/6-2858?utm_source=share&ref=94g95vqc
6LBjm,https://made.example.invalid/e08-05/9-2859?utm_source=share&ref=0ng4qk2w
6LBjn,https://made.example.invalid/e08-05/13-2860?utm_source=share&ref=0o68t381
6LBjo,https://made.example.invalid/e08-05/14-2861?utm_source=share&ref=a0o9vi4j
6LBjp,https://made.example.invalid/e08-05/18-2862?utm_source=share&ref=r31gu7ex
6LBjq,https://made.example.invalid/e08-05/20-2863?utm_source=share&ref=qsz6e3vy
6LBjr,https://made.example.invalid/e08-05/19-2864?utm_source=share&ref=4vmcsef6
6LBjs,https://made.example.invalid/e08-05/23-2865?utm_source=share&ref=jsv3jcka
6LBjt,https://made.example.invalid/e08-05/4-2866?utm_source=share&ref=y3b7zptq
6LBju,https://made.example.invalid/e08-05/5-2867?utm_source=share&ref=g7fz7eft
6LBjv,https://made.example.invalid/e08-05/6-2868?utm_source=share&ref=a3mtjkdj
6LBjw,https://made.example.invalid/e08-05/9-2869?utm_source=share&ref=esl986rg
6LBjx,https://made.example.invalid/e08-05/13-2870?utm_source=share&ref=vtypykwa
6LBjy,https://made.example.invalid/e08-05/14-2871?utm_source=share&ref=tukbt2i6
6LBjz,https://made.example.invalid/e08-05/18-2872?utm_source=share&ref=bvde3k5z
6LBjA,https://made.example.invalid/e08-05/20-2873?utm_source=share&ref=1fnaa6yf
6LBjB,https://made.example.invalid/e08-05/19-2874?utm_source=share&ref=sw9jw44z
6LBjC,https://made.example.invalid/e08-05/23-2875?utm_source=share&ref=5oqktq5s
6LBjD,https://made.example.invalid/e08-05/4-2876?utm_source=share&ref=4bw7ycm7
6LBjE,https://made.example.invalid/e08-05/5-2877?utm_source=share&ref=756dibka
6LBjF,https://made.example.invalid/e08-05/6-2878?utm_source=share&ref=572id6jc
6LBjG,https://made.example.invalid/e08-05/9-2879?utm_source=share&ref=c3apsnpn
6LBjH,https://made.example.invalid/e08-05/13-2880?utm_source=share&ref=3oa6vhvs
6LBjI,https://made.example.invalid/e08-05/14-2881?utm_source=share&ref=vqy22ib9
6LBjJ,https://made.example.invalid/e08-05/18-2882?utm_source=share&ref=vozzxryi
6LBjK,https://made.example.invalid/e08-05/20-2883?utm_source=share&ref=1uxqkzrb
6LBjL,https://made.example.invalid/e08-05/19-2884?utm_source=share&ref=59b7qnc8
6LBjM,https://made.example.invalid/e08-05/23-2885?utm_source=share&ref=ld96s5eg
6LBjN,https://made.example.invalid/e08-05/4-2886?utm_source=share&ref=potfdllo
6LBjO,https://made.example.invalid/e08-05/5-2887?utm_source=share&ref=k8umzh3r
6LBjP,https://made.example.invalid/e08-05/6-2888?utm_source=share&ref=8l2slk2r
6LBjQ,https://made.example.invalid/e08-05/9-2889?utm_source=share&ref=g1kiv6mm
6LBjR,https://made.example.invalid/e08-05/13-2890?utm_source=share&ref=kl5dggj4
6LBjS,https://made.example.invalid/e08-05/14-2891?utm_source=share&ref=wkz36baj
6LBjT,https://made.example.invalid/e08-05/18-2892?utm_source=share&ref=w6bn5vdl
6LBjU,https://made.example.invalid/e08-05/20-2893?utm_source=share&ref=6svxcjvs
6LBjV,https://made.example.invalid/e08-05/19-2894?utm_source=share&ref=pbmnbybk
6LBjW,https://made.example.invalid/e08-05/23-2895?utm_source=share&ref=vo0btzez
6LBjX,https://made.example.invalid/e08-05/4-2896?utm_source=share&ref=r7gof2ql
6LBjY,https://made.example.invalid/e08-05/5-2897?utm_source=share&ref=f5w87f17
6LBjZ,https://made.example.invalid/e08-05/6-2898?utm_source=share&ref=ecogizn1
6LBk0,https://made.example.invalid/e08-05/9-2899?utm_source=share&ref=72uy3sik
6LBk1,https://made.example.invalid/e08-05/13-2900?utm_source=share&ref=tb4snnhq
6LBk2,https://made.example.invalid/e08-05/14-2901?utm_source=share&ref=axi0zxbc
6LBk3,https://made.example.invalid/e08-05/18-2902?utm_source=share&ref=jog900ut
6LBk4,https://made.example.invalid/e08-05/20-2903?utm_source=share&ref=v4neach0
6LBk5,https://made.example.invalid/e08-05/19-2904?utm_source=share&ref=280cybfj
6LBk6,https://made.example.invalid/e08-05/23-2905?utm_source=share&ref=40ajrr34
6LBk7,https://made.example.invalid/e08-05/4-2906?utm_source=share&ref=93waaljs
6LBk8,https://made.example.invalid/e08-05/5-2907?utm_source=share&ref=y2u0j0ur
6LBk9,https://made.example.invalid/e08-05/6-2908?utm_source=share&ref=xa33graf
6LBka,https://made.example.invalid/e08-05/9-2909?utm_source=share&ref=z7r2s2fq
6LBkb,https://made.example.invalid/e08-05/13-2910?utm_source=share&ref=pmwzvmge
6LBkc,https://made.example.invalid/e08-05/14-2911?utm_source=share&ref=kc8es6vc
6LBkd,https://made.example.invalid/e08-05/18-2912?utm_source=share&ref=13hr0q0l
6LBke,https://made.example.invalid/e08-05/20-2913?utm_source=share&ref=8y5w5mt5
6LBkf,https://made.example.invalid/e08-05/19-2914?utm_source=share&ref=mc5llwvi
6LBkg,https://made.example.invalid/e08-05/23-2915?utm_source=share&ref=spckcore
6LBkh,https://made.example.invalid/e08-05/4-2916?utm_source=share&ref=6d27jig5
6LBki,https://made.example.invalid/e08-05/5-2917?utm_source=share&ref=5tq8sqr5
6LBkj,https://made.example.invalid/e08-05/6-2918?utm_source=share&ref=1gzim58i
6LBkk,https://made.example.invalid/e08-05/9-2919?utm_source=share&ref=e82lprr7
6LBkl,https://made.example.invalid/e08-05/13-2920?utm_source=share&ref=n125jbiw
6LBkm,https://made.example.invalid/e08-05/14-2921?utm_source=share&ref=npo9n4v8
6LBkn,https://made.example.invalid/e08-05/18-2922?utm_source=share&ref=w1f0h8um
6LBko,https://made.example.invalid/e08-05/20-2923?utm_source=share&ref=wswp02ub
6LBkp,https://made.example.invalid/e08-05/19-2924?utm_source=share&ref=bi3pic46
6LBkq,https://made.example.invalid/e08-05/23-2925?utm_source=share&ref=o472ypfm
6LBkr,https://made.example.invalid/e08-05/4-2926?utm_source=share&ref=ciwkjbw2
6LBks,https://made.example.invalid/e08-05/5-2927?utm_source=share&ref=tmi8p353
6LBkt,https://made.example.invalid/e08-05/6-2928?utm_source=share&ref=tk28gih8
6LBku,https://made.example.invalid/e08-05/9-2929?utm_source=share&ref=6zhh3itj
6LBkv,https://made.example.invalid/e08-05/13-2930?utm_source=share&ref=d6rynwxi
6LBkw,https://made.example.invalid/e08-05/14-2931?utm_source=share&ref=i73l8kgp
6LBkx,https://made.example.invalid/e08-05/18-2932?utm_source=share&ref=bh0b1yjk
6LBky,https://made.example.invalid/e08-05/20-2933?utm_source=share&ref=fl9a3svt
6LBkz,https://made.example.invalid/e08-05/19-2934?utm_source=share&ref=csmhfgpx
6LBkA,https://made.example.invalid/e08-05/23-2935?utm_source=share&ref=dbesz3n4
6LBkB,https://made.example.invalid/e08-05/4-2936?utm_source=share&ref=1hzcsbvs
6LBkC,https://made.example.invalid/e08-05/5-2937?utm_source=share&ref=0w6fel4x
6LBkD,https://made.example.invalid/e08-05/6-2938?utm_source=share&ref=3rh41v7v
6LBkE,https://made.example.invalid/e08-05/9-2939?utm_source=share&ref=1g8at7xf
6LBkF,https://made.example.invalid/e08-05/13-2940?utm_source=share&ref=4ha5o1l7
6LBkG,https://made.example.invalid/e08-05/14-2941?utm_source=share&ref=ln1n2wrq
6LBkH,https://made.example.invalid/e08-05/18-2942?utm_source=share&ref=3ex46lgs
6LBkI,https://made.example.invalid/e08-05/20-2943?utm_source=share&ref=lg4m3sn0
6LBkJ,https://made.example.invalid/e08-05/19-2944?utm_source=share&ref=qec5hxca
6LBkK,https://made.example.invalid/e08-05/23-2945?utm_source=share&ref=hf9w4lx8
6LBkL,https://made.example.invalid/e08-05/4-2946?utm_source=share&ref=8c3wstgy
6LBkM,https://made.example.invalid/e08-05/5-2947?utm_source=share&ref=vj4wlwrf
6LBkN,https://made.example.invalid/e08-05/6-2948?utm_source=share&ref=nicvrd4g
6LBkO,https://made.example.invalid/e08-05/9-2949?utm_source=share&ref=esajnplo
6LBkP,https://made.example.invalid/e08-05/13-2950?utm_source=share&ref=n871elcg
6LBkQ,https://made.example.invalid/e08-05/14-2951?utm_source=share&ref=yuexbf0x
6LBkR,https://made.example.invalid/e08-05/18-2952?utm_source=share&ref=zuz8y4zv
6LBkS,https://made.example.invalid/e08-05/20-2953?utm_source=share&ref=orr0y4wy
6LBkT,https://made.example.invalid/e08-05/19-2954?utm_source=share&ref=hnv7stlj
6LBkU,https://made.example.invalid/e08-05/23-2955?utm_source=share&ref=n7d4n68z
6LBkV,https://made.example.invalid/e08-05/4-2956?utm_source=share&ref=61sre8u3
6LBkW,https://made.example.invalid/e08-05/5-2957?utm_source=share&ref=0j6etodf
6LBkX,https://made.example.invalid/e08-05/6-2958?utm_source=share&ref=aj7ge7d0
6LBkY,https://made.example.invalid/e08-05/9-2959?utm_source=share&ref=wbrgkq2q
6LBkZ,https://made.example.invalid/e08-05/13-2960?utm_source=share&ref=h3kkbbam
6LBl0,https://made.example.invalid/e08-05/14-2961?utm_source=share&ref=scbv5na0
6LBl1,https://made.example.invalid/e08-05/18-2962?utm_source=share&ref=yhen5izm
6LBl2,https://made.example.invalid/e08-05/20-2963?utm_source=share&ref=762ginus
6LBl3,https://made.example.invalid/e08-05/19-2964?utm_source=share&ref=9a4yyn7p
6LBl4,https://made.example.invalid/e08-05/23-2965?utm_source=share&ref=csxv1hcw
6LBl5,https://made.example.invalid/e08-05/4-2966?utm_source=share&ref=1psv9dq6
6LBl6,https://made.example.invalid/e08-05/5-2967?utm_source=share&ref=g18cfw0w
6LBl7,https://made.example.invalid/e08-05/6-2968?utm_source=share&ref=mbyah9vs
6LBl8,https://made.example.invalid/e08-05/9-2969?utm_source=share&ref=27y3sehp
6LBl9,https://made.example.invalid/e08-05/13-2970?utm_source=share&ref=u7t58ke5
6LBla,https://made.example.invalid/e08-05/14-2971?utm_source=share&ref=mfgl7p9c
6LBlb,https://made.example.invalid/e08-05/18-2972?utm_source=share&ref=frjnnoww
6LBlc,https://made.example.invalid/e08-05/20-2973?utm_source=share&ref=17rbx8lf
6LBld,https://made.example.invalid/e08-05/19-2974?utm_source=share&ref=gmv8p0ko
6LBle,https://made.example.invalid/e08-05/23-2975?utm_source=share&ref=e2rw44si
6LBlf,https://made.example.invalid/e08-05/4-2976?utm_source=share&ref=cskfz6af
6LBlg,https://made.example.invalid/e08-05/5-2977?utm_source=share&ref=mzcgnj24
6LBlh,https://made.example.invalid/e08-05/6-2978?utm_source=share&ref=9cem2533
6LBli,https://made.example.invalid/e08-05/9-2979?utm_source=share&ref=pikw7cn1
6LBlj,https://made.example.invalid/e08-05/13-2980?utm_source=share&ref=8hqv5kdm
6LBlk,https://made.example.invalid/e08-05/14-2981?utm_source=share&ref=vbzkuidg
6LBll,https://made.example.invalid/e08-05/18-2982?utm_source=share&ref=vbjgyzjq
6LBlm,https://made.example.invalid/e08-05/20-2983?utm_source=share&ref=ke0tth9q
6LBln,https://made.example.invalid/e08-05/19-2984?utm_source=share&ref=ucq1baxw
6LBlo,https://made.example.invalid/e08-05/23-2985?utm_source=share&ref=hme1fbwl
6LBlp,https://made.example.invalid/e08-05/4-2986?utm_source=share&ref=gs0ab6a2
6LBlq,https://made.example.invalid/e08-05/5-2987?utm_source=share&ref=s3wk9gtt
6LBlr,https://made.example.invalid/e08-05/6-2988?utm_source=share&ref=dytuo0ld
6LBls,https://made.example.invalid/e08-05/9-2989?utm_source=share&ref=g343q30f
6LBlt,https://made.example.invalid/e08-05/13-2990?utm_source=share&ref=imotuq45
6LBlu,https://made.example.invalid/e08-05/14-2991?utm_source=share&ref=qyy80jvy
6LBlv,https://made.example.invalid/e08-05/18-2992?utm_source=share&ref=qx67my3i
6LBlw,https://made.example.invalid/e08-05/20-2993?utm_source=share&ref=05famtot
6LBlx,https://made.example.invalid/e08-05/19-2994?utm_source=share&ref=0by4o09l
6LBly,https://made.example.invalid/e08-05/23-2995?utm_source=share&ref=v8azkk3i
6LBlz,https://made.example.invalid/e08-05/4-2996?utm_source=share&ref=z4yxpivm
6LBlA,https://made.example.invalid/e08-05/5-2997?utm_source=share&ref=nvx506ff
6LBlB,https://made.example.invalid/e08-05/6-2998?utm_source=share&ref=az1b9tk8
6LBlC,https://made.example.invalid/e08-05/9-2999?utm_source=share&ref=owwd8uqf
6LBlD,https://made.example.invalid/e08-05/13-3000?utm_source=share&ref=a1smbvyd
6LBlE,https://made.example.invalid/e08-05/14-3001?utm_source=share&ref=rrxfk5e6
6LBlF,https://made.example.invalid/e08-05/18-3002?utm_source=share&ref=7dzaodlk
6LBlG,https://made.example.invalid/e08-05/20-3003?utm_source=share&ref=8r1dsza7
6LBlH,https://made.example.invalid/e08-05/19-3004?utm_source=share&ref=aholkn1y
6LBlI,https://made.example.invalid/e08-05/23-3005?utm_source=share&ref=2q39nyqi
6LBlJ,https://made.example.invalid/e08-05/4-3006?utm_source=share&ref=qdanmt3u
6LBlK,https://made.example.invalid/e08-05/5-3007?utm_source=share&ref=m034cu70
6LBlL,https://made.example.invalid/e08-05/6-3008?utm_source=share&ref=3k3b1p7s
6LBlM,https://made.example.invalid/e08-05/9-3009?utm_source=share&ref=hs685k3d
6LBlN,https://made.example.invalid/e08-05/13-3010?utm_source=share&ref=i1ajobbf
6LBlO,https://made.example.invalid/e08-05/14-3011?utm_source=share&ref=2mg1mzrk
6LBlP,https://made.example.invalid/e08-05/18-3012?utm_source=share&ref=qkmhj3op
6LBlQ,https://made.example.invalid/e08-05/20-3013?utm_source=share&ref=1x6jfcg3
6LBlR,https://made.example.invalid/e08-05/19-3014?utm_source=share&ref=xez4peko
6LBlS,https://made.example.invalid/e08-05/23-3015?utm_source=share&ref=sczmy3pk
6LBlT,https://made.example.invalid/e08-05/4-3016?utm_source=share&ref=ydvo8xzg
6LBlU,https://made.example.invalid/e08-05/5-3017?utm_source=share&ref=1delv6pp
6LBlV,https://made.example.invalid/e08-05/6-3018?utm_source=share&ref=mpy9e5hr
6LBlW,https://made.example.invalid/e08-05/9-3019?utm_source=share&ref=tgixpnpc
6LBlX,https://made.example.invalid/e08-05/13-3020?utm_source=share&ref=av1lc99g
6LBlY,https://made.example.invalid/e08-05/14-3021?utm_source=share&ref=24jacx69
6LBlZ,https://made.example.invalid/e08-05/18-3022?utm_source=share&ref=8g5f7grl
6LBm0,https://made.example.invalid/e08-05/20-3023?utm_source=share&ref=qkejo7vp
6LBm1,https://made.example.invalid/e08-05/19-3024?utm_source=share&ref=oyv8pad8
6LBm2,https://made.example.invalid/e08-05/23-3025?utm_source=share&ref=orr3gqkr
6LBm3,https://made.example.invalid/e08-05/4-3026?utm_source=share&ref=l2xcmiik
6LBm4,https://made.example.invalid/e08-05/5-3027?utm_source=share&ref=8cntr8w2
6LBm5,https://made.example.invalid/e08-05/6-3028?utm_source=share&ref=epxwqbzv
6LBm6,https://made.example.invalid/e08-05/9-3029?utm_source=share&ref=nn9ksmx2
6LBm7,https://made.example.invalid/e08-05/13-3030?utm_source=share&ref=77nxvmus
6LBm8,https://made.example.invalid/e08-05/14-3031?utm_source=share&ref=r3lj7via
6LBm9,https://made.example.invalid/e08-05/18-3032?utm_source=share&ref=tc07hzgl
6LBma,https://made.example.invalid/e08-05/20-3033?utm_source=share&ref=cyf43q1r
6LBmb,https://made.example.invalid/e08-05/19-3034?utm_source=share&ref=bmibp1bb
6LBmc,https://made.example.invalid/e08-05/23-3035?utm_source=share&ref=ke82qz3a
6LBmd,https://made.example.invalid/e08-05/4-3036?utm_source=share&ref=m0tx9aez
6LBme,https://made.example.invalid/e08-05/5-3037?utm_source=share&ref=xcj5g9uc
6LBmf,https://made.example.invalid/e08-05/6-3038?utm_source=share&ref=0i43n2on
6LBmg,https://made.example.invalid/e08-05/9-3039?utm_source=share&ref=r02q3x6e
6LBmh,https://made.example.invalid/e08-05/13-3040?utm_source=share&ref=1bvp6ymn
6LBmi,https://made.example.invalid/e08-05/14-3041?utm_source=share&ref=esoeb3l6
6LBmj,https://made.example.invalid/e08-05/18-3042?utm_source=share&ref=k3sntfxm
6LBmk,https://made.example.invalid/e08-05/20-3043?utm_source=share&ref=p8z6hjvd
6LBml,https://made.example.invalid/e08-05/19-3044?utm_source=share&ref=zt6zovrk
6LBmm,https://made.example.invalid/e08-05/23-3045?utm_source=share&ref=ay3bu38e
6LBmn,https://made.example.invalid/e08-05/4-3046?utm_source=share&ref=w3lx2kpu
6LBmo,https://made.example.invalid/e08-05/5-3047?utm_source=share&ref=uu6yudj7
6LBmp,https://made.example.invalid/e08-05/6-3048?utm_source=share&ref=yjyz0kip
6LBmq,https://made.example.invalid/e08-05/9-3049?utm_source=share&ref=gugnjm23
6LBmr,https://made.example.invalid/e08-05/13-3050?utm_source=share&ref=gi4bi2r8
6LBms,https://made.example.invalid/e08-05/14-3051?utm_source=share&ref=7vz103m7
6LBmt,https://made.example.invalid/e08-05/18-3052?utm_source=share&ref=igxcwd9g
6LBmu,https://made.example.invalid/e08-05/20-3053?utm_source=share&ref=txhtr4o0
6LBmv,https://made.example.invalid/e08-05/19-3054?utm_source=share&ref=hjlcza7j
6LBmw,https://made.example.invalid/e08-05/23-3055?utm_source=share&ref=w41sxjig
6LBmx,https://made.example.invalid/e08-05/4-3056?utm_source=share&ref=k4hu4riv
6LBmy,https://made.example.invalid/e08-05/5-3057?utm_source=share&ref=obzny92l
6LBmz,https://made.example.invalid/e08-05/6-3058?utm_source=share&ref=nhkey9i7
6LBmA,https://made.example.invalid/e08-05/9-3059?utm_source=share&ref=b1cedl2e
6LBmB,https://made.example.invalid/e08-05/13-3060?utm_source=share&ref=qpw6xe9i
6LBmC,https://made.example.invalid/e08-05/14-3061?utm_source=share&ref=8f2kkala
6LBmD,https://made.example.invalid/e08-05/18-3062?utm_source=share&ref=airgcz4u
6LBmE,https://made.example.invalid/e08-05/20-3063?utm_source=share&ref=n82463xz
6LBmF,https://made.example.invalid/e08-05/19-3064?utm_source=share&ref=4tq66dfu
6LBmG,https://made.example.invalid/e08-05/23-3065?utm_source=share&ref=gasnrlwx
6LBmH,https://made.example.invalid/e08-05/4-3066?utm_source=share&ref=831rva43
6LBmI,https://made.example.invalid/e08-05/5-3067?utm_source=share&ref=ucoylkte
6LBmJ,https://made.example.invalid/e08-05/6-3068?utm_source=share&ref=kmbnxub8
6LBmK,https://made.example.invalid/e08-05/9-3069?utm_source=share&ref=27t60hxb
6LBmL,https://made.example.invalid/e08-05/13-3070?utm_source=share&ref=wnlfjwzj
6LBmM,https://made.example.invalid/e08-05/14-3071?utm_source=share&ref=56mjjlgn
6LBmN,https://made.example.invalid/e08-05/18-3072?utm_source=share&ref=bmgzusgj
6LBmO,https://made.example.invalid/e08-05/20-3073?utm_source=share&ref=y685qeqq
6LBmP,https://made.example.invalid/e08-05/19-3074?utm_source=share&ref=bal7q5o1
6LBmQ,https://made.example.invalid/e08-05/23-3075?utm_source=share&ref=so8897ey
6LBmR,https://made.example.invalid/e08-05/4-3076?utm_source=share&ref=9w3j3jc8
6LBmS,https://made.example.invalid/e08-05/5-3077?utm_source=share&ref=nl69jvxd
6LBmT,https://made.example.invalid/e08-05/6-3078?utm_source=share&ref=6d5ctz8f
6LBmU,https://made.example.invalid/e08-05/9-3079?utm_source=share&ref=519yc05q
6LBmV,https://made.example.invalid/e08-05/13-3080?utm_source=share&ref=f5wgx1mj
6LBmW,https://made.example.invalid/e08-05/14-3081?utm_source=share&ref=7rh5sako
6LBmX,https://made.example.invalid/e08-05/18-3082?utm_source=share&ref=fimdaj1m
6LBmY,https://made.example.invalid/e08-05/20-3083?utm_source=share&ref=mus6hd0b
6LBmZ,https://made.example.invalid/e08-05/19-3084?utm_source=share&ref=etulfl3x
6LBn0,https://made.example.invalid/e08-05/23-3085?utm_source=share&ref=uvb8ww80
6LBn1,https://made.example.invalid/e08-05/4-3086?utm_source=share&ref=jnvbtyx3
6LBn2,https://made.example.invalid/e08-05/5-3087?utm_source=share&ref=fdt8itpr
6LBn3,https://made.example.invalid/e08-05/6-3088?utm_source=share&ref=3mswnct3
6LBn4,https://made.example.invalid/e08-05/9-3089?utm_source=share&ref=16x7z0co
6LBn5,https://made.example.invalid/e08-05/13-3090?utm_source=share&ref=o7j4sq82
6LBn6,https://made.example.invalid/e08-05/14-3091?utm_source=share&ref=t9ew28wb
6LBn7,https://made.example.invalid/e08-05/18-3092?utm_source=share&ref=trroluxm
6LBn8,https://made.example.invalid/e08-05/20-3093?utm_source=share&ref=qv8l9sca
6LBn9,https://made.example.invalid/e08-05/19-3094?utm_source=share&ref=tjj8qyjr
6LBna,https://made.example.invalid/e08-05/23-3095?utm_source=share&ref=2v479pou
6LBnb,https://made.example.invalid/e08-05/4-3096?utm_source=share&ref=3qvko4s4
6LBnc,https://made.example.invalid/e08-05/5-3097?utm_source=share&ref=samlugx7
6LBnd,https://made.example.invalid/e08-05/6-3098?utm_source=share&ref=m1wae1xc
6LBne,https://made.example.invalid/e08-05/9-3099?utm_source=share&ref=q9ume1h8
6LBnf,https://made.example.invalid/e08-05/13-3100?utm_source=share&ref=c0ag45ol
6LBng,https://made.example.invalid/e08-05/14-3101?utm_source=share&ref=si80j3yi
6LBnh,https://made.example.invalid/e08-05/18-3102?utm_source=share&ref=5dbtr8y9
6LBni,https://made.example.invalid/e08-05/20-3103?utm_source=share&ref=lcvmwpt3
6LBnj,https://made.example.invalid/e08-05/19-3104?utm_source=share&ref=pepnrsnh
6LBnk,https://made.example.invalid/e08-05/23-3105?utm_source=share&ref=yosqqnpt
6LBnl,https://made.example.invalid/e08-05/4-3106?utm_source=share&ref=puf6vmcw
6LBnm,https://made.example.invalid/e08-05/5-3107?utm_source=share&ref=hryphs5i
6LBnn,https://made.example.invalid/e08-05/6-3108?utm_source=share&ref=1sqt3530
6LBno,https://made.example.invalid/e08-05/9-3109?utm_source=share&ref=laan4hcr
6LBnp,https://made.example.invalid/e08-05/13-3110?utm_source=share&ref=ecqsa41r
6LBnq,https://made.example.invalid/e08-05/14-3111?utm_source=share&ref=wo8gdwh1
6LBnr,https://made.example.invalid/e08-05/18-3112?utm_source=share&ref=7kax0zxk
6LBns,https://made.example.invalid/e08-05/20-3113?utm_source=share&ref=3r0tnipf
6LBnt,https://made.example.invalid/e08-05/19-3114?utm_source=share&ref=9ega21lo
6LBnu,https://made.example.invalid/e08-05/23-3115?utm_source=share&ref=68epq3d6
6LBnv,https://made.example.invalid/e08-05/4-3116?utm_source=share&ref=rc585i2k
6LBnw,https://made.example.invalid/e08-05/5-3117?utm_source=share&ref=bwlg18vv
6LBnx,https://made.example.invalid/e08-05/6-3118?utm_source=share&ref=a8ri4yks
6LBny,https://made.example.invalid/e08-05/9-3119?utm_source=share&ref=loz7y967
6LBnz,https://made.example.invalid/e08-05/13-3120?utm_source=share&ref=jgnijtut
6LBnA,https://made.example.invalid/e08-05/14-3121?utm_source=share&ref=2069bq4d
6LBnB,https://made.example.invalid/e08-05/18-3122?utm_source=share&ref=9cbzov45
6LBnC,https://made.example.invalid/e08-05/20-3123?utm_source=share&ref=ye1ftz78
6LBnD,https://made.example.invalid/e08-05/19-3124?utm_source=share&ref=wrxkd4rd
6LBnE,https://made.example.invalid/e08-05/23-3125?utm_source=share&ref=ylx61kdf
6LBnF,https://made.example.invalid/e08-05/4-3126?utm_source=share&ref=ve3xuha8
6LBnG,https://made.example.invalid/e08-05/5-3127?utm_source=share&ref=abrxx3p5
6LBnH,https://made.example.invalid/e08-05/6-3128?utm_source=share&ref=5ifo1670
6LBnI,https://made.example.invalid/e08-05/9-3129?utm_source=share&ref=37zzgbj7
6LBnJ,https://made.example.invalid/e08-05/13-3130?utm_source=share&ref=7tx9w0rm
6LBnK,https://made.example.invalid/e08-05/14-3131?utm_source=share&ref=wt0uh6jg
6LBnL,https://made.example.invalid/e08-05/18-3132?utm_source=share&ref=m1cq31x9
6LBnM,https://made.example.invalid/e08-05/20-3133?utm_source=share&ref=xo6dduqc
6LBnN,https://made.example.invalid/e08-05/19-3134?utm_source=share&ref=ph9k49jf
6LBnO,https://made.example.invalid/e08-05/23-3135?utm_source=share&ref=s89zp4u5
6LBnP,https://made.example.invalid/e08-05/4-3136?utm_source=share&ref=gaksyl8k
6LBnQ,https://made.example.invalid/e08-05/5-3137?utm_source=share&ref=ijwlzp74
6LBnR,https://made.example.invalid/e08-05/6-3138?utm_source=share&ref=61esq5tr
6LBnS,https://made.example.invalid/e08-05/9-3139?utm_source=share&ref=r8avj7nx
6LBnT,https://made.example.invalid/e08-05/13-3140?utm_source=share&ref=l4ppwl8i
6LBnU,https://made.example.invalid/e08-05/14-3141?utm_source=share&ref=axoow0df
6LBnV,https://made.example.invalid/e08-05/18-3142?utm_source=share&ref=mu71jss3
6LBnW,https://made.example.invalid/e08-05/20-3143?utm_source=share&ref=rwctgdtj
6LBnX,https://made.example.invalid/e08-05/19-3144?utm_source=share&ref=d0xmllhj
6LBnY,https://made.example.invalid/e08-05/23-3145?utm_source=share&ref=41xgs78m
6LBnZ,https://made.example.invalid/e08-05/4-3146?utm_source=share&ref=99ofan3r
6LBo0,https://made.example.invalid/e08-05/5-3147?utm_source=share&ref=19yqi9vx
6LBo1,https://made.example.invalid/e08-05/6-3148?utm_source=share&ref=ysywkzwz
6LBo2,https://made.example.invalid/e08-05/9-3149?utm_source=share&ref=z10fp47y
6LBo3,https://made.example.invalid/e08-05/13-3150?utm_source=share&ref=ho28orma
6LBo4,https://made.example.invalid/e08-05/14-3151?utm_source=share&ref=ek2c618m
6LBo5,https://made.example.invalid/e08-05/18-3152?utm_source=share&ref=fgg5svmj
6LBo6,https://made.example.invalid/e08-05/20-3153?utm_source=share&ref=78a4fj23
6LBo7,https://made.example.invalid/e08-05/19-3154?utm_source=share&ref=kp9ho95u
6LBo8,https://made.example.invalid/e08-05/23-3155?utm_source=share&ref=5cps87qr
6LBo9,https://made.example.invalid/e08-05/4-3156?utm_source=share&ref=y6zcx5zg
6LBoa,https://made.example.invalid/e08-05/5-3157?utm_source=share&ref=t38fbkl2
6LBob,https://made.example.invalid/e08-05/6-3158?utm_source=share&ref=toe37ab3
6LBoc,https://made.example.invalid/e08-05/9-3159?utm_source=share&ref=piokyqe8
6LBod,https://made.example.invalid/e08-05/13-3160?utm_source=share&ref=kiraim9o
6LBoe,https://made.example.invalid/e08-05/14-3161?utm_source=share&ref=8kfcm302
6LBof,https://made.example.invalid/e08-05/18-3162?utm_source=share&ref=5hor7la7
6LBog,https://made.example.invalid/e08-05/20-3163?utm_source=share&ref=i4jnsndg
6LBoh,https://made.example.invalid/e08-05/19-3164?utm_source=share&ref=lmjkgpbl
6LBoi,https://made.example.invalid/e08-05/23-3165?utm_source=share&ref=5h2sg0i0
6LBoj,https://made.example.invalid/e08-05/4-3166?utm_source=share&ref=t56oiy95
6LBok,https://made.example.invalid/e08-05/5-3167?utm_source=share&ref=qk9zi3f6
6LBol,https://made.example.invalid/e08-05/6-3168?utm_source=share&ref=hpu0ksgw
6LBom,https://made.example.invalid/e08-05/9-3169?utm_source=share&ref=sx044r83
6LBon,https://made.example.invalid/e08-05/13-3170?utm_source=share&ref=0lke2qdp
6LBoo,https://made.example.invalid/e08-05/14-3171?utm_source=share&ref=kzag6hos
6LBop,https://made.example.invalid/e08-05/18-3172?utm_source=share&ref=dr8jvmr0
6LBoq,https://made.example.invalid/e08-05/20-3173?utm_source=share&ref=xq0ahrth
6LBor,https://made.example.invalid/e08-05/19-3174?utm_source=share&ref=aidl4j5w
6LBos,https://made.example.invalid/e08-05/23-3175?utm_source=share&ref=081mzj9j
6LBot,https://made.example.invalid/e08-05/4-3176?utm_source=share&ref=dajvhpz5
6LBou,https://made.example.invalid/e08-05/5-3177?utm_source=share&ref=61jnww4i
6LBov,https://made.example.invalid/e08-05/6-3178?utm_source=share&ref=fumo3nhy
6LBow,https://made.example.invalid/e08-05/9-3179?utm_source=share&ref=6l4y3pre
6LBox,https://made.example.invalid/e08-05/13-3180?utm_source=share&ref=ddaivi82
6LBoy,https://made.example.invalid/e08-05/14-3181?utm_source=share&ref=ed13qnst
6LBoz,https://made.example.invalid/e08-05/18-3182?utm_source=share&ref=tdq7kbnh
6LBoA,https://made.example.invalid/e08-05/20-3183?utm_source=share&ref=ugwudhnk
6LBoB,https://made.example.invalid/e08-05/19-3184?utm_source=share&ref=j2slo9da
6LBoC,https://made.example.invalid/e08-05/23-3185?utm_source=share&ref=zhphz41h
6LBoD,https://made.example.invalid/e08-05/4-3186?utm_source=share&ref=v8nw95f0
6LBoE,https://made.example.invalid/e08-05/5-3187?utm_source=share&ref=47ptp4a4
6LBoF,https://made.example.invalid/e08-05/6-3188?utm_source=share&ref=czogjyqg
6LBoG,https://made.example.invalid/e08-05/9-3189?utm_source=share&ref=3meelhyh
6LBoH,https://made.example.invalid/e08-05/13-3190?utm_source=share&ref=6rrd4j9o
6LBoI,https://made.example.invalid/e08-05/14-3191?utm_source=share&ref=xa96ixgi
6LBoJ,https://made.example.invalid/e08-05/18-3192?utm_source=share&ref=w5fb1zlv
6LBoK,https://made.example.invalid/e08-05/20-3193?utm_source=share&ref=xr3u3jr2
6LBoL,https://made.example.invalid/e08-05/19-3194?utm_source=share&ref=6jd1zzmd
6LBoM,https://made.example.invalid/e08-05/23-3195?utm_source=share&ref=zrw3owet
6LBoN,https://made.example.invalid/e08-05/4-3196?utm_source=share&ref=54k6nnny
6LBoO,https://made.example.invalid/e08-05/5-3197?utm_source=share&ref=jtgxk2uh
6LBoP,https://made.example.invalid/e08-05/6-3198?utm_source=share&ref=fdhnpscw
6LBoQ,https://made.example.invalid/e08-05/9-3199?utm_source=share&ref=iug8ip05
6LBoR,https://made.example.invalid/e08-05/13-3200?utm_source=share&ref=g6vo7cyy
6LBoS,https://made.example.invalid/e08-05/14-3201?utm_source=share&ref=05bh9zx1
6LBoT,https://made.example.invalid/e08-05/18-3202?utm_source=share&ref=fyq3o6d3
6LBoU,https://made.example.invalid/e08-05/20-3203?utm_source=share&ref=chh38f8a
6LBoV,https://made.example.invalid/e08-05/19-3204?utm_source=share&ref=pdv0j4pr
6LBoW,https://made.example.invalid/e08-05/23-3205?utm_source=share&ref=qevzf1h0
6LBoX,https://made.example.invalid/e08-05/4-3206?utm_source=share&ref=ksxpsnwg
6LBoY,https://made.example.invalid/e08-05/5-3207?utm_source=share&ref=nmxe4q15
6LBoZ,https://made.example.invalid/e08-05/6-3208?utm_source=share&ref=5t6xf772
6LBp0,https://made.example.invalid/e08-05/9-3209?utm_source=share&ref=a7offc10
6LBp1,https://made.example.invalid/e08-05/13-3210?utm_source=share&ref=9o8xjozh
6LBp2,https://made.example.invalid/e08-05/14-3211?utm_source=share&ref=n2oqbrak
6LBp3,https://made.example.invalid/e08-05/18-3212?utm_source=share&ref=8cvdc7l3
6LBp4,https://made.example.invalid/e08-05/20-3213?utm_source=share&ref=5ho9m3c4
6LBp5,https://made.example.invalid/e08-05/19-3214?utm_source=share&ref=hvdlm3h7
6LBp6,https://made.example.invalid/e08-05/23-3215?utm_source=share&ref=r9v8gdmg
6LBp7,https://made.example.invalid/e08-05/4-3216?utm_source=share&ref=rb1f3z6b
6LBp8,https://made.example.invalid/e08-05/5-3217?utm_source=share&ref=e5djv46i
6LBp9,https://made.example.invalid/e08-05/6-3218?utm_source=share&ref=kiv82pq9
6LBpa,https://made.example.invalid/e08-05/9-3219?utm_source=share&ref=epdnfypt
6LBpb,https://made.example.invalid/e08-05/13-3220?utm_source=share&ref=nk3uzcop
6LBpc,https://made.example.invalid/e08-05/14-3221?utm_source=share&ref=fuopflul
6LBpd,https://made.example.invalid/e08-05/18-3222?utm_source=share&ref=1l3r3pe0
6LBpe,https://made.example.invalid/e08-05/20-3223?utm_source=share&ref=nwkge5bf
6LBpf,https://made.example.invalid/e08-05/19-3224?utm_source=share&ref=ag0i1aro
6LBpg,https://made.example.invalid/e08-05/23-3225?utm_source=share&ref=5ew71jgx
6LBph,https://made.example.invalid/e08-05/4-3226?utm_source=share&ref=jr8h8lkj
6LBpi,https://made.example.invalid/e08-05/5-3227?utm_source=share&ref=n3mh5hex
6LBpj,https://made.example.invalid/e08-05/6-3228?utm_source=share&ref=x5yqjtox
6LBpk,https://made.example.invalid/e08-05/9-3229?utm_source=share&ref=wie2cp7k
6LBpl,https://made.example.invalid/e08-05/13-3230?utm_source=share&ref=0hvy6erb
6LBpm,https://made.example.invalid/e08-05/14-3231?utm_source=share&ref=22gql23g
6LBpn,https://made.example.invalid/e08-05/18-3232?utm_source=share&ref=a5bo4teu
6LBpo,https://made.example.invalid/e08-05/20-3233?utm_source=share&ref=085qcdkp
6LBpp,https://made.example.invalid/e08-05/19-3234?utm_source=share&ref=u3j0dkwb
6LBpq,https://made.example.invalid/e08-05/23-3235?utm_source=share&ref=h55m2jv3
6LBpr,https://made.example.invalid/e08-05/4-3236?utm_source=share&ref=rugqkq9o
6LBps,https://made.example.invalid/e08-05/5-3237?utm_source=share&ref=oiqbdocn
6LBpt,https://made.example.invalid/e08-05/6-3238?utm_source=share&ref=4bjo0y04
6LBpu,https://made.example.invalid/e08-05/9-3239?utm_source=share&ref=7c54vtad
6LBpv,https://made.example.invalid/e08-05/13-3240?utm_source=share&ref=nhdjmajt
6LBpw,https://made.example.invalid/e08-05/14-3241?utm_source=share&ref=6nx3sgam
6LBpx,https://made.example.invalid/e08-05/18-3242?utm_source=share&ref=b3rvblpf
6LBpy,https://made.example.invalid/e08-05/20-3243?utm_source=share&ref=fplh9czi
6LBpz,https://made.example.invalid/e08-05/19-3244?utm_source=share&ref=37tqt0zi
6LBpA,https://made.example.invalid/e08-05/23-3245?utm_source=share&ref=ngdyjkni
6LBpB,https://made.example.invalid/e08-05/4-3246?utm_source=share&ref=31wyyp8f
6LBpC,https://made.example.invalid/e08-05/5-3247?utm_source=share&ref=rtrjebqt
6LBpD,https://made.example.invalid/e08-05/6-3248?utm_source=share&ref=nxuk4z9p
6LBpE,https://made.example.invalid/e08-05/9-3249?utm_source=share&ref=vt52l0ve
6LBpF,https://made.example.invalid/e08-05/13-3250?utm_source=share&ref=gutrgvwb
6LBpG,https://made.example.invalid/e08-05/14-3251?utm_source=share&ref=hq627z9v
6LBpH,https://made.example.invalid/e08-05/18-3252?utm_source=share&ref=jmtiqvca
6LBpI,https://made.example.invalid/e08-05/20-3253?utm_source=share&ref=5z2jhhzo
6LBpJ,https://made.example.invalid/e08-05/19-3254?utm_source=share&ref=h972rie1
6LBpK,https://made.example.invalid/e08-05/23-3255?utm_source=share&ref=i5oaorc7
6LBpL,https://made.example.invalid/e08-05/4-3256?utm_source=share&ref=s49tkteh
6LBpM,https://made.example.invalid/e08-05/5-3257?utm_source=share&ref=166iq1hu
6LBpN,https://made.example.invalid/e08-05/6-3258?utm_source=share&ref=1e9aa96e
6LBpO,https://made.example.invalid/e08-05/9-3259?utm_source=share&ref=fijiszw1
6LBpP,https://made.example.invalid/e08-05/13-3260?utm_source=share&ref=t125thrn
6LBpQ,https://made.example.invalid/e08-05/14-3261?utm_source=share&ref=etkysfpi
6LBpR,https://made.example.invalid/e08-05/18-3262?utm_source=share&ref=0n3vb7tl
6LBpS,https://made.example.invalid/e08-05/20-3263?utm_source=share&ref=hw0ogd28
6LBpT,https://made.example.invalid/e08-05/19-3264?utm_source=share&ref=m2r9049f
6LBpU,https://made.example.invalid/e08-05/23-3265?utm_source=share&ref=gzi2o9di
6LBpV,https://made.example.invalid/e08-05/4-3266?utm_source=share&ref=9mbpk3ds
6LBpW,https://made.example.invalid/e08-05/5-3267?utm_source=share&ref=ab51wl58
6LBpX,https://made.example.invalid/e08-05/6-3268?utm_source=share&ref=68ji9xe4
6LBpY,https://made.example.invalid/e08-05/9-3269?utm_source=share&ref=34i4f0jm
6LBpZ,https://made.example.invalid/e08-05/13-3270?utm_source=share&ref=7wcd1l0t
6LBq0,https://made.example.invalid/e08-05/14-3271?utm_source=share&ref=yjjcct1j
6LBq1,https://made.example.invalid/e08-05/18-3272?utm_source=share&ref=kd845izv
6LBq2,https://made.example.invalid/e08-05/20-3273?utm_source=share&ref=dtb6742g
6LBq3,https://made.example.invalid/e08-05/19-3274?utm_source=share&ref=zgjwebtm
6LBq4,https://made.example.invalid/e08-05/23-3275?utm_source=share&ref=nep757tw
6LBq5,https://made.example.invalid/e08-05/4-3276?utm_source=share&ref=yrdlwxdj
6LBq6,https://made.example.invalid/e08-05/5-3277?utm_source=share&ref=9iem5rqe
6LBq7,https://made.example.invalid/e08-05/6-3278?utm_source=share&ref=jr7zstri
6LBq8,https://made.example.invalid/e08-05/9-3279?utm_source=share&ref=oo2214do
6LBq9,https://made.example.invalid/e08-05/13-3280?utm_source=share&ref=7rb2l4mx
6LBqa,https://made.example.invalid/e08-05/14-3281?utm_source=share&ref=z1utq7oh
6LBqb,https://made.example.invalid/e08-05/18-3282?utm_source=share&ref=189par7z
6LBqc,https://made.example.invalid/e08-05/20-3283?utm_source=share&ref=npsxzdf1
6LBqd,https://made.example.invalid/e08-05/19-3284?utm_source=share&ref=unbd60m7
6LBqe,https://made.example.invalid/e08-05/23-3285?utm_source=share&ref=kh08ku5s
6LBqf,https://made.example.invalid/e08-05/4-3286?utm_source=share&ref=rrgdhsy9
6LBqg,https://made.example.invalid/e08-05/5-3287?utm_source=share&ref=lknx5vdy
6LBqh,https://made.example.invalid/e08-05/6-3288?utm_source=share&ref=yhsvy2dr
6LBqi,https://made.example.invalid/e08-05/9-3289?utm_source=share&ref=girnyg2t
6LBqj,https://made.example.invalid/e08-05/13-3290?utm_source=share&ref=e33d145f
6LBqk,https://made.example.invalid/e08-05/14-3291?utm_source=share&ref=b8z0ao9l
6LBql,https://made.example.invalid/e08-05/18-3292?utm_source=share&ref=6wknpu1e
6LBqm,https://made.example.invalid/e08-05/20-3293?utm_source=share&ref=d4lmmukt
6LBqn,https://made.example.invalid/e08-05/19-3294?utm_source=share&ref=40jrmcuv
6LBqo,https://made.example.invalid/e08-05/23-3295?utm_source=share&ref=ry2i5dl1
6LBqp,https://made.example.invalid/e08-05/4-3296?utm_source=share&ref=m2jn6mms
6LBqq,https://made.example.invalid/e08-05/5-3297?utm_source=share&ref=vibh5sls
6LBqr,https://made.example.invalid/e08-05/6-3298?utm_source=share&ref=pmnhkzru
6LBqs,https://made.example.invalid/e08-05/9-3299?utm_source=share&ref=bbu7lyuw
6LBqt,https://made.example.invalid/e08-05/13-3300?utm_source=share&ref=b5kzwmli
6LBqu,https://made.example.invalid/e08-05/14-3301?utm_source=share&ref=a9vgpvwc
6LBqv,https://made.example.invalid/e08-05/18-3302?utm_source=share&ref=7vkbdn2f
6LBqw,https://made.example.invalid/e08-05/20-3303?utm_source=share&ref=by4bs2dz
6LBqx,https://made.example.invalid/e08-05/19-3304?utm_source=share&ref=197epqnt
6LBqy,https://made.example.invalid/e08-05/23-3305?utm_source=share&ref=xq08u83a
6LBqz,https://made.example.invalid/e08-05/4-3306?utm_source=share&ref=525sapu5
6LBqA,https://made.example.invalid/e08-05/5-3307?utm_source=share&ref=crvk84ex
6LBqB,https://made.example.invalid/e08-05/6-3308?utm_source=share&ref=pxa0datt
6LBqC,https://made.example.invalid/e08-05/9-3309?utm_source=share&ref=g0v8na6a
6LBqD,https://made.example.invalid/e08-05/13-3310?utm_source=share&ref=t4uhhqr8
6LBqE,https://made.example.invalid/e08-05/14-3311?utm_source=share&ref=485ailgt
6LBqF,https://made.example.invalid/e08-05/18-3312?utm_source=share&ref=zk1wmbl0
6LBqG,https://made.example.invalid/e08-05/20-3313?utm_source=share&ref=7ndhf68w
6LBqH,https://made.example.invalid/e08-05/19-3314?utm_source=share&ref=eeo5u77w
6LBqI,https://made.example.invalid/e08-05/23-3315?utm_source=share&ref=kh2s3daj
6LBqJ,https://made.example.invalid/e08-05/4-3316?utm_source=share&ref=mqyjg7wo
6LBqK,https://made.example.invalid/e08-05/5-3317?utm_source=share&ref=njvmjmsb
6LBqL,https://made.example.invalid/e08-05/6-3318?utm_source=share&ref=fknkn91u
6LBqM,https://made.example.invalid/e08-05/9-3319?utm_source=share&ref=yncth01c
6LBqN,https://made.example.invalid/e08-05/13-3320?utm_source=share&ref=g6bak88r
6LBqO,https://made.example.invalid/e08-05/14-3321?utm_source=share&ref=4lzngkek
6LBqP,https://made.example.invalid/e08-05/18-3322?utm_source=share&ref=nhb9dmjc
6LBqQ,https://made.example.invalid/e08-05/20-3323?utm_source=share&ref=pdsy200x
6LBqR,https://made.example.invalid/e08-05/19-3324?utm_source=share&ref=xr6aqkr0
6LBqS,https://made.example.invalid/e08-05/23-3325?utm_source=share&ref=1ippyikz
6LBqT,https://made.example.invalid/e08-05/4-3326?utm_source=share&ref=lzzyowxe
6LBqU,https://made.example.invalid/e08-05/5-3327?utm_source=share&ref=n9u45jen
6LBqV,https://made.example.invalid/e08-05/6-3328?utm_source=share&ref=re5a9v57
6LBqW,https://made.example.invalid/e08-05/9-3329?utm_source=share&ref=fs3n6jph
6LBqX,https://made.example.invalid/e08-05/13-3330?utm_source=share&ref=u2qqma06
6LBqY,https://made.example.invalid/e08-05/14-3331?utm_source=share&ref=kbjyj454
6LBqZ,https://made.example.invalid/e08-05/18-3332?utm_source=share&ref=spa50fcc
6LBr0,https://made.example.invalid/e08-05/20-3333?utm_source=share&ref=8gfyjgi4
6LBr1,https://made.example.invalid/e08-05/19-3334?utm_source=share&ref=stw1r5zs
6LBr2,https://made.example.invalid/e08-05/23-3335?utm_source=share&ref=4wvgzrwd
6LBr3,https://made.example.invalid/e08-05/4-3336?utm_source=share&ref=v2co7euo
6LBr4,https://made.example.invalid/e08-05/5-3337?utm_source=share&ref=2ez3w9wg
6LBr5,https://made.example.invalid/e08-05/6-3338?utm_source=share&ref=r0awr84i
6LBr6,https://made.example.invalid/e08-05/9-3339?utm_source=share&ref=oz9o96ja
6LBr7,https://made.example.invalid/e08-05/13-3340?utm_source=share&ref=9uqqgdi6
6LBr8,https://made.example.invalid/e08-05/14-3341?utm_source=share&ref=1li1ev6j
6LBr9,https://made.example.invalid/e08-05/18-3342?utm_source=share&ref=hbzhkk58
6LBra,https://made.example.invalid/e08-05/20-3343?utm_source=share&ref=a1a2fw3q
6LBrb,https://made.example.invalid/e08-05/19-3344?utm_source=share&ref=afx6se5o
6LBrc,https://made.example.invalid/e08-05/23-3345?utm_source=share&ref=ak0blesv
6LBrd,https://made.example.invalid/e08-05/4-3346?utm_source=share&ref=87f72fh1
6LBre,https://made.example.invalid/e08-05/5-3347?utm_source=share&ref=pg47j186
6LBrf,https://made.example.invalid/e08-05/6-3348?utm_source=share&ref=l2uhvq0b
6LBrg,https://made.example.invalid/e08-05/9-3349?utm_source=share&ref=m4159h7v
6LBrh,https://made.example.invalid/e08-05/13-3350?utm_source=share&ref=q55jelgk
6LBri,https://made.example.invalid/e08-05/14-3351?utm_source=share&ref=tcirojxl
6LBrj,https://made.example.invalid/e08-05/18-3352?utm_source=share&ref=y6g9sx2e
6LBrk,https://made.example.invalid/e08-05/20-3353?utm_source=share&ref=qbe67qjn
6LBrl,https://made.example.invalid/e08-05/19-3354?utm_source=share&ref=en3bgfra
6LBrm,https://made.example.invalid/e08-05/23-3355?utm_source=share&ref=wqoc9hiy
6LBrn,https://made.example.invalid/e08-05/4-3356?utm_source=share&ref=namnuxkh
6LBro,https://made.example.invalid/e08-05/5-3357?utm_source=share&ref=uz72uhxk
6LBrp,https://made.example.invalid/e08-05/6-3358?utm_source=share&ref=hym0ivei
6LBrq,https://made.example.invalid/e08-05/9-3359?utm_source=share&ref=a1p309z9
6LBrr,https://made.example.invalid/e08-05/13-3360?utm_source=share&ref=5toeeyj5
6LBrs,https://made.example.invalid/e08-05/14-3361?utm_source=share&ref=2sn2mfsw
6LBrt,https://made.example.invalid/e08-05/18-3362?utm_source=share&ref=kx7x46ze
6LBru,https://made.example.invalid/e08-05/20-3363?utm_source=share&ref=pehhr35o
6LBrv,https://made.example.invalid/e08-05/19-3364?utm_source=share&ref=bhk96sck
6LBrw,https://made.example.invalid/e08-05/23-3365?utm_source=share&ref=y0inmncs
6LBrx,https://made.example.invalid/e08-05/4-3366?utm_source=share&ref=ncpxy5jd
6LBry,https://made.example.invalid/e08-05/5-3367?utm_source=share&ref=726q1jt9
6LBrz,https://made.example.invalid/e08-05/6-3368?utm_source=share&ref=i3ix3rs4
6LBrA,https://made.example.invalid/e08-05/9-3369?utm_source=share&ref=0xjol8nc
6LBrB,https://made.example.invalid/e08-05/13-3370?utm_source=share&ref=gmfgga14
6LBrC,https://made.example.invalid/e08-05/14-3371?utm_source=share&ref=y3ycec1n
6LBrD,https://made.example.invalid/e08-05/18-3372?utm_source=share&ref=u8uwqofl
6LBrE,https://made.example.invalid/e08-05/20-3373?utm_source=share&ref=n0rbzkn0
6LBrF,https://made.example.invalid/e08-05/19-3374?utm_source=share&ref=5o7nx5z5
6LBrG,https://made.example.invalid/e08-05/23-3375?utm_source=share&ref=lheav88u
6LBrH,https://made.example.invalid/e08-05/4-3376?utm_source=share&ref=lqao3lon
6LBrI,https://made.example.invalid/e08-05/5-3377?utm_source=share&ref=ed1b03a7
6LBrJ,https://made.example.invalid/e08-05/6-3378?utm_source=share&ref=x5g59sgi
6LBrK,https://made.example.invalid/e08-05/9-3379?utm_source=share&ref=k8gl5jbd
6LBrL,https://made.example.invalid/e08-05/13-3380?utm_source=share&ref=2ys46xyx
6LBrM,https://made.example.invalid/e08-05/14-3381?utm_source=share&ref=5tt4rkm6
6LBrN,https://made.example.invalid/e08-05/18-3382?utm_source=share&ref=bakf3f2i
6LBrO,https://made.example.invalid/e08-05/20-3383?utm_source=share&ref=2rt3wvxn
6LBrP,https://made.example.invalid/e08-05/19-3384?utm_source=share&ref=drqc4nop
6LBrQ,https://made.example.invalid/e08-05/23-3385?utm_source=share&ref=p5kr8nxs
6LBrR,https://made.example.invalid/e08-05/4-3386?utm_source=share&ref=bddl3w68
6LBrS,https://made.example.invalid/e08-05/5-3387?utm_source=share&ref=k8chrrv8
6LBrT,https://made.example.invalid/e08-05/6-3388?utm_source=share&ref=j3tyxoap
6LBrU,https://made.example.invalid/e08-05/9-3389?utm_source=share&ref=rsntlinx
6LBrV,https://made.example.invalid/e08-05/13-3390?utm_source=share&ref=kjwwfrcu
6LBrW,https://made.example.invalid/e08-05/14-3391?utm_source=share&ref=2kgbcco9
6LBrX,https://made.example.invalid/e08-05/18-3392?utm_source=share&ref=057np5vk
6LBrY,https://made.example.invalid/e08-05/20-3393?utm_source=share&ref=som85jug
6LBrZ,https://made.example.invalid/e08-05/19-3394?utm_source=share&ref=5538bdvg
6LBs0,https://made.example.invalid/e08-05/23-3395?utm_source=share&ref=up9cdr4x
6LBs1,https://made.example.invalid/e08-05/4-3396?utm_source=share&ref=xn145aog
6LBs2,https://made.example.invalid/e08-05/5-3397?utm_source=share&ref=68qkikz4
6LBs3,https://made.example.invalid/e08-05/6-3398?utm_source=share&ref=aytx6jez
6LBs4,https://made.example.invalid/e08-05/9-3399?utm_source=share&ref=wejc2i57
6LBs5,https://made.example.invalid/e08-05/13-3400?utm_source=share&ref=e5tfciwr
6LBs6,https://made.example.invalid/e08-05/14-3401?utm_source=share&ref=ya5dtpld
6LBs7,https://made.example.invalid/e08-05/18-3402?utm_source=share&ref=1mvzq3i7
6LBs8,https://made.example.invalid/e08-05/20-3403?utm_source=share&ref=06qnllwk
6LBs9,https://made.example.invalid/e08-05/19-3404?utm_source=share&ref=k1aoj4nf
6LBsa,https://made.example.invalid/e08-05/23-3405?utm_source=share&ref=3ivce7j3
6LBsb,https://made.example.invalid/e08-05/4-3406?utm_source=share&ref=3rop6wao
6LBsc,https://made.example.invalid/e08-05/5-3407?utm_source=share&ref=rgzwtrqb
6LBsd,https://made.example.invalid/e08-05/6-3408?utm_source=share&ref=6zutbc0x
6LBse,https://made.example.invalid/e08-05/9-3409?utm_source=share&ref=9y0i4k62
6LBsf,https://made.example.invalid/e08-05/13-3410?utm_source=share&ref=u9hmnjt2
6LBsg,https://made.example.invalid/e08-05/14-3411?utm_source=share&ref=nkalk5d7
6LBsh,https://made.example.invalid/e08-05/18-3412?utm_source=share&ref=1woi1q8e
6LBsi,https://made.example.invalid/e08-05/20-3413?utm_source=share&ref=a1xpdff7
6LBsj,https://made.example.invalid/e08-05/19-3414?utm_source=share&ref=6ubijrf0
6LBsk,https://made.example.invalid/e08-05/23-3415?utm_source=share&ref=gt779nbd
6LBsl,https://made.example.invalid/e08-05/4-3416?utm_source=share&ref=gkuajoph
6LBsm,https://made.example.invalid/e08-05/5-3417?utm_source=share&ref=e0xlf63f
6LBsn,https://made.example.invalid/e08-05/6-3418?utm_source=share&ref=gywm6dzi
6LBso,https://made.example.invalid/e08-05/9-3419?utm_source=share&ref=j3kwlc4p
6LBsp,https://made.example.invalid/e08-05/13-3420?utm_source=share&ref=a8oz9myf
6LBsq,https://made.example.invalid/e08-05/14-3421?utm_source=share&ref=qi7lpboc
6LBsr,https://made.example.invalid/e08-05/18-3422?utm_source=share&ref=qj4xinsg
6LBss,https://made.example.invalid/e08-05/20-3423?utm_source=share&ref=kjj0wiea
6LBst,https://made.example.invalid/e08-05/19-3424?utm_source=share&ref=3xfgfce6
6LBsu,https://made.example.invalid/e08-05/23-3425?utm_source=share&ref=9kv0jif3
6LBsv,https://made.example.invalid/e08-05/4-3426?utm_source=share&ref=uyfh36ry
6LBsw,https://made.example.invalid/e08-05/5-3427?utm_source=share&ref=l7ewtxv7
6LBsx,https://made.example.invalid/e08-05/6-3428?utm_source=share&ref=5s9hhhfk
6LBsy,https://made.example.invalid/e08-05/9-3429?utm_source=share&ref=mgevgh1s
6LBsz,https://made.example.invalid/e08-05/13-3430?utm_source=share&ref=bc2cdhys
6LBsA,https://made.example.invalid/e08-05/14-3431?utm_source=share&ref=gircmu7d
6LBsB,https://made.example.invalid/e08-05/18-3432?utm_source=share&ref=9wqjxoo7
6LBsC,https://made.example.invalid/e08-05/20-3433?utm_source=share&ref=1bff526c
6LBsD,https://made.example.invalid/e08-05/19-3434?utm_source=share&ref=o0khr67u
6LBsE,https://made.example.invalid/e08-05/23-3435?utm_source=share&ref=lbz8j6ty
6LBsF,https://made.example.invalid/e08-05/4-3436?utm_source=share&ref=5d90k4an
6LBsG,https://made.example.invalid/e08-05/5-3437?utm_source=share&ref=2bwo0rks
6LBsH,https://made.example.invalid/e08-05/6-3438?utm_source=share&ref=2g2te9vd
6LBsI,https://made.example.invalid/e08-05/9-3439?utm_source=share&ref=0ydzq9mq
6LBsJ,https://made.example.invalid/e08-05/13-3440?utm_source=share&ref=lbfhjun1
6LBsK,https://made.example.invalid/e08-05/14-3441?utm_source=share&ref=ye8tqca0
6LBsL,https://made.example.invalid/e08-05/18-3442?utm_source=share&ref=uoydj45c
6LBsM,https://made.example.invalid/e08-05/20-3443?utm_source=share&ref=0xa6vu4w
6LBsN,https://made.example.invalid/e08-05/19-3444?utm_source=share&ref=gzp42nf5
6LBsO,https://made.example.invalid/e08-05/23-3445?utm_source=share&ref=npdpoeqh
6LBsP,https://made.example.invalid/e08-05/4-3446?utm_source=share&ref=lymokfn4
6LBsQ,https://made.example.invalid/e08-05/5-3447?utm_source=share&ref=zrifzhkr
6LBsR,https://made.example.invalid/e08-05/6-3448?utm_source=share&ref=1i9z70j1
6LBsS,https://made.example.invalid/e08-05/9-3449?utm_source=share&ref=s714gy8g
6LBsT,https://made.example.invalid/e08-05/13-3450?utm_source=share&ref=tbaw69wf
6LBsU,https://made.example.invalid/e08-05/14-3451?utm_source=share&ref=xzn4zmyw
6LBsV,https://made.example.invalid/e08-05/18-3452?utm_source=share&ref=sz9st9dr
6LBsW,https://made.example.invalid/e08-05/20-3453?utm_source=share&ref=nahd169g
6LBsX,https://made.example.invalid/e08-05/19-3454?utm_source=share&ref=ygkfdxip
6LBsY,https://made.example.invalid/e08-05/23-3455?utm_source=share&ref=3i9kqtni
6LBsZ,https://made.example.invalid/e08-05/4-3456?utm_source=share&ref=ms4app8e
6LBt0,https://made.example.invalid/e08-05/5-3457?utm_source=share&ref=5qo05127
6LBt1,https://made.example.invalid/e08-05/6-3458?utm_source=share&ref=50oa7hl1
6LBt2,https://made.example.invalid/e08-05/9-3459?utm_source=share&ref=qmmnbgqq
6LBt3,https://made.example.invalid/e08-05/13-3460?utm_source=share&ref=b7by03vo
6LBt4,https://made.example.invalid/e08-05/14-3461?utm_source=share&ref=8run0knd
6LBt5,https://made.example.invalid/e08-05/18-3462?utm_source=share&ref=j0i71u2s
6LBt6,https://made.example.invalid/e08-05/20-3463?utm_source=share&ref=u3hhyaos
6LBt7,https://made.example.invalid/e08-05/19-3464?utm_source=share&ref=jgghvjn7
6LBt8,https://made.example.invalid/e08-05/23-3465?utm_source=share&ref=7ydaogo2
6LBt9,https://made.example.invalid/e08-05/4-3466?utm_source=share&ref=vn0tpi4f
6LBta,https://made.example.invalid/e08-05/5-3467?utm_source=share&ref=43i824oz
6LBtb,https://made.example.invalid/e08-05/6-3468?utm_source=share&ref=o7vy2sla
6LBtc,https://made.example.invalid/e08-05/9-3469?utm_source=share&ref=st11eopj
6LBtd,https://made.example.invalid/e08-05/13-3470?utm_source=share&ref=6ca5scj1
6LBte,https://made.example.invalid/e08-05/14-3471?utm_source=share&ref=alzl69to
6LBtf,https://made.example.invalid/e08-05/18-3472?utm_source=share&ref=y7o82bg6
6LBtg,https://made.example.invalid/e08-05/20-3473?utm_source=share&ref=pagmgryt
6LBth,https://made.example.invalid/e08-05/19-3474?utm_source=share&ref=c7jtlv05
6LBti,https://made.example.invalid/e08-05/23-3475?utm_source=share&ref=0xmfgtop
6LBtj,https://made.example.invalid/e08-05/4-3476?utm_source=share&ref=y04d4e82
6LBtk,https://made.example.invalid/e08-05/5-3477?utm_source=share&ref=ylszn3hi
6LBtl,https://made.example.invalid/e08-05/6-3478?utm_source=share&ref=ae9b4ldx
6LBtm,https://made.example.invalid/e08-05/9-3479?utm_source=share&ref=wsk44n38
6LBtn,https://made.example.invalid/e08-05/13-3480?utm_source=share&ref=0ihqna1l
6LBto,https://made.example.invalid/e08-05/14-3481?utm_source=share&ref=zlrqlwhl
6LBtp,https://made.example.invalid/e08-05/18-3482?utm_source=share&ref=lqo8y9ht
6LBtq,https://made.example.invalid/e08-05/20-3483?utm_source=share&ref=stne4qly
6LBtr,https://made.example.invalid/e08-05/19-3484?utm_source=share&ref=9gj91bbh
6LBts,https://made.example.invalid/e08-05/23-3485?utm_source=share&ref=orj6fgmq
6LBtt,https://made.example.invalid/e08-05/4-3486?utm_source=share&ref=hw7yz89i
6LBtu,https://made.example.invalid/e08-05/5-3487?utm_source=share&ref=tqlkmkbo
6LBtv,https://made.example.invalid/e08-05/6-3488?utm_source=share&ref=wrnxo0sh
6LBtw,https://made.example.invalid/e08-05/9-3489?utm_source=share&ref=1ca4s384
6LBtx,https://made.example.invalid/e08-05/13-3490?utm_source=share&ref=an07nznd
6LBty,https://made.example.invalid/e08-05/14-3491?utm_source=share&ref=rcz1wzf3
6LBtz,https://made.example.invalid/e08-05/18-3492?utm_source=share&ref=rc10iqpp
6LBtA,https://made.example.invalid/e08-05/20-3493?utm_source=share&ref=t1gt50qy
6LBtB,https://made.example.invalid/e08-05/19-3494?utm_source=share&ref=4700mhio
6LBtC,https://made.example.invalid/e08-05/23-3495?utm_source=share&ref=f2pkeftd
6LBtD,https://made.example.invalid/e08-05/4-3496?utm_source=share&ref=mk7xi1si
6LBtE,https://made.example.invalid/e08-05/5-3497?utm_source=share&ref=vmtfb55l
6LBtF,https://made.example.invalid/e08-05/6-3498?utm_source=share&ref=7w2e119c
6LBtG,https://made.example.invalid/e08-05/9-3499?utm_source=share&ref=a686ua73
6LBtH,https://made.example.invalid/e08-05/13-3500?utm_source=share&ref=n05rcwvp
6LBtI,https://made.example.invalid/e08-05/14-3501?utm_source=share&ref=gm6lg3iw
6LBtJ,https://made.example.invalid/e08-05/18-3502?utm_source=share&ref=cl2qv7s9
6LBtK,https://made.example.invalid/e08-05/20-3503?utm_source=share&ref=6hwkxm9t
6LBtL,https://made.example.invalid/e08-05/19-3504?utm_source=share&ref=m2f5t85z
6LBtM,https://made.example.invalid/e08-05/23-3505?utm_source=share&ref=z3vcshuw
6LBtN,https://made.example.invalid/e08-05/4-3506?utm_source=share&ref=2jlykkoi
6LBtO,https://made.example.invalid/e08-05/5-3507?utm_source=share&ref=1r1q1rut
6LBtP,https://made.example.invalid/e08-05/6-3508?utm_source=share&ref=k8alxwuw
6LBtQ,https://made.example.invalid/e08-05/9-3509?utm_source=share&ref=yzfn8999
6LBtR,https://made.example.invalid/e08-05/13-3510?utm_source=share&ref=re1tggla
6LBtS,https://made.example.invalid/e08-05/14-3511?utm_source=share&ref=tao0ymf5
6LBtT,https://made.example.invalid/e08-05/18-3512?utm_source=share&ref=mpixd1n4
6LBtU,https://made.example.invalid/e08-05/20-3513?utm_source=share&ref=pdlyl4g7
6LBtV,https://made.example.invalid/e08-05/19-3514?utm_source=share&ref=1vkz75y6
6LBtW,https://made.example.invalid/e08-05/23-3515?utm_source=share&ref=p0hvno3a
6LBtX,https://made.example.invalid/e08-05/4-3516?utm_source=share&ref=1i413004
6LBtY,https://made.example.invalid/e08-05/5-3517?utm_source=share&ref=uty20d7t
6LBtZ,https://made.example.invalid/e08-05/6-3518?utm_source=share&ref=22zm44e0
6LBu0,https://made.example.invalid/e08-05/9-3519?utm_source=share&ref=l28ojnck
6LBu1,https://made.example.invalid/e08-05/13-3520?utm_source=share&ref=ywbvoc9e
6LBu2,https://made.example.invalid/e08-05/14-3521?utm_source=share&ref=qhemrgdh
6LBu3,https://made.example.invalid/e08-05/18-3522?utm_source=share&ref=1wmdobuv
6LBu4,https://made.example.invalid/e08-05/20-3523?utm_source=share&ref=gjii1m40
6LBu5,https://made.example.invalid/e08-05/19-3524?utm_source=share&ref=6am2wrzb
6LBu6,https://made.example.invalid/e08-05/23-3525?utm_source=share&ref=h9cyjowi
6LBu7,https://made.example.invalid/e08-05/4-3526?utm_source=share&ref=qevmh1cc
6LBu8,https://made.example.invalid/e08-05/5-3527?utm_source=share&ref=9ngywmoc
6LBu9,https://made.example.invalid/e08-05/6-3528?utm_source=share&ref=xqkn9w6i
6LBua,https://made.example.invalid/e08-05/9-3529?utm_source=share&ref=zr044z4k
6LBub,https://made.example.invalid/e08-05/13-3530?utm_source=share&ref=2hiwejf8
6LBuc,https://made.example.invalid/e08-05/14-3531?utm_source=share&ref=65d6xunc
6LBud,https://made.example.invalid/e08-05/18-3532?utm_source=share&ref=zbqwf5g3
6LBue,https://made.example.invalid/e08-05/20-3533?utm_source=share&ref=ry149jbl
6LBuf,https://made.example.invalid/e08-05/19-3534?utm_source=share&ref=p6tv7uuw
6LBug,https://made.example.invalid/e08-05/23-3535?utm_source=share&ref=wi5edrzu
6LBuh,https://made.example.invalid/e08-05/4-3536?utm_source=share&ref=gf8vcblx
6LBui,https://made.example.invalid/e08-05/5-3537?utm_source=share&ref=rfd4u73m
6LBuj,https://made.example.invalid/e08-05/6-3538?utm_source=share&ref=5dnnjzae
6LBuk,https://made.example.invalid/e08-05/9-3539?utm_source=share&ref=oh9xba77
6LBul,https://made.example.invalid/e08-05/13-3540?utm_source=share&ref=b0y5xj5e
6LBum,https://made.example.invalid/e08-05/14-3541?utm_source=share&ref=l00lf9tc
6LBun,https://made.example.invalid/e08-05/18-3542?utm_source=share&ref=hyv27w1h
6LBuo,https://made.example.invalid/e08-05/20-3543?utm_source=share&ref=wnezzwro
6LBup,https://made.example.invalid/e08-05/19-3544?utm_source=share&ref=ikbnxgc8
6LBuq,https://made.example.invalid/e08-05/23-3545?utm_source=share&ref=o594n6if
6LBur,https://made.example.invalid/e08-05/4-3546?utm_source=share&ref=f3522wo0
6LBus,https://made.example.invalid/e08-05/5-3547?utm_source=share&ref=z8m74zif
6LBut,https://made.example.invalid/e08-05/6-3548?utm_source=share&ref=y9281xak
6LBuu,https://made.example.invalid/e08-05/9-3549?utm_source=share&ref=me84kiz1
6LBuv,https://made.example.invalid/e08-05/13-3550?utm_source=share&ref=yoicva9f
6LBuw,https://made.example.invalid/e08-05/14-3551?utm_source=share&ref=v9aiavv2
6LBux,https://made.example.invalid/e08-05/18-3552?utm_source=share&ref=iun3a510
6LBuy,https://made.example.invalid/e08-05/20-3553?utm_source=share&ref=e47ngdnj
6LBuz,https://made.example.invalid/e08-05/19-3554?utm_source=share&ref=wxgk2kb3
6LBuA,https://made.example.invalid/e08-05/23-3555?utm_source=share&ref=k19af1o4
6LBuB,https://made.example.invalid/e08-05/4-3556?utm_source=share&ref=fk57iv6v
6LBuC,https://made.example.invalid/e08-05/5-3557?utm_source=share&ref=z8aajtim
6LBuD,https://made.example.invalid/e08-05/6-3558?utm_source=share&ref=g4pxan2c
6LBuE,https://made.example.invalid/e08-05/9-3559?utm_source=share&ref=3iz23rw8
6LBuF,https://made.example.invalid/e08-05/13-3560?utm_source=share&ref=bgfxuhjb
6LBuG,https://made.example.invalid/e08-05/14-3561?utm_source=share&ref=1uocgzoi
6LBuH,https://made.example.invalid/e08-05/18-3562?utm_source=share&ref=armtd3b3
6LBuI,https://made.example.invalid/e08-05/20-3563?utm_source=share&ref=r8qesbtu
6LBuJ,https://made.example.invalid/e08-05/19-3564?utm_source=share&ref=9u6ctjgp
6LBuK,https://made.example.invalid/e08-05/23-3565?utm_source=share&ref=urr5pj63
6LBuL,https://made.example.invalid/e08-05/4-3566?utm_source=share&ref=o0aitoxi
6LBuM,https://made.example.invalid/e08-05/5-3567?utm_source=share&ref=dubm8711
6LBuN,https://made.example.invalid/e08-05/6-3568?utm_source=share&ref=3rtmsexb
6LBuO,https://made.example.invalid/e08-05/9-3569?utm_source=share&ref=yym9w49b
6LBuP,https://made.example.invalid/e08-05/13-3570?utm_source=share&ref=tokw6xf6
6LBuQ,https://made.example.invalid/e08-05/14-3571?utm_source=share&ref=oyvhdurq
6LBuR,https://made.example.invalid/e08-05/18-3572?utm_source=share&ref=y2qz6q4y
6LBuS,https://made.example.invalid/e08-05/20-3573?utm_source=share&ref=2v3kcvgm
6LBuT,https://made.example.invalid/e08-05/19-3574?utm_source=share&ref=qz2og1qm
6LBuU,https://made.example.invalid/e08-05/23-3575?utm_source=share&ref=4y4yhkik
6LBuV,https://made.example.invalid/e08-05/4-3576?utm_source=share&ref=064jq7dq
6LBuW,https://made.example.invalid/e08-05/5-3577?utm_source=share&ref=d6eztv03
6LBuX,https://made.example.invalid/e08-05/6-3578?utm_source=share&ref=z1y910j3
6LBuY,https://made.example.invalid/e08-05/9-3579?utm_source=share&ref=dsn68cpa
6LBuZ,https://made.example.invalid/e08-05/13-3580?utm_source=share&ref=mfwb2gso
6LBv0,https://made.example.invalid/e08-05/14-3581?utm_source=share&ref=li15lxmb
6LBv1,https://made.example.invalid/e08-05/18-3582?utm_source=share&ref=4jlidehj
6LBv2,https://made.example.invalid/e08-05/20-3583?utm_source=share&ref=rfhp062r
6LBv3,https://made.example.invalid/e08-05/19-3584?utm_source=share&ref=tjetisnf
6LBv4,https://made.example.invalid/e08-05/23-3585?utm_source=share&ref=2yv51p1l
6LBv5,https://made.example.invalid/e08-05/4-3586?utm_source=share&ref=jsdkyakv
6LBv6,https://made.example.invalid/e08-05/5-3587?utm_source=share&ref=6lv1vzye
6LBv7,https://made.example.invalid/e08-05/6-3588?utm_source=share&ref=l01mofse
6LBv8,https://made.example.invalid/e08-05/9-3589?utm_source=share&ref=wjx50hc0
6LBv9,https://made.example.invalid/e08-05/13-3590?utm_source=share&ref=xtpovupk
6LBva,https://made.example.invalid/e08-05/14-3591?utm_source=share&ref=hjes30yb
6LBvb,https://made.example.invalid/e08-05/18-3592?utm_source=share&ref=2mhzlqzm
6LBvc,https://made.example.invalid/e08-05/20-3593?utm_source=share&ref=nxl2xdoi
6LBvd,https://made.example.invalid/e08-05/19-3594?utm_source=share&ref=oljnq1uh
6LBve,https://made.example.invalid/e08-05/23-3595?utm_source=share&ref=xcovwlbh
6LBvf,https://made.example.invalid/e08-05/4-3596?utm_source=share&ref=wuq1ilwf
6LBvg,https://made.example.invalid/e08-05/5-3597?utm_source=share&ref=e6vy9k25
6LBvh,https://made.example.invalid/e08-05/6-3598?utm_source=share&ref=l4pgwimk
6LBvi,https://made.example.invalid/e08-05/9-3599?utm_source=share&ref=izzjkhr6
6LBvj,https://made.example.invalid/e08-05/13-3600?utm_source=share&ref=k9ho03iu
6LBvk,https://made.example.invalid/e08-05/14-3601?utm_source=share&ref=72qd5yuv
6LBvl,https://made.example.invalid/e08-05/18-3602?utm_source=share&ref=zbvc0rpe
6LBvm,https://made.example.invalid/e08-05/20-3603?utm_source=share&ref=dj3m3n5x
6LBvn,https://made.example.invalid/e08-05/19-3604?utm_source=share&ref=eoefel53
6LBvo,https://made.example.invalid/e08-05/23-3605?utm_source=share&ref=vcmetnid
6LBvp,https://made.example.invalid/e08-05/4-3606?utm_source=share&ref=r0ttnvya
6LBvq,https://made.example.invalid/e08-05/5-3607?utm_source=share&ref=1ztwsqn1
6LBvr,https://made.example.invalid/e08-05/6-3608?utm_source=share&ref=l1gzc72v
6LBvs,https://made.example.invalid/e08-05/9-3609?utm_source=share&ref=6hqmha9i
6LBvt,https://made.example.invalid/e08-05/13-3610?utm_source=share&ref=u2cysvus
6LBvu,https://made.example.invalid/e08-05/14-3611?utm_source=share&ref=hyrnaxtt
6LBvv,https://made.example.invalid/e08-05/18-3612?utm_source=share&ref=usklpp8n
6LBvw,https://made.example.invalid/e08-05/20-3613?utm_source=share&ref=cb2ubjhr
6LBvx,https://made.example.invalid/e08-05/19-3614?utm_source=share&ref=baf15vun
6LBvy,https://made.example.invalid/e08-05/23-3615?utm_source=share&ref=v7udqh51
6LBvz,https://made.example.invalid/e08-05/4-3616?utm_source=share&ref=lx7wmgqx
6LBvA,https://made.example.invalid/e08-05/5-3617?utm_source=share&ref=5oq5id04
6LBvB,https://made.example.invalid/e08-05/6-3618?utm_source=share&ref=5gv5z8zh
6LBvC,https://made.example.invalid/e08-05/9-3619?utm_source=share&ref=jchmp97j
6LBvD,https://made.example.invalid/e08-05/13-3620?utm_source=share&ref=zbfjgv0p
6LBvE,https://made.example.invalid/e08-05/14-3621?utm_source=share&ref=s64f2iws
6LBvF,https://made.example.invalid/e08-05/18-3622?utm_source=share&ref=619ok9w5
6LBvG,https://made.example.invalid/e08-05/20-3623?utm_source=share&ref=95ke4hbj
6LBvH,https://made.example.invalid/e08-05/19-3624?utm_source=share&ref=ry0qj1aa
6LBvI,https://made.example.invalid/e08-05/23-3625?utm_source=share&ref=5lssm4i4
6LBvJ,https://made.example.invalid/e08-05/4-3626?utm_source=share&ref=kgog9rza
6LBvK,https://made.example.invalid/e08-05/5-3627?utm_source=share&ref=d8159u3e
6LBvL,https://made.example.invalid/e08-05/6-3628?utm_source=share&ref=cf5elyzf
6LBvM,https://made.example.invalid/e08-05/9-3629?utm_source=share&ref=y0mrowrl
6LBvN,https://made.example.invalid/e08-05/13-3630?utm_source=share&ref=4k5i8cks
6LBvO,https://made.example.invalid/e08-05/14-3631?utm_source=share&ref=fugt6yap
6LBvP,https://made.example.invalid/e08-05/18-3632?utm_source=share&ref=4vu5l284
6LBvQ,https://made.example.invalid/e08-05/20-3633?utm_source=share&ref=e5nxuimf
6LBvR,https://made.example.invalid/e08-05/19-3634?utm_source=share&ref=uo1759w6
6LBvS,https://made.example.invalid/e08-05/23-3635?utm_source=share&ref=wfn0bl5k
6LBvT,https://made.example.invalid/e08-05/4-3636?utm_source=share&ref=luus3d0m
6LBvU,https://made.example.invalid/e08-05/5-3637?utm_source=share&ref=6ahblupc
6LBvV,https://made.example.invalid/e08-05/6-3638?utm_source=share&ref=bdecqrek
6LBvW,https://made.example.invalid/e08-05/9-3639?utm_source=share&ref=awruzfl6
6LBvX,https://made.example.invalid/e08-05/13-3640?utm_source=share&ref=ae4kbkq7
6LBvY,https://made.example.invalid/e08-05/14-3641?utm_source=share&ref=k2ed1tbe
6LBvZ,https://made.example.invalid/e08-05/18-3642?utm_source=share&ref=tnhqv3p3
6LBw0,https://made.example.invalid/e08-05/20-3643?utm_source=share&ref=sd1a366x
6LBw1,https://made.example.invalid/e08-05/19-3644?utm_source=share&ref=rcid0a0e
6LBw2,https://made.example.invalid/e08-05/23-3645?utm_source=share&ref=l3ariwkm
6LBw3,https://made.example.invalid/e08-05/4-3646?utm_source=share&ref=l51jz26m
6LBw4,https://made.example.invalid/e08-05/5-3647?utm_source=share&ref=tsb3x9n7
6LBw5,https://made.example.invalid/e08-05/6-3648?utm_source=share&ref=1y5t7mzb
6LBw6,https://made.example.invalid/e08-05/9-3649?utm_source=share&ref=mv0kau42
6LBw7,https://made.example.invalid/e08-05/13-3650?utm_source=share&ref=7cbxe8kh
6LBw8,https://made.example.invalid/e08-05/14-3651?utm_source=share&ref=uyfq4cay
6LBw9,https://made.example.invalid/e08-05/18-3652?utm_source=share&ref=j44umajq
6LBwa,https://made.example.invalid/e08-05/20-3653?utm_source=share&ref=c5aqpamh
6LBwb,https://made.example.invalid/e08-05/19-3654?utm_source=share&ref=muhy9koi
6LBwc,https://made.example.invalid/e08-05/23-3655?utm_source=share&ref=vxq9m4ui
6LBwd,https://made.example.invalid/e08-05/4-3656?utm_source=share&ref=4a3v8iy0
6LBwe,https://made.example.invalid/e08-05/5-3657?utm_source=share&ref=qek7vxgo
6LBwf,https://made.example.invalid/e08-05/6-3658?utm_source=share&ref=tag0er13
6LBwg,https://made.example.invalid/e08-05/9-3659?utm_source=share&ref=bym2wzsi
6LBwh,https://made.example.invalid/e08-05/13-3660?utm_source=share&ref=fqk2fh2q
6LBwi,https://made.example.invalid/e08-05/14-3661?utm_source=share&ref=iin6lxyl
6LBwj,https://made.example.invalid/e08-05/18-3662?utm_source=share&ref=13vic3vh
6LBwk,https://made.example.invalid/e08-05/20-3663?utm_source=share&ref=2uiq46rp
6LBwl,https://made.example.invalid/e08-05/19-3664?utm_source=share&ref=opgu4d2o
6LBwm,https://made.example.invalid/e08-05/23-3665?utm_source=share&ref=68ha88yr
6LBwn,https://made.example.invalid/e08-05/4-3666?utm_source=share&ref=y540x0ai
6LBwo,https://made.example.invalid/e08-05/5-3667?utm_source=share&ref=1k4i2oi7
6LBwp,https://made.example.invalid/e08-05/6-3668?utm_source=share&ref=7ort6u0r
6LBwq,https://made.example.invalid/e08-05/9-3669?utm_source=share&ref=6hxskmi2
6LBwr,https://made.example.invalid/e08-05/13-3670?utm_source=share&ref=cxl48zwq
6LBws,https://made.example.invalid/e08-05/14-3671?utm_source=share&ref=shm50wll
6LBwt,https://made.example.invalid/e08-05/18-3672?utm_source=share&ref=0d05byxk
6LBwu,https://made.example.invalid/e08-05/20-3673?utm_source=share&ref=xmtk6isy
6LBwv,https://made.example.invalid/e08-05/19-3674?utm_source=share&ref=exmxcsrm
6LBww,https://made.example.invalid/e08-05/23-3675?utm_source=share&ref=3f4ompy3
6LBwx,https://made.example.invalid/e08-05/4-3676?utm_source=share&ref=zevejzin
6LBwy,https://made.example.invalid/e08-05/5-3677?utm_source=share&ref=rmfwfucb
6LBwz,https://made.example.invalid/e08-05/6-3678?utm_source=share&ref=eoy7m9u9
6LBwA,https://made.example.invalid/e08-05/9-3679?utm_source=share&ref=wmu1lc2y
6LBwB,https://made.example.invalid/e08-05/13-3680?utm_source=share&ref=05d6ebzm
6LBwC,https://made.example.invalid/e08-05/14-3681?utm_source=share&ref=vtiib6p2
6LBwD,https://made.example.invalid/e08-05/18-3682?utm_source=share&ref=zydmrwn3
6LBwE,https://made.example.invalid/e08-05/20-3683?utm_source=share&ref=557tpet1
6LBwF,https://made.example.invalid/e08-05/19-3684?utm_source=share&ref=tso8g8ly
6LBwG,https://made.example.invalid/e08-05/23-3685?utm_source=share&ref=o9imjh7o
6LBwH,https://made.example.invalid/e08-05/4-3686?utm_source=share&ref=d1pekev6
6LBwI,https://made.example.invalid/e08-05/5-3687?utm_source=share&ref=2ut7wbx3
6LBwJ,https://made.example.invalid/e08-05/6-3688?utm_source=share&ref=pd7b3854
6LBwK,https://made.example.invalid/e08-05/9-3689?utm_source=share&ref=k9ugh54n
6LBwL,https://made.example.invalid/e08-05/13-3690?utm_source=share&ref=7pjt1ucr
6LBwM,https://made.example.invalid/e08-05/14-3691?utm_source=share&ref=1o336umc
6LBwN,https://made.example.invalid/e08-05/18-3692?utm_source=share&ref=wwdafow2
6LBwO,https://made.example.invalid/e08-05/20-3693?utm_source=share&ref=3u08mmnq
6LBwP,https://made.example.invalid/e08-05/19-3694?utm_source=share&ref=cj5mxtwt
6LBwQ,https://made.example.invalid/e08-05/23-3695?utm_source=share&ref=qv95p9xj
6LBwR,https://made.example.invalid/e08-05/4-3696?utm_source=share&ref=g3h5xrec
6LBwS,https://made.example.invalid/e08-05/5-3697?utm_source=share&ref=971w811w
6LBwT,https://made.example.invalid/e08-05/6-3698?utm_source=share&ref=qti2tk2f
6LBwU,https://made.example.invalid/e08-05/9-3699?utm_source=share&ref=kgerlssr
6LBwV,https://made.example.invalid/e08-05/13-3700?utm_source=share&ref=uyxb1602
6LBwW,https://made.example.invalid/e08-05/14-3701?utm_source=share&ref=ljv9vppg
6LBwX,https://made.example.invalid/e08-05/18-3702?utm_source=share&ref=1m4izndr
6LBwY,https://made.example.invalid/e08-05/20-3703?utm_source=share&ref=sfnh1kxl
6LBwZ,https://made.example.invalid/e08-05/19-3704?utm_source=share&ref=nt49gpvk
6LBx0,https://made.example.invalid/e08-05/23-3705?utm_source=share&ref=n3uvj2px
6LBx1,https://made.example.invalid/e08-05/4-3706?utm_source=share&ref=knghlase
6LBx2,https://made.example.invalid/e08-05/5-3707?utm_source=share&ref=n4tbxij1
6LBx3,https://made.example.invalid/e08-05/6-3708?utm_source=share&ref=x5xwwsob
6LBx4,https://made.example.invalid/e08-05/9-3709?utm_source=share&ref=3qcq3bya
6LBx5,https://made.example.invalid/e08-05/13-3710?utm_source=share&ref=frrz6mns
6LBx6,https://made.example.invalid/e08-05/14-3711?utm_source=share&ref=592aymna
6LBx7,https://made.example.invalid/e08-05/18-3712?utm_source=share&ref=8mmibhnm
6LBx8,https://made.example.invalid/e08-05/20-3713?utm_source=share&ref=ghkmrkpl
6LBx9,https://made.example.invalid/e08-05/19-3714?utm_source=share&ref=mxq52wdl
6LBxa,https://made.example.invalid/e08-05/23-3715?utm_source=share&ref=8y8vhmtv
6LBxb,https://made.example.invalid/e08-05/4-3716?utm_source=share&ref=ac4fsk60
6LBxc,https://made.example.invalid/e08-05/5-3717?utm_source=share&ref=iw2m2jw1
6LBxd,https://made.example.invalid/e08-05/6-3718?utm_source=share&ref=sooyrus5
6LBxe,https://made.example.invalid/e08-05/9-3719?utm_source=share&ref=n6r5m8uf
6LBxf,https://made.example.invalid/e08-05/13-3720?utm_source=share&ref=jgwcjl2g
6LBxg,https://made.example.invalid/e08-05/14-3721?utm_source=share&ref=8vgpttx8
6LBxh,https://made.example.invalid/e08-05/18-3722?utm_source=share&ref=4zvaqma9
6LBxi,https://made.example.invalid/e08-05/20-3723?utm_source=share&ref=bmz0lu6v
6LBxj,https://made.example.invalid/e08-05/19-3724?utm_source=share&ref=pr5kg6a3
6LBxk,https://made.example.invalid/e08-05/23-3725?utm_source=share&ref=b5j1j6qh
6LBxl,https://made.example.invalid/e08-05/4-3726?utm_source=share&ref=q2cbdznz
6LBxm,https://made.example.invalid/e08-05/5-3727?utm_source=share&ref=8plqcfek
6LBxn,https://made.example.invalid/e08-05/6-3728?utm_source=share&ref=s40seobi
6LBxo,https://made.example.invalid/e08-05/9-3729?utm_source=share&ref=s43kp3s9
6LBxp,https://made.example.invalid/e08-05/13-3730?utm_source=share&ref=rbpgfrwv
6LBxq,https://made.example.invalid/e08-05/14-3731?utm_source=share&ref=54phcu6g
6LBxr,https://made.example.invalid/e08-05/18-3732?utm_source=share&ref=6m94on7w
6LBxs,https://made.example.invalid/e08-05/20-3733?utm_source=share&ref=4vbrr6e1
6LBxt,https://made.example.invalid/e08-05/19-3734?utm_source=share&ref=7pvgaz64
6LBxu,https://made.example.invalid/e08-05/23-3735?utm_source=share&ref=l5l7vo79
6LBxv,https://made.example.invalid/e08-05/4-3736?utm_source=share&ref=whcu0zhs
6LBxw,https://made.example.invalid/e08-05/5-3737?utm_source=share&ref=2wyms1nd
6LBxx,https://made.example.invalid/e08-05/6-3738?utm_source=share&ref=l53wg8om
6LBxy,https://made.example.invalid/e08-05/9-3739?utm_source=share&ref=1ei25pjh
6LBxz,https://made.example.invalid/e08-05/13-3740?utm_source=share&ref=u5f3j0pk
6LBxA,https://made.example.invalid/e08-05/14-3741?utm_source=share&ref=fqb4uxl5
6LBxB,https://made.example.invalid/e08-05/18-3742?utm_source=share&ref=bmp24med
6LBxC,https://made.example.invalid/e08-05/20-3743?utm_source=share&ref=4gmu6s7u
6LBxD,https://made.example.invalid/e08-05/19-3744?utm_source=share&ref=dk51xji6
6LBxE,https://made.example.invalid/e08-05/23-3745?utm_source=share&ref=b6irygd4
6LBxF,https://made.example.invalid/e08-05/4-3746?utm_source=share&ref=oivt90qq
6LBxG,https://made.example.invalid/e08-05/5-3747?utm_source=share&ref=yaanh7wv
6LBxH,https://made.example.invalid/e08-05/6-3748?utm_source=share&ref=gap08i6w
6LBxI,https://made.example.invalid/e08-05/9-3749?utm_source=share&ref=1yx28k3o
6LBxJ,https://made.example.invalid/e08-05/13-3750?utm_source=share&ref=jues2xno
6LBxK,https://made.example.invalid/e08-05/14-3751?utm_source=share&ref=ehl2kv1o
6LBxL,https://made.example.invalid/e08-05/18-3752?utm_source=share&ref=hsgts4c6
6LBxM,https://made.example.invalid/e08-05/20-3753?utm_source=share&ref=qyl8shqq
6LBxN,https://made.example.invalid/e08-05/19-3754?utm_source=share&ref=qq2b5bk1
6LBxO,https://made.example.invalid/e08-05/23-3755?utm_source=share&ref=hpejr5i5
6LBxP,https://made.example.invalid/e08-05/4-3756?utm_source=share&ref=mdyr5s7v
6LBxQ,https://made.example.invalid/e08-05/5-3757?utm_source=share&ref=0g9lvpxe
6LBxR,https://made.example.invalid/e08-05/6-3758?utm_source=share&ref=waieymx5
6LBxS,https://made.example.invalid/e08-05/9-3759?utm_source=share&ref=a4ca45s0
6LBxT,https://made.example.invalid/e08-05/13-3760?utm_source=share&ref=ss67d4ww
6LBxU,https://made.example.invalid/e08-05/14-3761?utm_source=share&ref=ia6hcysb
6LBxV,https://made.example.invalid/e08-05/18-3762?utm_source=share&ref=qcuwsabg
6LBxW,https://made.example.invalid/e08-05/20-3763?utm_source=share&ref=b2w9ewfg
6LBxX,https://made.example.invalid/e08-05/19-3764?utm_source=share&ref=kl78c9m1
6LBxY,https://made.example.invalid/e08-05/23-3765?utm_source=share&ref=khbmaq32
6LBxZ,https://made.example.invalid/e08-05/4-3766?utm_source=share&ref=l365jh9r
6LBy0,https://made.example.invalid/e08-05/5-3767?utm_source=share&ref=6jvn24vg
6LBy1,https://made.example.invalid/e08-05/6-3768?utm_source=share&ref=ehgwzw6j
6LBy2,https://made.example.invalid/e08-05/9-3769?utm_source=share&ref=bsozdvht
6LBy3,https://made.example.invalid/e08-05/13-3770?utm_source=share&ref=qectgxwl
6LBy4,https://made.example.invalid/e08-05/14-3771?utm_source=share&ref=jlt08ji6
6LBy5,https://made.example.invalid/e08-05/18-3772?utm_source=share&ref=xxuxvuh0
6LBy6,https://made.example.invalid/e08-05/20-3773?utm_source=share&ref=1y8k34nd
6LBy7,https://made.example.invalid/e08-05/19-3774?utm_source=share&ref=u3e4vt16
6LBy8,https://made.example.invalid/e08-05/23-3775?utm_source=share&ref=uhszpqlw
6LBy9,https://made.example.invalid/e08-05/4-3776?utm_source=share&ref=lwjpcnq4
6LBya,https://made.example.invalid/e08-05/5-3777?utm_source=share&ref=ol5yeajv
6LByb,https://made.example.invalid/e08-05/6-3778?utm_source=share&ref=s3lpo6f6
6LByc,https://made.example.invalid/e08-05/9-3779?utm_source=share&ref=8tnmbyfx
6LByd,https://made.example.invalid/e08-05/13-3780?utm_source=share&ref=s2iqlhyo
6LBye,https://made.example.invalid/e08-05/14-3781?utm_source=share&ref=pkzxplc6
6LByf,https://made.example.invalid/e08-05/18-3782?utm_source=share&ref=triu6aaw
6LByg,https://made.example.invalid/e08-05/20-3783?utm_source=share&ref=x7tzj3qa
6LByh,https://made.example.invalid/e08-05/19-3784?utm_source=share&ref=iwxpbma8
6LByi,https://made.example.invalid/e08-05/23-3785?utm_source=share&ref=3g9x9idw
6LByj,https://made.example.invalid/e08-05/4-3786?utm_source=share&ref=mps2k8n3
6LByk,https://made.example.invalid/e08-05/5-3787?utm_source=share&ref=3j7gfwv9
6LByl,https://made.example.invalid/e08-05/6-3788?utm_source=share&ref=diynyarw
6LBym,https://made.example.invalid/e08-05/9-3789?utm_source=share&ref=4wqomgbj
6LByn,https://made.example.invalid/e08-05/13-3790?utm_source=share&ref=e7kzigi3
6LByo,https://made.example.invalid/e08-05/14-3791?utm_source=share&ref=orkahmk3
6LByp,https://made.example.invalid/e08-05/18-3792?utm_source=share&ref=z5cq59qp
6LByq,https://made.example.invalid/e08-05/20-3793?utm_source=share&ref=a9qnztnl
6LByr,https://made.example.invalid/e08-05/19-3794?utm_source=share&ref=nz07ga27
6LBys,https://made.example.invalid/e08-05/23-3795?utm_source=share&ref=kxl81zqx
6LByt,https://made.example.invalid/e08-05/4-3796?utm_source=share&ref=5ofjvygm
6LByu,https://made.example.invalid/e08-05/5-3797?utm_source=share&ref=mq04b3ye
6LByv,https://made.example.invalid/e08-05/6-3798?utm_source=share&ref=3nsbkesx
6LByw,https://made.example.invalid/e08-05/9-3799?utm_source=share&ref=uqtqj5dh
6LByx,https://made.example.invalid/e08-05/13-3800?utm_source=share&ref=7ymcng7r
6LByy,https://made.example.invalid/e08-05/14-3801?utm_source=share&ref=y2pa7h7u
6LByz,https://made.example.invalid/e08-05/18-3802?utm_source=share&ref=gug4hmm1
6LByA,https://made.example.invalid/e08-05/20-3803?utm_source=share&ref=o7lq86ro
6LByB,https://made.example.invalid/e08-05/19-3804?utm_source=share&ref=4qke5h7z
6LByC,https://made.example.invalid/e08-05/23-3805?utm_source=share&ref=ip6kbluh
6LByD,https://made.example.invalid/e08-05/4-3806?utm_source=share&ref=6qi96xv2
6LByE,https://made.example.invalid/e08-05/5-3807?utm_source=share&ref=1zd4bcdz
6LByF,https://made.example.invalid/e08-05/6-3808?utm_source=share&ref=jerof2a5
6LByG,https://made.example.invalid/e08-05/9-3809?utm_source=share&ref=73wkhjfx
6LByH,https://made.example.invalid/e08-05/13-3810?utm_source=share&ref=3i32fgp2
6LByI,https://made.example.invalid/e08-05/14-3811?utm_source=share&ref=v6lbru7y
6LByJ,https://made.example.invalid/e08-05/18-3812?utm_source=share&ref=7za4db1h
6LByK,https://made.example.invalid/e08-05/20-3813?utm_source=share&ref=vevp3vte
6LByL,https://made.example.invalid/e08-05/19-3814?utm_source=share&ref=xbkurk5p
6LByM,https://made.example.invalid/e08-05/23-3815?utm_source=share&ref=jcyfpe8o
6LByN,https://made.example.invalid/e08-05/4-3816?utm_source=share&ref=vnfll88l
6LByO,https://made.example.invalid/e08-05/5-3817?utm_source=share&ref=05tgazw3
6LByP,https://made.example.invalid/e08-05/6-3818?utm_source=share&ref=pokl3mwt
6LByQ,https://made.example.invalid/e08-05/9-3819?utm_source=share&ref=lh4bm6jw
6LByR,https://made.example.invalid/e08-05/13-3820?utm_source=share&ref=plmw702u
6LByS,https://made.example.invalid/e08-05/14-3821?utm_source=share&ref=l9m6lch8
6LByT,https://made.example.invalid/e08-05/18-3822?utm_source=share&ref=6dktv0k4
6LByU,https://made.example.invalid/e08-05/20-3823?utm_source=share&ref=51nxzg8r
6LByV,https://made.example.invalid/e08-05/19-3824?utm_source=share&ref=ojomfycs
6LByW,https://made.example.invalid/e08-05/23-3825?utm_source=share&ref=4q01ly19
6LByX,https://made.example.invalid/e08-05/4-3826?utm_source=share&ref=urvf4ts2
6LByY,https://made.example.invalid/e08-05/5-3827?utm_source=share&ref=byg63hhl
6LByZ,https://made.example.invalid/e08-05/6-3828?utm_source=share&ref=hlqxadxp
6LBz0,https://made.example.invalid/e08-05/9-3829?utm_source=share&ref=ytaogy23
6LBz1,https://made.example.invalid/e08-05/13-3830?utm_source=share&ref=xjtwak28
6LBz2,https://made.example.invalid/e08-05/14-3831?utm_source=share&ref=w2ccqanq
6LBz3,https://made.example.invalid/e08-05/18-3832?utm_source=share&ref=3iyjyipz
6LBz4,https://made.example.invalid/e08-05/20-3833?utm_source=share&ref=7ksv57wx
6LBz5,https://made.example.invalid/e08-05/19-3834?utm_source=share&ref=hk42dx28
6LBz6,https://made.example.invalid/e08-05/23-3835?utm_source=share&ref=5k2o1u86
6LBz7,https://made.example.invalid/e08-05/4-3836?utm_source=share&ref=oxmmfjer
6LBz8,https://made.example.invalid/e08-05/5-3837?utm_source=share&ref=ea4fg6sv
6LBz9,https://made.example.invalid/e08-05/6-3838?utm_source=share&ref=okz9x3l2
6LBza,https://made.example.invalid/e08-05/9-3839?utm_source=share&ref=r3bps0qr
6LBzb,https://made.example.invalid/e08-05/13-3840?utm_source=share&ref=5jn1brpr
6LBzc,https://made.example.invalid/e08-05/14-3841?utm_source=share&ref=blyfch59
6LBzd,https://made.example.invalid/e08-05/18-3842?utm_source=share&ref=2aj6n3n6
6LBze,https://made.example.invalid/e08-05/20-3843?utm_source=share&ref=h1mxq1ij
6LBzf,https://made.example.invalid/e08-05/19-3844?utm_source=share&ref=xw2c26v5
6LBzg,https://made.example.invalid/e08-05/23-3845?utm_source=share&ref=7wlaewpa
6LBzh,https://made.example.invalid/e08-05/4-3846?utm_source=share&ref=a1ddo8rl
6LBzi,https://made.example.invalid/e08-05/5-3847?utm_source=share&ref=fdsnw8cx
6LBzj,https://made.example.invalid/e08-05/6-3848?utm_source=share&ref=nng73m06
6LBzk,https://made.example.invalid/e08-05/9-3849?utm_source=share&ref=4lltbyef
6LBzl,https://made.example.invalid/e08-05/13-3850?utm_source=share&ref=aliqxfbe
6LBzm,https://made.example.invalid/e08-05/14-3851?utm_source=share&ref=4tscdpkg
6LBzn,https://made.example.invalid/e08-05/18-3852?utm_source=share&ref=30gkkmds
6LBzo,https://made.example.invalid/e08-05/20-3853?utm_source=share&ref=k8j0vdqt
6LBzp,https://made.example.invalid/e08-05/19-3854?utm_source=share&ref=fy4vxom3
6LBzq,https://made.example.invalid/e08-05/23-3855?utm_source=share&ref=4uwm4vtu
6LBzr,https://made.example.invalid/e08-05/4-3856?utm_source=share&ref=nsg70veb
6LBzs,https://made.example.invalid/e08-05/5-3857?utm_source=share&ref=lz7ctg6j
6LBzt,https://made.example.invalid/e08-05/6-3858?utm_source=share&ref=o9ol41gt
6LBzu,https://made.example.invalid/e08-05/9-3859?utm_source=share&ref=b4tr4qna
6LBzv,https://made.example.invalid/e08-05/13-3860?utm_source=share&ref=mhk34usj
6LBzw,https://made.example.invalid/e08-05/14-3861?utm_source=share&ref=xqhft019
6LBzx,https://made.example.invalid/e08-05/18-3862?utm_source=share&ref=abwfo6vv
6LBzy,https://made.example.invalid/e08-05/20-3863?utm_source=share&ref=gg4lm0gy
6LBzz,https://made.example.invalid/e08-05/19-3864?utm_source=share&ref=r298ftq9
6LBzA,https://made.example.invalid/e08-05/23-3865?utm_source=share&ref=08lgwp98
6LBzB,https://made.example.invalid/e08-05/4-3866?utm_source=share&ref=1djeo31k
6LBzC,https://made.example.invalid/e08-05/5-3867?utm_source=share&ref=zyltsl3q
6LBzD,https://made.example.invalid/e08-05/6-3868?utm_source=share&ref=ogtyejyf
6LBzE,https://made.example.invalid/e08-05/9-3869?utm_source=share&ref=e379dk86
6LBzF,https://made.example.invalid/e08-05/13-3870?utm_source=share&ref=wge7dy10
6LBzG,https://made.example.invalid/e08-05/14-3871?utm_source=share&ref=41mok86j
6LBzH,https://made.example.invalid/e08-05/18-3872?utm_source=share&ref=qmm214q7
6LBzI,https://made.example.invalid/e08-05/20-3873?utm_source=share&ref=wi2bi8zp
6LBzJ,https://made.example.invalid/e08-05/19-3874?utm_source=share&ref=6k6kkqol
6LBzK,https://made.example.invalid/e08-05/23-3875?utm_source=share&ref=4z9uht30
6LBzL,https://made.example.invalid/e08-05/4-3876?utm_source=share&ref=eegzuo7l
6LBzM,https://made.example.invalid/e08-05/5-3877?utm_source=share&ref=f4y4lbv4
6LBzN,https://made.example.invalid/e08-05/6-3878?utm_source=share&ref=jrs5piuw
6LBzO,https://made.example.invalid/e08-05/9-3879?utm_source=share&ref=z27s3dcw
6LBzP,https://made.example.invalid/e08-05/13-3880?utm_source=share&ref=9bkgi792
6LBzQ,https://made.example.invalid/e08-05/14-3881?utm_source=share&ref=sf6txrj6
6LBzR,https://made.example.invalid/e08-05/18-3882?utm_source=share&ref=akqq867f
6LBzS,https://made.example.invalid/e08-05/20-3883?utm_source=share&ref=xgmv4cyy
6LBzT,https://made.example.invalid/e08-05/19-3884?utm_source=share&ref=h1hzcj9f
6LBzU,https://made.example.invalid/e08-05/23-3885?utm_source=share&ref=skuie2jl
6LBzV,https://made.example.invalid/e08-05/4-3886?utm_source=share&ref=ejg3oo72
6LBzW,https://made.example.invalid/e08-05/5-3887?utm_source=share&ref=cfhu4gcw
6LBzX,https://made.example.invalid/e08-05/6-3888?utm_source=share&ref=g8cgiw24
6LBzY,https://made.example.invalid/e08-05/9-3889?utm_source=share&ref=uj7zjkmp
6LBzZ,https://made.example.invalid/e08-05/13-3890?utm_source=share&ref=97azlrog
6LBA0,https://made.example.invalid/e08-05/14-3891?utm_source=share&ref=8ep1r995
6LBA1,https://made.example.invalid/e08-05/18-3892?utm_source=share&ref=px0ng0vg
6LBA2,https://made.example.invalid/e08-05/20-3893?utm_source=share&ref=cgu597oq
6LBA3,https://made.example.invalid/e08-05/19-3894?utm_source=share&ref=3jbh0nv0
6LBA4,https://made.example.invalid/e08-05/23-3895?utm_source=share&ref=7tq9mnxs
6LBA5,https://made.example.invalid/e08-05/4-3896?utm_source=share&ref=t8j0joc2
6LBA6,https://made.example.invalid/e08-05/5-3897?utm_source=share&ref=e5lln6r7
6LBA7,https://made.example.invalid/e08-05/6-3898?utm_source=share&ref=d01bxosx
6LBA8,https://made.example.invalid/e08-05/9-3899?utm_source=share&ref=u48ncsdf
6LBA9,https://made.example.invalid/e08-05/13-3900?utm_source=share&ref=0dqyq9lx
6LBAa,https://made.example.invalid/e08-05/14-3901?utm_source=share&ref=pgqtszlh
6LBAb,https://made.example.invalid/e08-05/18-3902?utm_source=share&ref=s99tk6qk
6LBAc,https://made.example.invalid/e08-05/20-3903?utm_source=share&ref=0t7wqwmq
6LBAd,https://made.example.invalid/e08-05/19-3904?utm_source=share&ref=owazyp31
6LBAe,https://made.example.invalid/e08-05/23-3905?utm_source=share&ref=hhgxpot2
6LBAf,https://made.example.invalid/e08-05/4-3906?utm_source=share&ref=f0ppsedw
6LBAg,https://made.example.invalid/e08-05/5-3907?utm_source=share&ref=boq2ugsz
6LBAh,https://made.example.invalid/e08-05/6-3908?utm_source=share&ref=i3pftpee
6LBAi,https://made.example.invalid/e08-05/9-3909?utm_source=share&ref=awnux602
6LBAj,https://made.example.invalid/e08-05/13-3910?utm_source=share&ref=9l1p5yrn
6LBAk,https://made.example.invalid/e08-05/14-3911?utm_source=share&ref=cr92e5n0
6LBAl,https://made.example.invalid/e08-05/18-3912?utm_source=share&ref=d477jly1
6LBAm,https://made.example.invalid/e08-05/20-3913?utm_source=share&ref=j72xts0c
6LBAn,https://made.example.invalid/e08-05/19-3914?utm_source=share&ref=28qz113y
6LBAo,https://made.example.invalid/e08-05/23-3915?utm_source=share&ref=p4dxjst0
6LBAp,https://made.example.invalid/e08-05/4-3916?utm_source=share&ref=xtjr9n6m
6LBAq,https://made.example.invalid/e08-05/5-3917?utm_source=share&ref=wlfy7fyl
6LBAr,https://made.example.invalid/e08-05/6-3918?utm_source=share&ref=dkyug246
6LBAs,https://made.example.invalid/e08-05/9-3919?utm_source=share&ref=2ec3yejx
6LBAt,https://made.example.invalid/e08-05/13-3920?utm_source=share&ref=b1kuq2nt
6LBAu,https://made.example.invalid/e08-05/14-3921?utm_source=share&ref=wzo0pyk7
6LBAv,https://made.example.invalid/e08-05/18-3922?utm_source=share&ref=bm6np7s7
6LBAw,https://made.example.invalid/e08-05/20-3923?utm_source=share&ref=4ujmqhjl
6LBAx,https://made.example.invalid/e08-05/19-3924?utm_source=share&ref=qzwb05sj
6LBAy,https://made.example.invalid/e08-05/23-3925?utm_source=share&ref=p5zwn080
6LBAz,https://made.example.invalid/e08-05/4-3926?utm_source=share&ref=4o49zw4q
6LBAA,https://made.example.invalid/e08-05/5-3927?utm_source=share&ref=adtg7auo
6LBAB,https://made.example.invalid/e08-05/6-3928?utm_source=share&ref=gy759916
6LBAC,https://made.example.invalid/e08-05/9-3929?utm_source=share&ref=n5wmtkzp
6LBAD,https://made.example.invalid/e08-05/13-3930?utm_source=share&ref=a8jgjhz4
6LBAE,https://made.example.invalid/e08-05/14-3931?utm_source=share&ref=2uvqfumk
6LBAF,https://made.example.invalid/e08-05/18-3932?utm_source=share&ref=tjw2fczo
6LBAG,https://made.example.invalid/e08-05/20-3933?utm_source=share&ref=u7kk90yo
6LBAH,https://made.example.invalid/e08-05/19-3934?utm_source=share&ref=0sirtnku
6LBAI,https://made.example.invalid/e08-05/23-3935?utm_source=share&ref=pnuooexr
6LBAJ,https://made.example.invalid/e08-05/4-3936?utm_source=share&ref=7quyavux
6LBAK,https://made.example.invalid/e08-05/5-3937?utm_source=share&ref=z34sl1qc
6LBAL,https://made.example.invalid/e08-05/6-3938?utm_source=share&ref=555o9adw
6LBAM,https://made.example.invalid/e08-05/9-3939?utm_source=share&ref=vogn9d0m
6LBAN,https://made.example.invalid/e08-05/13-3940?utm_source=share&ref=9i0fsoht
6LBAO,https://made.example.invalid/e08-05/14-3941?utm_source=share&ref=04ax7uaj
6LBAP,https://made.example.invalid/e08-05/18-3942?utm_source=share&ref=q4vwrl38
6LBAQ,https://made.example.invalid/e08-05/20-3943?utm_source=share&ref=5f8ybvqv
6LBAR,https://made.example.invalid/e08-05/19-3944?utm_source=share&ref=4sqncj3e
6LBAS,https://made.example.invalid/e08-05/23-3945?utm_source=share&ref=re2myep5
6LBAT,https://made.example.invalid/e08-05/4-3946?utm_source=share&ref=ucyifful
6LBAU,https://made.example.invalid/e08-05/5-3947?utm_source=share&ref=a7wazjfe
6LBAV,https://made.example.invalid/e08-05/9-3949?utm_source=share&ref=b6dtvgof
6LBAW,https://made.example.invalid/e08-05/13-3950?utm_source=share&ref=ylhhgtkg
6LBAX,https://made.example.invalid/e08-05/14-3951?utm_source=share&ref=schw0i0k
6LBAY,https://made.example.invalid/e08-05/18-3952?utm_source=share&ref=rzn08w7q
6LBAZ,https://made.example.invalid/e08-05/6-3948?utm_source=share&ref=hvv5qrd1
6LBB0,https://made.example.invalid/e08-05/20-3953?utm_source=share&ref=xghfhn13
6LBB1,https://made.example.invalid/e08-05/19-3954?utm_source=share&ref=pq30ypqn
6LBB2,https://made.example.invalid/e08-05/23-3955?utm_source=share&ref=w2nm3ak0
6LBB3,https://made.example.invalid/e08-05/4-3956?utm_source=share&ref=l7euisfm
6LBB4,https://made.example.invalid/e08-05/5-3957?utm_source=share&ref=a64amqsx
6LBB5,https://made.example.invalid/e08-05/9-3958?utm_source=share&ref=qy3hymbp
6LBB6,https://made.example.invalid/e08-05/13-3959?utm_source=share&ref=iwhuscwe
6LBB7,https://made.example.invalid/e08-05/14-3960?utm_source=share&ref=up4tfyq5
6LBB8,https://made.example.invalid/e08-05/18-3961?utm_source=share&ref=t1reedcy
6LBB9,https://made.example.invalid/e08-05/6-3962?utm_source=share&ref=4u24zovr
6LBBa,https://made.example.invalid/e08-05/20-3963?utm_source=share&ref=3wkiiwff
6LBBb,https://made.example.invalid/e08-05/19-3964?utm_source=share&ref=73sf5soe
6LBBc,https://made.example.invalid/e08-05/23-3965?utm_source=share&ref=2r0hg9m9
6LBBd,https://made.example.invalid/e08-05/4-3966?utm_source=share&ref=8zuapvnv
6LBBe,https://made.example.invalid/e08-05/5-3967?utm_source=share&ref=g0u5c52u
6LBBf,https://made.example.invalid/e08-05/9-3968?utm_source=share&ref=vnm04di4
6LBBg,https://made.example.invalid/e08-05/13-3969?utm_source=share&ref=ashqrsav
6LBBh,https://made.example.invalid/e08-05/14-3970?utm_source=share&ref=k2khp06d
6LBBi,https://made.example.invalid/e08-05/18-3971?utm_source=share&ref=6vcrzq9f
6LBBj,https://made.example.invalid/e08-05/6-3972?utm_source=share&ref=39jp55su
6LBBk,https://made.example.invalid/e08-05/20-3973?utm_source=share&ref=6t2ma3as
6LBBl,https://made.example.invalid/e08-05/19-3974?utm_source=share&ref=1e9cv4vx
6LBBm,https://made.example.invalid/e08-05/23-3975?utm_source=share&ref=sw1t9f6c
6LBBn,https://made.example.invalid/e08-05/4-3976?utm_source=share&ref=c8bdb5tv
6LBBo,https://made.example.invalid/e08-05/5-3977?utm_source=share&ref=3q8iybz3
6LBBp,https://made.example.invalid/e08-05/9-3978?utm_source=share&ref=cyzlro32
6LBBq,https://made.example.invalid/e08-05/13-3979?utm_source=share&ref=8i280ozz
6LBBr,https://made.example.invalid/e08-05/14-3980?utm_source=share&ref=zqpgd0bf
6LBBs,https://made.example.invalid/e08-05/18-3981?utm_source=share&ref=mglihni2
6LBBt,https://made.example.invalid/e08-05/6-3982?utm_source=share&ref=fphlu4ga
6LBBu,https://made.example.invalid/e08-05/20-3983?utm_source=share&ref=sr32hwoi
6LBBv,https://made.example.invalid/e08-05/19-3984?utm_source=share&ref=gy6mdlem
6LBBw,https://made.example.invalid/e08-05/23-3985?utm_source=share&ref=uz22yr4e
6LBBx,https://made.example.invalid/e08-05/4-3986?utm_source=share&ref=loo81cri
6LBBy,https://made.example.invalid/e08-05/5-3987?utm_source=share&ref=iy2chxlh
6LBBz,https://made.example.invalid/e08-05/9-3988?utm_source=share&ref=vj8r883u
6LBBA,https://made.example.invalid/e08-05/13-3989?utm_source=share&ref=bqocgoob
6LBBB,https://made.example.invalid/e08-05/14-3990?utm_source=share&ref=wzrapmqg
6LBBC,https://made.example.invalid/e08-05/18-3991?utm_source=share&ref=uudtee6o
6LBBD,https://made.example.invalid/e08-05/6-3992?utm_source=share&ref=0ar8tw3e
6LBBE,https://made.example.invalid/e08-05/20-3993?utm_source=share&ref=32f6fsv1
6LBBF,https://made.example.invalid/e08-05/19-3994?utm_source=share&ref=2ebi6l7c
6LBBG,https://made.example.invalid/e08-05/23-3995?utm_source=share&ref=qe0ohtgq
6LBBH,https://made.example.invalid/e08-05/4-3996?utm_source=share&ref=ajdtndgn
6LBBI,https://made.example.invalid/e08-05/5-3997?utm_source=share&ref=tqyzffr7
6LBBJ,https://made.example.invalid/e08-05/9-3998?utm_source=share&ref=kdhj1qdf
6LBBK,https://made.example.invalid/e08-05/13-3999?utm_source=share&ref=rn70enmr
6LBBL,https://made.example.invalid/e08-05/14-4000?utm_source=share&ref=td2iu9xq
6LBBM,https://made.example.invalid/e08-05/18-4001?utm_source=share&ref=jdiv9pqe
6LBBN,https://made.example.invalid/e08-05/6-4002?utm_source=share&ref=ogce86ss
6LBBO,https://made.example.invalid/e08-05/20-4003?utm_source=share&ref=99i6ryjt
6LBBP,https://made.example.invalid/e08-05/19-4004?utm_source=share&ref=111344ra
6LBBQ,https://made.example.invalid/e08-05/23-4005?utm_source=share&ref=typo01o9
6LBBR,https://made.example.invalid/e08-05/4-4006?utm_source=share&ref=yh1gm6ov
6LBBS,https://made.example.invalid/e08-05/5-4007?utm_source=share&ref=ple3rsnd
6LBBT,https://made.example.invalid/e08-05/9-4008?utm_source=share&ref=mf8hv7gh
6LBBU,https://made.example.invalid/e08-05/13-4009?utm_source=share&ref=ern7yvrq
6LBBV,https://made.example.invalid/e08-05/14-4010?utm_source=share&ref=4dqsz4jk
6LBBW,https://made.example.invalid/e08-05/18-4011?utm_source=share&ref=fjf52stl
6LBBX,https://made.example.invalid/e08-05/6-4012?utm_source=share&ref=s7jb6iso
6LBBY,https://made.example.invalid/e08-05/20-4013?utm_source=share&ref=z4dwmyym
6LBBZ,https://made.example.invalid/e08-05/19-4014?utm_source=share&ref=bwzt39rz
6LBC0,https://made.example.invalid/e08-05/23-4015?utm_source=share&ref=f3vmbh2c
6LBC1,https://made.example.invalid/e08-05/4-4016?utm_source=share&ref=vebfaeb6
6LBC2,https://made.example.invalid/e08-05/5-4017?utm_source=share&ref=yhb68aqp
6LBC3,https://made.example.invalid/e08-05/9-4018?utm_source=share&ref=hcbebwna
6LBC4,https://made.example.invalid/e08-05/13-4019?utm_source=share&ref=agyf5utz
6LBC5,https://made.example.invalid/e08-05/14-4020?utm_source=share&ref=yr4rgvxj
6LBC6,https://made.example.invalid/e08-05/18-4021?utm_source=share&ref=7dpdu36r
6LBC7,https://made.example.invalid/e08-05/6-4022?utm_source=share&ref=fxagxzu4
6LBC8,https://made.example.invalid/e08-05/20-4023?utm_source=share&ref=ysofw2qf
6LBC9,https://made.example.invalid/e08-05/19-4024?utm_source=share&ref=b6qq5al5
6LBCa,https://made.example.invalid/e08-05/23-4025?utm_source=share&ref=sfhnjkij
6LBCb,https://made.example.invalid/e08-05/4-4026?utm_source=share&ref=duabspw7
6LBCc,https://made.example.invalid/e08-05/5-4027?utm_source=share&ref=cctspwp3
6LBCd,https://made.example.invalid/e08-05/9-4028?utm_source=share&ref=et5h4vzz
6LBCe,https://made.example.invalid/e08-05/13-4029?utm_source=share&ref=m0dfj93w
6LBCf,https://made.example.invalid/e08-05/14-4030?utm_source=share&ref=fbz4qzjb
6LBCg,https://made.example.invalid/e08-05/18-4031?utm_source=share&ref=ximdv62o
6LBCh,https://made.example.invalid/e08-05/6-4032?utm_source=share&ref=c1yxvt7n
6LBCi,https://made.example.invalid/e08-05/20-4033?utm_source=share&ref=fxuc8fgo
6LBCj,https://made.example.invalid/e08-05/19-4034?utm_source=share&ref=ot1alsp6
6LBCk,https://made.example.invalid/e08-05/23-4035?utm_source=share&ref=wuum4ze7
6LBCl,https://made.example.invalid/e08-05/4-4036?utm_source=share&ref=99tgjxnq
6LBCm,https://made.example.invalid/e08-05/5-4037?utm_source=share&ref=o97lk8dp
6LBCn,https://made.example.invalid/e08-05/9-4038?utm_source=share&ref=cssj4652
6LBCo,https://made.example.invalid/e08-05/13-4039?utm_source=share&ref=soohvy9d
6LBCp,https://made.example.invalid/e08-05/14-4040?utm_source=share&ref=tkidofed
6LBCq,https://made.example.invalid/e08-05/18-4041?utm_source=share&ref=es9tbd0e
6LBCr,https://made.example.invalid/e08-05/6-4042?utm_source=share&ref=8cu3ciei
6LBCs,https://made.example.invalid/e08-05/20-4043?utm_source=share&ref=newko6dt
6LBCt,https://made.example.invalid/e08-05/19-4044?utm_source=share&ref=vdjimzfj
6LBCu,https://made.example.invalid/e08-05/23-4045?utm_source=share&ref=aoq75j4c
6LBCv,https://made.example.invalid/e08-05/4-4046?utm_source=share&ref=4tdu0t2c
6LBCw,https://made.example.invalid/e08-05/5-4047?utm_source=share&ref=9owxdezm
6LBCx,https://made.example.invalid/e08-05/9-4048?utm_source=share&ref=k1p9yt1r
6LBCy,https://made.example.invalid/e08-05/13-4049?utm_source=share&ref=su23tqdp
6LBCz,https://made.example.invalid/e08-05/14-4050?utm_source=share&ref=gotflvin
6LBCA,https://made.example.invalid/e08-05/18-4051?utm_source=share&ref=z0tvif7g
6LBCB,https://made.example.invalid/e08-05/6-4052?utm_source=share&ref=8lystelo
6LBCC,https://made.example.invalid/e08-05/20-4053?utm_source=share&ref=fms7wf99
6LBCD,https://made.example.invalid/e08-05/19-4054?utm_source=share&ref=zecxxcr8
6LBCE,https://made.example.invalid/e08-05/23-4055?utm_source=share&ref=wh267ajy
6LBCF,https://made.example.invalid/e08-05/4-4056?utm_source=share&ref=rn6p9vy3
6LBCG,https://made.example.invalid/e08-05/5-4057?utm_source=share&ref=y0sohugf
6LBCH,https://made.example.invalid/e08-05/9-4058?utm_source=share&ref=kizyza6o
6LBCI,https://made.example.invalid/e08-05/13-4059?utm_source=share&ref=qws2rvha
6LBCJ,https://made.example.invalid/e08-05/14-4060?utm_source=share&ref=84lf6zc1
6LBCK,https://made.example.invalid/e08-05/18-4061?utm_source=share&ref=ckf51ybw
6LBCL,https://made.example.invalid/e08-05/6-4062?utm_source=share&ref=rw0ihbjd
6LBCM,https://made.example.invalid/e08-05/20-4063?utm_source=share&ref=nlsa51p1
6LBCN,https://made.example.invalid/e08-05/19-4064?utm_source=share&ref=irxq558d
6LBCO,https://made.example.invalid/e08-05/23-4065?utm_source=share&ref=ly5fe2jg
6LBCP,https://made.example.invalid/e08-05/4-4066?utm_source=share&ref=u4xfxw1s
6LBCQ,https://made.example.invalid/e08-05/5-4067?utm_source=share&ref=t7n0p6zv
6LBCR,https://made.example.invalid/e08-05/9-4068?utm_source=share&ref=9exfdut3
6LBCS,https://made.example.invalid/e08-05/13-4069?utm_source=share&ref=bloqihkl
6LBCT,https://made.example.invalid/e08-05/14-4070?utm_source=share&ref=ttfv1xfq
6LBCU,https://made.example.invalid/e08-05/18-4071?utm_source=share&ref=ah1w7dvj
6LBCV,https://made.example.invalid/e08-05/6-4072?utm_source=share&ref=9szirgjc
6LBCW,https://made.example.invalid/e08-05/20-4073?utm_source=share&ref=1e2e1llc
6LBCX,https://made.example.invalid/e08-05/19-4074?utm_source=share&ref=td0sd0tw
6LBCY,https://made.example.invalid/e08-05/23-4075?utm_source=share&ref=girchhrv
6LBCZ,https://made.example.invalid/e08-05/4-4076?utm_source=share&ref=ij9ylu9p
6LBD0,https://made.example.invalid/e08-05/5-4077?utm_source=share&ref=b3pl3ovr
6LBD1,https://made.example.invalid/e08-05/9-4078?utm_source=share&ref=qads2w51
6LBD2,https://made.example.invalid/e08-05/13-4079?utm_source=share&ref=ozsvmx7m
6LBD3,https://made.example.invalid/e08-05/14-4080?utm_source=share&ref=ez2tynvs
6LBD4,https://made.example.invalid/e08-05/18-4081?utm_source=share&ref=dl1msuvq
6LBD5,https://made.example.invalid/e08-05/6-4082?utm_source=share&ref=0at9vxuq
6LBD6,https://made.example.invalid/e08-05/20-4083?utm_source=share&ref=s0rv4yz9
6LBD7,https://made.example.invalid/e08-05/19-4084?utm_source=share&ref=5ynnfln7
6LBD8,https://made.example.invalid/e08-05/23-4085?utm_source=share&ref=nd9bh1i5
6LBD9,https://made.example.invalid/e08-05/4-4086?utm_source=share&ref=pc1efh3o
6LBDa,https://made.example.invalid/e08-05/5-4087?utm_source=share&ref=yeb65x95
6LBDb,https://made.example.invalid/e08-05/9-4088?utm_source=share&ref=gon0wdqf
6LBDc,https://made.example.invalid/e08-05/13-4089?utm_source=share&ref=kh67vl0w
6LBDd,https://made.example.invalid/e08-05/14-4090?utm_source=share&ref=wevzzqox
6LBDe,https://made.example.invalid/e08-05/18-4091?utm_source=share&ref=d358veza
6LBDf,https://made.example.invalid/e08-05/6-4092?utm_source=share&ref=voayw68z
6LBDg,https://made.example.invalid/e08-05/20-4093?utm_source=share&ref=ziclg0t7
6LBDh,https://made.example.invalid/e08-05/19-4094?utm_source=share&ref=t0rkgua6
6LBDi,https://made.example.invalid/e08-05/23-4095?utm_source=share&ref=0l7o4ral
6LBDj,https://made.example.invalid/e08-05/4-4096?utm_source=share&ref=xkyntdph
6LBDk,https://made.example.invalid/e08-05/5-4097?utm_source=share&ref=sdtrw4ac
6LBDl,https://made.example.invalid/e08-05/9-4098?utm_source=share&ref=chi5qwua
6LBDm,https://made.example.invalid/e08-05/13-4099?utm_source=share&ref=d3qnru8u
6LBDn,https://made.example.invalid/e08-05/14-4100?utm_source=share&ref=bneht0uf
6LBDo,https://made.example.invalid/e08-05/18-4101?utm_source=share&ref=uedqxeg9
6LBDp,https://made.example.invalid/e08-05/6-4102?utm_source=share&ref=nb5qj76w
6LBDq,https://made.example.invalid/e08-05/20-4103?utm_source=share&ref=0c1h15hy
6LBDr,https://made.example.invalid/e08-05/19-4104?utm_source=share&ref=nj6t1hf9
6LBDs,https://made.example.invalid/e08-05/23-4105?utm_source=share&ref=j1iirfq9
6LBDt,https://made.example.invalid/e08-05/4-4106?utm_source=share&ref=q0elgudc
6LBDu,https://made.example.invalid/e08-05/5-4107?utm_source=share&ref=kjqer3us
6LBDv,https://made.example.invalid/e08-05/9-4108?utm_source=share&ref=0fhqhwsg
6LBDw,https://made.example.invalid/e08-05/13-4109?utm_source=share&ref=75ztv4w4
6LBDx,https://made.example.invalid/e08-05/14-4110?utm_source=share&ref=12y5a2r2
6LBDy,https://made.example.invalid/e08-05/18-4111?utm_source=share&ref=yehe9mvn
6LBDz,https://made.example.invalid/e08-05/6-4112?utm_source=share&ref=phw96oy2
6LBDA,https://made.example.invalid/e08-05/20-4113?utm_source=share&ref=tthrqw1w
6LBDB,https://made.example.invalid/e08-05/19-4114?utm_source=share&ref=i7n6rhqg
6LBDC,https://made.example.invalid/e08-05/23-4115?utm_source=share&ref=zjwzl021
6LBDD,https://made.example.invalid/e08-05/4-4116?utm_source=share&ref=pehn3iej
6LBDE,https://made.example.invalid/e08-05/5-4117?utm_source=share&ref=eza7ccdw
6LBDF,https://made.example.invalid/e08-05/9-4118?utm_source=share&ref=gygpbutg
6LBDG,https://made.example.invalid/e08-05/13-4119?utm_source=share&ref=11kllxbf
6LBDH,https://made.example.invalid/e08-05/14-4120?utm_source=share&ref=rkn6pz8j
6LBDI,https://made.example.invalid/e08-05/18-4121?utm_source=share&ref=kb7c8pav
6LBDJ,https://made.example.invalid/e08-05/6-4122?utm_source=share&ref=vamsghgm
6LBDK,https://made.example.invalid/e08-05/20-4123?utm_source=share&ref=eh2r2i6w
6LBDL,https://made.example.invalid/e08-05/19-4124?utm_source=share&ref=sbgpie32
6LBDM,https://made.example.invalid/e08-05/23-4125?utm_source=share&ref=ce4pc2i7
6LBDN,https://made.example.invalid/e08-05/4-4126?utm_source=share&ref=dfq2c0z6
6LBDO,https://made.example.invalid/e08-05/5-4127?utm_source=share&ref=j92v5ch1
6LBDP,https://made.example.invalid/e08-05/9-4128?utm_source=share&ref=8e4l5uwl
6LBDQ,https://made.example.invalid/e08-05/13-4129?utm_source=share&ref=yv0tzixy
6LBDR,https://made.example.invalid/e08-05/14-4130?utm_source=share&ref=o5uzwhgv
6LBDS,https://made.example.invalid/e08-05/18-4131?utm_source=share&ref=jmjm2ok6
6LBDT,https://made.example.invalid/e08-05/6-4132?utm_source=share&ref=0ntyrw4e
6LBDU,https://made.example.invalid/e08-05/20-4133?utm_source=share&ref=51kp4qyr
6LBDV,https://made.example.invalid/e08-05/19-4134?utm_source=share&ref=842p6pok
6LBDW,https://made.example.invalid/e08-05/23-4135?utm_source=share&ref=9p9ym07f
6LBDX,https://made.example.invalid/e08-05/4-4136?utm_source=share&ref=pqmhwi01
6LBDY,https://made.example.invalid/e08-05/5-4137?utm_source=share&ref=zgolxb99
6LBDZ,https://made.example.invalid/e08-05/9-4138?utm_source=share&ref=y5y4tbjz
6LBE0,https://made.example.invalid/e08-05/13-4139?utm_source=share&ref=w787qq8i
6LBE1,https://made.example.invalid/e08-05/14-4140?utm_source=share&ref=sgpe4lij
6LBE2,https://made.example.invalid/e08-05/18-4141?utm_source=share&ref=t1wpnvk4
6LBE3,https://made.example.invalid/e08-05/6-4142?utm_source=share&ref=j9o2bvow
6LBE4,https://made.example.invalid/e08-05/20-4143?utm_source=share&ref=4kzrd3u7
6LBE5,https://made.example.invalid/e08-05/19-4144?utm_source=share&ref=w2r3qjso
6LBE6,https://made.example.invalid/e08-05/23-4145?utm_source=share&ref=0djmqbej
6LBE7,https://made.example.invalid/e08-05/4-4146?utm_source=share&ref=1je0f0xi
6LBE8,https://made.example.invalid/e08-05/5-4147?utm_source=share&ref=15sl9axn
6LBE9,https://made.example.invalid/e08-05/9-4148?utm_source=share&ref=pkwj6mh9
6LBEa,https://made.example.invalid/e08-05/13-4149?utm_source=share&ref=uznii8px
6LBEb,https://made.example.invalid/e08-05/14-4150?utm_source=share&ref=23fmbzbg
6LBEc,https://made.example.invalid/e08-05/18-4151?utm_source=share&ref=4d5ti3ow
6LBEd,https://made.example.invalid/e08-05/6-4152?utm_source=share&ref=wjnd5ppy
6LBEe,https://made.example.invalid/e08-05/20-4153?utm_source=share&ref=72274qxk
6LBEf,https://made.example.invalid/e08-05/19-4154?utm_source=share&ref=ki4zsxgf
6LBEg,https://made.example.invalid/e08-05/23-4155?utm_source=share&ref=vmdh1vst
6LBEh,https://made.example.invalid/e08-05/4-4156?utm_source=share&ref=n5e4culu
6LBEi,https://made.example.invalid/e08-05/5-4157?utm_source=share&ref=2tb7yo2j
6LBEj,https://made.example.invalid/e08-05/9-4158?utm_source=share&ref=5hkn3png
6LBEk,https://made.example.invalid/e08-05/13-4159?utm_source=share&ref=oduss4wt
6LBEl,https://made.example.invalid/e08-05/14-4160?utm_source=share&ref=rsxhabo7
6LBEm,https://made.example.invalid/e08-05/18-4161?utm_source=share&ref=h8zhccor
6LBEn,https://made.example.invalid/e08-05/6-4162?utm_source=share&ref=rntrw2l6
6LBEo,https://made.example.invalid/e08-05/20-4163?utm_source=share&ref=ga5k888h
6LBEp,https://made.example.invalid/e08-05/19-4164?utm_source=share&ref=it0hlqb9
6LBEq,https://made.example.invalid/e08-05/23-4165?utm_source=share&ref=uyfjp28d
6LBEr,https://made.example.invalid/e08-05/4-4166?utm_source=share&ref=vcoolxld
6LBEs,https://made.example.invalid/e08-05/5-4167?utm_source=share&ref=vfxuyzmb
6LBEt,https://made.example.invalid/e08-05/9-4168?utm_source=share&ref=qfcivodb
6LBEu,https://made.example.invalid/e08-05/13-4169?utm_source=share&ref=7l5cuo0d
6LBEv,https://made.example.invalid/e08-05/14-4170?utm_source=share&ref=16q80q7k
6LBEw,https://made.example.invalid/e08-05/18-4171?utm_source=share&ref=0187csk6
6LBEx,https://made.example.invalid/e08-05/6-4172?utm_source=share&ref=w3k1o77h
6LBEy,https://made.example.invalid/e08-05/20-4173?utm_source=share&ref=q9umaict
6LBEz,https://made.example.invalid/e08-05/19-4174?utm_source=share&ref=a6nsoq6j
6LBEA,https://made.example.invalid/e08-05/23-4175?utm_source=share&ref=ijfmytso
6LBEB,https://made.example.invalid/e08-05/4-4176?utm_source=share&ref=23l2ur3i
6LBEC,https://made.example.invalid/e08-05/5-4177?utm_source=share&ref=163bi7wp
6LBED,https://made.example.invalid/e08-05/9-4178?utm_source=share&ref=mweiwfeg
6LBEE,https://made.example.invalid/e08-05/13-4179?utm_source=share&ref=d0ejbke8
6LBEF,https://made.example.invalid/e08-05/14-4180?utm_source=share&ref=5uv5ljoj
6LBEG,https://made.example.invalid/e08-05/18-4181?utm_source=share&ref=xfqe88fe
6LBEH,https://made.example.invalid/e08-05/6-4182?utm_source=share&ref=llqy92fm
6LBEI,https://made.example.invalid/e08-05/20-4183?utm_source=share&ref=mx4xgfa5
6LBEJ,https://made.example.invalid/e08-05/19-4184?utm_source=share&ref=56d1gqji
6LBEK,https://made.example.invalid/e08-05/23-4185?utm_source=share&ref=9hyb8x7m
6LBEL,https://made.example.invalid/e08-05/4-4186?utm_source=share&ref=n1o4j9ox
6LBEM,https://made.example.invalid/e08-05/5-4187?utm_source=share&ref=frv7ohbj
6LBEN,https://made.example.invalid/e08-05/9-4188?utm_source=share&ref=1pjtekpk
6LBEO,https://made.example.invalid/e08-05/13-4189?utm_source=share&ref=o3y2z7ri
6LBEP,https://made.example.invalid/e08-05/14-4190?utm_source=share&ref=k3uv0ruz
6LBEQ,https://made.example.invalid/e08-05/18-4191?utm_source=share&ref=ssv7rvyz
6LBER,https://made.example.invalid/e08-05/6-4192?utm_source=share&ref=ohdg4pyz
6LBES,https://made.example.invalid/e08-05/20-4193?utm_source=share&ref=v8k2l9h4
6LBET,https://made.example.invalid/e08-05/19-4194?utm_source=share&ref=2u0fzgup
6LBEU,https://made.example.invalid/e08-05/23-4195?utm_source=share&ref=97kye3ry
6LBEV,https://made.example.invalid/e08-05/4-4196?utm_source=share&ref=j1qxahub
6LBEW,https://made.example.invalid/e08-05/5-4197?utm_source=share&ref=u4bun444
6LBEX,https://made.example.invalid/e08-05/9-4198?utm_source=share&ref=m8voz9xl
6LBEY,https://made.example.invalid/e08-05/13-4199?utm_source=share&ref=n8ak25nw
6LBEZ,https://made.example.invalid/e08-05/14-4200?utm_source=share&ref=g00n2wro
6LBF0,https://made.example.invalid/e08-05/6-4202?utm_source=share&ref=jl4p8hu6
6LBF1,https://made.example.invalid/e08-05/20-4203?utm_source=share&ref=o00j7pwf
6LBF2,https://made.example.invalid/e08-05/19-4204?utm_source=share&ref=bl5l5cyk
6LBF3,https://made.example.invalid/e08-05/23-4205?utm_source=share&ref=tsrfhlj3
6LBF4,https://made.example.invalid/e08-05/4-4206?utm_source=share&ref=nccxfo17
6LBF5,https://made.example.invalid/e08-05/5-4207?utm_source=share&ref=asnzesqs
6LBF6,https://made.example.invalid/e08-05/9-4208?utm_source=share&ref=w059uycy
6LBF7,https://made.example.invalid/e08-05/13-4209?utm_source=share&ref=24zu6sfe
6LBF8,https://made.example.invalid/e08-05/14-4210?utm_source=share&ref=88ow1kv5
6LBF9,https://made.example.invalid/e08-05/6-4211?utm_source=share&ref=ob80xt07
6LBFa,https://made.example.invalid/e08-05/20-4212?utm_source=share&ref=dj0gtfq6
6LBFb,https://made.example.invalid/e08-05/19-4213?utm_source=share&ref=s8brcb4a
6LBFc,https://made.example.invalid/e08-05/23-4214?utm_source=share&ref=y1npstvm
6LBFd,https://made.example.invalid/e08-05/4-4215?utm_source=share&ref=drxk18r5
6LBFe,https://made.example.invalid/e08-05/5-4216?utm_source=share&ref=j3oon931
6LBFf,https://made.example.invalid/e08-05/9-4217?utm_source=share&ref=mr9ib9kc
6LBFg,https://made.example.invalid/e08-05/13-4218?utm_source=share&ref=yzcure2b
6LBFh,https://made.example.invalid/e08-05/14-4219?utm_source=share&ref=5f1cy7e9
6LBFi,https://made.example.invalid/e08-05/6-4220?utm_source=share&ref=oqhnyyx0
6LBFj,https://made.example.invalid/e08-05/20-4221?utm_source=share&ref=yfzl3zi1
6LBFk,https://made.example.invalid/e08-05/18-4201?utm_source=share&ref=c3x1jrss
6LBFl,https://made.example.invalid/e08-05/19-4222?utm_source=share&ref=axsywxcm
6LBFm,https://made.example.invalid/e08-05/23-4223?utm_source=share&ref=afmnbbox
6LBFn,https://made.example.invalid/e08-05/4-4224?utm_source=share&ref=x2clxzq6
6LBFo,https://made.example.invalid/e08-05/5-4225?utm_source=share&ref=2s188dvb
6LBFp,https://made.example.invalid/e08-05/9-4226?utm_source=share&ref=22zryd4s
6LBFq,https://made.example.invalid/e08-05/13-4227?utm_source=share&ref=9sogcv02
6LBFr,https://made.example.invalid/e08-05/14-4228?utm_source=share&ref=0quakds4
6LBFs,https://made.example.invalid/e08-05/6-4229?utm_source=share&ref=p30t12le
6LBFt,https://made.example.invalid/e08-05/20-4230?utm_source=share&ref=lrcko2d9
6LBFu,https://made.example.invalid/e08-05/18-4231?utm_source=share&ref=epux027f
6LBFv,https://made.example.invalid/e08-05/19-4232?utm_source=share&ref=lsiotbzp
6LBFw,https://made.example.invalid/e08-05/23-4233?utm_source=share&ref=qrf97izq
6LBFx,https://made.example.invalid/e08-05/4-4234?utm_source=share&ref=gpmdnxnl
6LBFy,https://made.example.invalid/e08-05/5-4235?utm_source=share&ref=d6i9mgv3
6LBFz,https://made.example.invalid/e08-05/9-4236?utm_source=share&ref=zwh9gbo5
6LBFA,https://made.example.invalid/e08-05/13-4237?utm_source=share&ref=372jojub
6LBFB,https://made.example.invalid/e08-05/14-4238?utm_source=share&ref=imwbk1pg
6LBFC,https://made.example.invalid/e08-05/6-4239?utm_source=share&ref=a4y13vf3
6LBFD,https://made.example.invalid/e08-05/20-4240?utm_source=share&ref=qfplvjeh
6LBFE,https://made.example.invalid/e08-05/18-4241?utm_source=share&ref=q2wy3gb0
6LBFF,https://made.example.invalid/e08-05/19-4242?utm_source=share&ref=qdl3ole2
6LBFG,https://made.example.invalid/e08-05/23-4243?utm_source=share&ref=k3l26cgo
6LBFH,https://made.example.invalid/e08-05/4-4244?utm_source=share&ref=gddom7n7
6LBFI,https://made.example.invalid/e08-05/5-4245?utm_source=share&ref=xid4lfds
6LBFJ,https://made.example.invalid/e08-05/9-4246?utm_source=share&ref=2rskeg62
6LBFK,https://made.example.invalid/e08-05/13-4247?utm_source=share&ref=szg4ic9x
6LBFL,https://made.example.invalid/e08-05/14-4248?utm_source=share&ref=lf9c3t0k
6LBFM,https://made.example.invalid/e08-05/6-4249?utm_source=share&ref=0n42ut9g
6LBFN,https://made.example.invalid/e08-05/20-4250?utm_source=share&ref=q2169qrl
6LBFO,https://made.example.invalid/e08-05/18-4251?utm_source=share&ref=lds7trqo
6LBFP,https://made.example.invalid/e08-05/19-4252?utm_source=share&ref=r448zjz9
6LBFQ,https://made.example.invalid/e08-05/23-4253?utm_source=share&ref=ocp17pbt
6LBFR,https://made.example.invalid/e08-05/4-4254?utm_source=share&ref=mxe0cif5
6LBFS,https://made.example.invalid/e08-05/5-4255?utm_source=share&ref=l0u7aq1w
6LBFT,https://made.example.invalid/e08-05/9-4256?utm_source=share&ref=3b2j1xdl
6LBFU,https://made.example.invalid/e08-05/13-4257?utm_source=share&ref=u01m45tx
6LBFV,https://made.example.invalid/e08-05/14-4258?utm_source=share&ref=wyc1828v
6LBFW,https://made.example.invalid/e08-05/6-4259?utm_source=share&ref=d8k2o5ac
6LBFX,https://made.example.invalid/e08-05/20-4260?utm_source=share&ref=fypvyjmy
6LBFY,https://made.example.invalid/e08-05/18-4261?utm_source=share&ref=bcrcqc70
6LBFZ,https://made.example.invalid/e08-05/19-4262?utm_source=share&ref=sa4npht0
6LBG0,https://made.example.invalid/e08-05/23-4263?utm_source=share&ref=tnoqs2i1
6LBG1,https://made.example.invalid/e08-05/4-4264?utm_source=share&ref=ncmvcazi
6LBG2,https://made.example.invalid/e08-05/5-4265?utm_source=share&ref=025gl2nj
6LBG3,https://made.example.invalid/e08-05/9-4266?utm_source=share&ref=i1a0022j
6LBG4,https://made.example.invalid/e08-05/13-4267?utm_source=share&ref=ov9fhx16
6LBG5,https://made.example.invalid/e08-05/14-4268?utm_source=share&ref=3fsi1yzw
6LBG6,https://made.example.invalid/e08-05/6-4269?utm_source=share&ref=sfetcyav
6LBG7,https://made.example.invalid/e08-05/20-4270?utm_source=share&ref=k0h1sets
6LBG8,https://made.example.invalid/e08-05/18-4271?utm_source=share&ref=88lrg5bn
6LBG9,https://made.example.invalid/e08-05/19-4272?utm_source=share&ref=69n0np60
6LBGa,https://made.example.invalid/e08-05/23-4273?utm_source=share&ref=ylh4ufwp
6LBGb,https://made.example.invalid/e08-05/4-4274?utm_source=share&ref=ng7zhcgs
6LBGc,https://made.example.invalid/e08-05/5-4275?utm_source=share&ref=7dbvxek0
6LBGd,https://made.example.invalid/e08-05/9-4276?utm_source=share&ref=ix6j6lwd
6LBGe,https://made.example.invalid/e08-05/13-4277?utm_source=share&ref=procao33
6LBGf,https://made.example.invalid/e08-05/14-4278?utm_source=share&ref=azfjgp67
6LBGg,https://made.example.invalid/e08-05/6-4279?utm_source=share&ref=ku5t0dy0
6LBGh,https://made.example.invalid/e08-05/20-4280?utm_source=share&ref=1lyr4ax8
6LBGi,https://made.example.invalid/e08-05/18-4281?utm_source=share&ref=ddcsikgd
6LBGj,https://made.example.invalid/e08-05/19-4282?utm_source=share&ref=7mva68lr
6LBGk,https://made.example.invalid/e08-05/23-4283?utm_source=share&ref=t7bg5waq
6LBGl,https://made.example.invalid/e08-05/4-4284?utm_source=share&ref=utgu2rdp
6LBGm,https://made.example.invalid/e08-05/5-4285?utm_source=share&ref=jey00fuy
6LBGn,https://made.example.invalid/e08-05/9-4286?utm_source=share&ref=f3pcf2va
6LBGo,https://made.example.invalid/e08-05/13-4287?utm_source=share&ref=h3cu9ica
6LBGp,https://made.example.invalid/e08-05/14-4288?utm_source=share&ref=1k80xr7j
6LBGq,https://made.example.invalid/e08-05/6-4289?utm_source=share&ref=y6vdgp5t
6LBGr,https://made.example.invalid/e08-05/20-4290?utm_source=share&ref=sb3z8rg1
6LBGs,https://made.example.invalid/e08-05/18-4291?utm_source=share&ref=o8cfvgi7
6LBGt,https://made.example.invalid/e08-05/19-4292?utm_source=share&ref=odoql5ww
6LBGu,https://made.example.invalid/e08-05/23-4293?utm_source=share&ref=n13wbp3a
6LBGv,https://made.example.invalid/e08-05/4-4294?utm_source=share&ref=ulww02ac
6LBGw,https://made.example.invalid/e08-05/5-4295?utm_source=share&ref=kcloob4c
6LBGx,https://made.example.invalid/e08-05/9-4296?utm_source=share&ref=xmxhd1du
6LBGy,https://made.example.invalid/e08-05/13-4297?utm_source=share&ref=3m5spw0i
6LBGz,https://made.example.invalid/e08-05/14-4298?utm_source=share&ref=10wxcexo
6LBGA,https://made.example.invalid/e08-05/6-4299?utm_source=share&ref=viv6iyh9
6LBGB,https://made.example.invalid/e08-05/20-4300?utm_source=share&ref=gwebmvma
6LBGC,https://made.example.invalid/e08-05/18-4301?utm_source=share&ref=mxs27ruk
6LBGD,https://made.example.invalid/e08-05/19-4302?utm_source=share&ref=ubpc4ojy
6LBGE,https://made.example.invalid/e08-05/23-4303?utm_source=share&ref=8c53ia16
6LBGF,https://made.example.invalid/e08-05/4-4304?utm_source=share&ref=b067bjsi
6LBGG,https://made.example.invalid/e08-05/5-4305?utm_source=share&ref=z8utwexi
6LBGH,https://made.example.invalid/e08-05/9-4306?utm_source=share&ref=49dyy6bu
6LBGI,https://made.example.invalid/e08-05/13-4307?utm_source=share&ref=y4cn0fmx
6LBGJ,https://made.example.invalid/e08-05/14-4308?utm_source=share&ref=747fypsg
6LBGK,https://made.example.invalid/e08-05/6-4309?utm_source=share&ref=fb8zl8ai
6LBGL,https://made.example.invalid/e08-05/20-4310?utm_source=share&ref=u3zc21y8
6LBGM,https://made.example.invalid/e08-05/18-4311?utm_source=share&ref=3cw53wdk
6LBGN,https://made.example.invalid/e08-05/19-4312?utm_source=share&ref=jufjegd7
6LBGO,https://made.example.invalid/e08-05/23-4313?utm_source=share&ref=yvcu78nu
6LBGP,https://made.example.invalid/e08-05/4-4314?utm_source=share&ref=58f4ahtg
6LBGQ,https://made.example.invalid/e08-05/5-4315?utm_source=share&ref=7v0oh5n5
6LBGR,https://made.example.invalid/e08-05/9-4316?utm_source=share&ref=8fftdjmq
6LBGS,https://made.example.invalid/e08-05/13-4317?utm_source=share&ref=bbxob2m8
6LBGT,https://made.example.invalid/e08-05/14-4318?utm_source=share&ref=g7bk6lct
6LBGU,https://made.example.invalid/e08-05/6-4319?utm_source=share&ref=dn0u1ljt
6LBGV,https://made.example.invalid/e08-05/20-4320?utm_source=share&ref=yj1smu00
6LBGW,https://made.example.invalid/e08-05/18-4321?utm_source=share&ref=gsmuyoxy
6LBGX,https://made.example.invalid/e08-05/19-4322?utm_source=share&ref=cdytt17g
6LBGY,https://made.example.invalid/e08-05/23-4323?utm_source=share&ref=m1y5sfbc
6LBGZ,https://made.example.invalid/e08-05/4-4324?utm_source=share&ref=b4wj32j0
6LBH0,https://made.example.invalid/e08-05/5-4325?utm_source=share&ref=2b4375gn
6LBH1,https://made.example.invalid/e08-05/9-4326?utm_source=share&ref=evns5qh3
6LBH2,https://made.example.invalid/e08-05/13-4327?utm_source=share&ref=chc3r3a1
6LBH3,https://made.example.invalid/e08-05/14-4328?utm_source=share&ref=z52e9y26
6LBH4,https://made.example.invalid/e08-05/6-4329?utm_source=share&ref=9t72g6px
6LBH5,https://made.example.invalid/e08-05/20-4330?utm_source=share&ref=1zg6z5td
6LBH6,https://made.example.invalid/e08-05/18-4331?utm_source=share&ref=5etx9wfh
6LBH7,https://made.example.invalid/e08-05/19-4332?utm_source=share&ref=kb132f3q
6LBH8,https://made.example.invalid/e08-05/23-4333?utm_source=share&ref=zoodsw51
6LBH9,https://made.example.invalid/e08-05/4-4334?utm_source=share&ref=xqvoldkg
6LBHa,https://made.example.invalid/e08-05/5-4335?utm_source=share&ref=0pys0yxx
6LBHb,https://made.example.invalid/e08-05/9-4336?utm_source=share&ref=inopw7gc
6LBHc,https://made.example.invalid/e08-05/13-4337?utm_source=share&ref=n2qj1kyk
6LBHd,https://made.example.invalid/e08-05/14-4338?utm_source=share&ref=0o60apkn
6LBHe,https://made.example.invalid/e08-05/6-4339?utm_source=share&ref=z9sl83x9
6LBHf,https://made.example.invalid/e08-05/20-4340?utm_source=share&ref=7tgdjm3l
6LBHg,https://made.example.invalid/e08-05/18-4341?utm_source=share&ref=f0oupps8
6LBHh,https://made.example.invalid/e08-05/19-4342?utm_source=share&ref=uqpjjj2n
6LBHi,https://made.example.invalid/e08-05/23-4343?utm_source=share&ref=0xo8hhbd
6LBHj,https://made.example.invalid/e08-05/4-4344?utm_source=share&ref=jlpkchpg
6LBHk,https://made.example.invalid/e08-05/5-4345?utm_source=share&ref=vlnpjiyq
6LBHl,https://made.example.invalid/e08-05/9-4346?utm_source=share&ref=3mihbzpa
6LBHm,https://made.example.invalid/e08-05/13-4347?utm_source=share&ref=sep9jgz0
6LBHn,https://made.example.invalid/e08-05/14-4348?utm_source=share&ref=de8v0zmz
6LBHo,https://made.example.invalid/e08-05/6-4349?utm_source=share&ref=t25kkjx0
6LBHp,https://made.example.invalid/e08-05/20-4350?utm_source=share&ref=r4ygc7uc
6LBHq,https://made.example.invalid/e08-05/18-4351?utm_source=share&ref=znuifhpl
6LBHr,https://made.example.invalid/e08-05/19-4352?utm_source=share&ref=ggz0beyr
6LBHs,https://made.example.invalid/e08-05/23-4353?utm_source=share&ref=g9gje42d
6LBHt,https://made.example.invalid/e08-05/4-4354?utm_source=share&ref=xcadwg0f
6LBHu,https://made.example.invalid/e08-05/5-4355?utm_source=share&ref=y5zax9of
6LBHv,https://made.example.invalid/e08-05/9-4356?utm_source=share&ref=jdzsnru5
6LBHw,https://made.example.invalid/e08-05/13-4357?utm_source=share&ref=e4xeg97x
6LBHx,https://made.example.invalid/e08-05/14-4358?utm_source=share&ref=sd3wj8sn
6LBHy,https://made.example.invalid/e08-05/6-4359?utm_source=share&ref=te5y5giz
6LBHz,https://made.example.invalid/e08-05/20-4360?utm_source=share&ref=leemeel5
6LBHA,https://made.example.invalid/e08-05/18-4361?utm_source=share&ref=as8if963
6LBHB,https://made.example.invalid/e08-05/19-4362?utm_source=share&ref=x2rt6vst
6LBHC,https://made.example.invalid/e08-05/23-4363?utm_source=share&ref=iozw0lfq
6LBHD,https://made.example.invalid/e08-05/4-4364?utm_source=share&ref=1hnz6yap
6LBHE,https://made.example.invalid/e08-05/5-4365?utm_source=share&ref=n6xreiqg
6LBHF,https://made.example.invalid/e08-05/9-4366?utm_source=share&ref=8jnknk2e
6LBHG,https://made.example.invalid/e08-05/13-4367?utm_source=share&ref=wmquhwqd
6LBHH,https://made.example.invalid/e08-05/14-4368?utm_source=share&ref=xuhtoyyn
6LBHI,https://made.example.invalid/e08-05/6-4369?utm_source=share&ref=oyc3t84n
6LBHJ,https://made.example.invalid/e08-05/20-4370?utm_source=share&ref=7r1ls2zd
6LBHK,https://made.example.invalid/e08-05/18-4371?utm_source=share&ref=ref8fk7y
6LBHL,https://made.example.invalid/e08-05/19-4372?utm_source=share&ref=s1w447bk
6LBHM,https://made.example.invalid/e08-05/23-4373?utm_source=share&ref=6xp8yv46
6LBHN,https://made.example.invalid/e08-05/4-4374?utm_source=share&ref=u7hnxnpx
6LBHO,https://made.example.invalid/e08-05/5-4375?utm_source=share&ref=h6u2cxmr
6LBHP,https://made.example.invalid/e08-05/9-4376?utm_source=share&ref=9zqohhkr
6LBHQ,https://made.example.invalid/e08-05/13-4377?utm_source=share&ref=85w4p044
6LBHR,https://made.example.invalid/e08-05/14-4378?utm_source=share&ref=9a0j2tpt
6LBHS,https://made.example.invalid/e08-05/6-4379?utm_source=share&ref=diy45a2r
6LBHT,https://made.example.invalid/e08-05/20-4380?utm_source=share&ref=h8rafw5b
6LBHU,https://made.example.invalid/e08-05/18-4381?utm_source=share&ref=vctefxts
6LBHV,https://made.example.invalid/e08-05/19-4382?utm_source=share&ref=84j42xt7
6LBHW,https://made.example.invalid/e08-05/23-4383?utm_source=share&ref=p0tpxyt1
6LBHX,https://made.example.invalid/e08-05/4-4384?utm_source=share&ref=f48rf3k7
6LBHY,https://made.example.invalid/e08-05/5-4385?utm_source=share&ref=4xfwdfaq
6LBHZ,https://made.example.invalid/e08-05/9-4386?utm_source=share&ref=yhdri2ot
6LBI0,https://made.example.invalid/e08-05/13-4387?utm_source=share&ref=nsh8jkcc
6LBI1,https://made.example.invalid/e08-05/14-4388?utm_source=share&ref=xual6x8j
6LBI2,https://made.example.invalid/e08-05/6-4389?utm_source=share&ref=yb7g9gml
6LBI3,https://made.example.invalid/e08-05/20-4390?utm_source=share&ref=93b6zeuy
6LBI4,https://made.example.invalid/e08-05/18-4391?utm_source=share&ref=6hevqc3r
6LBI5,https://made.example.invalid/e08-05/19-4392?utm_source=share&ref=sywr4fdp
6LBI6,https://made.example.invalid/e08-05/23-4393?utm_source=share&ref=0x267zd8
6LBI7,https://made.example.invalid/e08-05/4-4394?utm_source=share&ref=wr9tote8
6LBI8,https://made.example.invalid/e08-05/5-4395?utm_source=share&ref=1ybxf8bb
6LBI9,https://made.example.invalid/e08-05/9-4396?utm_source=share&ref=zqzmki16
6LBIa,https://made.example.invalid/e08-05/13-4397?utm_source=share&ref=6euu4v0m
6LBIb,https://made.example.invalid/e08-05/14-4398?utm_source=share&ref=3y6x1xeu
6LBIc,https://made.example.invalid/e08-05/6-4399?utm_source=share&ref=ky4f3qka
6LBId,https://made.example.invalid/e08-05/20-4400?utm_source=share&ref=r4s595eu
6LBIe,https://made.example.invalid/e08-05/18-4401?utm_source=share&ref=bbjd9i98
6LBIf,https://made.example.invalid/e08-05/19-4402?utm_source=share&ref=rcgokz3l
6LBIg,https://made.example.invalid/e08-05/23-4403?utm_source=share&ref=z6r2meda
6LBIh,https://made.example.invalid/e08-05/4-4404?utm_source=share&ref=7zszgn1z
6LBIi,https://made.example.invalid/e08-05/5-4405?utm_source=share&ref=lol3u21q
6LBIj,https://made.example.invalid/e08-05/9-4406?utm_source=share&ref=j15o2962
6LBIk,https://made.example.invalid/e08-05/13-4407?utm_source=share&ref=42x5yo4u
6LBIl,https://made.example.invalid/e08-05/14-4408?utm_source=share&ref=4gxg43yr
6LBIm,https://made.example.invalid/e08-05/6-4409?utm_source=share&ref=0ydi5gy2
6LBIn,https://made.example.invalid/e08-05/20-4410?utm_source=share&ref=n9gux12l
6LBIo,https://made.example.invalid/e08-05/18-4411?utm_source=share&ref=5a9ce6xt
6LBIp,https://made.example.invalid/e08-05/19-4412?utm_source=share&ref=ul4gn5nh
6LBIq,https://made.example.invalid/e08-05/23-4413?utm_source=share&ref=6tq3jful
6LBIr,https://made.example.invalid/e08-05/4-4414?utm_source=share&ref=m8ja5atw
6LBIs,https://made.example.invalid/e08-05/5-4415?utm_source=share&ref=na85ljmo
6LBIt,https://made.example.invalid/e08-05/9-4416?utm_source=share&ref=0f0e7ymw
6LBIu,https://made.example.invalid/e08-05/13-4417?utm_source=share&ref=iu5dnc6b
6LBIv,https://made.example.invalid/e08-05/14-4418?utm_source=share&ref=1c2etha1
6LBIw,https://made.example.invalid/e08-05/6-4419?utm_source=share&ref=82czgx3d
6LBIx,https://made.example.invalid/e08-05/20-4420?utm_source=share&ref=gl4ncnvt
6LBIy,https://made.example.invalid/e08-05/18-4421?utm_source=share&ref=d4ha3uiz
6LBIz,https://made.example.invalid/e08-05/19-4422?utm_source=share&ref=ysum84bw
6LBIA,https://made.example.invalid/e08-05/23-4423?utm_source=share&ref=znssgoax
6LBIB,https://made.example.invalid/e08-05/4-4424?utm_source=share&ref=rfb16uxe
6LBIC,https://made.example.invalid/e08-05/5-4425?utm_source=share&ref=bhnv8lk3
6LBID,https://made.example.invalid/e08-05/9-4426?utm_source=share&ref=ujabr17m
6LBIE,https://made.example.invalid/e08-05/13-4427?utm_source=share&ref=jiq51xsq
6LBIF,https://made.example.invalid/e08-05/14-4428?utm_source=share&ref=xsk6g79f
6LBIG,https://made.example.invalid/e08-05/6-4429?utm_source=share&ref=gob4woy0
6LBIH,https://made.example.invalid/e08-05/20-4430?utm_source=share&ref=g74qp49t
6LBII,https://made.example.invalid/e08-05/18-4431?utm_source=share&ref=z2r2dxle
6LBIJ,https://made.example.invalid/e08-05/19-4432?utm_source=share&ref=czzowm2o
6LBIK,https://made.example.invalid/e08-05/23-4433?utm_source=share&ref=qkxumabl
6LBIL,https://made.example.invalid/e08-05/4-4434?utm_source=share&ref=fehdjc1a
6LBIM,https://made.example.invalid/e08-05/5-4435?utm_source=share&ref=4akz8jrk
6LBIN,https://made.example.invalid/e08-05/9-4436?utm_source=share&ref=ehn4jsjv
6LBIO,https://made.example.invalid/e08-05/13-4437?utm_source=share&ref=1fum243r
6LBIP,https://made.example.invalid/e08-05/14-4438?utm_source=share&ref=zqm6nxr2
6LBIQ,https://made.example.invalid/e08-05/6-4439?utm_source=share&ref=yxwclgjw
6LBIR,https://made.example.invalid/e08-05/20-4440?utm_source=share&ref=7i2n5c5e
6LBIS,https://made.example.invalid/e08-05/18-4441?utm_source=share&ref=2ro49jah
6LBIT,https://made.example.invalid/e08-05/19-4442?utm_source=share&ref=yqoonlur
6LBIU,https://made.example.invalid/e08-05/23-4443?utm_source=share&ref=gnzdvw01
6LBIV,https://made.example.invalid/e08-05/4-4444?utm_source=share&ref=8w5yyczc
6LBIW,https://made.example.invalid/e08-05/5-4445?utm_source=share&ref=jnb5nx8u
6LBIX,https://made.example.invalid/e08-05/9-4446?utm_source=share&ref=mcxt3lby
6LBIY,https://made.example.invalid/e08-05/13-4447?utm_source=share&ref=uiugd2s5
6LBIZ,https://made.example.invalid/e08-05/14-4448?utm_source=share&ref=b5gdjuqg
6LBJ0,https://made.example.invalid/e08-05/6-4449?utm_source=share&ref=h77qnv20
6LBJ1,https://made.example.invalid/e08-05/20-4450?utm_source=share&ref=d1d9r8sj
6LBJ2,https://made.example.invalid/e08-05/18-4451?utm_source=share&ref=jild3jff
6LBJ3,https://made.example.invalid/e08-05/19-4452?utm_source=share&ref=9z03ghrk
6LBJ4,https://made.example.invalid/e08-05/23-4453?utm_source=share&ref=ravtnca0
6LBJ5,https://made.example.invalid/e08-05/4-4454?utm_source=share&ref=6vdlsh6e
6LBJ6,https://made.example.invalid/e08-05/5-4455?utm_source=share&ref=yjlcksot
6LBJ7,https://made.example.invalid/e08-05/9-4456?utm_source=share&ref=grt9vlb2
6LBJ8,https://made.example.invalid/e08-05/13-4457?utm_source=share&ref=gup17wmp
6LBJ9,https://made.example.invalid/e08-05/14-4458?utm_source=share&ref=cljf7b0c
6LBJa,https://made.example.invalid/e08-05/6-4459?utm_source=share&ref=uek7f5g0
6LBJb,https://made.example.invalid/e08-05/20-4460?utm_source=share&ref=ppbw6u79
6LBJc,https://made.example.invalid/e08-05/18-4461?utm_source=share&ref=gt5ygic0
6LBJd,https://made.example.invalid/e08-05/19-4462?utm_source=share&ref=2ivlibt0
6LBJe,https://made.example.invalid/e08-05/23-4463?utm_source=share&ref=0hwm0t5q
6LBJf,https://made.example.invalid/e08-05/4-4464?utm_source=share&ref=xjy36ww6
6LBJg,https://made.example.invalid/e08-05/5-4465?utm_source=share&ref=nbncqoc8
6LBJh,https://made.example.invalid/e08-05/9-4466?utm_source=share&ref=er1ygkum
6LBJi,https://made.example.invalid/e08-05/13-4467?utm_source=share&ref=1rso19ya
6LBJj,https://made.example.invalid/e08-05/14-4468?utm_source=share&ref=fhqghlpr
6LBJk,https://made.example.invalid/e08-05/6-4469?utm_source=share&ref=q2eisa5j
6LBJl,https://made.example.invalid/e08-05/20-4470?utm_source=share&ref=f7gcci0f
6LBJm,https://made.example.invalid/e08-05/18-4471?utm_source=share&ref=omrdgnml
6LBJn,https://made.example.invalid/e08-05/19-4472?utm_source=share&ref=nv358n2g
6LBJo,https://made.example.invalid/e08-05/23-4473?utm_source=share&ref=v3ccg9fl
6LBJp,https://made.example.invalid/e08-05/4-4474?utm_source=share&ref=s4y2wk54
6LBJq,https://made.example.invalid/e08-05/5-4475?utm_source=share&ref=v0kyxph0
6LBJr,https://made.example.invalid/e08-05/9-4476?utm_source=share&ref=b429homx
6LBJs,https://made.example.invalid/e08-05/13-4477?utm_source=share&ref=vd9791g7
6LBJt,https://made.example.invalid/e08-05/14-4478?utm_source=share&ref=bcnwdv6o
6LBJu,https://made.example.invalid/e08-05/6-4479?utm_source=share&ref=v1gy575n
6LBJv,https://made.example.invalid/e08-05/20-4480?utm_source=share&ref=tpn4bbpa
6LBJw,https://made.example.invalid/e08-05/18-4481?utm_source=share&ref=z3kl29lc
6LBJx,https://made.example.invalid/e08-05/19-4482?utm_source=share&ref=ff5bow40
6LBJy,https://made.example.invalid/e08-05/23-4483?utm_source=share&ref=u7pqi4c2
6LBJz,https://made.example.invalid/e08-05/4-4484?utm_source=share&ref=9yc8lg09
6LBJA,https://made.example.invalid/e08-05/5-4485?utm_source=share&ref=16otgiu5
6LBJB,https://made.example.invalid/e08-05/9-4486?utm_source=share&ref=hukllw90
6LBJC,https://made.example.invalid/e08-05/13-4487?utm_source=share&ref=fokevtya
6LBJD,https://made.example.invalid/e08-05/14-4488?utm_source=share&ref=q0hb0f7u
6LBJE,https://made.example.invalid/e08-05/6-4489?utm_source=share&ref=f52y6rsl
6LBJF,https://made.example.invalid/e08-05/20-4490?utm_source=share&ref=gx6ix5bn
6LBJG,https://made.example.invalid/e08-05/18-4491?utm_source=share&ref=v1hycst2
6LBJH,https://made.example.invalid/e08-05/19-4492?utm_source=share&ref=ink7r9q1
6LBJI,https://made.example.invalid/e08-05/23-4493?utm_source=share&ref=dw32os90
6LBJJ,https://made.example.invalid/e08-05/4-4494?utm_source=share&ref=3n27t80z
6LBJK,https://made.example.invalid/e08-05/5-4495?utm_source=share&ref=pdprbdvi
6LBJL,https://made.example.invalid/e08-05/9-4496?utm_source=share&ref=8vqqffna
6LBJM,https://made.example.invalid/e08-05/13-4497?utm_source=share&ref=1krfgvt7
6LBJN,https://made.example.invalid/e08-05/14-4498?utm_source=share&ref=574uv9dh
6LBJO,https://made.example.invalid/e08-05/6-4499?utm_source=share&ref=yzfquvbi
6LBJP,https://made.example.invalid/e08-05/20-4500?utm_source=share&ref=s2ukufxz
6LBJQ,https://made.example.invalid/e08-05/18-4501?utm_source=share&ref=i64bg9rb
6LBJR,https://made.example.invalid/e08-05/19-4502?utm_source=share&ref=r1x63yv7
6LBJS,https://made.example.invalid/e08-05/23-4503?utm_source=share&ref=vxelp8ok
6LBJT,https://made.example.invalid/e08-05/4-4504?utm_source=share&ref=8j8my6xn
6LBJU,https://made.example.invalid/e08-05/5-4505?utm_source=share&ref=obf3f5ej
6LBJV,https://made.example.invalid/e08-05/9-4506?utm_source=share&ref=m4dcwyoj
6LBJW,https://made.example.invalid/e08-05/13-4507?utm_source=share&ref=p2rct681
6LBJX,https://made.example.invalid/e08-05/14-4508?utm_source=share&ref=9wz8br50
6LBJY,https://made.example.invalid/e08-05/6-4509?utm_source=share&ref=3oyqr2jq
6LBJZ,https://made.example.invalid/e08-05/20-4510?utm_source=share&ref=fgywkmvf
6LBK0,https://made.example.invalid/e08-05/18-4511?utm_source=share&ref=xpxod7n5
6LBK1,https://made.example.invalid/e08-05/19-4512?utm_source=share&ref=o1ysxnti
6LBK2,https://made.example.invalid/e08-05/23-4513?utm_source=share&ref=rlyqjipj
6LBK3,https://made.example.invalid/e08-05/4-4514?utm_source=share&ref=ad21fjjq
6LBK4,https://made.example.invalid/e08-05/5-4515?utm_source=share&ref=jvo30bra
6LBK5,https://made.example.invalid/e08-05/9-4516?utm_source=share&ref=hkdw9ugm
6LBK6,https://made.example.invalid/e08-05/13-4517?utm_source=share&ref=336c5o6v
6LBK7,https://made.example.invalid/e08-05/14-4518?utm_source=share&ref=prdntf6n
6LBK8,https://made.example.invalid/e08-05/6-4519?utm_source=share&ref=nn615eaj
6LBK9,https://made.example.invalid/e08-05/20-4520?utm_source=share&ref=qwh74041
6LBKa,https://made.example.invalid/e08-05/18-4521?utm_source=share&ref=atjk3h7e
6LBKb,https://made.example.invalid/e08-05/19-4522?utm_source=share&ref=p7m2jwkx
6LBKc,https://made.example.invalid/e08-05/23-4523?utm_source=share&ref=fi4cevb0
6LBKd,https://made.example.invalid/e08-05/4-4524?utm_source=share&ref=e1rky9hz
6LBKe,https://made.example.invalid/e08-05/5-4525?utm_source=share&ref=1o8p3k0d
6LBKf,https://made.example.invalid/e08-05/9-4526?utm_source=share&ref=auflw4cx
6LBKg,https://made.example.invalid/e08-05/13-4527?utm_source=share&ref=43c6q05c
6LBKh,https://made.example.invalid/e08-05/14-4528?utm_source=share&ref=qi8kkfjc
6LBKi,https://made.example.invalid/e08-05/6-4529?utm_source=share&ref=0s502ffw
6LBKj,https://made.example.invalid/e08-05/20-4530?utm_source=share&ref=2xacuxoj
6LBKk,https://made.example.invalid/e08-05/18-4531?utm_source=share&ref=7gmknhnz
6LBKl,https://made.example.invalid/e08-05/19-4532?utm_source=share&ref=66g7f6f8
6LBKm,https://made.example.invalid/e08-05/23-4533?utm_source=share&ref=zurdbtup
6LBKn,https://made.example.invalid/e08-05/4-4534?utm_source=share&ref=ghzt842z
6LBKo,https://made.example.invalid/e08-05/5-4535?utm_source=share&ref=t1u10hiq
6LBKp,https://made.example.invalid/e08-05/9-4536?utm_source=share&ref=88jag6od
6LBKq,https://made.example.invalid/e08-05/13-4537?utm_source=share&ref=z2ydglwp
6LBKr,https://made.example.invalid/e08-05/14-4538?utm_source=share&ref=vd00coyt
6LBKs,https://made.example.invalid/e08-05/6-4539?utm_source=share&ref=d9scapz4
6LBKt,https://made.example.invalid/e08-05/20-4540?utm_source=share&ref=wffpuxdy
6LBKu,https://made.example.invalid/e08-05/18-4541?utm_source=share&ref=4t0d3jb0
6LBKv,https://made.example.invalid/e08-05/19-4542?utm_source=share&ref=ir5ef3oe
6LBKw,https://made.example.invalid/e08-05/23-4543?utm_source=share&ref=9hhqoalb
6LBKx,https://made.example.invalid/e08-05/4-4544?utm_source=share&ref=ixumbncb
6LBKy,https://made.example.invalid/e08-05/5-4545?utm_source=share&ref=f1ybnig8
6LBKz,https://made.example.invalid/e08-05/9-4546?utm_source=share&ref=ted0j47l
6LBKA,https://made.example.invalid/e08-05/13-4547?utm_source=share&ref=gyu9fcc7
6LBKB,https://made.example.invalid/e08-05/14-4548?utm_source=share&ref=bfu1jl0d
6LBKC,https://made.example.invalid/e08-05/6-4549?utm_source=share&ref=6pxc7iiq
6LBKD,https://made.example.invalid/e08-05/20-4550?utm_source=share&ref=mo4n335e
6LBKE,https://made.example.invalid/e08-05/18-4551?utm_source=share&ref=2pign90m
6LBKF,https://made.example.invalid/e08-05/19-4552?utm_source=share&ref=q1cm83n5
6LBKG,https://made.example.invalid/e08-05/23-4553?utm_source=share&ref=0f9n1qvm
6LBKH,https://made.example.invalid/e08-05/4-4554?utm_source=share&ref=9kcwmgeo
6LBKI,https://made.example.invalid/e08-05/5-4555?utm_source=share&ref=dpro17g7
6LBKJ,https://made.example.invalid/e08-05/9-4556?utm_source=share&ref=2xw16eju
6LBKK,https://made.example.invalid/e08-05/13-4557?utm_source=share&ref=6prbo80x
6LBKL,https://made.example.invalid/e08-05/14-4558?utm_source=share&ref=0b2ft76l
6LBKM,https://made.example.invalid/e08-05/6-4559?utm_source=share&ref=tasmmi53
6LBKN,https://made.example.invalid/e08-05/20-4560?utm_source=share&ref=65n60uo5
6LBKO,https://made.example.invalid/e08-05/18-4561?utm_source=share&ref=oubbjt2b
6LBKP,https://made.example.invalid/e08-05/19-4562?utm_source=share&ref=bm2ipcdd
6LBKQ,https://made.example.invalid/e08-05/23-4563?utm_source=share&ref=6tvomugr
6LBKR,https://made.example.invalid/e08-05/4-4564?utm_source=share&ref=vpg17zs5
6LBKS,https://made.example.invalid/e08-05/5-4565?utm_source=share&ref=8rnzc952
6LBKT,https://made.example.invalid/e08-05/9-4566?utm_source=share&ref=qh7kfpyv
6LBKU,https://made.example.invalid/e08-05/13-4567?utm_source=share&ref=bbsxhuxz
6LBKV,https://made.example.invalid/e08-05/14-4568?utm_source=share&ref=tganyl8z
6LBKW,https://made.example.invalid/e08-05/6-4569?utm_source=share&ref=6zys3xl4
6LBKX,https://made.example.invalid/e08-05/20-4570?utm_source=share&ref=0nai6l0k
6LBKY,https://made.example.invalid/e08-05/18-4571?utm_source=share&ref=j2zz0t5m
6LBKZ,https://made.example.invalid/e08-05/19-4572?utm_source=share&ref=4i0gkhat
6LBL0,https://made.example.invalid/e08-05/23-4573?utm_source=share&ref=j0vxegfq
6LBL1,https://made.example.invalid/e08-05/4-4574?utm_source=share&ref=2cldcuqd
6LBL2,https://made.example.invalid/e08-05/5-4575?utm_source=share&ref=5vbrqj9d
6LBL3,https://made.example.invalid/e08-05/9-4576?utm_source=share&ref=wcek3796
6LBL4,https://made.example.invalid/e08-05/13-4577?utm_source=share&ref=44c7tc03
6LBL5,https://made.example.invalid/e08-05/14-4578?utm_source=share&ref=pa68hefo
6LBL6,https://made.example.invalid/e08-05/6-4579?utm_source=share&ref=ynapqfe2
6LBL7,https://made.example.invalid/e08-05/20-4580?utm_source=share&ref=2r46pmuh
6LBL8,https://made.example.invalid/e08-05/18-4581?utm_source=share&ref=kfqv4qrh
6LBL9,https://made.example.invalid/e08-05/19-4582?utm_source=share&ref=h5eyid41
6LBLa,https://made.example.invalid/e08-05/23-4583?utm_source=share&ref=bkjrihow
6LBLb,https://made.example.invalid/e08-05/4-4584?utm_source=share&ref=fei5j25z
6LBLc,https://made.example.invalid/e08-05/5-4585?utm_source=share&ref=9qzzky1p
6LBLd,https://made.example.invalid/e08-05/9-4586?utm_source=share&ref=of70rvwc
6LBLe,https://made.example.invalid/e08-05/13-4587?utm_source=share&ref=ixpb45qk
6LBLf,https://made.example.invalid/e08-05/14-4588?utm_source=share&ref=xs052wuj
6LBLg,https://made.example.invalid/e08-05/6-4589?utm_source=share&ref=m9tzc805
6LBLh,https://made.example.invalid/e08-05/20-4590?utm_source=share&ref=eu5s8ttu
6LBLi,https://made.example.invalid/e08-05/18-4591?utm_source=share&ref=vv7njhic
6LBLj,https://made.example.invalid/e08-05/19-4592?utm_source=share&ref=rhrnf7xm
6LBLk,https://made.example.invalid/e08-05/23-4593?utm_source=share&ref=z3tg5fe9
6LBLl,https://made.example.invalid/e08-05/4-4594?utm_source=share&ref=q6hey0zm
6LBLm,https://made.example.invalid/e08-05/5-4595?utm_source=share&ref=qlpk8jjt
6LBLn,https://made.example.invalid/e08-05/9-4596?utm_source=share&ref=3e79jogn
6LBLo,https://made.example.invalid/e08-05/13-4597?utm_source=share&ref=rkmlfexu
6LBLp,https://made.example.invalid/e08-05/14-4598?utm_source=share&ref=lfz894s0
6LBLq,https://made.example.invalid/e08-05/6-4599?utm_source=share&ref=r70k28qc
6LBLr,https://made.example.invalid/e08-05/20-4600?utm_source=share&ref=z1ldqoz1
6LBLs,https://made.example.invalid/e08-05/18-4601?utm_source=share&ref=24mn0o4z
6LBLt,https://made.example.invalid/e08-05/19-4602?utm_source=share&ref=3xurxric
6LBLu,https://made.example.invalid/e08-05/23-4603?utm_source=share&ref=g6qhldmr
6LBLv,https://made.example.invalid/e08-05/4-4604?utm_source=share&ref=eeotty4t
6LBLw,https://made.example.invalid/e08-05/5-4605?utm_source=share&ref=3oq3jh9y
6LBLx,https://made.example.invalid/e08-05/9-4606?utm_source=share&ref=1pw3biic
6LBLy,https://made.example.invalid/e08-05/13-4607?utm_source=share&ref=nqll9ilc
6LBLz,https://made.example.invalid/e08-05/14-4608?utm_source=share&ref=t0vz12jd
6LBLA,https://made.example.invalid/e08-05/6-4609?utm_source=share&ref=g7hinm0f
6LBLB,https://made.example.invalid/e08-05/20-4610?utm_source=share&ref=vjdxk7ao
6LBLC,https://made.example.invalid/e08-05/18-4611?utm_source=share&ref=52drhfqx
6LBLD,https://made.example.invalid/e08-05/19-4612?utm_source=share&ref=3r1feax2
6LBLE,https://made.example.invalid/e08-05/23-4613?utm_source=share&ref=eskdlt0y
6LBLF,https://made.example.invalid/e08-05/4-4614?utm_source=share&ref=5rnw4hcx
6LBLG,https://made.example.invalid/e08-05/5-4615?utm_source=share&ref=qwkr7n5l
6LBLH,https://made.example.invalid/e08-05/9-4616?utm_source=share&ref=mzri2czt
6LBLI,https://made.example.invalid/e08-05/13-4617?utm_source=share&ref=i0h4li8w
6LBLJ,https://made.example.invalid/e08-05/14-4618?utm_source=share&ref=u36a1b7d
6LBLK,https://made.example.invalid/e08-05/6-4619?utm_source=share&ref=t4vuposd
6LBLL,https://made.example.invalid/e08-05/20-4620?utm_source=share&ref=ddr80zq1
6LBLM,https://made.example.invalid/e08-05/18-4621?utm_source=share&ref=xhh25jaz
6LBLN,https://made.example.invalid/e08-05/19-4622?utm_source=share&ref=lia1qmz0
6LBLO,https://made.example.invalid/e08-05/23-4623?utm_source=share&ref=1gxrj487
6LBLP,https://made.example.invalid/e08-05/4-4624?utm_source=share&ref=33p3hkh3
6LBLQ,https://made.example.invalid/e08-05/5-4625?utm_source=share&ref=r4py5cft
6LBLR,https://made.example.invalid/e08-05/9-4626?utm_source=share&ref=lgc8f339
6LBLS,https://made.example.invalid/e08-05/13-4627?utm_source=share&ref=qwgnputw
6LBLT,https://made.example.invalid/e08-05/14-4628?utm_source=share&ref=assyj4bk
6LBLU,https://made.example.invalid/e08-05/6-4629?utm_source=share&ref=gv0e0ftc
6LBLV,https://made.example.invalid/e08-05/20-4630?utm_source=share&ref=306e84vi
6LBLW,https://made.example.invalid/e08-05/18-4631?utm_source=share&ref=2mc2zovx
6LBLX,https://made.example.invalid/e08-05/19-4632?utm_source=share&ref=wnbq6ydv
6LBLY,https://made.example.invalid/e08-05/23-4633?utm_source=share&ref=zv541ruw
6LBLZ,https://made.example.invalid/e08-05/4-4634?utm_source=share&ref=oszz57rf
6LBM0,https://made.example.invalid/e08-05/5-4635?utm_source=share&ref=5644e9jw
6LBM1,https://made.example.invalid/e08-05/9-4636?utm_source=share&ref=hkgm9gbd
6LBM2,https://made.example.invalid/e08-05/13-4637?utm_source=share&ref=3y9ec8l6
6LBM3,https://made.example.invalid/e08-05/14-4638?utm_source=share&ref=rd2hadsa
6LBM4,https://made.example.invalid/e08-05/6-4639?utm_source=share&ref=8jtopnoo
6LBM5,https://made.example.invalid/e08-05/20-4640?utm_source=share&ref=wgqvsz21
6LBM6,https://made.example.invalid/e08-05/18-4641?utm_source=share&ref=qy5n88l8
6LBM7,https://made.example.invalid/e08-05/19-4642?utm_source=share&ref=s6h8erjp
6LBM8,https://made.example.invalid/e08-05/23-4643?utm_source=share&ref=xbrzh6az
6LBM9,https://made.example.invalid/e08-05/4-4644?utm_source=share&ref=ncnf34kx
6LBMa,https://made.example.invalid/e08-05/5-4645?utm_source=share&ref=gdaqakma
6LBMb,https://made.example.invalid/e08-05/9-4646?utm_source=share&ref=ir8jhfk7
6LBMc,https://made.example.invalid/e08-05/13-4647?utm_source=share&ref=1936mmm1
6LBMd,https://made.example.invalid/e08-05/14-4648?utm_source=share&ref=qq74o4gv
6LBMe,https://made.example.invalid/e08-05/6-4649?utm_source=share&ref=odt4xp2i
6LBMf,https://made.example.invalid/e08-05/20-4650?utm_source=share&ref=5jxcfzth
6LBMg,https://made.example.invalid/e08-05/18-4651?utm_source=share&ref=8xtqniob
6LBMh,https://made.example.invalid/e08-05/19-4652?utm_source=share&ref=pjg4j234
6LBMi,https://made.example.invalid/e08-05/23-4653?utm_source=share&ref=szp5ov7e
6LBMj,https://made.example.invalid/e08-05/4-4654?utm_source=share&ref=ze82lu7h
6LBMk,https://made.example.invalid/e08-05/5-4655?utm_source=share&ref=eq5un2zn
6LBMl,https://made.example.invalid/e08-05/9-4656?utm_source=share&ref=kziikxpo
6LBMm,https://made.example.invalid/e08-05/13-4657?utm_source=share&ref=cke2jn2s
6LBMn,https://made.example.invalid/e08-05/14-4658?utm_source=share&ref=wsubu6sv
6LBMo,https://made.example.invalid/e08-05/6-4659?utm_source=share&ref=n7943ms8
6LBMp,https://made.example.invalid/e08-05/20-4660?utm_source=share&ref=4de8yo0z
6LBMq,https://made.example.invalid/e08-05/18-4661?utm_source=share&ref=wcxzohs5
6LBMr,https://made.example.invalid/e08-05/19-4662?utm_source=share&ref=e5kjy25c
6LBMs,https://made.example.invalid/e08-05/23-4663?utm_source=share&ref=3kff7xoo
6LBMt,https://made.example.invalid/e08-05/4-4664?utm_source=share&ref=djor6axq
6LBMu,https://made.example.invalid/e08-05/5-4665?utm_source=share&ref=e8qr4zlf
6LBMv,https://made.example.invalid/e08-05/9-4666?utm_source=share&ref=0kfj3ean
6LBMw,https://made.example.invalid/e08-05/13-4667?utm_source=share&ref=erdu0nkw
6LBMx,https://made.example.invalid/e08-05/14-4668?utm_source=share&ref=ozbuy848
6LBMy,https://made.example.invalid/e08-05/6-4669?utm_source=share&ref=sjs45pgm
6LBMz,https://made.example.invalid/e08-05/20-4670?utm_source=share&ref=n0p1tns5
6LBMA,https://made.example.invalid/e08-05/18-4671?utm_source=share&ref=za8ddcok
6LBMB,https://made.example.invalid/e08-05/19-4672?utm_source=share&ref=b5le7ry7
6LBMC,https://made.example.invalid/e08-05/23-4673?utm_source=share&ref=bt8ft1yi
6LBMD,https://made.example.invalid/e08-05/4-4674?utm_source=share&ref=szn2e59p
6LBME,https://made.example.invalid/e08-05/5-4675?utm_source=share&ref=yxxai54r
6LBMF,https://made.example.invalid/e08-05/9-4676?utm_source=share&ref=q5uyfgc8
6LBMG,https://made.example.invalid/e08-05/13-4677?utm_source=share&ref=xc68gs4f
6LBMH,https://made.example.invalid/e08-05/14-4678?utm_source=share&ref=8q9jgrg1
6LBMI,https://made.example.invalid/e08-05/6-4679?utm_source=share&ref=s1otwg7z
6LBMJ,https://made.example.invalid/e08-05/20-4680?utm_source=share&ref=g45z35z4
6LBMK,https://made.example.invalid/e08-05/18-4681?utm_source=share&ref=tmo5km6z
6LBML,https://made.example.invalid/e08-05/19-4682?utm_source=share&ref=v6lpnnsx
6LBMM,https://made.example.invalid/e08-05/23-4683?utm_source=share&ref=258k3zym
6LBMN,https://made.example.invalid/e08-05/4-4684?utm_source=share&ref=va393vmq
6LBMO,https://made.example.invalid/e08-05/5-4685?utm_source=share&ref=rpaz5csd
6LBMP,https://made.example.invalid/e08-05/9-4686?utm_source=share&ref=vgnjlz0j
6LBMQ,https://made.example.invalid/e08-05/13-4687?utm_source=share&ref=s8qmn9yr
6LBMR,https://made.example.invalid/e08-05/14-4688?utm_source=share&ref=8a5deu4q
6LBMS,https://made.example.invalid/e08-05/6-4689?utm_source=share&ref=zdmnt4sg
6LBMT,https://made.example.invalid/e08-05/20-4690?utm_source=share&ref=yc19gjmt
6LBMU,https://made.example.invalid/e08-05/18-4691?utm_source=share&ref=drykg41v
6LBMV,https://made.example.invalid/e08-05/19-4692?utm_source=share&ref=t1zc82vp
6LBMW,https://made.example.invalid/e08-05/23-4693?utm_source=share&ref=4z5b0kfk
6LBMX,https://made.example.invalid/e08-05/4-4694?utm_source=share&ref=rqx303ad
6LBMY,https://made.example.invalid/e08-05/5-4695?utm_source=share&ref=3hvmoicw
6LBMZ,https://made.example.invalid/e08-05/9-4696?utm_source=share&ref=anap7el0
6LBN0,https://made.example.invalid/e08-05/13-4697?utm_source=share&ref=z3whyc3n
6LBN1,https://made.example.invalid/e08-05/14-4698?utm_source=share&ref=ywpvyz5v
6LBN2,https://made.example.invalid/e08-05/6-4699?utm_source=share&ref=01t2b4kt
6LBN3,https://made.example.invalid/e08-05/20-4700?utm_source=share&ref=e3ck3zxx
6LBN4,https://made.example.invalid/e08-05/18-4701?utm_source=share&ref=cefjzbq4
6LBN5,https://made.example.invalid/e08-05/19-4702?utm_source=share&ref=wgj0k87w
6LBN6,https://made.example.invalid/e08-05/23-4703?utm_source=share&ref=i5897lzx
6LBN7,https://made.example.invalid/e08-05/4-4704?utm_source=share&ref=4yau4qkc
6LBN8,https://made.example.invalid/e08-05/5-4705?utm_source=share&ref=a34eqm0j
6LBN9,https://made.example.invalid/e08-05/9-4706?utm_source=share&ref=s96etb2c
6LBNa,https://made.example.invalid/e08-05/13-4707?utm_source=share&ref=egazedbu
6LBNb,https://made.example.invalid/e08-05/14-4708?utm_source=share&ref=9y44wdqn
6LBNc,https://made.example.invalid/e08-05/6-4709?utm_source=share&ref=2f139h85
6LBNd,https://made.example.invalid/e08-05/20-4710?utm_source=share&ref=pho38dow
6LBNe,https://made.example.invalid/e08-05/18-4711?utm_source=share&ref=04utuont
6LBNf,https://made.example.invalid/e08-05/19-4712?utm_source=share&ref=yrtajyla
6LBNg,https://made.example.invalid/e08-05/23-4713?utm_source=share&ref=6lquif2c
6LBNh,https://made.example.invalid/e08-05/4-4714?utm_source=share&ref=xr9iypqm
6LBNi,https://made.example.invalid/e08-05/5-4715?utm_source=share&ref=gy9w9el2
6LBNj,https://made.example.invalid/e08-05/9-4716?utm_source=share&ref=32c6cygn
6LBNk,https://made.example.invalid/e08-05/13-4717?utm_source=share&ref=5lc87i01
6LBNl,https://made.example.invalid/e08-05/14-4718?utm_source=share&ref=c2rjwdbo
6LBNm,https://made.example.invalid/e08-05/6-4719?utm_source=share&ref=ezajshuo
6LBNn,https://made.example.invalid/e08-05/20-4720?utm_source=share&ref=w8rfj6tk
6LBNo,https://made.example.invalid/e08-05/18-4721?utm_source=share&ref=z2o9rcrr
6LBNp,https://made.example.invalid/e08-05/19-4722?utm_source=share&ref=gda9oedl
6LBNq,https://made.example.invalid/e08-05/23-4723?utm_source=share&ref=hr3lnr8q
6LBNr,https://made.example.invalid/e08-05/4-4724?utm_source=share&ref=nzw2womj
6LBNs,https://made.example.invalid/e08-05/5-4725?utm_source=share&ref=abm5wxcy
6LBNt,https://made.example.invalid/e08-05/9-4726?utm_source=share&ref=qaz0nocx
6LBNu,https://made.example.invalid/e08-05/13-4727?utm_source=share&ref=32rx69i0
6LBNv,https://made.example.invalid/e08-05/14-4728?utm_source=share&ref=tmb9guww
6LBNw,https://made.example.invalid/e08-05/6-4729?utm_source=share&ref=b8vuwcyd
6LBNx,https://made.example.invalid/e08-05/20-4730?utm_source=share&ref=hptsuw8u
6LBNy,https://made.example.invalid/e08-05/18-4731?utm_source=share&ref=9ydbsiwd
6LBNz,https://made.example.invalid/e08-05/19-4732?utm_source=share&ref=486qkeur
6LBNA,https://made.example.invalid/e08-05/23-4733?utm_source=share&ref=riy8vllv
6LBNB,https://made.example.invalid/e08-05/4-4734?utm_source=share&ref=0vq0kc33
6LBNC,https://made.example.invalid/e08-05/5-4735?utm_source=share&ref=v9zq6bbp
6LBND,https://made.example.invalid/e08-05/9-4736?utm_source=share&ref=dzxf9vml
6LBNE,https://made.example.invalid/e08-05/13-4737?utm_source=share&ref=71jb8dgx
6LBNF,https://made.example.invalid/e08-05/14-4738?utm_source=share&ref=w1x13xbp
6LBNG,https://made.example.invalid/e08-05/6-4739?utm_source=share&ref=dqg4dejh
6LBNH,https://made.example.invalid/e08-05/20-4740?utm_source=share&ref=u2bps9v3
6LBNI,https://made.example.invalid/e08-05/18-4741?utm_source=share&ref=mpms58h8
6LBNJ,https://made.example.invalid/e08-05/19-4742?utm_source=share&ref=4kzvfzrs
6LBNK,https://made.example.invalid/e08-05/23-4743?utm_source=share&ref=8xhlzc77
6LBNL,https://made.example.invalid/e08-05/4-4744?utm_source=share&ref=hcc3k7qa
6LBNM,https://made.example.invalid/e08-05/5-4745?utm_source=share&ref=ozym8s6r
6LBNN,https://made.example.invalid/e08-05/9-4746?utm_source=share&ref=ig7syf9o
6LBNO,https://made.example.invalid/e08-05/13-4747?utm_source=share&ref=esrs83b0
6LBNP,https://made.example.invalid/e08-05/14-4748?utm_source=share&ref=sz72nm5w
6LBNQ,https://made.example.invalid/e08-05/6-4749?utm_source=share&ref=y6wrkamz
6LBNR,https://made.example.invalid/e08-05/20-4750?utm_source=share&ref=11h7a3pe
6LBNS,https://made.example.invalid/e08-05/18-4751?utm_source=share&ref=u9g4pk2v
6LBNT,https://made.example.invalid/e08-05/19-4752?utm_source=share&ref=e984pa0r
6LBNU,https://made.example.invalid/e08-05/23-4753?utm_source=share&ref=xh93jmso
6LBNV,https://made.example.invalid/e08-05/4-4754?utm_source=share&ref=omf1so8k
6LBNW,https://made.example.invalid/e08-05/5-4755?utm_source=share&ref=izz9b3c3
6LBNX,https://made.example.invalid/e08-05/9-4756?utm_source=share&ref=b8ddt7ff
6LBNY,https://made.example.invalid/e08-05/13-4757?utm_source=share&ref=i8hgzsqz
6LBNZ,https://made.example.invalid/e08-05/14-4758?utm_source=share&ref=zojui2iy
6LBO0,https://made.example.invalid/e08-05/6-4759?utm_source=share&ref=j97mpv9v
6LBO1,https://made.example.invalid/e08-05/20-4760?utm_source=share&ref=yq2iepw3
6LBO2,https://made.example.invalid/e08-05/18-4761?utm_source=share&ref=etnlp4gp
6LBO3,https://made.example.invalid/e08-05/19-4762?utm_source=share&ref=sob81bs4
6LBO4,https://made.example.invalid/e08-05/23-4763?utm_source=share&ref=la4g10ra
6LBO5,https://made.example.invalid/e08-05/4-4764?utm_source=share&ref=6xs4a3c8
6LBO6,https://made.example.invalid/e08-05/5-4765?utm_source=share&ref=se8f810m
6LBO7,https://made.example.invalid/e08-05/9-4766?utm_source=share&ref=trsgkacm
6LBO8,https://made.example.invalid/e08-05/13-4767?utm_source=share&ref=s9t3qen8
6LBO9,https://made.example.invalid/e08-05/14-4768?utm_source=share&ref=f9nw0x0j
6LBOa,https://made.example.invalid/e08-05/6-4769?utm_source=share&ref=u8hambno
6LBOb,https://made.example.invalid/e08-05/20-4770?utm_source=share&ref=qywwmao4
6LBOc,https://made.example.invalid/e08-05/18-4771?utm_source=share&ref=albh28tn
6LBOd,https://made.example.invalid/e08-05/19-4772?utm_source=share&ref=a3cs27rd
6LBOe,https://made.example.invalid/e08-05/23-4773?utm_source=share&ref=9pza8sfn
6LBOf,https://made.example.invalid/e08-05/4-4774?utm_source=share&ref=ona2teeg
6LBOg,https://made.example.invalid/e08-05/5-4775?utm_source=share&ref=pnaxijcl
6LBOh,https://made.example.invalid/e08-05/9-4776?utm_source=share&ref=9pmu1wqq
6LBOi,https://made.example.invalid/e08-05/13-4777?utm_source=share&ref=w4iggljm
6LBOj,https://made.example.invalid/e08-05/14-4778?utm_source=share&ref=wqfwp493
6LBOk,https://made.example.invalid/e08-05/6-4779?utm_source=share&ref=17lor11d
6LBOl,https://made.example.invalid/e08-05/20-4780?utm_source=share&ref=w3myk0i5
6LBOm,https://made.example.invalid/e08-05/18-4781?utm_source=share&ref=xquqdc97
6LBOn,https://made.example.invalid/e08-05/19-4782?utm_source=share&ref=fig3y8d9
6LBOo,https://made.example.invalid/e08-05/23-4783?utm_source=share&ref=1hkax720
6LBOp,https://made.example.invalid/e08-05/4-4784?utm_source=share&ref=604w3bax
6LBOq,https://made.example.invalid/e08-05/5-4785?utm_source=share&ref=flesrdm3
6LBOr,https://made.example.invalid/e08-05/9-4786?utm_source=share&ref=31yc0m21
6LBOs,https://made.example.invalid/e08-05/13-4787?utm_source=share&ref=n35um2ts
6LBOt,https://made.example.invalid/e08-05/14-4788?utm_source=share&ref=d27n3gxt
6LBOu,https://made.example.invalid/e08-05/6-4789?utm_source=share&ref=gasmdp0k
6LBOv,https://made.example.invalid/e08-05/20-4790?utm_source=share&ref=gg0phawc
6LBOw,https://made.example.invalid/e08-05/18-4791?utm_source=share&ref=5d9p7pye
6LBOx,https://made.example.invalid/e08-05/19-4792?utm_source=share&ref=9pmwhscj
6LBOy,https://made.example.invalid/e08-05/23-4793?utm_source=share&ref=ghrr03m2
6LBOz,https://made.example.invalid/e08-05/4-4794?utm_source=share&ref=mjhg3a2d
6LBOA,https://made.example.invalid/e08-05/5-4795?utm_source=share&ref=y8dd40ee
6LBOB,https://made.example.invalid/e08-05/9-4796?utm_source=share&ref=b2l9berj
6LBOC,https://made.example.invalid/e08-05/13-4797?utm_source=share&ref=d7r6abf9
6LBOD,https://made.example.invalid/e08-05/14-4798?utm_source=share&ref=5z2dcklv
6LBOE,https://made.example.invalid/e08-05/6-4799?utm_source=share&ref=j34dhsto
6LBOF,https://made.example.invalid/e08-05/20-4800?utm_source=share&ref=udup075j
6LBOG,https://made.example.invalid/e08-05/18-4801?utm_source=share&ref=7lbq68f8
6LBOH,https://made.example.invalid/e08-05/19-4802?utm_source=share&ref=ev2bzdte
6LBOI,https://made.example.invalid/e08-05/23-4803?utm_source=share&ref=agwingeg
6LBOJ,https://made.example.invalid/e08-05/4-4804?utm_source=share&ref=gao3owr3
6LBOK,https://made.example.invalid/e08-05/5-4805?utm_source=share&ref=3sfkgfhm
6LBOL,https://made.example.invalid/e08-05/9-4806?utm_source=share&ref=mafx5zqh
6LBOM,https://made.example.invalid/e08-05/13-4807?utm_source=share&ref=d4mfx0es
6LBON,https://made.example.invalid/e08-05/14-4808?utm_source=share&ref=71cblp9h
6LBOO,https://made.example.invalid/e08-05/6-4809?utm_source=share&ref=8yh9vw7e
6LBOP,https://made.example.invalid/e08-05/20-4810?utm_source=share&ref=3wnuiisx
6LBOQ,https://made.example.invalid/e08-05/18-4811?utm_source=share&ref=38dkymcf
6LBOR,https://made.example.invalid/e08-05/19-4812?utm_source=share&ref=jbtsjq9m
6LBOS,https://made.example.invalid/e08-05/23-4813?utm_source=share&ref=zlr0nt9t
6LBOT,https://made.example.invalid/e08-05/4-4814?utm_source=share&ref=ilzclgaa
6LBOU,https://made.example.invalid/e08-05/5-4815?utm_source=share&ref=yeq0pd0g
6LBOV,https://made.example.invalid/e08-05/9-4816?utm_source=share&ref=vy6uvm2f
6LBOW,https://made.example.invalid/e08-05/13-4817?utm_source=share&ref=gekriz0w
6LBOX,https://made.example.invalid/e08-05/14-4818?utm_source=share&ref=p75k4mgy
6LBOY,https://made.example.invalid/e08-05/6-4819?utm_source=share&ref=teodpy5l
6LBOZ,https://made.example.invalid/e08-05/20-4820?utm_source=share&ref=f9lsh7t7
6LBP0,https://made.example.invalid/e08-05/18-4821?utm_source=share&ref=573sg3oc
6LBP1,https://made.example.invalid/e08-05/19-4822?utm_source=share&ref=vye2k2pc
6LBP2,https://made.example.invalid/e08-05/23-4823?utm_source=share&ref=714p0pp1
6LBP3,https://made.example.invalid/e08-05/4-4824?utm_source=share&ref=9eayp7tk
6LBP4,https://made.example.invalid/e08-05/5-4825?utm_source=share&ref=qreg74e9
6LBP5,https://made.example.invalid/e08-05/9-4826?utm_source=share&ref=2wm1jy4b
6LBP6,https://made.example.invalid/e08-05/13-4827?utm_source=share&ref=bwo9p4uv
6LBP7,https://made.example.invalid/e08-05/14-4828?utm_source=share&ref=ac4xkmny
6LBP8,https://made.example.invalid/e08-05/6-4829?utm_source=share&ref=k49itx68
6LBP9,https://made.example.invalid/e08-05/20-4830?utm_source=share&ref=awkvjr4m
6LBPa,https://made.example.invalid/e08-05/18-4831?utm_source=share&ref=n9hmbuma
6LBPb,https://made.example.invalid/e08-05/19-4832?utm_source=share&ref=5txcew1k
6LBPc,https://made.example.invalid/e08-05/23-4833?utm_source=share&ref=hk6vxppt
6LBPd,https://made.example.invalid/e08-05/4-4834?utm_source=share&ref=d9hqj2ln
6LBPe,https://made.example.invalid/e08-05/5-4835?utm_source=share&ref=a2m7vbc6
6LBPf,https://made.example.invalid/e08-05/9-4836?utm_source=share&ref=wjhesdzd
6LBPg,https://made.example.invalid/e08-05/13-4837?utm_source=share&ref=sf3l2dkd
6LBPh,https://made.example.invalid/e08-05/14-4838?utm_source=share&ref=oqkuciho
6LBPi,https://made.example.invalid/e08-05/6-4839?utm_source=share&ref=y4dhorrq
6LBPj,https://made.example.invalid/e08-05/20-4840?utm_source=share&ref=xnfdi9h6
6LBPk,https://made.example.invalid/e08-05/18-4841?utm_source=share&ref=n9u1bmdz
6LBPl,https://made.example.invalid/e08-05/19-4842?utm_source=share&ref=gccjeh0g
6LBPm,https://made.example.invalid/e08-05/23-4843?utm_source=share&ref=3i8sb2nk
6LBPn,https://made.example.invalid/e08-05/4-4844?utm_source=share&ref=rmu8ipqc
6LBPo,https://made.example.invalid/e08-05/5-4845?utm_source=share&ref=lw9lmnk6
6LBPp,https://made.example.invalid/e08-05/9-4846?utm_source=share&ref=7ob36fst
6LBPq,https://made.example.invalid/e08-05/13-4847?utm_source=share&ref=p9r94o6y
6LBPr,https://made.example.invalid/e08-05/14-4848?utm_source=share&ref=mii9him9
6LBPs,https://made.example.invalid/e08-05/6-4849?utm_source=share&ref=i7tu073b
6LBPt,https://made.example.invalid/e08-05/20-4850?utm_source=share&ref=ro6jzy2i
6LBPu,https://made.example.invalid/e08-05/18-4851?utm_source=share&ref=un1jc9ev
6LBPv,https://made.example.invalid/e08-05/19-4852?utm_source=share&ref=jjpstvdr
6LBPw,https://made.example.invalid/e08-05/23-4853?utm_source=share&ref=e95ohkgk
6LBPx,https://made.example.invalid/e08-05/4-4854?utm_source=share&ref=2u7ua8lu
6LBPy,https://made.example.invalid/e08-05/5-4855?utm_source=share&ref=2b9ovley
6LBPz,https://made.example.invalid/e08-05/9-4856?utm_source=share&ref=y2gsb44c
6LBPA,https://made.example.invalid/e08-05/13-4857?utm_source=share&ref=3fkh64kz
6LBPB,https://made.example.invalid/e08-05/14-4858?utm_source=share&ref=bw5sp8uu
6LBPC,https://made.example.invalid/e08-05/6-4859?utm_source=share&ref=ypwutu1z
6LBPD,https://made.example.invalid/e08-05/20-4860?utm_source=share&ref=yke8p5v8
6LBPE,https://made.example.invalid/e08-05/18-4861?utm_source=share&ref=gd7vm3d3
6LBPF,https://made.example.invalid/e08-05/19-4862?utm_source=share&ref=6l0xffx6
6LBPG,https://made.example.invalid/e08-05/23-4863?utm_source=share&ref=lod5kt38
6LBPH,https://made.example.invalid/e08-05/4-4864?utm_source=share&ref=v96wsfbn
6LBPI,https://made.example.invalid/e08-05/5-4865?utm_source=share&ref=axh6op8r
6LBPJ,https://made.example.invalid/e08-05/9-4866?utm_source=share&ref=upio1tuh
6LBPK,https://made.example.invalid/e08-05/13-4867?utm_source=share&ref=zok7gx0p
6LBPL,https://made.example.invalid/e08-05/14-4868?utm_source=share&ref=xu3km22f
6LBPM,https://made.example.invalid/e08-05/6-4869?utm_source=share&ref=7fu6dwu0
6LBPN,https://made.example.invalid/e08-05/20-4870?utm_source=share&ref=4kzpz8bc
6LBPO,https://made.example.invalid/e08-05/18-4871?utm_source=share&ref=z23is96y
6LBPP,https://made.example.invalid/e08-05/19-4872?utm_source=share&ref=jhxr3k9b
6LBPQ,https://made.example.invalid/e08-05/23-4873?utm_source=share&ref=gtmjbcny
6LBPR,https://made.example.invalid/e08-05/4-4874?utm_source=share&ref=8etxktfy
6LBPS,https://made.example.invalid/e08-05/5-4875?utm_source=share&ref=alm0oglf
6LBPT,https://made.example.invalid/e08-05/9-4876?utm_source=share&ref=bma8p9d5
6LBPU,https://made.example.invalid/e08-05/13-4877?utm_source=share&ref=p0wdiuvf
6LBPV,https://made.example.invalid/e08-05/14-4878?utm_source=share&ref=b5h1x4zp
6LBPW,https://made.example.invalid/e08-05/6-4879?utm_source=share&ref=bvzm4e6n
6LBPX,https://made.example.invalid/e08-05/20-4880?utm_source=share&ref=fc5o6gz1
6LBPY,https://made.example.invalid/e08-05/18-4881?utm_source=share&ref=d5xfmamb
6LBPZ,https://made.example.invalid/e08-05/19-4882?utm_source=share&ref=kzzye040
6LBQ0,https://made.example.invalid/e08-05/23-4883?utm_source=share&ref=07zgnlxa
6LBQ1,https://made.example.invalid/e08-05/4-4884?utm_source=share&ref=rh2n9gbh
6LBQ2,https://made.example.invalid/e08-05/5-4885?utm_source=share&ref=4932eboy
6LBQ3,https://made.example.invalid/e08-05/9-4886?utm_source=share&ref=4183y6my
6LBQ4,https://made.example.invalid/e08-05/13-4887?utm_source=share&ref=d64drm0w
6LBQ5,https://made.example.invalid/e08-05/14-4888?utm_source=share&ref=yk1476aj
6LBQ6,https://made.example.invalid/e08-05/6-4889?utm_source=share&ref=kmeeicgs
6LBQ7,https://made.example.invalid/e08-05/20-4890?utm_source=share&ref=gwxbxmrq
6LBQ8,https://made.example.invalid/e08-05/18-4891?utm_source=share&ref=rkbzrp1s
6LBQ9,https://made.example.invalid/e08-05/19-4892?utm_source=share&ref=omg00asq
6LBQa,https://made.example.invalid/e08-05/23-4893?utm_source=share&ref=m7vzmjqy
6LBQb,https://made.example.invalid/e08-05/4-4894?utm_source=share&ref=5lqohwvd
6LBQc,https://made.example.invalid/e08-05/5-4895?utm_source=share&ref=gxwya3wp
6LBQd,https://made.example.invalid/e08-05/9-4896?utm_source=share&ref=6in5momj
6LBQe,https://made.example.invalid/e08-05/13-4897?utm_source=share&ref=z83jioq0
6LBQf,https://made.example.invalid/e08-05/14-4898?utm_source=share&ref=6jfrax7c
6LBQg,https://made.example.invalid/e08-05/6-4899?utm_source=share&ref=rgt0q5kt
6LBQh,https://made.example.invalid/e08-05/20-4900?utm_source=share&ref=f9r5dj1p
6LBQi,https://made.example.invalid/e08-05/18-4901?utm_source=share&ref=4v157ere
6LBQj,https://made.example.invalid/e08-05/19-4902?utm_source=share&ref=ec8b9pqf
6LBQk,https://made.example.invalid/e08-05/23-4903?utm_source=share&ref=1k15z6se
6LBQl,https://made.example.invalid/e08-05/4-4904?utm_source=share&ref=uk7cnpwn
6LBQm,https://made.example.invalid/e08-05/5-4905?utm_source=share&ref=bwwlwt7z
6LBQn,https://made.example.invalid/e08-05/9-4906?utm_source=share&ref=jplxmgcw
6LBQo,https://made.example.invalid/e08-05/13-4907?utm_source=share&ref=tlmfqxxr
6LBQp,https://made.example.invalid/e08-05/14-4908?utm_source=share&ref=lypi7fyl
6LBQq,https://made.example.invalid/e08-05/6-4909?utm_source=share&ref=rdapsv7m
6LBQr,https://made.example.invalid/e08-05/20-4910?utm_source=share&ref=k8wfq6i1
6LBQs,https://made.example.invalid/e08-05/18-4911?utm_source=share&ref=aa6g8qu1
6LBQt,https://made.example.invalid/e08-05/19-4912?utm_source=share&ref=3r8awgf4
6LBQu,https://made.example.invalid/e08-05/23-4913?utm_source=share&ref=wlcgrsjt
6LBQv,https://made.example.invalid/e08-05/4-4914?utm_source=share&ref=o3zww801
6LBQw,https://made.example.invalid/e08-05/5-4915?utm_source=share&ref=fefyixf6
6LBQx,https://made.example.invalid/e08-05/9-4916?utm_source=share&ref=s3j4natl
6LBQy,https://made.example.invalid/e08-05/13-4917?utm_source=share&ref=e8dhipj0
6LBQz,https://made.example.invalid/e08-05/14-4918?utm_source=share&ref=etrjkbv7
6LBQA,https://made.example.invalid/e08-05/6-4919?utm_source=share&ref=e1hws18d
6LBQB,https://made.example.invalid/e08-05/20-4920?utm_source=share&ref=njun4pwr
6LBQC,https://made.example.invalid/e08-05/18-4921?utm_source=share&ref=kygum5gx
6LBQD,https://made.example.invalid/e08-05/19-4922?utm_source=share&ref=grewwrz0
6LBQE,https://made.example.invalid/e08-05/23-4923?utm_source=share&ref=1xo8ljvx
6LBQF,https://made.example.invalid/e08-05/4-4924?utm_source=share&ref=zhbxmgxs
6LBQG,https://made.example.invalid/e08-05/5-4925?utm_source=share&ref=mrd2orwg
6LBQH,https://made.example.invalid/e08-05/9-4926?utm_source=share&ref=obzmfizs
6LBQI,https://made.example.invalid/e08-05/13-4927?utm_source=share&ref=palelo0m
6LBQJ,https://made.example.invalid/e08-05/14-4928?utm_source=share&ref=f5nafxm1
6LBQK,https://made.example.invalid/e08-05/6-4929?utm_source=share&ref=sypna0fo
6LBQL,https://made.example.invalid/e08-05/20-4930?utm_source=share&ref=j6j08guz
6LBQM,https://made.example.invalid/e08-05/18-4931?utm_source=share&ref=tja2bsgx
6LBQN,https://made.example.invalid/e08-05/19-4932?utm_source=share&ref=9pe99bza
6LBQO,https://made.example.invalid/e08-05/23-4933?utm_source=share&ref=apypn4gb
6LBQP,https://made.example.invalid/e08-05/4-4934?utm_source=share&ref=452v84wi
6LBQQ,https://made.example.invalid/e08-05/5-4935?utm_source=share&ref=8i6s89jc
6LBQR,https://made.example.invalid/e08-05/9-4936?utm_source=share&ref=r3do6kel
6LBQS,https://made.example.invalid/e08-05/13-4937?utm_source=share&ref=5vt6jdvc
6LBQT,https://made.example.invalid/e08-05/14-4938?utm_source=share&ref=4yizlggb
6LBQU,https://made.example.invalid/e08-05/6-4939?utm_source=share&ref=erjwatmh
6LBQV,https://made.example.invalid/e08-05/20-4940?utm_source=share&ref=pp77bu20
6LBQW,https://made.example.invalid/e08-05/18-4941?utm_source=share&ref=6i8jpes5
6LBQX,https://made.example.invalid/e08-05/19-4942?utm_source=share&ref=3mq1izff
6LBQY,https://made.example.invalid/e08-05/23-4943?utm_source=share&ref=w09k25z8
6LBQZ,https://made.example.invalid/e08-05/4-4944?utm_source=share&ref=1m8chhly
6LBR0,https://made.example.invalid/e08-05/5-4945?utm_source=share&ref=2hgvk8v1
6LBR1,https://made.example.invalid/e08-05/9-4946?utm_source=share&ref=kbxfei2i
6LBR2,https://made.example.invalid/e08-05/13-4947?utm_source=share&ref=atx1i3up
6LBR3,https://made.example.invalid/e08-05/14-4948?utm_source=share&ref=1dr6bztg
6LBR4,https://made.example.invalid/e08-05/6-4949?utm_source=share&ref=ng38i180
6LBR5,https://made.example.invalid/e08-05/20-4950?utm_source=share&ref=bmreklvb
6LBR6,https://made.example.invalid/e08-05/18-4951?utm_source=share&ref=rft71af8
6LBR7,https://made.example.invalid/e08-05/19-4952?utm_source=share&ref=cwm1py0q
6LBR8,https://made.example.invalid/e08-05/23-4953?utm_source=share&ref=66v57ylu
6LBR9,https://made.example.invalid/e08-05/4-4954?utm_source=share&ref=166ulzo4
6LBRa,https://made.example.invalid/e08-05/5-4955?utm_source=share&ref=0a2nirt7
6LBRb,https://made.example.invalid/e08-05/9-4956?utm_source=share&ref=qu99hm52
6LBRc,https://made.example.invalid/e08-05/13-4957?utm_source=share&ref=fmjzr0ha
6LBRd,https://made.example.invalid/e08-05/14-4958?utm_source=share&ref=3whrlmz7
6LBRe,https://made.example.invalid/e08-05/6-4959?utm_source=share&ref=dhh4cver
6LBRf,https://made.example.invalid/e08-05/20-4960?utm_source=share&ref=qnct0ab5
6LBRg,https://made.example.invalid/e08-05/18-4961?utm_source=share&ref=zzx55730
6LBRh,https://made.example.invalid/e08-05/19-4962?utm_source=share&ref=5asc72cj
6LBRi,https://made.example.invalid/e08-05/23-4963?utm_source=share&ref=tvhppdpt
6LBRj,https://made.example.invalid/e08-05/4-4964?utm_source=share&ref=v0t8n5v2
6LBRk,https://made.example.invalid/e08-05/5-4965?utm_source=share&ref=ggilfhod
6LBRl,https://made.example.invalid/e08-05/9-4966?utm_source=share&ref=3cs8og83
6LBRm,https://made.example.invalid/e08-05/13-4967?utm_source=share&ref=xrey9dc0
6LBRn,https://made.example.invalid/e08-05/14-4968?utm_source=share&ref=qnajyjtz
6LBRo,https://made.example.invalid/e08-05/6-4969?utm_source=share&ref=uouglnss
6LBRp,https://made.example.invalid/e08-05/20-4970?utm_source=share&ref=072phibt
6LBRq,https://made.example.invalid/e08-05/18-4971?utm_source=share&ref=f9ob95kt
6LBRr,https://made.example.invalid/e08-05/19-4972?utm_source=share&ref=pzcigq85
6LBRs,https://made.example.invalid/e08-05/23-4973?utm_source=share&ref=enejol6o
6LBRt,https://made.example.invalid/e08-05/4-4974?utm_source=share&ref=9zizir9e
6LBRu,https://made.example.invalid/e08-05/5-4975?utm_source=share&ref=tc9a3ua6
6LBRv,https://made.example.invalid/e08-05/9-4976?utm_source=share&ref=f29xj5vo
6LBRw,https://made.example.invalid/e08-05/13-4977?utm_source=share&ref=1x1g8m3u
6LBRx,https://made.example.invalid/e08-05/14-4978?utm_source=share&ref=uor65qnr
6LBRy,https://made.example.invalid/e08-05/6-4979?utm_source=share&ref=9w78d56j
6LBRz,https://made.example.invalid/e08-05/20-4980?utm_source=share&ref=xrjgf41n
6LBRA,https://made.example.invalid/e08-05/18-4981?utm_source=share&ref=ttzl1zgs
6LBRB,https://made.example.invalid/e08-05/19-4982?utm_source=share&ref=8w3ayjk5
6LBRC,https://made.example.invalid/e08-05/23-4983?utm_source=share&ref=v0of1o2t
6LBRD,https://made.example.invalid/e08-05/4-4984?utm_source=share&ref=do7wd1w1
6LBRE,https://made.example.invalid/e08-05/5-4985?utm_source=share&ref=k81lxokv
6LBRF,https://made.example.invalid/e08-05/9-4986?utm_source=share&ref=3wk6tqei
6LBRG,https://made.example.invalid/e08-05/13-4987?utm_source=share&ref=qhqbwqd8
6LBRH,https://made.example.invalid/e08-05/14-4988?utm_source=share&ref=jtaexf7m
6LBRI,https://made.example.invalid/e08-05/6-4989?utm_source=share&ref=q176ln55
6LBRJ,https://made.example.invalid/e08-05/20-4990?utm_source=share&ref=stq440mg
6LBRK,https://made.example.invalid/e08-05/18-4991?utm_source=share&ref=gejp2ize
6LBRL,https://made.example.invalid/e08-05/19-4992?utm_source=share&ref=qyehfap1
6LBRM,https://made.example.invalid/e08-05/23-4993?utm_source=share&ref=arnqyw1v
6LBRN,https://made.example.invalid/e08-05/4-4994?utm_source=share&ref=7vlc0t4t
6LBRO,https://made.example.invalid/e08-05/5-4995?utm_source=share&ref=azndyj9z
6LBRP,https://made.example.invalid/e08-05/9-4996?utm_source=share&ref=jrioapaj
6LBRQ,https://made.example.invalid/e08-05/13-4997?utm_source=share&ref=c4ay5ayt
6LBRR,https://made.example.invalid/e08-05/14-4998?utm_source=share&ref=1dmpm8ax
6LBRS,https://made.example.invalid/e08-05/6-4999?utm_source=share&ref=ojveqyr4
6LBRT,https://made.example.invalid/e08-05/20-5000?utm_source=share&ref=4q42rsnz
6LBRU,https://made.example.invalid/e08-05/18-5001?utm_source=share&ref=7dot9sqv
6LBRV,https://made.example.invalid/e08-05/19-5002?utm_source=share&ref=z8o12sbo
6LBRW,https://made.example.invalid/e08-05/23-5003?utm_source=share&ref=jgikr5j1
6LBRX,https://made.example.invalid/e08-05/4-5004?utm_source=share&ref=lk4t6ag3
6LBRY,https://made.example.invalid/e08-05/5-5005?utm_source=share&ref=9zxkfpd3
6LBRZ,https://made.example.invalid/e08-05/9-5006?utm_source=share&ref=j7d09niq
6LBS0,https://made.example.invalid/e08-05/13-5007?utm_source=share&ref=d2xlve54
6LBS1,https://made.example.invalid/e08-05/14-5008?utm_source=share&ref=8o4vun27
6LBS2,https://made.example.invalid/e08-05/6-5009?utm_source=share&ref=4b49pvb0
6LBS3,https://made.example.invalid/e08-05/20-5010?utm_source=share&ref=01jpzwy8
6LBS4,https://made.example.invalid/e08-05/18-5011?utm_source=share&ref=5wqtyno4
6LBS5,https://made.example.invalid/e08-05/19-5012?utm_source=share&ref=u9h3z1l7
6LBS6,https://made.example.invalid/e08-05/23-5013?utm_source=share&ref=9ay5riow
6LBS7,https://made.example.invalid/e08-05/4-5014?utm_source=share&ref=5odr4ki1
6LBS8,https://made.example.invalid/e08-05/5-5015?utm_source=share&ref=5idq79ag
6LBS9,https://made.example.invalid/e08-05/9-5016?utm_source=share&ref=02ziivbd
6LBSa,https://made.example.invalid/e08-05/13-5017?utm_source=share&ref=wl89cton
6LBSb,https://made.example.invalid/e08-05/14-5018?utm_source=share&ref=zyzs4jcc
6LBSc,https://made.example.invalid/e08-05/6-5019?utm_source=share&ref=uagmjool
6LBSd,https://made.example.invalid/e08-05/20-5020?utm_source=share&ref=fw075pk8
6LBSe,https://made.example.invalid/e08-05/18-5021?utm_source=share&ref=bjl3sz04
6LBSf,https://made.example.invalid/e08-05/19-5022?utm_source=share&ref=g9uedl86
6LBSg,https://made.example.invalid/e08-05/23-5023?utm_source=share&ref=85ziduvv
6LBSh,https://made.example.invalid/e08-05/4-5024?utm_source=share&ref=vder903b
6LBSi,https://made.example.invalid/e08-05/5-5025?utm_source=share&ref=8l9cxrz2
6LBSj,https://made.example.invalid/e08-05/9-5026?utm_source=share&ref=gwtwod4r
6LBSk,https://made.example.invalid/e08-05/13-5027?utm_source=share&ref=adcsksy6
6LBSl,https://made.example.invalid/e08-05/14-5028?utm_source=share&ref=qfxdl7j5
6LBSm,https://made.example.invalid/e08-05/6-5029?utm_source=share&ref=ughpvp6x
6LBSn,https://made.example.invalid/e08-05/20-5030?utm_source=share&ref=13q48qun
6LBSo,https://made.example.invalid/e08-05/18-5031?utm_source=share&ref=q9xjd2cs
6LBSp,https://made.example.invalid/e08-05/19-5032?utm_source=share&ref=qnmexdtl
6LBSq,https://made.example.invalid/e08-05/23-5033?utm_source=share&ref=enyqpvos
6LBSr,https://made.example.invalid/e08-05/4-5034?utm_source=share&ref=8hsffxn6
6LBSs,https://made.example.invalid/e08-05/5-5035?utm_source=share&ref=lwpyjd9c
6LBSt,https://made.example.invalid/e08-05/9-5036?utm_source=share&ref=bn7n68vh
6LBSu,https://made.example.invalid/e08-05/13-5037?utm_source=share&ref=rdwxa6dj
6LBSv,https://made.example.invalid/e08-05/14-5038?utm_source=share&ref=uxd4tqr3
6LBSw,https://made.example.invalid/e08-05/6-5039?utm_source=share&ref=7czhicy4
6LBSx,https://made.example.invalid/e08-05/20-5040?utm_source=share&ref=hojkprfp
6LBSy,https://made.example.invalid/e08-05/18-5041?utm_source=share&ref=fr5kxhu8
6LBSz,https://made.example.invalid/e08-05/19-5042?utm_source=share&ref=ear3w8fs
6LBSA,https://made.example.invalid/e08-05/23-5043?utm_source=share&ref=qwf6xwsl
6LBSB,https://made.example.invalid/e08-05/4-5044?utm_source=share&ref=okhx6f20
6LBSC,https://made.example.invalid/e08-05/5-5045?utm_source=share&ref=j7e0yliy
6LBSD,https://made.example.invalid/e08-05/9-5046?utm_source=share&ref=iq9m419x
6LBSE,https://made.example.invalid/e08-05/13-5047?utm_source=share&ref=0nowjxkh
6LBSF,https://made.example.invalid/e08-05/14-5048?utm_source=share&ref=98vqdplf
6LBSG,https://made.example.invalid/e08-05/6-5049?utm_source=share&ref=1hnkkc3w
6LBSH,https://made.example.invalid/e08-05/20-5050?utm_source=share&ref=ixqmsyx8
6LBSI,https://made.example.invalid/e08-05/18-5051?utm_source=share&ref=fdnyet4p
6LBSJ,https://made.example.invalid/e08-05/19-5052?utm_source=share&ref=a8qs6ddp
6LBSK,https://made.example.invalid/e08-05/23-5053?utm_source=share&ref=pewvrrb5
6LBSL,https://made.example.invalid/e08-05/4-5054?utm_source=share&ref=wdw709ro
6LBSM,https://made.example.invalid/e08-05/5-5055?utm_source=share&ref=5jflb96n
6LBSN,https://made.example.invalid/e08-05/9-5056?utm_source=share&ref=r0r05vb2
6LBSO,https://made.example.invalid/e08-05/13-5057?utm_source=share&ref=amn6anu5
6LBSP,https://made.example.invalid/e08-05/14-5058?utm_source=share&ref=vw0svpn6
6LBSQ,https://made.example.invalid/e08-05/6-5059?utm_source=share&ref=eyqxvc9b
6LBSR,https://made.example.invalid/e08-05/20-5060?utm_source=share&ref=5hxxnpgq
6LBSS,https://made.example.invalid/e08-05/18-5061?utm_source=share&ref=6dvnhcsc
6LBST,https://made.example.invalid/e08-05/19-5062?utm_source=share&ref=m1jtr4gk
6LBSU,https://made.example.invalid/e08-05/23-5063?utm_source=share&ref=sg8ltrhh
6LBSV,https://made.example.invalid/e08-05/4-5064?utm_source=share&ref=9btn0c12
6LBSW,https://made.example.invalid/e08-05/5-5065?utm_source=share&ref=rk2n2tjc
6LBSX,https://made.example.invalid/e08-05/9-5066?utm_source=share&ref=v1k1p1vp
6LBSY,https://made.example.invalid/e08-05/13-5067?utm_source=share&ref=4qn6chkm
6LBSZ,https://made.example.invalid/e08-05/14-5068?utm_source=share&ref=4bkfxi6o
6LBT0,https://made.example.invalid/e08-05/6-5069?utm_source=share&ref=ms36keu9
6LBT1,https://made.example.invalid/e08-05/20-5070?utm_source=share&ref=6g8l6uk7
6LBT2,https://made.example.invalid/e08-05/18-5071?utm_source=share&ref=5ycx09u9
6LBT3,https://made.example.invalid/e08-05/19-5072?utm_source=share&ref=bnfq29o8
6LBT4,https://made.example.invalid/e08-05/23-5073?utm_source=share&ref=5fhemrz4
6LBT5,https://made.example.invalid/e08-05/4-5074?utm_source=share&ref=6107v9pq
6LBT6,https://made.example.invalid/e08-05/5-5075?utm_source=share&ref=4irfspmv
6LBT7,https://made.example.invalid/e08-05/9-5076?utm_source=share&ref=zqdtd2j3
6LBT8,https://made.example.invalid/e08-05/13-5077?utm_source=share&ref=raypwik6
6LBT9,https://made.example.invalid/e08-05/14-5078?utm_source=share&ref=5qczb5gp
6LBTa,https://made.example.invalid/e08-05/6-5079?utm_source=share&ref=q3xsx91p
6LBTb,https://made.example.invalid/e08-05/20-5080?utm_source=share&ref=y33cw3eo
6LBTc,https://made.example.invalid/e08-05/18-5081?utm_source=share&ref=bfblt6kz
6LBTd,https://made.example.invalid/e08-05/19-5082?utm_source=share&ref=sc13wgkt
6LBTe,https://made.example.invalid/e08-05/23-5083?utm_source=share&ref=9hu70yov
6LBTf,https://made.example.invalid/e08-05/4-5084?utm_source=share&ref=4qn41r54
6LBTg,https://made.example.invalid/e08-05/5-5085?utm_source=share&ref=tt0qgogb
6LBTh,https://made.example.invalid/e08-05/9-5086?utm_source=share&ref=61h0wuy9
6LBTi,https://made.example.invalid/e08-05/13-5087?utm_source=share&ref=wojozzxd
6LBTj,https://made.example.invalid/e08-05/14-5088?utm_source=share&ref=0mdnyx5f
6LBTk,https://made.example.invalid/e08-05/6-5089?utm_source=share&ref=4k6aogwd
6LBTl,https://made.example.invalid/e08-05/20-5090?utm_source=share&ref=5c5g8707
6LBTm,https://made.example.invalid/e08-05/18-5091?utm_source=share&ref=4klzdokp
6LBTn,https://made.example.invalid/e08-05/19-5092?utm_source=share&ref=6t1hxbcy
6LBTo,https://made.example.invalid/e08-05/23-5093?utm_source=share&ref=vdien5w8
6LBTp,https://made.example.invalid/e08-05/4-5094?utm_source=share&ref=lnm1d9qj
6LBTq,https://made.example.invalid/e08-05/5-5095?utm_source=share&ref=dipn322b
6LBTr,https://made.example.invalid/e08-05/9-5096?utm_source=share&ref=e9z5fq4w
6LBTs,https://made.example.invalid/e08-05/13-5097?utm_source=share&ref=9349x6tc
6LBTt,https://made.example.invalid/e08-05/14-5098?utm_source=share&ref=4py9fo8j
6LBTu,https://made.example.invalid/e08-05/6-5099?utm_source=share&ref=9obnf9sb
6LBTv,https://made.example.invalid/e08-05/20-5100?utm_source=share&ref=wadunqvv
6LBTw,https://made.example.invalid/e08-05/18-5101?utm_source=share&ref=i4eils7s
6LBTx,https://made.example.invalid/e08-05/19-5102?utm_source=share&ref=27jk70hj
6LBTy,https://made.example.invalid/e08-05/23-5103?utm_source=share&ref=iv3oea2s
6LBTz,https://made.example.invalid/e08-05/4-5104?utm_source=share&ref=vkgpxyc6
6LBTA,https://made.example.invalid/e08-05/5-5105?utm_source=share&ref=z1azawjh
6LBTB,https://made.example.invalid/e08-05/9-5106?utm_source=share&ref=310mty0x
6LBTC,https://made.example.invalid/e08-05/13-5107?utm_source=share&ref=nbhum29k
6LBTD,https://made.example.invalid/e08-05/14-5108?utm_source=share&ref=v4v5g4qy
6LBTE,https://made.example.invalid/e08-05/6-5109?utm_source=share&ref=78n3baws
6LBTF,https://made.example.invalid/e08-05/20-5110?utm_source=share&ref=eq3aurj4
6LBTG,https://made.example.invalid/e08-05/18-5111?utm_source=share&ref=q4tnv49r
6LBTH,https://made.example.invalid/e08-05/19-5112?utm_source=share&ref=7qe90rk9
6LBTI,https://made.example.invalid/e08-05/23-5113?utm_source=share&ref=ebx0bz2y
6LBTJ,https://made.example.invalid/e08-05/4-5114?utm_source=share&ref=hwqe49el
6LBTK,https://made.example.invalid/e08-05/5-5115?utm_source=share&ref=vss0b5ly
6LBTL,https://made.example.invalid/e08-05/9-5116?utm_source=share&ref=9vjpwsxm
6LBTM,https://made.example.invalid/e08-05/13-5117?utm_source=share&ref=hecvacxd
6LBTN,https://made.example.invalid/e08-05/14-5118?utm_source=share&ref=d4at40z0
6LBTO,https://made.example.invalid/e08-05/6-5119?utm_source=share&ref=bb30pc8a
6LBTP,https://made.example.invalid/e08-05/20-5120?utm_source=share&ref=shfwvws1
6LBTQ,https://made.example.invalid/e08-05/18-5121?utm_source=share&ref=ly37koq3
6LBTR,https://made.example.invalid/e08-05/19-5122?utm_source=share&ref=187acmbc
6LBTS,https://made.example.invalid/e08-05/23-5123?utm_source=share&ref=cg4tr8o9
6LBTT,https://made.example.invalid/e08-05/4-5124?utm_source=share&ref=io4cutgr
6LBTU,https://made.example.invalid/e08-05/5-5125?utm_source=share&ref=8xxl1xeo
6LBTV,https://made.example.invalid/e08-05/9-5126?utm_source=share&ref=95o9jm85
6LBTW,https://made.example.invalid/e08-05/13-5127?utm_source=share&ref=lqmfru98
6LBTX,https://made.example.invalid/e08-05/14-5128?utm_source=share&ref=dsmp7huo
6LBTY,https://made.example.invalid/e08-05/6-5129?utm_source=share&ref=8saw6zsv
6LBTZ,https://made.example.invalid/e08-05/20-5130?utm_source=share&ref=yoegjwko
6LBU0,https://made.example.invalid/e08-05/18-5131?utm_source=share&ref=w0luq10i
6LBU1,https://made.example.invalid/e08-05/19-5132?utm_source=share&ref=a0lndp1w
6LBU2,https://made.example.invalid/e08-05/23-5133?utm_source=share&ref=3gcraqv1
6LBU3,https://made.example.invalid/e08-05/4-5134?utm_source=share&ref=8nvp5v9t
6LBU4,https://made.example.invalid/e08-05/5-5135?utm_source=share&ref=0s8oxf1u
6LBU5,https://made.example.invalid/e08-05/9-5136?utm_source=share&ref=hewgi7e6
6LBU6,https://made.example.invalid/e08-05/13-5137?utm_source=share&ref=77fnx51e
6LBU7,https://made.example.invalid/e08-05/14-5138?utm_source=share&ref=fhe9fv22
6LBU8,https://made.example.invalid/e08-05/6-5139?utm_source=share&ref=8r126pr1
6LBU9,https://made.example.invalid/e08-05/20-5140?utm_source=share&ref=m2sdqrgd
6LBUa,https://made.example.invalid/e08-05/18-5141?utm_source=share&ref=gga8nqlg
6LBUb,https://made.example.invalid/e08-05/19-5142?utm_source=share&ref=bom71nqh
6LBUc,https://made.example.invalid/e08-05/23-5143?utm_source=share&ref=el18x30s
6LBUd,https://made.example.invalid/e08-05/4-5144?utm_source=share&ref=nxwg1i4f
6LBUe,https://made.example.invalid/e08-05/5-5145?utm_source=share&ref=648946n8
6LBUf,https://made.example.invalid/e08-05/9-5146?utm_source=share&ref=r9oud4sl
6LBUg,https://made.example.invalid/e08-05/13-5147?utm_source=share&ref=f5eilcws
6LBUh,https://made.example.invalid/e08-05/14-5148?utm_source=share&ref=krgkepkz
6LBUi,https://made.example.invalid/e08-05/6-5149?utm_source=share&ref=8b94lswx
6LBUj,https://made.example.invalid/e08-05/20-5150?utm_source=share&ref=ltmokisq
6LBUk,https://made.example.invalid/e08-05/18-5151?utm_source=share&ref=g7r5n7pj
6LBUl,https://made.example.invalid/e08-05/19-5152?utm_source=share&ref=jy0tiz35
6LBUm,https://made.example.invalid/e08-05/23-5153?utm_source=share&ref=ptek974v
6LBUn,https://made.example.invalid/e08-05/4-5154?utm_source=share&ref=ow8svq24
6LBUo,https://made.example.invalid/e08-05/5-5155?utm_source=share&ref=huql41lu
6LBUp,https://made.example.invalid/e08-05/9-5156?utm_source=share&ref=vs2l25yf
6LBUq,https://made.example.invalid/e08-05/13-5157?utm_source=share&ref=9rt04r8q
6LBUr,https://made.example.invalid/e08-05/14-5158?utm_source=share&ref=j79myzan
6LBUs,https://made.example.invalid/e08-05/6-5159?utm_source=share&ref=zkcq3xk3
6LBUt,https://made.example.invalid/e08-05/20-5160?utm_source=share&ref=enwoiesi
6LBUu,https://made.example.invalid/e08-05/18-5161?utm_source=share&ref=p2a4dku2
6LBUv,https://made.example.invalid/e08-05/19-5162?utm_source=share&ref=4fdvfh8g
6LBUw,https://made.example.invalid/e08-05/23-5163?utm_source=share&ref=maq4a3qb
6LBUx,https://made.example.invalid/e08-05/4-5164?utm_source=share&ref=xi5sp6oz
6LBUy,https://made.example.invalid/e08-05/5-5165?utm_source=share&ref=79g1udap
6LBUz,https://made.example.invalid/e08-05/9-5166?utm_source=share&ref=55jhbuou
6LBUA,https://made.example.invalid/e08-05/13-5167?utm_source=share&ref=vpgd7218
6LBUB,https://made.example.invalid/e08-05/14-5168?utm_source=share&ref=usabeq67
6LBUC,https://made.example.invalid/e08-05/6-5169?utm_source=share&ref=gw2mtp4z
6LBUD,https://made.example.invalid/e08-05/20-5170?utm_source=share&ref=8z5xl1vc
6LBUE,https://made.example.invalid/e08-05/18-5171?utm_source=share&ref=5dozzk7f
6LBUF,https://made.example.invalid/e08-05/19-5172?utm_source=share&ref=kpdh57e3
6LBUG,https://made.example.invalid/e08-05/23-5173?utm_source=share&ref=q0hojei6
6LBUH,https://made.example.invalid/e08-05/4-5174?utm_source=share&ref=7n1csfwd
6LBUI,https://made.example.invalid/e08-05/5-5175?utm_source=share&ref=sgmmpr9t
6LBUJ,https://made.example.invalid/e08-05/9-5176?utm_source=share&ref=d42789rt
6LBUK,https://made.example.invalid/e08-05/13-5177?utm_source=share&ref=av0j5ou4
6LBUL,https://made.example.invalid/e08-05/14-5178?utm_source=share&ref=7pejj54k
6LBUM,https://made.example.invalid/e08-05/6-5179?utm_source=share&ref=n564fse0
6LBUN,https://made.example.invalid/e08-05/20-5180?utm_source=share&ref=qp581sl0
6LBUO,https://made.example.invalid/e08-05/18-5181?utm_source=share&ref=jpxuxxa5
6LBUP,https://made.example.invalid/e08-05/19-5182?utm_source=share&ref=5hjq6b7i
6LBUQ,https://made.example.invalid/e08-05/23-5183?utm_source=share&ref=b8h1jnpx
6LBUR,https://made.example.invalid/e08-05/4-5184?utm_source=share&ref=2y846hrx
6LBUS,https://made.example.invalid/e08-05/5-5185?utm_source=share&ref=2egqjuc8
6LBUT,https://made.example.invalid/e08-05/9-5186?utm_source=share&ref=dnbi91fh
6LBUU,https://made.example.invalid/e08-05/13-5187?utm_source=share&ref=h1g58n6i
6LBUV,https://made.example.invalid/e08-05/14-5188?utm_source=share&ref=p65xfx4l
6LBUW,https://made.example.invalid/e08-05/6-5189?utm_source=share&ref=xiknf2nt
6LBUX,https://made.example.invalid/e08-05/20-5190?utm_source=share&ref=yw95pbfz
6LBUY,https://made.example.invalid/e08-05/18-5191?utm_source=share&ref=4u880avc
6LBUZ,https://made.example.invalid/e08-05/19-5192?utm_source=share&ref=lo1g3by6
6LBV0,https://made.example.invalid/e08-05/23-5193?utm_source=share&ref=n5mh84gb
6LBV1,https://made.example.invalid/e08-05/4-5194?utm_source=share&ref=lut5mr9v
6LBV2,https://made.example.invalid/e08-05/5-5195?utm_source=share&ref=3vat0yki
6LBV3,https://made.example.invalid/e08-05/9-5196?utm_source=share&ref=woa7xp9r
6LBV4,https://made.example.invalid/e08-05/13-5197?utm_source=share&ref=rljjmptx
6LBV5,https://made.example.invalid/e08-05/14-5198?utm_source=share&ref=bhkr4ldc
6LBV6,https://made.example.invalid/e08-05/6-5199?utm_source=share&ref=hg1hobgb
6LBV7,https://made.example.invalid/e08-05/20-5200?utm_source=share&ref=jsu5ij3j
6LBV8,https://made.example.invalid/e08-05/18-5201?utm_source=share&ref=05rq4loy
6LBV9,https://made.example.invalid/e08-05/19-5202?utm_source=share&ref=mzrn1qoz
6LBVa,https://made.example.invalid/e08-05/23-5203?utm_source=share&ref=8agvy7sk
6LBVb,https://made.example.invalid/e08-05/4-5204?utm_source=share&ref=ysbegxcb
6LBVc,https://made.example.invalid/e08-05/5-5205?utm_source=share&ref=d4lmmcw6
6LBVd,https://made.example.invalid/e08-05/9-5206?utm_source=share&ref=9986so2t
6LBVe,https://made.example.invalid/e08-05/13-5207?utm_source=share&ref=f08znry7
6LBVf,https://made.example.invalid/e08-05/14-5208?utm_source=share&ref=m47rs17f
6LBVg,https://made.example.invalid/e08-05/6-5209?utm_source=share&ref=3kownxph
6LBVh,https://made.example.invalid/e08-05/20-5210?utm_source=share&ref=v8ypcdlw
6LBVi,https://made.example.invalid/e08-05/18-5211?utm_source=share&ref=k5hpikk1
6LBVj,https://made.example.invalid/e08-05/19-5212?utm_source=share&ref=4pzndyh9
6LBVk,https://made.example.invalid/e08-05/23-5213?utm_source=share&ref=04w3zb3j
6LBVl,https://made.example.invalid/e08-05/4-5214?utm_source=share&ref=5xnqbs4o
6LBVm,https://made.example.invalid/e08-05/5-5215?utm_source=share&ref=1ohb3bmy
6LBVn,https://made.example.invalid/e08-05/9-5216?utm_source=share&ref=l4qo2r05
6LBVo,https://made.example.invalid/e08-05/13-5217?utm_source=share&ref=2568bjsm
6LBVp,https://made.example.invalid/e08-05/14-5218?utm_source=share&ref=jjgfpuxf
6LBVq,https://made.example.invalid/e08-05/6-5219?utm_source=share&ref=iqaoz7c1
6LBVr,https://made.example.invalid/e08-05/20-5220?utm_source=share&ref=z6228xui
6LBVs,https://made.example.invalid/e08-05/18-5221?utm_source=share&ref=b48gvwq5
6LBVt,https://made.example.invalid/e08-05/19-5222?utm_source=share&ref=gjoxzf3l
6LBVu,https://made.example.invalid/e08-05/23-5223?utm_source=share&ref=muwvkqi5
6LBVv,https://made.example.invalid/e08-05/4-5224?utm_source=share&ref=frz9xp8l
6LBVw,https://made.example.invalid/e08-05/5-5225?utm_source=share&ref=h6sjjftg
6LBVx,https://made.example.invalid/e08-05/9-5226?utm_source=share&ref=1ngxcpjl
6LBVy,https://made.example.invalid/e08-05/13-5227?utm_source=share&ref=tkkqp48u
6LBVz,https://made.example.invalid/e08-05/14-5228?utm_source=share&ref=ap7gchf6
6LBVA,https://made.example.invalid/e08-05/6-5229?utm_source=share&ref=8xeoq7ae
6LBVB,https://made.example.invalid/e08-05/20-5230?utm_source=share&ref=x9a4ljg1
6LBVC,https://made.example.invalid/e08-05/18-5231?utm_source=share&ref=nsp4wwtz
6LBVD,https://made.example.invalid/e08-05/19-5232?utm_source=share&ref=uhur655a
6LBVE,https://made.example.invalid/e08-05/23-5233?utm_source=share&ref=grw6egln
6LBVF,https://made.example.invalid/e08-05/4-5234?utm_source=share&ref=5t2h5agk
6LBVG,https://made.example.invalid/e08-05/5-5235?utm_source=share&ref=izrov5c1
6LBVH,https://made.example.invalid/e08-05/9-5236?utm_source=share&ref=ny8v8v8q
6LBVI,https://made.example.invalid/e08-05/13-5237?utm_source=share&ref=oc8o8xlf
6LBVJ,https://made.example.invalid/e08-05/14-5238?utm_source=share&ref=lkasntzx
6LBVK,https://made.example.invalid/e08-05/6-5239?utm_source=share&ref=4lne2voc
6LBVL,https://made.example.invalid/e08-05/20-5240?utm_source=share&ref=3sznvmu6
6LBVM,https://made.example.invalid/e08-05/18-5241?utm_source=share&ref=0d6u1udm
6LBVN,https://made.example.invalid/e08-05/19-5242?utm_source=share&ref=clr3qfcd
6LBVO,https://made.example.invalid/e08-05/23-5243?utm_source=share&ref=ewbjc5gq
6LBVP,https://made.example.invalid/e08-05/4-5244?utm_source=share&ref=zzukocnx
6LBVQ,https://made.example.invalid/e08-05/5-5245?utm_source=share&ref=ocs0fbey
6LBVR,https://made.example.invalid/e08-05/9-5246?utm_source=share&ref=g4y378u2
6LBVS,https://made.example.invalid/e08-05/13-5247?utm_source=share&ref=7tsp6u8w
6LBVT,https://made.example.invalid/e08-05/14-5248?utm_source=share&ref=x8gxsjox
6LBVU,https://made.example.invalid/e08-05/6-5249?utm_source=share&ref=pj9c2wz5
6LBVV,https://made.example.invalid/e08-05/20-5250?utm_source=share&ref=o3a7seew
6LBVW,https://made.example.invalid/e08-05/18-5251?utm_source=share&ref=ymhws3le
6LBVX,https://made.example.invalid/e08-05/19-5252?utm_source=share&ref=meek67rp
6LBVY,https://made.example.invalid/e08-05/23-5253?utm_source=share&ref=yibam43v
6LBVZ,https://made.example.invalid/e08-05/4-5254?utm_source=share&ref=4ly9fse2
6LBW0,https://made.example.invalid/e08-05/5-5255?utm_source=share&ref=akng4ql0
6LBW1,https://made.example.invalid/e08-05/9-5256?utm_source=share&ref=bdik9soh
6LBW2,https://made.example.invalid/e08-05/13-5257?utm_source=share&ref=v5xciml7
6LBW3,https://made.example.invalid/e08-05/14-5258?utm_source=share&ref=2rrconwk
6LBW4,https://made.example.invalid/e08-05/6-5259?utm_source=share&ref=k1nov4f9
6LBW5,https://made.example.invalid/e08-05/20-5260?utm_source=share&ref=36arav7j
6LBW6,https://made.example.invalid/e08-05/18-5261?utm_source=share&ref=abpeef9e
6LBW7,https://made.example.invalid/e08-05/19-5262?utm_source=share&ref=1hfsjl8c
6LBW8,https://made.example.invalid/e08-05/23-5263?utm_source=share&ref=e6xavbcu
6LBW9,https://made.example.invalid/e08-05/4-5264?utm_source=share&ref=vvpz6ezl
6LBWa,https://made.example.invalid/e08-05/5-5265?utm_source=share&ref=12taygzp
6LBWb,https://made.example.invalid/e08-05/9-5266?utm_source=share&ref=rktuck8r
6LBWc,https://made.example.invalid/e08-05/13-5267?utm_source=share&ref=tzzgm1iq
6LBWd,https://made.example.invalid/e08-05/14-5268?utm_source=share&ref=ne9j8i4t
6LBWe,https://made.example.invalid/e08-05/6-5269?utm_source=share&ref=idq0f758
6LBWf,https://made.example.invalid/e08-05/20-5270?utm_source=share&ref=dyn1mwr9
6LBWg,https://made.example.invalid/e08-05/18-5271?utm_source=share&ref=ceeztx2h
6LBWh,https://made.example.invalid/e08-05/19-5272?utm_source=share&ref=kc8gmg8p
6LBWi,https://made.example.invalid/e08-05/23-5273?utm_source=share&ref=e5m6g1yk
6LBWj,https://made.example.invalid/e08-05/4-5274?utm_source=share&ref=8markkda
6LBWk,https://made.example.invalid/e08-05/5-5275?utm_source=share&ref=lsqunnvp
6LBWl,https://made.example.invalid/e08-05/9-5276?utm_source=share&ref=a2pxev9g
6LBWm,https://made.example.invalid/e08-05/13-5277?utm_source=share&ref=4ltdkhjf
6LBWn,https://made.example.invalid/e08-05/14-5278?utm_source=share&ref=c7hoxvrn
6LBWo,https://made.example.invalid/e08-05/6-5279?utm_source=share&ref=nptpz3e1
6LBWp,https://made.example.invalid/e08-05/20-5280?utm_source=share&ref=9p2t0gop
6LBWq,https://made.example.invalid/e08-05/18-5281?utm_source=share&ref=cd8c3851
6LBWr,https://made.example.invalid/e08-05/19-5282?utm_source=share&ref=4m90fhyr
6LBWs,https://made.example.invalid/e08-05/23-5283?utm_source=share&ref=b1vm0h7y
6LBWt,https://made.example.invalid/e08-05/4-5284?utm_source=share&ref=rk6ram2v
6LBWu,https://made.example.invalid/e08-05/5-5285?utm_source=share&ref=xz815sw5
6LBWv,https://made.example.invalid/e08-05/9-5286?utm_source=share&ref=lyg0qaxj
6LBWw,https://made.example.invalid/e08-05/13-5287?utm_source=share&ref=m2a4vfzj
6LBWx,https://made.example.invalid/e08-05/14-5288?utm_source=share&ref=jqbjmr73
6LBWy,https://made.example.invalid/e08-05/6-5289?utm_source=share&ref=obfjwy86
6LBWz,https://made.example.invalid/e08-05/20-5290?utm_source=share&ref=8cxm9la8
6LBWA,https://made.example.invalid/e08-05/18-5291?utm_source=share&ref=f78am45t
6LBWB,https://made.example.invalid/e08-05/19-5292?utm_source=share&ref=o4cl32kj
6LBWC,https://made.example.invalid/e08-05/23-5293?utm_source=share&ref=f125025x
6LBWD,https://made.example.invalid/e08-05/4-5294?utm_source=share&ref=jcejk8y8
6LBWE,https://made.example.invalid/e08-05/5-5295?utm_source=share&ref=1e5xshtr
6LBWF,https://made.example.invalid/e08-05/9-5296?utm_source=share&ref=o8utu1rv
6LBWG,https://made.example.invalid/e08-05/13-5297?utm_source=share&ref=5w6cxfgb
6LBWH,https://made.example.invalid/e08-05/14-5298?utm_source=share&ref=1m3u2bxn
6LBWI,https://made.example.invalid/e08-05/6-5299?utm_source=share&ref=5jjugv28
6LBWJ,https://made.example.invalid/e08-05/20-5300?utm_source=share&ref=qxb92s0m
6LBWK,https://made.example.invalid/e08-05/18-5301?utm_source=share&ref=09cd3ueg
6LBWL,https://made.example.invalid/e08-05/19-5302?utm_source=share&ref=cr83ypnf
6LBWM,https://made.example.invalid/e08-05/23-5303?utm_source=share&ref=1j8de5f5
6LBWN,https://made.example.invalid/e08-05/4-5304?utm_source=share&ref=qbhr5ez5
6LBWO,https://made.example.invalid/e08-05/5-5305?utm_source=share&ref=elrwscv2
6LBWP,https://made.example.invalid/e08-05/9-5306?utm_source=share&ref=99ev5s4j
6LBWQ,https://made.example.invalid/e08-05/13-5307?utm_source=share&ref=k1vyd7fn
6LBWR,https://made.example.invalid/e08-05/14-5308?utm_source=share&ref=gmpqcu1c
6LBWS,https://made.example.invalid/e08-05/6-5309?utm_source=share&ref=utlrqmrj
6LBWT,https://made.example.invalid/e08-05/20-5310?utm_source=share&ref=bw1wz2ap
6LBWU,https://made.example.invalid/e08-05/18-5311?utm_source=share&ref=d06ue86a
6LBWV,https://made.example.invalid/e08-05/19-5312?utm_source=share&ref=t36figm9
6LBWW,https://made.example.invalid/e08-05/23-5313?utm_source=share&ref=5h63ma2c
6LBWX,https://made.example.invalid/e08-05/4-5314?utm_source=share&ref=n278cs12
6LBWY,https://made.example.invalid/e08-05/5-5315?utm_source=share&ref=imoy7oak
6LBWZ,https://made.example.invalid/e08-05/9-5316?utm_source=share&ref=6tq7sjo5
6LBX0,https://made.example.invalid/e08-05/13-5317?utm_source=share&ref=rlap59wk
6LBX1,https://made.example.invalid/e08-05/14-5318?utm_source=share&ref=xwpbb3xq
6LBX2,https://made.example.invalid/e08-05/6-5319?utm_source=share&ref=srwr5xre
6LBX3,https://made.example.invalid/e08-05/20-5320?utm_source=share&ref=mi6yg2t9
6LBX4,https://made.example.invalid/e08-05/18-5321?utm_source=share&ref=zht29nxl
6LBX5,https://made.example.invalid/e08-05/19-5322?utm_source=share&ref=jq2wqqws
6LBX6,https://made.example.invalid/e08-05/23-5323?utm_source=share&ref=tahjvty0
6LBX7,https://made.example.invalid/e08-05/4-5324?utm_source=share&ref=50xliw1y
6LBX8,https://made.example.invalid/e08-05/5-5325?utm_source=share&ref=90cmlo56
6LBX9,https://made.example.invalid/e08-05/9-5326?utm_source=share&ref=y5li3lp2
6LBXa,https://made.example.invalid/e08-05/13-5327?utm_source=share&ref=i9b6ntu6
6LBXb,https://made.example.invalid/e08-05/14-5328?utm_source=share&ref=v9ap4hlx
6LBXc,https://made.example.invalid/e08-05/6-5329?utm_source=share&ref=wpqiovuj
6LBXd,https://made.example.invalid/e08-05/20-5330?utm_source=share&ref=41nebmvi
6LBXe,https://made.example.invalid/e08-05/18-5331?utm_source=share&ref=o19d2j09
6LBXf,https://made.example.invalid/e08-05/19-5332?utm_source=share&ref=z1lbxy5m
6LBXg,https://made.example.invalid/e08-05/23-5333?utm_source=share&ref=6ozkmha7
6LBXh,https://made.example.invalid/e08-05/4-5334?utm_source=share&ref=c9sss50n
6LBXi,https://made.example.invalid/e08-05/5-5335?utm_source=share&ref=x2rfsvn1
6LBXj,https://made.example.invalid/e08-05/9-5336?utm_source=share&ref=tko2hi5u
6LBXk,https://made.example.invalid/e08-05/13-5337?utm_source=share&ref=99hqjfma
6LBXl,https://made.example.invalid/e08-05/14-5338?utm_source=share&ref=2jjja3jv
6LBXm,https://made.example.invalid/e08-05/6-5339?utm_source=share&ref=owpsfcp2
6LBXn,https://made.example.invalid/e08-05/20-5340?utm_source=share&ref=oopgh8x0
6LBXo,https://made.example.invalid/e08-05/18-5341?utm_source=share&ref=k9wgsn5v
6LBXp,https://made.example.invalid/e08-05/19-5342?utm_source=share&ref=ayp9inx8
6LBXq,https://made.example.invalid/e08-05/23-5343?utm_source=share&ref=f0rkp99p
6LBXr,https://made.example.invalid/e08-05/4-5344?utm_source=share&ref=vaxl62e8
6LBXs,https://made.example.invalid/e08-05/5-5345?utm_source=share&ref=f15g24t1
6LBXt,https://made.example.invalid/e08-05/9-5346?utm_source=share&ref=ve9a9h3q
6LBXu,https://made.example.invalid/e08-05/13-5347?utm_source=share&ref=o4lwj3gn
6LBXv,https://made.example.invalid/e08-05/14-5348?utm_source=share&ref=gj8dxxkf
6LBXw,https://made.example.invalid/e08-05/6-5349?utm_source=share&ref=99k9ek1e
6LBXx,https://made.example.invalid/e08-05/20-5350?utm_source=share&ref=2993hnrs
6LBXy,https://made.example.invalid/e08-05/18-5351?utm_source=share&ref=hqd9loa3
6LBXz,https://made.example.invalid/e08-05/19-5352?utm_source=share&ref=mjbot695
6LBXA,https://made.example.invalid/e08-05/23-5353?utm_source=share&ref=cgvg7xf8
6LBXB,https://made.example.invalid/e08-05/4-5354?utm_source=share&ref=htzx7c9s
6LBXC,https://made.example.invalid/e08-05/5-5355?utm_source=share&ref=qqwdx9cn
6LBXD,https://made.example.invalid/e08-05/9-5356?utm_source=share&ref=ezyxh35y
6LBXE,https://made.example.invalid/e08-05/13-5357?utm_source=share&ref=o2bk8tps
6LBXF,https://made.example.invalid/e08-05/14-5358?utm_source=share&ref=53w749uq
6LBXG,https://made.example.invalid/e08-05/6-5359?utm_source=share&ref=x2jqzsds
6LBXH,https://made.example.invalid/e08-05/20-5360?utm_source=share&ref=nfw0isd0
6LBXI,https://made.example.invalid/e08-05/18-5361?utm_source=share&ref=j0015hh4
6LBXJ,https://made.example.invalid/e08-05/19-5362?utm_source=share&ref=1hex8qyu
6LBXK,https://made.example.invalid/e08-05/23-5363?utm_source=share&ref=6t2mnj6k
6LBXL,https://made.example.invalid/e08-05/4-5364?utm_source=share&ref=q60f2e0t
6LBXM,https://made.example.invalid/e08-05/5-5365?utm_source=share&ref=p29ieeo4
6LBXN,https://made.example.invalid/e08-05/9-5366?utm_source=share&ref=0vff26gj
6LBXO,https://made.example.invalid/e08-05/13-5367?utm_source=share&ref=1p3t6w73
6LBXP,https://made.example.invalid/e08-05/14-5368?utm_source=share&ref=bhu38rb7
6LBXQ,https://made.example.invalid/e08-05/6-5369?utm_source=share&ref=4t6cgip0
6LBXR,https://made.example.invalid/e08-05/20-5370?utm_source=share&ref=bvlqaq9w
6LBXS,https://made.example.invalid/e08-05/18-5371?utm_source=share&ref=w19rsxfe
6LBXT,https://made.example.invalid/e08-05/19-5372?utm_source=share&ref=9pmvaa2h
6LBXU,https://made.example.invalid/e08-05/23-5373?utm_source=share&ref=cs87x7qr
6LBXV,https://made.example.invalid/e08-05/4-5374?utm_source=share&ref=2fcx7g19
6LBXW,https://made.example.invalid/e08-05/5-5375?utm_source=share&ref=2y2i8y76
6LBXX,https://made.example.invalid/e08-05/9-5376?utm_source=share&ref=35ydqh2u
6LBXY,https://made.example.invalid/e08-05/13-5377?utm_source=share&ref=16umue6o
6LBXZ,https://made.example.invalid/e08-05/14-5378?utm_source=share&ref=to5w419g
6LBY0,https://made.example.invalid/e08-05/6-5379?utm_source=share&ref=orix1avq
6LBY1,https://made.example.invalid/e08-05/20-5380?utm_source=share&ref=q78kcpk2
6LBY2,https://made.example.invalid/e08-05/18-5381?utm_source=share&ref=snja0vny
6LBY3,https://made.example.invalid/e08-05/19-5382?utm_source=share&ref=bf48302n
6LBY4,https://made.example.invalid/e08-05/23-5383?utm_source=share&ref=k4ghkgwr
6LBY5,https://made.example.invalid/e08-05/4-5384?utm_source=share&ref=1n76zc8k
6LBY6,https://made.example.invalid/e08-05/5-5385?utm_source=share&ref=5sxydji6
6LBY7,https://made.example.invalid/e08-05/9-5386?utm_source=share&ref=yrt05d4v
6LBY8,https://made.example.invalid/e08-05/13-5387?utm_source=share&ref=cd0ldjej
6LBY9,https://made.example.invalid/e08-05/14-5388?utm_source=share&ref=oj06u54i
6LBYa,https://made.example.invalid/e08-05/6-5389?utm_source=share&ref=5vhklnv3
6LBYb,https://made.example.invalid/e08-05/20-5390?utm_source=share&ref=96nb6i11
6LBYc,https://made.example.invalid/e08-05/18-5391?utm_source=share&ref=jx37vjf4
6LBYd,https://made.example.invalid/e08-05/19-5392?utm_source=share&ref=tu8kfreu
6LBYe,https://made.example.invalid/e08-05/23-5393?utm_source=share&ref=342tn9ml
6LBYf,https://made.example.invalid/e08-05/4-5394?utm_source=share&ref=vzzrhghi
6LBYg,https://made.example.invalid/e08-05/5-5395?utm_source=share&ref=lvsf0mwe
6LBYh,https://made.example.invalid/e08-05/9-5396?utm_source=share&ref=txmkrte7
6LBYi,https://made.example.invalid/e08-05/13-5397?utm_source=share&ref=ypr5lry6
6LBYj,https://made.example.invalid/e08-05/14-5398?utm_source=share&ref=28kcgqf0
6LBYk,https://made.example.invalid/e08-05/6-5399?utm_source=share&ref=85004bcy
6LBYl,https://made.example.invalid/e08-05/20-5400?utm_source=share&ref=41fj0sfh
6LBYm,https://made.example.invalid/e08-05/18-5401?utm_source=share&ref=rkpbezyx
6LBYn,https://made.example.invalid/e08-05/19-5402?utm_source=share&ref=sd8b335t
6LBYo,https://made.example.invalid/e08-05/23-5403?utm_source=share&ref=0ue52rhs
6LBYp,https://made.example.invalid/e08-05/4-5404?utm_source=share&ref=t1uxgpqp
6LBYq,https://made.example.invalid/e08-05/5-5405?utm_source=share&ref=nnioewm3
6LBYr,https://made.example.invalid/e08-05/9-5406?utm_source=share&ref=5wb10m75
6LBYs,https://made.example.invalid/e08-05/13-5407?utm_source=share&ref=zetm9b0c
6LBYt,https://made.example.invalid/e08-05/14-5408?utm_source=share&ref=4w5fci9v
6LBYu,https://made.example.invalid/e08-05/6-5409?utm_source=share&ref=ue8b8avc
6LBYv,https://made.example.invalid/e08-05/20-5410?utm_source=share&ref=jjeuflbz
6LBYw,https://made.example.invalid/e08-05/18-5411?utm_source=share&ref=ht6v4s31
6LBYx,https://made.example.invalid/e08-05/19-5412?utm_source=share&ref=zl6l962h
6LBYy,https://made.example.invalid/e08-05/23-5413?utm_source=share&ref=wdevc3pa
6LBYz,https://made.example.invalid/e08-05/4-5414?utm_source=share&ref=j6qtmana
6LBYA,https://made.example.invalid/e08-05/5-5415?utm_source=share&ref=9hvtgmeq
6LBYB,https://made.example.invalid/e08-05/9-5416?utm_source=share&ref=fgpjusv7
6LBYC,https://made.example.invalid/e08-05/13-5417?utm_source=share&ref=qe5tyrde
6LBYD,https://made.example.invalid/e08-05/14-5418?utm_source=share&ref=0n3rwvr5
6LBYE,https://made.example.invalid/e08-05/6-5419?utm_source=share&ref=jbhvnhbx
6LBYF,https://made.example.invalid/e08-05/20-5420?utm_source=share&ref=vy2h48rw
6LBYG,https://made.example.invalid/e08-05/18-5421?utm_source=share&ref=e2nny5mm
6LBYH,https://made.example.invalid/e08-05/19-5422?utm_source=share&ref=993d1k8q
6LBYI,https://made.example.invalid/e08-05/23-5423?utm_source=share&ref=e3z0smty
6LBYJ,https://made.example.invalid/e08-05/4-5424?utm_source=share&ref=wovdg5nv
6LBYK,https://made.example.invalid/e08-05/5-5425?utm_source=share&ref=v5a3y82b
6LBYL,https://made.example.invalid/e08-05/9-5426?utm_source=share&ref=jt8bhgdp
6LBYM,https://made.example.invalid/e08-05/13-5427?utm_source=share&ref=qzycw1cm
6LBYN,https://made.example.invalid/e08-05/14-5428?utm_source=share&ref=288z8lkb
6LBYO,https://made.example.invalid/e08-05/6-5429?utm_source=share&ref=r9ks85wj
6LBYP,https://made.example.invalid/e08-05/20-5430?utm_source=share&ref=hcnw99ji
6LBYQ,https://made.example.invalid/e08-05/18-5431?utm_source=share&ref=upppgoyw
6LBYR,https://made.example.invalid/e08-05/19-5432?utm_source=share&ref=tegw81f4
6LBYS,https://made.example.invalid/e08-05/23-5433?utm_source=share&ref=k6s6nn5n
6LBYT,https://made.example.invalid/e08-05/4-5434?utm_source=share&ref=4lxk34b5
6LBYU,https://made.example.invalid/e08-05/5-5435?utm_source=share&ref=troglu4u
6LBYV,https://made.example.invalid/e08-05/9-5436?utm_source=share&ref=3pfvstpo
6LBYW,https://made.example.invalid/e08-05/13-5437?utm_source=share&ref=0dob6lie
6LBYX,https://made.example.invalid/e08-05/14-5438?utm_source=share&ref=irifw95x
6LBYY,https://made.example.invalid/e08-05/6-5439?utm_source=share&ref=gdbzmg15
6LBYZ,https://made.example.invalid/e08-05/20-5440?utm_source=share&ref=qdmf41ev
6LBZ0,https://made.example.invalid/e08-05/18-5441?utm_source=share&ref=i29g29so
6LBZ1,https://made.example.invalid/e08-05/19-5442?utm_source=share&ref=1ydy4po8
6LBZ2,https://made.example.invalid/e08-05/23-5443?utm_source=share&ref=h20xt7oh
6LBZ3,https://made.example.invalid/e08-05/4-5444?utm_source=share&ref=v1l50tcy
6LBZ4,https://made.example.invalid/e08-05/5-5445?utm_source=share&ref=vf6t5l45
6LBZ5,https://made.example.invalid/e08-05/9-5446?utm_source=share&ref=pomv8blo
6LBZ6,https://made.example.invalid/e08-05/13-5447?utm_source=share&ref=kaw9d7ex
6LBZ7,https://made.example.invalid/e08-05/14-5448?utm_source=share&ref=li9tr3ig
6LBZ8,https://made.example.invalid/e08-05/6-5449?utm_source=share&ref=qoe0uxda
6LBZ9,https://made.example.invalid/e08-05/20-5450?utm_source=share&ref=y5lujyyr
6LBZa,https://made.example.invalid/e08-05/18-5451?utm_source=share&ref=57hhblko
6LBZb,https://made.example.invalid/e08-05/19-5452?utm_source=share&ref=wlfhvv38
6LBZc,https://made.example.invalid/e08-05/23-5453?utm_source=share&ref=aecd23xr
6LBZd,https://made.example.invalid/e08-05/4-5454?utm_source=share&ref=ahzjylur
6LBZe,https://made.example.invalid/e08-05/5-5455?utm_source=share&ref=46vx3r5n
6LBZf,https://made.example.invalid/e08-05/9-5456?utm_source=share&ref=zt5b96x2
6LBZg,https://made.example.invalid/e08-05/13-5457?utm_source=share&ref=qw0t01yx
6LBZh,https://made.example.invalid/e08-05/14-5458?utm_source=share&ref=5xs9jhel
6LBZi,https://made.example.invalid/e08-05/6-5459?utm_source=share&ref=mybkxc3j
6LBZj,https://made.example.invalid/e08-05/20-5460?utm_source=share&ref=0afgn6to
6LBZk,https://made.example.invalid/e08-05/18-5461?utm_source=share&ref=mi9mrzay
6LBZl,https://made.example.invalid/e08-05/19-5462?utm_source=share&ref=lowtvm4v
6LBZm,https://made.example.invalid/e08-05/23-5463?utm_source=share&ref=fc24vinf
6LBZn,https://made.example.invalid/e08-05/4-5464?utm_source=share&ref=7piy4tiv
6LBZo,https://made.example.invalid/e08-05/5-5465?utm_source=share&ref=bgfpnuer
6LBZp,https://made.example.invalid/e08-05/9-5466?utm_source=share&ref=rnarue68
6LBZq,https://made.example.invalid/e08-05/13-5467?utm_source=share&ref=8xi4j4mi
6LBZr,https://made.example.invalid/e08-05/14-5468?utm_source=share&ref=72kvf9ye
6LBZs,https://made.example.invalid/e08-05/6-5469?utm_source=share&ref=27z5f2w0
6LBZt,https://made.example.invalid/e08-05/20-5470?utm_source=share&ref=4i27yu0f
6LBZu,https://made.example.invalid/e08-05/18-5471?utm_source=share&ref=tc81d3py
6LBZv,https://made.example.invalid/e08-05/19-5472?utm_source=share&ref=k4te3xxg
6LBZw,https://made.example.invalid/e08-05/23-5473?utm_source=share&ref=4ye5gz5u
6LBZx,https://made.example.invalid/e08-05/4-5474?utm_source=share&ref=oztjsv9r
6LBZy,https://made.example.invalid/e08-05/5-5475?utm_source=share&ref=1mhw66hw
6LBZz,https://made.example.invalid/e08-05/9-5476?utm_source=share&ref=807hf6uo
6LBZA,https://made.example.invalid/e08-05/13-5477?utm_source=share&ref=lvny193c
6LBZB,https://made.example.invalid/e08-05/14-5478?utm_source=share&ref=xnkwshxr
6LBZC,https://made.example.invalid/e08-05/6-5479?utm_source=share&ref=9rz1ypzn
6LBZD,https://made.example.invalid/e08-05/20-5480?utm_source=share&ref=mmm6qjb0
6LBZE,https://made.example.invalid/e08-05/18-5481?utm_source=share&ref=ap46e1u3
6LBZF,https://made.example.invalid/e08-05/19-5482?utm_source=share&ref=w9xab179
6LBZG,https://made.example.invalid/e08-05/23-5483?utm_source=share&ref=vfz7jjls
6LBZH,https://made.example.invalid/e08-05/4-5484?utm_source=share&ref=4npt3lqi
6LBZI,https://made.example.invalid/e08-05/5-5485?utm_source=share&ref=mpdt2n3f
6LBZJ,https://made.example.invalid/e08-05/9-5486?utm_source=share&ref=w0yfu0x6
6LBZK,https://made.example.invalid/e08-05/13-5487?utm_source=share&ref=i82v2fvj
6LBZL,https://made.example.invalid/e08-05/14-5488?utm_source=share&ref=ld291kqq
6LBZM,https://made.example.invalid/e08-05/6-5489?utm_source=share&ref=e3bu1stt
6LBZN,https://made.example.invalid/e08-05/20-5490?utm_source=share&ref=xecyqiaw
6LBZO,https://made.example.invalid/e08-05/18-5491?utm_source=share&ref=a3k51woe
6LBZP,https://made.example.invalid/e08-05/19-5492?utm_source=share&ref=zux4gg1r
6LBZQ,https://made.example.invalid/e08-05/23-5493?utm_source=share&ref=4jdi1638
6LBZR,https://made.example.invalid/e08-05/4-5494?utm_source=share&ref=i9e3vpuy
6LBZS,https://made.example.invalid/e08-05/5-5495?utm_source=share&ref=2bx9ouzh
6LBZT,https://made.example.invalid/e08-05/9-5496?utm_source=share&ref=aw8i0gln
6LBZU,https://made.example.invalid/e08-05/13-5497?utm_source=share&ref=rn1o7v9z
6LBZV,https://made.example.invalid/e08-05/14-5498?utm_source=share&ref=kjkzl9gx
6LBZW,https://made.example.invalid/e08-05/6-5499?utm_source=share&ref=zzal7hd6
6LBZX,https://made.example.invalid/e08-05/20-5500?utm_source=share&ref=7lizprme
6LBZY,https://made.example.invalid/e08-05/18-5501?utm_source=share&ref=cvbsgbj5
6LBZZ,https://made.example.invalid/e08-05/19-5502?utm_source=share&ref=amiiw5e5
6LC00,https://made.example.invalid/e08-05/23-5503?utm_source=share&ref=4khiml6i
6LC01,https://made.example.invalid/e08-05/4-5504?utm_source=share&ref=c9s85iu1
6LC02,https://made.example.invalid/e08-05/5-5505?utm_source=share&ref=ym91ugr7
6LC03,https://made.example.invalid/e08-05/9-5506?utm_source=share&ref=lyickzay
6LC04,https://made.example.invalid/e08-05/13-5507?utm_source=share&ref=3fl7z5u1
6LC05,https://made.example.invalid/e08-05/14-5508?utm_source=share&ref=1w9g0q5g
6LC06,https://made.example.invalid/e08-05/6-5509?utm_source=share&ref=ge3j7kvf
6LC07,https://made.example.invalid/e08-05/20-5510?utm_source=share&ref=kb9wlupe
6LC08,https://made.example.invalid/e08-05/18-5511?utm_source=share&ref=06mvgfmj
6LC09,https://made.example.invalid/e08-05/19-5512?utm_source=share&ref=0a8a03ey
6LC0a,https://made.example.invalid/e08-05/23-5513?utm_source=share&ref=ef1qofur
6LC0b,https://made.example.invalid/e08-05/4-5514?utm_source=share&ref=ihpk0a53
6LC0c,https://made.example.invalid/e08-05/5-5515?utm_source=share&ref=2gnv4x4m
6LC0d,https://made.example.invalid/e08-05/9-5516?utm_source=share&ref=kv3nd0zx
6LC0e,https://made.example.invalid/e08-05/13-5517?utm_source=share&ref=6bsoakx8
6LC0f,https://made.example.invalid/e08-05/14-5518?utm_source=share&ref=su2sh2pd
6LC0g,https://made.example.invalid/e08-05/6-5519?utm_source=share&ref=c10xhz40
6LC0h,https://made.example.invalid/e08-05/20-5520?utm_source=share&ref=wlakrej2
6LC0i,https://made.example.invalid/e08-05/18-5521?utm_source=share&ref=oxpq8knd
6LC0j,https://made.example.invalid/e08-05/19-5522?utm_source=share&ref=eq0pmb11
6LC0k,https://made.example.invalid/e08-05/23-5523?utm_source=share&ref=ewqw8433
6LC0l,https://made.example.invalid/e08-05/4-5524?utm_source=share&ref=3llfzlkh
6LC0m,https://made.example.invalid/e08-05/5-5525?utm_source=share&ref=ocl0sfbf
6LC0n,https://made.example.invalid/e08-05/9-5526?utm_source=share&ref=s1v8c4aw
6LC0o,https://made.example.invalid/e08-05/13-5527?utm_source=share&ref=agugrvz3
6LC0p,https://made.example.invalid/e08-05/14-5528?utm_source=share&ref=075bbpg2
6LC0q,https://made.example.invalid/e08-05/6-5529?utm_source=share&ref=spv1g71b
6LC0r,https://made.example.invalid/e08-05/20-5530?utm_source=share&ref=bz63oxl6
6LC0s,https://made.example.invalid/e08-05/18-5531?utm_source=share&ref=tzog3eu7
6LC0t,https://made.example.invalid/e08-05/19-5532?utm_source=share&ref=ju80tddt
6LC0u,https://made.example.invalid/e08-05/23-5533?utm_source=share&ref=vzvo903i
6LC0v,https://made.example.invalid/e08-05/4-5534?utm_source=share&ref=gz02zio0
6LC0w,https://made.example.invalid/e08-05/5-5535?utm_source=share&ref=vvu17xka
6LC0x,https://made.example.invalid/e08-05/9-5536?utm_source=share&ref=5n60cqmn
6LC0y,https://made.example.invalid/e08-05/13-5537?utm_source=share&ref=djs4e5sj
6LC0z,https://made.example.invalid/e08-05/14-5538?utm_source=share&ref=schk9kpd
6LC0A,https://made.example.invalid/e08-05/6-5539?utm_source=share&ref=gug6nisf
6LC0B,https://made.example.invalid/e08-05/20-5540?utm_source=share&ref=m1kv760g
6LC0C,https://made.example.invalid/e08-05/18-5541?utm_source=share&ref=dqyvbfpl
6LC0D,https://made.example.invalid/e08-05/19-5542?utm_source=share&ref=16t9krb5
6LC0E,https://made.example.invalid/e08-05/23-5543?utm_source=share&ref=ekits8la
6LC0F,https://made.example.invalid/e08-05/4-5544?utm_source=share&ref=pbl1vyrl
6LC0G,https://made.example.invalid/e08-05/5-5545?utm_source=share&ref=qp9zgl06
6LC0H,https://made.example.invalid/e08-05/9-5546?utm_source=share&ref=oqc8053f
6LC0I,https://made.example.invalid/e08-05/13-5547?utm_source=share&ref=muhqf1vp
6LC0J,https://made.example.invalid/e08-05/14-5548?utm_source=share&ref=s3d622iu
6LC0K,https://made.example.invalid/e08-05/6-5549?utm_source=share&ref=w1uy98ou
6LC0L,https://made.example.invalid/e08-05/20-5550?utm_source=share&ref=3wztnx8a
6LC0M,https://made.example.invalid/e08-05/18-5551?utm_source=share&ref=kgukhlm7
6LC0N,https://made.example.invalid/e08-05/19-5552?utm_source=share&ref=b8ytw54g
6LC0O,https://made.example.invalid/e08-05/23-5553?utm_source=share&ref=50ecw9ur
6LC0P,https://made.example.invalid/e08-05/4-5554?utm_source=share&ref=uddl6h5h
6LC0Q,https://made.example.invalid/e08-05/5-5555?utm_source=share&ref=a5ghl46l
6LC0R,https://made.example.invalid/e08-05/9-5556?utm_source=share&ref=8iyc0wat
6LC0S,https://made.example.invalid/e08-05/13-5557?utm_source=share&ref=upqqo930
6LC0T,https://made.example.invalid/e08-05/14-5558?utm_source=share&ref=dyf1bqtw
6LC0U,https://made.example.invalid/e08-05/6-5559?utm_source=share&ref=e8dsfwt9
6LC0V,https://made.example.invalid/e08-05/20-5560?utm_source=share&ref=zegksdfc
6LC0W,https://made.example.invalid/e08-05/18-5561?utm_source=share&ref=5v3z6zwa
6LC0X,https://made.example.invalid/e08-05/19-5562?utm_source=share&ref=w6izluhy
6LC0Y,https://made.example.invalid/e08-05/23-5563?utm_source=share&ref=c4u3v4on
6LC0Z,https://made.example.invalid/e08-05/4-5564?utm_source=share&ref=gwq28cqe
6LC10,https://made.example.invalid/e08-05/5-5565?utm_source=share&ref=apczjqdo
6LC11,https://made.example.invalid/e08-05/13-5567?utm_source=share&ref=3gnzswsu
6LC12,https://made.example.invalid/e08-05/14-5568?utm_source=share&ref=7yo0onbh
6LC13,https://made.example.invalid/e08-05/6-5569?utm_source=share&ref=o5t0toul
6LC14,https://made.example.invalid/e08-05/20-5570?utm_source=share&ref=mnqrenw7
6LC15,https://made.example.invalid/e08-05/9-5566?utm_source=share&ref=8h5hy4lp
6LC16,https://made.example.invalid/e08-05/18-5571?utm_source=share&ref=n2z3yfeo
6LC17,https://made.example.invalid/e08-05/19-5572?utm_source=share&ref=mf7b3fzx
6LC18,https://made.example.invalid/e08-05/23-5573?utm_source=share&ref=kk704fvo
6LC19,https://made.example.invalid/e08-05/4-5574?utm_source=share&ref=x1mrvizy
6LC1a,https://made.example.invalid/e08-05/5-5575?utm_source=share&ref=zaugxlha
6LC1b,https://made.example.invalid/e08-05/13-5576?utm_source=share&ref=un5xhucm
6LC1c,https://made.example.invalid/e08-05/14-5577?utm_source=share&ref=lo0y9tji
6LC1d,https://made.example.invalid/e08-05/6-5578?utm_source=share&ref=agwuhnl4
6LC1e,https://made.example.invalid/e08-05/20-5579?utm_source=share&ref=a3jnwwlr
6LC1f,https://made.example.invalid/e08-05/9-5580?utm_source=share&ref=n9qtpjeb
6LC1g,https://made.example.invalid/e08-05/18-5581?utm_source=share&ref=thop4zfe
6LC1h,https://made.example.invalid/e08-05/19-5582?utm_source=share&ref=3wxwyia8
6LC1i,https://made.example.invalid/e08-05/23-5583?utm_source=share&ref=yk1cx0i0
6LC1j,https://made.example.invalid/e08-05/4-5584?utm_source=share&ref=27t8dtwk
6LC1k,https://made.example.invalid/e08-05/5-5585?utm_source=share&ref=fz72wz2n
6LC1l,https://made.example.invalid/e08-05/13-5586?utm_source=share&ref=ka6f3xe7
6LC1m,https://made.example.invalid/e08-05/14-5587?utm_source=share&ref=tuxjdimc
6LC1n,https://made.example.invalid/e08-05/6-5588?utm_source=share&ref=myli40zd
6LC1o,https://made.example.invalid/e08-05/20-5589?utm_source=share&ref=mqr8wdyh
6LC1p,https://made.example.invalid/e08-05/9-5590?utm_source=share&ref=l0oirw87
6LC1q,https://made.example.invalid/e08-05/18-5591?utm_source=share&ref=5fr3sn1q
6LC1r,https://made.example.invalid/e08-05/19-5592?utm_source=share&ref=fir04mxt
6LC1s,https://made.example.invalid/e08-05/23-5593?utm_source=share&ref=lsrb21ua
6LC1t,https://made.example.invalid/e08-05/4-5594?utm_source=share&ref=mke455lx
6LC1u,https://made.example.invalid/e08-05/5-5595?utm_source=share&ref=swidlapt
6LC1v,https://made.example.invalid/e08-05/13-5596?utm_source=share&ref=doolvmti
6LC1w,https://made.example.invalid/e08-05/14-5597?utm_source=share&ref=ugsm0ec8
6LC1x,https://made.example.invalid/e08-05/6-5598?utm_source=share&ref=fnvxzl7t
6LC1y,https://made.example.invalid/e08-05/20-5599?utm_source=share&ref=bddu3f39
6LC1z,https://made.example.invalid/e08-05/9-5600?utm_source=share&ref=ghzmfx6w
6LC1A,https://made.example.invalid/e08-05/18-5601?utm_source=share&ref=tcyuc5o6
6LC1B,https://made.example.invalid/e08-05/19-5602?utm_source=share&ref=ockc8t2i
6LC1C,https://made.example.invalid/e08-05/23-5603?utm_source=share&ref=1g4yd7ui
6LC1D,https://made.example.invalid/e08-05/4-5604?utm_source=share&ref=h98edutu
6LC1E,https://made.example.invalid/e08-05/5-5605?utm_source=share&ref=gckkozje
6LC1F,https://made.example.invalid/e08-05/13-5606?utm_source=share&ref=f5x2oy4e
6LC1G,https://made.example.invalid/e08-05/14-5607?utm_source=share&ref=0967eqtf
6LC1H,https://made.example.invalid/e08-05/6-5608?utm_source=share&ref=2jdkok0l
6LC1I,https://made.example.invalid/e08-05/20-5609?utm_source=share&ref=wpn9ez4u
6LC1J,https://made.example.invalid/e08-05/9-5610?utm_source=share&ref=fi8lgiec
6LC1K,https://made.example.invalid/e08-05/18-5611?utm_source=share&ref=r0nnxdqd
6LC1L,https://made.example.invalid/e08-05/19-5612?utm_source=share&ref=cnq2bjbw
6LC1M,https://made.example.invalid/e08-05/23-5613?utm_source=share&ref=zjgi0j86
6LC1N,https://made.example.invalid/e08-05/4-5614?utm_source=share&ref=kgg61s7j
6LC1O,https://made.example.invalid/e08-05/5-5615?utm_source=share&ref=iizb8nc8
6LC1P,https://made.example.invalid/e08-05/13-5616?utm_source=share&ref=ovgnt35s
6LC1Q,https://made.example.invalid/e08-05/14-5617?utm_source=share&ref=g8x9x3ss
6LC1R,https://made.example.invalid/e08-05/6-5618?utm_source=share&ref=19t4ec3m
6LC1S,https://made.example.invalid/e08-05/20-5619?utm_source=share&ref=icmmitiz
6LC1T,https://made.example.invalid/e08-05/9-5620?utm_source=share&ref=22bg5fwy
6LC1U,https://made.example.invalid/e08-05/18-5621?utm_source=share&ref=i0x4t5ui
6LC1V,https://made.example.invalid/e08-05/19-5622?utm_source=share&ref=s5xqh3z8
6LC1W,https://made.example.invalid/e08-05/23-5623?utm_source=share&ref=tzwp88my
6LC1X,https://made.example.invalid/e08-05/4-5624?utm_source=share&ref=y89kfunv
6LC1Y,https://made.example.invalid/e08-05/5-5625?utm_source=share&ref=35q9370j
6LC1Z,https://made.example.invalid/e08-05/13-5626?utm_source=share&ref=94et332u
6LC20,https://made.example.invalid/e08-05/14-5627?utm_source=share&ref=uhsutlcb
6LC21,https://made.example.invalid/e08-05/6-5628?utm_source=share&ref=cnhwgfrm
6LC22,https://made.example.invalid/e08-05/20-5629?utm_source=share&ref=9h51ga7t
6LC23,https://made.example.invalid/e08-05/9-5630?utm_source=share&ref=ur0lmgk4
6LC24,https://made.example.invalid/e08-05/18-5631?utm_source=share&ref=ivjg58dg
6LC25,https://made.example.invalid/e08-05/19-5632?utm_source=share&ref=0h5ml6h2
6LC26,https://made.example.invalid/e08-05/23-5633?utm_source=share&ref=5xgghm2d
6LC27,https://made.example.invalid/e08-05/4-5634?utm_source=share&ref=laej2es9
6LC28,https://made.example.invalid/e08-05/5-5635?utm_source=share&ref=1ala3rjz
6LC29,https://made.example.invalid/e08-05/13-5636?utm_source=share&ref=xi7j1i0r
6LC2a,https://made.example.invalid/e08-05/14-5637?utm_source=share&ref=yv712cl9
6LC2b,https://made.example.invalid/e08-05/6-5638?utm_source=share&ref=3skd5nxc
6LC2c,https://made.example.invalid/e08-05/20-5639?utm_source=share&ref=77pk5mtx
6LC2d,https://made.example.invalid/e08-05/9-5640?utm_source=share&ref=rx0i71ul
6LC2e,https://made.example.invalid/e08-05/18-5641?utm_source=share&ref=ykkoqmq8
6LC2f,https://made.example.invalid/e08-05/19-5642?utm_source=share&ref=33mshj4q
6LC2g,https://made.example.invalid/e08-05/23-5643?utm_source=share&ref=rnn20p5r
6LC2h,https://made.example.invalid/e08-05/4-5644?utm_source=share&ref=op2bk8tq
6LC2i,https://made.example.invalid/e08-05/5-5645?utm_source=share&ref=1q35phqq
6LC2j,https://made.example.invalid/e08-05/13-5646?utm_source=share&ref=vqjnyh2r
6LC2k,https://made.example.invalid/e08-05/14-5647?utm_source=share&ref=lugizjqj
6LC2l,https://made.example.invalid/e08-05/6-5648?utm_source=share&ref=xwo86nd8
6LC2m,https://made.example.invalid/e08-05/20-5649?utm_source=share&ref=mqajc1vs
6LC2n,https://made.example.invalid/e08-05/9-5650?utm_source=share&ref=sdtd9t77
6LC2o,https://made.example.invalid/e08-05/18-5651?utm_source=share&ref=6pjoxmb0
6LC2p,https://made.example.invalid/e08-05/19-5652?utm_source=share&ref=uq5cm6or
6LC2q,https://made.example.invalid/e08-05/23-5653?utm_source=share&ref=3cyw1yg0
6LC2r,https://made.example.invalid/e08-05/4-5654?utm_source=share&ref=4nm7n625
6LC2s,https://made.example.invalid/e08-05/5-5655?utm_source=share&ref=xvwp7lmx
6LC2t,https://made.example.invalid/e08-05/13-5656?utm_source=share&ref=leap0dw3
6LC2u,https://made.example.invalid/e08-05/14-5657?utm_source=share&ref=zr7fore3
6LC2v,https://made.example.invalid/e08-05/6-5658?utm_source=share&ref=xkgypagx
6LC2w,https://made.example.invalid/e08-05/20-5659?utm_source=share&ref=b97vp6sc
6LC2x,https://made.example.invalid/e08-05/9-5660?utm_source=share&ref=0nbi2gnv
6LC2y,https://made.example.invalid/e08-05/18-5661?utm_source=share&ref=jkzf55uu
6LC2z,https://made.example.invalid/e08-05/19-5662?utm_source=share&ref=vweclvhr
6LC2A,https://made.example.invalid/e08-05/23-5663?utm_source=share&ref=axf9qka9
6LC2B,https://made.example.invalid/e08-05/4-5664?utm_source=share&ref=ogdpjmaq
6LC2C,https://made.example.invalid/e08-05/5-5665?utm_source=share&ref=tfwpbhap
6LC2D,https://made.example.invalid/e08-05/13-5666?utm_source=share&ref=l0fjmemj
6LC2E,https://made.example.invalid/e08-05/14-5667?utm_source=share&ref=itw12d9y
6LC2F,https://made.example.invalid/e08-05/6-5668?utm_source=share&ref=xu5v6l1w
6LC2G,https://made.example.invalid/e08-05/20-5669?utm_source=share&ref=26dg4t7x
6LC2H,https://made.example.invalid/e08-05/9-5670?utm_source=share&ref=htt27jnm
6LC2I,https://made.example.invalid/e08-05/18-5671?utm_source=share&ref=zj8dp3tw
6LC2J,https://made.example.invalid/e08-05/19-5672?utm_source=share&ref=3hgnnrdb
6LC2K,https://made.example.invalid/e08-05/23-5673?utm_source=share&ref=jwy2y9cq
6LC2L,https://made.example.invalid/e08-05/4-5674?utm_source=share&ref=2xlu3vhv
6LC2M,https://made.example.invalid/e08-05/5-5675?utm_source=share&ref=jux9yum1
6LC2N,https://made.example.invalid/e08-05/13-5676?utm_source=share&ref=wdbcc5uo
6LC2O,https://made.example.invalid/e08-05/14-5677?utm_source=share&ref=argwzlqh
6LC2P,https://made.example.invalid/e08-05/6-5678?utm_source=share&ref=8tfsrb8e
6LC2Q,https://made.example.invalid/e08-05/20-5679?utm_source=share&ref=tqbvvfvw
6LC2R,https://made.example.invalid/e08-05/9-5680?utm_source=share&ref=7gxedyxb
6LC2S,https://made.example.invalid/e08-05/18-5681?utm_source=share&ref=fcjps1bl
6LC2T,https://made.example.invalid/e08-05/19-5682?utm_source=share&ref=zuqxb873
6LC2U,https://made.example.invalid/e08-05/23-5683?utm_source=share&ref=h6kto5my
6LC2V,https://made.example.invalid/e08-05/4-5684?utm_source=share&ref=krhul71s
6LC2W,https://made.example.invalid/e08-05/5-5685?utm_source=share&ref=7liaumsi
6LC2X,https://made.example.invalid/e08-05/13-5686?utm_source=share&ref=q3sl796j
6LC2Y,https://made.example.invalid/e08-05/14-5687?utm_source=share&ref=x3cx73et
6LC2Z,https://made.example.invalid/e08-05/6-5688?utm_source=share&ref=obnk2jc3
6LC30,https://made.example.invalid/e08-05/20-5689?utm_source=share&ref=sipr10yb
6LC31,https://made.example.invalid/e08-05/9-5690?utm_source=share&ref=uf35ez5b
6LC32,https://made.example.invalid/e08-05/18-5691?utm_source=share&ref=q53xf7ii
6LC33,https://made.example.invalid/e08-05/19-5692?utm_source=share&ref=dvmy9sp2
6LC34,https://made.example.invalid/e08-05/23-5693?utm_source=share&ref=wnkahvm3
6LC35,https://made.example.invalid/e08-05/4-5694?utm_source=share&ref=7qchna2r
6LC36,https://made.example.invalid/e08-05/5-5695?utm_source=share&ref=frric3oi
6LC37,https://made.example.invalid/e08-05/13-5696?utm_source=share&ref=st4up79g
6LC38,https://made.example.invalid/e08-05/14-5697?utm_source=share&ref=gmnl5m53
6LC39,https://made.example.invalid/e08-05/6-5698?utm_source=share&ref=rcbjchcd
6LC3a,https://made.example.invalid/e08-05/20-5699?utm_source=share&ref=lh1u2kvn
6LC3b,https://made.example.invalid/e08-05/9-5700?utm_source=share&ref=4fs1afap
6LC3c,https://made.example.invalid/e08-05/18-5701?utm_source=share&ref=di9oh158
6LC3d,https://made.example.invalid/e08-05/19-5702?utm_source=share&ref=tel2httm
6LC3e,https://made.example.invalid/e08-05/23-5703?utm_source=share&ref=52az8c6q
6LC3f,https://made.example.invalid/e08-05/4-5704?utm_source=share&ref=4wk6sk4e
6LC3g,https://made.example.invalid/e08-05/5-5705?utm_source=share&ref=lg4r8hf8
6LC3h,https://made.example.invalid/e08-05/13-5706?utm_source=share&ref=my4aegul
6LC3i,https://made.example.invalid/e08-05/14-5707?utm_source=share&ref=5xtppfnj
6LC3j,https://made.example.invalid/e08-05/6-5708?utm_source=share&ref=re1tnyth
6LC3k,https://made.example.invalid/e08-05/20-5709?utm_source=share&ref=uqptefgy
6LC3l,https://made.example.invalid/e08-05/9-5710?utm_source=share&ref=rh9h9w7d
6LC3m,https://made.example.invalid/e08-05/18-5711?utm_source=share&ref=cywbt4zd
6LC3n,https://made.example.invalid/e08-05/19-5712?utm_source=share&ref=59m3arv4
6LC3o,https://made.example.invalid/e08-05/23-5713?utm_source=share&ref=53qbb4iu
6LC3p,https://made.example.invalid/e08-05/4-5714?utm_source=share&ref=k62au1pc
6LC3q,https://made.example.invalid/e08-05/5-5715?utm_source=share&ref=wb7539nn
6LC3r,https://made.example.invalid/e08-05/13-5716?utm_source=share&ref=j9gofvld
6LC3s,https://made.example.invalid/e08-05/14-5717?utm_source=share&ref=c3b5qqey
6LC3t,https://made.example.invalid/e08-05/6-5718?utm_source=share&ref=w5w7jchl
6LC3u,https://made.example.invalid/e08-05/20-5719?utm_source=share&ref=6n6dn1u6
6LC3v,https://made.example.invalid/e08-05/9-5720?utm_source=share&ref=d5ta3aku
6LC3w,https://made.example.invalid/e08-05/18-5721?utm_source=share&ref=a1pkc4gl
6LC3x,https://made.example.invalid/e08-05/19-5722?utm_source=share&ref=pwnbpchf
6LC3y,https://made.example.invalid/e08-05/23-5723?utm_source=share&ref=ije5e4iz
6LC3z,https://made.example.invalid/e08-05/4-5724?utm_source=share&ref=3f5l45h1
6LC3A,https://made.example.invalid/e08-05/5-5725?utm_source=share&ref=gy1g5ebq
6LC3B,https://made.example.invalid/e08-05/13-5726?utm_source=share&ref=361vd3b8
6LC3C,https://made.example.invalid/e08-05/14-5727?utm_source=share&ref=kov4lze7
6LC3D,https://made.example.invalid/e08-05/6-5728?utm_source=share&ref=68j6kce3
6LC3E,https://made.example.invalid/e08-05/20-5729?utm_source=share&ref=9gbb1eb0
6LC3F,https://made.example.invalid/e08-05/9-5730?utm_source=share&ref=jjkhq432
6LC3G,https://made.example.invalid/e08-05/18-5731?utm_source=share&ref=c3qknitn
6LC3H,https://made.example.invalid/e08-05/19-5732?utm_source=share&ref=r7azbwbz
6LC3I,https://made.example.invalid/e08-05/23-5733?utm_source=share&ref=epi2wdbq
6LC3J,https://made.example.invalid/e08-05/4-5734?utm_source=share&ref=i7pckpay
6LC3K,https://made.example.invalid/e08-05/5-5735?utm_source=share&ref=4g8u6sv0
6LC3L,https://made.example.invalid/e08-05/13-5736?utm_source=share&ref=pecfp2re
6LC3M,https://made.example.invalid/e08-05/14-5737?utm_source=share&ref=86kybsse
6LC3N,https://made.example.invalid/e08-05/6-5738?utm_source=share&ref=u8i1b0fy
6LC3O,https://made.example.invalid/e08-05/20-5739?utm_source=share&ref=wvxr0aa2
6LC3P,https://made.example.invalid/e08-05/9-5740?utm_source=share&ref=hkrseism
6LC3Q,https://made.example.invalid/e08-05/18-5741?utm_source=share&ref=ya70qxhk
6LC3R,https://made.example.invalid/e08-05/19-5742?utm_source=share&ref=pc4dytry
6LC3S,https://made.example.invalid/e08-05/23-5743?utm_source=share&ref=qg24rpyv
6LC3T,https://made.example.invalid/e08-05/4-5744?utm_source=share&ref=712q7qp9
6LC3U,https://made.example.invalid/e08-05/5-5745?utm_source=share&ref=tzgucb2s
6LC3V,https://made.example.invalid/e08-05/13-5746?utm_source=share&ref=ahqt0way
6LC3W,https://made.example.invalid/e08-05/14-5747?utm_source=share&ref=0u26gpz7
6LC3X,https://made.example.invalid/e08-05/6-5748?utm_source=share&ref=x16beytf
6LC3Y,https://made.example.invalid/e08-05/20-5749?utm_source=share&ref=14r6p32j
6LC3Z,https://made.example.invalid/e08-05/9-5750?utm_source=share&ref=xahts7id
6LC40,https://made.example.invalid/e08-05/18-5751?utm_source=share&ref=fafdtd6k
6LC41,https://made.example.invalid/e08-05/19-5752?utm_source=share&ref=y81z0n8i
6LC42,https://made.example.invalid/e08-05/23-5753?utm_source=share&ref=bm8vet02
6LC43,https://made.example.invalid/e08-05/4-5754?utm_source=share&ref=0vl8uhv8
6LC44,https://made.example.invalid/e08-05/5-5755?utm_source=share&ref=6qt583dy
6LC45,https://made.example.invalid/e08-05/13-5756?utm_source=share&ref=kuin66ad
6LC46,https://made.example.invalid/e08-05/14-5757?utm_source=share&ref=zbkqyvpt
6LC47,https://made.example.invalid/e08-05/6-5758?utm_source=share&ref=9albecmy
6LC48,https://made.example.invalid/e08-05/20-5759?utm_source=share&ref=ug6w44mv
6LC49,https://made.example.invalid/e08-05/9-5760?utm_source=share&ref=cizrvk5a
6LC4a,https://made.example.invalid/e08-05/18-5761?utm_source=share&ref=lfgcrp0j
6LC4b,https://made.example.invalid/e08-05/19-5762?utm_source=share&ref=9b130wwc
6LC4c,https://made.example.invalid/e08-05/23-5763?utm_source=share&ref=l9lsvfa8
6LC4d,https://made.example.invalid/e08-05/4-5764?utm_source=share&ref=604inakb
6LC4e,https://made.example.invalid/e08-05/5-5765?utm_source=share&ref=ar4t9hb5
6LC4f,https://made.example.invalid/e08-05/13-5766?utm_source=share&ref=jqzelypi
6LC4g,https://made.example.invalid/e08-05/14-5767?utm_source=share&ref=viceq4j2
6LC4h,https://made.example.invalid/e08-05/6-5768?utm_source=share&ref=4w65lj7d
6LC4i,https://made.example.invalid/e08-05/20-5769?utm_source=share&ref=nxy5lu84
6LC4j,https://made.example.invalid/e08-05/9-5770?utm_source=share&ref=j4ermbsj
6LC4k,https://made.example.invalid/e08-05/18-5771?utm_source=share&ref=p62rm3jz
6LC4l,https://made.example.invalid/e08-05/19-5772?utm_source=share&ref=gz4vbnp0
6LC4m,https://made.example.invalid/e08-05/23-5773?utm_source=share&ref=srnjvyfs
6LC4n,https://made.example.invalid/e08-05/4-5774?utm_source=share&ref=wt59429m
6LC4o,https://made.example.invalid/e08-05/5-5775?utm_source=share&ref=r5yblb4y
6LC4p,https://made.example.invalid/e08-05/13-5776?utm_source=share&ref=dhh2h9vr
6LC4q,https://made.example.invalid/e08-05/14-5777?utm_source=share&ref=27e4hg1u
6LC4r,https://made.example.invalid/e08-05/6-5778?utm_source=share&ref=we0rs294
6LC4s,https://made.example.invalid/e08-05/20-5779?utm_source=share&ref=m6or0jmd
6LC4t,https://made.example.invalid/e08-05/9-5780?utm_source=share&ref=73azd9c9
6LC4u,https://made.example.invalid/e08-05/18-5781?utm_source=share&ref=rnjn55mo
6LC4v,https://made.example.invalid/e08-05/19-5782?utm_source=share&ref=5eksft8v
6LC4w,https://made.example.invalid/e08-05/23-5783?utm_source=share&ref=oi3sckrf
6LC4x,https://made.example.invalid/e08-05/4-5784?utm_source=share&ref=rje6exer
6LC4y,https://made.example.invalid/e08-05/5-5785?utm_source=share&ref=3qvneklp
6LC4z,https://made.example.invalid/e08-05/13-5786?utm_source=share&ref=kva7rt24
6LC4A,https://made.example.invalid/e08-05/14-5787?utm_source=share&ref=s49u3gm3
6LC4B,https://made.example.invalid/e08-05/6-5788?utm_source=share&ref=2vln4ftq
6LC4C,https://made.example.invalid/e08-05/20-5789?utm_source=share&ref=zw5hadt1
6LC4D,https://made.example.invalid/e08-05/9-5790?utm_source=share&ref=chi4m5e8
6LC4E,https://made.example.invalid/e08-05/18-5791?utm_source=share&ref=sxws685d
6LC4F,https://made.example.invalid/e08-05/19-5792?utm_source=share&ref=q77upw1l
6LC4G,https://made.example.invalid/e08-05/23-5793?utm_source=share&ref=2fp0ev99
6LC4H,https://made.example.invalid/e08-05/4-5794?utm_source=share&ref=xmyfrs1y
6LC4I,https://made.example.invalid/e08-05/5-5795?utm_source=share&ref=l0muqbqy
6LC4J,https://made.example.invalid/e08-05/13-5796?utm_source=share&ref=miwjpocr
6LC4K,https://made.example.invalid/e08-05/14-5797?utm_source=share&ref=pdf3kwhe
6LC4L,https://made.example.invalid/e08-05/6-5798?utm_source=share&ref=q7ewxebg
6LC4M,https://made.example.invalid/e08-05/20-5799?utm_source=share&ref=29yg9u1d
6LC4N,https://made.example.invalid/e08-05/9-5800?utm_source=share&ref=cfy3ipgq
6LC4O,https://made.example.invalid/e08-05/18-5801?utm_source=share&ref=aef0xyq1
6LC4P,https://made.example.invalid/e08-05/19-5802?utm_source=share&ref=lc9za2xk
6LC4Q,https://made.example.invalid/e08-05/23-5803?utm_source=share&ref=7mdwz6ql
6LC4R,https://made.example.invalid/e08-05/4-5804?utm_source=share&ref=l1o1fgl9
6LC4S,https://made.example.invalid/e08-05/5-5805?utm_source=share&ref=bs317hpp
6LC4T,https://made.example.invalid/e08-05/13-5806?utm_source=share&ref=4lw4xlzg
6LC4U,https://made.example.invalid/e08-05/14-5807?utm_source=share&ref=kj74bkh3
6LC4V,https://made.example.invalid/e08-05/6-5808?utm_source=share&ref=xpx1t0ol
6LC4W,https://made.example.invalid/e08-05/20-5809?utm_source=share&ref=c3xsubtx
6LC4X,https://made.example.invalid/e08-05/9-5810?utm_source=share&ref=br4jeg5x
6LC4Y,https://made.example.invalid/e08-05/18-5811?utm_source=share&ref=f74vs20s
6LC4Z,https://made.example.invalid/e08-05/19-5812?utm_source=share&ref=hl83v2p6
6LC50,https://made.example.invalid/e08-05/23-5813?utm_source=share&ref=mep8v2hr
6LC51,https://made.example.invalid/e08-05/4-5814?utm_source=share&ref=qo9zlv9n
6LC52,https://made.example.invalid/e08-05/5-5815?utm_source=share&ref=x96r7v1y
6LC53,https://made.example.invalid/e08-05/13-5816?utm_source=share&ref=lzwy8eb2
6LC54,https://made.example.invalid/e08-05/14-5817?utm_source=share&ref=k3zwbx5b
6LC55,https://made.example.invalid/e08-05/6-5818?utm_source=share&ref=3r0r3qkh
6LC56,https://made.example.invalid/e08-05/20-5819?utm_source=share&ref=quyvgm25
6LC57,https://made.example.invalid/e08-05/9-5820?utm_source=share&ref=za4vcmzj
6LC58,https://made.example.invalid/e08-05/18-5821?utm_source=share&ref=y1mj2e3k
6LC59,https://made.example.invalid/e08-05/19-5822?utm_source=share&ref=eezmf8q6
6LC5a,https://made.example.invalid/e08-05/23-5823?utm_source=share&ref=hms18pwd
6LC5b,https://made.example.invalid/e08-05/4-5824?utm_source=share&ref=n1byq7b1
6LC5c,https://made.example.invalid/e08-05/5-5825?utm_source=share&ref=cw1qn5uk
6LC5d,https://made.example.invalid/e08-05/13-5826?utm_source=share&ref=cju1znto
6LC5e,https://made.example.invalid/e08-05/14-5827?utm_source=share&ref=c8jvyl3a
6LC5f,https://made.example.invalid/e08-05/6-5828?utm_source=share&ref=hxei8doh
6LC5g,https://made.example.invalid/e08-05/20-5829?utm_source=share&ref=fuotakbr
6LC5h,https://made.example.invalid/e08-05/9-5830?utm_source=share&ref=luwhm5eh
6LC5i,https://made.example.invalid/e08-05/18-5831?utm_source=share&ref=7r2ijmfv
6LC5j,https://made.example.invalid/e08-05/19-5832?utm_source=share&ref=ffl2rg29
6LC5k,https://made.example.invalid/e08-05/23-5833?utm_source=share&ref=mr0umrze
6LC5l,https://made.example.invalid/e08-05/4-5834?utm_source=share&ref=vpv8hjo4
6LC5m,https://made.example.invalid/e08-05/5-5835?utm_source=share&ref=mq0loyi3
6LC5n,https://made.example.invalid/e08-05/13-5836?utm_source=share&ref=rrv13im9
6LC5o,https://made.example.invalid/e08-05/14-5837?utm_source=share&ref=iy2zj298
6LC5p,https://made.example.invalid/e08-05/6-5838?utm_source=share&ref=le3qeazd
6LC5q,https://made.example.invalid/e08-05/20-5839?utm_source=share&ref=x8z1vrq3
6LC5r,https://made.example.invalid/e08-05/9-5840?utm_source=share&ref=oazyyjkn
6LC5s,https://made.example.invalid/e08-05/18-5841?utm_source=share&ref=k2rh19nr
6LC5t,https://made.example.invalid/e08-05/19-5842?utm_source=share&ref=jvd2i28y
6LC5u,https://made.example.invalid/e08-05/23-5843?utm_source=share&ref=6h2kbgbh
6LC5v,https://made.example.invalid/e08-05/4-5844?utm_source=share&ref=gbhhbvz5
6LC5w,https://made.example.invalid/e08-05/5-5845?utm_source=share&ref=3a24jmtd
6LC5x,https://made.example.invalid/e08-05/13-5846?utm_source=share&ref=lp2fyb20
6LC5y,https://made.example.invalid/e08-05/14-5847?utm_source=share&ref=v0jqwexf
6LC5z,https://made.example.invalid/e08-05/6-5848?utm_source=share&ref=ipjlq6dm
6LC5A,https://made.example.invalid/e08-05/20-5849?utm_source=share&ref=uhi7s7yg
6LC5B,https://made.example.invalid/e08-05/9-5850?utm_source=share&ref=r1wq9zpc
6LC5C,https://made.example.invalid/e08-05/18-5851?utm_source=share&ref=v178o02w
6LC5D,https://made.example.invalid/e08-05/19-5852?utm_source=share&ref=gqv6zcz2
6LC5E,https://made.example.invalid/e08-05/23-5853?utm_source=share&ref=jjegeksg
6LC5F,https://made.example.invalid/e08-05/4-5854?utm_source=share&ref=iweo7bq7
6LC5G,https://made.example.invalid/e08-05/5-5855?utm_source=share&ref=kn0awsuc
6LC5H,https://made.example.invalid/e08-05/13-5856?utm_source=share&ref=uwu0kl4o
6LC5I,https://made.example.invalid/e08-05/14-5857?utm_source=share&ref=iuszx20z
6LC5J,https://made.example.invalid/e08-05/6-5858?utm_source=share&ref=jn1o16rj
6LC5K,https://made.example.invalid/e08-05/20-5859?utm_source=share&ref=1ydn6e9s
6LC5L,https://made.example.invalid/e08-05/9-5860?utm_source=share&ref=lxnmjpgn
6LC5M,https://made.example.invalid/e08-05/18-5861?utm_source=share&ref=w049q9qm
6LC5N,https://made.example.invalid/e08-05/19-5862?utm_source=share&ref=gadb3b0w
6LC5O,https://made.example.invalid/e08-05/23-5863?utm_source=share&ref=8pesszjt
6LC5P,https://made.example.invalid/e08-05/4-5864?utm_source=share&ref=830ep5n6
6LC5Q,https://made.example.invalid/e08-05/5-5865?utm_source=share&ref=nmxtxj1t
6LC5R,https://made.example.invalid/e08-05/13-5866?utm_source=share&ref=uvm8nsjn
6LC5S,https://made.example.invalid/e08-05/14-5867?utm_source=share&ref=v8bkq7jb
6LC5T,https://made.example.invalid/e08-05/6-5868?utm_source=share&ref=pttdg7k9
6LC5U,https://made.example.invalid/e08-05/20-5869?utm_source=share&ref=xuqcjtrl
6LC5V,https://made.example.invalid/e08-05/9-5870?utm_source=share&ref=ze67kq6i
6LC5W,https://made.example.invalid/e08-05/18-5871?utm_source=share&ref=4ry1qylh
6LC5X,https://made.example.invalid/e08-05/19-5872?utm_source=share&ref=8ta5l746
6LC5Y,https://made.example.invalid/e08-05/23-5873?utm_source=share&ref=fk64p2lo
6LC5Z,https://made.example.invalid/e08-05/4-5874?utm_source=share&ref=mkt2q9xz
6LC60,https://made.example.invalid/e08-05/5-5875?utm_source=share&ref=wrcjssdk
6LC61,https://made.example.invalid/e08-05/13-5876?utm_source=share&ref=mqcz629a
6LC62,https://made.example.invalid/e08-05/14-5877?utm_source=share&ref=x5le6f20
6LC63,https://made.example.invalid/e08-05/6-5878?utm_source=share&ref=qp2e8zid
6LC64,https://made.example.invalid/e08-05/20-5879?utm_source=share&ref=rjzdoly0
6LC65,https://made.example.invalid/e08-05/9-5880?utm_source=share&ref=nce7rhng
6LC66,https://made.example.invalid/e08-05/18-5881?utm_source=share&ref=qjmqvrca
6LC67,https://made.example.invalid/e08-05/19-5882?utm_source=share&ref=05488wmq
6LC68,https://made.example.invalid/e08-05/23-5883?utm_source=share&ref=g7wx7lv8
6LC69,https://made.example.invalid/e08-05/4-5884?utm_source=share&ref=i39kdt3t
6LC6a,https://made.example.invalid/e08-05/5-5885?utm_source=share&ref=if4wmb6e
6LC6b,https://made.example.invalid/e08-05/13-5886?utm_source=share&ref=d28pw7ls
6LC6c,https://made.example.invalid/e08-05/14-5887?utm_source=share&ref=fi34g9mk
6LC6d,https://made.example.invalid/e08-05/6-5888?utm_source=share&ref=66vomdu3
6LC6e,https://made.example.invalid/e08-05/20-5889?utm_source=share&ref=msvsogt0
6LC6f,https://made.example.invalid/e08-05/9-5890?utm_source=share&ref=f4ay8lug
6LC6g,https://made.example.invalid/e08-05/18-5891?utm_source=share&ref=evmdig03
6LC6h,https://made.example.invalid/e08-05/19-5892?utm_source=share&ref=yypu2plc
6LC6i,https://made.example.invalid/e08-05/23-5893?utm_source=share&ref=zylegeay
6LC6j,https://made.example.invalid/e08-05/4-5894?utm_source=share&ref=822docel
6LC6k,https://made.example.invalid/e08-05/5-5895?utm_source=share&ref=jzmix3ry
6LC6l,https://made.example.invalid/e08-05/13-5896?utm_source=share&ref=jf9lh6t3
6LC6m,https://made.example.invalid/e08-05/14-5897?utm_source=share&ref=4q6wu2bp
6LC6n,https://made.example.invalid/e08-05/6-5898?utm_source=share&ref=ui89pdrn
6LC6o,https://made.example.invalid/e08-05/20-5899?utm_source=share&ref=odkanhc0
6LC6p,https://made.example.invalid/e08-05/9-5900?utm_source=share&ref=j0mro54t
6LC6q,https://made.example.invalid/e08-05/18-5901?utm_source=share&ref=dvpdkmyk
6LC6r,https://made.example.invalid/e08-05/19-5902?utm_source=share&ref=5cx0q70f
6LC6s,https://made.example.invalid/e08-05/23-5903?utm_source=share&ref=85fut2d0
6LC6t,https://made.example.invalid/e08-05/4-5904?utm_source=share&ref=clom1jbm
6LC6u,https://made.example.invalid/e08-05/5-5905?utm_source=share&ref=uuljzyqp
6LC6v,https://made.example.invalid/e08-05/13-5906?utm_source=share&ref=dzla9bie
6LC6w,https://made.example.invalid/e08-05/14-5907?utm_source=share&ref=j51zsesk
6LC6x,https://made.example.invalid/e08-05/6-5908?utm_source=share&ref=pro50lxt
6LC6y,https://made.example.invalid/e08-05/20-5909?utm_source=share&ref=02jdffnv
6LC6z,https://made.example.invalid/e08-05/9-5910?utm_source=share&ref=dbc8p1lg
6LC6A,https://made.example.invalid/e08-05/18-5911?utm_source=share&ref=5kfhi40i
6LC6B,https://made.example.invalid/e08-05/19-5912?utm_source=share&ref=7xf9nw2w
6LC6C,https://made.example.invalid/e08-05/23-5913?utm_source=share&ref=4u010a5i
6LC6D,https://made.example.invalid/e08-05/4-5914?utm_source=share&ref=hxbzl8cf
6LC6E,https://made.example.invalid/e08-05/5-5915?utm_source=share&ref=quygdzzn
6LC6F,https://made.example.invalid/e08-05/13-5916?utm_source=share&ref=wkd3uju9
6LC6G,https://made.example.invalid/e08-05/14-5917?utm_source=share&ref=2k3isngv
6LC6H,https://made.example.invalid/e08-05/6-5918?utm_source=share&ref=tmcsbmew
6LC6I,https://made.example.invalid/e08-05/20-5919?utm_source=share&ref=71k1pv4z
6LC6J,https://made.example.invalid/e08-05/9-5920?utm_source=share&ref=pkm2llfn
6LC6K,https://made.example.invalid/e08-05/18-5921?utm_source=share&ref=m7xtn0n1
6LC6L,https://made.example.invalid/e08-05/19-5922?utm_source=share&ref=7wlcsxyz
6LC6M,https://made.example.invalid/e08-05/23-5923?utm_source=share&ref=an144vtv
6LC6N,https://made.example.invalid/e08-05/4-5924?utm_source=share&ref=c98foz82
6LC6O,https://made.example.invalid/e08-05/5-5925?utm_source=share&ref=e37xn3qa
6LC6P,https://made.example.invalid/e08-05/13-5926?utm_source=share&ref=fwzvd1uz
6LC6Q,https://made.example.invalid/e08-05/14-5927?utm_source=share&ref=ojrwdkf1
6LC6R,https://made.example.invalid/e08-05/6-5928?utm_source=share&ref=a31i2cpj
6LC6S,https://made.example.invalid/e08-05/20-5929?utm_source=share&ref=7yv5a0zk
6LC6T,https://made.example.invalid/e08-05/9-5930?utm_source=share&ref=dfgaf8v3
6LC6U,https://made.example.invalid/e08-05/18-5931?utm_source=share&ref=jik7va3l
6LC6V,https://made.example.invalid/e08-05/19-5932?utm_source=share&ref=8j28uvo9
6LC6W,https://made.example.invalid/e08-05/23-5933?utm_source=share&ref=0xm5hv2e
6LC6X,https://made.example.invalid/e08-05/4-5934?utm_source=share&ref=qlfu2xb8
6LC6Y,https://made.example.invalid/e08-05/5-5935?utm_source=share&ref=zr64wnn5
6LC6Z,https://made.example.invalid/e08-05/13-5936?utm_source=share&ref=fl6j1uj8
6LC70,https://made.example.invalid/e08-05/14-5937?utm_source=share&ref=ghvglnp8
6LC71,https://made.example.invalid/e08-05/6-5938?utm_source=share&ref=j4q7mfjt
6LC72,https://made.example.invalid/e08-05/20-5939?utm_source=share&ref=6mciyivm
6LC73,https://made.example.invalid/e08-05/9-5940?utm_source=share&ref=scom7b5a
6LC74,https://made.example.invalid/e08-05/18-5941?utm_source=share&ref=37adxqec
6LC75,https://made.example.invalid/e08-05/19-5942?utm_source=share&ref=4s31xpyd
6LC76,https://made.example.invalid/e08-05/23-5943?utm_source=share&ref=4upm6sj3
6LC77,https://made.example.invalid/e08-05/4-5944?utm_source=share&ref=mtvz8g2y
6LC78,https://made.example.invalid/e08-05/5-5945?utm_source=share&ref=x7pti4du
6LC79,https://made.example.invalid/e08-05/13-5946?utm_source=share&ref=mes4ssj4
6LC7a,https://made.example.invalid/e08-05/14-5947?utm_source=share&ref=gl62pisc
6LC7b,https://made.example.invalid/e08-05/6-5948?utm_source=share&ref=8xtujion
6LC7c,https://made.example.invalid/e08-05/20-5949?utm_source=share&ref=q0ckglvf
6LC7d,https://made.example.invalid/e08-05/9-5950?utm_source=share&ref=85ua0cln
6LC7e,https://made.example.invalid/e08-05/18-5951?utm_source=share&ref=8zd6inde
6LC7f,https://made.example.invalid/e08-05/19-5952?utm_source=share&ref=ll26z1ia
6LC7g,https://made.example.invalid/e08-05/23-5953?utm_source=share&ref=vvvg1gmb
6LC7h,https://made.example.invalid/e08-05/4-5954?utm_source=share&ref=4mc9k8p4
6LC7i,https://made.example.invalid/e08-05/5-5955?utm_source=share&ref=n2jsjg5j
6LC7j,https://made.example.invalid/e08-05/13-5956?utm_source=share&ref=aduv9vcy
6LC7k,https://made.example.invalid/e08-05/14-5957?utm_source=share&ref=siaeaf8c
6LC7l,https://made.example.invalid/e08-05/6-5958?utm_source=share&ref=943f8v17
6LC7m,https://made.example.invalid/e08-05/20-5959?utm_source=share&ref=qxhxhq9l
6LC7n,https://made.example.invalid/e08-05/9-5960?utm_source=share&ref=atvws06u
6LC7o,https://made.example.invalid/e08-05/18-5961?utm_source=share&ref=okur5gaj
6LC7p,https://made.example.invalid/e08-05/19-5962?utm_source=share&ref=9iancr02
6LC7q,https://made.example.invalid/e08-05/23-5963?utm_source=share&ref=10f7kwn0
6LC7r,https://made.example.invalid/e08-05/4-5964?utm_source=share&ref=cb36u36u
6LC7s,https://made.example.invalid/e08-05/5-5965?utm_source=share&ref=ayg4zj4p
6LC7t,https://made.example.invalid/e08-05/13-5966?utm_source=share&ref=wvm6kugf
6LC7u,https://made.example.invalid/e08-05/14-5967?utm_source=share&ref=sjcd0as9
6LC7v,https://made.example.invalid/e08-05/6-5968?utm_source=share&ref=570vwg2x
6LC7w,https://made.example.invalid/e08-05/20-5969?utm_source=share&ref=ddwz10xe
6LC7x,https://made.example.invalid/e08-05/9-5970?utm_source=share&ref=onni5fqy
6LC7y,https://made.example.invalid/e08-05/18-5971?utm_source=share&ref=tm3i76zg
6LC7z,https://made.example.invalid/e08-05/19-5972?utm_source=share&ref=9mqw9xaa
6LC7A,https://made.example.invalid/e08-05/23-5973?utm_source=share&ref=a6tti2uz
6LC7B,https://made.example.invalid/e08-05/4-5974?utm_source=share&ref=sqyfo00r
6LC7C,https://made.example.invalid/e08-05/5-5975?utm_source=share&ref=06p6435p
6LC7D,https://made.example.invalid/e08-05/13-5976?utm_source=share&ref=kchdxrr5
6LC7E,https://made.example.invalid/e08-05/14-5977?utm_source=share&ref=ado6vhav
6LC7F,https://made.example.invalid/e08-05/6-5978?utm_source=share&ref=the9pg5q
6LC7G,https://made.example.invalid/e08-05/20-5979?utm_source=share&ref=zbkdbd8h
6LC7H,https://made.example.invalid/e08-05/9-5980?utm_source=share&ref=mx77lqup
6LC7I,https://made.example.invalid/e08-05/18-5981?utm_source=share&ref=17nfvbyf
6LC7J,https://made.example.invalid/e08-05/19-5982?utm_source=share&ref=mbhtxcai
6LC7K,https://made.example.invalid/e08-05/23-5983?utm_source=share&ref=x787xks4
6LC7L,https://made.example.invalid/e08-05/4-5984?utm_source=share&ref=k0gy0l3u
6LC7M,https://made.example.invalid/e08-05/5-5985?utm_source=share&ref=0ylov8i3
6LC7N,https://made.example.invalid/e08-05/13-5986?utm_source=share&ref=ouihta7c
6LC7O,https://made.example.invalid/e08-05/14-5987?utm_source=share&ref=gqqg6l8b
6LC7P,https://made.example.invalid/e08-05/6-5988?utm_source=share&ref=vwy7d5ge
6LC7Q,https://made.example.invalid/e08-05/20-5989?utm_source=share&ref=bd1z5j37
6LC7R,https://made.example.invalid/e08-05/9-5990?utm_source=share&ref=87f10tfn
6LC7S,https://made.example.invalid/e08-05/18-5991?utm_source=share&ref=xg842kyy
6LC7T,https://made.example.invalid/e08-05/19-5992?utm_source=share&ref=nafd8mii
6LC7U,https://made.example.invalid/e08-05/23-5993?utm_source=share&ref=jyevrvc6
6LC7V,https://made.example.invalid/e08-05/4-5994?utm_source=share&ref=dhu1bdq7
6LC7W,https://made.example.invalid/e08-05/5-5995?utm_source=share&ref=wcvhsz8m
6LC7X,https://made.example.invalid/e08-05/13-5996?utm_source=share&ref=sj4s2lpj
6LC7Y,https://made.example.invalid/e08-05/14-5997?utm_source=share&ref=kpuaqglt
6LC7Z,https://made.example.invalid/e08-05/6-5998?utm_source=share&ref=hr3v391y
6LC80,https://made.example.invalid/e08-05/20-5999?utm_source=share&ref=lg3ejn44
6LC81,https://made.example.invalid/e08-05/9-6000?utm_source=share&ref=ohkmk2s2
6LC82,https://made.example.invalid/e08-05/18-6001?utm_source=share&ref=5xjn9vgv
6LC83,https://made.example.invalid/e08-05/19-6002?utm_source=share&ref=77ln7onf
6LC84,https://made.example.invalid/e08-05/23-6003?utm_source=share&ref=hgz3vhm0
6LC85,https://made.example.invalid/e08-05/4-6004?utm_source=share&ref=l1if6gh2
6LC86,https://made.example.invalid/e08-05/5-6005?utm_source=share&ref=4mvdmg8z
6LC87,https://made.example.invalid/e08-05/13-6006?utm_source=share&ref=vaxahfqp
6LC88,https://made.example.invalid/e08-05/14-6007?utm_source=share&ref=3r3vwojo
6LC89,https://made.example.invalid/e08-05/6-6008?utm_source=share&ref=n2ht90ya
6LC8a,https://made.example.invalid/e08-05/20-6009?utm_source=share&ref=0bcf108z
6LC8b,https://made.example.invalid/e08-05/9-6010?utm_source=share&ref=tslg3y9c
6LC8c,https://made.example.invalid/e08-05/18-6011?utm_source=share&ref=slfa4mgg
6LC8d,https://made.example.invalid/e08-05/19-6012?utm_source=share&ref=psefdkwp
6LC8e,https://made.example.invalid/e08-05/23-6013?utm_source=share&ref=xad83wm8
6LC8f,https://made.example.invalid/e08-05/4-6014?utm_source=share&ref=2as6px7d
6LC8g,https://made.example.invalid/e08-05/5-6015?utm_source=share&ref=8eci23ot
6LC8h,https://made.example.invalid/e08-05/13-6016?utm_source=share&ref=wvlchy4e
6LC8i,https://made.example.invalid/e08-05/14-6017?utm_source=share&ref=hti33zyu
6LC8j,https://made.example.invalid/e08-05/6-6018?utm_source=share&ref=eex79fli
6LC8k,https://made.example.invalid/e08-05/20-6019?utm_source=share&ref=7vny8hhe
6LC8l,https://made.example.invalid/e08-05/9-6020?utm_source=share&ref=u0ja3jip
6LC8m,https://made.example.invalid/e08-05/18-6021?utm_source=share&ref=7ghnyavk
6LC8n,https://made.example.invalid/e08-05/19-6022?utm_source=share&ref=mlmkpn9h
6LC8o,https://made.example.invalid/e08-05/23-6023?utm_source=share&ref=0ihuunv3
6LC8p,https://made.example.invalid/e08-05/4-6024?utm_source=share&ref=fycjf32s
6LC8q,https://made.example.invalid/e08-05/5-6025?utm_source=share&ref=1y2nfznj
6LC8r,https://made.example.invalid/e08-05/13-6026?utm_source=share&ref=o3caxjs5
6LC8s,https://made.example.invalid/e08-05/14-6027?utm_source=share&ref=e76osb6r
6LC8t,https://made.example.invalid/e08-05/6-6028?utm_source=share&ref=q123225s
6LC8u,https://made.example.invalid/e08-05/20-6029?utm_source=share&ref=2nnvlvxa
6LC8v,https://made.example.invalid/e08-05/9-6030?utm_source=share&ref=l5cuow65
6LC8w,https://made.example.invalid/e08-05/18-6031?utm_source=share&ref=6ge0b001
6LC8x,https://made.example.invalid/e08-05/19-6032?utm_source=share&ref=d4xzyq4b
6LC8y,https://made.example.invalid/e08-05/23-6033?utm_source=share&ref=5605c04l
6LC8z,https://made.example.invalid/e08-05/4-6034?utm_source=share&ref=zd4tlujf
6LC8A,https://made.example.invalid/e08-05/5-6035?utm_source=share&ref=50wx746b
6LC8B,https://made.example.invalid/e08-05/13-6036?utm_source=share&ref=51ub9xch
6LC8C,https://made.example.invalid/e08-05/14-6037?utm_source=share&ref=oh098ilq
6LC8D,https://made.example.invalid/e08-05/6-6038?utm_source=share&ref=u52igi5a
6LC8E,https://made.example.invalid/e08-05/20-6039?utm_source=share&ref=6qbwxlal
6LC8F,https://made.example.invalid/e08-05/9-6040?utm_source=share&ref=58xf8uwk
6LC8G,https://made.example.invalid/e08-05/18-6041?utm_source=share&ref=fg218eyp
6LC8H,https://made.example.invalid/e08-05/19-6042?utm_source=share&ref=jtbvkexi
6LC8I,https://made.example.invalid/e08-05/23-6043?utm_source=share&ref=xi20xpca
6LC8J,https://made.example.invalid/e08-05/4-6044?utm_source=share&ref=zqohnmqz
6LC8K,https://made.example.invalid/e08-05/5-6045?utm_source=share&ref=iwvy60rr
6LC8L,https://made.example.invalid/e08-05/13-6046?utm_source=share&ref=9dht8bu3
6LC8M,https://made.example.invalid/e08-05/14-6047?utm_source=share&ref=0d62h5bl
6LC8N,https://made.example.invalid/e08-05/6-6048?utm_source=share&ref=t62wtbgi
6LC8O,https://made.example.invalid/e08-05/20-6049?utm_source=share&ref=amysnpjk
6LC8P,https://made.example.invalid/e08-05/9-6050?utm_source=share&ref=3u8kt429
6LC8Q,https://made.example.invalid/e08-05/18-6051?utm_source=share&ref=m98e1nht
6LC8R,https://made.example.invalid/e08-05/19-6052?utm_source=share&ref=1itidcgr
6LC8S,https://made.example.invalid/e08-05/23-6053?utm_source=share&ref=eosbshz7
6LC8T,https://made.example.invalid/e08-05/4-6054?utm_source=share&ref=nendzjxr
6LC8U,https://made.example.invalid/e08-05/5-6055?utm_source=share&ref=vko53gn9
6LC8V,https://made.example.invalid/e08-05/13-6056?utm_source=share&ref=82rrdakc
6LC8W,https://made.example.invalid/e08-05/14-6057?utm_source=share&ref=thbeuytk
6LC8X,https://made.example.invalid/e08-05/6-6058?utm_source=share&ref=ql7pnubu
6LC8Y,https://made.example.invalid/e08-05/20-6059?utm_source=share&ref=0uvsvrht
6LC8Z,https://made.example.invalid/e08-05/9-6060?utm_source=share&ref=7o4pdyif
6LC90,https://made.example.invalid/e08-05/18-6061?utm_source=share&ref=0doan0b5
6LC91,https://made.example.invalid/e08-05/19-6062?utm_source=share&ref=ysc8szv9
6LC92,https://made.example.invalid/e08-05/23-6063?utm_source=share&ref=zgqo40vf
6LC93,https://made.example.invalid/e08-05/4-6064?utm_source=share&ref=a41jvk7u
6LC94,https://made.example.invalid/e08-05/5-6065?utm_source=share&ref=cckafqo6
6LC95,https://made.example.invalid/e08-05/13-6066?utm_source=share&ref=9wmcew1i
6LC96,https://made.example.invalid/e08-05/14-6067?utm_source=share&ref=49i1avi9
6LC97,https://made.example.invalid/e08-05/6-6068?utm_source=share&ref=iougv7b1
6LC98,https://made.example.invalid/e08-05/20-6069?utm_source=share&ref=fv7lcyhy
6LC99,https://made.example.invalid/e08-05/9-6070?utm_source=share&ref=p2hvmoxu
6LC9a,https://made.example.invalid/e08-05/18-6071?utm_source=share&ref=dihg1k4g
6LC9b,https://made.example.invalid/e08-05/19-6072?utm_source=share&ref=s2keh2fq
6LC9c,https://made.example.invalid/e08-05/23-6073?utm_source=share&ref=kqse8rif
6LC9d,https://made.example.invalid/e08-05/4-6074?utm_source=share&ref=xhnfdm7a
6LC9e,https://made.example.invalid/e08-05/5-6075?utm_source=share&ref=lnmdxqbd
6LC9f,https://made.example.invalid/e08-05/13-6076?utm_source=share&ref=1a52gd6b
6LC9g,https://made.example.invalid/e08-05/14-6077?utm_source=share&ref=4ja07soo
6LC9h,https://made.example.invalid/e08-05/6-6078?utm_source=share&ref=ctrc1m1l
6LC9i,https://made.example.invalid/e08-05/20-6079?utm_source=share&ref=7z88frfq
6LC9j,https://made.example.invalid/e08-05/9-6080?utm_source=share&ref=2e5zcyc6
6LC9k,https://made.example.invalid/e08-05/18-6081?utm_source=share&ref=avjxfese
6LC9l,https://made.example.invalid/e08-05/19-6082?utm_source=share&ref=lramkkj5
6LC9m,https://made.example.invalid/e08-05/23-6083?utm_source=share&ref=hy99g3d8
6LC9n,https://made.example.invalid/e08-05/4-6084?utm_source=share&ref=ncg6xck2
6LC9o,https://made.example.invalid/e08-05/5-6085?utm_source=share&ref=vbl4ikvs
6LC9p,https://made.example.invalid/e08-05/13-6086?utm_source=share&ref=hogmo4yr
6LC9q,https://made.example.invalid/e08-05/14-6087?utm_source=share&ref=7mrbaes3
6LC9r,https://made.example.invalid/e08-05/6-6088?utm_source=share&ref=xbhtj43b
6LC9s,https://made.example.invalid/e08-05/20-6089?utm_source=share&ref=2ulhtj08
6LC9t,https://made.example.invalid/e08-05/9-6090?utm_source=share&ref=pe6bu90y
6LC9u,https://made.example.invalid/e08-05/18-6091?utm_source=share&ref=7s00zmud
6LC9v,https://made.example.invalid/e08-05/19-6092?utm_source=share&ref=wzxewmak
6LC9w,https://made.example.invalid/e08-05/23-6093?utm_source=share&ref=s3lqvv7z
6LC9x,https://made.example.invalid/e08-05/4-6094?utm_source=share&ref=zvl6xeqa
6LC9y,https://made.example.invalid/e08-05/5-6095?utm_source=share&ref=hodav9hm
6LC9z,https://made.example.invalid/e08-05/13-6096?utm_source=share&ref=9iyveh4j
6LC9A,https://made.example.invalid/e08-05/14-6097?utm_source=share&ref=i10pw4c2
6LC9B,https://made.example.invalid/e08-05/6-6098?utm_source=share&ref=5ph288zh
6LC9C,https://made.example.invalid/e08-05/20-6099?utm_source=share&ref=hd9evahh
6LC9D,https://made.example.invalid/e08-05/9-6100?utm_source=share&ref=jb30jtsb
6LC9E,https://made.example.invalid/e08-05/18-6101?utm_source=share&ref=0k0i0k9l
6LC9F,https://made.example.invalid/e08-05/19-6102?utm_source=share&ref=73rr7tac
6LC9G,https://made.example.invalid/e08-05/23-6103?utm_source=share&ref=8fapcopj
6LC9H,https://made.example.invalid/e08-05/4-6104?utm_source=share&ref=q3mc55pb
6LC9I,https://made.example.invalid/e08-05/5-6105?utm_source=share&ref=esk1es93
6LC9J,https://made.example.invalid/e08-05/13-6106?utm_source=share&ref=whp19921
6LC9K,https://made.example.invalid/e08-05/14-6107?utm_source=share&ref=w5d324m5
6LC9L,https://made.example.invalid/e08-05/6-6108?utm_source=share&ref=olfh0mwb
6LC9M,https://made.example.invalid/e08-05/20-6109?utm_source=share&ref=qbud2a6m
6LC9N,https://made.example.invalid/e08-05/9-6110?utm_source=share&ref=gfjy1u0a
6LC9O,https://made.example.invalid/e08-05/18-6111?utm_source=share&ref=y1tmptkr
6LC9P,https://made.example.invalid/e08-05/19-6112?utm_source=share&ref=8s7768qg
6LC9Q,https://made.example.invalid/e08-05/23-6113?utm_source=share&ref=cagmm4zv
6LC9R,https://made.example.invalid/e08-05/4-6114?utm_source=share&ref=d7igij4i
6LC9S,https://made.example.invalid/e08-05/5-6115?utm_source=share&ref=opn9k1jv
6LC9T,https://made.example.invalid/e08-05/13-6116?utm_source=share&ref=gfmh9vzh
6LC9U,https://made.example.invalid/e08-05/14-6117?utm_source=share&ref=0ki7ck5j
6LC9V,https://made.example.invalid/e08-05/6-6118?utm_source=share&ref=p1lgcob3
6LC9W,https://made.example.invalid/e08-05/20-6119?utm_source=share&ref=109rhuw9
6LC9X,https://made.example.invalid/e08-05/9-6120?utm_source=share&ref=dalzzo5r
6LC9Y,https://made.example.invalid/e08-05/18-6121?utm_source=share&ref=323qnfw9
6LC9Z,https://made.example.invalid/e08-05/19-6122?utm_source=share&ref=z2rm5pxs
6LCa0,https://made.example.invalid/e08-05/23-6123?utm_source=share&ref=zrqwq5ob
6LCa1,https://made.example.invalid/e08-05/4-6124?utm_source=share&ref=f14ggc5g
6LCa2,https://made.example.invalid/e08-05/5-6125?utm_source=share&ref=5dl8f0c2
6LCa3,https://made.example.invalid/e08-05/13-6126?utm_source=share&ref=rzex6t54
6LCa4,https://made.example.invalid/e08-05/14-6127?utm_source=share&ref=5gfbtf7e
6LCa5,https://made.example.invalid/e08-05/6-6128?utm_source=share&ref=5gvpe0zl
6LCa6,https://made.example.invalid/e08-05/20-6129?utm_source=share&ref=2azl8ml7
6LCa7,https://made.example.invalid/e08-05/9-6130?utm_source=share&ref=6jljf9gh
6LCa8,https://made.example.invalid/e08-05/18-6131?utm_source=share&ref=tc8a65v8
6LCa9,https://made.example.invalid/e08-05/19-6132?utm_source=share&ref=wtgsi25d
6LCaa,https://made.example.invalid/e08-05/23-6133?utm_source=share&ref=o7105tl2
6LCab,https://made.example.invalid/e08-05/4-6134?utm_source=share&ref=qq59kdh9
6LCac,https://made.example.invalid/e08-05/5-6135?utm_source=share&ref=m9z7x2br
6LCad,https://made.example.invalid/e08-05/13-6136?utm_source=share&ref=k83ydt51
6LCae,https://made.example.invalid/e08-05/14-6137?utm_source=share&ref=ky29wl65
6LCaf,https://made.example.invalid/e08-05/6-6138?utm_source=share&ref=8k4mk7pp
6LCag,https://made.example.invalid/e08-05/20-6139?utm_source=share&ref=8b4areii
6LCah,https://made.example.invalid/e08-05/9-6140?utm_source=share&ref=4zt8f2pb
6LCai,https://made.example.invalid/e08-05/18-6141?utm_source=share&ref=x216zb8z
6LCaj,https://made.example.invalid/e08-05/19-6142?utm_source=share&ref=vh6ekr4x
6LCak,https://made.example.invalid/e08-05/23-6143?utm_source=share&ref=0jdvcc0e
6LCal,https://made.example.invalid/e08-05/4-6144?utm_source=share&ref=i67xgqse
6LCam,https://made.example.invalid/e08-05/5-6145?utm_source=share&ref=zhya77zn
6LCan,https://made.example.invalid/e08-05/13-6146?utm_source=share&ref=y7kga0y1
6LCao,https://made.example.invalid/e08-05/14-6147?utm_source=share&ref=rlzrh3j9
6LCap,https://made.example.invalid/e08-05/6-6148?utm_source=share&ref=fhzfmb7z
6LCaq,https://made.example.invalid/e08-05/20-6149?utm_source=share&ref=fzmet4rc
6LCar,https://made.example.invalid/e08-05/9-6150?utm_source=share&ref=7z0cnxc9
6LCas,https://made.example.invalid/e08-05/18-6151?utm_source=share&ref=mi9y681k
6LCat,https://made.example.invalid/e08-05/19-6152?utm_source=share&ref=d2kx2xbh
6LCau,https://made.example.invalid/e08-05/23-6153?utm_source=share&ref=iurezgmm
6LCav,https://made.example.invalid/e08-05/4-6154?utm_source=share&ref=089bw6aq
6LCaw,https://made.example.invalid/e08-05/5-6155?utm_source=share&ref=e6dtfa7l
6LCax,https://made.example.invalid/e08-05/13-6156?utm_source=share&ref=sef4ju9w
6LCay,https://made.example.invalid/e08-05/14-6157?utm_source=share&ref=h0htwvlv
6LCaz,https://made.example.invalid/e08-05/6-6158?utm_source=share&ref=vsbjshu2
6LCaA,https://made.example.invalid/e08-05/20-6159?utm_source=share&ref=2b4ixs39
6LCaB,https://made.example.invalid/e08-05/9-6160?utm_source=share&ref=2yvtqlw4
6LCaC,https://made.example.invalid/e08-05/18-6161?utm_source=share&ref=psa4u9nl
6LCaD,https://made.example.invalid/e08-05/19-6162?utm_source=share&ref=hdfemm1v
6LCaE,https://made.example.invalid/e08-05/23-6163?utm_source=share&ref=1any3hyd
6LCaF,https://made.example.invalid/e08-05/4-6164?utm_source=share&ref=x3n96gsl
6LCaG,https://made.example.invalid/e08-05/5-6165?utm_source=share&ref=5djjjnd5
6LCaH,https://made.example.invalid/e08-05/13-6166?utm_source=share&ref=yd21n68h
6LCaI,https://made.example.invalid/e08-05/14-6167?utm_source=share&ref=jeknpcwp
6LCaJ,https://made.example.invalid/e08-05/6-6168?utm_source=share&ref=3cjwb7yz
6LCaK,https://made.example.invalid/e08-05/20-6169?utm_source=share&ref=h2kbr5tn
6LCaL,https://made.example.invalid/e08-05/9-6170?utm_source=share&ref=vhd1ku2m
6LCaM,https://made.example.invalid/e08-05/18-6171?utm_source=share&ref=vh902weu
6LCaN,https://made.example.invalid/e08-05/19-6172?utm_source=share&ref=46tqv5ok
6LCaO,https://made.example.invalid/e08-05/23-6173?utm_source=share&ref=mhovc7af
6LCaP,https://made.example.invalid/e08-05/4-6174?utm_source=share&ref=kkwvvmug
6LCaQ,https://made.example.invalid/e08-05/5-6175?utm_source=share&ref=rja9l0kn
6LCaR,https://made.example.invalid/e08-05/13-6176?utm_source=share&ref=og9yi61u
6LCaS,https://made.example.invalid/e08-05/14-6177?utm_source=share&ref=8fzcbq7q
6LCaT,https://made.example.invalid/e08-05/6-6178?utm_source=share&ref=nvc3vwkr
6LCaU,https://made.example.invalid/e08-05/20-6179?utm_source=share&ref=2jsfyo4s
6LCaV,https://made.example.invalid/e08-05/9-6180?utm_source=share&ref=sy07idto
6LCaW,https://made.example.invalid/e08-05/18-6181?utm_source=share&ref=fux258qw
6LCaX,https://made.example.invalid/e08-05/19-6182?utm_source=share&ref=yqcddcrq
6LCaY,https://made.example.invalid/e08-05/23-6183?utm_source=share&ref=z4kus402
6LCaZ,https://made.example.invalid/e08-05/4-6184?utm_source=share&ref=e8rbfncw
6LCb0,https://made.example.invalid/e08-05/5-6185?utm_source=share&ref=cb0joqvh
6LCb1,https://made.example.invalid/e08-05/13-6186?utm_source=share&ref=q75uihrv
6LCb2,https://made.example.invalid/e08-05/14-6187?utm_source=share&ref=wdu4zywe
6LCb3,https://made.example.invalid/e08-05/6-6188?utm_source=share&ref=u1r2f3bg
6LCb4,https://made.example.invalid/e08-05/20-6189?utm_source=share&ref=zd24d47z
6LCb5,https://made.example.invalid/e08-05/9-6190?utm_source=share&ref=dt54eugt
6LCb6,https://made.example.invalid/e08-05/18-6191?utm_source=share&ref=7pe1lypx
6LCb7,https://made.example.invalid/e08-05/19-6192?utm_source=share&ref=3cqnrv37
6LCb8,https://made.example.invalid/e08-05/23-6193?utm_source=share&ref=ps4zash2
6LCb9,https://made.example.invalid/e08-05/4-6194?utm_source=share&ref=3xvlo7d9
6LCba,https://made.example.invalid/e08-05/5-6195?utm_source=share&ref=u3ay2cmo
6LCbb,https://made.example.invalid/e08-05/13-6196?utm_source=share&ref=0auxcty4
6LCbc,https://made.example.invalid/e08-05/14-6197?utm_source=share&ref=kgpu8bml
6LCbd,https://made.example.invalid/e08-05/6-6198?utm_source=share&ref=tph4r0fb
6LCbe,https://made.example.invalid/e08-05/20-6199?utm_source=share&ref=ydyv7jnq
6LCbf,https://made.example.invalid/e08-05/9-6200?utm_source=share&ref=yk5x9dff
6LCbg,https://made.example.invalid/e08-05/18-6201?utm_source=share&ref=sfc59jn4
6LCbh,https://made.example.invalid/e08-05/19-6202?utm_source=share&ref=fiyc7g86
6LCbi,https://made.example.invalid/e08-05/23-6203?utm_source=share&ref=grgilcur
6LCbj,https://made.example.invalid/e08-05/4-6204?utm_source=share&ref=89iu2v7d
6LCbk,https://made.example.invalid/e08-05/5-6205?utm_source=share&ref=tuju2egx
6LCbl,https://made.example.invalid/e08-05/13-6206?utm_source=share&ref=w1dm639t
6LCbm,https://made.example.invalid/e08-05/14-6207?utm_source=share&ref=brt91znj
6LCbn,https://made.example.invalid/e08-05/6-6208?utm_source=share&ref=kjharb80
6LCbo,https://made.example.invalid/e08-05/20-6209?utm_source=share&ref=z7tpsac6
6LCbp,https://made.example.invalid/e08-05/9-6210?utm_source=share&ref=qhu3hnab
6LCbq,https://made.example.invalid/e08-05/18-6211?utm_source=share&ref=qj3kt8ii
6LCbr,https://made.example.invalid/e08-05/19-6212?utm_source=share&ref=9grsi1u4
6LCbs,https://made.example.invalid/e08-05/23-6213?utm_source=share&ref=27k1qn46
6LCbt,https://made.example.invalid/e08-05/4-6214?utm_source=share&ref=c45gopc9
6LCbu,https://made.example.invalid/e08-05/5-6215?utm_source=share&ref=i785yjpk
6LCbv,https://made.example.invalid/e08-05/13-6216?utm_source=share&ref=gf6il09x
6LCbw,https://made.example.invalid/e08-05/14-6217?utm_source=share&ref=7kz3emqm
6LCbx,https://made.example.invalid/e08-05/6-6218?utm_source=share&ref=qzowjnbr
6LCby,https://made.example.invalid/e08-05/20-6219?utm_source=share&ref=3xm91mfv
6LCbz,https://made.example.invalid/e08-05/9-6220?utm_source=share&ref=jk04fkjv
6LCbA,https://made.example.invalid/e08-05/18-6221?utm_source=share&ref=ey8j8epl
6LCbB,https://made.example.invalid/e08-05/19-6222?utm_source=share&ref=vy1nwewo
6LCbC,https://made.example.invalid/e08-05/23-6223?utm_source=share&ref=fdr2j8pd
6LCbD,https://made.example.invalid/e08-05/4-6224?utm_source=share&ref=2fk8o5ju
6LCbE,https://made.example.invalid/e08-05/5-6225?utm_source=share&ref=6rkglv74
6LCbF,https://made.example.invalid/e08-05/13-6226?utm_source=share&ref=kfyjg1a8
6LCbG,https://made.example.invalid/e08-05/14-6227?utm_source=share&ref=5sndt0bs
6LCbH,https://made.example.invalid/e08-05/6-6228?utm_source=share&ref=wlbyi1vc
6LCbI,https://made.example.invalid/e08-05/20-6229?utm_source=share&ref=jt1ncum5
6LCbJ,https://made.example.invalid/e08-05/9-6230?utm_source=share&ref=jm1lisz4
6LCbK,https://made.example.invalid/e08-05/18-6231?utm_source=share&ref=ic4ixdj6
6LCbL,https://made.example.invalid/e08-05/19-6232?utm_source=share&ref=cfk035qn
6LCbM,https://made.example.invalid/e08-05/23-6233?utm_source=share&ref=ojfz222f
6LCbN,https://made.example.invalid/e08-05/4-6234?utm_source=share&ref=1gffk2uu
6LCbO,https://made.example.invalid/e08-05/5-6235?utm_source=share&ref=9o9fzo3v
6LCbP,https://made.example.invalid/e08-05/13-6236?utm_source=share&ref=dbwf725b
6LCbQ,https://made.example.invalid/e08-05/14-6237?utm_source=share&ref=90c4mg91
6LCbR,https://made.example.invalid/e08-05/6-6238?utm_source=share&ref=n59noav3
6LCbS,https://made.example.invalid/e08-05/20-6239?utm_source=share&ref=358je4wx
6LCbT,https://made.example.invalid/e08-05/9-6240?utm_source=share&ref=4pajc5rt
6LCbU,https://made.example.invalid/e08-05/18-6241?utm_source=share&ref=nnfr0x30
6LCbV,https://made.example.invalid/e08-05/19-6242?utm_source=share&ref=rerg0lzp
6LCbW,https://made.example.invalid/e08-05/23-6243?utm_source=share&ref=w4dqgkx7
6LCbX,https://made.example.invalid/e08-05/4-6244?utm_source=share&ref=uohaz3r4
6LCbY,https://made.example.invalid/e08-05/5-6245?utm_source=share&ref=bep2u1m0
6LCbZ,https://made.example.invalid/e08-05/13-6246?utm_source=share&ref=vixfnpvo
6LCc0,https://made.example.invalid/e08-05/14-6247?utm_source=share&ref=v2gmb7x4
6LCc1,https://made.example.invalid/e08-05/6-6248?utm_source=share&ref=tnqcrrle
6LCc2,https://made.example.invalid/e08-05/20-6249?utm_source=share&ref=4k5oy4ku
6LCc3,https://made.example.invalid/e08-05/9-6250?utm_source=share&ref=uxaogffl
6LCc4,https://made.example.invalid/e08-05/18-6251?utm_source=share&ref=whpfdjhu
6LCc5,https://made.example.invalid/e08-05/19-6252?utm_source=share&ref=zjt6byfw
6LCc6,https://made.example.invalid/e08-05/23-6253?utm_source=share&ref=mpcpfgi4
6LCc7,https://made.example.invalid/e08-05/4-6254?utm_source=share&ref=i100ug2c
6LCc8,https://made.example.invalid/e08-05/5-6255?utm_source=share&ref=ao9hunha
6LCc9,https://made.example.invalid/e08-05/13-6256?utm_source=share&ref=d854bsao
6LCca,https://made.example.invalid/e08-05/14-6257?utm_source=share&ref=gaqn5f2j
6LCcb,https://made.example.invalid/e08-05/6-6258?utm_source=share&ref=9f8za5g3
6LCcc,https://made.example.invalid/e08-05/20-6259?utm_source=share&ref=0oknjt9w
6LCcd,https://made.example.invalid/e08-05/9-6260?utm_source=share&ref=3s2ef9t7
6LCce,https://made.example.invalid/e08-05/18-6261?utm_source=share&ref=6t4une16
6LCcf,https://made.example.invalid/e08-05/19-6262?utm_source=share&ref=j4cjzxy6
6LCcg,https://made.example.invalid/e08-05/23-6263?utm_source=share&ref=jfqrrkvq
6LCch,https://made.example.invalid/e08-05/4-6264?utm_source=share&ref=hpn1ec1f
6LCci,https://made.example.invalid/e08-05/5-6265?utm_source=share&ref=ph6b88gs
6LCcj,https://made.example.invalid/e08-05/13-6266?utm_source=share&ref=yw13d2k8
6LCck,https://made.example.invalid/e08-05/14-6267?utm_source=share&ref=l7a3hef3
6LCcl,https://made.example.invalid/e08-05/6-6268?utm_source=share&ref=15md29xm
6LCcm,https://made.example.invalid/e08-05/20-6269?utm_source=share&ref=5fhpajmg
6LCcn,https://made.example.invalid/e08-05/9-6270?utm_source=share&ref=hbcdwqma
6LCco,https://made.example.invalid/e08-05/18-6271?utm_source=share&ref=8ny1f7up
6LCcp,https://made.example.invalid/e08-05/19-6272?utm_source=share&ref=udx0l0ai
6LCcq,https://made.example.invalid/e08-05/23-6273?utm_source=share&ref=6947fomj
6LCcr,https://made.example.invalid/e08-05/4-6274?utm_source=share&ref=tk3kl0rr
6LCcs,https://made.example.invalid/e08-05/5-6275?utm_source=share&ref=zt9c6mph
6LCct,https://made.example.invalid/e08-05/13-6276?utm_source=share&ref=yp0bj2ql
6LCcu,https://made.example.invalid/e08-05/14-6277?utm_source=share&ref=rg5cudcz
6LCcv,https://made.example.invalid/e08-05/6-6278?utm_source=share&ref=6iq8pw8o
6LCcw,https://made.example.invalid/e08-05/20-6279?utm_source=share&ref=3euy39hj
6LCcx,https://made.example.invalid/e08-05/9-6280?utm_source=share&ref=8gnryevd
6LCcy,https://made.example.invalid/e08-05/18-6281?utm_source=share&ref=x98k22bg
6LCcz,https://made.example.invalid/e08-05/19-6282?utm_source=share&ref=52ht3uv5
6LCcA,https://made.example.invalid/e08-05/23-6283?utm_source=share&ref=9htp2g17
6LCcB,https://made.example.invalid/e08-05/4-6284?utm_source=share&ref=aymew0bu
6LCcC,https://made.example.invalid/e08-05/5-6285?utm_source=share&ref=ek846x89
6LCcD,https://made.example.invalid/e08-05/13-6286?utm_source=share&ref=xr6i8dsy
6LCcE,https://made.example.invalid/e08-05/14-6287?utm_source=share&ref=jr5ya8ll
6LCcF,https://made.example.invalid/e08-05/6-6288?utm_source=share&ref=1swkf3f0
6LCcG,https://made.example.invalid/e08-05/20-6289?utm_source=share&ref=nbmei4yp
6LCcH,https://made.example.invalid/e08-05/9-6290?utm_source=share&ref=6plbpri0
6LCcI,https://made.example.invalid/e08-05/18-6291?utm_source=share&ref=8mh0xe4g
6LCcJ,https://made.example.invalid/e08-05/19-6292?utm_source=share&ref=xlgmionl
6LCcK,https://made.example.invalid/e08-05/23-6293?utm_source=share&ref=pgdiprpd
6LCcL,https://made.example.invalid/e08-05/4-6294?utm_source=share&ref=8jjuyqae
6LCcM,https://made.example.invalid/e08-05/5-6295?utm_source=share&ref=7x5yabqv
6LCcN,https://made.example.invalid/e08-05/13-6296?utm_source=share&ref=uq973omu
6LCcO,https://made.example.invalid/e08-05/14-6297?utm_source=share&ref=ln8wt92e
6LCcP,https://made.example.invalid/e08-05/6-6298?utm_source=share&ref=evoj32n1
6LCcQ,https://made.example.invalid/e08-05/20-6299?utm_source=share&ref=pme4c7c0
6LCcR,https://made.example.invalid/e08-05/9-6300?utm_source=share&ref=6b1vqdqe
6LCcS,https://made.example.invalid/e08-05/18-6301?utm_source=share&ref=rf0xky8t
6LCcT,https://made.example.invalid/e08-05/19-6302?utm_source=share&ref=gozwkl0e
6LCcU,https://made.example.invalid/e08-05/23-6303?utm_source=share&ref=1k8ig08j
6LCcV,https://made.example.invalid/e08-05/4-6304?utm_source=share&ref=6gaht1gc
6LCcW,https://made.example.invalid/e08-05/5-6305?utm_source=share&ref=bcrg05xx
6LCcX,https://made.example.invalid/e08-05/13-6306?utm_source=share&ref=5jdyvm1t
6LCcY,https://made.example.invalid/e08-05/14-6307?utm_source=share&ref=bta0wmcy
6LCcZ,https://made.example.invalid/e08-05/6-6308?utm_source=share&ref=fgqix51y
6LCd0,https://made.example.invalid/e08-05/20-6309?utm_source=share&ref=xg3yeeno
6LCd1,https://made.example.invalid/e08-05/9-6310?utm_source=share&ref=ubclpmhx
6LCd2,https://made.example.invalid/e08-05/18-6311?utm_source=share&ref=k3bw6n9u
6LCd3,https://made.example.invalid/e08-05/19-6312?utm_source=share&ref=sarcvxem
6LCd4,https://made.example.invalid/e08-05/23-6313?utm_source=share&ref=puhxwa42
6LCd5,https://made.example.invalid/e08-05/4-6314?utm_source=share&ref=3yk2p5rb
6LCd6,https://made.example.invalid/e08-05/5-6315?utm_source=share&ref=auxitxnv
6LCd7,https://made.example.invalid/e08-05/13-6316?utm_source=share&ref=agkaxuru
6LCd8,https://made.example.invalid/e08-05/14-6317?utm_source=share&ref=1kopz9ir
6LCd9,https://made.example.invalid/e08-05/6-6318?utm_source=share&ref=s3f2s43d
6LCda,https://made.example.invalid/e08-05/20-6319?utm_source=share&ref=g4w40u2j
6LCdb,https://made.example.invalid/e08-05/9-6320?utm_source=share&ref=eej7pjb0
6LCdc,https://made.example.invalid/e08-05/18-6321?utm_source=share&ref=lpje52oh
6LCdd,https://made.example.invalid/e08-05/19-6322?utm_source=share&ref=glfuf9ss
6LCde,https://made.example.invalid/e08-05/23-6323?utm_source=share&ref=l2115jc0
6LCdf,https://made.example.invalid/e08-05/4-6324?utm_source=share&ref=8uog8f1v
6LCdg,https://made.example.invalid/e08-05/5-6325?utm_source=share&ref=hsr65pei
6LCdh,https://made.example.invalid/e08-05/13-6326?utm_source=share&ref=i1d56fux
6LCdi,https://made.example.invalid/e08-05/14-6327?utm_source=share&ref=uh0fpci6
6LCdj,https://made.example.invalid/e08-05/6-6328?utm_source=share&ref=9bdg32kg
6LCdk,https://made.example.invalid/e08-05/20-6329?utm_source=share&ref=9idfip81
6LCdl,https://made.example.invalid/e08-05/9-6330?utm_source=share&ref=mspzzu1i
6LCdm,https://made.example.invalid/e08-05/18-6331?utm_source=share&ref=h5jsc6it
6LCdn,https://made.example.invalid/e08-05/19-6332?utm_source=share&ref=g7onkm6l
6LCdo,https://made.example.invalid/e08-05/23-6333?utm_source=share&ref=jdimu4qp
6LCdp,https://made.example.invalid/e08-05/4-6334?utm_source=share&ref=t8gt0lvc
6LCdq,https://made.example.invalid/e08-05/5-6335?utm_source=share&ref=rdrwkbtt
6LCdr,https://made.example.invalid/e08-05/13-6336?utm_source=share&ref=87dcgwvd
6LCds,https://made.example.invalid/e08-05/14-6337?utm_source=share&ref=sw8l5w82
6LCdt,https://made.example.invalid/e08-05/6-6338?utm_source=share&ref=f8avbz6l
6LCdu,https://made.example.invalid/e08-05/20-6339?utm_source=share&ref=anej6wdd
6LCdv,https://made.example.invalid/e08-05/9-6340?utm_source=share&ref=wlviyyut
6LCdw,https://made.example.invalid/e08-05/18-6341?utm_source=share&ref=tisbbd3j
6LCdx,https://made.example.invalid/e08-05/19-6342?utm_source=share&ref=smpdz544
6LCdy,https://made.example.invalid/e08-05/23-6343?utm_source=share&ref=5njb7fih
6LCdz,https://made.example.invalid/e08-05/4-6344?utm_source=share&ref=k1nlno6d
6LCdA,https://made.example.invalid/e08-05/5-6345?utm_source=share&ref=1mjlxhs6
6LCdB,https://made.example.invalid/e08-05/13-6346?utm_source=share&ref=3ro9lh17
6LCdC,https://made.example.invalid/e08-05/14-6347?utm_source=share&ref=7o16k6rb
6LCdD,https://made.example.invalid/e08-05/6-6348?utm_source=share&ref=tqep1ja8
6LCdE,https://made.example.invalid/e08-05/20-6349?utm_source=share&ref=zf93gzu0
6LCdF,https://made.example.invalid/e08-05/9-6350?utm_source=share&ref=me4pupva
6LCdG,https://made.example.invalid/e08-05/18-6351?utm_source=share&ref=40iobta4
6LCdH,https://made.example.invalid/e08-05/19-6352?utm_source=share&ref=8btjvg74
6LCdI,https://made.example.invalid/e08-05/23-6353?utm_source=share&ref=xqt74g4r
6LCdJ,https://made.example.invalid/e08-05/4-6354?utm_source=share&ref=w05xzp6h
6LCdK,https://made.example.invalid/e08-05/5-6355?utm_source=share&ref=en13ryme
6LCdL,https://made.example.invalid/e08-05/13-6356?utm_source=share&ref=8o79aogg
6LCdM,https://made.example.invalid/e08-05/14-6357?utm_source=share&ref=ykc62wvc
6LCdN,https://made.example.invalid/e08-05/6-6358?utm_source=share&ref=w05jz2ok
6LCdO,https://made.example.invalid/e08-05/20-6359?utm_source=share&ref=g9e3jdtx
6LCdP,https://made.example.invalid/e08-05/9-6360?utm_source=share&ref=pfkiwnxv
6LCdQ,https://made.example.invalid/e08-05/18-6361?utm_source=share&ref=lanfodu3
6LCdR,https://made.example.invalid/e08-05/19-6362?utm_source=share&ref=fxwx4gck
6LCdS,https://made.example.invalid/e08-05/23-6363?utm_source=share&ref=7fzwwox0
6LCdT,https://made.example.invalid/e08-05/4-6364?utm_source=share&ref=oowi14kq
6LCdU,https://made.example.invalid/e08-05/5-6365?utm_source=share&ref=4saen7dn
6LCdV,https://made.example.invalid/e08-05/13-6366?utm_source=share&ref=onqs4idx
6LCdW,https://made.example.invalid/e08-05/14-6367?utm_source=share&ref=2nculoi8
6LCdX,https://made.example.invalid/e08-05/6-6368?utm_source=share&ref=6le6dgfi
6LCdY,https://made.example.invalid/e08-05/20-6369?utm_source=share&ref=alsy7mu2
6LCdZ,https://made.example.invalid/e08-05/9-6370?utm_source=share&ref=2tps2rww
6LCe0,https://made.example.invalid/e08-05/18-6371?utm_source=share&ref=ds8we0j4
6LCe1,https://made.example.invalid/e08-05/19-6372?utm_source=share&ref=zjjadamv
6LCe2,https://made.example.invalid/e08-05/23-6373?utm_source=share&ref=0mn0hbub
6LCe3,https://made.example.invalid/e08-05/4-6374?utm_source=share&ref=p2d7bh79
6LCe4,https://made.example.invalid/e08-05/5-6375?utm_source=share&ref=bd81imah
6LCe5,https://made.example.invalid/e08-05/13-6376?utm_source=share&ref=u42uxtlj
6LCe6,https://made.example.invalid/e08-05/14-6377?utm_source=share&ref=t7be53xy
6LCe7,https://made.example.invalid/e08-05/6-6378?utm_source=share&ref=7mit0lra
6LCe8,https://made.example.invalid/e08-05/20-6379?utm_source=share&ref=ol62nnsi
6LCe9,https://made.example.invalid/e08-05/9-6380?utm_source=share&ref=9xnejlx0
6LCea,https://made.example.invalid/e08-05/18-6381?utm_source=share&ref=fmoex70f
6LCeb,https://made.example.invalid/e08-05/19-6382?utm_source=share&ref=qyedwny4
6LCec,https://made.example.invalid/e08-05/23-6383?utm_source=share&ref=tkd07sc2
6LCed,https://made.example.invalid/e08-05/4-6384?utm_source=share&ref=6nz1jfxf
6LCee,https://made.example.invalid/e08-05/5-6385?utm_source=share&ref=2jg4amei
6LCef,https://made.example.invalid/e08-05/13-6386?utm_source=share&ref=80jjqily
6LCeg,https://made.example.invalid/e08-05/14-6387?utm_source=share&ref=0pks9b1g
6LCeh,https://made.example.invalid/e08-05/6-6388?utm_source=share&ref=p94vu4sq
6LCei,https://made.example.invalid/e08-05/20-6389?utm_source=share&ref=b78bhwqx
6LCej,https://made.example.invalid/e08-05/9-6390?utm_source=share&ref=o09dbnna
6LCek,https://made.example.invalid/e08-05/18-6391?utm_source=share&ref=3ctxkt56
6LCel,https://made.example.invalid/e08-05/19-6392?utm_source=share&ref=gf9muc9p
6LCem,https://made.example.invalid/e08-05/23-6393?utm_source=share&ref=8k02ssag
6LCen,https://made.example.invalid/e08-05/4-6394?utm_source=share&ref=t9q9t2yk
6LCeo,https://made.example.invalid/e08-05/5-6395?utm_source=share&ref=dywp2e3s
6LCep,https://made.example.invalid/e08-05/13-6396?utm_source=share&ref=awfie1gb
6LCeq,https://made.example.invalid/e08-05/14-6397?utm_source=share&ref=k9oyl7wq
6LCer,https://made.example.invalid/e08-05/6-6398?utm_source=share&ref=ctpiznsp
6LCes,https://made.example.invalid/e08-05/20-6399?utm_source=share&ref=sw5w8e0f
6LCet,https://made.example.invalid/e08-05/9-6400?utm_source=share&ref=lqk3lykr
6LCeu,https://made.example.invalid/e08-05/18-6401?utm_source=share&ref=t16vhrbc
6LCev,https://made.example.invalid/e08-05/19-6402?utm_source=share&ref=hwpr4n1a
6LCew,https://made.example.invalid/e08-05/23-6403?utm_source=share&ref=tfejos0x
6LCex,https://made.example.invalid/e08-05/4-6404?utm_source=share&ref=dsgtdi46
6LCey,https://made.example.invalid/e08-05/5-6405?utm_source=share&ref=cwq2oxx2
6LCez,https://made.example.invalid/e08-05/13-6406?utm_source=share&ref=62f8byw7
6LCeA,https://made.example.invalid/e08-05/14-6407?utm_source=share&ref=30vw740i
6LCeB,https://made.example.invalid/e08-05/6-6408?utm_source=share&ref=yy361m85
6LCeC,https://made.example.invalid/e08-05/20-6409?utm_source=share&ref=wyunpj53
6LCeD,https://made.example.invalid/e08-05/9-6410?utm_source=share&ref=pbiei6nl
6LCeE,https://made.example.invalid/e08-05/18-6411?utm_source=share&ref=f3dn902j
6LCeF,https://made.example.invalid/e08-05/19-6412?utm_source=share&ref=bph5j8j1
6LCeG,https://made.example.invalid/e08-05/23-6413?utm_source=share&ref=gn009nkb
6LCeH,https://made.example.invalid/e08-05/4-6414?utm_source=share&ref=lvn8dh53
6LCeI,https://made.example.invalid/e08-05/5-6415?utm_source=share&ref=2ct2iw8j
6LCeJ,https://made.example.invalid/e08-05/13-6416?utm_source=share&ref=1ta6r0k8
6LCeK,https://made.example.invalid/e08-05/14-6417?utm_source=share&ref=t7amprk5
6LCeL,https://made.example.invalid/e08-05/6-6418?utm_source=share&ref=6o78217d
6LCeM,https://made.example.invalid/e08-05/20-6419?utm_source=share&ref=a0smo2gr
6LCeN,https://made.example.invalid/e08-05/9-6420?utm_source=share&ref=40xae4p5
6LCeO,https://made.example.invalid/e08-05/18-6421?utm_source=share&ref=zn4ujhqe
6LCeP,https://made.example.invalid/e08-05/19-6422?utm_source=share&ref=iyv3aj5z
6LCeQ,https://made.example.invalid/e08-05/23-6423?utm_source=share&ref=iy4kdm96
6LCeR,https://made.example.invalid/e08-05/4-6424?utm_source=share&ref=vs6umfij
6LCeS,https://made.example.invalid/e08-05/5-6425?utm_source=share&ref=jtf9z1je
6LCeT,https://made.example.invalid/e08-05/13-6426?utm_source=share&ref=6fbz0cyf
6LCeU,https://made.example.invalid/e08-05/14-6427?utm_source=share&ref=kniz9q50
6LCeV,https://made.example.invalid/e08-05/6-6428?utm_source=share&ref=r7xlld6k
6LCeW,https://made.example.invalid/e08-05/20-6429?utm_source=share&ref=y5ccru60
6LCeX,https://made.example.invalid/e08-05/9-6430?utm_source=share&ref=zu6yg7qj
6LCeY,https://made.example.invalid/e08-05/18-6431?utm_source=share&ref=f1fjqli0
6LCeZ,https://made.example.invalid/e08-05/19-6432?utm_source=share&ref=hvus5alo
6LCf0,https://made.example.invalid/e08-05/23-6433?utm_source=share&ref=8xjk5jma
6LCf1,https://made.example.invalid/e08-05/4-6434?utm_source=share&ref=wziopzb3
6LCf2,https://made.example.invalid/e08-05/5-6435?utm_source=share&ref=y6of7as1
6LCf3,https://made.example.invalid/e08-05/13-6436?utm_source=share&ref=jnpwwewq
6LCf4,https://made.example.invalid/e08-05/14-6437?utm_source=share&ref=kugrpnat
6LCf5,https://made.example.invalid/e08-05/6-6438?utm_source=share&ref=z8458fy3
6LCf6,https://made.example.invalid/e08-05/20-6439?utm_source=share&ref=rhk10xz2
6LCf7,https://made.example.invalid/e08-05/9-6440?utm_source=share&ref=d81jjszr
6LCf8,https://made.example.invalid/e08-05/18-6441?utm_source=share&ref=tsnrqqro
6LCf9,https://made.example.invalid/e08-05/19-6442?utm_source=share&ref=qyd3kfgu
6LCfa,https://made.example.invalid/e08-05/23-6443?utm_source=share&ref=gy8auw25
6LCfb,https://made.example.invalid/e08-05/4-6444?utm_source=share&ref=sp677kq4
6LCfc,https://made.example.invalid/e08-05/5-6445?utm_source=share&ref=yn970wop
6LCfd,https://made.example.invalid/e08-05/13-6446?utm_source=share&ref=kqxxihv4
6LCfe,https://made.example.invalid/e08-05/14-6447?utm_source=share&ref=gdxwsg65
6LCff,https://made.example.invalid/e08-05/6-6448?utm_source=share&ref=aqu9bavl
6LCfg,https://made.example.invalid/e08-05/20-6449?utm_source=share&ref=ul5zbtvk
6LCfh,https://made.example.invalid/e08-05/9-6450?utm_source=share&ref=9527uu06
6LCfi,https://made.example.invalid/e08-05/18-6451?utm_source=share&ref=2g1cwqbz
6LCfj,https://made.example.invalid/e08-05/19-6452?utm_source=share&ref=ebzkg1fw
6LCfk,https://made.example.invalid/e08-05/23-6453?utm_source=share&ref=a6qonwwv
6LCfl,https://made.example.invalid/e08-05/4-6454?utm_source=share&ref=4bjucsvq
6LCfm,https://made.example.invalid/e08-05/5-6455?utm_source=share&ref=tuuo7h53
6LCfn,https://made.example.invalid/e08-05/13-6456?utm_source=share&ref=hx8wcojl
6LCfo,https://made.example.invalid/e08-05/14-6457?utm_source=share&ref=h9liu8zv
6LCfp,https://made.example.invalid/e08-05/6-6458?utm_source=share&ref=qp4d49sm
6LCfq,https://made.example.invalid/e08-05/20-6459?utm_source=share&ref=qv089ych
6LCfr,https://made.example.invalid/e08-05/9-6460?utm_source=share&ref=wbik9eb5
6LCfs,https://made.example.invalid/e08-05/18-6461?utm_source=share&ref=j2xnzzjl
6LCft,https://made.example.invalid/e08-05/19-6462?utm_source=share&ref=033esa89
6LCfu,https://made.example.invalid/e08-05/23-6463?utm_source=share&ref=grpmonik
6LCfv,https://made.example.invalid/e08-05/4-6464?utm_source=share&ref=kbix8v29
6LCfw,https://made.example.invalid/e08-05/5-6465?utm_source=share&ref=tlwsfgl9
6LCfx,https://made.example.invalid/e08-05/13-6466?utm_source=share&ref=twetwdwi
6LCfy,https://made.example.invalid/e08-05/14-6467?utm_source=share&ref=tju8i9ph
6LCfz,https://made.example.invalid/e08-05/6-6468?utm_source=share&ref=tjjidbeq
6LCfA,https://made.example.invalid/e08-05/20-6469?utm_source=share&ref=tt8dro4r
6LCfB,https://made.example.invalid/e08-05/9-6470?utm_source=share&ref=0i91j87r
6LCfC,https://made.example.invalid/e08-05/18-6471?utm_source=share&ref=8dpnjeru
6LCfD,https://made.example.invalid/e08-05/19-6472?utm_source=share&ref=xr0vlxdq
6LCfE,https://made.example.invalid/e08-05/23-6473?utm_source=share&ref=00xcs4i4
6LCfF,https://made.example.invalid/e08-05/4-6474?utm_source=share&ref=3dhqup28
6LCfG,https://made.example.invalid/e08-05/5-6475?utm_source=share&ref=uajwpg7d
6LCfH,https://made.example.invalid/e08-05/13-6476?utm_source=share&ref=wmya8x85
6LCfI,https://made.example.invalid/e08-05/14-6477?utm_source=share&ref=pns5bwm7
6LCfJ,https://made.example.invalid/e08-05/6-6478?utm_source=share&ref=20k6xrl8
6LCfK,https://made.example.invalid/e08-05/20-6479?utm_source=share&ref=m8hst71w
6LCfL,https://made.example.invalid/e08-05/9-6480?utm_source=share&ref=2275flq2
6LCfM,https://made.example.invalid/e08-05/18-6481?utm_source=share&ref=4atjfbbf
6LCfN,https://made.example.invalid/e08-05/19-6482?utm_source=share&ref=2h8py7c6
6LCfO,https://made.example.invalid/e08-05/23-6483?utm_source=share&ref=r5niva7i
6LCfP,https://made.example.invalid/e08-05/4-6484?utm_source=share&ref=eok3fvi5
6LCfQ,https://made.example.invalid/e08-05/5-6485?utm_source=share&ref=fjq16ws6
6LCfR,https://made.example.invalid/e08-05/13-6486?utm_source=share&ref=4anr87if
6LCfS,https://made.example.invalid/e08-05/14-6487?utm_source=share&ref=21l2ny6q
6LCfT,https://made.example.invalid/e08-05/6-6488?utm_source=share&ref=3bi6xf6j
6LCfU,https://made.example.invalid/e08-05/20-6489?utm_source=share&ref=5knfcs1v
6LCfV,https://made.example.invalid/e08-05/9-6490?utm_source=share&ref=cmz56xky
6LCfW,https://made.example.invalid/e08-05/18-6491?utm_source=share&ref=4rplv5ec
6LCfX,https://made.example.invalid/e08-05/19-6492?utm_source=share&ref=ncr1jhf9
6LCfY,https://made.example.invalid/e08-05/23-6493?utm_source=share&ref=2ku8jzb8
6LCfZ,https://made.example.invalid/e08-05/4-6494?utm_source=share&ref=4pnut8wq
6LCg0,https://made.example.invalid/e08-05/5-6495?utm_source=share&ref=am1cnq7j
6LCg1,https://made.example.invalid/e08-05/13-6496?utm_source=share&ref=b04j7524
6LCg2,https://made.example.invalid/e08-05/14-6497?utm_source=share&ref=jmcidh20
6LCg3,https://made.example.invalid/e08-05/6-6498?utm_source=share&ref=sm5s84kl
6LCg4,https://made.example.invalid/e08-05/20-6499?utm_source=share&ref=jyfsgz5p
6LCg5,https://made.example.invalid/e08-05/9-6500?utm_source=share&ref=j3botf4s
6LCg6,https://made.example.invalid/e08-05/18-6501?utm_source=share&ref=hfruhumf
6LCg7,https://made.example.invalid/e08-05/19-6502?utm_source=share&ref=u0zpkx53
6LCg8,https://made.example.invalid/e08-05/23-6503?utm_source=share&ref=xp1jdg7m
6LCg9,https://made.example.invalid/e08-05/4-6504?utm_source=share&ref=fixmwxpo
6LCga,https://made.example.invalid/e08-05/5-6505?utm_source=share&ref=xwwzeetf
6LCgb,https://made.example.invalid/e08-05/13-6506?utm_source=share&ref=wx1di51i
6LCgc,https://made.example.invalid/e08-05/14-6507?utm_source=share&ref=67tkycnp
6LCgd,https://made.example.invalid/e08-05/6-6508?utm_source=share&ref=5x3bafx4
6LCge,https://made.example.invalid/e08-05/20-6509?utm_source=share&ref=8d10e7mf
6LCgf,https://made.example.invalid/e08-05/9-6510?utm_source=share&ref=9fgoa4nt
6LCgg,https://made.example.invalid/e08-05/18-6511?utm_source=share&ref=a8o18jiv
6LCgh,https://made.example.invalid/e08-05/19-6512?utm_source=share&ref=wgcxq0di
6LCgi,https://made.example.invalid/e08-05/23-6513?utm_source=share&ref=km3q8zze
6LCgj,https://made.example.invalid/e08-05/4-6514?utm_source=share&ref=jo6v7c15
6LCgk,https://made.example.invalid/e08-05/5-6515?utm_source=share&ref=jziamkke
6LCgl,https://made.example.invalid/e08-05/13-6516?utm_source=share&ref=6z210jr8
6LCgm,https://made.example.invalid/e08-05/14-6517?utm_source=share&ref=ngm9m8un
6LCgn,https://made.example.invalid/e08-05/6-6518?utm_source=share&ref=7mdyn3br
6LCgo,https://made.example.invalid/e08-05/20-6519?utm_source=share&ref=niersof7
6LCgp,https://made.example.invalid/e08-05/9-6520?utm_source=share&ref=kuqooo08
6LCgq,https://made.example.invalid/e08-05/18-6521?utm_source=share&ref=1ttikf1h
6LCgr,https://made.example.invalid/e08-05/19-6522?utm_source=share&ref=8uz9f1c9
6LCgs,https://made.example.invalid/e08-05/23-6523?utm_source=share&ref=e3zbyevc
6LCgt,https://made.example.invalid/e08-05/4-6524?utm_source=share&ref=w2s2stx2
6LCgu,https://made.example.invalid/e08-05/5-6525?utm_source=share&ref=hgbh8sx3
6LCgv,https://made.example.invalid/e08-05/13-6526?utm_source=share&ref=sx5ac4pq
6LCgw,https://made.example.invalid/e08-05/14-6527?utm_source=share&ref=9lyipb2x
6LCgx,https://made.example.invalid/e08-05/6-6528?utm_source=share&ref=k1dvs5aw
6LCgy,https://made.example.invalid/e08-05/20-6529?utm_source=share&ref=icx1gj15
6LCgz,https://made.example.invalid/e08-05/9-6530?utm_source=share&ref=pzct935z
6LCgA,https://made.example.invalid/e08-05/18-6531?utm_source=share&ref=d0pus0yz
6LCgB,https://made.example.invalid/e08-05/19-6532?utm_source=share&ref=nae0rv6p
6LCgC,https://made.example.invalid/e08-05/23-6533?utm_source=share&ref=z8m0l2yx
6LCgD,https://made.example.invalid/e08-05/4-6534?utm_source=share&ref=wn6xrshm
6LCgE,https://made.example.invalid/e08-05/5-6535?utm_source=share&ref=hddyohvp
6LCgF,https://made.example.invalid/e08-05/13-6536?utm_source=share&ref=nb3l9c4q
6LCgG,https://made.example.invalid/e08-05/14-6537?utm_source=share&ref=brt0trjf
6LCgH,https://made.example.invalid/e08-05/6-6538?utm_source=share&ref=hswlsuok
6LCgI,https://made.example.invalid/e08-05/20-6539?utm_source=share&ref=ttrwesug
6LCgJ,https://made.example.invalid/e08-05/9-6540?utm_source=share&ref=1qg3w01u
6LCgK,https://made.example.invalid/e08-05/18-6541?utm_source=share&ref=x4t20d9s
6LCgL,https://made.example.invalid/e08-05/19-6542?utm_source=share&ref=r7aed4gh
6LCgM,https://made.example.invalid/e08-05/23-6543?utm_source=share&ref=6f8ohvdi
6LCgN,https://made.example.invalid/e08-05/4-6544?utm_source=share&ref=rxh2gq75
6LCgO,https://made.example.invalid/e08-05/5-6545?utm_source=share&ref=tpoqma1p
6LCgP,https://made.example.invalid/e08-05/13-6546?utm_source=share&ref=rbigrbe2
6LCgQ,https://made.example.invalid/e08-05/14-6547?utm_source=share&ref=4knxj85r
6LCgR,https://made.example.invalid/e08-05/6-6548?utm_source=share&ref=zrwo5o87
6LCgS,https://made.example.invalid/e08-05/20-6549?utm_source=share&ref=gvmhttlx
6LCgT,https://made.example.invalid/e08-05/9-6550?utm_source=share&ref=9oqilsau
6LCgU,https://made.example.invalid/e08-05/18-6551?utm_source=share&ref=ltof1fmo
6LCgV,https://made.example.invalid/e08-05/19-6552?utm_source=share&ref=gx2q0hn5
6LCgW,https://made.example.invalid/e08-05/23-6553?utm_source=share&ref=l88s5mae
6LCgX,https://made.example.invalid/e08-05/4-6554?utm_source=share&ref=akgsfekm
6LCgY,https://made.example.invalid/e08-05/5-6555?utm_source=share&ref=lwlhky7e
6LCgZ,https://made.example.invalid/e08-05/13-6556?utm_source=share&ref=e6qpq034
6LCh0,https://made.example.invalid/e08-05/14-6557?utm_source=share&ref=c2dhxctf
6LCh1,https://made.example.invalid/e08-05/6-6558?utm_source=share&ref=c2twa38r
6LCh2,https://made.example.invalid/e08-05/20-6559?utm_source=share&ref=43atqivd
6LCh3,https://made.example.invalid/e08-05/9-6560?utm_source=share&ref=yfrd57z2
6LCh4,https://made.example.invalid/e08-05/18-6561?utm_source=share&ref=vi57o43j
6LCh5,https://made.example.invalid/e08-05/19-6562?utm_source=share&ref=qsqmwkwr
6LCh6,https://made.example.invalid/e08-05/23-6563?utm_source=share&ref=enzwr11a
6LCh7,https://made.example.invalid/e08-05/4-6564?utm_source=share&ref=7rmmo6oo
6LCh8,https://made.example.invalid/e08-05/5-6565?utm_source=share&ref=77vob6cg
6LCh9,https://made.example.invalid/e08-05/13-6566?utm_source=share&ref=cs7u03v2
6LCha,https://made.example.invalid/e08-05/14-6567?utm_source=share&ref=l8edpo0t
6LChb,https://made.example.invalid/e08-05/6-6568?utm_source=share&ref=i9om8pmm
6LChc,https://made.example.invalid/e08-05/20-6569?utm_source=share&ref=xv3ghmxq
6LChd,https://made.example.invalid/e08-05/9-6570?utm_source=share&ref=dv1s3qli
6LChe,https://made.example.invalid/e08-05/18-6571?utm_source=share&ref=2opgbhum
6LChf,https://made.example.invalid/e08-05/19-6572?utm_source=share&ref=tuhaqsi7
6LChg,https://made.example.invalid/e08-05/23-6573?utm_source=share&ref=yoryp814
6LChh,https://made.example.invalid/e08-05/4-6574?utm_source=share&ref=leruq73d
6LChi,https://made.example.invalid/e08-05/5-6575?utm_source=share&ref=8t1a1ch5
6LChj,https://made.example.invalid/e08-05/13-6576?utm_source=share&ref=cd597cbo
6LChk,https://made.example.invalid/e08-05/14-6577?utm_source=share&ref=n4jgeg5x
6LChl,https://made.example.invalid/e08-05/6-6578?utm_source=share&ref=5a4k63jh
6LChm,https://made.example.invalid/e08-05/20-6579?utm_source=share&ref=fdlxgpz4
6LChn,https://made.example.invalid/e08-05/9-6580?utm_source=share&ref=2amvd3yw
6LCho,https://made.example.invalid/e08-05/18-6581?utm_source=share&ref=ajh1y42y
6LChp,https://made.example.invalid/e08-05/19-6582?utm_source=share&ref=ztcjvmr6
6LChq,https://made.example.invalid/e08-05/23-6583?utm_source=share&ref=b2ks6fv5
6LChr,https://made.example.invalid/e08-05/4-6584?utm_source=share&ref=vcmjwc70
6LChs,https://made.example.invalid/e08-05/5-6585?utm_source=share&ref=7qd4hu0c
6LCht,https://made.example.invalid/e08-05/13-6586?utm_source=share&ref=km73gnke
6LChu,https://made.example.invalid/e08-05/14-6587?utm_source=share&ref=i9a7az0t
6LChv,https://made.example.invalid/e08-05/6-6588?utm_source=share&ref=718mqask
6LChw,https://made.example.invalid/e08-05/20-6589?utm_source=share&ref=gcuex1vz
6LChx,https://made.example.invalid/e08-05/9-6590?utm_source=share&ref=g0hk8fob
6LChy,https://made.example.invalid/e08-05/18-6591?utm_source=share&ref=1w11q09j
6LChz,https://made.example.invalid/e08-05/19-6592?utm_source=share&ref=vacsud4t
6LChA,https://made.example.invalid/e08-05/23-6593?utm_source=share&ref=2tykli41
6LChB,https://made.example.invalid/e08-05/4-6594?utm_source=share&ref=32xx3nng
6LChC,https://made.example.invalid/e08-05/5-6595?utm_source=share&ref=65th20jp
6LChD,https://made.example.invalid/e08-05/13-6596?utm_source=share&ref=ggsk0qlm
6LChE,https://made.example.invalid/e08-05/14-6597?utm_source=share&ref=qkeufy4c
6LChF,https://made.example.invalid/e08-05/6-6598?utm_source=share&ref=7fmn6m6j
6LChG,https://made.example.invalid/e08-05/20-6599?utm_source=share&ref=f5lqxd76
6LChH,https://made.example.invalid/e08-05/9-6600?utm_source=share&ref=i09r77wc
6LChI,https://made.example.invalid/e08-05/18-6601?utm_source=share&ref=mjeci0vz
6LChJ,https://made.example.invalid/e08-05/19-6602?utm_source=share&ref=hme7njkc
6LChK,https://made.example.invalid/e08-05/23-6603?utm_source=share&ref=hxvkh4lm
6LChL,https://made.example.invalid/e08-05/4-6604?utm_source=share&ref=8931rxxh
6LChM,https://made.example.invalid/e08-05/5-6605?utm_source=share&ref=fl51jps2
6LChN,https://made.example.invalid/e08-05/13-6606?utm_source=share&ref=dg5gjtj7
6LChO,https://made.example.invalid/e08-05/14-6607?utm_source=share&ref=uqbsvmys
6LChP,https://made.example.invalid/e08-05/6-6608?utm_source=share&ref=qwmhys7y
6LChQ,https://made.example.invalid/e08-05/20-6609?utm_source=share&ref=4kih9mei
6LChR,https://made.example.invalid/e08-05/9-6610?utm_source=share&ref=kb578p4r
6LChS,https://made.example.invalid/e08-05/18-6611?utm_source=share&ref=v4g26a65
6LChT,https://made.example.invalid/e08-05/19-6612?utm_source=share&ref=gf7y0eo1
6LChU,https://made.example.invalid/e08-05/23-6613?utm_source=share&ref=q75nnt6u
6LChV,https://made.example.invalid/e08-05/4-6614?utm_source=share&ref=6dw6alwy
6LChW,https://made.example.invalid/e08-05/5-6615?utm_source=share&ref=uhxog5lw
6LChX,https://made.example.invalid/e08-05/13-6616?utm_source=share&ref=glahazbr
6LChY,https://made.example.invalid/e08-05/14-6617?utm_source=share&ref=n2qntny9
6LChZ,https://made.example.invalid/e08-05/6-6618?utm_source=share&ref=zvffg7kg
6LCi0,https://made.example.invalid/e08-05/20-6619?utm_source=share&ref=qr4k0u3h
6LCi1,https://made.example.invalid/e08-05/9-6620?utm_source=share&ref=ru7fdkbz
6LCi2,https://made.example.invalid/e08-05/18-6621?utm_source=share&ref=bcr6nweg
6LCi3,https://made.example.invalid/e08-05/19-6622?utm_source=share&ref=h002brg3
6LCi4,https://made.example.invalid/e08-05/23-6623?utm_source=share&ref=lg2t1b6p
6LCi5,https://made.example.invalid/e08-05/4-6624?utm_source=share&ref=mk7ug7va
6LCi6,https://made.example.invalid/e08-05/5-6625?utm_source=share&ref=hlavwy6h
6LCi7,https://made.example.invalid/e08-05/13-6626?utm_source=share&ref=z5zi1czf
6LCi8,https://made.example.invalid/e08-05/14-6627?utm_source=share&ref=p9h7okqm
6LCi9,https://made.example.invalid/e08-05/6-6628?utm_source=share&ref=bx71s5hg
6LCia,https://made.example.invalid/e08-05/20-6629?utm_source=share&ref=iezbnzhc
6LCib,https://made.example.invalid/e08-05/9-6630?utm_source=share&ref=lf5bmj11
6LCic,https://made.example.invalid/e08-05/18-6631?utm_source=share&ref=0pkieoop
6LCid,https://made.example.invalid/e08-05/19-6632?utm_source=share&ref=2ch1y07a
6LCie,https://made.example.invalid/e08-05/23-6633?utm_source=share&ref=v3kf5ur4
6LCif,https://made.example.invalid/e08-05/4-6634?utm_source=share&ref=9qmt9l0g
6LCig,https://made.example.invalid/e08-05/5-6635?utm_source=share&ref=4eft4cl6
6LCih,https://made.example.invalid/e08-05/13-6636?utm_source=share&ref=fznf2xiy
6LCii,https://made.example.invalid/e08-05/14-6637?utm_source=share&ref=jxvz7x24
6LCij,https://made.example.invalid/e08-05/6-6638?utm_source=share&ref=uph7f0md
6LCik,https://made.example.invalid/e08-05/20-6639?utm_source=share&ref=e1g7yv8t
6LCil,https://made.example.invalid/e08-05/9-6640?utm_source=share&ref=x9pxb3a5
6LCim,https://made.example.invalid/e08-05/18-6641?utm_source=share&ref=awjlvd2w
6LCin,https://made.example.invalid/e08-05/19-6642?utm_source=share&ref=yx81oxms
6LCio,https://made.example.invalid/e08-05/23-6643?utm_source=share&ref=cf302gjo
6LCip,https://made.example.invalid/e08-05/4-6644?utm_source=share&ref=9vdjvgol
6LCiq,https://made.example.invalid/e08-05/5-6645?utm_source=share&ref=pob8vl62
6LCir,https://made.example.invalid/e08-05/13-6646?utm_source=share&ref=gxzqva0y
6LCis,https://made.example.invalid/e08-05/14-6647?utm_source=share&ref=61fbfs6j
6LCit,https://made.example.invalid/e08-05/6-6648?utm_source=share&ref=ac6c62zs
6LCiu,https://made.example.invalid/e08-05/20-6649?utm_source=share&ref=2tgkhqlt
6LCiv,https://made.example.invalid/e08-05/9-6650?utm_source=share&ref=tnegibde
6LCix,https://made.example.invalid/e08-05/19-6652?utm_source=share&ref=t0oomrf1
6LCiy,https://made.example.invalid/e08-05/23-6653?utm_source=share&ref=f5ciyyrj
6LCiz,https://made.example.invalid/e08-05/4-6654?utm_source=share&ref=uh3jsuu0
6LCiA,https://made.example.invalid/e08-05/5-6655?utm_source=share&ref=k58pps82
6LCiw,https://made.example.invalid/e08-05/18-6651?utm_source=share&ref=udtaxic1
6LCiB,https://made.example.invalid/e08-05/13-6656?utm_source=share&ref=yetc2de9
6LCiC,https://made.example.invalid/e08-05/14-6657?utm_source=share&ref=uvtqt595
6LCiD,https://made.example.invalid/e08-05/6-6658?utm_source=share&ref=csf2abfq
6LCiE,https://made.example.invalid/e08-05/20-6659?utm_source=share&ref=9g6f7yqx
6LCiF,https://made.example.invalid/e08-05/9-6660?utm_source=share&ref=75qdkdb3
6LCiG,https://made.example.invalid/e08-05/19-6661?utm_source=share&ref=pb9wyr4d
6LCiH,https://made.example.invalid/e08-05/23-6662?utm_source=share&ref=2ahuc6nt
6LCiI,https://made.example.invalid/e08-05/4-6663?utm_source=share&ref=stgfpv7m
6LCiJ,https://made.example.invalid/e08-05/5-6664?utm_source=share&ref=qgixh7n5
6LCiK,https://made.example.invalid/e08-05/18-6665?utm_source=share&ref=frrzt99f
6LCiL,https://made.example.invalid/e08-05/13-6666?utm_source=share&ref=wxq5ial1
6LCiM,https://made.example.invalid/e08-05/14-6667?utm_source=share&ref=a136c7j2
6LCiN,https://made.example.invalid/e08-05/6-6668?utm_source=share&ref=4usr6n4t
6LCiO,https://made.example.invalid/e08-05/20-6669?utm_source=share&ref=rnwh2jyt
6LCiP,https://made.example.invalid/e08-05/9-6670?utm_source=share&ref=hzj9o10m
6LCiQ,https://made.example.invalid/e08-05/19-6671?utm_source=share&ref=itckkppa
6LCiR,https://made.example.invalid/e08-05/23-6672?utm_source=share&ref=dmpcxc7a
6LCiS,https://made.example.invalid/e08-05/4-6673?utm_source=share&ref=z581r5e7
6LCiT,https://made.example.invalid/e08-05/5-6674?utm_source=share&ref=shry6w28
6LCiU,https://made.example.invalid/e08-05/18-6675?utm_source=share&ref=gsw8tx4a
6LCiV,https://made.example.invalid/e08-05/13-6676?utm_source=share&ref=7yx4kjt8
6LCiW,https://made.example.invalid/e08-05/14-6677?utm_source=share&ref=7pauj3q2
6LCiX,https://made.example.invalid/e08-05/6-6678?utm_source=share&ref=476egt1a
6LCiY,https://made.example.invalid/e08-05/20-6679?utm_source=share&ref=3na2y803
6LCiZ,https://made.example.invalid/e08-05/9-6680?utm_source=share&ref=b4zjy7c0
6LCj0,https://made.example.invalid/e08-05/19-6681?utm_source=share&ref=43ek3aav
6LCj1,https://made.example.invalid/e08-05/23-6682?utm_source=share&ref=nx1t4dgu
6LCj2,https://made.example.invalid/e08-05/4-6683?utm_source=share&ref=bip8b9pq
6LCj3,https://made.example.invalid/e08-05/5-6684?utm_source=share&ref=n8ru3hxl
6LCj4,https://made.example.invalid/e08-05/18-6685?utm_source=share&ref=g5cicwan
6LCj5,https://made.example.invalid/e08-05/13-6686?utm_source=share&ref=q1ohnivc
6LCj6,https://made.example.invalid/e08-05/14-6687?utm_source=share&ref=lvs9k2og
6LCj7,https://made.example.invalid/e08-05/6-6688?utm_source=share&ref=is5bmt75
6LCj8,https://made.example.invalid/e08-05/20-6689?utm_source=share&ref=tu556azb
6LCj9,https://made.example.invalid/e08-05/9-6690?utm_source=share&ref=26db72gg
6LCja,https://made.example.invalid/e08-05/19-6691?utm_source=share&ref=pqmmtyff
6LCjb,https://made.example.invalid/e08-05/23-6692?utm_source=share&ref=j208w25e
6LCjc,https://made.example.invalid/e08-05/4-6693?utm_source=share&ref=8zwzpsww
6LCjd,https://made.example.invalid/e08-05/5-6694?utm_source=share&ref=ohbekkc7
6LCje,https://made.example.invalid/e08-05/18-6695?utm_source=share&ref=6gd6cfjd
6LCjf,https://made.example.invalid/e08-05/13-6696?utm_source=share&ref=hpevsv1e
6LCjg,https://made.example.invalid/e08-05/14-6697?utm_source=share&ref=4ymiz9yp
6LCjh,https://made.example.invalid/e08-05/6-6698?utm_source=share&ref=czffckg6
6LCji,https://made.example.invalid/e08-05/20-6699?utm_source=share&ref=k9orkiqg
6LCjj,https://made.example.invalid/e08-05/9-6700?utm_source=share&ref=ubumb40n
6LCjk,https://made.example.invalid/e08-05/19-6701?utm_source=share&ref=160bclqp
6LCjl,https://made.example.invalid/e08-05/23-6702?utm_source=share&ref=gf93tk8j
6LCjm,https://made.example.invalid/e08-05/4-6703?utm_source=share&ref=ux0cje5y
6LCjn,https://made.example.invalid/e08-05/5-6704?utm_source=share&ref=3waddo6v
6LCjo,https://made.example.invalid/e08-05/18-6705?utm_source=share&ref=covee612
6LCjp,https://made.example.invalid/e08-05/13-6706?utm_source=share&ref=sq3t772h
6LCjq,https://made.example.invalid/e08-05/14-6707?utm_source=share&ref=5bgalljr
6LCjr,https://made.example.invalid/e08-05/6-6708?utm_source=share&ref=4fn681mp
6LCjs,https://made.example.invalid/e08-05/20-6709?utm_source=share&ref=5pmmrd2w
6LCjt,https://made.example.invalid/e08-05/9-6710?utm_source=share&ref=huovbc94
6LCju,https://made.example.invalid/e08-05/19-6711?utm_source=share&ref=jnl8cx0g
6LCjv,https://made.example.invalid/e08-05/23-6712?utm_source=share&ref=wxnspae4
6LCjw,https://made.example.invalid/e08-05/4-6713?utm_source=share&ref=1gw0ajc5
6LCjx,https://made.example.invalid/e08-05/5-6714?utm_source=share&ref=gjy79eyn
6LCjy,https://made.example.invalid/e08-05/18-6715?utm_source=share&ref=uiwg9nzw
6LCjz,https://made.example.invalid/e08-05/13-6716?utm_source=share&ref=1c80fkdi
6LCjA,https://made.example.invalid/e08-05/14-6717?utm_source=share&ref=ynp6vo5v
6LCjB,https://made.example.invalid/e08-05/6-6718?utm_source=share&ref=as9ruzq0
6LCjC,https://made.example.invalid/e08-05/20-6719?utm_source=share&ref=70cj3jgp
6LCjD,https://made.example.invalid/e08-05/9-6720?utm_source=share&ref=ml7z3678
6LCjE,https://made.example.invalid/e08-05/19-6721?utm_source=share&ref=m1neb6ju
6LCjF,https://made.example.invalid/e08-05/23-6722?utm_source=share&ref=gl20ig8k
6LCjG,https://made.example.invalid/e08-05/4-6723?utm_source=share&ref=3ofvbjjc
6LCjH,https://made.example.invalid/e08-05/5-6724?utm_source=share&ref=xmx3xy3s
6LCjI,https://made.example.invalid/e08-05/18-6725?utm_source=share&ref=nkio4hty
6LCjJ,https://made.example.invalid/e08-05/13-6726?utm_source=share&ref=tayv2rom
6LCjK,https://made.example.invalid/e08-05/6-6728?utm_source=share&ref=auyukswp
6LCjL,https://made.example.invalid/e08-05/20-6729?utm_source=share&ref=vudvtot1
6LCjM,https://made.example.invalid/e08-05/9-6730?utm_source=share&ref=zw7wiuf6
6LCjN,https://made.example.invalid/e08-05/19-6731?utm_source=share&ref=wo5em7zq
6LCjO,https://made.example.invalid/e08-05/14-6727?utm_source=share&ref=xkjdbqsz
6LCjP,https://made.example.invalid/e08-05/23-6732?utm_source=share&ref=m7ts5n7i
6LCjQ,https://made.example.invalid/e08-05/4-6733?utm_source=share&ref=2gsx1bxh
6LCjR,https://made.example.invalid/e08-05/5-6734?utm_source=share&ref=map1fg9u
6LCjS,https://made.example.invalid/e08-05/18-6735?utm_source=share&ref=hkrz2n0h
6LCjT,https://made.example.invalid/e08-05/13-6736?utm_source=share&ref=w50z37wv
6LCjU,https://made.example.invalid/e08-05/6-6737?utm_source=share&ref=71hgmv16
6LCjV,https://made.example.invalid/e08-05/20-6738?utm_source=share&ref=p9sb9e6l
6LCjW,https://made.example.invalid/e08-05/9-6739?utm_source=share&ref=cv34nxup
6LCjX,https://made.example.invalid/e08-05/19-6740?utm_source=share&ref=x01r1f1m
6LCjY,https://made.example.invalid/e08-05/14-6741?utm_source=share&ref=5xjw8njg
6LCjZ,https://made.example.invalid/e08-05/23-6742?utm_source=share&ref=q1l4zlfw
6LCk1,https://made.example.invalid/e08-05/5-6744?utm_source=share&ref=qsluiax7
6LCk2,https://made.example.invalid/e08-05/18-6745?utm_source=share&ref=c3xt8qkw
6LCk3,https://made.example.invalid/e08-05/13-6746?utm_source=share&ref=vchcg8zk
6LCk4,https://made.example.invalid/e08-05/6-6747?utm_source=share&ref=5siuvkik
6LCk0,https://made.example.invalid/e08-05/4-6743?utm_source=share&ref=qgj2en8u
6LCk5,https://made.example.invalid/e08-05/20-6748?utm_source=share&ref=mpy27d55
6LCk6,https://made.example.invalid/e08-05/9-6749?utm_source=share&ref=6micn0as
6LCk7,https://made.example.invalid/e08-05/19-6750?utm_source=share&ref=c3f231o9
6LCk8,https://made.example.invalid/e08-05/14-6751?utm_source=share&ref=41jae9h2
6LCk9,https://made.example.invalid/e08-05/23-6752?utm_source=share&ref=w6ysfyzx
6LCka,https://made.example.invalid/e08-05/5-6753?utm_source=share&ref=f0f660za
6LCkb,https://made.example.invalid/e08-05/18-6754?utm_source=share&ref=dxicm8cb
6LCkc,https://made.example.invalid/e08-05/13-6755?utm_source=share&ref=3z415esv
6LCkd,https://made.example.invalid/e08-05/6-6756?utm_source=share&ref=uy31a2id
6LCke,https://made.example.invalid/e08-05/4-6757?utm_source=share&ref=1nctzlvc
6LCkf,https://made.example.invalid/e08-05/20-6758?utm_source=share&ref=6ud7yuro
6LCkg,https://made.example.invalid/e08-05/9-6759?utm_source=share&ref=jklhpj48
6LCkh,https://made.example.invalid/e08-05/19-6760?utm_source=share&ref=jdzcuaxz
6LCki,https://made.example.invalid/e08-05/14-6761?utm_source=share&ref=lnb8j3my
6LCkj,https://made.example.invalid/e08-05/23-6762?utm_source=share&ref=babcgyr5
6LCkk,https://made.example.invalid/e08-05/5-6763?utm_source=share&ref=4m96vvor
6LCkl,https://made.example.invalid/e08-05/18-6764?utm_source=share&ref=n11zhght
6LCkm,https://made.example.invalid/e08-05/13-6765?utm_source=share&ref=t2wxeop0
6LCkn,https://made.example.invalid/e08-05/6-6766?utm_source=share&ref=1rqah9yq
6LCko,https://made.example.invalid/e08-05/4-6767?utm_source=share&ref=r95v18qr
6LCkp,https://made.example.invalid/e08-05/20-6768?utm_source=share&ref=6mjhwy3l
6LCkq,https://made.example.invalid/e08-05/9-6769?utm_source=share&ref=pd2kikmb
6LCkr,https://made.example.invalid/e08-05/19-6770?utm_source=share&ref=d8h8e8w7
6LCks,https://made.example.invalid/e08-05/14-6771?utm_source=share&ref=d5eqvbwq
6LCkt,https://made.example.invalid/e08-05/23-6772?utm_source=share&ref=w2nswpg6
6LCku,https://made.example.invalid/e08-05/5-6773?utm_source=share&ref=3bqvhl4c
6LCkv,https://made.example.invalid/e08-05/18-6774?utm_source=share&ref=jgb0hy9b
6LCkw,https://made.example.invalid/e08-05/13-6775?utm_source=share&ref=labetlxe
6LCkx,https://made.example.invalid/e08-05/6-6776?utm_source=share&ref=v6u266xl
6LCky,https://made.example.invalid/e08-05/4-6777?utm_source=share&ref=uzw8aclx
6LCkz,https://made.example.invalid/e08-05/20-6778?utm_source=share&ref=k04l2hf6
6LCkA,https://made.example.invalid/e08-05/9-6779?utm_source=share&ref=336bhl46
6LCkB,https://made.example.invalid/e08-05/19-6780?utm_source=share&ref=iz2ojtt6
6LCkC,https://made.example.invalid/e08-05/14-6781?utm_source=share&ref=l91gatnk
6LCkD,https://made.example.invalid/e08-05/23-6782?utm_source=share&ref=ijd2ca3f
6LCkE,https://made.example.invalid/e08-05/5-6783?utm_source=share&ref=ztnd716j
6LCkF,https://made.example.invalid/e08-05/18-6784?utm_source=share&ref=57bo0tar
6LCkG,https://made.example.invalid/e08-05/13-6785?utm_source=share&ref=q81ab8ca
6LCkH,https://made.example.invalid/e08-05/6-6786?utm_source=share&ref=sw2etfvn
6LCkI,https://made.example.invalid/e08-05/4-6787?utm_source=share&ref=m3rijsaq
6LCkJ,https://made.example.invalid/e08-05/20-6788?utm_source=share&ref=ib497fqw
6LCkK,https://made.example.invalid/e08-05/9-6789?utm_source=share&ref=okzjmh6a
6LCkL,https://made.example.invalid/e08-05/19-6790?utm_source=share&ref=yh3jvnm2
6LCkM,https://made.example.invalid/e08-05/14-6791?utm_source=share&ref=lr1jhqog
6LCkN,https://made.example.invalid/e08-05/23-6792?utm_source=share&ref=0qcuxvud
6LCkO,https://made.example.invalid/e08-05/5-6793?utm_source=share&ref=8yxfhktp
6LCkP,https://made.example.invalid/e08-05/18-6794?utm_source=share&ref=i5cpzii4
6LCkQ,https://made.example.invalid/e08-05/13-6795?utm_source=share&ref=3ylofemo
6LCkR,https://made.example.invalid/e08-05/6-6796?utm_source=share&ref=bg5wxkok
6LCkS,https://made.example.invalid/e08-05/4-6797?utm_source=share&ref=1w5d2chl
6LCkT,https://made.example.invalid/e08-05/20-6798?utm_source=share&ref=f47504ta
6LCkU,https://made.example.invalid/e08-05/9-6799?utm_source=share&ref=jsjh1yau
6LCkV,https://made.example.invalid/e08-05/19-6800?utm_source=share&ref=yzv75swj
6LCkW,https://made.example.invalid/e08-05/14-6801?utm_source=share&ref=957ub1fw
6LCkX,https://made.example.invalid/e08-05/23-6802?utm_source=share&ref=jb5xpyo0
6LCkY,https://made.example.invalid/e08-05/5-6803?utm_source=share&ref=3bki0yq6
6LCkZ,https://made.example.invalid/e08-05/18-6804?utm_source=share&ref=2vk5owgn
6LCl0,https://made.example.invalid/e08-05/13-6805?utm_source=share&ref=lwbwvkjw
6LCl1,https://made.example.invalid/e08-05/6-6806?utm_source=share&ref=4prxkadf
6LCl2,https://made.example.invalid/e08-05/4-6807?utm_source=share&ref=6mdfde6x
6LCl3,https://made.example.invalid/e08-05/20-6808?utm_source=share&ref=y4drtt92
6LCl4,https://made.example.invalid/e08-05/9-6809?utm_source=share&ref=jgtuzoyn
6LCl5,https://made.example.invalid/e08-05/19-6810?utm_source=share&ref=iju259yh
6LCl6,https://made.example.invalid/e08-05/14-6811?utm_source=share&ref=47cs2nzs
6LCl7,https://made.example.invalid/e08-05/23-6812?utm_source=share&ref=iskh2d2h
6LCl8,https://made.example.invalid/e08-05/5-6813?utm_source=share&ref=96btc2tq
6LCl9,https://made.example.invalid/e08-05/18-6814?utm_source=share&ref=xv092i7v
6LCla,https://made.example.invalid/e08-05/13-6815?utm_source=share&ref=aqiouosw
6LClb,https://made.example.invalid/e08-05/6-6816?utm_source=share&ref=a0le3ubq
6LClc,https://made.example.invalid/e08-05/4-6817?utm_source=share&ref=te8i6hg4
6LCld,https://made.example.invalid/e08-05/20-6818?utm_source=share&ref=mf3ypjaj
6LCle,https://made.example.invalid/e08-05/9-6819?utm_source=share&ref=s0tvv3am
6LClf,https://made.example.invalid/e08-05/19-6820?utm_source=share&ref=62xm6ftf
6LClg,https://made.example.invalid/e08-05/14-6821?utm_source=share&ref=ztvegf6q
6LClh,https://made.example.invalid/e08-05/23-6822?utm_source=share&ref=72rllww7
6LCli,https://made.example.invalid/e08-05/5-6823?utm_source=share&ref=so2riz5s
6LClj,https://made.example.invalid/e08-05/18-6824?utm_source=share&ref=nmnv7m0i
6LClk,https://made.example.invalid/e08-05/13-6825?utm_source=share&ref=cqdktvu6
6LCll,https://made.example.invalid/e08-05/6-6826?utm_source=share&ref=2kxbsucf
6LClm,https://made.example.invalid/e08-05/4-6827?utm_source=share&ref=feswxjzx
6LCln,https://made.example.invalid/e08-05/20-6828?utm_source=share&ref=hc33qkzo
6LClo,https://made.example.invalid/e08-05/9-6829?utm_source=share&ref=j4qarmdq
6LClp,https://made.example.invalid/e08-05/19-6830?utm_source=share&ref=1q7kaxmr
6LClq,https://made.example.invalid/e08-05/14-6831?utm_source=share&ref=w01k7g2t
6LClr,https://made.example.invalid/e08-05/23-6832?utm_source=share&ref=fynw7nz4
6LCls,https://made.example.invalid/e08-05/5-6833?utm_source=share&ref=hg7e42p1
6LClt,https://made.example.invalid/e08-05/18-6834?utm_source=share&ref=ezhcynh5
6LClu,https://made.example.invalid/e08-05/13-6835?utm_source=share&ref=bl6katza
6LClv,https://made.example.invalid/e08-05/6-6836?utm_source=share&ref=4h1m2fk4
6LClw,https://made.example.invalid/e08-05/4-6837?utm_source=share&ref=wmly1fvp
6LClx,https://made.example.invalid/e08-05/20-6838?utm_source=share&ref=jzt1bd5e
6LCly,https://made.example.invalid/e08-05/9-6839?utm_source=share&ref=vava6mfn
6LClz,https://made.example.invalid/e08-05/19-6840?utm_source=share&ref=n276g651
6LClA,https://made.example.invalid/e08-05/14-6841?utm_source=share&ref=ra6coyjg
6LClB,https://made.example.invalid/e08-05/23-6842?utm_source=share&ref=hzb3gbp1
6LClC,https://made.example.invalid/e08-05/5-6843?utm_source=share&ref=5yd5sin8
6LClD,https://made.example.invalid/e08-05/18-6844?utm_source=share&ref=808fmgdu
6LClE,https://made.example.invalid/e08-05/13-6845?utm_source=share&ref=ue90h0mv
6LClF,https://made.example.invalid/e08-05/6-6846?utm_source=share&ref=n9qqynh8
6LClG,https://made.example.invalid/e08-05/4-6847?utm_source=share&ref=pb9lhj8q
6LClH,https://made.example.invalid/e08-05/20-6848?utm_source=share&ref=23pg2ncy
6LClI,https://made.example.invalid/e08-05/9-6849?utm_source=share&ref=1q9bzzff
6LClJ,https://made.example.invalid/e08-05/19-6850?utm_source=share&ref=rfdqc3o1
6LClK,https://made.example.invalid/e08-05/14-6851?utm_source=share&ref=7w4oyhts
6LClL,https://made.example.invalid/e08-05/23-6852?utm_source=share&ref=pcu0heg7
6LClM,https://made.example.invalid/e08-05/5-6853?utm_source=share&ref=qni310up
6LClN,https://made.example.invalid/e08-05/18-6854?utm_source=share&ref=pds0e2xn
6LClO,https://made.example.invalid/e08-05/13-6855?utm_source=share&ref=bgaa1kq8
6LClP,https://made.example.invalid/e08-05/6-6856?utm_source=share&ref=nertfon4
6LClQ,https://made.example.invalid/e08-05/4-6857?utm_source=share&ref=f3w3f7z3
6LClR,https://made.example.invalid/e08-05/20-6858?utm_source=share&ref=b2x2yz9v
6LClS,https://made.example.invalid/e08-05/9-6859?utm_source=share&ref=22ykg8oc
6LClT,https://made.example.invalid/e08-05/19-6860?utm_source=share&ref=gi2i1eoj
6LClU,https://made.example.invalid/e08-05/14-6861?utm_source=share&ref=d859p4w5
6LClV,https://made.example.invalid/e08-05/23-6862?utm_source=share&ref=dzr1xmet
6LClW,https://made.example.invalid/e08-05/5-6863?utm_source=share&ref=ygoy0904
6LClX,https://made.example.invalid/e08-05/18-6864?utm_source=share&ref=jbmvhzfu
6LClY,https://made.example.invalid/e08-05/13-6865?utm_source=share&ref=mku4aqs9
6LClZ,https://made.example.invalid/e08-05/6-6866?utm_source=share&ref=mx1awqo0
6LCm0,https://made.example.invalid/e08-05/4-6867?utm_source=share&ref=w7apsvs9
6LCm1,https://made.example.invalid/e08-05/20-6868?utm_source=share&ref=eq4jibxl
6LCm2,https://made.example.invalid/e08-05/9-6869?utm_source=share&ref=ksqrnsm0
6LCm3,https://made.example.invalid/e08-05/19-6870?utm_source=share&ref=ijxttvkg
6LCm4,https://made.example.invalid/e08-05/14-6871?utm_source=share&ref=hderten3
6LCm5,https://made.example.invalid/e08-05/23-6872?utm_source=share&ref=1orjodds
6LCm6,https://made.example.invalid/e08-05/5-6873?utm_source=share&ref=l7o92p8w
6LCm7,https://made.example.invalid/e08-05/18-6874?utm_source=share&ref=vph1xlnq
6LCm8,https://made.example.invalid/e08-05/13-6875?utm_source=share&ref=8p5f2ums
6LCm9,https://made.example.invalid/e08-05/6-6876?utm_source=share&ref=tv5s3uao
6LCma,https://made.example.invalid/e08-05/4-6877?utm_source=share&ref=u6g35fq9
6LCmb,https://made.example.invalid/e08-05/20-6878?utm_source=share&ref=vgwup77h
6LCmc,https://made.example.invalid/e08-05/9-6879?utm_source=share&ref=fol7n9mp
6LCmd,https://made.example.invalid/e08-05/19-6880?utm_source=share&ref=02mm3qoc
6LCme,https://made.example.invalid/e08-05/14-6881?utm_source=share&ref=cshn5anp
6LCmf,https://made.example.invalid/e08-05/23-6882?utm_source=share&ref=jip00hne
6LCmg,https://made.example.invalid/e08-05/5-6883?utm_source=share&ref=2zfblu2v
6LCmh,https://made.example.invalid/e08-05/18-6884?utm_source=share&ref=idbvxnyz
6LCmi,https://made.example.invalid/e08-05/13-6885?utm_source=share&ref=yn7v1qld
6LCmj,https://made.example.invalid/e08-05/6-6886?utm_source=share&ref=zrbj1n4h
6LCmk,https://made.example.invalid/e08-05/4-6887?utm_source=share&ref=2blqah8e
6LCml,https://made.example.invalid/e08-05/20-6888?utm_source=share&ref=emtri8mp
6LCmm,https://made.example.invalid/e08-05/9-6889?utm_source=share&ref=0djy9q77
6LCmn,https://made.example.invalid/e08-05/19-6890?utm_source=share&ref=wr0l70xb
6LCmo,https://made.example.invalid/e08-05/14-6891?utm_source=share&ref=rl0h8tct
6LCmp,https://made.example.invalid/e08-05/23-6892?utm_source=share&ref=o9amnigj
6LCmq,https://made.example.invalid/e08-05/5-6893?utm_source=share&ref=z4h8bu85
6LCmr,https://made.example.invalid/e08-05/18-6894?utm_source=share&ref=cgweo7vv
6LCms,https://made.example.invalid/e08-05/13-6895?utm_source=share&ref=rknee544
6LCmt,https://made.example.invalid/e08-05/6-6896?utm_source=share&ref=t1z25kxn
6LCmu,https://made.example.invalid/e08-05/4-6897?utm_source=share&ref=1e7p1w85
6LCmv,https://made.example.invalid/e08-05/20-6898?utm_source=share&ref=o8jfkw7i
6LCmw,https://made.example.invalid/e08-05/9-6899?utm_source=share&ref=w5l3bb97
6LCmx,https://made.example.invalid/e08-05/19-6900?utm_source=share&ref=0kqywij8
6LCmy,https://made.example.invalid/e08-05/14-6901?utm_source=share&ref=d9ct1v12
6LCmz,https://made.example.invalid/e08-05/23-6902?utm_source=share&ref=tj9izqjf
6LCmA,https://made.example.invalid/e08-05/5-6903?utm_source=share&ref=ejt1nm44
6LCmB,https://made.example.invalid/e08-05/18-6904?utm_source=share&ref=e2sfz1zo
6LCmC,https://made.example.invalid/e08-05/13-6905?utm_source=share&ref=830kdete
6LCmD,https://made.example.invalid/e08-05/6-6906?utm_source=share&ref=6yb8slvp
6LCmE,https://made.example.invalid/e08-05/4-6907?utm_source=share&ref=u5nu4ht6
6LCmF,https://made.example.invalid/e08-05/20-6908?utm_source=share&ref=jn3cbadm
6LCmG,https://made.example.invalid/e08-05/9-6909?utm_source=share&ref=t4c6owti
6LCmH,https://made.example.invalid/e08-05/19-6910?utm_source=share&ref=r4ej2set
6LCmI,https://made.example.invalid/e08-05/14-6911?utm_source=share&ref=qnnl7o8n
6LCmJ,https://made.example.invalid/e08-05/23-6912?utm_source=share&ref=i0fawygz
6LCmK,https://made.example.invalid/e08-05/5-6913?utm_source=share&ref=w7466hf5
6LCmL,https://made.example.invalid/e08-05/18-6914?utm_source=share&ref=r0goqr4d
6LCmM,https://made.example.invalid/e08-05/13-6915?utm_source=share&ref=okn3ebxi
6LCmN,https://made.example.invalid/e08-05/6-6916?utm_source=share&ref=4riw38z8
6LCmO,https://made.example.invalid/e08-05/4-6917?utm_source=share&ref=bmq556tt
6LCmP,https://made.example.invalid/e08-05/20-6918?utm_source=share&ref=sccsgiq7
6LCmQ,https://made.example.invalid/e08-05/9-6919?utm_source=share&ref=8588075m
6LCmR,https://made.example.invalid/e08-05/19-6920?utm_source=share&ref=2xve6js9
6LCmS,https://made.example.invalid/e08-05/14-6921?utm_source=share&ref=i8r61uwk
6LCmT,https://made.example.invalid/e08-05/23-6922?utm_source=share&ref=pc4f5icu
6LCmU,https://made.example.invalid/e08-05/5-6923?utm_source=share&ref=ps4nijgj
6LCmV,https://made.example.invalid/e08-05/18-6924?utm_source=share&ref=7glxzf9l
6LCmW,https://made.example.invalid/e08-05/13-6925?utm_source=share&ref=pjcv94ox
6LCmX,https://made.example.invalid/e08-05/6-6926?utm_source=share&ref=h3d4tjdh
6LCmY,https://made.example.invalid/e08-05/4-6927?utm_source=share&ref=rdk1nyp1
6LCmZ,https://made.example.invalid/e08-05/20-6928?utm_source=share&ref=lwlozpjq
6LCn0,https://made.example.invalid/e08-05/9-6929?utm_source=share&ref=6qm7juzk
6LCn1,https://made.example.invalid/e08-05/19-6930?utm_source=share&ref=a5aojsp9
6LCn2,https://made.example.invalid/e08-05/14-6931?utm_source=share&ref=czk5vjo5
6LCn3,https://made.example.invalid/e08-05/23-6932?utm_source=share&ref=l7cacviw
6LCn4,https://made.example.invalid/e08-05/5-6933?utm_source=share&ref=7klkhm1n
6LCn5,https://made.example.invalid/e08-05/18-6934?utm_source=share&ref=dos0hcry
6LCn6,https://made.example.invalid/e08-05/13-6935?utm_source=share&ref=fg9xqych
6LCn7,https://made.example.invalid/e08-05/6-6936?utm_source=share&ref=9ya4hj6j
6LCn8,https://made.example.invalid/e08-05/4-6937?utm_source=share&ref=5av26tio
6LCn9,https://made.example.invalid/e08-05/20-6938?utm_source=share&ref=o4gaj7gq
6LCna,https://made.example.invalid/e08-05/9-6939?utm_source=share&ref=k8cjtqcg
6LCnb,https://made.example.invalid/e08-05/19-6940?utm_source=share&ref=rn3xy14n
6LCnc,https://made.example.invalid/e08-05/14-6941?utm_source=share&ref=222lio76
6LCnd,https://made.example.invalid/e08-05/23-6942?utm_source=share&ref=ieai9lmz
6LCne,https://made.example.invalid/e08-05/5-6943?utm_source=share&ref=3ou3bczc
6LCnf,https://made.example.invalid/e08-05/18-6944?utm_source=share&ref=gi237840
6LCng,https://made.example.invalid/e08-05/13-6945?utm_source=share&ref=emhjuet9
6LCnh,https://made.example.invalid/e08-05/6-6946?utm_source=share&ref=n2f3sare
6LCni,https://made.example.invalid/e08-05/4-6947?utm_source=share&ref=ed9rlu24
6LCnj,https://made.example.invalid/e08-05/20-6948?utm_source=share&ref=3y6ykzfq
6LCnk,https://made.example.invalid/e08-05/9-6949?utm_source=share&ref=5isnapuo
6LCnl,https://made.example.invalid/e08-05/19-6950?utm_source=share&ref=2t4htz8f
6LCnm,https://made.example.invalid/e08-05/14-6951?utm_source=share&ref=3wz46vhv
6LCnn,https://made.example.invalid/e08-05/23-6952?utm_source=share&ref=lkegfsck
6LCno,https://made.example.invalid/e08-05/5-6953?utm_source=share&ref=a0cxyu3i
6LCnp,https://made.example.invalid/e08-05/18-6954?utm_source=share&ref=bo7lfbtr
6LCnq,https://made.example.invalid/e08-05/13-6955?utm_source=share&ref=i83cu2ng
6LCnr,https://made.example.invalid/e08-05/6-6956?utm_source=share&ref=l4g28cgs
6LCns,https://made.example.invalid/e08-05/4-6957?utm_source=share&ref=1kt6s326
6LCnt,https://made.example.invalid/e08-05/20-6958?utm_source=share&ref=ioazo3mh
6LCnu,https://made.example.invalid/e08-05/9-6959?utm_source=share&ref=nw5r6q5j
6LCnv,https://made.example.invalid/e08-05/19-6960?utm_source=share&ref=un8olnkw
6LCnw,https://made.example.invalid/e08-05/14-6961?utm_source=share&ref=zohol4kx
6LCnx,https://made.example.invalid/e08-05/23-6962?utm_source=share&ref=ujff5sgl
6LCny,https://made.example.invalid/e08-05/5-6963?utm_source=share&ref=1nl4qydg
6LCnz,https://made.example.invalid/e08-05/18-6964?utm_source=share&ref=te6tobf7
6LCnA,https://made.example.invalid/e08-05/13-6965?utm_source=share&ref=1p78tshn
6LCnB,https://made.example.invalid/e08-05/6-6966?utm_source=share&ref=73e1dfwv
6LCnC,https://made.example.invalid/e08-05/4-6967?utm_source=share&ref=y1zlpzw9
6LCnD,https://made.example.invalid/e08-05/20-6968?utm_source=share&ref=q0g163gh
6LCnE,https://made.example.invalid/e08-05/9-6969?utm_source=share&ref=hvzohj3k
6LCnF,https://made.example.invalid/e08-05/19-6970?utm_source=share&ref=7ditx7kn
6LCnG,https://made.example.invalid/e08-05/14-6971?utm_source=share&ref=qg9wsb73
6LCnH,https://made.example.invalid/e08-05/23-6972?utm_source=share&ref=mwpw5bio
6LCnI,https://made.example.invalid/e08-05/5-6973?utm_source=share&ref=5p8wcxdu
6LCnJ,https://made.example.invalid/e08-05/18-6974?utm_source=share&ref=aqm6olqm
6LCnK,https://made.example.invalid/e08-05/13-6975?utm_source=share&ref=xvvw3j52
6LCnL,https://made.example.invalid/e08-05/6-6976?utm_source=share&ref=gizk7dbn
6LCnM,https://made.example.invalid/e08-05/4-6977?utm_source=share&ref=i52r5tqx
6LCnN,https://made.example.invalid/e08-05/20-6978?utm_source=share&ref=212fhxtb
6LCnO,https://made.example.invalid/e08-05/9-6979?utm_source=share&ref=gju7mk7k
6LCnP,https://made.example.invalid/e08-05/19-6980?utm_source=share&ref=gj0p35e2
6LCnQ,https://made.example.invalid/e08-05/14-6981?utm_source=share&ref=6jtwd5x4
6LCnR,https://made.example.invalid/e08-05/23-6982?utm_source=share&ref=cmc64tc7
6LCnS,https://made.example.invalid/e08-05/5-6983?utm_source=share&ref=gwicfvdr
6LCnT,https://made.example.invalid/e08-05/18-6984?utm_source=share&ref=wsjb3hmc
6LCnU,https://made.example.invalid/e08-05/13-6985?utm_source=share&ref=gfm5big7
6LCnV,https://made.example.invalid/e08-05/6-6986?utm_source=share&ref=frnddxfp
6LCnW,https://made.example.invalid/e08-05/4-6987?utm_source=share&ref=bmbkbuw8
6LCnX,https://made.example.invalid/e08-05/20-6988?utm_source=share&ref=l5gr0cbs
6LCnY,https://made.example.invalid/e08-05/9-6989?utm_source=share&ref=ajqjhdbh
6LCnZ,https://made.example.invalid/e08-05/19-6990?utm_source=share&ref=squuz99l
6LCo0,https://made.example.invalid/e08-05/14-6991?utm_source=share&ref=tt9e9rjz
6LCo1,https://made.example.invalid/e08-05/23-6992?utm_source=share&ref=w8s94nzm
6LCo2,https://made.example.invalid/e08-05/5-6993?utm_source=share&ref=5a4sp06g
6LCo3,https://made.example.invalid/e08-05/18-6994?utm_source=share&ref=m9yfxxz1
6LCo4,https://made.example.invalid/e08-05/13-6995?utm_source=share&ref=02xesf02
6LCo5,https://made.example.invalid/e08-05/6-6996?utm_source=share&ref=q9b9ir3n
6LCo6,https://made.example.invalid/e08-05/4-6997?utm_source=share&ref=yiwg8c9x
6LCo7,https://made.example.invalid/e08-05/20-6998?utm_source=share&ref=ci3thy0k
6LCo8,https://made.example.invalid/e08-05/9-6999?utm_source=share&ref=rkojyowl
6LCo9,https://made.example.invalid/e08-05/19-7000?utm_source=share&ref=vzi2ux2h
6LCoa,https://made.example.invalid/e08-05/14-7001?utm_source=share&ref=5770v0pd
6LCob,https://made.example.invalid/e08-05/23-7002?utm_source=share&ref=0t19n5lr
6LCoc,https://made.example.invalid/e08-05/5-7003?utm_source=share&ref=i91bv62t
6LCod,https://made.example.invalid/e08-05/18-7004?utm_source=share&ref=ct1rovgp
6LCoe,https://made.example.invalid/e08-05/13-7005?utm_source=share&ref=cd9sh91y
6LCof,https://made.example.invalid/e08-05/6-7006?utm_source=share&ref=e1aswuvv
6LCog,https://made.example.invalid/e08-05/4-7007?utm_source=share&ref=7wj7saoi
6LCoh,https://made.example.invalid/e08-05/20-7008?utm_source=share&ref=zonfmqz8
6LCoi,https://made.example.invalid/e08-05/9-7009?utm_source=share&ref=vro7utzz
6LCoj,https://made.example.invalid/e08-05/19-7010?utm_source=share&ref=ejyet29i
6LCok,https://made.example.invalid/e08-05/14-7011?utm_source=share&ref=b5dwcjux
6LCol,https://made.example.invalid/e08-05/23-7012?utm_source=share&ref=7xukff4a
6LCom,https://made.example.invalid/e08-05/5-7013?utm_source=share&ref=a20nxjor
6LCon,https://made.example.invalid/e08-05/18-7014?utm_source=share&ref=q9g8tkzi
6LCoo,https://made.example.invalid/e08-05/13-7015?utm_source=share&ref=x05gvpru
6LCop,https://made.example.invalid/e08-05/6-7016?utm_source=share&ref=71tjcymf
6LCoq,https://made.example.invalid/e08-05/4-7017?utm_source=share&ref=nr58zcoe
6LCor,https://made.example.invalid/e08-05/20-7018?utm_source=share&ref=amkrjrec
6LCos,https://made.example.invalid/e08-05/9-7019?utm_source=share&ref=efv2sv4i
6LCot,https://made.example.invalid/e08-05/19-7020?utm_source=share&ref=olpiiac9
6LCou,https://made.example.invalid/e08-05/14-7021?utm_source=share&ref=flh7pvvl
6LCov,https://made.example.invalid/e08-05/23-7022?utm_source=share&ref=x7szdvn3
6LCow,https://made.example.invalid/e08-05/5-7023?utm_source=share&ref=vq19uko7
6LCox,https://made.example.invalid/e08-05/18-7024?utm_source=share&ref=ar70mym2
6LCoy,https://made.example.invalid/e08-05/13-7025?utm_source=share&ref=8wcktiot
6LCoz,https://made.example.invalid/e08-05/6-7026?utm_source=share&ref=r668d81f
6LCoA,https://made.example.invalid/e08-05/4-7027?utm_source=share&ref=1b36b667
6LCoB,https://made.example.invalid/e08-05/20-7028?utm_source=share&ref=5sq91c10
6LCoC,https://made.example.invalid/e08-05/9-7029?utm_source=share&ref=j3fvu5r1
6LCoD,https://made.example.invalid/e08-05/19-7030?utm_source=share&ref=12tjf9ca
6LCoE,https://made.example.invalid/e08-05/14-7031?utm_source=share&ref=srheujok
6LCoF,https://made.example.invalid/e08-05/23-7032?utm_source=share&ref=7stobztf
6LCoG,https://made.example.invalid/e08-05/5-7033?utm_source=share&ref=tvgxjy2q
6LCoH,https://made.example.invalid/e08-05/18-7034?utm_source=share&ref=vf7lsqov
6LCoI,https://made.example.invalid/e08-05/13-7035?utm_source=share&ref=yjvfwnjx
6LCoJ,https://made.example.invalid/e08-05/6-7036?utm_source=share&ref=drtiqebg
6LCoK,https://made.example.invalid/e08-05/4-7037?utm_source=share&ref=braovfnl
6LCoL,https://made.example.invalid/e08-05/20-7038?utm_source=share&ref=kkgiz65n
6LCoM,https://made.example.invalid/e08-05/9-7039?utm_source=share&ref=h38c0cf7
6LCoN,https://made.example.invalid/e08-05/19-7040?utm_source=share&ref=syqy8s7y
6LCoO,https://made.example.invalid/e08-05/14-7041?utm_source=share&ref=qtxvl83s
6LCoP,https://made.example.invalid/e08-05/23-7042?utm_source=share&ref=q7xftc5s
6LCoQ,https://made.example.invalid/e08-05/5-7043?utm_source=share&ref=ytx1ck35
6LCoR,https://made.example.invalid/e08-05/18-7044?utm_source=share&ref=0h5wr7o4
6LCoS,https://made.example.invalid/e08-05/13-7045?utm_source=share&ref=hlgxgvsa
6LCoT,https://made.example.invalid/e08-05/6-7046?utm_source=share&ref=ile6pry8
6LCoU,https://made.example.invalid/e08-05/4-7047?utm_source=share&ref=owfqkljz
6LCoV,https://made.example.invalid/e08-05/20-7048?utm_source=share&ref=j55tzuuh
6LCoW,https://made.example.invalid/e08-05/9-7049?utm_source=share&ref=oveklznf
6LCoX,https://made.example.invalid/e08-05/19-7050?utm_source=share&ref=b9we005e
6LCoY,https://made.example.invalid/e08-05/14-7051?utm_source=share&ref=k1u276dv
6LCoZ,https://made.example.invalid/e08-05/5-7053?utm_source=share&ref=mlq3zqki
6LCp0,https://made.example.invalid/e08-05/18-7054?utm_source=share&ref=lqce2mgf
6LCp1,https://made.example.invalid/e08-05/13-7055?utm_source=share&ref=zgjsgm6h
6LCp2,https://made.example.invalid/e08-05/6-7056?utm_source=share&ref=6fu0amz2
6LCp3,https://made.example.invalid/e08-05/23-7052?utm_source=share&ref=mcc3uf97
6LCp4,https://made.example.invalid/e08-05/4-7057?utm_source=share&ref=kfq6vjuh
6LCp5,https://made.example.invalid/e08-05/20-7058?utm_source=share&ref=vx0bpopu
6LCp6,https://made.example.invalid/e08-05/9-7059?utm_source=share&ref=qenoxtl9
6LCp7,https://made.example.invalid/e08-05/19-7060?utm_source=share&ref=b31fmjj9
6LCp8,https://made.example.invalid/e08-05/14-7061?utm_source=share&ref=awn7jrek
6LCp9,https://made.example.invalid/e08-05/5-7062?utm_source=share&ref=5kr485a8
6LCpa,https://made.example.invalid/e08-05/18-7063?utm_source=share&ref=zrh3wfme
6LCpb,https://made.example.invalid/e08-05/13-7064?utm_source=share&ref=5vfvb1x2
6LCpc,https://made.example.invalid/e08-05/6-7065?utm_source=share&ref=e8p4a775
6LCpd,https://made.example.invalid/e08-05/23-7066?utm_source=share&ref=c8tznuxd
6LCpe,https://made.example.invalid/e08-05/4-7067?utm_source=share&ref=wusiyvv4
6LCpf,https://made.example.invalid/e08-05/20-7068?utm_source=share&ref=s1mshfgc
6LCpg,https://made.example.invalid/e08-05/9-7069?utm_source=share&ref=ad2qyliq
6LCph,https://made.example.invalid/e08-05/19-7070?utm_source=share&ref=y94ywvym
6LCpi,https://made.example.invalid/e08-05/14-7071?utm_source=share&ref=i65y6kvz
6LCpj,https://made.example.invalid/e08-05/5-7072?utm_source=share&ref=1jj5rnpr
6LCpk,https://made.example.invalid/e08-05/18-7073?utm_source=share&ref=64glv313
6LCpl,https://made.example.invalid/e08-05/13-7074?utm_source=share&ref=rvcq2k8d
6LCpm,https://made.example.invalid/e08-05/6-7075?utm_source=share&ref=c6ubsl61
6LCpn,https://made.example.invalid/e08-05/23-7076?utm_source=share&ref=zvhy6lry
6LCpo,https://made.example.invalid/e08-05/4-7077?utm_source=share&ref=oe2blo36
6LCpp,https://made.example.invalid/e08-05/20-7078?utm_source=share&ref=nws62pvk
6LCpq,https://made.example.invalid/e08-05/9-7079?utm_source=share&ref=1v3732jn
6LCpr,https://made.example.invalid/e08-05/19-7080?utm_source=share&ref=s129yli7
6LCps,https://made.example.invalid/e08-05/14-7081?utm_source=share&ref=ilw2naft
6LCpt,https://made.example.invalid/e08-05/5-7082?utm_source=share&ref=88tzr7el
6LCpu,https://made.example.invalid/e08-05/18-7083?utm_source=share&ref=fxqirm0z
6LCpv,https://made.example.invalid/e08-05/13-7084?utm_source=share&ref=siwb46bb
6LCpw,https://made.example.invalid/e08-05/6-7085?utm_source=share&ref=q4q26ybo
6LCpx,https://made.example.invalid/e08-05/23-7086?utm_source=share&ref=5h3jdftx
6LCpy,https://made.example.invalid/e08-05/4-7087?utm_source=share&ref=a3p9mqu6
6LCpz,https://made.example.invalid/e08-05/20-7088?utm_source=share&ref=7gabxmrp
6LCpA,https://made.example.invalid/e08-05/9-7089?utm_source=share&ref=bcohobsw
6LCpB,https://made.example.invalid/e08-05/19-7090?utm_source=share&ref=g5fendd6
6LCpC,https://made.example.invalid/e08-05/14-7091?utm_source=share&ref=4h38hotk
6LCpD,https://made.example.invalid/e08-05/5-7092?utm_source=share&ref=ddwdyeet
6LCpE,https://made.example.invalid/e08-05/18-7093?utm_source=share&ref=ap7wrje1
6LCpF,https://made.example.invalid/e08-05/13-7094?utm_source=share&ref=txp9svid
6LCpG,https://made.example.invalid/e08-05/6-7095?utm_source=share&ref=rxk7pip3
6LCpH,https://made.example.invalid/e08-05/23-7096?utm_source=share&ref=zqe0q3na
6LCpI,https://made.example.invalid/e08-05/4-7097?utm_source=share&ref=y0o1125r
6LCpJ,https://made.example.invalid/e08-05/20-7098?utm_source=share&ref=j7fureot
6LCpK,https://made.example.invalid/e08-05/9-7099?utm_source=share&ref=z56atldp
6LCpL,https://made.example.invalid/e08-05/19-7100?utm_source=share&ref=1itseq0b
6LCpM,https://made.example.invalid/e08-05/14-7101?utm_source=share&ref=sjpq43rf
6LCpN,https://made.example.invalid/e08-05/5-7102?utm_source=share&ref=724xaece
6LCpO,https://made.example.invalid/e08-05/18-7103?utm_source=share&ref=5i13bhng
6LCpP,https://made.example.invalid/e08-05/13-7104?utm_source=share&ref=6aagpt0s
6LCpQ,https://made.example.invalid/e08-05/6-7105?utm_source=share&ref=6qc76l2i
6LCpR,https://made.example.invalid/e08-05/23-7106?utm_source=share&ref=uw6qtqcl
6LCpS,https://made.example.invalid/e08-05/4-7107?utm_source=share&ref=sxp3ycvx
6LCpT,https://made.example.invalid/e08-05/20-7108?utm_source=share&ref=gnzzp5x3
6LCpU,https://made.example.invalid/e08-05/9-7109?utm_source=share&ref=nvpektnh
6LCpV,https://made.example.invalid/e08-05/19-7110?utm_source=share&ref=69d6hutk
6LCpW,https://made.example.invalid/e08-05/14-7111?utm_source=share&ref=x0o6srbo
6LCpX,https://made.example.invalid/e08-05/5-7112?utm_source=share&ref=mxm08ajh
6LCpY,https://made.example.invalid/e08-05/18-7113?utm_source=share&ref=lbo3h2be
6LCpZ,https://made.example.invalid/e08-05/13-7114?utm_source=share&ref=n6vhzb8i
6LCq0,https://made.example.invalid/e08-05/6-7115?utm_source=share&ref=7la9x8dr
6LCq1,https://made.example.invalid/e08-05/23-7116?utm_source=share&ref=xolomav2
6LCq2,https://made.example.invalid/e08-05/4-7117?utm_source=share&ref=xltalgkg
6LCq3,https://made.example.invalid/e08-05/20-7118?utm_source=share&ref=fgqlqk12
6LCq4,https://made.example.invalid/e08-05/9-7119?utm_source=share&ref=2uypusab
6LCq5,https://made.example.invalid/e08-05/19-7120?utm_source=share&ref=kgbydj3y
6LCq6,https://made.example.invalid/e08-05/14-7121?utm_source=share&ref=bnoofrzy
6LCq7,https://made.example.invalid/e08-05/5-7122?utm_source=share&ref=m1yjunuc
6LCq8,https://made.example.invalid/e08-05/18-7123?utm_source=share&ref=k13y8hq3
6LCq9,https://made.example.invalid/e08-05/13-7124?utm_source=share&ref=7zxu1rdo
6LCqa,https://made.example.invalid/e08-05/6-7125?utm_source=share&ref=7vll371z
6LCqb,https://made.example.invalid/e08-05/23-7126?utm_source=share&ref=89hu2ae8
6LCqc,https://made.example.invalid/e08-05/4-7127?utm_source=share&ref=kk865rt2
6LCqd,https://made.example.invalid/e08-05/20-7128?utm_source=share&ref=aix9m5fq
6LCqe,https://made.example.invalid/e08-05/9-7129?utm_source=share&ref=q0m8sups
6LCqf,https://made.example.invalid/e08-05/19-7130?utm_source=share&ref=2j3bdcif
6LCqg,https://made.example.invalid/e08-05/14-7131?utm_source=share&ref=oblrx6g0
6LCqh,https://made.example.invalid/e08-05/5-7132?utm_source=share&ref=5o2w5hm0
6LCqi,https://made.example.invalid/e08-05/18-7133?utm_source=share&ref=z7rhcsip
6LCqj,https://made.example.invalid/e08-05/13-7134?utm_source=share&ref=itvkdewt
6LCqk,https://made.example.invalid/e08-05/6-7135?utm_source=share&ref=ej2b2bme
6LCql,https://made.example.invalid/e08-05/23-7136?utm_source=share&ref=b55d1evh
6LCqm,https://made.example.invalid/e08-05/4-7137?utm_source=share&ref=kvu5ptni
6LCqn,https://made.example.invalid/e08-05/20-7138?utm_source=share&ref=ifcfmxpq
6LCqo,https://made.example.invalid/e08-05/9-7139?utm_source=share&ref=j1e3sfzy
6LCqp,https://made.example.invalid/e08-05/19-7140?utm_source=share&ref=vmcdm4a8
6LCqq,https://made.example.invalid/e08-05/14-7141?utm_source=share&ref=le764902
6LCqr,https://made.example.invalid/e08-05/5-7142?utm_source=share&ref=sxd6kc7b
6LCqs,https://made.example.invalid/e08-05/18-7143?utm_source=share&ref=6pryls0p
6LCqt,https://made.example.invalid/e08-05/13-7144?utm_source=share&ref=7hausfyi
6LCqu,https://made.example.invalid/e08-05/6-7145?utm_source=share&ref=zlzvonms
6LCqv,https://made.example.invalid/e08-05/23-7146?utm_source=share&ref=550e14zb
6LCqw,https://made.example.invalid/e08-05/4-7147?utm_source=share&ref=k6o89dou
6LCqx,https://made.example.invalid/e08-05/20-7148?utm_source=share&ref=53ppllc7
6LCqy,https://made.example.invalid/e08-05/9-7149?utm_source=share&ref=xhqea917
6LCqz,https://made.example.invalid/e08-05/19-7150?utm_source=share&ref=1s7vct08
6LCqA,https://made.example.invalid/e08-05/14-7151?utm_source=share&ref=09grivpo
6LCqB,https://made.example.invalid/e08-05/5-7152?utm_source=share&ref=0rxhouf5
6LCqC,https://made.example.invalid/e08-05/18-7153?utm_source=share&ref=25wed2dy
6LCqD,https://made.example.invalid/e08-05/13-7154?utm_source=share&ref=9c0927yw
6LCqE,https://made.example.invalid/e08-05/6-7155?utm_source=share&ref=r1570j36
6LCqF,https://made.example.invalid/e08-05/23-7156?utm_source=share&ref=pi1iqw8p
6LCqG,https://made.example.invalid/e08-05/4-7157?utm_source=share&ref=xylgflup
6LCqH,https://made.example.invalid/e08-05/20-7158?utm_source=share&ref=7sv9z8uk
6LCqI,https://made.example.invalid/e08-05/9-7159?utm_source=share&ref=igq9zx84
6LCqJ,https://made.example.invalid/e08-05/19-7160?utm_source=share&ref=wf0etprn
6LCqK,https://made.example.invalid/e08-05/14-7161?utm_source=share&ref=498zo08u
6LCqL,https://made.example.invalid/e08-05/5-7162?utm_source=share&ref=y3ungxcd
6LCqM,https://made.example.invalid/e08-05/18-7163?utm_source=share&ref=y1of47je
6LCqN,https://made.example.invalid/e08-05/13-7164?utm_source=share&ref=i28tjtzu
6LCqO,https://made.example.invalid/e08-05/6-7165?utm_source=share&ref=1sz120ru
6LCqP,https://made.example.invalid/e08-05/23-7166?utm_source=share&ref=qo0xubna
6LCqQ,https://made.example.invalid/e08-05/4-7167?utm_source=share&ref=e6kb9nmt
6LCqR,https://made.example.invalid/e08-05/20-7168?utm_source=share&ref=qzcptmmw
6LCqS,https://made.example.invalid/e08-05/9-7169?utm_source=share&ref=dx8hykmk
6LCqT,https://made.example.invalid/e08-05/19-7170?utm_source=share&ref=nw7kpp4e
6LCqU,https://made.example.invalid/e08-05/14-7171?utm_source=share&ref=hrdrf36a
6LCqV,https://made.example.invalid/e08-05/5-7172?utm_source=share&ref=6bnqa9nk
6LCqW,https://made.example.invalid/e08-05/18-7173?utm_source=share&ref=l4ao0nra
6LCqX,https://made.example.invalid/e08-05/13-7174?utm_source=share&ref=g1jmo4wl
6LCqY,https://made.example.invalid/e08-05/6-7175?utm_source=share&ref=ksldc511
6LCqZ,https://made.example.invalid/e08-05/23-7176?utm_source=share&ref=xn1dxnpu
6LCr0,https://made.example.invalid/e08-05/4-7177?utm_source=share&ref=2vyxs5u4
6LCr1,https://made.example.invalid/e08-05/20-7178?utm_source=share&ref=w3ilwxvx
6LCr2,https://made.example.invalid/e08-05/9-7179?utm_source=share&ref=yi76oyd1
6LCr3,https://made.example.invalid/e08-05/19-7180?utm_source=share&ref=qv25tdf9
6LCr4,https://made.example.invalid/e08-05/14-7181?utm_source=share&ref=l8bzfu8s
6LCr5,https://made.example.invalid/e08-05/5-7182?utm_source=share&ref=kt2krh5o
6LCr6,https://made.example.invalid/e08-05/18-7183?utm_source=share&ref=k8mzbl3i
6LCr7,https://made.example.invalid/e08-05/13-7184?utm_source=share&ref=9scym4k6
6LCr8,https://made.example.invalid/e08-05/6-7185?utm_source=share&ref=acvhr2ro
6LCr9,https://made.example.invalid/e08-05/23-7186?utm_source=share&ref=03ra7kra
6LCra,https://made.example.invalid/e08-05/4-7187?utm_source=share&ref=ofiakix4
6LCrb,https://made.example.invalid/e08-05/20-7188?utm_source=share&ref=d0b62ihv
6LCrc,https://made.example.invalid/e08-05/9-7189?utm_source=share&ref=q3z53590
6LCrd,https://made.example.invalid/e08-05/19-7190?utm_source=share&ref=oxk94ifi
6LCre,https://made.example.invalid/e08-05/14-7191?utm_source=share&ref=5n1hag3i
6LCrf,https://made.example.invalid/e08-05/5-7192?utm_source=share&ref=t3nq8oyp
6LCrg,https://made.example.invalid/e08-05/18-7193?utm_source=share&ref=5eljorqn
6LCrh,https://made.example.invalid/e08-05/13-7194?utm_source=share&ref=pkzb8epq
6LCri,https://made.example.invalid/e08-05/6-7195?utm_source=share&ref=icwo87dg
6LCrj,https://made.example.invalid/e08-05/23-7196?utm_source=share&ref=pxnkw83r
6LCrk,https://made.example.invalid/e08-05/4-7197?utm_source=share&ref=h6wpoa9u
6LCrl,https://made.example.invalid/e08-05/20-7198?utm_source=share&ref=nb35mj0h
6LCrm,https://made.example.invalid/e08-05/9-7199?utm_source=share&ref=qwcpp8ln
5cUaj,https://news.example.invalid/articles/2026/10/story-76957519?utm_source=share&utm_medium=link&ref=sfp-seed
65Olg,https://news.example.invalid/articles/2026/10/story-90043174?utm_source=share&utm_medium=link&ref=sfp-seed
1mnWC,https://news.example.invalid/articles/2026/10/story-20111598?utm_source=share&utm_medium=link&ref=sfp-seed
4CzPE,https://news.example.invalid/articles/2026/10/story-68299550?utm_source=share&utm_medium=link&ref=sfp-seed
3PXoA,https://news.example.invalid/articles/2026/10/story-56712056?utm_source=share&utm_medium=link&ref=sfp-seed
37QOn,https://news.example.invalid/articles/2026/10/story-46200315?utm_source=share&utm_medium=link&ref=sfp-seed
4bLwi,https://news.example.invalid/articles/2026/10/story-61909622?utm_source=share&utm_medium=link&ref=sfp-seed
589KB,https://news.example.invalid/articles/2026/10/story-75825789?utm_source=share&utm_medium=link&ref=sfp-seed
1wn6z,https://news.example.invalid/articles/2026/10/story-22491651?utm_source=share&utm_medium=link&ref=sfp-seed
58IeH,https://news.example.invalid/articles/2026/10/story-75958351?utm_source=share&utm_medium=link&ref=sfp-seed
6m2Q6,https://news.example.invalid/articles/2026/10/story-93912150?utm_source=share&utm_medium=link&ref=sfp-seed
ai9C,https://news.example.invalid/articles/2026/10/story-2453068?utm_source=share&utm_medium=link&ref=sfp-seed
1mRw4,https://news.example.invalid/articles/2026/10/story-20225272?utm_source=share&utm_medium=link&ref=sfp-seed
6mqZE,https://news.example.invalid/articles/2026/10/story-94004998?utm_source=share&utm_medium=link&ref=sfp-seed
2bA3r,https://news.example.invalid/articles/2026/10/story-32312877?utm_source=share&utm_medium=link&ref=sfp-seed
1zohP,https://news.example.invalid/articles/2026/10/story-23211177?utm_source=share&utm_medium=link&ref=sfp-seed
AslM,https://news.example.invalid/articles/2026/10/story-8688790?utm_source=share&utm_medium=link&ref=sfp-seed
Q4Pf,https://news.example.invalid/articles/2026/10/story-12411609?utm_source=share&utm_medium=link&ref=sfp-seed
4Yjqd,https://news.example.invalid/articles/2026/10/story-73479685?utm_source=share&utm_medium=link&ref=sfp-seed
38qAV,https://news.example.invalid/articles/2026/10/story-46337865?utm_source=share&utm_medium=link&ref=sfp-seed
2jXKb,https://news.example.invalid/articles/2026/10/story-34310563?utm_source=share&utm_medium=link&ref=sfp-seed
45Lxo,https://news.example.invalid/articles/2026/10/story-60479722?utm_source=share&utm_medium=link&ref=sfp-seed
3Zgwt,https://news.example.invalid/articles/2026/10/story-58930533?utm_source=share&utm_medium=link&ref=sfp-seed
1IqlT,https://news.example.invalid/articles/2026/10/story-25364069?utm_source=share&utm_medium=link&ref=sfp-seed
4KeIN,https://news.example.invalid/articles/2026/10/story-70125025?utm_source=share&utm_medium=link&ref=sfp-seed
6I48,https://news.example.invalid/articles/2026/10/story-1599360?utm_source=share&utm_medium=link&ref=sfp-seed
LbnO,https://news.example.invalid/articles/2026/10/story-11245176?utm_source=share&utm_medium=link&ref=sfp-seed
3jHyG,https://news.example.invalid/articles/2026/10/story-49024682?utm_source=share&utm_medium=link&ref=sfp-seed
5Hkd2,https://news.example.invalid/articles/2026/10/story-84207472?utm_source=share&utm_medium=link&ref=sfp-seed
6kWg1,https://news.example.invalid/articles/2026/10/story-93648521?utm_source=share&utm_medium=link&ref=sfp-seed
22w1A,https://news.example.invalid/articles/2026/10/story-30152434?utm_source=share&utm_medium=link&ref=sfp-seed
tORS,https://news.example.invalid/articles/2026/10/story-7107052?utm_source=share&utm_medium=link&ref=sfp-seed
5SiqK,https://news.example.invalid/articles/2026/10/story-86822242?utm_source=share&utm_medium=link&ref=sfp-seed
5mw6m,https://news.example.invalid/articles/2026/10/story-79248298?utm_source=share&utm_medium=link&ref=sfp-seed
14RKr,https://news.example.invalid/articles/2026/10/story-15936259?utm_source=share&utm_medium=link&ref=sfp-seed
2KLLE,https://news.example.invalid/articles/2026/10/story-40699382?utm_source=share&utm_medium=link&ref=sfp-seed
6cea1,https://news.example.invalid/articles/2026/10/story-91572389?utm_source=share&utm_medium=link&ref=sfp-seed
48fbf,https://news.example.invalid/articles/2026/10/story-61070325?utm_source=share&utm_medium=link&ref=sfp-seed
3mjay,https://news.example.invalid/articles/2026/10/story-49645914?utm_source=share&utm_medium=link&ref=sfp-seed
4pMyW,https://news.example.invalid/articles/2026/10/story-65250222?utm_source=share&utm_medium=link&ref=sfp-seed
4YnmV,https://news.example.invalid/articles/2026/10/story-73494857?utm_source=share&utm_medium=link&ref=sfp-seed
1GGk2,https://news.example.invalid/articles/2026/10/story-24948802?utm_source=share&utm_medium=link&ref=sfp-seed
3ELDn,https://news.example.invalid/articles/2026/10/story-54045237?utm_source=share&utm_medium=link&ref=sfp-seed
4Lcwv,https://news.example.invalid/articles/2026/10/story-70354903?utm_source=share&utm_medium=link&ref=sfp-seed
2w15r,https://news.example.invalid/articles/2026/10/story-37183349?utm_source=share&utm_medium=link&ref=sfp-seed
19o2m,https://news.example.invalid/articles/2026/10/story-17013690?utm_source=share&utm_medium=link&ref=sfp-seed
5dvCq,https://news.example.invalid/articles/2026/10/story-77101490?utm_source=share&utm_medium=link&ref=sfp-seed
29xFo,https://news.example.invalid/articles/2026/10/story-31827042?utm_source=share&utm_medium=link&ref=sfp-seed
5MGnw,https://news.example.invalid/articles/2026/10/story-85484330?utm_source=share&utm_medium=link&ref=sfp-seed
5D2qp,https://news.example.invalid/articles/2026/10/story-83185797?utm_source=share&utm_medium=link&ref=sfp-seed
1aXHT,https://news.example.invalid/articles/2026/10/story-17389133?utm_source=share&utm_medium=link&ref=sfp-seed
1m5Rq,https://news.example.invalid/articles/2026/10/story-20042084?utm_source=share&utm_medium=link&ref=sfp-seed
124on,https://news.example.invalid/articles/2026/10/story-15269879?utm_source=share&utm_medium=link&ref=sfp-seed
2xw5l,https://news.example.invalid/articles/2026/10/story-37540835?utm_source=share&utm_medium=link&ref=sfp-seed
4rjkx,https://news.example.invalid/articles/2026/10/story-65614509?utm_source=share&utm_medium=link&ref=sfp-seed
48IRl,https://news.example.invalid/articles/2026/10/story-61184411?utm_source=share&utm_medium=link&ref=sfp-seed
3GnVZ,https://news.example.invalid/articles/2026/10/story-54430791?utm_source=share&utm_medium=link&ref=sfp-seed
WFiS,https://news.example.invalid/articles/2026/10/story-13981798?utm_source=share&utm_medium=link&ref=sfp-seed
6j6cZ,https://news.example.invalid/articles/2026/10/story-93210117?utm_source=share&utm_medium=link&ref=sfp-seed
2D7nR,https://news.example.invalid/articles/2026/10/story-38875851?utm_source=share&utm_medium=link&ref=sfp-seed
J48d,https://news.example.invalid/articles/2026/10/story-10740645?utm_source=share&utm_medium=link&ref=sfp-seed
25Mz5,https://news.example.invalid/articles/2026/10/story-30930999?utm_source=share&utm_medium=link&ref=sfp-seed
6Klaq,https://news.example.invalid/articles/2026/10/story-99702474?utm_source=share&utm_medium=link&ref=sfp-seed
5lE7W,https://news.example.invalid/articles/2026/10/story-79040820?utm_source=share&utm_medium=link&ref=sfp-seed
2d7iX,https://news.example.invalid/articles/2026/10/story-32679019?utm_source=share&utm_medium=link&ref=sfp-seed
1mmik,https://news.example.invalid/articles/2026/10/story-20105256?utm_source=share&utm_medium=link&ref=sfp-seed
1l4k2,https://news.example.invalid/articles/2026/10/story-19797842?utm_source=share&utm_medium=link&ref=sfp-seed
8oxf,https://news.example.invalid/articles/2026/10/story-2000941?utm_source=share&utm_medium=link&ref=sfp-seed
3FlTz,https://news.example.invalid/articles/2026/10/story-54184625?utm_source=share&utm_medium=link&ref=sfp-seed
4gOot,https://news.example.invalid/articles/2026/10/story-63112309?utm_source=share&utm_medium=link&ref=sfp-seed
1Ai8n,https://news.example.invalid/articles/2026/10/story-23425855?utm_source=share&utm_medium=link&ref=sfp-seed
IeFO,https://news.example.invalid/articles/2026/10/story-10542840?utm_source=share&utm_medium=link&ref=sfp-seed
4vjax,https://news.example.invalid/articles/2026/10/story-66567201?utm_source=share&utm_medium=link&ref=sfp-seed
4w5mz,https://news.example.invalid/articles/2026/10/story-66752459?utm_source=share&utm_medium=link&ref=sfp-seed
1qgUE,https://news.example.invalid/articles/2026/10/story-21037880?utm_source=share&utm_medium=link&ref=sfp-seed
CCc6,https://news.example.invalid/articles/2026/10/story-9203286?utm_source=share&utm_medium=link&ref=sfp-seed
wDU,https://news.example.invalid/articles/2026/10/story-125482?utm_source=share&utm_medium=link&ref=sfp-seed
3TNdw,https://news.example.invalid/articles/2026/10/story-57626242?utm_source=share&utm_medium=link&ref=sfp-seed
3pyXX,https://news.example.invalid/articles/2026/10/story-50421621?utm_source=share&utm_medium=link&ref=sfp-seed
mvii,https://news.example.invalid/articles/2026/10/story-5363514?utm_source=share&utm_medium=link&ref=sfp-seed
4eHCH,https://news.example.invalid/articles/2026/10/story-62609627?utm_source=share&utm_medium=link&ref=sfp-seed
3iyWk,https://news.example.invalid/articles/2026/10/story-48753224?utm_source=share&utm_medium=link&ref=sfp-seed
scni,https://news.example.invalid/articles/2026/10/story-6720756?utm_source=share&utm_medium=link&ref=sfp-seed
4DH0y,https://news.example.invalid/articles/2026/10/story-68565462?utm_source=share&utm_medium=link&ref=sfp-seed
6JWOe,https://news.example.invalid/articles/2026/10/story-99608842?utm_source=share&utm_medium=link&ref=sfp-seed
2tOIK,https://news.example.invalid/articles/2026/10/story-36659158?utm_source=share&utm_medium=link&ref=sfp-seed
3OyMf,https://news.example.invalid/articles/2026/10/story-56379095?utm_source=share&utm_medium=link&ref=sfp-seed
5WOAf,https://news.example.invalid/articles/2026/10/story-87899151?utm_source=share&utm_medium=link&ref=sfp-seed
3cmAO,https://news.example.invalid/articles/2026/10/story-47275794?utm_source=share&utm_medium=link&ref=sfp-seed
66FWf,https://news.example.invalid/articles/2026/10/story-90249199?utm_source=share&utm_medium=link&ref=sfp-seed
dzy6,https://news.example.invalid/articles/2026/10/story-3234918?utm_source=share&utm_medium=link&ref=sfp-seed
2AMf4,https://news.example.invalid/articles/2026/10/story-38317926?utm_source=share&utm_medium=link&ref=sfp-seed
2KeNi,https://news.example.invalid/articles/2026/10/story-40572632?utm_source=share&utm_medium=link&ref=sfp-seed
32ITV,https://news.example.invalid/articles/2026/10/story-44978267?utm_source=share&utm_medium=link&ref=sfp-seed
59Orh,https://news.example.invalid/articles/2026/10/story-76220523?utm_source=share&utm_medium=link&ref=sfp-seed
67OJ2,https://news.example.invalid/articles/2026/10/story-90521304?utm_source=share&utm_medium=link&ref=sfp-seed
2rZ34,https://news.example.invalid/articles/2026/10/story-36222202?utm_source=share&utm_medium=link&ref=sfp-seed
2d3JS,https://news.example.invalid/articles/2026/10/story-32665312?utm_source=share&utm_medium=link&ref=sfp-seed
6hlPm,https://news.example.invalid/articles/2026/10/story-92793500?utm_source=share&utm_medium=link&ref=sfp-seed
3GOf,https://news.example.invalid/articles/2026/10/story-879547?utm_source=share&utm_medium=link&ref=sfp-seed
ymxI,https://news.example.invalid/articles/2026/10/story-8189810?utm_source=share&utm_medium=link&ref=sfp-seed
5HmX1,https://news.example.invalid/articles/2026/10/story-84218011?utm_source=share&utm_medium=link&ref=sfp-seed
1Qf2S,https://news.example.invalid/articles/2026/10/story-27227230?utm_source=share&utm_medium=link&ref=sfp-seed
23eO5,https://news.example.invalid/articles/2026/10/story-30324577?utm_source=share&utm_medium=link&ref=sfp-seed
HKSX,https://news.example.invalid/articles/2026/10/story-10428335?utm_source=share&utm_medium=link&ref=sfp-seed
4khIl,https://news.example.invalid/articles/2026/10/story-63940001?utm_source=share&utm_medium=link&ref=sfp-seed
3H1Tl,https://news.example.invalid/articles/2026/10/story-54584387?utm_source=share&utm_medium=link&ref=sfp-seed
4hSWV,https://news.example.invalid/articles/2026/10/story-63368149?utm_source=share&utm_medium=link&ref=sfp-seed
2ZceJ,https://news.example.invalid/articles/2026/10/story-44137721?utm_source=share&utm_medium=link&ref=sfp-seed
5azF4,https://news.example.invalid/articles/2026/10/story-76402046?utm_source=share&utm_medium=link&ref=sfp-seed
5qPBx,https://news.example.invalid/articles/2026/10/story-80276579?utm_source=share&utm_medium=link&ref=sfp-seed
2eiid,https://news.example.invalid/articles/2026/10/story-32959585?utm_source=share&utm_medium=link&ref=sfp-seed
3mdc0,https://news.example.invalid/articles/2026/10/story-49622940?utm_source=share&utm_medium=link&ref=sfp-seed
1ixg8,https://news.example.invalid/articles/2026/10/story-19194092?utm_source=share&utm_medium=link&ref=sfp-seed
1NaFw,https://news.example.invalid/articles/2026/10/story-26495422?utm_source=share&utm_medium=link&ref=sfp-seed
6LvbW,https://news.example.invalid/articles/2026/10/story-99979336?utm_source=share&utm_medium=link&ref=sfp-seed
3Fflc,https://news.example.invalid/articles/2026/10/story-54159430?utm_source=share&utm_medium=link&ref=sfp-seed
llYQ,https://news.example.invalid/articles/2026/10/story-5089384?utm_source=share&utm_medium=link&ref=sfp-seed
6yup8,https://news.example.invalid/articles/2026/10/story-96878046?utm_source=share&utm_medium=link&ref=sfp-seed
23TTu,https://news.example.invalid/articles/2026/10/story-30482516?utm_source=share&utm_medium=link&ref=sfp-seed
1PUkX,https://news.example.invalid/articles/2026/10/story-27147627?utm_source=share&utm_medium=link&ref=sfp-seed
62IMX,https://news.example.invalid/articles/2026/10/story-89306843?utm_source=share&utm_medium=link&ref=sfp-seed
6zc9T,https://news.example.invalid/articles/2026/10/story-97046237?utm_source=share&utm_medium=link&ref=sfp-seed
hYOV,https://news.example.invalid/articles/2026/10/story-4285373?utm_source=share&utm_medium=link&ref=sfp-seed
6glFF,https://news.example.invalid/articles/2026/10/story-92554571?utm_source=share&utm_medium=link&ref=sfp-seed
6no6P,https://news.example.invalid/articles/2026/10/story-94232239?utm_source=share&utm_medium=link&ref=sfp-seed
4W0O9,https://news.example.invalid/articles/2026/10/story-72931477?utm_source=share&utm_medium=link&ref=sfp-seed
6yPFd,https://news.example.invalid/articles/2026/10/story-96959767?utm_source=share&utm_medium=link&ref=sfp-seed
2OygH,https://news.example.invalid/articles/2026/10/story-41600803?utm_source=share&utm_medium=link&ref=sfp-seed
5FZOs,https://news.example.invalid/articles/2026/10/story-83890740?utm_source=share&utm_medium=link&ref=sfp-seed
6o5qJ,https://news.example.invalid/articles/2026/10/story-94398765?utm_source=share&utm_medium=link&ref=sfp-seed
1mHPF,https://news.example.invalid/articles/2026/10/story-20188047?utm_source=share&utm_medium=link&ref=sfp-seed
2jOXh,https://news.example.invalid/articles/2026/10/story-34276779?utm_source=share&utm_medium=link&ref=sfp-seed
3q9pH,https://news.example.invalid/articles/2026/10/story-50561725?utm_source=share&utm_medium=link&ref=sfp-seed
6DOUc,https://news.example.invalid/articles/2026/10/story-98148492?utm_source=share&utm_medium=link&ref=sfp-seed
6BnWB,https://news.example.invalid/articles/2026/10/story-97568197?utm_source=share&utm_medium=link&ref=sfp-seed
43NKB,https://news.example.invalid/articles/2026/10/story-60011573?utm_source=share&utm_medium=link&ref=sfp-seed
2vebF,https://news.example.invalid/articles/2026/10/story-36995379?utm_source=share&utm_medium=link&ref=sfp-seed
2Exqt,https://news.example.invalid/articles/2026/10/story-39214285?utm_source=share&utm_medium=link&ref=sfp-seed
1QMUu,https://news.example.invalid/articles/2026/10/story-27357406?utm_source=share&utm_medium=link&ref=sfp-seed
4KJJm,https://news.example.invalid/articles/2026/10/story-70244224?utm_source=share&utm_medium=link&ref=sfp-seed
3XslL,https://news.example.invalid/articles/2026/10/story-58499341?utm_source=share&utm_medium=link&ref=sfp-seed
4B2eE,https://news.example.invalid/articles/2026/10/story-67932076?utm_source=share&utm_medium=link&ref=sfp-seed
39GEJ,https://news.example.invalid/articles/2026/10/story-46637933?utm_source=share&utm_medium=link&ref=sfp-seed
2LgCd,https://news.example.invalid/articles/2026/10/story-40817961?utm_source=share&utm_medium=link&ref=sfp-seed
4biRT,https://news.example.invalid/articles/2026/10/story-61799485?utm_source=share&utm_medium=link&ref=sfp-seed
r8CJ,https://news.example.invalid/articles/2026/10/story-6468009?utm_source=share&utm_medium=link&ref=sfp-seed
3tO83,https://news.example.invalid/articles/2026/10/story-51433219?utm_source=share&utm_medium=link&ref=sfp-seed
678U4,https://news.example.invalid/articles/2026/10/story-90360540?utm_source=share&utm_medium=link&ref=sfp-seed
4EopZ,https://news.example.invalid/articles/2026/10/story-68732331?utm_source=share&utm_medium=link&ref=sfp-seed
2QuZG,https://news.example.invalid/articles/2026/10/story-42064872?utm_source=share&utm_medium=link&ref=sfp-seed
5dTh8,https://news.example.invalid/articles/2026/10/story-77192426?utm_source=share&utm_medium=link&ref=sfp-seed
4qNmZ,https://news.example.invalid/articles/2026/10/story-65491653?utm_source=share&utm_medium=link&ref=sfp-seed
tJuq,https://news.example.invalid/articles/2026/10/story-7086378?utm_source=share&utm_medium=link&ref=sfp-seed
55aw0,https://news.example.invalid/articles/2026/10/story-75113744?utm_source=share&utm_medium=link&ref=sfp-seed
6hIQF,https://news.example.invalid/articles/2026/10/story-92881993?utm_source=share&utm_medium=link&ref=sfp-seed
4ltMj,https://news.example.invalid/articles/2026/10/story-64224703?utm_source=share&utm_medium=link&ref=sfp-seed
1jhaC,https://news.example.invalid/articles/2026/10/story-19370574?utm_source=share&utm_medium=link&ref=sfp-seed
ndOh,https://news.example.invalid/articles/2026/10/story-5534633?utm_source=share&utm_medium=link&ref=sfp-seed
sAc1,https://news.example.invalid/articles/2026/10/story-6812313?utm_source=share&utm_medium=link&ref=sfp-seed
3i3EN,https://news.example.invalid/articles/2026/10/story-48632973?utm_source=share&utm_medium=link&ref=sfp-seed
36Fmm,https://news.example.invalid/articles/2026/10/story-45917966?utm_source=share&utm_medium=link&ref=sfp-seed
27xsY,https://news.example.invalid/articles/2026/10/story-31349616?utm_source=share&utm_medium=link&ref=sfp-seed
5hWgm,https://news.example.invalid/articles/2026/10/story-78157222?utm_source=share&utm_medium=link&ref=sfp-seed
2DNbb,https://news.example.invalid/articles/2026/10/story-39036513?utm_source=share&utm_medium=link&ref=sfp-seed
45E5f,https://news.example.invalid/articles/2026/10/story-60451069?utm_source=share&utm_medium=link&ref=sfp-seed
AePa,https://news.example.invalid/articles/2026/10/story-8636796?utm_source=share&utm_medium=link&ref=sfp-seed
353Tm,https://news.example.invalid/articles/2026/10/story-45535612?utm_source=share&utm_medium=link&ref=sfp-seed
29SaB,https://news.example.invalid/articles/2026/10/story-31905857?utm_source=share&utm_medium=link&ref=sfp-seed
51WaZ,https://news.example.invalid/articles/2026/10/story-74343641?utm_source=share&utm_medium=link&ref=sfp-seed
3yNHM,https://news.example.invalid/articles/2026/10/story-52623230?utm_source=share&utm_medium=link&ref=sfp-seed
3oPPV,https://news.example.invalid/articles/2026/10/story-50248143?utm_source=share&utm_medium=link&ref=sfp-seed
5YDl3,https://news.example.invalid/articles/2026/10/story-88332581?utm_source=share&utm_medium=link&ref=sfp-seed
1HDKW,https://news.example.invalid/articles/2026/10/story-25177266?utm_source=share&utm_medium=link&ref=sfp-seed
4GQYJ,https://news.example.invalid/articles/2026/10/story-69318773?utm_source=share&utm_medium=link&ref=sfp-seed
6alvm,https://news.example.invalid/articles/2026/10/story-91123964?utm_source=share&utm_medium=link&ref=sfp-seed
5OjOq,https://news.example.invalid/articles/2026/10/story-85874242?utm_source=share&utm_medium=link&ref=sfp-seed
2X6Ed,https://news.example.invalid/articles/2026/10/story-43639581?utm_source=share&utm_medium=link&ref=sfp-seed
2UElA,https://news.example.invalid/articles/2026/10/story-43054138?utm_source=share&utm_medium=link&ref=sfp-seed
2XNkG,https://news.example.invalid/articles/2026/10/story-43803662?utm_source=share&utm_medium=link&ref=sfp-seed
19FjB,https://news.example.invalid/articles/2026/10/story-17080107?utm_source=share&utm_medium=link&ref=sfp-seed
2CKHF,https://news.example.invalid/articles/2026/10/story-38788667?utm_source=share&utm_medium=link&ref=sfp-seed
24u3P,https://news.example.invalid/articles/2026/10/story-30621541?utm_source=share&utm_medium=link&ref=sfp-seed
4Z6ip,https://news.example.invalid/articles/2026/10/story-73667557?utm_source=share&utm_medium=link&ref=sfp-seed
21ome,https://news.example.invalid/articles/2026/10/story-29884634?utm_source=share&utm_medium=link&ref=sfp-seed
1Qc5t,https://news.example.invalid/articles/2026/10/story-27215859?utm_source=share&utm_medium=link&ref=sfp-seed
4zAVd,https://news.example.invalid/articles/2026/10/story-67588755?utm_source=share&utm_medium=link&ref=sfp-seed
2UHBB,https://news.example.invalid/articles/2026/10/story-43066663?utm_source=share&utm_medium=link&ref=sfp-seed
2yJh2,https://news.example.invalid/articles/2026/10/story-37829860?utm_source=share&utm_medium=link&ref=sfp-seed
3fKQr,https://news.example.invalid/articles/2026/10/story-48084003?utm_source=share&utm_medium=link&ref=sfp-seed
3ugb4,https://news.example.invalid/articles/2026/10/story-51541038?utm_source=share&utm_medium=link&ref=sfp-seed
2L97Q,https://news.example.invalid/articles/2026/10/story-40789170?utm_source=share&utm_medium=link&ref=sfp-seed
1Th8f,https://news.example.invalid/articles/2026/10/story-27950235?utm_source=share&utm_medium=link&ref=sfp-seed
3FJQ4,https://news.example.invalid/articles/2026/10/story-54276664?utm_source=share&utm_medium=link&ref=sfp-seed
2ZhPt,https://news.example.invalid/articles/2026/10/story-44159219?utm_source=share&utm_medium=link&ref=sfp-seed
1OcyF,https://news.example.invalid/articles/2026/10/story-26741013?utm_source=share&utm_medium=link&ref=sfp-seed
3jqJo,https://news.example.invalid/articles/2026/10/story-48959998?utm_source=share&utm_medium=link&ref=sfp-seed
bZdD,https://news.example.invalid/articles/2026/10/story-2856937?utm_source=share&utm_medium=link&ref=sfp-seed
6tpla,https://news.example.invalid/articles/2026/10/story-95666940?utm_source=share&utm_medium=link&ref=sfp-seed
5AaGe,https://news.example.invalid/articles/2026/10/story-82502546?utm_source=share&utm_medium=link&ref=sfp-seed
28Hdq,https://news.example.invalid/articles/2026/10/story-31625420?utm_source=share&utm_medium=link&ref=sfp-seed
4KSxl,https://news.example.invalid/articles/2026/10/story-70278075?utm_source=share&utm_medium=link&ref=sfp-seed
35XGF,https://news.example.invalid/articles/2026/10/story-45750089?utm_source=share&utm_medium=link&ref=sfp-seed
2DSIT,https://news.example.invalid/articles/2026/10/story-39057823?utm_source=share&utm_medium=link&ref=sfp-seed
1718S,https://news.example.invalid/articles/2026/10/story-16449026?utm_source=share&utm_medium=link&ref=sfp-seed
8Gr,https://news.example.invalid/articles/2026/10/story-33383?utm_source=share&utm_medium=link&ref=sfp-seed
PE55,https://news.example.invalid/articles/2026/10/story-12308803?utm_source=share&utm_medium=link&ref=sfp-seed
2oCbD,https://news.example.invalid/articles/2026/10/story-35419337?utm_source=share&utm_medium=link&ref=sfp-seed
5FIek,https://news.example.invalid/articles/2026/10/story-83823152?utm_source=share&utm_medium=link&ref=sfp-seed
6rOp4,https://news.example.invalid/articles/2026/10/story-95286626?utm_source=share&utm_medium=link&ref=sfp-seed
14Oxd,https://news.example.invalid/articles/2026/10/story-15923907?utm_source=share&utm_medium=link&ref=sfp-seed
1gzRX,https://news.example.invalid/articles/2026/10/story-18727469?utm_source=share&utm_medium=link&ref=sfp-seed
2Qc3U,https://news.example.invalid/articles/2026/10/story-41992098?utm_source=share&utm_medium=link&ref=sfp-seed
3frB9,https://news.example.invalid/articles/2026/10/story-48010019?utm_source=share&utm_medium=link&ref=sfp-seed
4mYAv,https://news.example.invalid/articles/2026/10/story-64581463?utm_source=share&utm_medium=link&ref=sfp-seed
4naB8,https://news.example.invalid/articles/2026/10/story-64627630?utm_source=share&utm_medium=link&ref=sfp-seed
2j6Cj,https://news.example.invalid/articles/2026/10/story-34106343?utm_source=share&utm_medium=link&ref=sfp-seed
1h5CN,https://news.example.invalid/articles/2026/10/story-18849537?utm_source=share&utm_medium=link&ref=sfp-seed
1VgzB,https://news.example.invalid/articles/2026/10/story-28424743?utm_source=share&utm_medium=link&ref=sfp-seed
5xfwj,https://news.example.invalid/articles/2026/10/story-81806167?utm_source=share&utm_medium=link&ref=sfp-seed
1e2Kp,https://news.example.invalid/articles/2026/10/story-18123493?utm_source=share&utm_medium=link&ref=sfp-seed
6n7PA,https://news.example.invalid/articles/2026/10/story-94169666?utm_source=share&utm_medium=link&ref=sfp-seed
1fdLk,https://news.example.invalid/articles/2026/10/story-18404162?utm_source=share&utm_medium=link&ref=sfp-seed
2C4Xc,https://news.example.invalid/articles/2026/10/story-38628182?utm_source=share&utm_medium=link&ref=sfp-seed
1FXfd,https://news.example.invalid/articles/2026/10/story-24775523?utm_source=share&utm_medium=link&ref=sfp-seed
5q0z7,https://news.example.invalid/articles/2026/10/story-80080385?utm_source=share&utm_medium=link&ref=sfp-seed
2I5tM,https://news.example.invalid/articles/2026/10/story-40060170?utm_source=share&utm_medium=link&ref=sfp-seed
1ABNR,https://news.example.invalid/articles/2026/10/story-23501463?utm_source=share&utm_medium=link&ref=sfp-seed
4ZcSR,https://news.example.invalid/articles/2026/10/story-73692881?utm_source=share&utm_medium=link&ref=sfp-seed
23Gxz,https://news.example.invalid/articles/2026/10/story-30431185?utm_source=share&utm_medium=link&ref=sfp-seed
69xcH,https://news.example.invalid/articles/2026/10/story-90930607?utm_source=share&utm_medium=link&ref=sfp-seed
5rFKd,https://news.example.invalid/articles/2026/10/story-80477005?utm_source=share&utm_medium=link&ref=sfp-seed
6ChLM,https://news.example.invalid/articles/2026/10/story-97782790?utm_source=share&utm_medium=link&ref=sfp-seed
6AQBU,https://news.example.invalid/articles/2026/10/story-97440062?utm_source=share&utm_medium=link&ref=sfp-seed
aDrl,https://news.example.invalid/articles/2026/10/story-2534891?utm_source=share&utm_medium=link&ref=sfp-seed
5P7GG,https://news.example.invalid/articles/2026/10/story-86065962?utm_source=share&utm_medium=link&ref=sfp-seed
2YQqx,https://news.example.invalid/articles/2026/10/story-44053885?utm_source=share&utm_medium=link&ref=sfp-seed
3PnLN,https://news.example.invalid/articles/2026/10/story-56575111?utm_source=share&utm_medium=link&ref=sfp-seed
6h5Ug,https://news.example.invalid/articles/2026/10/story-92732300?utm_source=share&utm_medium=link&ref=sfp-seed
4xwju,https://news.example.invalid/articles/2026/10/story-67094384?utm_source=share&utm_medium=link&ref=sfp-seed
1KsUv,https://news.example.invalid/articles/2026/10/story-25850559?utm_source=share&utm_medium=link&ref=sfp-seed
1biMH,https://news.example.invalid/articles/2026/10/story-17470155?utm_source=share&utm_medium=link&ref=sfp-seed
3vABa,https://news.example.invalid/articles/2026/10/story-51857864?utm_source=share&utm_medium=link&ref=sfp-seed
uJW5,https://news.example.invalid/articles/2026/10/story-7326421?utm_source=share&utm_medium=link&ref=sfp-seed
62uLZ,https://news.example.invalid/articles/2026/10/story-89252967?utm_source=share&utm_medium=link&ref=sfp-seed
2iPNt,https://news.example.invalid/articles/2026/10/story-34041687?utm_source=share&utm_medium=link&ref=sfp-seed
5YuuL,https://news.example.invalid/articles/2026/10/story-88298587?utm_source=share&utm_medium=link&ref=sfp-seed
3ZeEi,https://news.example.invalid/articles/2026/10/story-58923330?utm_source=share&utm_medium=link&ref=sfp-seed
5j5IS,https://news.example.invalid/articles/2026/10/story-78431914?utm_source=share&utm_medium=link&ref=sfp-seed
2fvcv,https://news.example.invalid/articles/2026/10/story-33247531?utm_source=share&utm_medium=link&ref=sfp-seed
1Fn7E,https://news.example.invalid/articles/2026/10/story-24636670?utm_source=share&utm_medium=link&ref=sfp-seed
2i5LG,https://news.example.invalid/articles/2026/10/story-33864752?utm_source=share&utm_medium=link&ref=sfp-seed
2Htrs,https://news.example.invalid/articles/2026/10/story-39913954?utm_source=share&utm_medium=link&ref=sfp-seed
6iCNo,https://news.example.invalid/articles/2026/10/story-93097054?utm_source=share&utm_medium=link&ref=sfp-seed
4IWeT,https://news.example.invalid/articles/2026/10/story-69815651?utm_source=share&utm_medium=link&ref=sfp-seed
6jtAC,https://news.example.invalid/articles/2026/10/story-93299994?utm_source=share&utm_medium=link&ref=sfp-seed
2QGmt,https://news.example.invalid/articles/2026/10/story-42108569?utm_source=share&utm_medium=link&ref=sfp-seed
4n34,https://news.example.invalid/articles/2026/10/story-1041914?utm_source=share&utm_medium=link&ref=sfp-seed
3lC0T,https://news.example.invalid/articles/2026/10/story-49480023?utm_source=share&utm_medium=link&ref=sfp-seed
4N2A5,https://news.example.invalid/articles/2026/10/story-70793341?utm_source=share&utm_medium=link&ref=sfp-seed
164eX,https://news.example.invalid/articles/2026/10/story-16222607?utm_source=share&utm_medium=link&ref=sfp-seed
3T1zJ,https://news.example.invalid/articles/2026/10/story-57443107?utm_source=share&utm_medium=link&ref=sfp-seed
5EM8f,https://news.example.invalid/articles/2026/10/story-83599823?utm_source=share&utm_medium=link&ref=sfp-seed
2YJzU,https://news.example.invalid/articles/2026/10/story-44027558?utm_source=share&utm_medium=link&ref=sfp-seed
4tGVq,https://news.example.invalid/articles/2026/10/story-66181864?utm_source=share&utm_medium=link&ref=sfp-seed
P2xV,https://news.example.invalid/articles/2026/10/story-12164519?utm_source=share&utm_medium=link&ref=sfp-seed
3vdm8,https://news.example.invalid/articles/2026/10/story-51768520?utm_source=share&utm_medium=link&ref=sfp-seed
1xM1E,https://news.example.invalid/articles/2026/10/story-22825774?utm_source=share&utm_medium=link&ref=sfp-seed
2eQT8,https://news.example.invalid/articles/2026/10/story-33092570?utm_source=share&utm_medium=link&ref=sfp-seed
3xFIg,https://news.example.invalid/articles/2026/10/story-52354180?utm_source=share&utm_medium=link&ref=sfp-seed
2MSA9,https://news.example.invalid/articles/2026/10/story-41202233?utm_source=share&utm_medium=link&ref=sfp-seed
3t1Le,https://news.example.invalid/articles/2026/10/story-51247292?utm_source=share&utm_medium=link&ref=sfp-seed
5H1DC,https://news.example.invalid/articles/2026/10/story-84136084?utm_source=share&utm_medium=link&ref=sfp-seed
3Dl0L,https://news.example.invalid/articles/2026/10/story-53704571?utm_source=share&utm_medium=link&ref=sfp-seed
1xgLi,https://news.example.invalid/articles/2026/10/story-22705596?utm_source=share&utm_medium=link&ref=sfp-seed
oq7a,https://news.example.invalid/articles/2026/10/story-5820260?utm_source=share&utm_medium=link&ref=sfp-seed
4Y8jt,https://news.example.invalid/articles/2026/10/story-73436983?utm_source=share&utm_medium=link&ref=sfp-seed
r6OM,https://news.example.invalid/articles/2026/10/story-6461068?utm_source=share&utm_medium=link&ref=sfp-seed
52JiH,https://news.example.invalid/articles/2026/10/story-74532475?utm_source=share&utm_medium=link&ref=sfp-seed
44lw0,https://news.example.invalid/articles/2026/10/story-60141364?utm_source=share&utm_medium=link&ref=sfp-seed
15VbW,https://news.example.invalid/articles/2026/10/story-16187824?utm_source=share&utm_medium=link&ref=sfp-seed
4j6E1,https://news.example.invalid/articles/2026/10/story-63659121?utm_source=share&utm_medium=link&ref=sfp-seed
4LFBH,https://news.example.invalid/articles/2026/10/story-70466701?utm_source=share&utm_medium=link&ref=sfp-seed
2ocn9,https://news.example.invalid/articles/2026/10/story-35320107?utm_source=share&utm_medium=link&ref=sfp-seed
5qBGm,https://news.example.invalid/articles/2026/10/story-80223062?utm_source=share&utm_medium=link&ref=sfp-seed
1DIxg,https://news.example.invalid/articles/2026/10/story-24242326?utm_source=share&utm_medium=link&ref=sfp-seed
RYhk,https://news.example.invalid/articles/2026/10/story-12863098?utm_source=share&utm_medium=link&ref=sfp-seed
3VWoH,https://news.example.invalid/articles/2026/10/story-58138187?utm_source=share&utm_medium=link&ref=sfp-seed
2WLdT,https://news.example.invalid/articles/2026/10/story-43557225?utm_source=share&utm_medium=link&ref=sfp-seed
2UsNk,https://news.example.invalid/articles/2026/10/story-43009730?utm_source=share&utm_medium=link&ref=sfp-seed
2UZbo,https://news.example.invalid/articles/2026/10/story-43134230?utm_source=share&utm_medium=link&ref=sfp-seed
11Pzi,https://news.example.invalid/articles/2026/10/story-15212896?utm_source=share&utm_medium=link&ref=sfp-seed
5wvFa,https://news.example.invalid/articles/2026/10/story-81629892?utm_source=share&utm_medium=link&ref=sfp-seed
1nq4L,https://news.example.invalid/articles/2026/10/story-20358119?utm_source=share&utm_medium=link&ref=sfp-seed
4njfl,https://news.example.invalid/articles/2026/10/story-64660875?utm_source=share&utm_medium=link&ref=sfp-seed
2AurS,https://news.example.invalid/articles/2026/10/story-38249528?utm_source=share&utm_medium=link&ref=sfp-seed
2FWyY,https://news.example.invalid/articles/2026/10/story-39549240?utm_source=share&utm_medium=link&ref=sfp-seed
3ubgS,https://news.example.invalid/articles/2026/10/story-51522178?utm_source=share&utm_medium=link&ref=sfp-seed
3AYTx,https://news.example.invalid/articles/2026/10/story-53142899?utm_source=share&utm_medium=link&ref=sfp-seed
3kTV1,https://news.example.invalid/articles/2026/10/story-49310523?utm_source=share&utm_medium=link&ref=sfp-seed
6vl6Q,https://news.example.invalid/articles/2026/10/story-96127332?utm_source=share&utm_medium=link&ref=sfp-seed
210yJ,https://news.example.invalid/articles/2026/10/story-29793153?utm_source=share&utm_medium=link&ref=sfp-seed
1I4vE,https://news.example.invalid/articles/2026/10/story-25280106?utm_source=share&utm_medium=link&ref=sfp-seed
3RPED,https://news.example.invalid/articles/2026/10/story-57158955?utm_source=share&utm_medium=link&ref=sfp-seed
6IIvJ,https://news.example.invalid/articles/2026/10/story-99315551?utm_source=share&utm_medium=link&ref=sfp-seed
dkBj,https://news.example.invalid/articles/2026/10/story-3177457?utm_source=share&utm_medium=link&ref=sfp-seed
4QUae,https://news.example.invalid/articles/2026/10/story-71714298?utm_source=share&utm_medium=link&ref=sfp-seed
28zs4,https://news.example.invalid/articles/2026/10/story-31595576?utm_source=share&utm_medium=link&ref=sfp-seed
5gO96,https://news.example.invalid/articles/2026/10/story-77887692?utm_source=share&utm_medium=link&ref=sfp-seed
60kfb,https://news.example.invalid/articles/2026/10/story-88735837?utm_source=share&utm_medium=link&ref=sfp-seed
YaC9,https://news.example.invalid/articles/2026/10/story-14340485?utm_source=share&utm_medium=link&ref=sfp-seed
2DtBu,https://news.example.invalid/articles/2026/10/story-38961264?utm_source=share&utm_medium=link&ref=sfp-seed
4fjU4,https://news.example.invalid/articles/2026/10/story-62756776?utm_source=share&utm_medium=link&ref=sfp-seed
1eJ83,https://news.example.invalid/articles/2026/10/story-18286407?utm_source=share&utm_medium=link&ref=sfp-seed
2t3R5,https://news.example.invalid/articles/2026/10/story-36479007?utm_source=share&utm_medium=link&ref=sfp-seed
6Isw3,https://news.example.invalid/articles/2026/10/story-99254067?utm_source=share&utm_medium=link&ref=sfp-seed
3kQ2X,https://news.example.invalid/articles/2026/10/story-49295639?utm_source=share&utm_medium=link&ref=sfp-seed
2A5zg,https://news.example.invalid/articles/2026/10/story-38153886?utm_source=share&utm_medium=link&ref=sfp-seed
3RuHq,https://news.example.invalid/articles/2026/10/story-57078404?utm_source=share&utm_medium=link&ref=sfp-seed
25jjF,https://news.example.invalid/articles/2026/10/story-30818567?utm_source=share&utm_medium=link&ref=sfp-seed
swAp,https://news.example.invalid/articles/2026/10/story-6798449?utm_source=share&utm_medium=link&ref=sfp-seed
Fkkw,https://news.example.invalid/articles/2026/10/story-9849600?utm_source=share&utm_medium=link&ref=sfp-seed
1nP17,https://news.example.invalid/articles/2026/10/story-20453993?utm_source=share&utm_medium=link&ref=sfp-seed
1Xa6A,https://news.example.invalid/articles/2026/10/story-28876536?utm_source=share&utm_medium=link&ref=sfp-seed
1ShNM,https://news.example.invalid/articles/2026/10/story-27714482?utm_source=share&utm_medium=link&ref=sfp-seed
43XAu,https://news.example.invalid/articles/2026/10/story-60049386?utm_source=share&utm_medium=link&ref=sfp-seed
59ZPm,https://news.example.invalid/articles/2026/10/story-76264300?utm_source=share&utm_medium=link&ref=sfp-seed
5eccj,https://news.example.invalid/articles/2026/10/story-77265163?utm_source=share&utm_medium=link&ref=sfp-seed
5XcEC,https://news.example.invalid/articles/2026/10/story-87991678?utm_source=share&utm_medium=link&ref=sfp-seed
1KzdF,https://news.example.invalid/articles/2026/10/story-25874811?utm_source=share&utm_medium=link&ref=sfp-seed
4Wb2V,https://news.example.invalid/articles/2026/10/story-72970833?utm_source=share&utm_medium=link&ref=sfp-seed
1Ssx9,https://news.example.invalid/articles/2026/10/story-27755735?utm_source=share&utm_medium=link&ref=sfp-seed
5WR3t,https://news.example.invalid/articles/2026/10/story-87908651?utm_source=share&utm_medium=link&ref=sfp-seed
ruy4,https://news.example.invalid/articles/2026/10/story-6552288?utm_source=share&utm_medium=link&ref=sfp-seed
fMAl,https://news.example.invalid/articles/2026/10/story-3761685?utm_source=share&utm_medium=link&ref=sfp-seed
13SFN,https://news.example.invalid/articles/2026/10/story-15701487?utm_source=share&utm_medium=link&ref=sfp-seed
4KyS1,https://news.example.invalid/articles/2026/10/story-70202477?utm_source=share&utm_medium=link&ref=sfp-seed
437oC,https://news.example.invalid/articles/2026/10/story-59848762?utm_source=share&utm_medium=link&ref=sfp-seed
29XtP,https://news.example.invalid/articles/2026/10/story-31926269?utm_source=share&utm_medium=link&ref=sfp-seed
3umek,https://news.example.invalid/articles/2026/10/story-51564304?utm_source=share&utm_medium=link&ref=sfp-seed
2qzHU,https://news.example.invalid/articles/2026/10/story-35886462?utm_source=share&utm_medium=link&ref=sfp-seed
33LOC,https://news.example.invalid/articles/2026/10/story-45227798?utm_source=share&utm_medium=link&ref=sfp-seed
6gVKH,https://news.example.invalid/articles/2026/10/story-92693267?utm_source=share&utm_medium=link&ref=sfp-seed
2xCbQ,https://news.example.invalid/articles/2026/10/story-37564302?utm_source=share&utm_medium=link&ref=sfp-seed
6vkKf,https://news.example.invalid/articles/2026/10/story-96125931?utm_source=share&utm_medium=link&ref=sfp-seed
61rVm,https://news.example.invalid/articles/2026/10/story-89003688?utm_source=share&utm_medium=link&ref=sfp-seed
1mCuo,https://news.example.invalid/articles/2026/10/story-20167508?utm_source=share&utm_medium=link&ref=sfp-seed
6yTOK,https://news.example.invalid/articles/2026/10/story-96975734?utm_source=share&utm_medium=link&ref=sfp-seed
1CtTu,https://news.example.invalid/articles/2026/10/story-23947716?utm_source=share&utm_medium=link&ref=sfp-seed
291nZ,https://news.example.invalid/articles/2026/10/story-31702955?utm_source=share&utm_medium=link&ref=sfp-seed
5TjTQ,https://news.example.invalid/articles/2026/10/story-87066218?utm_source=share&utm_medium=link&ref=sfp-seed
AtFU,https://news.example.invalid/articles/2026/10/story-8693882?utm_source=share&utm_medium=link&ref=sfp-seed
6CmhM,https://news.example.invalid/articles/2026/10/story-97800150?utm_source=share&utm_medium=link&ref=sfp-seed
15snt,https://news.example.invalid/articles/2026/10/story-16077063?utm_source=share&utm_medium=link&ref=sfp-seed
2qUtm,https://news.example.invalid/articles/2026/10/story-35966284?utm_source=share&utm_medium=link&ref=sfp-seed
4jLqW,https://news.example.invalid/articles/2026/10/story-63815914?utm_source=share&utm_medium=link&ref=sfp-seed
5BXhh,https://news.example.invalid/articles/2026/10/story-82927683?utm_source=share&utm_medium=link&ref=sfp-seed
2e21j,https://news.example.invalid/articles/2026/10/story-32897033?utm_source=share&utm_medium=link&ref=sfp-seed
QBg7,https://news.example.invalid/articles/2026/10/story-12536283?utm_source=share&utm_medium=link&ref=sfp-seed
68UMw,https://news.example.invalid/articles/2026/10/story-90782912?utm_source=share&utm_medium=link&ref=sfp-seed
5rolu,https://news.example.invalid/articles/2026/10/story-80410124?utm_source=share&utm_medium=link&ref=sfp-seed
2qgF9,https://news.example.invalid/articles/2026/10/story-35813255?utm_source=share&utm_medium=link&ref=sfp-seed
4UWSI,https://news.example.invalid/articles/2026/10/story-72678056?utm_source=share&utm_medium=link&ref=sfp-seed
3cvoN,https://news.example.invalid/articles/2026/10/story-47309645?utm_source=share&utm_medium=link&ref=sfp-seed
3Jee4,https://news.example.invalid/articles/2026/10/story-55108456?utm_source=share&utm_medium=link&ref=sfp-seed
3KUtm,https://news.example.invalid/articles/2026/10/story-55509180?utm_source=share&utm_medium=link&ref=sfp-seed
2L434,https://news.example.invalid/articles/2026/10/story-40769654?utm_source=share&utm_medium=link&ref=sfp-seed
5le7R,https://news.example.invalid/articles/2026/10/story-78940871?utm_source=share&utm_medium=link&ref=sfp-seed
2fYeK,https://news.example.invalid/articles/2026/10/story-33359146?utm_source=share&utm_medium=link&ref=sfp-seed
3KRWM,https://news.example.invalid/articles/2026/10/story-55499472?utm_source=share&utm_medium=link&ref=sfp-seed
1hPd3,https://news.example.invalid/articles/2026/10/story-19024765?utm_source=share&utm_medium=link&ref=sfp-seed
1vij,https://news.example.invalid/articles/2026/10/story-358627?utm_source=share&utm_medium=link&ref=sfp-seed
4Wvew,https://news.example.invalid/articles/2026/10/story-73048432?utm_source=share&utm_medium=link&ref=sfp-seed
15pLV,https://news.example.invalid/articles/2026/10/story-16067047?utm_source=share&utm_medium=link&ref=sfp-seed
3V7Lx,https://news.example.invalid/articles/2026/10/story-57943559?utm_source=share&utm_medium=link&ref=sfp-seed
1mY6C,https://news.example.invalid/articles/2026/10/story-20250602?utm_source=share&utm_medium=link&ref=sfp-seed
3ddq9,https://news.example.invalid/articles/2026/10/story-47478865?utm_source=share&utm_medium=link&ref=sfp-seed
4N267,https://news.example.invalid/articles/2026/10/story-70791483?utm_source=share&utm_medium=link&ref=sfp-seed
6JVfH,https://news.example.invalid/articles/2026/10/story-99602857?utm_source=share&utm_medium=link&ref=sfp-seed
1XPuo,https://news.example.invalid/articles/2026/10/story-29035616?utm_source=share&utm_medium=link&ref=sfp-seed
3c64J,https://news.example.invalid/articles/2026/10/story-47212301?utm_source=share&utm_medium=link&ref=sfp-seed
2j9Xo,https://news.example.invalid/articles/2026/10/story-34119182?utm_source=share&utm_medium=link&ref=sfp-seed
53zFH,https://news.example.invalid/articles/2026/10/story-74733789?utm_source=share&utm_medium=link&ref=sfp-seed
2RRgc,https://news.example.invalid/articles/2026/10/story-42388792?utm_source=share&utm_medium=link&ref=sfp-seed
3BIXK,https://news.example.invalid/articles/2026/10/story-53319984?utm_source=share&utm_medium=link&ref=sfp-seed
4YKox,https://news.example.invalid/articles/2026/10/story-73583369?utm_source=share&utm_medium=link&ref=sfp-seed
4FUqj,https://news.example.invalid/articles/2026/10/story-69093687?utm_source=share&utm_medium=link&ref=sfp-seed
14yXf,https://news.example.invalid/articles/2026/10/story-15864017?utm_source=share&utm_medium=link&ref=sfp-seed
4fiRU,https://news.example.invalid/articles/2026/10/story-62752798?utm_source=share&utm_medium=link&ref=sfp-seed
4fe8S,https://news.example.invalid/articles/2026/10/story-62734630?utm_source=share&utm_medium=link&ref=sfp-seed
1Eixh,https://news.example.invalid/articles/2026/10/story-24380711?utm_source=share&utm_medium=link&ref=sfp-seed
Jwvv,https://news.example.invalid/articles/2026/10/story-10849721?utm_source=share&utm_medium=link&ref=sfp-seed
4UKDH,https://news.example.invalid/articles/2026/10/story-72630997?utm_source=share&utm_medium=link&ref=sfp-seed
36oUG,https://news.example.invalid/articles/2026/10/story-45854746?utm_source=share&utm_medium=link&ref=sfp-seed
56txD,https://news.example.invalid/articles/2026/10/story-75425209?utm_source=share&utm_medium=link&ref=sfp-seed
xvOO,https://news.example.invalid/articles/2026/10/story-7987138?utm_source=share&utm_medium=link&ref=sfp-seed
3HwYw,https://news.example.invalid/articles/2026/10/story-54703872?utm_source=share&utm_medium=link&ref=sfp-seed
4q0v0,https://news.example.invalid/articles/2026/10/story-65303794?utm_source=share&utm_medium=link&ref=sfp-seed
5O2sm,https://news.example.invalid/articles/2026/10/story-85807526?utm_source=share&utm_medium=link&ref=sfp-seed
1TiWQ,https://news.example.invalid/articles/2026/10/story-27957216?utm_source=share&utm_medium=link&ref=sfp-seed
QszY,https://news.example.invalid/articles/2026/10/story-12502918?utm_source=share&utm_medium=link&ref=sfp-seed
5ThdV,https://news.example.invalid/articles/2026/10/story-87055931?utm_source=share&utm_medium=link&ref=sfp-seed
u8Va,https://news.example.invalid/articles/2026/10/story-7184136?utm_source=share&utm_medium=link&ref=sfp-seed
2iVYR,https://news.example.invalid/articles/2026/10/story-34065457?utm_source=share&utm_medium=link&ref=sfp-seed
4dm9O,https://news.example.invalid/articles/2026/10/story-62288784?utm_source=share&utm_medium=link&ref=sfp-seed
1B9Q8,https://news.example.invalid/articles/2026/10/story-23632300?utm_source=share&utm_medium=link&ref=sfp-seed
28nl3,https://news.example.invalid/articles/2026/10/story-31549013?utm_source=share&utm_medium=link&ref=sfp-seed
66fP,https://news.example.invalid/articles/2026/10/story-1454013?utm_source=share&utm_medium=link&ref=sfp-seed
4MzZ9,https://news.example.invalid/articles/2026/10/story-70683419?utm_source=share&utm_medium=link&ref=sfp-seed
2ZYs5,https://news.example.invalid/articles/2026/10/story-44323061?utm_source=share&utm_medium=link&ref=sfp-seed
6v30o,https://news.example.invalid/articles/2026/10/story-96057740?utm_source=share&utm_medium=link&ref=sfp-seed
DPCo,https://news.example.invalid/articles/2026/10/story-9493216?utm_source=share&utm_medium=link&ref=sfp-seed
1ew7C,https://news.example.invalid/articles/2026/10/story-18236408?utm_source=share&utm_medium=link&ref=sfp-seed
4UwYl,https://news.example.invalid/articles/2026/10/story-72578461?utm_source=share&utm_medium=link&ref=sfp-seed
5hTs3,https://news.example.invalid/articles/2026/10/story-78146415?utm_source=share&utm_medium=link&ref=sfp-seed
3PO9M,https://news.example.invalid/articles/2026/10/story-56676542?utm_source=share&utm_medium=link&ref=sfp-seed
2iJvO,https://news.example.invalid/articles/2026/10/story-34017528?utm_source=share&utm_medium=link&ref=sfp-seed
3UZgY,https://news.example.invalid/articles/2026/10/story-57910912?utm_source=share&utm_medium=link&ref=sfp-seed
3EZf7,https://news.example.invalid/articles/2026/10/story-54097549?utm_source=share&utm_medium=link&ref=sfp-seed
5r8Fj,https://news.example.invalid/articles/2026/10/story-80349849?utm_source=share&utm_medium=link&ref=sfp-seed
4XvtI,https://news.example.invalid/articles/2026/10/story-73287702?utm_source=share&utm_medium=link&ref=sfp-seed
6t4Ve,https://news.example.invalid/articles/2026/10/story-95588452?utm_source=share&utm_medium=link&ref=sfp-seed
22t3S,https://news.example.invalid/articles/2026/10/story-30141044?utm_source=share&utm_medium=link&ref=sfp-seed
44T09,https://news.example.invalid/articles/2026/10/story-60270085?utm_source=share&utm_medium=link&ref=sfp-seed
2JR8X,https://news.example.invalid/articles/2026/10/story-40481719?utm_source=share&utm_medium=link&ref=sfp-seed
2V3sL,https://news.example.invalid/articles/2026/10/story-43150683?utm_source=share&utm_medium=link&ref=sfp-seed
1yl78,https://news.example.invalid/articles/2026/10/story-22960654?utm_source=share&utm_medium=link&ref=sfp-seed
5BPMC,https://news.example.invalid/articles/2026/10/story-82898874?utm_source=share&utm_medium=link&ref=sfp-seed
3XAZE,https://news.example.invalid/articles/2026/10/story-58532566?utm_source=share&utm_medium=link&ref=sfp-seed
2N6q9,https://news.example.invalid/articles/2026/10/story-41255429?utm_source=share&utm_medium=link&ref=sfp-seed
5AKPL,https://news.example.invalid/articles/2026/10/story-82641521?utm_source=share&utm_medium=link&ref=sfp-seed
3zbLc,https://news.example.invalid/articles/2026/10/story-52715698?utm_source=share&utm_medium=link&ref=sfp-seed
5Hvg4,https://news.example.invalid/articles/2026/10/story-84249944?utm_source=share&utm_medium=link&ref=sfp-seed
3yING,https://news.example.invalid/articles/2026/10/story-52604376?utm_source=share&utm_medium=link&ref=sfp-seed
1Tuyv,https://news.example.invalid/articles/2026/10/story-28001835?utm_source=share&utm_medium=link&ref=sfp-seed
5jEvg,https://news.example.invalid/articles/2026/10/story-78565610?utm_source=share&utm_medium=link&ref=sfp-seed
3MICD,https://news.example.invalid/articles/2026/10/story-55940283?utm_source=share&utm_medium=link&ref=sfp-seed
5RZHD,https://news.example.invalid/articles/2026/10/story-86750253?utm_source=share&utm_medium=link&ref=sfp-seed
6ikMs,https://news.example.invalid/articles/2026/10/story-93027804?utm_source=share&utm_medium=link&ref=sfp-seed
5xNWY,https://news.example.invalid/articles/2026/10/story-81938516?utm_source=share&utm_medium=link&ref=sfp-seed
5EREA,https://news.example.invalid/articles/2026/10/story-83621048?utm_source=share&utm_medium=link&ref=sfp-seed
59Vt9,https://news.example.invalid/articles/2026/10/story-76247547?utm_source=share&utm_medium=link&ref=sfp-seed
1D7EE,https://news.example.invalid/articles/2026/10/story-24100556?utm_source=share&utm_medium=link&ref=sfp-seed
4ezIr,https://news.example.invalid/articles/2026/10/story-62579231?utm_source=share&utm_medium=link&ref=sfp-seed
3NSVG,https://news.example.invalid/articles/2026/10/story-56218232?utm_source=share&utm_medium=link&ref=sfp-seed
4qypz,https://news.example.invalid/articles/2026/10/story-65434153?utm_source=share&utm_medium=link&ref=sfp-seed
342i7,https://news.example.invalid/articles/2026/10/story-45291131?utm_source=share&utm_medium=link&ref=sfp-seed
1YeRT,https://news.example.invalid/articles/2026/10/story-29133173?utm_source=share&utm_medium=link&ref=sfp-seed
6hqiK,https://news.example.invalid/articles/2026/10/story-92810698?utm_source=share&utm_medium=link&ref=sfp-seed
1Z7Zw,https://news.example.invalid/articles/2026/10/story-29345066?utm_source=share&utm_medium=link&ref=sfp-seed
3Txur,https://news.example.invalid/articles/2026/10/story-57565787?utm_source=share&utm_medium=link&ref=sfp-seed
6Hogf,https://news.example.invalid/articles/2026/10/story-98999383?utm_source=share&utm_medium=link&ref=sfp-seed
4N6q,https://news.example.invalid/articles/2026/10/story-1142066?utm_source=share&utm_medium=link&ref=sfp-seed
tNDM,https://news.example.invalid/articles/2026/10/story-7102334?utm_source=share&utm_medium=link&ref=sfp-seed
4Ot1u,https://news.example.invalid/articles/2026/10/story-71133312?utm_source=share&utm_medium=link&ref=sfp-seed
2VyFE,https://news.example.invalid/articles/2026/10/story-43270646?utm_source=share&utm_medium=link&ref=sfp-seed
SS3X,https://news.example.invalid/articles/2026/10/story-13077533?utm_source=share&utm_medium=link&ref=sfp-seed
2plEH,https://news.example.invalid/articles/2026/10/story-35594119?utm_source=share&utm_medium=link&ref=sfp-seed
5FF84,https://news.example.invalid/articles/2026/10/story-83811232?utm_source=share&utm_medium=link&ref=sfp-seed
3vMbk,https://news.example.invalid/articles/2026/10/story-51902390?utm_source=share&utm_medium=link&ref=sfp-seed
11WNl,https://news.example.invalid/articles/2026/10/story-15240675?utm_source=share&utm_medium=link&ref=sfp-seed
1bRPV,https://news.example.invalid/articles/2026/10/story-17604895?utm_source=share&utm_medium=link&ref=sfp-seed
1JPhv,https://news.example.invalid/articles/2026/10/story-25698225?utm_source=share&utm_medium=link&ref=sfp-seed
cwis,https://news.example.invalid/articles/2026/10/story-2984088?utm_source=share&utm_medium=link&ref=sfp-seed
3vAiu,https://news.example.invalid/articles/2026/10/story-51856706?utm_source=share&utm_medium=link&ref=sfp-seed
3RLDl,https://news.example.invalid/articles/2026/10/story-57143499?utm_source=share&utm_medium=link&ref=sfp-seed
42KR5,https://news.example.invalid/articles/2026/10/story-59762115?utm_source=share&utm_medium=link&ref=sfp-seed
5DOy0,https://news.example.invalid/articles/2026/10/story-83370780?utm_source=share&utm_medium=link&ref=sfp-seed
24KgQ,https://news.example.invalid/articles/2026/10/story-30683852?utm_source=share&utm_medium=link&ref=sfp-seed
4RbOO,https://news.example.invalid/articles/2026/10/story-71782162?utm_source=share&utm_medium=link&ref=sfp-seed
4FZ0P,https://news.example.invalid/articles/2026/10/story-69111327?utm_source=share&utm_medium=link&ref=sfp-seed
23tbW,https://news.example.invalid/articles/2026/10/story-30379872?utm_source=share&utm_medium=link&ref=sfp-seed
24L9c,https://news.example.invalid/articles/2026/10/story-30687222?utm_source=share&utm_medium=link&ref=sfp-seed
3mz1l,https://news.example.invalid/articles/2026/10/story-49706847?utm_source=share&utm_medium=link&ref=sfp-seed
1Fq75,https://news.example.invalid/articles/2026/10/story-24648167?utm_source=share&utm_medium=link&ref=sfp-seed
Yagi,https://news.example.invalid/articles/2026/10/story-14339130?utm_source=share&utm_medium=link&ref=sfp-seed
5XYlB,https://news.example.invalid/articles/2026/10/story-88175011?utm_source=share&utm_medium=link&ref=sfp-seed
5gKHE,https://news.example.invalid/articles/2026/10/story-77874458?utm_source=share&utm_medium=link&ref=sfp-seed
rlIn,https://news.example.invalid/articles/2026/10/story-6518331?utm_source=share&utm_medium=link&ref=sfp-seed
5AWRy,https://news.example.invalid/articles/2026/10/story-82687760?utm_source=share&utm_medium=link&ref=sfp-seed
3K0X4,https://news.example.invalid/articles/2026/10/story-55295758?utm_source=share&utm_medium=link&ref=sfp-seed
1uSv6,https://news.example.invalid/articles/2026/10/story-22135680?utm_source=share&utm_medium=link&ref=sfp-seed
17w0f,https://news.example.invalid/articles/2026/10/story-16567655?utm_source=share&utm_medium=link&ref=sfp-seed
32dWf,https://news.example.invalid/articles/2026/10/story-44859247?utm_source=share&utm_medium=link&ref=sfp-seed
4Bza6,https://news.example.invalid/articles/2026/10/story-68058646?utm_source=share&utm_medium=link&ref=sfp-seed
6fGki,https://news.example.invalid/articles/2026/10/story-92395642?utm_source=share&utm_medium=link&ref=sfp-seed
63K2H,https://news.example.invalid/articles/2026/10/story-89549991?utm_source=share&utm_medium=link&ref=sfp-seed
4girA,https://news.example.invalid/articles/2026/10/story-62989494?utm_source=share&utm_medium=link&ref=sfp-seed
1Rj0q,https://news.example.invalid/articles/2026/10/story-27480782?utm_source=share&utm_medium=link&ref=sfp-seed
1xoRp,https://news.example.invalid/articles/2026/10/story-22736727?utm_source=share&utm_medium=link&ref=sfp-seed
L3a2,https://news.example.invalid/articles/2026/10/story-11213570?utm_source=share&utm_medium=link&ref=sfp-seed
32feO,https://news.example.invalid/articles/2026/10/story-44864242?utm_source=share&utm_medium=link&ref=sfp-seed
5C2Ir,https://news.example.invalid/articles/2026/10/story-82948587?utm_source=share&utm_medium=link&ref=sfp-seed
2mj7r,https://news.example.invalid/articles/2026/10/story-34869385?utm_source=share&utm_medium=link&ref=sfp-seed
5Ct54,https://news.example.invalid/articles/2026/10/story-83049934?utm_source=share&utm_medium=link&ref=sfp-seed
4fpEd,https://news.example.invalid/articles/2026/10/story-62778857?utm_source=share&utm_medium=link&ref=sfp-seed
1NKwZ,https://news.example.invalid/articles/2026/10/story-26633277?utm_source=share&utm_medium=link&ref=sfp-seed
4Vt4J,https://news.example.invalid/articles/2026/10/story-72801809?utm_source=share&utm_medium=link&ref=sfp-seed
uolU,https://news.example.invalid/articles/2026/10/story-7243454?utm_source=share&utm_medium=link&ref=sfp-seed
lvTM,https://news.example.invalid/articles/2026/10/story-5127510?utm_source=share&utm_medium=link&ref=sfp-seed
5SwvU,https://news.example.invalid/articles/2026/10/story-86876378?utm_source=share&utm_medium=link&ref=sfp-seed
2SfGL,https://news.example.invalid/articles/2026/10/story-42482695?utm_source=share&utm_medium=link&ref=sfp-seed
5UsV2,https://news.example.invalid/articles/2026/10/story-87339216?utm_source=share&utm_medium=link&ref=sfp-seed
1cciV,https://news.example.invalid/articles/2026/10/story-17683573?utm_source=share&utm_medium=link&ref=sfp-seed
4rFQk,https://news.example.invalid/articles/2026/10/story-65701048?utm_source=share&utm_medium=link&ref=sfp-seed
5qV11,https://news.example.invalid/articles/2026/10/story-80297379?utm_source=share&utm_medium=link&ref=sfp-seed
5NsTw,https://news.example.invalid/articles/2026/10/story-85670826?utm_source=share&utm_medium=link&ref=sfp-seed
2bzzA,https://news.example.invalid/articles/2026/10/story-32311026?utm_source=share&utm_medium=link&ref=sfp-seed
1xaYb,https://news.example.invalid/articles/2026/10/story-22683331?utm_source=share&utm_medium=link&ref=sfp-seed
1wy5o,https://news.example.invalid/articles/2026/10/story-22533862?utm_source=share&utm_medium=link&ref=sfp-seed
3vkO2,https://news.example.invalid/articles/2026/10/story-51797158?utm_source=share&utm_medium=link&ref=sfp-seed
2MHmw,https://news.example.invalid/articles/2026/10/story-41159104?utm_source=share&utm_medium=link&ref=sfp-seed
4Eht1,https://news.example.invalid/articles/2026/10/story-68705611?utm_source=share&utm_medium=link&ref=sfp-seed
1zSiJ,https://news.example.invalid/articles/2026/10/story-23326553?utm_source=share&utm_medium=link&ref=sfp-seed
2ihP9,https://news.example.invalid/articles/2026/10/story-33911095?utm_source=share&utm_medium=link&ref=sfp-seed
3WYAD,https://news.example.invalid/articles/2026/10/story-58384943?utm_source=share&utm_medium=link&ref=sfp-seed
N2Rk,https://news.example.invalid/articles/2026/10/story-11689066?utm_source=share&utm_medium=link&ref=sfp-seed
3DBkk,https://news.example.invalid/articles/2026/10/story-53767288?utm_source=share&utm_medium=link&ref=sfp-seed
4qbbX,https://news.example.invalid/articles/2026/10/story-65344897?utm_source=share&utm_medium=link&ref=sfp-seed
5cJVi,https://news.example.invalid/articles/2026/10/story-76918148?utm_source=share&utm_medium=link&ref=sfp-seed
4a4GN,https://news.example.invalid/articles/2026/10/story-61506653?utm_source=share&utm_medium=link&ref=sfp-seed
2FAzF,https://news.example.invalid/articles/2026/10/story-39464715?utm_source=share&utm_medium=link&ref=sfp-seed
4yjI7,https://news.example.invalid/articles/2026/10/story-67284267?utm_source=share&utm_medium=link&ref=sfp-seed
2iOTI,https://news.example.invalid/articles/2026/10/story-34038230?utm_source=share&utm_medium=link&ref=sfp-seed
3JvSI,https://news.example.invalid/articles/2026/10/story-55176324?utm_source=share&utm_medium=link&ref=sfp-seed
3wlma,https://news.example.invalid/articles/2026/10/story-52037602?utm_source=share&utm_medium=link&ref=sfp-seed
4KYmx,https://news.example.invalid/articles/2026/10/story-70300469?utm_source=share&utm_medium=link&ref=sfp-seed
2tXhS,https://news.example.invalid/articles/2026/10/story-36692088?utm_source=share&utm_medium=link&ref=sfp-seed
58Dnc,https://news.example.invalid/articles/2026/10/story-75939658?utm_source=share&utm_medium=link&ref=sfp-seed
15Ee8,https://news.example.invalid/articles/2026/10/story-16122612?utm_source=share&utm_medium=link&ref=sfp-seed
6hdNc,https://news.example.invalid/articles/2026/10/story-92762614?utm_source=share&utm_medium=link&ref=sfp-seed
J2S1,https://news.example.invalid/articles/2026/10/story-10735797?utm_source=share&utm_medium=link&ref=sfp-seed
5yp4J,https://news.example.invalid/articles/2026/10/story-82081225?utm_source=share&utm_medium=link&ref=sfp-seed
3A2Cv,https://news.example.invalid/articles/2026/10/story-52918891?utm_source=share&utm_medium=link&ref=sfp-seed
kyrE,https://news.example.invalid/articles/2026/10/story-4898970?utm_source=share&utm_medium=link&ref=sfp-seed
1Cgn8,https://news.example.invalid/articles/2026/10/story-23895738?utm_source=share&utm_medium=link&ref=sfp-seed
15qy6,https://news.example.invalid/articles/2026/10/story-16070034?utm_source=share&utm_medium=link&ref=sfp-seed
5Njd4,https://news.example.invalid/articles/2026/10/story-85633598?utm_source=share&utm_medium=link&ref=sfp-seed
45Pho,https://news.example.invalid/articles/2026/10/story-60494106?utm_source=share&utm_medium=link&ref=sfp-seed
BPYZ,https://news.example.invalid/articles/2026/10/story-9017961?utm_source=share&utm_medium=link&ref=sfp-seed
5HCzO,https://news.example.invalid/articles/2026/10/story-84278076?utm_source=share&utm_medium=link&ref=sfp-seed
11bx0,https://news.example.invalid/articles/2026/10/story-15058994?utm_source=share&utm_medium=link&ref=sfp-seed
5grn4,https://news.example.invalid/articles/2026/10/story-77800146?utm_source=share&utm_medium=link&ref=sfp-seed
4BnIG,https://news.example.invalid/articles/2026/10/story-68014662?utm_source=share&utm_medium=link&ref=sfp-seed
1QWMf,https://news.example.invalid/articles/2026/10/story-27395335?utm_source=share&utm_medium=link&ref=sfp-seed
2NL06,https://news.example.invalid/articles/2026/10/story-41411418?utm_source=share&utm_medium=link&ref=sfp-seed
2VU9N,https://news.example.invalid/articles/2026/10/story-43353239?utm_source=share&utm_medium=link&ref=sfp-seed
3ZG4s,https://news.example.invalid/articles/2026/10/story-59028740?utm_source=share&utm_medium=link&ref=sfp-seed
2Gr5v,https://news.example.invalid/articles/2026/10/story-39666577?utm_source=share&utm_medium=link&ref=sfp-seed
3AfT5,https://news.example.invalid/articles/2026/10/story-52969891?utm_source=share&utm_medium=link&ref=sfp-seed
48WLw,https://news.example.invalid/articles/2026/10/story-61237866?utm_source=share&utm_medium=link&ref=sfp-seed
32Yho,https://news.example.invalid/articles/2026/10/story-45037382?utm_source=share&utm_medium=link&ref=sfp-seed
1ROeJ,https://news.example.invalid/articles/2026/10/story-27600833?utm_source=share&utm_medium=link&ref=sfp-seed
3oFOj,https://news.example.invalid/articles/2026/10/story-50209603?utm_source=share&utm_medium=link&ref=sfp-seed
57FId,https://news.example.invalid/articles/2026/10/story-75710321?utm_source=share&utm_medium=link&ref=sfp-seed
2sOO2,https://news.example.invalid/articles/2026/10/story-36421158?utm_source=share&utm_medium=link&ref=sfp-seed
3CpO8,https://news.example.invalid/articles/2026/10/story-53484680?utm_source=share&utm_medium=link&ref=sfp-seed
5jLTt,https://news.example.invalid/articles/2026/10/story-78594019?utm_source=share&utm_medium=link&ref=sfp-seed
3UThA,https://news.example.invalid/articles/2026/10/story-57887886?utm_source=share&utm_medium=link&ref=sfp-seed
52lun,https://news.example.invalid/articles/2026/10/story-74440943?utm_source=share&utm_medium=link&ref=sfp-seed
5wUt2,https://news.example.invalid/articles/2026/10/story-81725240?utm_source=share&utm_medium=link&ref=sfp-seed
2fhkH,https://news.example.invalid/articles/2026/10/story-33194223?utm_source=share&utm_medium=link&ref=sfp-seed
3k8ZE,https://news.example.invalid/articles/2026/10/story-49130142?utm_source=share&utm_medium=link&ref=sfp-seed
Ved2,https://news.example.invalid/articles/2026/10/story-13639320?utm_source=share&utm_medium=link&ref=sfp-seed
McI8,https://news.example.invalid/articles/2026/10/story-11488608?utm_source=share&utm_medium=link&ref=sfp-seed
MSfN,https://news.example.invalid/articles/2026/10/story-11648299?utm_source=share&utm_medium=link&ref=sfp-seed
47AQf,https://news.example.invalid/articles/2026/10/story-60915263?utm_source=share&utm_medium=link&ref=sfp-seed
541GP,https://news.example.invalid/articles/2026/10/story-74841491?utm_source=share&utm_medium=link&ref=sfp-seed
3admf,https://news.example.invalid/articles/2026/10/story-46763639?utm_source=share&utm_medium=link&ref=sfp-seed
5KxR4,https://news.example.invalid/articles/2026/10/story-84974910?utm_source=share&utm_medium=link&ref=sfp-seed
5qvE3,https://news.example.invalid/articles/2026/10/story-80199855?utm_source=share&utm_medium=link&ref=sfp-seed
2lLCn,https://news.example.invalid/articles/2026/10/story-34740607?utm_source=share&utm_medium=link&ref=sfp-seed
59EXB,https://news.example.invalid/articles/2026/10/story-76184087?utm_source=share&utm_medium=link&ref=sfp-seed
4jBfY,https://news.example.invalid/articles/2026/10/story-63776794?utm_source=share&utm_medium=link&ref=sfp-seed
4fbcI,https://news.example.invalid/articles/2026/10/story-62723336?utm_source=share&utm_medium=link&ref=sfp-seed
5LB2Z,https://news.example.invalid/articles/2026/10/story-85225509?utm_source=share&utm_medium=link&ref=sfp-seed
3f9FT,https://news.example.invalid/articles/2026/10/story-47941121?utm_source=share&utm_medium=link&ref=sfp-seed
3GPtF,https://news.example.invalid/articles/2026/10/story-54536667?utm_source=share&utm_medium=link&ref=sfp-seed
4KYMN,https://news.example.invalid/articles/2026/10/story-70302097?utm_source=share&utm_medium=link&ref=sfp-seed
1iIWZ,https://news.example.invalid/articles/2026/10/story-19239033?utm_source=share&utm_medium=link&ref=sfp-seed
3MFrz,https://news.example.invalid/articles/2026/10/story-55928065?utm_source=share&utm_medium=link&ref=sfp-seed
2Lvds,https://news.example.invalid/articles/2026/10/story-40874086?utm_source=share&utm_medium=link&ref=sfp-seed
5k6tB,https://news.example.invalid/articles/2026/10/story-78673139?utm_source=share&utm_medium=link&ref=sfp-seed
5vE10,https://news.example.invalid/articles/2026/10/story-81423670?utm_source=share&utm_medium=link&ref=sfp-seed
5HfqL,https://news.example.invalid/articles/2026/10/story-84189103?utm_source=share&utm_medium=link&ref=sfp-seed
59XyK,https://news.example.invalid/articles/2026/10/story-76255582?utm_source=share&utm_medium=link&ref=sfp-seed
1LzJS,https://news.example.invalid/articles/2026/10/story-26115136?utm_source=share&utm_medium=link&ref=sfp-seed
66qkU,https://news.example.invalid/articles/2026/10/story-90189224?utm_source=share&utm_medium=link&ref=sfp-seed
8OTG,https://news.example.invalid/articles/2026/10/story-2102276?utm_source=share&utm_medium=link&ref=sfp-seed
4GtDJ,https://news.example.invalid/articles/2026/10/story-69229059?utm_source=share&utm_medium=link&ref=sfp-seed
j87d,https://news.example.invalid/articles/2026/10/story-4559431?utm_source=share&utm_medium=link&ref=sfp-seed
3DYoG,https://news.example.invalid/articles/2026/10/story-53855970?utm_source=share&utm_medium=link&ref=sfp-seed
13uOV,https://news.example.invalid/articles/2026/10/story-15609797?utm_source=share&utm_medium=link&ref=sfp-seed
63WEp,https://news.example.invalid/articles/2026/10/story-89598457?utm_source=share&utm_medium=link&ref=sfp-seed
3zNqm,https://news.example.invalid/articles/2026/10/story-52860478?utm_source=share&utm_medium=link&ref=sfp-seed
4V2co,https://news.example.invalid/articles/2026/10/story-72698496?utm_source=share&utm_medium=link&ref=sfp-seed
3ipeZ,https://news.example.invalid/articles/2026/10/story-48715941?utm_source=share&utm_medium=link&ref=sfp-seed
5mJfN,https://news.example.invalid/articles/2026/10/story-79298855?utm_source=share&utm_medium=link&ref=sfp-seed
2tcmj,https://news.example.invalid/articles/2026/10/story-36511695?utm_source=share&utm_medium=link&ref=sfp-seed
6Gfgp,https://news.example.invalid/articles/2026/10/story-98726469?utm_source=share&utm_medium=link&ref=sfp-seed
4SXGg,https://news.example.invalid/articles/2026/10/story-72204472?utm_source=share&utm_medium=link&ref=sfp-seed
3MXr5,https://news.example.invalid/articles/2026/10/story-55997227?utm_source=share&utm_medium=link&ref=sfp-seed
7npK,https://news.example.invalid/articles/2026/10/story-1758304?utm_source=share&utm_medium=link&ref=sfp-seed
3Ezvc,https://news.example.invalid/articles/2026/10/story-53998602?utm_source=share&utm_medium=link&ref=sfp-seed
2rs97,https://news.example.invalid/articles/2026/10/story-36095725?utm_source=share&utm_medium=link&ref=sfp-seed
1XVuL,https://news.example.invalid/articles/2026/10/story-29058703?utm_source=share&utm_medium=link&ref=sfp-seed
2Azt5,https://news.example.invalid/articles/2026/10/story-38268823?utm_source=share&utm_medium=link&ref=sfp-seed
2q5aL,https://news.example.invalid/articles/2026/10/story-35769087?utm_source=share&utm_medium=link&ref=sfp-seed
ZOcg,https://news.example.invalid/articles/2026/10/story-14730968?utm_source=share&utm_medium=link&ref=sfp-seed
4q5hN,https://news.example.invalid/articles/2026/10/story-65322195?utm_source=share&utm_medium=link&ref=sfp-seed
6jvBl,https://news.example.invalid/articles/2026/10/story-93307727?utm_source=share&utm_medium=link&ref=sfp-seed
3MmP6,https://news.example.invalid/articles/2026/10/story-55856488?utm_source=share&utm_medium=link&ref=sfp-seed
5c8G3,https://news.example.invalid/articles/2026/10/story-76774975?utm_source=share&utm_medium=link&ref=sfp-seed
555UG,https://news.example.invalid/articles/2026/10/story-75096054?utm_source=share&utm_medium=link&ref=sfp-seed
4GGTX,https://news.example.invalid/articles/2026/10/story-69280037?utm_source=share&utm_medium=link&ref=sfp-seed
1fW8D,https://news.example.invalid/articles/2026/10/story-18574743?utm_source=share&utm_medium=link&ref=sfp-seed
5vKuf,https://news.example.invalid/articles/2026/10/story-81448547?utm_source=share&utm_medium=link&ref=sfp-seed
4Y69A,https://news.example.invalid/articles/2026/10/story-73428682?utm_source=share&utm_medium=link&ref=sfp-seed
245xW,https://news.example.invalid/articles/2026/10/story-30527308?utm_source=share&utm_medium=link&ref=sfp-seed
2s7qq,https://news.example.invalid/articles/2026/10/story-36254402?utm_source=share&utm_medium=link&ref=sfp-seed
61FgO,https://news.example.invalid/articles/2026/10/story-89054990?utm_source=share&utm_medium=link&ref=sfp-seed
VEhY,https://news.example.invalid/articles/2026/10/story-13739570?utm_source=share&utm_medium=link&ref=sfp-seed
537CL,https://news.example.invalid/articles/2026/10/story-74625975?utm_source=share&utm_medium=link&ref=sfp-seed
1EaTd,https://news.example.invalid/articles/2026/10/story-24351319?utm_source=share&utm_medium=link&ref=sfp-seed
1vFiM,https://news.example.invalid/articles/2026/10/story-22323272?utm_source=share&utm_medium=link&ref=sfp-seed
4idM3,https://news.example.invalid/articles/2026/10/story-63448199?utm_source=share&utm_medium=link&ref=sfp-seed
1JF5B,https://news.example.invalid/articles/2026/10/story-25659047?utm_source=share&utm_medium=link&ref=sfp-seed
1S9Zw,https://news.example.invalid/articles/2026/10/story-27684458?utm_source=share&utm_medium=link&ref=sfp-seed
5JSSx,https://news.example.invalid/articles/2026/10/story-84817397?utm_source=share&utm_medium=link&ref=sfp-seed
3bd3f,https://news.example.invalid/articles/2026/10/story-47000789?utm_source=share&utm_medium=link&ref=sfp-seed
4Vzwe,https://news.example.invalid/articles/2026/10/story-72826578?utm_source=share&utm_medium=link&ref=sfp-seed
3CzZp,https://news.example.invalid/articles/2026/10/story-53523819?utm_source=share&utm_medium=link&ref=sfp-seed
6m8ir,https://news.example.invalid/articles/2026/10/story-93933127?utm_source=share&utm_medium=link&ref=sfp-seed
4eE8I,https://news.example.invalid/articles/2026/10/story-62596236?utm_source=share&utm_medium=link&ref=sfp-seed
6BUGg,https://news.example.invalid/articles/2026/10/story-97694036?utm_source=share&utm_medium=link&ref=sfp-seed
1T45E,https://news.example.invalid/articles/2026/10/story-27900102?utm_source=share&utm_medium=link&ref=sfp-seed
2WtYR,https://news.example.invalid/articles/2026/10/story-43490945?utm_source=share&utm_medium=link&ref=sfp-seed
50N6h,https://news.example.invalid/articles/2026/10/story-74070425?utm_source=share&utm_medium=link&ref=sfp-seed
2XoJr,https://news.example.invalid/articles/2026/10/story-43709097?utm_source=share&utm_medium=link&ref=sfp-seed
48BSl,https://news.example.invalid/articles/2026/10/story-61157565?utm_source=share&utm_medium=link&ref=sfp-seed
4Asgl,https://news.example.invalid/articles/2026/10/story-67793797?utm_source=share&utm_medium=link&ref=sfp-seed
5RzdX,https://news.example.invalid/articles/2026/10/story-86648469?utm_source=share&utm_medium=link&ref=sfp-seed
2coQN,https://news.example.invalid/articles/2026/10/story-32508137?utm_source=share&utm_medium=link&ref=sfp-seed
4KsJg,https://news.example.invalid/articles/2026/10/story-70178870?utm_source=share&utm_medium=link&ref=sfp-seed
260Nw,https://news.example.invalid/articles/2026/10/story-30985710?utm_source=share&utm_medium=link&ref=sfp-seed
5EqWY,https://news.example.invalid/articles/2026/10/story-83518400?utm_source=share&utm_medium=link&ref=sfp-seed
44awy,https://news.example.invalid/articles/2026/10/story-60099114?utm_source=share&utm_medium=link&ref=sfp-seed
1qgVh,https://news.example.invalid/articles/2026/10/story-21037919?utm_source=share&utm_medium=link&ref=sfp-seed
1piT5,https://news.example.invalid/articles/2026/10/story-20807143?utm_source=share&utm_medium=link&ref=sfp-seed
4BZrW,https://news.example.invalid/articles/2026/10/story-68159696?utm_source=share&utm_medium=link&ref=sfp-seed
5fxen,https://news.example.invalid/articles/2026/10/story-77584343?utm_source=share&utm_medium=link&ref=sfp-seed
1HRQP,https://news.example.invalid/articles/2026/10/story-25231447?utm_source=share&utm_medium=link&ref=sfp-seed
3QKD,https://news.example.invalid/articles/2026/10/story-917763?utm_source=share&utm_medium=link&ref=sfp-seed
2m38i,https://news.example.invalid/articles/2026/10/story-34807934?utm_source=share&utm_medium=link&ref=sfp-seed
5bVSx,https://news.example.invalid/articles/2026/10/story-76725777?utm_source=share&utm_medium=link&ref=sfp-seed
3sjau,https://news.example.invalid/articles/2026/10/story-51075878?utm_source=share&utm_medium=link&ref=sfp-seed
3BSuu,https://news.example.invalid/articles/2026/10/story-53356610?utm_source=share&utm_medium=link&ref=sfp-seed
4pYfS,https://news.example.invalid/articles/2026/10/story-65295168?utm_source=share&utm_medium=link&ref=sfp-seed
11ZWq,https://news.example.invalid/articles/2026/10/story-15252770?utm_source=share&utm_medium=link&ref=sfp-seed
2c84V,https://news.example.invalid/articles/2026/10/story-32443665?utm_source=share&utm_medium=link&ref=sfp-seed
2TUJi,https://news.example.invalid/articles/2026/10/story-42878784?utm_source=share&utm_medium=link&ref=sfp-seed
1zIx4,https://news.example.invalid/articles/2026/10/story-23289002?utm_source=share&utm_medium=link&ref=sfp-seed
59UnC,https://news.example.invalid/articles/2026/10/story-76243360?utm_source=share&utm_medium=link&ref=sfp-seed
4Q81A,https://news.example.invalid/articles/2026/10/story-71529250?utm_source=share&utm_medium=link&ref=sfp-seed
6zT7u,https://news.example.invalid/articles/2026/10/story-97211380?utm_source=share&utm_medium=link&ref=sfp-seed
6lvAu,https://news.example.invalid/articles/2026/10/story-93784330?utm_source=share&utm_medium=link&ref=sfp-seed
5xbeP,https://news.example.invalid/articles/2026/10/story-81789707?utm_source=share&utm_medium=link&ref=sfp-seed
cHEv,https://news.example.invalid/articles/2026/10/story-3027739?utm_source=share&utm_medium=link&ref=sfp-seed
3uUDB,https://news.example.invalid/articles/2026/10/story-51696567?utm_source=share&utm_medium=link&ref=sfp-seed
3x4KY,https://news.example.invalid/articles/2026/10/story-52212120?utm_source=share&utm_medium=link&ref=sfp-seed
3qVsT,https://news.example.invalid/articles/2026/10/story-50746435?utm_source=share&utm_medium=link&ref=sfp-seed
58Tt1,https://news.example.invalid/articles/2026/10/story-76001523?utm_source=share&utm_medium=link&ref=sfp-seed
4ETyr,https://news.example.invalid/articles/2026/10/story-68852019?utm_source=share&utm_medium=link&ref=sfp-seed
4XFf9,https://news.example.invalid/articles/2026/10/story-73325239?utm_source=share&utm_medium=link&ref=sfp-seed
1dUmM,https://news.example.invalid/articles/2026/10/story-18091276?utm_source=share&utm_medium=link&ref=sfp-seed
24yYm,https://news.example.invalid/articles/2026/10/story-30640422?utm_source=share&utm_medium=link&ref=sfp-seed
5mzk4,https://news.example.invalid/articles/2026/10/story-79260680?utm_source=share&utm_medium=link&ref=sfp-seed
15VDK,https://news.example.invalid/articles/2026/10/story-16189548?utm_source=share&utm_medium=link&ref=sfp-seed
JrLp,https://news.example.invalid/articles/2026/10/story-10831487?utm_source=share&utm_medium=link&ref=sfp-seed
2W69x,https://news.example.invalid/articles/2026/10/story-43399351?utm_source=share&utm_medium=link&ref=sfp-seed
37Qdp,https://news.example.invalid/articles/2026/10/story-46198023?utm_source=share&utm_medium=link&ref=sfp-seed
5RuXh,https://news.example.invalid/articles/2026/10/story-86632059?utm_source=share&utm_medium=link&ref=sfp-seed
2TLZZ,https://news.example.invalid/articles/2026/10/story-42845223?utm_source=share&utm_medium=link&ref=sfp-seed
2Dab7,https://news.example.invalid/articles/2026/10/story-38886593?utm_source=share&utm_medium=link&ref=sfp-seed
3Juz0,https://news.example.invalid/articles/2026/10/story-55171258?utm_source=share&utm_medium=link&ref=sfp-seed
kIH1,https://news.example.invalid/articles/2026/10/story-4938363?utm_source=share&utm_medium=link&ref=sfp-seed
2cOeS,https://news.example.invalid/articles/2026/10/story-32605730?utm_source=share&utm_medium=link&ref=sfp-seed
6wplJ,https://news.example.invalid/articles/2026/10/story-96381959?utm_source=share&utm_medium=link&ref=sfp-seed
lzLV,https://news.example.invalid/articles/2026/10/story-5142399?utm_source=share&utm_medium=link&ref=sfp-seed
29GIq,https://news.example.invalid/articles/2026/10/story-31861826?utm_source=share&utm_medium=link&ref=sfp-seed
2HMmJ,https://news.example.invalid/articles/2026/10/story-39986697?utm_source=share&utm_medium=link&ref=sfp-seed
1kEtL,https://news.example.invalid/articles/2026/10/story-19698501?utm_source=share&utm_medium=link&ref=sfp-seed
3VXV8,https://news.example.invalid/articles/2026/10/story-58144042?utm_source=share&utm_medium=link&ref=sfp-seed
3zHsp,https://news.example.invalid/articles/2026/10/story-52837541?utm_source=share&utm_medium=link&ref=sfp-seed
52uCM,https://news.example.invalid/articles/2026/10/story-74476060?utm_source=share&utm_medium=link&ref=sfp-seed
2oXOb,https://news.example.invalid/articles/2026/10/story-35502451?utm_source=share&utm_medium=link&ref=sfp-seed
5R2SI,https://news.example.invalid/articles/2026/10/story-86524144?utm_source=share&utm_medium=link&ref=sfp-seed
2Fw69,https://news.example.invalid/articles/2026/10/story-39447509?utm_source=share&utm_medium=link&ref=sfp-seed
5rezw,https://news.example.invalid/articles/2026/10/story-80372554?utm_source=share&utm_medium=link&ref=sfp-seed
5iPNF,https://news.example.invalid/articles/2026/10/story-78370707?utm_source=share&utm_medium=link&ref=sfp-seed
30YX5,https://news.example.invalid/articles/2026/10/story-44563311?utm_source=share&utm_medium=link&ref=sfp-seed
5r13p,https://news.example.invalid/articles/2026/10/story-80320591?utm_source=share&utm_medium=link&ref=sfp-seed
id3X,https://news.example.invalid/articles/2026/10/story-4340121?utm_source=share&utm_medium=link&ref=sfp-seed
5elq1,https://news.example.invalid/articles/2026/10/story-77300609?utm_source=share&utm_medium=link&ref=sfp-seed
5vkf,https://news.example.invalid/articles/2026/10/story-1312059?utm_source=share&utm_medium=link&ref=sfp-seed
3QPE6,https://news.example.invalid/articles/2026/10/story-56920594?utm_source=share&utm_medium=link&ref=sfp-seed
1q0wn,https://news.example.invalid/articles/2026/10/story-20974871?utm_source=share&utm_medium=link&ref=sfp-seed
37fnW,https://news.example.invalid/articles/2026/10/story-46056448?utm_source=share&utm_medium=link&ref=sfp-seed
4vkyb,https://news.example.invalid/articles/2026/10/story-66572511?utm_source=share&utm_medium=link&ref=sfp-seed
5GzIa,https://news.example.invalid/articles/2026/10/story-84028734?utm_source=share&utm_medium=link&ref=sfp-seed
4NjyA,https://news.example.invalid/articles/2026/10/story-70858596?utm_source=share&utm_medium=link&ref=sfp-seed
4YnAR,https://news.example.invalid/articles/2026/10/story-73495721?utm_source=share&utm_medium=link&ref=sfp-seed
3YowR,https://news.example.invalid/articles/2026/10/story-58722981?utm_source=share&utm_medium=link&ref=sfp-seed
2Hpec,https://news.example.invalid/articles/2026/10/story-39897756?utm_source=share&utm_medium=link&ref=sfp-seed
4yZUb,https://news.example.invalid/articles/2026/10/story-67446463?utm_source=share&utm_medium=link&ref=sfp-seed
6wg8M,https://news.example.invalid/articles/2026/10/story-96346560?utm_source=share&utm_medium=link&ref=sfp-seed
pNjd,https://news.example.invalid/articles/2026/10/story-6147747?utm_source=share&utm_medium=link&ref=sfp-seed
4oRDc,https://news.example.invalid/articles/2026/10/story-65031378?utm_source=share&utm_medium=link&ref=sfp-seed
3YIR8,https://news.example.invalid/articles/2026/10/story-58801118?utm_source=share&utm_medium=link&ref=sfp-seed
2iBsK,https://news.example.invalid/articles/2026/10/story-33986586?utm_source=share&utm_medium=link&ref=sfp-seed
2r0A9,https://news.example.invalid/articles/2026/10/story-35989769?utm_source=share&utm_medium=link&ref=sfp-seed
5Y47N,https://news.example.invalid/articles/2026/10/story-88197219?utm_source=share&utm_medium=link&ref=sfp-seed
3ljG6,https://news.example.invalid/articles/2026/10/story-49409542?utm_source=share&utm_medium=link&ref=sfp-seed
1A8MA,https://news.example.invalid/articles/2026/10/story-23389908?utm_source=share&utm_medium=link&ref=sfp-seed
6Dc1c,https://news.example.invalid/articles/2026/10/story-97999010?utm_source=share&utm_medium=link&ref=sfp-seed
2kIjK,https://news.example.invalid/articles/2026/10/story-34489592?utm_source=share&utm_medium=link&ref=sfp-seed
UJqe,https://news.example.invalid/articles/2026/10/story-13520974?utm_source=share&utm_medium=link&ref=sfp-seed
3Pq68,https://news.example.invalid/articles/2026/10/story-56584060?utm_source=share&utm_medium=link&ref=sfp-seed
4GpKm,https://news.example.invalid/articles/2026/10/story-69214094?utm_source=share&utm_medium=link&ref=sfp-seed
B2aF,https://news.example.invalid/articles/2026/10/story-8826485?utm_source=share&utm_medium=link&ref=sfp-seed
3maNn,https://news.example.invalid/articles/2026/10/story-49613725?utm_source=share&utm_medium=link&ref=sfp-seed
2OfjR,https://news.example.invalid/articles/2026/10/story-41527963?utm_source=share&utm_medium=link&ref=sfp-seed
mjeJ,https://news.example.invalid/articles/2026/10/story-5317165?utm_source=share&utm_medium=link&ref=sfp-seed
3ENXb,https://news.example.invalid/articles/2026/10/story-54054153?utm_source=share&utm_medium=link&ref=sfp-seed
ykZi,https://news.example.invalid/articles/2026/10/story-8183832?utm_source=share&utm_medium=link&ref=sfp-seed
1VuCk,https://news.example.invalid/articles/2026/10/story-28478728?utm_source=share&utm_medium=link&ref=sfp-seed
5MtoI,https://news.example.invalid/articles/2026/10/story-85434432?utm_source=share&utm_medium=link&ref=sfp-seed
3pVKc,https://news.example.invalid/articles/2026/10/story-50509180?utm_source=share&utm_medium=link&ref=sfp-seed
5K4Ku,https://news.example.invalid/articles/2026/10/story-84863026?utm_source=share&utm_medium=link&ref=sfp-seed
1hgMV,https://news.example.invalid/articles/2026/10/story-18892449?utm_source=share&utm_medium=link&ref=sfp-seed
5VAhx,https://news.example.invalid/articles/2026/10/story-87605847?utm_source=share&utm_medium=link&ref=sfp-seed
5uDAG,https://news.example.invalid/articles/2026/10/story-81183710?utm_source=share&utm_medium=link&ref=sfp-seed
11oRp,https://news.example.invalid/articles/2026/10/story-15110231?utm_source=share&utm_medium=link&ref=sfp-seed
23ZUu,https://news.example.invalid/articles/2026/10/story-30505642?utm_source=share&utm_medium=link&ref=sfp-seed
4Kx66,https://news.example.invalid/articles/2026/10/story-70195662?utm_source=share&utm_medium=link&ref=sfp-seed
4wTB3,https://news.example.invalid/articles/2026/10/story-66945557?utm_source=share&utm_medium=link&ref=sfp-seed
4G2yh,https://news.example.invalid/articles/2026/10/story-69124933?utm_source=share&utm_medium=link&ref=sfp-seed
1IRJu,https://news.example.invalid/articles/2026/10/story-25469320?utm_source=share&utm_medium=link&ref=sfp-seed
5sOzj,https://news.example.invalid/articles/2026/10/story-80749253?utm_source=share&utm_medium=link&ref=sfp-seed
6vKt9,https://news.example.invalid/articles/2026/10/story-96224815?utm_source=share&utm_medium=link&ref=sfp-seed
3nufv,https://news.example.invalid/articles/2026/10/story-49926833?utm_source=share&utm_medium=link&ref=sfp-seed
5sInV,https://news.example.invalid/articles/2026/10/story-80725483?utm_source=share&utm_medium=link&ref=sfp-seed
1Cerv,https://news.example.invalid/articles/2026/10/story-23888321?utm_source=share&utm_medium=link&ref=sfp-seed
6mViM,https://news.example.invalid/articles/2026/10/story-94121504?utm_source=share&utm_medium=link&ref=sfp-seed
1TR1N,https://news.example.invalid/articles/2026/10/story-28088219?utm_source=share&utm_medium=link&ref=sfp-seed
54IFo,https://news.example.invalid/articles/2026/10/story-75006694?utm_source=share&utm_medium=link&ref=sfp-seed
4aXDk,https://news.example.invalid/articles/2026/10/story-61717858?utm_source=share&utm_medium=link&ref=sfp-seed
5Bwc2,https://news.example.invalid/articles/2026/10/story-82823570?utm_source=share&utm_medium=link&ref=sfp-seed
6AhSO,https://news.example.invalid/articles/2026/10/story-97306570?utm_source=share&utm_medium=link&ref=sfp-seed
3sNPB,https://news.example.invalid/articles/2026/10/story-51193747?utm_source=share&utm_medium=link&ref=sfp-seed
5a3LF,https://news.example.invalid/articles/2026/10/story-76279447?utm_source=share&utm_medium=link&ref=sfp-seed
LWjB,https://news.example.invalid/articles/2026/10/story-11425583?utm_source=share&utm_medium=link&ref=sfp-seed
1LqDd,https://news.example.invalid/articles/2026/10/story-26080127?utm_source=share&utm_medium=link&ref=sfp-seed
41OWf,https://news.example.invalid/articles/2026/10/story-59539483?utm_source=share&utm_medium=link&ref=sfp-seed
JeLm,https://news.example.invalid/articles/2026/10/story-10781512?utm_source=share&utm_medium=link&ref=sfp-seed
4gcZQ,https://news.example.invalid/articles/2026/10/story-62968554?utm_source=share&utm_medium=link&ref=sfp-seed
2Hdka,https://news.example.invalid/articles/2026/10/story-39851998?utm_source=share&utm_medium=link&ref=sfp-seed
vtDP,https://news.example.invalid/articles/2026/10/story-7502113?utm_source=share&utm_medium=link&ref=sfp-seed
1KK9h,https://news.example.invalid/articles/2026/10/story-25916823?utm_source=share&utm_medium=link&ref=sfp-seed
5rFBF,https://news.example.invalid/articles/2026/10/story-80476475?utm_source=share&utm_medium=link&ref=sfp-seed
3j4JV,https://news.example.invalid/articles/2026/10/story-48875463?utm_source=share&utm_medium=link&ref=sfp-seed
1KQBE,https://news.example.invalid/articles/2026/10/story-25941646?utm_source=share&utm_medium=link&ref=sfp-seed
5UYsx,https://news.example.invalid/articles/2026/10/story-87460457?utm_source=share&utm_medium=link&ref=sfp-seed
5M61v,https://news.example.invalid/articles/2026/10/story-85344581?utm_source=share&utm_medium=link&ref=sfp-seed
5vdB6,https://news.example.invalid/articles/2026/10/story-81322120?utm_source=share&utm_medium=link&ref=sfp-seed
2vMsi,https://news.example.invalid/articles/2026/10/story-37127106?utm_source=share&utm_medium=link&ref=sfp-seed
6eCYn,https://news.example.invalid/articles/2026/10/story-92144423?utm_source=share&utm_medium=link&ref=sfp-seed
1vTCt,https://news.example.invalid/articles/2026/10/story-22378309?utm_source=share&utm_medium=link&ref=sfp-seed
3LZqw,https://news.example.invalid/articles/2026/10/story-55766552?utm_source=share&utm_medium=link&ref=sfp-seed
wM25,https://news.example.invalid/articles/2026/10/story-7811137?utm_source=share&utm_medium=link&ref=sfp-seed
2tlDm,https://news.example.invalid/articles/2026/10/story-36547348?utm_source=share&utm_medium=link&ref=sfp-seed
UQdS,https://news.example.invalid/articles/2026/10/story-13547116?utm_source=share&utm_medium=link&ref=sfp-seed
1aaSo,https://news.example.invalid/articles/2026/10/story-17201428?utm_source=share&utm_medium=link&ref=sfp-seed
5HY3o,https://news.example.invalid/articles/2026/10/story-84360634?utm_source=share&utm_medium=link&ref=sfp-seed
2PNJW,https://news.example.invalid/articles/2026/10/story-41898604?utm_source=share&utm_medium=link&ref=sfp-seed
4N01j,https://news.example.invalid/articles/2026/10/story-70783497?utm_source=share&utm_medium=link&ref=sfp-seed
uVOj,https://news.example.invalid/articles/2026/10/story-7372067?utm_source=share&utm_medium=link&ref=sfp-seed
6EkZG,https://news.example.invalid/articles/2026/10/story-98271840?utm_source=share&utm_medium=link&ref=sfp-seed
23thz,https://news.example.invalid/articles/2026/10/story-30380221?utm_source=share&utm_medium=link&ref=sfp-seed
1Jkgw,https://news.example.invalid/articles/2026/10/story-25579000?utm_source=share&utm_medium=link&ref=sfp-seed
4qOal,https://news.example.invalid/articles/2026/10/story-65494713?utm_source=share&utm_medium=link&ref=sfp-seed
4t7mR,https://news.example.invalid/articles/2026/10/story-66045181?utm_source=share&utm_medium=link&ref=sfp-seed
1qqUl,https://news.example.invalid/articles/2026/10/story-21076301?utm_source=share&utm_medium=link&ref=sfp-seed
6rs0E,https://news.example.invalid/articles/2026/10/story-95200544?utm_source=share&utm_medium=link&ref=sfp-seed
6iZDl,https://news.example.invalid/articles/2026/10/story-93184843?utm_source=share&utm_medium=link&ref=sfp-seed
HSmk,https://news.example.invalid/articles/2026/10/story-10457064?utm_source=share&utm_medium=link&ref=sfp-seed
6Ih02,https://news.example.invalid/articles/2026/10/story-99209798?utm_source=share&utm_medium=link&ref=sfp-seed
4PYTw,https://news.example.invalid/articles/2026/10/story-71494154?utm_source=share&utm_medium=link&ref=sfp-seed
3WEQ2,https://news.example.invalid/articles/2026/10/story-58309018?utm_source=share&utm_medium=link&ref=sfp-seed
4BScz,https://news.example.invalid/articles/2026/10/story-68131835?utm_source=share&utm_medium=link&ref=sfp-seed
2KhYP,https://news.example.invalid/articles/2026/10/story-40584879?utm_source=share&utm_medium=link&ref=sfp-seed
43YBH,https://news.example.invalid/articles/2026/10/story-60053305?utm_source=share&utm_medium=link&ref=sfp-seed
4meNI,https://news.example.invalid/articles/2026/10/story-64405458?utm_source=share&utm_medium=link&ref=sfp-seed
Vssy,https://news.example.invalid/articles/2026/10/story-13694098?utm_source=share&utm_medium=link&ref=sfp-seed
3cd2N,https://news.example.invalid/articles/2026/10/story-47239089?utm_source=share&utm_medium=link&ref=sfp-seed
2Yzn8,https://news.example.invalid/articles/2026/10/story-43988326?utm_source=share&utm_medium=link&ref=sfp-seed
6gWI,https://news.example.invalid/articles/2026/10/story-1495112?utm_source=share&utm_medium=link&ref=sfp-seed
5cZfR,https://news.example.invalid/articles/2026/10/story-76977083?utm_source=share&utm_medium=link&ref=sfp-seed
6CxE5,https://news.example.invalid/articles/2026/10/story-97843817?utm_source=share&utm_medium=link&ref=sfp-seed
64giL,https://news.example.invalid/articles/2026/10/story-89673995?utm_source=share&utm_medium=link&ref=sfp-seed
1JDu6,https://news.example.invalid/articles/2026/10/story-25652878?utm_source=share&utm_medium=link&ref=sfp-seed
3ZjH8,https://news.example.invalid/articles/2026/10/story-58942726?utm_source=share&utm_medium=link&ref=sfp-seed
4IA3Y,https://news.example.invalid/articles/2026/10/story-69730406?utm_source=share&utm_medium=link&ref=sfp-seed
3eCNm,https://news.example.invalid/articles/2026/10/story-47814732?utm_source=share&utm_medium=link&ref=sfp-seed
4KiPn,https://news.example.invalid/articles/2026/10/story-70140809?utm_source=share&utm_medium=link&ref=sfp-seed
zdNM,https://news.example.invalid/articles/2026/10/story-8394538?utm_source=share&utm_medium=link&ref=sfp-seed
1qM2K,https://news.example.invalid/articles/2026/10/story-21157546?utm_source=share&utm_medium=link&ref=sfp-seed
4VDkP,https://news.example.invalid/articles/2026/10/story-72841247?utm_source=share&utm_medium=link&ref=sfp-seed
3mVqB,https://news.example.invalid/articles/2026/10/story-49792981?utm_source=share&utm_medium=link&ref=sfp-seed
1ZZZM,https://news.example.invalid/articles/2026/10/story-29552658?utm_source=share&utm_medium=link&ref=sfp-seed
6sWr2,https://news.example.invalid/articles/2026/10/story-95555828?utm_source=share&utm_medium=link&ref=sfp-seed
630f9,https://news.example.invalid/articles/2026/10/story-89373939?utm_source=share&utm_medium=link&ref=sfp-seed
3T0FG,https://news.example.invalid/articles/2026/10/story-57439632?utm_source=share&utm_medium=link&ref=sfp-seed
2C46Y,https://news.example.invalid/articles/2026/10/story-38624944?utm_source=share&utm_medium=link&ref=sfp-seed
6em6J,https://news.example.invalid/articles/2026/10/story-92079593?utm_source=share&utm_medium=link&ref=sfp-seed
43y9W,https://news.example.invalid/articles/2026/10/story-59951640?utm_source=share&utm_medium=link&ref=sfp-seed
4u16v,https://news.example.invalid/articles/2026/10/story-66259431?utm_source=share&utm_medium=link&ref=sfp-seed
3eBWE,https://news.example.invalid/articles/2026/10/story-47811464?utm_source=share&utm_medium=link&ref=sfp-seed
5Wfwd,https://news.example.invalid/articles/2026/10/story-87764361?utm_source=share&utm_medium=link&ref=sfp-seed
24jsN,https://news.example.invalid/articles/2026/10/story-30580805?utm_source=share&utm_medium=link&ref=sfp-seed
3Timm,https://news.example.invalid/articles/2026/10/story-57507626?utm_source=share&utm_medium=link&ref=sfp-seed
6aTVq,https://news.example.invalid/articles/2026/10/story-91256276?utm_source=share&utm_medium=link&ref=sfp-seed
CuAT,https://news.example.invalid/articles/2026/10/story-9174071?utm_source=share&utm_medium=link&ref=sfp-seed
19p19,https://news.example.invalid/articles/2026/10/story-17017459?utm_source=share&utm_medium=link&ref=sfp-seed
2wIN9,https://news.example.invalid/articles/2026/10/story-37351351?utm_source=share&utm_medium=link&ref=sfp-seed
3dWk,https://news.example.invalid/articles/2026/10/story-768572?utm_source=share&utm_medium=link&ref=sfp-seed
39cPp,https://news.example.invalid/articles/2026/10/story-46523275?utm_source=share&utm_medium=link&ref=sfp-seed
2LWIY,https://news.example.invalid/articles/2026/10/story-40979828?utm_source=share&utm_medium=link&ref=sfp-seed
4zD7J,https://news.example.invalid/articles/2026/10/story-67597219?utm_source=share&utm_medium=link&ref=sfp-seed
4fFFx,https://news.example.invalid/articles/2026/10/story-62840443?utm_source=share&utm_medium=link&ref=sfp-seed
2MpyM,https://news.example.invalid/articles/2026/10/story-41090672?utm_source=share&utm_medium=link&ref=sfp-seed
6IBvc,https://news.example.invalid/articles/2026/10/story-99288610?utm_source=share&utm_medium=link&ref=sfp-seed
6CScT,https://news.example.invalid/articles/2026/10/story-97922855?utm_source=share&utm_medium=link&ref=sfp-seed
1nrQD,https://news.example.invalid/articles/2026/10/story-20364931?utm_source=share&utm_medium=link&ref=sfp-seed
2VMfz,https://news.example.invalid/articles/2026/10/story-43322845?utm_source=share&utm_medium=link&ref=sfp-seed
2SGUD,https://news.example.invalid/articles/2026/10/story-42587343?utm_source=share&utm_medium=link&ref=sfp-seed
65pFV,https://news.example.invalid/articles/2026/10/story-89948355?utm_source=share&utm_medium=link&ref=sfp-seed
2aLzi,https://news.example.invalid/articles/2026/10/story-32118808?utm_source=share&utm_medium=link&ref=sfp-seed
4WzfB,https://news.example.invalid/articles/2026/10/story-73063875?utm_source=share&utm_medium=link&ref=sfp-seed
4Ztan,https://news.example.invalid/articles/2026/10/story-73755471?utm_source=share&utm_medium=link&ref=sfp-seed
4dXzx,https://news.example.invalid/articles/2026/10/story-62432607?utm_source=share&utm_medium=link&ref=sfp-seed
1973x,https://news.example.invalid/articles/2026/10/story-16948415?utm_source=share&utm_medium=link&ref=sfp-seed
366Pw,https://news.example.invalid/articles/2026/10/story-45785234?utm_source=share&utm_medium=link&ref=sfp-seed
SSzB,https://news.example.invalid/articles/2026/10/story-13079495?utm_source=share&utm_medium=link&ref=sfp-seed
3uzk1,https://news.example.invalid/articles/2026/10/story-51614629?utm_source=share&utm_medium=link&ref=sfp-seed
69z3k,https://news.example.invalid/articles/2026/10/story-90937714?utm_source=share&utm_medium=link&ref=sfp-seed
5E6kt,https://news.example.invalid/articles/2026/10/story-83439133?utm_source=share&utm_medium=link&ref=sfp-seed
2JvzP,https://news.example.invalid/articles/2026/10/story-40398817?utm_source=share&utm_medium=link&ref=sfp-seed
4KGBD,https://news.example.invalid/articles/2026/10/story-70232213?utm_source=share&utm_medium=link&ref=sfp-seed
303Nx,https://news.example.invalid/articles/2026/10/story-44343611?utm_source=share&utm_medium=link&ref=sfp-seed
38aue,https://news.example.invalid/articles/2026/10/story-46275946?utm_source=share&utm_medium=link&ref=sfp-seed
m0yh,https://news.example.invalid/articles/2026/10/story-5245341?utm_source=share&utm_medium=link&ref=sfp-seed
2NfUS,https://news.example.invalid/articles/2026/10/story-41291930?utm_source=share&utm_medium=link&ref=sfp-seed
23s4v,https://news.example.invalid/articles/2026/10/story-30375567?utm_source=share&utm_medium=link&ref=sfp-seed
31C0m,https://news.example.invalid/articles/2026/10/story-44713430?utm_source=share&utm_medium=link&ref=sfp-seed
3ZhAt,https://news.example.invalid/articles/2026/10/story-58934625?utm_source=share&utm_medium=link&ref=sfp-seed
5xWir,https://news.example.invalid/articles/2026/10/story-81970599?utm_source=share&utm_medium=link&ref=sfp-seed
1wN7X,https://news.example.invalid/articles/2026/10/story-22591681?utm_source=share&utm_medium=link&ref=sfp-seed
3hSJg,https://news.example.invalid/articles/2026/10/story-48590966?utm_source=share&utm_medium=link&ref=sfp-seed
1IfXl,https://news.example.invalid/articles/2026/10/story-25324107?utm_source=share&utm_medium=link&ref=sfp-seed
z0lz,https://news.example.invalid/articles/2026/10/story-8342817?utm_source=share&utm_medium=link&ref=sfp-seed
4RCRo,https://news.example.invalid/articles/2026/10/story-71886110?utm_source=share&utm_medium=link&ref=sfp-seed
3cxnH,https://news.example.invalid/articles/2026/10/story-47317265?utm_source=share&utm_medium=link&ref=sfp-seed
6l4A4,https://news.example.invalid/articles/2026/10/story-93680516?utm_source=share&utm_medium=link&ref=sfp-seed
1Zr7x,https://news.example.invalid/articles/2026/10/story-29418599?utm_source=share&utm_medium=link&ref=sfp-seed
4k5t4,https://news.example.invalid/articles/2026/10/story-63892926?utm_source=share&utm_medium=link&ref=sfp-seed
6dXk4,https://news.example.invalid/articles/2026/10/story-91984320?utm_source=share&utm_medium=link&ref=sfp-seed
EP0z,https://news.example.invalid/articles/2026/10/story-9729199?utm_source=share&utm_medium=link&ref=sfp-seed
59dxi,https://news.example.invalid/articles/2026/10/story-76078668?utm_source=share&utm_medium=link&ref=sfp-seed
3QdIb,https://news.example.invalid/articles/2026/10/story-56774775?utm_source=share&utm_medium=link&ref=sfp-seed
FpEQ,https://news.example.invalid/articles/2026/10/story-9870080?utm_source=share&utm_medium=link&ref=sfp-seed
YDqS,https://news.example.invalid/articles/2026/10/story-14451262?utm_source=share&utm_medium=link&ref=sfp-seed
4wrUG,https://news.example.invalid/articles/2026/10/story-66839142?utm_source=share&utm_medium=link&ref=sfp-seed
1MERU,https://news.example.invalid/articles/2026/10/story-26373182?utm_source=share&utm_medium=link&ref=sfp-seed
2OaUW,https://news.example.invalid/articles/2026/10/story-41511042?utm_source=share&utm_medium=link&ref=sfp-seed
4BsEf,https://news.example.invalid/articles/2026/10/story-68033607?utm_source=share&utm_medium=link&ref=sfp-seed
1QjaM,https://news.example.invalid/articles/2026/10/story-27243096?utm_source=share&utm_medium=link&ref=sfp-seed
1KtMh,https://news.example.invalid/articles/2026/10/story-25853893?utm_source=share&utm_medium=link&ref=sfp-seed
4zvJ9,https://news.example.invalid/articles/2026/10/story-67568787?utm_source=share&utm_medium=link&ref=sfp-seed
5h1xl,https://news.example.invalid/articles/2026/10/story-77939167?utm_source=share&utm_medium=link&ref=sfp-seed
61pA1,https://news.example.invalid/articles/2026/10/story-88994677?utm_source=share&utm_medium=link&ref=sfp-seed
RAUA,https://news.example.invalid/articles/2026/10/story-12773276?utm_source=share&utm_medium=link&ref=sfp-seed
2Ortj,https://news.example.invalid/articles/2026/10/story-41574677?utm_source=share&utm_medium=link&ref=sfp-seed
5Y8jT,https://news.example.invalid/articles/2026/10/story-88213345?utm_source=share&utm_medium=link&ref=sfp-seed
3PVYl,https://news.example.invalid/articles/2026/10/story-56706585?utm_source=share&utm_medium=link&ref=sfp-seed
309Yq,https://news.example.invalid/articles/2026/10/story-44367350?utm_source=share&utm_medium=link&ref=sfp-seed
5kCYa,https://news.example.invalid/articles/2026/10/story-78798042?utm_source=share&utm_medium=link&ref=sfp-seed
3MRHS,https://news.example.invalid/articles/2026/10/story-55975204?utm_source=share&utm_medium=link&ref=sfp-seed
1z3KX,https://news.example.invalid/articles/2026/10/story-23132259?utm_source=share&utm_medium=link&ref=sfp-seed
UDsH,https://news.example.invalid/articles/2026/10/story-13498063?utm_source=share&utm_medium=link&ref=sfp-seed
1RMij,https://news.example.invalid/articles/2026/10/story-27593367?utm_source=share&utm_medium=link&ref=sfp-seed
JAd4,https://news.example.invalid/articles/2026/10/story-10863954?utm_source=share&utm_medium=link&ref=sfp-seed
4oXAu,https://news.example.invalid/articles/2026/10/story-65054274?utm_source=share&utm_medium=link&ref=sfp-seed
2HJqA,https://news.example.invalid/articles/2026/10/story-39975404?utm_source=share&utm_medium=link&ref=sfp-seed
5nBiJ,https://news.example.invalid/articles/2026/10/story-79506613?utm_source=share&utm_medium=link&ref=sfp-seed
60idN,https://news.example.invalid/articles/2026/10/story-88728063?utm_source=share&utm_medium=link&ref=sfp-seed
1xbzm,https://news.example.invalid/articles/2026/10/story-22685636?utm_source=share&utm_medium=link&ref=sfp-seed
5aD8p,https://news.example.invalid/articles/2026/10/story-76415397?utm_source=share&utm_medium=link&ref=sfp-seed
4PNpl,https://news.example.invalid/articles/2026/10/story-71449999?utm_source=share&utm_medium=link&ref=sfp-seed
3gQN4,https://news.example.invalid/articles/2026/10/story-48345186?utm_source=share&utm_medium=link&ref=sfp-seed
66Khy,https://news.example.invalid/articles/2026/10/story-90265896?utm_source=share&utm_medium=link&ref=sfp-seed
1QUUq,https://news.example.invalid/articles/2026/10/story-27388154?utm_source=share&utm_medium=link&ref=sfp-seed
6cIBS,https://news.example.invalid/articles/2026/10/story-91689436?utm_source=share&utm_medium=link&ref=sfp-seed
XIy,https://news.example.invalid/articles/2026/10/story-229558?utm_source=share&utm_medium=link&ref=sfp-seed
37CRN,https://news.example.invalid/articles/2026/10/story-46146711?utm_source=share&utm_medium=link&ref=sfp-seed
52tg0,https://news.example.invalid/articles/2026/10/story-74470804?utm_source=share&utm_medium=link&ref=sfp-seed
37f0Q,https://news.example.invalid/articles/2026/10/story-46055016?utm_source=share&utm_medium=link&ref=sfp-seed
6H25H,https://news.example.invalid/articles/2026/10/story-98914161?utm_source=share&utm_medium=link&ref=sfp-seed
3Hbwv,https://news.example.invalid/articles/2026/10/story-54621411?utm_source=share&utm_medium=link&ref=sfp-seed
Eyjc,https://news.example.invalid/articles/2026/10/story-9665006?utm_source=share&utm_medium=link&ref=sfp-seed
4qFAq,https://news.example.invalid/articles/2026/10/story-65461734?utm_source=share&utm_medium=link&ref=sfp-seed
2VoXD,https://news.example.invalid/articles/2026/10/story-43233321?utm_source=share&utm_medium=link&ref=sfp-seed
19Mjj,https://news.example.invalid/articles/2026/10/story-17106997?utm_source=share&utm_medium=link&ref=sfp-seed
5daQ,https://news.example.invalid/articles/2026/10/story-1242284?utm_source=share&utm_medium=link&ref=sfp-seed
6xl73,https://news.example.invalid/articles/2026/10/story-96604001?utm_source=share&utm_medium=link&ref=sfp-seed
457Ro,https://news.example.invalid/articles/2026/10/story-60327202?utm_source=share&utm_medium=link&ref=sfp-seed
65wMK,https://news.example.invalid/articles/2026/10/story-89975686?utm_source=share&utm_medium=link&ref=sfp-seed
2C25O,https://news.example.invalid/articles/2026/10/story-38617184?utm_source=share&utm_medium=link&ref=sfp-seed
67krv,https://news.example.invalid/articles/2026/10/story-90404897?utm_source=share&utm_medium=link&ref=sfp-seed
6sT1F,https://news.example.invalid/articles/2026/10/story-95542723?utm_source=share&utm_medium=link&ref=sfp-seed
5qC1Q,https://news.example.invalid/articles/2026/10/story-80224394?utm_source=share&utm_medium=link&ref=sfp-seed
nUIG,https://news.example.invalid/articles/2026/10/story-5699578?utm_source=share&utm_medium=link&ref=sfp-seed
64Q2L,https://news.example.invalid/articles/2026/10/story-89811387?utm_source=share&utm_medium=link&ref=sfp-seed
6I3iA,https://news.example.invalid/articles/2026/10/story-99157132?utm_source=share&utm_medium=link&ref=sfp-seed
1zxjr,https://news.example.invalid/articles/2026/10/story-23245873?utm_source=share&utm_medium=link&ref=sfp-seed
59oD1,https://news.example.invalid/articles/2026/10/story-76121307?utm_source=share&utm_medium=link&ref=sfp-seed
65PiJ,https://news.example.invalid/articles/2026/10/story-90046861?utm_source=share&utm_medium=link&ref=sfp-seed
3mTXV,https://news.example.invalid/articles/2026/10/story-49787359?utm_source=share&utm_medium=link&ref=sfp-seed
2iQq,https://news.example.invalid/articles/2026/10/story-549098?utm_source=share&utm_medium=link&ref=sfp-seed
52kfP,https://news.example.invalid/articles/2026/10/story-74436197?utm_source=share&utm_medium=link&ref=sfp-seed
2rJAt,https://news.example.invalid/articles/2026/10/story-36162769?utm_source=share&utm_medium=link&ref=sfp-seed
1Uo9u,https://news.example.invalid/articles/2026/10/story-28215548?utm_source=share&utm_medium=link&ref=sfp-seed
56QHu,https://news.example.invalid/articles/2026/10/story-75514232?utm_source=share&utm_medium=link&ref=sfp-seed
1UINh,https://news.example.invalid/articles/2026/10/story-28294895?utm_source=share&utm_medium=link&ref=sfp-seed
3kuII,https://news.example.invalid/articles/2026/10/story-49213660?utm_source=share&utm_medium=link&ref=sfp-seed
oK49,https://news.example.invalid/articles/2026/10/story-5896953?utm_source=share&utm_medium=link&ref=sfp-seed
2KD5o,https://news.example.invalid/articles/2026/10/story-40666010?utm_source=share&utm_medium=link&ref=sfp-seed
6E4zf,https://news.example.invalid/articles/2026/10/story-98208697?utm_source=share&utm_medium=link&ref=sfp-seed
2RsQw,https://news.example.invalid/articles/2026/10/story-42294944?utm_source=share&utm_medium=link&ref=sfp-seed
s1R3,https://news.example.invalid/articles/2026/10/story-6680317?utm_source=share&utm_medium=link&ref=sfp-seed
6tEsS,https://news.example.invalid/articles/2026/10/story-95725078?utm_source=share&utm_medium=link&ref=sfp-seed
1sbY7,https://news.example.invalid/articles/2026/10/story-21495531?utm_source=share&utm_medium=link&ref=sfp-seed
3dgQB,https://news.example.invalid/articles/2026/10/story-47492037?utm_source=share&utm_medium=link&ref=sfp-seed
67sOj,https://news.example.invalid/articles/2026/10/story-90437063?utm_source=share&utm_medium=link&ref=sfp-seed
5SrXy,https://news.example.invalid/articles/2026/10/story-86858872?utm_source=share&utm_medium=link&ref=sfp-seed
1lAM,https://news.example.invalid/articles/2026/10/story-321332?utm_source=share&utm_medium=link&ref=sfp-seed
5wCUd,https://news.example.invalid/articles/2026/10/story-81657733?utm_source=share&utm_medium=link&ref=sfp-seed
1oWka,https://news.example.invalid/articles/2026/10/story-20720410?utm_source=share&utm_medium=link&ref=sfp-seed
VhkZ,https://news.example.invalid/articles/2026/10/story-13651345?utm_source=share&utm_medium=link&ref=sfp-seed
5W25r,https://news.example.invalid/articles/2026/10/story-87712729?utm_source=share&utm_medium=link&ref=sfp-seed
4qpsZ,https://news.example.invalid/articles/2026/10/story-65399769?utm_source=share&utm_medium=link&ref=sfp-seed
25MuV,https://news.example.invalid/articles/2026/10/story-30930741?utm_source=share&utm_medium=link&ref=sfp-seed
1vfGq,https://news.example.invalid/articles/2026/10/story-22224794?utm_source=share&utm_medium=link&ref=sfp-seed
5yNT0,https://news.example.invalid/articles/2026/10/story-82176598?utm_source=share&utm_medium=link&ref=sfp-seed
12v34,https://news.example.invalid/articles/2026/10/story-15372346?utm_source=share&utm_medium=link&ref=sfp-seed
yNNc,https://news.example.invalid/articles/2026/10/story-8294558?utm_source=share&utm_medium=link&ref=sfp-seed
1FW3G,https://news.example.invalid/articles/2026/10/story-24770964?utm_source=share&utm_medium=link&ref=sfp-seed
5Dvoy,https://news.example.invalid/articles/2026/10/story-83297158?utm_source=share&utm_medium=link&ref=sfp-seed
Wcn5,https://news.example.invalid/articles/2026/10/story-13870583?utm_source=share&utm_medium=link&ref=sfp-seed
3Befi,https://news.example.invalid/articles/2026/10/story-53201908?utm_source=share&utm_medium=link&ref=sfp-seed
24ghJ,https://news.example.invalid/articles/2026/10/story-30568587?utm_source=share&utm_medium=link&ref=sfp-seed
59D1m,https://news.example.invalid/articles/2026/10/story-76176632?utm_source=share&utm_medium=link&ref=sfp-seed
3ekdW,https://news.example.invalid/articles/2026/10/story-47743344?utm_source=share&utm_medium=link&ref=sfp-seed
3XWEO,https://news.example.invalid/articles/2026/10/story-58615842?utm_source=share&utm_medium=link&ref=sfp-seed
4cSWU,https://news.example.invalid/articles/2026/10/story-62176508?utm_source=share&utm_medium=link&ref=sfp-seed
2B25K,https://news.example.invalid/articles/2026/10/story-38378852?utm_source=share&utm_medium=link&ref=sfp-seed
2753C,https://news.example.invalid/articles/2026/10/story-31240412?utm_source=share&utm_medium=link&ref=sfp-seed
vG7C,https://news.example.invalid/articles/2026/10/story-7550088?utm_source=share&utm_medium=link&ref=sfp-seed
51r7D,https://news.example.invalid/articles/2026/10/story-74224269?utm_source=share&utm_medium=link&ref=sfp-seed
4L3D5,https://news.example.invalid/articles/2026/10/story-70320715?utm_source=share&utm_medium=link&ref=sfp-seed
4NUrh,https://news.example.invalid/articles/2026/10/story-71000371?utm_source=share&utm_medium=link&ref=sfp-seed
1lrtU,https://news.example.invalid/articles/2026/10/story-19886866?utm_source=share&utm_medium=link&ref=sfp-seed
ywN5,https://news.example.invalid/articles/2026/10/story-8229203?utm_source=share&utm_medium=link&ref=sfp-seed
1Q8Oz,https://news.example.invalid/articles/2026/10/story-27203279?utm_source=share&utm_medium=link&ref=sfp-seed
3ihGY,https://news.example.invalid/articles/2026/10/story-48686924?utm_source=share&utm_medium=link&ref=sfp-seed
62Zcg,https://news.example.invalid/articles/2026/10/story-89369916?utm_source=share&utm_medium=link&ref=sfp-seed
5cwpQ,https://news.example.invalid/articles/2026/10/story-76866226?utm_source=share&utm_medium=link&ref=sfp-seed
4cJc4,https://news.example.invalid/articles/2026/10/story-62139008?utm_source=share&utm_medium=link&ref=sfp-seed
1sI3u,https://news.example.invalid/articles/2026/10/story-21618872?utm_source=share&utm_medium=link&ref=sfp-seed
3qZof,https://news.example.invalid/articles/2026/10/story-50761523?utm_source=share&utm_medium=link&ref=sfp-seed
Qdt0,https://news.example.invalid/articles/2026/10/story-12444826?utm_source=share&utm_medium=link&ref=sfp-seed
OCcH,https://news.example.invalid/articles/2026/10/story-12063259?utm_source=share&utm_medium=link&ref=sfp-seed
6pTRU,https://news.example.invalid/articles/2026/10/story-94830978?utm_source=share&utm_medium=link&ref=sfp-seed
24Uxc,https://news.example.invalid/articles/2026/10/story-30723306?utm_source=share&utm_medium=link&ref=sfp-seed
4aAvy,https://news.example.invalid/articles/2026/10/story-61628964?utm_source=share&utm_medium=link&ref=sfp-seed
4opoz,https://news.example.invalid/articles/2026/10/story-64922839?utm_source=share&utm_medium=link&ref=sfp-seed
6vpuu,https://news.example.invalid/articles/2026/10/story-96144174?utm_source=share&utm_medium=link&ref=sfp-seed
4UouV,https://news.example.invalid/articles/2026/10/story-72545885?utm_source=share&utm_medium=link&ref=sfp-seed
4ol4r,https://news.example.invalid/articles/2026/10/story-64906215?utm_source=share&utm_medium=link&ref=sfp-seed
4p0dS,https://news.example.invalid/articles/2026/10/story-65064404?utm_source=share&utm_medium=link&ref=sfp-seed
