code,url
146,https://news.example.invalid/articles/2026/10/story-4098?utm_source=share&utm_medium=link&ref=sfp-seed
1T7,https://news.example.invalid/articles/2026/10/story-7261?utm_source=share&utm_medium=link&ref=sfp-seed
tZ,https://news.example.invalid/articles/2026/10/story-1859?utm_source=share&utm_medium=link&ref=sfp-seed
2be,https://news.example.invalid/articles/2026/10/story-8384?utm_source=share&utm_medium=link&ref=sfp-seed
2dd,https://news.example.invalid/articles/2026/10/story-8507?utm_source=share&utm_medium=link&ref=sfp-seed
1kd,https://news.example.invalid/articles/2026/10/story-5097?utm_source=share&utm_medium=link&ref=sfp-seed
2wm,https://news.example.invalid/articles/2026/10/story-9694?utm_source=share&utm_medium=link&ref=sfp-seed
9H,https://news.example.invalid/articles/2026/10/story-601?utm_source=share&utm_medium=link&ref=sfp-seed
Xk,https://news.example.invalid/articles/2026/10/story-3678?utm_source=share&utm_medium=link&ref=sfp-seed
1Mu,https://news.example.invalid/articles/2026/10/story-6850?utm_source=share&utm_medium=link&ref=sfp-seed
1rz,https://news.example.invalid/articles/2026/10/story-5553?utm_source=share&utm_medium=link&ref=sfp-seed
2oX,https://news.example.invalid/articles/2026/10/story-9235?utm_source=share&utm_medium=link&ref=sfp-seed
2uh,https://news.example.invalid/articles/2026/10/story-9565?utm_source=share&utm_medium=link&ref=sfp-seed
225,https://news.example.invalid/articles/2026/10/story-7817?utm_source=share&utm_medium=link&ref=sfp-seed
1Q9,https://news.example.invalid/articles/2026/10/story-7077?utm_source=share&utm_medium=link&ref=sfp-seed
WE,https://news.example.invalid/articles/2026/10/story-3636?utm_source=share&utm_medium=link&ref=sfp-seed
2tR,https://news.example.invalid/articles/2026/10/story-9539?utm_source=share&utm_medium=link&ref=sfp-seed
ug,https://news.example.invalid/articles/2026/10/story-1876?utm_source=share&utm_medium=link&ref=sfp-seed
1jz,https://news.example.invalid/articles/2026/10/story-5057?utm_source=share&utm_medium=link&ref=sfp-seed
zG,https://news.example.invalid/articles/2026/10/story-2212?utm_source=share&utm_medium=link&ref=sfp-seed
2ow,https://news.example.invalid/articles/2026/10/story-9208?utm_source=share&utm_medium=link&ref=sfp-seed
1JR,https://news.example.invalid/articles/2026/10/story-6687?utm_source=share&utm_medium=link&ref=sfp-seed
1Ov,https://news.example.invalid/articles/2026/10/story-6975?utm_source=share&utm_medium=link&ref=sfp-seed
2uC,https://news.example.invalid/articles/2026/10/story-9586?utm_source=share&utm_medium=link&ref=sfp-seed
2cj,https://news.example.invalid/articles/2026/10/story-8451?utm_source=share&utm_medium=link&ref=sfp-seed
e9,https://news.example.invalid/articles/2026/10/story-877?utm_source=share&utm_medium=link&ref=sfp-seed
2iV,https://news.example.invalid/articles/2026/10/story-8861?utm_source=share&utm_medium=link&ref=sfp-seed
rt,https://news.example.invalid/articles/2026/10/story-1703?utm_source=share&utm_medium=link&ref=sfp-seed
2hp,https://news.example.invalid/articles/2026/10/story-8767?utm_source=share&utm_medium=link&ref=sfp-seed
2ro,https://news.example.invalid/articles/2026/10/story-9386?utm_source=share&utm_medium=link&ref=sfp-seed
1SU,https://news.example.invalid/articles/2026/10/story-7248?utm_source=share&utm_medium=link&ref=sfp-seed
28q,https://news.example.invalid/articles/2026/10/story-8210?utm_source=share&utm_medium=link&ref=sfp-seed
lQ,https://news.example.invalid/articles/2026/10/story-1354?utm_source=share&utm_medium=link&ref=sfp-seed
gB,https://news.example.invalid/articles/2026/10/story-1029?utm_source=share&utm_medium=link&ref=sfp-seed
1Hy,https://news.example.invalid/articles/2026/10/story-6544?utm_source=share&utm_medium=link&ref=sfp-seed
xD,https://news.example.invalid/articles/2026/10/story-2085?utm_source=share&utm_medium=link&ref=sfp-seed
eO,https://news.example.invalid/articles/2026/10/story-918?utm_source=share&utm_medium=link&ref=sfp-seed
2tH,https://news.example.invalid/articles/2026/10/story-9529?utm_source=share&utm_medium=link&ref=sfp-seed
1l1,https://news.example.invalid/articles/2026/10/story-5147?utm_source=share&utm_medium=link&ref=sfp-seed
5y,https://news.example.invalid/articles/2026/10/story-344?utm_source=share&utm_medium=link&ref=sfp-seed
2cN,https://news.example.invalid/articles/2026/10/story-8481?utm_source=share&utm_medium=link&ref=sfp-seed
2gz,https://news.example.invalid/articles/2026/10/story-8715?utm_source=share&utm_medium=link&ref=sfp-seed
n3,https://news.example.invalid/articles/2026/10/story-1429?utm_source=share&utm_medium=link&ref=sfp-seed
1r2,https://news.example.invalid/articles/2026/10/story-5520?utm_source=share&utm_medium=link&ref=sfp-seed
Wf,https://news.example.invalid/articles/2026/10/story-3611?utm_source=share&utm_medium=link&ref=sfp-seed
1n9,https://news.example.invalid/articles/2026/10/story-5279?utm_source=share&utm_medium=link&ref=sfp-seed
1Hw,https://news.example.invalid/articles/2026/10/story-6542?utm_source=share&utm_medium=link&ref=sfp-seed
112,https://news.example.invalid/articles/2026/10/story-3908?utm_source=share&utm_medium=link&ref=sfp-seed
1LS,https://news.example.invalid/articles/2026/10/story-6812?utm_source=share&utm_medium=link&ref=sfp-seed
2yt,https://news.example.invalid/articles/2026/10/story-9825?utm_source=share&utm_medium=link&ref=sfp-seed
DE,https://news.example.invalid/articles/2026/10/story-2458?utm_source=share&utm_medium=link&ref=sfp-seed
1TH,https://news.example.invalid/articles/2026/10/story-7297?utm_source=share&utm_medium=link&ref=sfp-seed
15u,https://news.example.invalid/articles/2026/10/story-4184?utm_source=share&utm_medium=link&ref=sfp-seed
1VF,https://news.example.invalid/articles/2026/10/story-7419?utm_source=share&utm_medium=link&ref=sfp-seed
1kE,https://news.example.invalid/articles/2026/10/story-5124?utm_source=share&utm_medium=link&ref=sfp-seed
1qb,https://news.example.invalid/articles/2026/10/story-5467?utm_source=share&utm_medium=link&ref=sfp-seed
1tF,https://news.example.invalid/articles/2026/10/story-5683?utm_source=share&utm_medium=link&ref=sfp-seed
2zL,https://news.example.invalid/articles/2026/10/story-9905?utm_source=share&utm_medium=link&ref=sfp-seed
ge,https://news.example.invalid/articles/2026/10/story-1006?utm_source=share&utm_medium=link&ref=sfp-seed
8h,https://news.example.invalid/articles/2026/10/story-513?utm_source=share&utm_medium=link&ref=sfp-seed
6e,https://news.example.invalid/articles/2026/10/story-386?utm_source=share&utm_medium=link&ref=sfp-seed
2tm,https://news.example.invalid/articles/2026/10/story-9508?utm_source=share&utm_medium=link&ref=sfp-seed
1sB,https://news.example.invalid/articles/2026/10/story-5617?utm_source=share&utm_medium=link&ref=sfp-seed
1o1,https://news.example.invalid/articles/2026/10/story-5333?utm_source=share&utm_medium=link&ref=sfp-seed
1C3,https://news.example.invalid/articles/2026/10/story-6203?utm_source=share&utm_medium=link&ref=sfp-seed
2zv,https://news.example.invalid/articles/2026/10/story-9889?utm_source=share&utm_medium=link&ref=sfp-seed
qJ,https://news.example.invalid/articles/2026/10/story-1657?utm_source=share&utm_medium=link&ref=sfp-seed
226,https://news.example.invalid/articles/2026/10/story-7818?utm_source=share&utm_medium=link&ref=sfp-seed
1PM,https://news.example.invalid/articles/2026/10/story-7054?utm_source=share&utm_medium=link&ref=sfp-seed
1bS,https://news.example.invalid/articles/2026/10/story-4580?utm_source=share&utm_medium=link&ref=sfp-seed
YP,https://news.example.invalid/articles/2026/10/story-3771?utm_source=share&utm_medium=link&ref=sfp-seed
140,https://news.example.invalid/articles/2026/10/story-4092?utm_source=share&utm_medium=link&ref=sfp-seed
1LE,https://news.example.invalid/articles/2026/10/story-6798?utm_source=share&utm_medium=link&ref=sfp-seed
wS,https://news.example.invalid/articles/2026/10/story-2038?utm_source=share&utm_medium=link&ref=sfp-seed
oA,https://news.example.invalid/articles/2026/10/story-1524?utm_source=share&utm_medium=link&ref=sfp-seed
Y2,https://news.example.invalid/articles/2026/10/story-3722?utm_source=share&utm_medium=link&ref=sfp-seed
cr,https://news.example.invalid/articles/2026/10/story-771?utm_source=share&utm_medium=link&ref=sfp-seed
17L,https://news.example.invalid/articles/2026/10/story-4325?utm_source=share&utm_medium=link&ref=sfp-seed
LZ,https://news.example.invalid/articles/2026/10/story-2975?utm_source=share&utm_medium=link&ref=sfp-seed
O1,https://news.example.invalid/articles/2026/10/story-3101?utm_source=share&utm_medium=link&ref=sfp-seed
Pc,https://news.example.invalid/articles/2026/10/story-3174?utm_source=share&utm_medium=link&ref=sfp-seed
1u2,https://news.example.invalid/articles/2026/10/story-5706?utm_source=share&utm_medium=link&ref=sfp-seed
2w2,https://news.example.invalid/articles/2026/10/story-9674?utm_source=share&utm_medium=link&ref=sfp-seed
1uV,https://news.example.invalid/articles/2026/10/story-5761?utm_source=share&utm_medium=link&ref=sfp-seed
16k,https://news.example.invalid/articles/2026/10/story-4236?utm_source=share&utm_medium=link&ref=sfp-seed
2kv,https://news.example.invalid/articles/2026/10/story-8959?utm_source=share&utm_medium=link&ref=sfp-seed
Vs,https://news.example.invalid/articles/2026/10/story-3562?utm_source=share&utm_medium=link&ref=sfp-seed
1RH,https://news.example.invalid/articles/2026/10/story-7173?utm_source=share&utm_medium=link&ref=sfp-seed
2j7,https://news.example.invalid/articles/2026/10/story-8873?utm_source=share&utm_medium=link&ref=sfp-seed
1we,https://news.example.invalid/articles/2026/10/story-5842?utm_source=share&utm_medium=link&ref=sfp-seed
1wJ,https://news.example.invalid/articles/2026/10/story-5873?utm_source=share&utm_medium=link&ref=sfp-seed
2oo,https://news.example.invalid/articles/2026/10/story-9200?utm_source=share&utm_medium=link&ref=sfp-seed
we,https://news.example.invalid/articles/2026/10/story-1998?utm_source=share&utm_medium=link&ref=sfp-seed
1aB,https://news.example.invalid/articles/2026/10/story-4501?utm_source=share&utm_medium=link&ref=sfp-seed
1pE,https://news.example.invalid/articles/2026/10/story-5434?utm_source=share&utm_medium=link&ref=sfp-seed
Mb,https://news.example.invalid/articles/2026/10/story-2987?utm_source=share&utm_medium=link&ref=sfp-seed
8r,https://news.example.invalid/articles/2026/10/story-523?utm_source=share&utm_medium=link&ref=sfp-seed
63,https://news.example.invalid/articles/2026/10/story-375?utm_source=share&utm_medium=link&ref=sfp-seed
6K,https://news.example.invalid/articles/2026/10/story-418?utm_source=share&utm_medium=link&ref=sfp-seed
1Cg,https://news.example.invalid/articles/2026/10/story-6216?utm_source=share&utm_medium=link&ref=sfp-seed
2zQ,https://news.example.invalid/articles/2026/10/story-9910?utm_source=share&utm_medium=link&ref=sfp-seed
168,https://news.example.invalid/articles/2026/10/story-4224?utm_source=share&utm_medium=link&ref=sfp-seed
xy,https://news.example.invalid/articles/2026/10/story-2080?utm_source=share&utm_medium=link&ref=sfp-seed
LC,https://news.example.invalid/articles/2026/10/story-2952?utm_source=share&utm_medium=link&ref=sfp-seed
1mw,https://news.example.invalid/articles/2026/10/story-5240?utm_source=share&utm_medium=link&ref=sfp-seed
2lD,https://news.example.invalid/articles/2026/10/story-9029?utm_source=share&utm_medium=link&ref=sfp-seed
2ii,https://news.example.invalid/articles/2026/10/story-8822?utm_source=share&utm_medium=link&ref=sfp-seed
29a,https://news.example.invalid/articles/2026/10/story-8256?utm_source=share&utm_medium=link&ref=sfp-seed
GH,https://news.example.invalid/articles/2026/10/story-2647?utm_source=share&utm_medium=link&ref=sfp-seed
1w6,https://news.example.invalid/articles/2026/10/story-5834?utm_source=share&utm_medium=link&ref=sfp-seed
ro,https://news.example.invalid/articles/2026/10/story-1698?utm_source=share&utm_medium=link&ref=sfp-seed
VO,https://news.example.invalid/articles/2026/10/story-3584?utm_source=share&utm_medium=link&ref=sfp-seed
pO,https://news.example.invalid/articles/2026/10/story-1600?utm_source=share&utm_medium=link&ref=sfp-seed
1nO,https://news.example.invalid/articles/2026/10/story-5320?utm_source=share&utm_medium=link&ref=sfp-seed
Lu,https://news.example.invalid/articles/2026/10/story-2944?utm_source=share&utm_medium=link&ref=sfp-seed
15q,https://news.example.invalid/articles/2026/10/story-4180?utm_source=share&utm_medium=link&ref=sfp-seed
1Di,https://news.example.invalid/articles/2026/10/story-6280?utm_source=share&utm_medium=link&ref=sfp-seed
bR,https://news.example.invalid/articles/2026/10/story-735?utm_source=share&utm_medium=link&ref=sfp-seed
1PG,https://news.example.invalid/articles/2026/10/story-7048?utm_source=share&utm_medium=link&ref=sfp-seed
1Bb,https://news.example.invalid/articles/2026/10/story-6149?utm_source=share&utm_medium=link&ref=sfp-seed
2cW,https://news.example.invalid/articles/2026/10/story-8490?utm_source=share&utm_medium=link&ref=sfp-seed
rP,https://news.example.invalid/articles/2026/10/story-1725?utm_source=share&utm_medium=link&ref=sfp-seed
nV,https://news.example.invalid/articles/2026/10/story-1483?utm_source=share&utm_medium=link&ref=sfp-seed
20f,https://news.example.invalid/articles/2026/10/story-7703?utm_source=share&utm_medium=link&ref=sfp-seed
128,https://news.example.invalid/articles/2026/10/story-3976?utm_source=share&utm_medium=link&ref=sfp-seed
KQ,https://news.example.invalid/articles/2026/10/story-2904?utm_source=share&utm_medium=link&ref=sfp-seed
bt,https://news.example.invalid/articles/2026/10/story-711?utm_source=share&utm_medium=link&ref=sfp-seed
kQ,https://news.example.invalid/articles/2026/10/story-1292?utm_source=share&utm_medium=link&ref=sfp-seed
FY,https://news.example.invalid/articles/2026/10/story-2602?utm_source=share&utm_medium=link&ref=sfp-seed
1Bn,https://news.example.invalid/articles/2026/10/story-6161?utm_source=share&utm_medium=link&ref=sfp-seed
2ol,https://news.example.invalid/articles/2026/10/story-9197?utm_source=share&utm_medium=link&ref=sfp-seed
1db,https://news.example.invalid/articles/2026/10/story-4661?utm_source=share&utm_medium=link&ref=sfp-seed
2aw,https://news.example.invalid/articles/2026/10/story-8340?utm_source=share&utm_medium=link&ref=sfp-seed
1sM,https://news.example.invalid/articles/2026/10/story-5628?utm_source=share&utm_medium=link&ref=sfp-seed
1iI,https://news.example.invalid/articles/2026/10/story-5004?utm_source=share&utm_medium=link&ref=sfp-seed
1XX,https://news.example.invalid/articles/2026/10/story-7561?utm_source=share&utm_medium=link&ref=sfp-seed
2c2,https://news.example.invalid/articles/2026/10/story-8434?utm_source=share&utm_medium=link&ref=sfp-seed
3v,https://news.example.invalid/articles/2026/10/story-217?utm_source=share&utm_medium=link&ref=sfp-seed
1aH,https://news.example.invalid/articles/2026/10/story-4507?utm_source=share&utm_medium=link&ref=sfp-seed
29k,https://news.example.invalid/articles/2026/10/story-8266?utm_source=share&utm_medium=link&ref=sfp-seed
27d,https://news.example.invalid/articles/2026/10/story-8135?utm_source=share&utm_medium=link&ref=sfp-seed
1QE,https://news.example.invalid/articles/2026/10/story-7108?utm_source=share&utm_medium=link&ref=sfp-seed
1WZ,https://news.example.invalid/articles/2026/10/story-7501?utm_source=share&utm_medium=link&ref=sfp-seed
2vj,https://news.example.invalid/articles/2026/10/story-9629?utm_source=share&utm_medium=link&ref=sfp-seed
5N,https://news.example.invalid/articles/2026/10/story-359?utm_source=share&utm_medium=link&ref=sfp-seed
1mf,https://news.example.invalid/articles/2026/10/story-5223?utm_source=share&utm_medium=link&ref=sfp-seed
1tH,https://news.example.invalid/articles/2026/10/story-5685?utm_source=share&utm_medium=link&ref=sfp-seed
175,https://news.example.invalid/articles/2026/10/story-4283?utm_source=share&utm_medium=link&ref=sfp-seed
yl,https://news.example.invalid/articles/2026/10/story-2129?utm_source=share&utm_medium=link&ref=sfp-seed
2z9,https://news.example.invalid/articles/2026/10/story-9867?utm_source=share&utm_medium=link&ref=sfp-seed
Va,https://news.example.invalid/articles/2026/10/story-3544?utm_source=share&utm_medium=link&ref=sfp-seed
2yc,https://news.example.invalid/articles/2026/10/story-9808?utm_source=share&utm_medium=link&ref=sfp-seed
2xQ,https://news.example.invalid/articles/2026/10/story-9786?utm_source=share&utm_medium=link&ref=sfp-seed
2kD,https://news.example.invalid/articles/2026/10/story-8967?utm_source=share&utm_medium=link&ref=sfp-seed
22j,https://news.example.invalid/articles/2026/10/story-7831?utm_source=share&utm_medium=link&ref=sfp-seed
1iF,https://news.example.invalid/articles/2026/10/story-5001?utm_source=share&utm_medium=link&ref=sfp-seed
1Qr,https://news.example.invalid/articles/2026/10/story-7095?utm_source=share&utm_medium=link&ref=sfp-seed
1ri,https://news.example.invalid/articles/2026/10/story-5536?utm_source=share&utm_medium=link&ref=sfp-seed
HT,https://news.example.invalid/articles/2026/10/story-2721?utm_source=share&utm_medium=link&ref=sfp-seed
2dj,https://news.example.invalid/articles/2026/10/story-8513?utm_source=share&utm_medium=link&ref=sfp-seed
2q2,https://news.example.invalid/articles/2026/10/story-9302?utm_source=share&utm_medium=link&ref=sfp-seed
1cF,https://news.example.invalid/articles/2026/10/story-4629?utm_source=share&utm_medium=link&ref=sfp-seed
qt,https://news.example.invalid/articles/2026/10/story-1641?utm_source=share&utm_medium=link&ref=sfp-seed
6w,https://news.example.invalid/articles/2026/10/story-404?utm_source=share&utm_medium=link&ref=sfp-seed
2xz,https://news.example.invalid/articles/2026/10/story-9769?utm_source=share&utm_medium=link&ref=sfp-seed
1lj,https://news.example.invalid/articles/2026/10/story-5165?utm_source=share&utm_medium=link&ref=sfp-seed
aO,https://news.example.invalid/articles/2026/10/story-670?utm_source=share&utm_medium=link&ref=sfp-seed
jm,https://news.example.invalid/articles/2026/10/story-1200?utm_source=share&utm_medium=link&ref=sfp-seed
2hy,https://news.example.invalid/articles/2026/10/story-8776?utm_source=share&utm_medium=link&ref=sfp-seed
12d,https://news.example.invalid/articles/2026/10/story-3981?utm_source=share&utm_medium=link&ref=sfp-seed
yy,https://news.example.invalid/articles/2026/10/story-2142?utm_source=share&utm_medium=link&ref=sfp-seed
25J,https://news.example.invalid/articles/2026/10/story-8043?utm_source=share&utm_medium=link&ref=sfp-seed
21o,https://news.example.invalid/articles/2026/10/story-7774?utm_source=share&utm_medium=link&ref=sfp-seed
1HU,https://news.example.invalid/articles/2026/10/story-6566?utm_source=share&utm_medium=link&ref=sfp-seed
BR,https://news.example.invalid/articles/2026/10/story-2347?utm_source=share&utm_medium=link&ref=sfp-seed
84,https://news.example.invalid/articles/2026/10/story-500?utm_source=share&utm_medium=link&ref=sfp-seed
1Nx,https://news.example.invalid/articles/2026/10/story-6915?utm_source=share&utm_medium=link&ref=sfp-seed
SG,https://news.example.invalid/articles/2026/10/story-3390?utm_source=share&utm_medium=link&ref=sfp-seed
hh,https://news.example.invalid/articles/2026/10/story-1071?utm_source=share&utm_medium=link&ref=sfp-seed
zp,https://news.example.invalid/articles/2026/10/story-2195?utm_source=share&utm_medium=link&ref=sfp-seed
1uO,https://news.example.invalid/articles/2026/10/story-5754?utm_source=share&utm_medium=link&ref=sfp-seed
F,https://news.example.invalid/articles/2026/10/story-41?utm_source=share&utm_medium=link&ref=sfp-seed
Ai,https://news.example.invalid/articles/2026/10/story-2250?utm_source=share&utm_medium=link&ref=sfp-seed
2pr,https://news.example.invalid/articles/2026/10/story-9265?utm_source=share&utm_medium=link&ref=sfp-seed
yN,https://news.example.invalid/articles/2026/10/story-2157?utm_source=share&utm_medium=link&ref=sfp-seed
pp,https://news.example.invalid/articles/2026/10/story-1575?utm_source=share&utm_medium=link&ref=sfp-seed
2dq,https://news.example.invalid/articles/2026/10/story-8520?utm_source=share&utm_medium=link&ref=sfp-seed
1bh,https://news.example.invalid/articles/2026/10/story-4543?utm_source=share&utm_medium=link&ref=sfp-seed
rC,https://news.example.invalid/articles/2026/10/story-1712?utm_source=share&utm_medium=link&ref=sfp-seed
z0,https://news.example.invalid/articles/2026/10/story-2170?utm_source=share&utm_medium=link&ref=sfp-seed
2jG,https://news.example.invalid/articles/2026/10/story-8908?utm_source=share&utm_medium=link&ref=sfp-seed
2d0,https://news.example.invalid/articles/2026/10/story-8494?utm_source=share&utm_medium=link&ref=sfp-seed
2A0,https://news.example.invalid/articles/2026/10/story-9920?utm_source=share&utm_medium=link&ref=sfp-seed
23u,https://news.example.invalid/articles/2026/10/story-7904?utm_source=share&utm_medium=link&ref=sfp-seed
2kY,https://news.example.invalid/articles/2026/10/story-8988?utm_source=share&utm_medium=link&ref=sfp-seed
1wr,https://news.example.invalid/articles/2026/10/story-5855?utm_source=share&utm_medium=link&ref=sfp-seed
19o,https://news.example.invalid/articles/2026/10/story-4426?utm_source=share&utm_medium=link&ref=sfp-seed
aK,https://news.example.invalid/articles/2026/10/story-666?utm_source=share&utm_medium=link&ref=sfp-seed
1b8,https://news.example.invalid/articles/2026/10/story-4534?utm_source=share&utm_medium=link&ref=sfp-seed
gd,https://news.example.invalid/articles/2026/10/story-1005?utm_source=share&utm_medium=link&ref=sfp-seed
Vw,https://news.example.invalid/articles/2026/10/story-3566?utm_source=share&utm_medium=link&ref=sfp-seed
2of,https://news.example.invalid/articles/2026/10/story-9191?utm_source=share&utm_medium=link&ref=sfp-seed
2pD,https://news.example.invalid/articles/2026/10/story-9277?utm_source=share&utm_medium=link&ref=sfp-seed
1Z4,https://news.example.invalid/articles/2026/10/story-7630?utm_source=share&utm_medium=link&ref=sfp-seed
2wi,https://news.example.invalid/articles/2026/10/story-9690?utm_source=share&utm_medium=link&ref=sfp-seed
2fE,https://news.example.invalid/articles/2026/10/story-8658?utm_source=share&utm_medium=link&ref=sfp-seed
QU,https://news.example.invalid/articles/2026/10/story-3280?utm_source=share&utm_medium=link&ref=sfp-seed
gh,https://news.example.invalid/articles/2026/10/story-1009?utm_source=share&utm_medium=link&ref=sfp-seed
1fY,https://news.example.invalid/articles/2026/10/story-4834?utm_source=share&utm_medium=link&ref=sfp-seed
V3,https://news.example.invalid/articles/2026/10/story-3537?utm_source=share&utm_medium=link&ref=sfp-seed
1SQ,https://news.example.invalid/articles/2026/10/story-7244?utm_source=share&utm_medium=link&ref=sfp-seed
188,https://news.example.invalid/articles/2026/10/story-4348?utm_source=share&utm_medium=link&ref=sfp-seed
d5,https://news.example.invalid/articles/2026/10/story-811?utm_source=share&utm_medium=link&ref=sfp-seed
5a,https://news.example.invalid/articles/2026/10/story-320?utm_source=share&utm_medium=link&ref=sfp-seed
nS,https://news.example.invalid/articles/2026/10/story-1480?utm_source=share&utm_medium=link&ref=sfp-seed
D3,https://news.example.invalid/articles/2026/10/story-2421?utm_source=share&utm_medium=link&ref=sfp-seed
1Xq,https://news.example.invalid/articles/2026/10/story-7528?utm_source=share&utm_medium=link&ref=sfp-seed
13R,https://news.example.invalid/articles/2026/10/story-4083?utm_source=share&utm_medium=link&ref=sfp-seed
2g7,https://news.example.invalid/articles/2026/10/story-8687?utm_source=share&utm_medium=link&ref=sfp-seed
2mh,https://news.example.invalid/articles/2026/10/story-9069?utm_source=share&utm_medium=link&ref=sfp-seed
2cK,https://news.example.invalid/articles/2026/10/story-8478?utm_source=share&utm_medium=link&ref=sfp-seed
27J,https://news.example.invalid/articles/2026/10/story-8167?utm_source=share&utm_medium=link&ref=sfp-seed
1Q5,https://news.example.invalid/articles/2026/10/story-7073?utm_source=share&utm_medium=link&ref=sfp-seed
1Fn,https://news.example.invalid/articles/2026/10/story-6409?utm_source=share&utm_medium=link&ref=sfp-seed
2yO,https://news.example.invalid/articles/2026/10/story-9846?utm_source=share&utm_medium=link&ref=sfp-seed
1ZG,https://news.example.invalid/articles/2026/10/story-7668?utm_source=share&utm_medium=link&ref=sfp-seed
1tQ,https://news.example.invalid/articles/2026/10/story-5694?utm_source=share&utm_medium=link&ref=sfp-seed
HY,https://news.example.invalid/articles/2026/10/story-2726?utm_source=share&utm_medium=link&ref=sfp-seed
AW,https://news.example.invalid/articles/2026/10/story-2290?utm_source=share&utm_medium=link&ref=sfp-seed
1rc,https://news.example.invalid/articles/2026/10/story-5530?utm_source=share&utm_medium=link&ref=sfp-seed
2sV,https://news.example.invalid/articles/2026/10/story-9481?utm_source=share&utm_medium=link&ref=sfp-seed
1Fj,https://news.example.invalid/articles/2026/10/story-6405?utm_source=share&utm_medium=link&ref=sfp-seed
wt,https://news.example.invalid/articles/2026/10/story-2013?utm_source=share&utm_medium=link&ref=sfp-seed
RA,https://news.example.invalid/articles/2026/10/story-3322?utm_source=share&utm_medium=link&ref=sfp-seed
19D,https://news.example.invalid/articles/2026/10/story-4441?utm_source=share&utm_medium=link&ref=sfp-seed
1Aw,https://news.example.invalid/articles/2026/10/story-6108?utm_source=share&utm_medium=link&ref=sfp-seed
1Ae,https://news.example.invalid/articles/2026/10/story-6090?utm_source=share&utm_medium=link&ref=sfp-seed
1IM,https://news.example.invalid/articles/2026/10/story-6620?utm_source=share&utm_medium=link&ref=sfp-seed
MY,https://news.example.invalid/articles/2026/10/story-3036?utm_source=share&utm_medium=link&ref=sfp-seed
Uz,https://news.example.invalid/articles/2026/10/story-3507?utm_source=share&utm_medium=link&ref=sfp-seed
14D,https://news.example.invalid/articles/2026/10/story-4131?utm_source=share&utm_medium=link&ref=sfp-seed
1X8,https://news.example.invalid/articles/2026/10/story-7510?utm_source=share&utm_medium=link&ref=sfp-seed
OA,https://news.example.invalid/articles/2026/10/story-3136?utm_source=share&utm_medium=link&ref=sfp-seed
20n,https://news.example.invalid/articles/2026/10/story-7711?utm_source=share&utm_medium=link&ref=sfp-seed
7v,https://news.example.invalid/articles/2026/10/story-465?utm_source=share&utm_medium=link&ref=sfp-seed
1EP,https://news.example.invalid/articles/2026/10/story-6375?utm_source=share&utm_medium=link&ref=sfp-seed
hR,https://news.example.invalid/articles/2026/10/story-1107?utm_source=share&utm_medium=link&ref=sfp-seed
6k,https://news.example.invalid/articles/2026/10/story-392?utm_source=share&utm_medium=link&ref=sfp-seed
2oO,https://news.example.invalid/articles/2026/10/story-9226?utm_source=share&utm_medium=link&ref=sfp-seed
19,https://news.example.invalid/articles/2026/10/story-71?utm_source=share&utm_medium=link&ref=sfp-seed
1pv,https://news.example.invalid/articles/2026/10/story-5425?utm_source=share&utm_medium=link&ref=sfp-seed
By,https://news.example.invalid/articles/2026/10/story-2328?utm_source=share&utm_medium=link&ref=sfp-seed
1wz,https://news.example.invalid/articles/2026/10/story-5863?utm_source=share&utm_medium=link&ref=sfp-seed
HK,https://news.example.invalid/articles/2026/10/story-2712?utm_source=share&utm_medium=link&ref=sfp-seed
2gP,https://news.example.invalid/articles/2026/10/story-8731?utm_source=share&utm_medium=link&ref=sfp-seed
1gy,https://news.example.invalid/articles/2026/10/story-4870?utm_source=share&utm_medium=link&ref=sfp-seed
2m1,https://news.example.invalid/articles/2026/10/story-9053?utm_source=share&utm_medium=link&ref=sfp-seed
1Wa,https://news.example.invalid/articles/2026/10/story-7450?utm_source=share&utm_medium=link&ref=sfp-seed
28h,https://news.example.invalid/articles/2026/10/story-8201?utm_source=share&utm_medium=link&ref=sfp-seed
1eB,https://news.example.invalid/articles/2026/10/story-4749?utm_source=share&utm_medium=link&ref=sfp-seed
wi,https://news.example.invalid/articles/2026/10/story-2002?utm_source=share&utm_medium=link&ref=sfp-seed
28e,https://news.example.invalid/articles/2026/10/story-8198?utm_source=share&utm_medium=link&ref=sfp-seed
18f,https://news.example.invalid/articles/2026/10/story-4355?utm_source=share&utm_medium=link&ref=sfp-seed
10D,https://news.example.invalid/articles/2026/10/story-3883?utm_source=share&utm_medium=link&ref=sfp-seed
2sj,https://news.example.invalid/articles/2026/10/story-9443?utm_source=share&utm_medium=link&ref=sfp-seed
zf,https://news.example.invalid/articles/2026/10/story-2185?utm_source=share&utm_medium=link&ref=sfp-seed
Rx,https://news.example.invalid/articles/2026/10/story-3319?utm_source=share&utm_medium=link&ref=sfp-seed
Zl,https://news.example.invalid/articles/2026/10/story-3803?utm_source=share&utm_medium=link&ref=sfp-seed
131,https://news.example.invalid/articles/2026/10/story-4031?utm_source=share&utm_medium=link&ref=sfp-seed
NV,https://news.example.invalid/articles/2026/10/story-3095?utm_source=share&utm_medium=link&ref=sfp-seed
uQ,https://news.example.invalid/articles/2026/10/story-1912?utm_source=share&utm_medium=link&ref=sfp-seed
HB,https://news.example.invalid/articles/2026/10/story-2703?utm_source=share&utm_medium=link&ref=sfp-seed
1Ol,https://news.example.invalid/articles/2026/10/story-6965?utm_source=share&utm_medium=link&ref=sfp-seed
Lt,https://news.example.invalid/articles/2026/10/story-2943?utm_source=share&utm_medium=link&ref=sfp-seed
1f8,https://news.example.invalid/articles/2026/10/story-4782?utm_source=share&utm_medium=link&ref=sfp-seed
1EC,https://news.example.invalid/articles/2026/10/story-6362?utm_source=share&utm_medium=link&ref=sfp-seed
Da,https://news.example.invalid/articles/2026/10/story-2428?utm_source=share&utm_medium=link&ref=sfp-seed
6S,https://news.example.invalid/articles/2026/10/story-426?utm_source=share&utm_medium=link&ref=sfp-seed
29R,https://news.example.invalid/articles/2026/10/story-8299?utm_source=share&utm_medium=link&ref=sfp-seed
S7,https://news.example.invalid/articles/2026/10/story-3355?utm_source=share&utm_medium=link&ref=sfp-seed
1XB,https://news.example.invalid/articles/2026/10/story-7539?utm_source=share&utm_medium=link&ref=sfp-seed
2oJ,https://news.example.invalid/articles/2026/10/story-9221?utm_source=share&utm_medium=link&ref=sfp-seed
1nP,https://news.example.invalid/articles/2026/10/story-5321?utm_source=share&utm_medium=link&ref=sfp-seed
2wK,https://news.example.invalid/articles/2026/10/story-9718?utm_source=share&utm_medium=link&ref=sfp-seed
1M,https://news.example.invalid/articles/2026/10/story-110?utm_source=share&utm_medium=link&ref=sfp-seed
1Bd,https://news.example.invalid/articles/2026/10/story-6151?utm_source=share&utm_medium=link&ref=sfp-seed
ff,https://news.example.invalid/articles/2026/10/story-945?utm_source=share&utm_medium=link&ref=sfp-seed
1n5,https://news.example.invalid/articles/2026/10/story-5275?utm_source=share&utm_medium=link&ref=sfp-seed
1oa,https://news.example.invalid/articles/2026/10/story-5342?utm_source=share&utm_medium=link&ref=sfp-seed
1xP,https://news.example.invalid/articles/2026/10/story-5941?utm_source=share&utm_medium=link&ref=sfp-seed
F7,https://news.example.invalid/articles/2026/10/story-2549?utm_source=share&utm_medium=link&ref=sfp-seed
1oj,https://news.example.invalid/articles/2026/10/story-5351?utm_source=share&utm_medium=link&ref=sfp-seed
2dO,https://news.example.invalid/articles/2026/10/story-8544?utm_source=share&utm_medium=link&ref=sfp-seed
k4,https://news.example.invalid/articles/2026/10/story-1244?utm_source=share&utm_medium=link&ref=sfp-seed
1uF,https://news.example.invalid/articles/2026/10/story-5745?utm_source=share&utm_medium=link&ref=sfp-seed
9w,https://news.example.invalid/articles/2026/10/story-590?utm_source=share&utm_medium=link&ref=sfp-seed
1ra,https://news.example.invalid/articles/2026/10/story-5528?utm_source=share&utm_medium=link&ref=sfp-seed
sl,https://news.example.invalid/articles/2026/10/story-1757?utm_source=share&utm_medium=link&ref=sfp-seed
1VO,https://news.example.invalid/articles/2026/10/story-7428?utm_source=share&utm_medium=link&ref=sfp-seed
1cM,https://news.example.invalid/articles/2026/10/story-4636?utm_source=share&utm_medium=link&ref=sfp-seed
qZ,https://news.example.invalid/articles/2026/10/story-1673?utm_source=share&utm_medium=link&ref=sfp-seed
NG,https://news.example.invalid/articles/2026/10/story-3080?utm_source=share&utm_medium=link&ref=sfp-seed
1DV,https://news.example.invalid/articles/2026/10/story-6319?utm_source=share&utm_medium=link&ref=sfp-seed
2hQ,https://news.example.invalid/articles/2026/10/story-8794?utm_source=share&utm_medium=link&ref=sfp-seed
bM,https://news.example.invalid/articles/2026/10/story-730?utm_source=share&utm_medium=link&ref=sfp-seed
ac,https://news.example.invalid/articles/2026/10/story-632?utm_source=share&utm_medium=link&ref=sfp-seed
uI,https://news.example.invalid/articles/2026/10/story-1904?utm_source=share&utm_medium=link&ref=sfp-seed
2o6,https://news.example.invalid/articles/2026/10/story-9182?utm_source=share&utm_medium=link&ref=sfp-seed
12W,https://news.example.invalid/articles/2026/10/story-4026?utm_source=share&utm_medium=link&ref=sfp-seed
20F,https://news.example.invalid/articles/2026/10/story-7729?utm_source=share&utm_medium=link&ref=sfp-seed
2mY,https://news.example.invalid/articles/2026/10/story-9112?utm_source=share&utm_medium=link&ref=sfp-seed
No,https://news.example.invalid/articles/2026/10/story-3062?utm_source=share&utm_medium=link&ref=sfp-seed
1aD,https://news.example.invalid/articles/2026/10/story-4503?utm_source=share&utm_medium=link&ref=sfp-seed
23J,https://news.example.invalid/articles/2026/10/story-7919?utm_source=share&utm_medium=link&ref=sfp-seed
1eH,https://news.example.invalid/articles/2026/10/story-4755?utm_source=share&utm_medium=link&ref=sfp-seed
xc,https://news.example.invalid/articles/2026/10/story-2058?utm_source=share&utm_medium=link&ref=sfp-seed
1y2,https://news.example.invalid/articles/2026/10/story-5954?utm_source=share&utm_medium=link&ref=sfp-seed
2tu,https://news.example.invalid/articles/2026/10/story-9516?utm_source=share&utm_medium=link&ref=sfp-seed
Ph,https://news.example.invalid/articles/2026/10/story-3179?utm_source=share&utm_medium=link&ref=sfp-seed
E1,https://news.example.invalid/articles/2026/10/story-2481?utm_source=share&utm_medium=link&ref=sfp-seed
mL,https://news.example.invalid/articles/2026/10/story-1411?utm_source=share&utm_medium=link&ref=sfp-seed
109,https://news.example.invalid/articles/2026/10/story-3853?utm_source=share&utm_medium=link&ref=sfp-seed
x0,https://news.example.invalid/articles/2026/10/story-2046?utm_source=share&utm_medium=link&ref=sfp-seed
9n,https://news.example.invalid/articles/2026/10/story-581?utm_source=share&utm_medium=link&ref=sfp-seed
pJ,https://news.example.invalid/articles/2026/10/story-1595?utm_source=share&utm_medium=link&ref=sfp-seed
27n,https://news.example.invalid/articles/2026/10/story-8145?utm_source=share&utm_medium=link&ref=sfp-seed
F2,https://news.example.invalid/articles/2026/10/story-2544?utm_source=share&utm_medium=link&ref=sfp-seed
1Az,https://news.example.invalid/articles/2026/10/story-6111?utm_source=share&utm_medium=link&ref=sfp-seed
UT,https://news.example.invalid/articles/2026/10/story-3527?utm_source=share&utm_medium=link&ref=sfp-seed
Xl,https://news.example.invalid/articles/2026/10/story-3679?utm_source=share&utm_medium=link&ref=sfp-seed
wW,https://news.example.invalid/articles/2026/10/story-2042?utm_source=share&utm_medium=link&ref=sfp-seed
S2,https://news.example.invalid/articles/2026/10/story-3350?utm_source=share&utm_medium=link&ref=sfp-seed
1HB,https://news.example.invalid/articles/2026/10/story-6547?utm_source=share&utm_medium=link&ref=sfp-seed
2xM,https://news.example.invalid/articles/2026/10/story-9782?utm_source=share&utm_medium=link&ref=sfp-seed
2jh,https://news.example.invalid/articles/2026/10/story-8883?utm_source=share&utm_medium=link&ref=sfp-seed
1gH,https://news.example.invalid/articles/2026/10/story-4879?utm_source=share&utm_medium=link&ref=sfp-seed
28r,https://news.example.invalid/articles/2026/10/story-8211?utm_source=share&utm_medium=link&ref=sfp-seed
1Cb,https://news.example.invalid/articles/2026/10/story-6211?utm_source=share&utm_medium=link&ref=sfp-seed
1Ck,https://news.example.invalid/articles/2026/10/story-6220?utm_source=share&utm_medium=link&ref=sfp-seed
1PU,https://news.example.invalid/articles/2026/10/story-7062?utm_source=share&utm_medium=link&ref=sfp-seed
mp,https://news.example.invalid/articles/2026/10/story-1389?utm_source=share&utm_medium=link&ref=sfp-seed
1RN,https://news.example.invalid/articles/2026/10/story-7179?utm_source=share&utm_medium=link&ref=sfp-seed
1Zt,https://news.example.invalid/articles/2026/10/story-7655?utm_source=share&utm_medium=link&ref=sfp-seed
xY,https://news.example.invalid/articles/2026/10/story-2106?utm_source=share&utm_medium=link&ref=sfp-seed
2lO,https://news.example.invalid/articles/2026/10/story-9040?utm_source=share&utm_medium=link&ref=sfp-seed
26E,https://news.example.invalid/articles/2026/10/story-8100?utm_source=share&utm_medium=link&ref=sfp-seed
kn,https://news.example.invalid/articles/2026/10/story-1263?utm_source=share&utm_medium=link&ref=sfp-seed
2wh,https://news.example.invalid/articles/2026/10/story-9689?utm_source=share&utm_medium=link&ref=sfp-seed
VH,https://news.example.invalid/articles/2026/10/story-3577?utm_source=share&utm_medium=link&ref=sfp-seed
1Or,https://news.example.invalid/articles/2026/10/story-6971?utm_source=share&utm_medium=link&ref=sfp-seed
1qp,https://news.example.invalid/articles/2026/10/story-5481?utm_source=share&utm_medium=link&ref=sfp-seed
2mz,https://news.example.invalid/articles/2026/10/story-9087?utm_source=share&utm_medium=link&ref=sfp-seed
1C0,https://news.example.invalid/articles/2026/10/story-6200?utm_source=share&utm_medium=link&ref=sfp-seed
2rg,https://news.example.invalid/articles/2026/10/story-9378?utm_source=share&utm_medium=link&ref=sfp-seed
16G,https://news.example.invalid/articles/2026/10/story-4258?utm_source=share&utm_medium=link&ref=sfp-seed
nw,https://news.example.invalid/articles/2026/10/story-1458?utm_source=share&utm_medium=link&ref=sfp-seed
22P,https://news.example.invalid/articles/2026/10/story-7863?utm_source=share&utm_medium=link&ref=sfp-seed
ew,https://news.example.invalid/articles/2026/10/story-900?utm_source=share&utm_medium=link&ref=sfp-seed
t2,https://news.example.invalid/articles/2026/10/story-1800?utm_source=share&utm_medium=link&ref=sfp-seed
1ZL,https://news.example.invalid/articles/2026/10/story-7673?utm_source=share&utm_medium=link&ref=sfp-seed
2d7,https://news.example.invalid/articles/2026/10/story-8501?utm_source=share&utm_medium=link&ref=sfp-seed
1Tx,https://news.example.invalid/articles/2026/10/story-7287?utm_source=share&utm_medium=link&ref=sfp-seed
24G,https://news.example.invalid/articles/2026/10/story-7978?utm_source=share&utm_medium=link&ref=sfp-seed
26d,https://news.example.invalid/articles/2026/10/story-8073?utm_source=share&utm_medium=link&ref=sfp-seed
12a,https://news.example.invalid/articles/2026/10/story-3978?utm_source=share&utm_medium=link&ref=sfp-seed
14Q,https://news.example.invalid/articles/2026/10/story-4144?utm_source=share&utm_medium=link&ref=sfp-seed
NR,https://news.example.invalid/articles/2026/10/story-3091?utm_source=share&utm_medium=link&ref=sfp-seed
Z1,https://news.example.invalid/articles/2026/10/story-3783?utm_source=share&utm_medium=link&ref=sfp-seed
1vk,https://news.example.invalid/articles/2026/10/story-5786?utm_source=share&utm_medium=link&ref=sfp-seed
2ey,https://news.example.invalid/articles/2026/10/story-8590?utm_source=share&utm_medium=link&ref=sfp-seed
Fm,https://news.example.invalid/articles/2026/10/story-2564?utm_source=share&utm_medium=link&ref=sfp-seed
gE,https://news.example.invalid/articles/2026/10/story-1032?utm_source=share&utm_medium=link&ref=sfp-seed
26O,https://news.example.invalid/articles/2026/10/story-8110?utm_source=share&utm_medium=link&ref=sfp-seed
1F6,https://news.example.invalid/articles/2026/10/story-6392?utm_source=share&utm_medium=link&ref=sfp-seed
1ea,https://news.example.invalid/articles/2026/10/story-4722?utm_source=share&utm_medium=link&ref=sfp-seed
1yM,https://news.example.invalid/articles/2026/10/story-6000?utm_source=share&utm_medium=link&ref=sfp-seed
2O,https://news.example.invalid/articles/2026/10/story-174?utm_source=share&utm_medium=link&ref=sfp-seed
1d3,https://news.example.invalid/articles/2026/10/story-4653?utm_source=share&utm_medium=link&ref=sfp-seed
2jn,https://news.example.invalid/articles/2026/10/story-8889?utm_source=share&utm_medium=link&ref=sfp-seed
1ZR,https://news.example.invalid/articles/2026/10/story-7679?utm_source=share&utm_medium=link&ref=sfp-seed
1KT,https://news.example.invalid/articles/2026/10/story-6751?utm_source=share&utm_medium=link&ref=sfp-seed
1y5,https://news.example.invalid/articles/2026/10/story-5957?utm_source=share&utm_medium=link&ref=sfp-seed
2q6,https://news.example.invalid/articles/2026/10/story-9306?utm_source=share&utm_medium=link&ref=sfp-seed
17w,https://news.example.invalid/articles/2026/10/story-4310?utm_source=share&utm_medium=link&ref=sfp-seed
6Y,https://news.example.invalid/articles/2026/10/story-432?utm_source=share&utm_medium=link&ref=sfp-seed
Nb,https://news.example.invalid/articles/2026/10/story-3049?utm_source=share&utm_medium=link&ref=sfp-seed
sg,https://news.example.invalid/articles/2026/10/story-1752?utm_source=share&utm_medium=link&ref=sfp-seed
1v3,https://news.example.invalid/articles/2026/10/story-5769?utm_source=share&utm_medium=link&ref=sfp-seed
27q,https://news.example.invalid/articles/2026/10/story-8148?utm_source=share&utm_medium=link&ref=sfp-seed
fQ,https://news.example.invalid/articles/2026/10/story-982?utm_source=share&utm_medium=link&ref=sfp-seed
10z,https://news.example.invalid/articles/2026/10/story-3879?utm_source=share&utm_medium=link&ref=sfp-seed
1Fw,https://news.example.invalid/articles/2026/10/story-6418?utm_source=share&utm_medium=link&ref=sfp-seed
2dC,https://news.example.invalid/articles/2026/10/story-8532?utm_source=share&utm_medium=link&ref=sfp-seed
1bZ,https://news.example.invalid/articles/2026/10/story-4587?utm_source=share&utm_medium=link&ref=sfp-seed
1AV,https://news.example.invalid/articles/2026/10/story-6133?utm_source=share&utm_medium=link&ref=sfp-seed
5x,https://news.example.invalid/articles/2026/10/story-343?utm_source=share&utm_medium=link&ref=sfp-seed
2cS,https://news.example.invalid/articles/2026/10/story-8486?utm_source=share&utm_medium=link&ref=sfp-seed
fc,https://news.example.invalid/articles/2026/10/story-942?utm_source=share&utm_medium=link&ref=sfp-seed
2hw,https://news.example.invalid/articles/2026/10/story-8774?utm_source=share&utm_medium=link&ref=sfp-seed
Un,https://news.example.invalid/articles/2026/10/story-3495?utm_source=share&utm_medium=link&ref=sfp-seed
RP,https://news.example.invalid/articles/2026/10/story-3337?utm_source=share&utm_medium=link&ref=sfp-seed
1wK,https://news.example.invalid/articles/2026/10/story-5874?utm_source=share&utm_medium=link&ref=sfp-seed
lh,https://news.example.invalid/articles/2026/10/story-1319?utm_source=share&utm_medium=link&ref=sfp-seed
1c0,https://news.example.invalid/articles/2026/10/story-4588?utm_source=share&utm_medium=link&ref=sfp-seed
di,https://news.example.invalid/articles/2026/10/story-824?utm_source=share&utm_medium=link&ref=sfp-seed
FW,https://news.example.invalid/articles/2026/10/story-2600?utm_source=share&utm_medium=link&ref=sfp-seed
1iq,https://news.example.invalid/articles/2026/10/story-4986?utm_source=share&utm_medium=link&ref=sfp-seed
mw,https://news.example.invalid/articles/2026/10/story-1396?utm_source=share&utm_medium=link&ref=sfp-seed
wf,https://news.example.invalid/articles/2026/10/story-1999?utm_source=share&utm_medium=link&ref=sfp-seed
1w5,https://news.example.invalid/articles/2026/10/story-5833?utm_source=share&utm_medium=link&ref=sfp-seed
1Ja,https://news.example.invalid/articles/2026/10/story-6644?utm_source=share&utm_medium=link&ref=sfp-seed
1dz,https://news.example.invalid/articles/2026/10/story-4685?utm_source=share&utm_medium=link&ref=sfp-seed
2e4,https://news.example.invalid/articles/2026/10/story-8560?utm_source=share&utm_medium=link&ref=sfp-seed
1Op,https://news.example.invalid/articles/2026/10/story-6969?utm_source=share&utm_medium=link&ref=sfp-seed
ck,https://news.example.invalid/articles/2026/10/story-764?utm_source=share&utm_medium=link&ref=sfp-seed
JY,https://news.example.invalid/articles/2026/10/story-2850?utm_source=share&utm_medium=link&ref=sfp-seed
ez,https://news.example.invalid/articles/2026/10/story-903?utm_source=share&utm_medium=link&ref=sfp-seed
1sQ,https://news.example.invalid/articles/2026/10/story-5632?utm_source=share&utm_medium=link&ref=sfp-seed
5C,https://news.example.invalid/articles/2026/10/story-348?utm_source=share&utm_medium=link&ref=sfp-seed
tJ,https://news.example.invalid/articles/2026/10/story-1843?utm_source=share&utm_medium=link&ref=sfp-seed
1gd,https://news.example.invalid/articles/2026/10/story-4849?utm_source=share&utm_medium=link&ref=sfp-seed
13n,https://news.example.invalid/articles/2026/10/story-4053?utm_source=share&utm_medium=link&ref=sfp-seed
12R,https://news.example.invalid/articles/2026/10/story-4021?utm_source=share&utm_medium=link&ref=sfp-seed
1Ha,https://news.example.invalid/articles/2026/10/story-6520?utm_source=share&utm_medium=link&ref=sfp-seed
2ww,https://news.example.invalid/articles/2026/10/story-9704?utm_source=share&utm_medium=link&ref=sfp-seed
1kt,https://news.example.invalid/articles/2026/10/story-5113?utm_source=share&utm_medium=link&ref=sfp-seed
1Ia,https://news.example.invalid/articles/2026/10/story-6582?utm_source=share&utm_medium=link&ref=sfp-seed
2xU,https://news.example.invalid/articles/2026/10/story-9790?utm_source=share&utm_medium=link&ref=sfp-seed
2c5,https://news.example.invalid/articles/2026/10/story-8437?utm_source=share&utm_medium=link&ref=sfp-seed
QJ,https://news.example.invalid/articles/2026/10/story-3269?utm_source=share&utm_medium=link&ref=sfp-seed
2sT,https://news.example.invalid/articles/2026/10/story-9479?utm_source=share&utm_medium=link&ref=sfp-seed
2j5,https://news.example.invalid/articles/2026/10/story-8871?utm_source=share&utm_medium=link&ref=sfp-seed
1zW,https://news.example.invalid/articles/2026/10/story-6072?utm_source=share&utm_medium=link&ref=sfp-seed
1Nj,https://news.example.invalid/articles/2026/10/story-6901?utm_source=share&utm_medium=link&ref=sfp-seed
1zD,https://news.example.invalid/articles/2026/10/story-6053?utm_source=share&utm_medium=link&ref=sfp-seed
1F7,https://news.example.invalid/articles/2026/10/story-6393?utm_source=share&utm_medium=link&ref=sfp-seed
iD,https://news.example.invalid/articles/2026/10/story-1155?utm_source=share&utm_medium=link&ref=sfp-seed
m3,https://news.example.invalid/articles/2026/10/story-1367?utm_source=share&utm_medium=link&ref=sfp-seed
bP,https://news.example.invalid/articles/2026/10/story-733?utm_source=share&utm_medium=link&ref=sfp-seed
2dB,https://news.example.invalid/articles/2026/10/story-8531?utm_source=share&utm_medium=link&ref=sfp-seed
1LO,https://news.example.invalid/articles/2026/10/story-6808?utm_source=share&utm_medium=link&ref=sfp-seed
1dH,https://news.example.invalid/articles/2026/10/story-4693?utm_source=share&utm_medium=link&ref=sfp-seed
1ye,https://news.example.invalid/articles/2026/10/story-5966?utm_source=share&utm_medium=link&ref=sfp-seed
16h,https://news.example.invalid/articles/2026/10/story-4233?utm_source=share&utm_medium=link&ref=sfp-seed
1l8,https://news.example.invalid/articles/2026/10/story-5154?utm_source=share&utm_medium=link&ref=sfp-seed
2AI,https://news.example.invalid/articles/2026/10/story-9964?utm_source=share&utm_medium=link&ref=sfp-seed
lo,https://news.example.invalid/articles/2026/10/story-1326?utm_source=share&utm_medium=link&ref=sfp-seed
1ww,https://news.example.invalid/articles/2026/10/story-5860?utm_source=share&utm_medium=link&ref=sfp-seed
Dk,https://news.example.invalid/articles/2026/10/story-2438?utm_source=share&utm_medium=link&ref=sfp-seed
1EV,https://news.example.invalid/articles/2026/10/story-6381?utm_source=share&utm_medium=link&ref=sfp-seed
6i,https://news.example.invalid/articles/2026/10/story-390?utm_source=share&utm_medium=link&ref=sfp-seed
th,https://news.example.invalid/articles/2026/10/story-1815?utm_source=share&utm_medium=link&ref=sfp-seed
1hx,https://news.example.invalid/articles/2026/10/story-4931?utm_source=share&utm_medium=link&ref=sfp-seed
EQ,https://news.example.invalid/articles/2026/10/story-2532?utm_source=share&utm_medium=link&ref=sfp-seed
12t,https://news.example.invalid/articles/2026/10/story-3997?utm_source=share&utm_medium=link&ref=sfp-seed
tL,https://news.example.invalid/articles/2026/10/story-1845?utm_source=share&utm_medium=link&ref=sfp-seed
28R,https://news.example.invalid/articles/2026/10/story-8237?utm_source=share&utm_medium=link&ref=sfp-seed
1PJ,https://news.example.invalid/articles/2026/10/story-7051?utm_source=share&utm_medium=link&ref=sfp-seed
1Xx,https://news.example.invalid/articles/2026/10/story-7535?utm_source=share&utm_medium=link&ref=sfp-seed
24R,https://news.example.invalid/articles/2026/10/story-7989?utm_source=share&utm_medium=link&ref=sfp-seed
1os,https://news.example.invalid/articles/2026/10/story-5360?utm_source=share&utm_medium=link&ref=sfp-seed
1eO,https://news.example.invalid/articles/2026/10/story-4762?utm_source=share&utm_medium=link&ref=sfp-seed
UL,https://news.example.invalid/articles/2026/10/story-3519?utm_source=share&utm_medium=link&ref=sfp-seed
1J8,https://news.example.invalid/articles/2026/10/story-6642?utm_source=share&utm_medium=link&ref=sfp-seed
7R,https://news.example.invalid/articles/2026/10/story-487?utm_source=share&utm_medium=link&ref=sfp-seed
1sW,https://news.example.invalid/articles/2026/10/story-5638?utm_source=share&utm_medium=link&ref=sfp-seed
1T5,https://news.example.invalid/articles/2026/10/story-7259?utm_source=share&utm_medium=link&ref=sfp-seed
1q,https://news.example.invalid/articles/2026/10/story-88?utm_source=share&utm_medium=link&ref=sfp-seed
1EI,https://news.example.invalid/articles/2026/10/story-6368?utm_source=share&utm_medium=link&ref=sfp-seed
xr,https://news.example.invalid/articles/2026/10/story-2073?utm_source=share&utm_medium=link&ref=sfp-seed
57,https://news.example.invalid/articles/2026/10/story-317?utm_source=share&utm_medium=link&ref=sfp-seed
1Wx,https://news.example.invalid/articles/2026/10/story-7473?utm_source=share&utm_medium=link&ref=sfp-seed
2uF,https://news.example.invalid/articles/2026/10/story-9589?utm_source=share&utm_medium=link&ref=sfp-seed
1qN,https://news.example.invalid/articles/2026/10/story-5505?utm_source=share&utm_medium=link&ref=sfp-seed
fG,https://news.example.invalid/articles/2026/10/story-972?utm_source=share&utm_medium=link&ref=sfp-seed
kx,https://news.example.invalid/articles/2026/10/story-1273?utm_source=share&utm_medium=link&ref=sfp-seed
1v8,https://news.example.invalid/articles/2026/10/story-5774?utm_source=share&utm_medium=link&ref=sfp-seed
yn,https://news.example.invalid/articles/2026/10/story-2131?utm_source=share&utm_medium=link&ref=sfp-seed
Qo,https://news.example.invalid/articles/2026/10/story-3248?utm_source=share&utm_medium=link&ref=sfp-seed
29e,https://news.example.invalid/articles/2026/10/story-8260?utm_source=share&utm_medium=link&ref=sfp-seed
4i,https://news.example.invalid/articles/2026/10/story-266?utm_source=share&utm_medium=link&ref=sfp-seed
2i9,https://news.example.invalid/articles/2026/10/story-8813?utm_source=share&utm_medium=link&ref=sfp-seed
10B,https://news.example.invalid/articles/2026/10/story-3881?utm_source=share&utm_medium=link&ref=sfp-seed
1hH,https://news.example.invalid/articles/2026/10/story-4941?utm_source=share&utm_medium=link&ref=sfp-seed
2wT,https://news.example.invalid/articles/2026/10/story-9727?utm_source=share&utm_medium=link&ref=sfp-seed
21S,https://news.example.invalid/articles/2026/10/story-7804?utm_source=share&utm_medium=link&ref=sfp-seed
28s,https://news.example.invalid/articles/2026/10/story-8212?utm_source=share&utm_medium=link&ref=sfp-seed
15p,https://news.example.invalid/articles/2026/10/story-4179?utm_source=share&utm_medium=link&ref=sfp-seed
1Ms,https://news.example.invalid/articles/2026/10/story-6848?utm_source=share&utm_medium=link&ref=sfp-seed
2Af,https://news.example.invalid/articles/2026/10/story-9935?utm_source=share&utm_medium=link&ref=sfp-seed
2xE,https://news.example.invalid/articles/2026/10/story-9774?utm_source=share&utm_medium=link&ref=sfp-seed
1TZ,https://news.example.invalid/articles/2026/10/story-7315?utm_source=share&utm_medium=link&ref=sfp-seed
YD,https://news.example.invalid/articles/2026/10/story-3759?utm_source=share&utm_medium=link&ref=sfp-seed
1aM,https://news.example.invalid/articles/2026/10/story-4512?utm_source=share&utm_medium=link&ref=sfp-seed
1Qz,https://news.example.invalid/articles/2026/10/story-7103?utm_source=share&utm_medium=link&ref=sfp-seed
2lh,https://news.example.invalid/articles/2026/10/story-9007?utm_source=share&utm_medium=link&ref=sfp-seed
2C,https://news.example.invalid/articles/2026/10/story-162?utm_source=share&utm_medium=link&ref=sfp-seed
h9,https://news.example.invalid/articles/2026/10/story-1063?utm_source=share&utm_medium=link&ref=sfp-seed
1p8,https://news.example.invalid/articles/2026/10/story-5402?utm_source=share&utm_medium=link&ref=sfp-seed
PO,https://news.example.invalid/articles/2026/10/story-3212?utm_source=share&utm_medium=link&ref=sfp-seed
vn,https://news.example.invalid/articles/2026/10/story-1945?utm_source=share&utm_medium=link&ref=sfp-seed
2aY,https://news.example.invalid/articles/2026/10/story-8368?utm_source=share&utm_medium=link&ref=sfp-seed
2qD,https://news.example.invalid/articles/2026/10/story-9339?utm_source=share&utm_medium=link&ref=sfp-seed
133,https://news.example.invalid/articles/2026/10/story-4033?utm_source=share&utm_medium=link&ref=sfp-seed
1CE,https://news.example.invalid/articles/2026/10/story-6240?utm_source=share&utm_medium=link&ref=sfp-seed
24n,https://news.example.invalid/articles/2026/10/story-7959?utm_source=share&utm_medium=link&ref=sfp-seed
uh,https://news.example.invalid/articles/2026/10/story-1877?utm_source=share&utm_medium=link&ref=sfp-seed
1Wy,https://news.example.invalid/articles/2026/10/story-7474?utm_source=share&utm_medium=link&ref=sfp-seed
SS,https://news.example.invalid/articles/2026/10/story-3402?utm_source=share&utm_medium=link&ref=sfp-seed
wj,https://news.example.invalid/articles/2026/10/story-2003?utm_source=share&utm_medium=link&ref=sfp-seed
1qy,https://news.example.invalid/articles/2026/10/story-5490?utm_source=share&utm_medium=link&ref=sfp-seed
nr,https://news.example.invalid/articles/2026/10/story-1453?utm_source=share&utm_medium=link&ref=sfp-seed
2zV,https://news.example.invalid/articles/2026/10/story-9915?utm_source=share&utm_medium=link&ref=sfp-seed
1tj,https://news.example.invalid/articles/2026/10/story-5661?utm_source=share&utm_medium=link&ref=sfp-seed
1Jf,https://news.example.invalid/articles/2026/10/story-6649?utm_source=share&utm_medium=link&ref=sfp-seed
1cL,https://news.example.invalid/articles/2026/10/story-4635?utm_source=share&utm_medium=link&ref=sfp-seed
4Q,https://news.example.invalid/articles/2026/10/story-300?utm_source=share&utm_medium=link&ref=sfp-seed
vt,https://news.example.invalid/articles/2026/10/story-1951?utm_source=share&utm_medium=link&ref=sfp-seed
do,https://news.example.invalid/articles/2026/10/story-830?utm_source=share&utm_medium=link&ref=sfp-seed
1SM,https://news.example.invalid/articles/2026/10/story-7240?utm_source=share&utm_medium=link&ref=sfp-seed
d3,https://news.example.invalid/articles/2026/10/story-809?utm_source=share&utm_medium=link&ref=sfp-seed
Px,https://news.example.invalid/articles/2026/10/story-3195?utm_source=share&utm_medium=link&ref=sfp-seed
1zh,https://news.example.invalid/articles/2026/10/story-6031?utm_source=share&utm_medium=link&ref=sfp-seed
286,https://news.example.invalid/articles/2026/10/story-8190?utm_source=share&utm_medium=link&ref=sfp-seed
14j,https://news.example.invalid/articles/2026/10/story-4111?utm_source=share&utm_medium=link&ref=sfp-seed
SC,https://news.example.invalid/articles/2026/10/story-3386?utm_source=share&utm_medium=link&ref=sfp-seed
1dQ,https://news.example.invalid/articles/2026/10/story-4702?utm_source=share&utm_medium=link&ref=sfp-seed
Ad,https://news.example.invalid/articles/2026/10/story-2245?utm_source=share&utm_medium=link&ref=sfp-seed
pa,https://news.example.invalid/articles/2026/10/story-1560?utm_source=share&utm_medium=link&ref=sfp-seed
2g6,https://news.example.invalid/articles/2026/10/story-8686?utm_source=share&utm_medium=link&ref=sfp-seed
1fi,https://news.example.invalid/articles/2026/10/story-4792?utm_source=share&utm_medium=link&ref=sfp-seed
1Dv,https://news.example.invalid/articles/2026/10/story-6293?utm_source=share&utm_medium=link&ref=sfp-seed
5k,https://news.example.invalid/articles/2026/10/story-330?utm_source=share&utm_medium=link&ref=sfp-seed
wn,https://news.example.invalid/articles/2026/10/story-2007?utm_source=share&utm_medium=link&ref=sfp-seed
13t,https://news.example.invalid/articles/2026/10/story-4059?utm_source=share&utm_medium=link&ref=sfp-seed
1CQ,https://news.example.invalid/articles/2026/10/story-6252?utm_source=share&utm_medium=link&ref=sfp-seed
v3,https://news.example.invalid/articles/2026/10/story-1925?utm_source=share&utm_medium=link&ref=sfp-seed
O4,https://news.example.invalid/articles/2026/10/story-3104?utm_source=share&utm_medium=link&ref=sfp-seed
1Sc,https://news.example.invalid/articles/2026/10/story-7204?utm_source=share&utm_medium=link&ref=sfp-seed
2ib,https://news.example.invalid/articles/2026/10/story-8815?utm_source=share&utm_medium=link&ref=sfp-seed
2nk,https://news.example.invalid/articles/2026/10/story-9134?utm_source=share&utm_medium=link&ref=sfp-seed
e7,https://news.example.invalid/articles/2026/10/story-875?utm_source=share&utm_medium=link&ref=sfp-seed
1NL,https://news.example.invalid/articles/2026/10/story-6929?utm_source=share&utm_medium=link&ref=sfp-seed
11y,https://news.example.invalid/articles/2026/10/story-3940?utm_source=share&utm_medium=link&ref=sfp-seed
1tm,https://news.example.invalid/articles/2026/10/story-5664?utm_source=share&utm_medium=link&ref=sfp-seed
cs,https://news.example.invalid/articles/2026/10/story-772?utm_source=share&utm_medium=link&ref=sfp-seed
1Sk,https://news.example.invalid/articles/2026/10/story-7212?utm_source=share&utm_medium=link&ref=sfp-seed
Be,https://news.example.invalid/articles/2026/10/story-2308?utm_source=share&utm_medium=link&ref=sfp-seed
7P,https://news.example.invalid/articles/2026/10/story-485?utm_source=share&utm_medium=link&ref=sfp-seed
20T,https://news.example.invalid/articles/2026/10/story-7743?utm_source=share&utm_medium=link&ref=sfp-seed
He,https://news.example.invalid/articles/2026/10/story-2680?utm_source=share&utm_medium=link&ref=sfp-seed
rw,https://news.example.invalid/articles/2026/10/story-1706?utm_source=share&utm_medium=link&ref=sfp-seed
1Ye,https://news.example.invalid/articles/2026/10/story-7578?utm_source=share&utm_medium=link&ref=sfp-seed
8R,https://news.example.invalid/articles/2026/10/story-549?utm_source=share&utm_medium=link&ref=sfp-seed
16u,https://news.example.invalid/articles/2026/10/story-4246?utm_source=share&utm_medium=link&ref=sfp-seed
Aj,https://news.example.invalid/articles/2026/10/story-2251?utm_source=share&utm_medium=link&ref=sfp-seed
ii,https://news.example.invalid/articles/2026/10/story-1134?utm_source=share&utm_medium=link&ref=sfp-seed
C8,https://news.example.invalid/articles/2026/10/story-2364?utm_source=share&utm_medium=link&ref=sfp-seed
IZ,https://news.example.invalid/articles/2026/10/story-2789?utm_source=share&utm_medium=link&ref=sfp-seed
1rQ,https://news.example.invalid/articles/2026/10/story-5570?utm_source=share&utm_medium=link&ref=sfp-seed
as,https://news.example.invalid/articles/2026/10/story-648?utm_source=share&utm_medium=link&ref=sfp-seed
1dh,https://news.example.invalid/articles/2026/10/story-4667?utm_source=share&utm_medium=link&ref=sfp-seed
2v9,https://news.example.invalid/articles/2026/10/story-9619?utm_source=share&utm_medium=link&ref=sfp-seed
1xH,https://news.example.invalid/articles/2026/10/story-5933?utm_source=share&utm_medium=link&ref=sfp-seed
pX,https://news.example.invalid/articles/2026/10/story-1609?utm_source=share&utm_medium=link&ref=sfp-seed
1si,https://news.example.invalid/articles/2026/10/story-5598?utm_source=share&utm_medium=link&ref=sfp-seed
1tG,https://news.example.invalid/articles/2026/10/story-5684?utm_source=share&utm_medium=link&ref=sfp-seed
Wz,https://news.example.invalid/articles/2026/10/story-3631?utm_source=share&utm_medium=link&ref=sfp-seed
26a,https://news.example.invalid/articles/2026/10/story-8070?utm_source=share&utm_medium=link&ref=sfp-seed
y0,https://news.example.invalid/articles/2026/10/story-2108?utm_source=share&utm_medium=link&ref=sfp-seed
1AK,https://news.example.invalid/articles/2026/10/story-6122?utm_source=share&utm_medium=link&ref=sfp-seed
jN,https://news.example.invalid/articles/2026/10/story-1227?utm_source=share&utm_medium=link&ref=sfp-seed
Bp,https://news.example.invalid/articles/2026/10/story-2319?utm_source=share&utm_medium=link&ref=sfp-seed
11g,https://news.example.invalid/articles/2026/10/story-3922?utm_source=share&utm_medium=link&ref=sfp-seed
1TX,https://news.example.invalid/articles/2026/10/story-7313?utm_source=share&utm_medium=link&ref=sfp-seed
1pz,https://news.example.invalid/articles/2026/10/story-5429?utm_source=share&utm_medium=link&ref=sfp-seed
b8,https://news.example.invalid/articles/2026/10/story-690?utm_source=share&utm_medium=link&ref=sfp-seed
Za,https://news.example.invalid/articles/2026/10/story-3792?utm_source=share&utm_medium=link&ref=sfp-seed
1G,https://news.example.invalid/articles/2026/10/story-104?utm_source=share&utm_medium=link&ref=sfp-seed
29B,https://news.example.invalid/articles/2026/10/story-8283?utm_source=share&utm_medium=link&ref=sfp-seed
lw,https://news.example.invalid/articles/2026/10/story-1334?utm_source=share&utm_medium=link&ref=sfp-seed
uc,https://news.example.invalid/articles/2026/10/story-1872?utm_source=share&utm_medium=link&ref=sfp-seed
29Y,https://news.example.invalid/articles/2026/10/story-8306?utm_source=share&utm_medium=link&ref=sfp-seed
Rv,https://news.example.invalid/articles/2026/10/story-3317?utm_source=share&utm_medium=link&ref=sfp-seed
9G,https://news.example.invalid/articles/2026/10/story-600?utm_source=share&utm_medium=link&ref=sfp-seed
UD,https://news.example.invalid/articles/2026/10/story-3511?utm_source=share&utm_medium=link&ref=sfp-seed
JB,https://news.example.invalid/articles/2026/10/story-2827?utm_source=share&utm_medium=link&ref=sfp-seed
2pN,https://news.example.invalid/articles/2026/10/story-9287?utm_source=share&utm_medium=link&ref=sfp-seed
tb,https://news.example.invalid/articles/2026/10/story-1809?utm_source=share&utm_medium=link&ref=sfp-seed
1xy,https://news.example.invalid/articles/2026/10/story-5924?utm_source=share&utm_medium=link&ref=sfp-seed
2jO,https://news.example.invalid/articles/2026/10/story-8916?utm_source=share&utm_medium=link&ref=sfp-seed
1Wd,https://news.example.invalid/articles/2026/10/story-7453?utm_source=share&utm_medium=link&ref=sfp-seed
Ay,https://news.example.invalid/articles/2026/10/story-2266?utm_source=share&utm_medium=link&ref=sfp-seed
14u,https://news.example.invalid/articles/2026/10/story-4122?utm_source=share&utm_medium=link&ref=sfp-seed
2sy,https://news.example.invalid/articles/2026/10/story-9458?utm_source=share&utm_medium=link&ref=sfp-seed
1Ed,https://news.example.invalid/articles/2026/10/story-6337?utm_source=share&utm_medium=link&ref=sfp-seed
2rH,https://news.example.invalid/articles/2026/10/story-9405?utm_source=share&utm_medium=link&ref=sfp-seed
2yd,https://news.example.invalid/articles/2026/10/story-9809?utm_source=share&utm_medium=link&ref=sfp-seed
aG,https://news.example.invalid/articles/2026/10/story-662?utm_source=share&utm_medium=link&ref=sfp-seed
1om,https://news.example.invalid/articles/2026/10/story-5354?utm_source=share&utm_medium=link&ref=sfp-seed
zg,https://news.example.invalid/articles/2026/10/story-2186?utm_source=share&utm_medium=link&ref=sfp-seed
1S4,https://news.example.invalid/articles/2026/10/story-7196?utm_source=share&utm_medium=link&ref=sfp-seed
26Z,https://news.example.invalid/articles/2026/10/story-8121?utm_source=share&utm_medium=link&ref=sfp-seed
t9,https://news.example.invalid/articles/2026/10/story-1807?utm_source=share&utm_medium=link&ref=sfp-seed
d7,https://news.example.invalid/articles/2026/10/story-813?utm_source=share&utm_medium=link&ref=sfp-seed
s7,https://news.example.invalid/articles/2026/10/story-1743?utm_source=share&utm_medium=link&ref=sfp-seed
1JB,https://news.example.invalid/articles/2026/10/story-6671?utm_source=share&utm_medium=link&ref=sfp-seed
2t2,https://news.example.invalid/articles/2026/10/story-9488?utm_source=share&utm_medium=link&ref=sfp-seed
2wg,https://news.example.invalid/articles/2026/10/story-9688?utm_source=share&utm_medium=link&ref=sfp-seed
1Rq,https://news.example.invalid/articles/2026/10/story-7156?utm_source=share&utm_medium=link&ref=sfp-seed
28t,https://news.example.invalid/articles/2026/10/story-8213?utm_source=share&utm_medium=link&ref=sfp-seed
v4,https://news.example.invalid/articles/2026/10/story-1926?utm_source=share&utm_medium=link&ref=sfp-seed
1PP,https://news.example.invalid/articles/2026/10/story-7057?utm_source=share&utm_medium=link&ref=sfp-seed
1mx,https://news.example.invalid/articles/2026/10/story-5241?utm_source=share&utm_medium=link&ref=sfp-seed
3C,https://news.example.invalid/articles/2026/10/story-224?utm_source=share&utm_medium=link&ref=sfp-seed
aE,https://news.example.invalid/articles/2026/10/story-660?utm_source=share&utm_medium=link&ref=sfp-seed
uw,https://news.example.invalid/articles/2026/10/story-1892?utm_source=share&utm_medium=link&ref=sfp-seed
1S8,https://news.example.invalid/articles/2026/10/story-7200?utm_source=share&utm_medium=link&ref=sfp-seed
2oE,https://news.example.invalid/articles/2026/10/story-9216?utm_source=share&utm_medium=link&ref=sfp-seed
1km,https://news.example.invalid/articles/2026/10/story-5106?utm_source=share&utm_medium=link&ref=sfp-seed
28W,https://news.example.invalid/articles/2026/10/story-8242?utm_source=share&utm_medium=link&ref=sfp-seed
222,https://news.example.invalid/articles/2026/10/story-7814?utm_source=share&utm_medium=link&ref=sfp-seed
2pu,https://news.example.invalid/articles/2026/10/story-9268?utm_source=share&utm_medium=link&ref=sfp-seed
u6,https://news.example.invalid/articles/2026/10/story-1866?utm_source=share&utm_medium=link&ref=sfp-seed
XT,https://news.example.invalid/articles/2026/10/story-3713?utm_source=share&utm_medium=link&ref=sfp-seed
2ht,https://news.example.invalid/articles/2026/10/story-8771?utm_source=share&utm_medium=link&ref=sfp-seed
28D,https://news.example.invalid/articles/2026/10/story-8223?utm_source=share&utm_medium=link&ref=sfp-seed
Sd,https://news.example.invalid/articles/2026/10/story-3361?utm_source=share&utm_medium=link&ref=sfp-seed
1Ci,https://news.example.invalid/articles/2026/10/story-6218?utm_source=share&utm_medium=link&ref=sfp-seed
1jC,https://news.example.invalid/articles/2026/10/story-5060?utm_source=share&utm_medium=link&ref=sfp-seed
Ob,https://news.example.invalid/articles/2026/10/story-3111?utm_source=share&utm_medium=link&ref=sfp-seed
2fS,https://news.example.invalid/articles/2026/10/story-8672?utm_source=share&utm_medium=link&ref=sfp-seed
2nB,https://news.example.invalid/articles/2026/10/story-9151?utm_source=share&utm_medium=link&ref=sfp-seed
1Y8,https://news.example.invalid/articles/2026/10/story-7572?utm_source=share&utm_medium=link&ref=sfp-seed
2lS,https://news.example.invalid/articles/2026/10/story-9044?utm_source=share&utm_medium=link&ref=sfp-seed
2en,https://news.example.invalid/articles/2026/10/story-8579?utm_source=share&utm_medium=link&ref=sfp-seed
1Le,https://news.example.invalid/articles/2026/10/story-6772?utm_source=share&utm_medium=link&ref=sfp-seed
2tF,https://news.example.invalid/articles/2026/10/story-9527?utm_source=share&utm_medium=link&ref=sfp-seed
2eD,https://news.example.invalid/articles/2026/10/story-8595?utm_source=share&utm_medium=link&ref=sfp-seed
18P,https://news.example.invalid/articles/2026/10/story-4391?utm_source=share&utm_medium=link&ref=sfp-seed
1Fy,https://news.example.invalid/articles/2026/10/story-6420?utm_source=share&utm_medium=link&ref=sfp-seed
oO,https://news.example.invalid/articles/2026/10/story-1538?utm_source=share&utm_medium=link&ref=sfp-seed
xb,https://news.example.invalid/articles/2026/10/story-2057?utm_source=share&utm_medium=link&ref=sfp-seed
cy,https://news.example.invalid/articles/2026/10/story-778?utm_source=share&utm_medium=link&ref=sfp-seed
1Qn,https://news.example.invalid/articles/2026/10/story-7091?utm_source=share&utm_medium=link&ref=sfp-seed
Z9,https://news.example.invalid/articles/2026/10/story-3791?utm_source=share&utm_medium=link&ref=sfp-seed
1tN,https://news.example.invalid/articles/2026/10/story-5691?utm_source=share&utm_medium=link&ref=sfp-seed
8H,https://news.example.invalid/articles/2026/10/story-539?utm_source=share&utm_medium=link&ref=sfp-seed
LQ,https://news.example.invalid/articles/2026/10/story-2966?utm_source=share&utm_medium=link&ref=sfp-seed
1zK,https://news.example.invalid/articles/2026/10/story-6060?utm_source=share&utm_medium=link&ref=sfp-seed
1l,https://news.example.invalid/articles/2026/10/story-83?utm_source=share&utm_medium=link&ref=sfp-seed
1Bw,https://news.example.invalid/articles/2026/10/story-6170?utm_source=share&utm_medium=link&ref=sfp-seed
N7,https://news.example.invalid/articles/2026/10/story-3045?utm_source=share&utm_medium=link&ref=sfp-seed
1g9,https://news.example.invalid/articles/2026/10/story-4845?utm_source=share&utm_medium=link&ref=sfp-seed
26W,https://news.example.invalid/articles/2026/10/story-8118?utm_source=share&utm_medium=link&ref=sfp-seed
2zb,https://news.example.invalid/articles/2026/10/story-9869?utm_source=share&utm_medium=link&ref=sfp-seed
2fX,https://news.example.invalid/articles/2026/10/story-8677?utm_source=share&utm_medium=link&ref=sfp-seed
1Xu,https://news.example.invalid/articles/2026/10/story-7532?utm_source=share&utm_medium=link&ref=sfp-seed
Po,https://news.example.invalid/articles/2026/10/story-3186?utm_source=share&utm_medium=link&ref=sfp-seed
28l,https://news.example.invalid/articles/2026/10/story-8205?utm_source=share&utm_medium=link&ref=sfp-seed
2eJ,https://news.example.invalid/articles/2026/10/story-8601?utm_source=share&utm_medium=link&ref=sfp-seed
1qd,https://news.example.invalid/articles/2026/10/story-5469?utm_source=share&utm_medium=link&ref=sfp-seed
2bV,https://news.example.invalid/articles/2026/10/story-8427?utm_source=share&utm_medium=link&ref=sfp-seed
1qV,https://news.example.invalid/articles/2026/10/story-5513?utm_source=share&utm_medium=link&ref=sfp-seed
2iT,https://news.example.invalid/articles/2026/10/story-8859?utm_source=share&utm_medium=link&ref=sfp-seed
O7,https://news.example.invalid/articles/2026/10/story-3107?utm_source=share&utm_medium=link&ref=sfp-seed
FS,https://news.example.invalid/articles/2026/10/story-2596?utm_source=share&utm_medium=link&ref=sfp-seed
1lb,https://news.example.invalid/articles/2026/10/story-5157?utm_source=share&utm_medium=link&ref=sfp-seed
1D8,https://news.example.invalid/articles/2026/10/story-6270?utm_source=share&utm_medium=link&ref=sfp-seed
2k6,https://news.example.invalid/articles/2026/10/story-8934?utm_source=share&utm_medium=link&ref=sfp-seed
1BG,https://news.example.invalid/articles/2026/10/story-6180?utm_source=share&utm_medium=link&ref=sfp-seed
Aq,https://news.example.invalid/articles/2026/10/story-2258?utm_source=share&utm_medium=link&ref=sfp-seed
1cb,https://news.example.invalid/articles/2026/10/story-4599?utm_source=share&utm_medium=link&ref=sfp-seed
GC,https://news.example.invalid/articles/2026/10/story-2642?utm_source=share&utm_medium=link&ref=sfp-seed
z,https://news.example.invalid/articles/2026/10/story-35?utm_source=share&utm_medium=link&ref=sfp-seed
1jV,https://news.example.invalid/articles/2026/10/story-5079?utm_source=share&utm_medium=link&ref=sfp-seed
1kz,https://news.example.invalid/articles/2026/10/story-5119?utm_source=share&utm_medium=link&ref=sfp-seed
1Kj,https://news.example.invalid/articles/2026/10/story-6715?utm_source=share&utm_medium=link&ref=sfp-seed
1rF,https://news.example.invalid/articles/2026/10/story-5559?utm_source=share&utm_medium=link&ref=sfp-seed
mQ,https://news.example.invalid/articles/2026/10/story-1416?utm_source=share&utm_medium=link&ref=sfp-seed
1iz,https://news.example.invalid/articles/2026/10/story-4995?utm_source=share&utm_medium=link&ref=sfp-seed
1bk,https://news.example.invalid/articles/2026/10/story-4546?utm_source=share&utm_medium=link&ref=sfp-seed
1Gz,https://news.example.invalid/articles/2026/10/story-6483?utm_source=share&utm_medium=link&ref=sfp-seed
231,https://news.example.invalid/articles/2026/10/story-7875?utm_source=share&utm_medium=link&ref=sfp-seed
2lg,https://news.example.invalid/articles/2026/10/story-9006?utm_source=share&utm_medium=link&ref=sfp-seed
2hv,https://news.example.invalid/articles/2026/10/story-8773?utm_source=share&utm_medium=link&ref=sfp-seed
dE,https://news.example.invalid/articles/2026/10/story-846?utm_source=share&utm_medium=link&ref=sfp-seed
13f,https://news.example.invalid/articles/2026/10/story-4045?utm_source=share&utm_medium=link&ref=sfp-seed
2wW,https://news.example.invalid/articles/2026/10/story-9730?utm_source=share&utm_medium=link&ref=sfp-seed
2jZ,https://news.example.invalid/articles/2026/10/story-8927?utm_source=share&utm_medium=link&ref=sfp-seed
OY,https://news.example.invalid/articles/2026/10/story-3160?utm_source=share&utm_medium=link&ref=sfp-seed
15I,https://news.example.invalid/articles/2026/10/story-4198?utm_source=share&utm_medium=link&ref=sfp-seed
1lm,https://news.example.invalid/articles/2026/10/story-5168?utm_source=share&utm_medium=link&ref=sfp-seed
fj,https://news.example.invalid/articles/2026/10/story-949?utm_source=share&utm_medium=link&ref=sfp-seed
kr,https://news.example.invalid/articles/2026/10/story-1267?utm_source=share&utm_medium=link&ref=sfp-seed
UJ,https://news.example.invalid/articles/2026/10/story-3517?utm_source=share&utm_medium=link&ref=sfp-seed
id,https://news.example.invalid/articles/2026/10/story-1129?utm_source=share&utm_medium=link&ref=sfp-seed
2wF,https://news.example.invalid/articles/2026/10/story-9713?utm_source=share&utm_medium=link&ref=sfp-seed
2fm,https://news.example.invalid/articles/2026/10/story-8640?utm_source=share&utm_medium=link&ref=sfp-seed
11c,https://news.example.invalid/articles/2026/10/story-3918?utm_source=share&utm_medium=link&ref=sfp-seed
1E1,https://news.example.invalid/articles/2026/10/story-6325?utm_source=share&utm_medium=link&ref=sfp-seed
to,https://news.example.invalid/articles/2026/10/story-1822?utm_source=share&utm_medium=link&ref=sfp-seed
1pC,https://news.example.invalid/articles/2026/10/story-5432?utm_source=share&utm_medium=link&ref=sfp-seed
1M5,https://news.example.invalid/articles/2026/10/story-6825?utm_source=share&utm_medium=link&ref=sfp-seed
18Q,https://news.example.invalid/articles/2026/10/story-4392?utm_source=share&utm_medium=link&ref=sfp-seed
Pm,https://news.example.invalid/articles/2026/10/story-3184?utm_source=share&utm_medium=link&ref=sfp-seed
T8,https://news.example.invalid/articles/2026/10/story-3418?utm_source=share&utm_medium=link&ref=sfp-seed
1MY,https://news.example.invalid/articles/2026/10/story-6880?utm_source=share&utm_medium=link&ref=sfp-seed
12G,https://news.example.invalid/articles/2026/10/story-4010?utm_source=share&utm_medium=link&ref=sfp-seed
2md,https://news.example.invalid/articles/2026/10/story-9065?utm_source=share&utm_medium=link&ref=sfp-seed
ZW,https://news.example.invalid/articles/2026/10/story-3840?utm_source=share&utm_medium=link&ref=sfp-seed
2vz,https://news.example.invalid/articles/2026/10/story-9645?utm_source=share&utm_medium=link&ref=sfp-seed
1kX,https://news.example.invalid/articles/2026/10/story-5143?utm_source=share&utm_medium=link&ref=sfp-seed
1BI,https://news.example.invalid/articles/2026/10/story-6182?utm_source=share&utm_medium=link&ref=sfp-seed
1jc,https://news.example.invalid/articles/2026/10/story-5034?utm_source=share&utm_medium=link&ref=sfp-seed
xF,https://news.example.invalid/articles/2026/10/story-2087?utm_source=share&utm_medium=link&ref=sfp-seed
RL,https://news.example.invalid/articles/2026/10/story-3333?utm_source=share&utm_medium=link&ref=sfp-seed
2ko,https://news.example.invalid/articles/2026/10/story-8952?utm_source=share&utm_medium=link&ref=sfp-seed
1RW,https://news.example.invalid/articles/2026/10/story-7188?utm_source=share&utm_medium=link&ref=sfp-seed
18u,https://news.example.invalid/articles/2026/10/story-4370?utm_source=share&utm_medium=link&ref=sfp-seed
2dZ,https://news.example.invalid/articles/2026/10/story-8555?utm_source=share&utm_medium=link&ref=sfp-seed
18S,https://news.example.invalid/articles/2026/10/story-4394?utm_source=share&utm_medium=link&ref=sfp-seed
16t,https://news.example.invalid/articles/2026/10/story-4245?utm_source=share&utm_medium=link&ref=sfp-seed
21J,https://news.example.invalid/articles/2026/10/story-7795?utm_source=share&utm_medium=link&ref=sfp-seed
1o3,https://news.example.invalid/articles/2026/10/story-5335?utm_source=share&utm_medium=link&ref=sfp-seed
Oj,https://news.example.invalid/articles/2026/10/story-3119?utm_source=share&utm_medium=link&ref=sfp-seed
Pk,https://news.example.invalid/articles/2026/10/story-3182?utm_source=share&utm_medium=link&ref=sfp-seed
eo,https://news.example.invalid/articles/2026/10/story-892?utm_source=share&utm_medium=link&ref=sfp-seed
22q,https://news.example.invalid/articles/2026/10/story-7838?utm_source=share&utm_medium=link&ref=sfp-seed
26q,https://news.example.invalid/articles/2026/10/story-8086?utm_source=share&utm_medium=link&ref=sfp-seed
1mj,https://news.example.invalid/articles/2026/10/story-5227?utm_source=share&utm_medium=link&ref=sfp-seed
1NP,https://news.example.invalid/articles/2026/10/story-6933?utm_source=share&utm_medium=link&ref=sfp-seed
1PB,https://news.example.invalid/articles/2026/10/story-7043?utm_source=share&utm_medium=link&ref=sfp-seed
aB,https://news.example.invalid/articles/2026/10/story-657?utm_source=share&utm_medium=link&ref=sfp-seed
T9,https://news.example.invalid/articles/2026/10/story-3419?utm_source=share&utm_medium=link&ref=sfp-seed
2sc,https://news.example.invalid/articles/2026/10/story-9436?utm_source=share&utm_medium=link&ref=sfp-seed
YG,https://news.example.invalid/articles/2026/10/story-3762?utm_source=share&utm_medium=link&ref=sfp-seed
1oK,https://news.example.invalid/articles/2026/10/story-5378?utm_source=share&utm_medium=link&ref=sfp-seed
dL,https://news.example.invalid/articles/2026/10/story-853?utm_source=share&utm_medium=link&ref=sfp-seed
In,https://news.example.invalid/articles/2026/10/story-2751?utm_source=share&utm_medium=link&ref=sfp-seed
1ji,https://news.example.invalid/articles/2026/10/story-5040?utm_source=share&utm_medium=link&ref=sfp-seed
2eG,https://news.example.invalid/articles/2026/10/story-8598?utm_source=share&utm_medium=link&ref=sfp-seed
18I,https://news.example.invalid/articles/2026/10/story-4384?utm_source=share&utm_medium=link&ref=sfp-seed
kN,https://news.example.invalid/articles/2026/10/story-1289?utm_source=share&utm_medium=link&ref=sfp-seed
1L4,https://news.example.invalid/articles/2026/10/story-6762?utm_source=share&utm_medium=link&ref=sfp-seed
1Vz,https://news.example.invalid/articles/2026/10/story-7413?utm_source=share&utm_medium=link&ref=sfp-seed
QQ,https://news.example.invalid/articles/2026/10/story-3276?utm_source=share&utm_medium=link&ref=sfp-seed
uL,https://news.example.invalid/articles/2026/10/story-1907?utm_source=share&utm_medium=link&ref=sfp-seed
1CR,https://news.example.invalid/articles/2026/10/story-6253?utm_source=share&utm_medium=link&ref=sfp-seed
1Zq,https://news.example.invalid/articles/2026/10/story-7652?utm_source=share&utm_medium=link&ref=sfp-seed
1Cc,https://news.example.invalid/articles/2026/10/story-6212?utm_source=share&utm_medium=link&ref=sfp-seed
LK,https://news.example.invalid/articles/2026/10/story-2960?utm_source=share&utm_medium=link&ref=sfp-seed
OK,https://news.example.invalid/articles/2026/10/story-3146?utm_source=share&utm_medium=link&ref=sfp-seed
12N,https://news.example.invalid/articles/2026/10/story-4017?utm_source=share&utm_medium=link&ref=sfp-seed
137,https://news.example.invalid/articles/2026/10/story-4037?utm_source=share&utm_medium=link&ref=sfp-seed
1Iz,https://news.example.invalid/articles/2026/10/story-6607?utm_source=share&utm_medium=link&ref=sfp-seed
i6,https://news.example.invalid/articles/2026/10/story-1122?utm_source=share&utm_medium=link&ref=sfp-seed
jy,https://news.example.invalid/articles/2026/10/story-1212?utm_source=share&utm_medium=link&ref=sfp-seed
yV,https://news.example.invalid/articles/2026/10/story-2165?utm_source=share&utm_medium=link&ref=sfp-seed
1Jy,https://news.example.invalid/articles/2026/10/story-6668?utm_source=share&utm_medium=link&ref=sfp-seed
1Xa,https://news.example.invalid/articles/2026/10/story-7512?utm_source=share&utm_medium=link&ref=sfp-seed
YH,https://news.example.invalid/articles/2026/10/story-3763?utm_source=share&utm_medium=link&ref=sfp-seed
sw,https://news.example.invalid/articles/2026/10/story-1768?utm_source=share&utm_medium=link&ref=sfp-seed
27P,https://news.example.invalid/articles/2026/10/story-8173?utm_source=share&utm_medium=link&ref=sfp-seed
12r,https://news.example.invalid/articles/2026/10/story-3995?utm_source=share&utm_medium=link&ref=sfp-seed
1kC,https://news.example.invalid/articles/2026/10/story-5122?utm_source=share&utm_medium=link&ref=sfp-seed
1ut,https://news.example.invalid/articles/2026/10/story-5733?utm_source=share&utm_medium=link&ref=sfp-seed
Pi,https://news.example.invalid/articles/2026/10/story-3180?utm_source=share&utm_medium=link&ref=sfp-seed
4S,https://news.example.invalid/articles/2026/10/story-302?utm_source=share&utm_medium=link&ref=sfp-seed
Nr,https://news.example.invalid/articles/2026/10/story-3065?utm_source=share&utm_medium=link&ref=sfp-seed
N8,https://news.example.invalid/articles/2026/10/story-3046?utm_source=share&utm_medium=link&ref=sfp-seed
Zc,https://news.example.invalid/articles/2026/10/story-3794?utm_source=share&utm_medium=link&ref=sfp-seed
14K,https://news.example.invalid/articles/2026/10/story-4138?utm_source=share&utm_medium=link&ref=sfp-seed
2h,https://news.example.invalid/articles/2026/10/story-141?utm_source=share&utm_medium=link&ref=sfp-seed
om,https://news.example.invalid/articles/2026/10/story-1510?utm_source=share&utm_medium=link&ref=sfp-seed
2o4,https://news.example.invalid/articles/2026/10/story-9180?utm_source=share&utm_medium=link&ref=sfp-seed
2dk,https://news.example.invalid/articles/2026/10/story-8514?utm_source=share&utm_medium=link&ref=sfp-seed
1VU,https://news.example.invalid/articles/2026/10/story-7434?utm_source=share&utm_medium=link&ref=sfp-seed
2g5,https://news.example.invalid/articles/2026/10/story-8685?utm_source=share&utm_medium=link&ref=sfp-seed
nP,https://news.example.invalid/articles/2026/10/story-1477?utm_source=share&utm_medium=link&ref=sfp-seed
10L,https://news.example.invalid/articles/2026/10/story-3891?utm_source=share&utm_medium=link&ref=sfp-seed
1Qd,https://news.example.invalid/articles/2026/10/story-7081?utm_source=share&utm_medium=link&ref=sfp-seed
mg,https://news.example.invalid/articles/2026/10/story-1380?utm_source=share&utm_medium=link&ref=sfp-seed
2vD,https://news.example.invalid/articles/2026/10/story-9649?utm_source=share&utm_medium=link&ref=sfp-seed
1SV,https://news.example.invalid/articles/2026/10/story-7249?utm_source=share&utm_medium=link&ref=sfp-seed
1DK,https://news.example.invalid/articles/2026/10/story-6308?utm_source=share&utm_medium=link&ref=sfp-seed
8O,https://news.example.invalid/articles/2026/10/story-546?utm_source=share&utm_medium=link&ref=sfp-seed
1cY,https://news.example.invalid/articles/2026/10/story-4648?utm_source=share&utm_medium=link&ref=sfp-seed
x8,https://news.example.invalid/articles/2026/10/story-2054?utm_source=share&utm_medium=link&ref=sfp-seed
1Zi,https://news.example.invalid/articles/2026/10/story-7644?utm_source=share&utm_medium=link&ref=sfp-seed
Ir,https://news.example.invalid/articles/2026/10/story-2755?utm_source=share&utm_medium=link&ref=sfp-seed
2q1,https://news.example.invalid/articles/2026/10/story-9301?utm_source=share&utm_medium=link&ref=sfp-seed
zZ,https://news.example.invalid/articles/2026/10/story-2231?utm_source=share&utm_medium=link&ref=sfp-seed
2lv,https://news.example.invalid/articles/2026/10/story-9021?utm_source=share&utm_medium=link&ref=sfp-seed
1up,https://news.example.invalid/articles/2026/10/story-5729?utm_source=share&utm_medium=link&ref=sfp-seed
2qo,https://news.example.invalid/articles/2026/10/story-9324?utm_source=share&utm_medium=link&ref=sfp-seed
18a,https://news.example.invalid/articles/2026/10/story-4350?utm_source=share&utm_medium=link&ref=sfp-seed
2kE,https://news.example.invalid/articles/2026/10/story-8968?utm_source=share&utm_medium=link&ref=sfp-seed
oC,https://news.example.invalid/articles/2026/10/story-1526?utm_source=share&utm_medium=link&ref=sfp-seed
6P,https://news.example.invalid/articles/2026/10/story-423?utm_source=share&utm_medium=link&ref=sfp-seed
2a0,https://news.example.invalid/articles/2026/10/story-8308?utm_source=share&utm_medium=link&ref=sfp-seed
1Mw,https://news.example.invalid/articles/2026/10/story-6852?utm_source=share&utm_medium=link&ref=sfp-seed
55,https://news.example.invalid/articles/2026/10/story-315?utm_source=share&utm_medium=link&ref=sfp-seed
2jo,https://news.example.invalid/articles/2026/10/story-8890?utm_source=share&utm_medium=link&ref=sfp-seed
2qW,https://news.example.invalid/articles/2026/10/story-9358?utm_source=share&utm_medium=link&ref=sfp-seed
1ba,https://news.example.invalid/articles/2026/10/story-4536?utm_source=share&utm_medium=link&ref=sfp-seed
138,https://news.example.invalid/articles/2026/10/story-4038?utm_source=share&utm_medium=link&ref=sfp-seed
9g,https://news.example.invalid/articles/2026/10/story-574?utm_source=share&utm_medium=link&ref=sfp-seed
1zV,https://news.example.invalid/articles/2026/10/story-6071?utm_source=share&utm_medium=link&ref=sfp-seed
rF,https://news.example.invalid/articles/2026/10/story-1715?utm_source=share&utm_medium=link&ref=sfp-seed
10A,https://news.example.invalid/articles/2026/10/story-3880?utm_source=share&utm_medium=link&ref=sfp-seed
Nh,https://news.example.invalid/articles/2026/10/story-3055?utm_source=share&utm_medium=link&ref=sfp-seed
114,https://news.example.invalid/articles/2026/10/story-3910?utm_source=share&utm_medium=link&ref=sfp-seed
2b4,https://news.example.invalid/articles/2026/10/story-8374?utm_source=share&utm_medium=link&ref=sfp-seed
1mF,https://news.example.invalid/articles/2026/10/story-5249?utm_source=share&utm_medium=link&ref=sfp-seed
25t,https://news.example.invalid/articles/2026/10/story-8027?utm_source=share&utm_medium=link&ref=sfp-seed
Hr,https://news.example.invalid/articles/2026/10/story-2693?utm_source=share&utm_medium=link&ref=sfp-seed
111,https://news.example.invalid/articles/2026/10/story-3907?utm_source=share&utm_medium=link&ref=sfp-seed
1Im,https://news.example.invalid/articles/2026/10/story-6594?utm_source=share&utm_medium=link&ref=sfp-seed
1yn,https://news.example.invalid/articles/2026/10/story-5975?utm_source=share&utm_medium=link&ref=sfp-seed
1CP,https://news.example.invalid/articles/2026/10/story-6251?utm_source=share&utm_medium=link&ref=sfp-seed
hF,https://news.example.invalid/articles/2026/10/story-1095?utm_source=share&utm_medium=link&ref=sfp-seed
1ja,https://news.example.invalid/articles/2026/10/story-5032?utm_source=share&utm_medium=link&ref=sfp-seed
2tx,https://news.example.invalid/articles/2026/10/story-9519?utm_source=share&utm_medium=link&ref=sfp-seed
2j4,https://news.example.invalid/articles/2026/10/story-8870?utm_source=share&utm_medium=link&ref=sfp-seed
1Yd,https://news.example.invalid/articles/2026/10/story-7577?utm_source=share&utm_medium=link&ref=sfp-seed
27a,https://news.example.invalid/articles/2026/10/story-8132?utm_source=share&utm_medium=link&ref=sfp-seed
2gN,https://news.example.invalid/articles/2026/10/story-8729?utm_source=share&utm_medium=link&ref=sfp-seed
JH,https://news.example.invalid/articles/2026/10/story-2833?utm_source=share&utm_medium=link&ref=sfp-seed
1ro,https://news.example.invalid/articles/2026/10/story-5542?utm_source=share&utm_medium=link&ref=sfp-seed
1Km,https://news.example.invalid/articles/2026/10/story-6718?utm_source=share&utm_medium=link&ref=sfp-seed
1l3,https://news.example.invalid/articles/2026/10/story-5149?utm_source=share&utm_medium=link&ref=sfp-seed
Ma,https://news.example.invalid/articles/2026/10/story-2986?utm_source=share&utm_medium=link&ref=sfp-seed
Fo,https://news.example.invalid/articles/2026/10/story-2566?utm_source=share&utm_medium=link&ref=sfp-seed
tu,https://news.example.invalid/articles/2026/10/story-1828?utm_source=share&utm_medium=link&ref=sfp-seed
XI,https://news.example.invalid/articles/2026/10/story-3702?utm_source=share&utm_medium=link&ref=sfp-seed
2yR,https://news.example.invalid/articles/2026/10/story-9849?utm_source=share&utm_medium=link&ref=sfp-seed
1HE,https://news.example.invalid/articles/2026/10/story-6550?utm_source=share&utm_medium=link&ref=sfp-seed
1sv,https://news.example.invalid/articles/2026/10/story-5611?utm_source=share&utm_medium=link&ref=sfp-seed
1xf,https://news.example.invalid/articles/2026/10/story-5905?utm_source=share&utm_medium=link&ref=sfp-seed
1W8,https://news.example.invalid/articles/2026/10/story-7448?utm_source=share&utm_medium=link&ref=sfp-seed
2AJ,https://news.example.invalid/articles/2026/10/story-9965?utm_source=share&utm_medium=link&ref=sfp-seed
1JL,https://news.example.invalid/articles/2026/10/story-6681?utm_source=share&utm_medium=link&ref=sfp-seed
Ex,https://news.example.invalid/articles/2026/10/story-2513?utm_source=share&utm_medium=link&ref=sfp-seed
EM,https://news.example.invalid/articles/2026/10/story-2528?utm_source=share&utm_medium=link&ref=sfp-seed
1LQ,https://news.example.invalid/articles/2026/10/story-6810?utm_source=share&utm_medium=link&ref=sfp-seed
Xv,https://news.example.invalid/articles/2026/10/story-3689?utm_source=share&utm_medium=link&ref=sfp-seed
ua,https://news.example.invalid/articles/2026/10/story-1870?utm_source=share&utm_medium=link&ref=sfp-seed
2oB,https://news.example.invalid/articles/2026/10/story-9213?utm_source=share&utm_medium=link&ref=sfp-seed
sB,https://news.example.invalid/articles/2026/10/story-1773?utm_source=share&utm_medium=link&ref=sfp-seed
21F,https://news.example.invalid/articles/2026/10/story-7791?utm_source=share&utm_medium=link&ref=sfp-seed
8x,https://news.example.invalid/articles/2026/10/story-529?utm_source=share&utm_medium=link&ref=sfp-seed
14v,https://news.example.invalid/articles/2026/10/story-4123?utm_source=share&utm_medium=link&ref=sfp-seed
2ed,https://news.example.invalid/articles/2026/10/story-8569?utm_source=share&utm_medium=link&ref=sfp-seed
2gY,https://news.example.invalid/articles/2026/10/story-8740?utm_source=share&utm_medium=link&ref=sfp-seed
1Lz,https://news.example.invalid/articles/2026/10/story-6793?utm_source=share&utm_medium=link&ref=sfp-seed
1rN,https://news.example.invalid/articles/2026/10/story-5567?utm_source=share&utm_medium=link&ref=sfp-seed
1qF,https://news.example.invalid/articles/2026/10/story-5497?utm_source=share&utm_medium=link&ref=sfp-seed
ZF,https://news.example.invalid/articles/2026/10/story-3823?utm_source=share&utm_medium=link&ref=sfp-seed
1nX,https://news.example.invalid/articles/2026/10/story-5329?utm_source=share&utm_medium=link&ref=sfp-seed
um,https://news.example.invalid/articles/2026/10/story-1882?utm_source=share&utm_medium=link&ref=sfp-seed
td,https://news.example.invalid/articles/2026/10/story-1811?utm_source=share&utm_medium=link&ref=sfp-seed
ih,https://news.example.invalid/articles/2026/10/story-1133?utm_source=share&utm_medium=link&ref=sfp-seed
17b,https://news.example.invalid/articles/2026/10/story-4289?utm_source=share&utm_medium=link&ref=sfp-seed
Yx,https://news.example.invalid/articles/2026/10/story-3753?utm_source=share&utm_medium=link&ref=sfp-seed
1FJ,https://news.example.invalid/articles/2026/10/story-6431?utm_source=share&utm_medium=link&ref=sfp-seed
dg,https://news.example.invalid/articles/2026/10/story-822?utm_source=share&utm_medium=link&ref=sfp-seed
1XY,https://news.example.invalid/articles/2026/10/story-7562?utm_source=share&utm_medium=link&ref=sfp-seed
mo,https://news.example.invalid/articles/2026/10/story-1388?utm_source=share&utm_medium=link&ref=sfp-seed
tc,https://news.example.invalid/articles/2026/10/story-1810?utm_source=share&utm_medium=link&ref=sfp-seed
TW,https://news.example.invalid/articles/2026/10/story-3468?utm_source=share&utm_medium=link&ref=sfp-seed
CG,https://news.example.invalid/articles/2026/10/story-2398?utm_source=share&utm_medium=link&ref=sfp-seed
1GJ,https://news.example.invalid/articles/2026/10/story-6493?utm_source=share&utm_medium=link&ref=sfp-seed
21f,https://news.example.invalid/articles/2026/10/story-7765?utm_source=share&utm_medium=link&ref=sfp-seed
ju,https://news.example.invalid/articles/2026/10/story-1208?utm_source=share&utm_medium=link&ref=sfp-seed
I8,https://news.example.invalid/articles/2026/10/story-2736?utm_source=share&utm_medium=link&ref=sfp-seed
hC,https://news.example.invalid/articles/2026/10/story-1092?utm_source=share&utm_medium=link&ref=sfp-seed
1Po,https://news.example.invalid/articles/2026/10/story-7030?utm_source=share&utm_medium=link&ref=sfp-seed
pv,https://news.example.invalid/articles/2026/10/story-1581?utm_source=share&utm_medium=link&ref=sfp-seed
1nA,https://news.example.invalid/articles/2026/10/story-5306?utm_source=share&utm_medium=link&ref=sfp-seed
1mQ,https://news.example.invalid/articles/2026/10/story-5260?utm_source=share&utm_medium=link&ref=sfp-seed
1Yv,https://news.example.invalid/articles/2026/10/story-7595?utm_source=share&utm_medium=link&ref=sfp-seed
Vt,https://news.example.invalid/articles/2026/10/story-3563?utm_source=share&utm_medium=link&ref=sfp-seed
2AR,https://news.example.invalid/articles/2026/10/story-9973?utm_source=share&utm_medium=link&ref=sfp-seed
1qh,https://news.example.invalid/articles/2026/10/story-5473?utm_source=share&utm_medium=link&ref=sfp-seed
1P5,https://news.example.invalid/articles/2026/10/story-7011?utm_source=share&utm_medium=link&ref=sfp-seed
2xi,https://news.example.invalid/articles/2026/10/story-9752?utm_source=share&utm_medium=link&ref=sfp-seed
g,https://news.example.invalid/articles/2026/10/story-16?utm_source=share&utm_medium=link&ref=sfp-seed
ct,https://news.example.invalid/articles/2026/10/story-773?utm_source=share&utm_medium=link&ref=sfp-seed
db,https://news.example.invalid/articles/2026/10/story-817?utm_source=share&utm_medium=link&ref=sfp-seed
1xe,https://news.example.invalid/articles/2026/10/story-5904?utm_source=share&utm_medium=link&ref=sfp-seed
1bb,https://news.example.invalid/articles/2026/10/story-4537?utm_source=share&utm_medium=link&ref=sfp-seed
2bP,https://news.example.invalid/articles/2026/10/story-8421?utm_source=share&utm_medium=link&ref=sfp-seed
pD,https://news.example.invalid/articles/2026/10/story-1589?utm_source=share&utm_medium=link&ref=sfp-seed
e8,https://news.example.invalid/articles/2026/10/story-876?utm_source=share&utm_medium=link&ref=sfp-seed
MJ,https://news.example.invalid/articles/2026/10/story-3021?utm_source=share&utm_medium=link&ref=sfp-seed
Ua,https://news.example.invalid/articles/2026/10/story-3482?utm_source=share&utm_medium=link&ref=sfp-seed
1C6,https://news.example.invalid/articles/2026/10/story-6206?utm_source=share&utm_medium=link&ref=sfp-seed
2rR,https://news.example.invalid/articles/2026/10/story-9415?utm_source=share&utm_medium=link&ref=sfp-seed
mS,https://news.example.invalid/articles/2026/10/story-1418?utm_source=share&utm_medium=link&ref=sfp-seed
12V,https://news.example.invalid/articles/2026/10/story-4025?utm_source=share&utm_medium=link&ref=sfp-seed
12j,https://news.example.invalid/articles/2026/10/story-3987?utm_source=share&utm_medium=link&ref=sfp-seed
iQ,https://news.example.invalid/articles/2026/10/story-1168?utm_source=share&utm_medium=link&ref=sfp-seed
GS,https://news.example.invalid/articles/2026/10/story-2658?utm_source=share&utm_medium=link&ref=sfp-seed
2uz,https://news.example.invalid/articles/2026/10/story-9583?utm_source=share&utm_medium=link&ref=sfp-seed
1GI,https://news.example.invalid/articles/2026/10/story-6492?utm_source=share&utm_medium=link&ref=sfp-seed
17M,https://news.example.invalid/articles/2026/10/story-4326?utm_source=share&utm_medium=link&ref=sfp-seed
1dD,https://news.example.invalid/articles/2026/10/story-4689?utm_source=share&utm_medium=link&ref=sfp-seed
210,https://news.example.invalid/articles/2026/10/story-7750?utm_source=share&utm_medium=link&ref=sfp-seed
17e,https://news.example.invalid/articles/2026/10/story-4292?utm_source=share&utm_medium=link&ref=sfp-seed
2oC,https://news.example.invalid/articles/2026/10/story-9214?utm_source=share&utm_medium=link&ref=sfp-seed
x,https://news.example.invalid/articles/2026/10/story-33?utm_source=share&utm_medium=link&ref=sfp-seed
2qm,https://news.example.invalid/articles/2026/10/story-9322?utm_source=share&utm_medium=link&ref=sfp-seed
2dM,https://news.example.invalid/articles/2026/10/story-8542?utm_source=share&utm_medium=link&ref=sfp-seed
1Pd,https://news.example.invalid/articles/2026/10/story-7019?utm_source=share&utm_medium=link&ref=sfp-seed
1Ao,https://news.example.invalid/articles/2026/10/story-6100?utm_source=share&utm_medium=link&ref=sfp-seed
NM,https://news.example.invalid/articles/2026/10/story-3086?utm_source=share&utm_medium=link&ref=sfp-seed
nh,https://news.example.invalid/articles/2026/10/story-1443?utm_source=share&utm_medium=link&ref=sfp-seed
2et,https://news.example.invalid/articles/2026/10/story-8585?utm_source=share&utm_medium=link&ref=sfp-seed
ix,https://news.example.invalid/articles/2026/10/story-1149?utm_source=share&utm_medium=link&ref=sfp-seed
rd,https://news.example.invalid/articles/2026/10/story-1687?utm_source=share&utm_medium=link&ref=sfp-seed
1El,https://news.example.invalid/articles/2026/10/story-6345?utm_source=share&utm_medium=link&ref=sfp-seed
2te,https://news.example.invalid/articles/2026/10/story-9500?utm_source=share&utm_medium=link&ref=sfp-seed
1Kl,https://news.example.invalid/articles/2026/10/story-6717?utm_source=share&utm_medium=link&ref=sfp-seed
UZ,https://news.example.invalid/articles/2026/10/story-3533?utm_source=share&utm_medium=link&ref=sfp-seed
2si,https://news.example.invalid/articles/2026/10/story-9442?utm_source=share&utm_medium=link&ref=sfp-seed
1A1,https://news.example.invalid/articles/2026/10/story-6077?utm_source=share&utm_medium=link&ref=sfp-seed
1Jo,https://news.example.invalid/articles/2026/10/story-6658?utm_source=share&utm_medium=link&ref=sfp-seed
217,https://news.example.invalid/articles/2026/10/story-7757?utm_source=share&utm_medium=link&ref=sfp-seed
2aT,https://news.example.invalid/articles/2026/10/story-8363?utm_source=share&utm_medium=link&ref=sfp-seed
245,https://news.example.invalid/articles/2026/10/story-7941?utm_source=share&utm_medium=link&ref=sfp-seed
2eX,https://news.example.invalid/articles/2026/10/story-8615?utm_source=share&utm_medium=link&ref=sfp-seed
2nz,https://news.example.invalid/articles/2026/10/story-9149?utm_source=share&utm_medium=link&ref=sfp-seed
2sx,https://news.example.invalid/articles/2026/10/story-9457?utm_source=share&utm_medium=link&ref=sfp-seed
1LH,https://news.example.invalid/articles/2026/10/story-6801?utm_source=share&utm_medium=link&ref=sfp-seed
1eF,https://news.example.invalid/articles/2026/10/story-4753?utm_source=share&utm_medium=link&ref=sfp-seed
2m3,https://news.example.invalid/articles/2026/10/story-9055?utm_source=share&utm_medium=link&ref=sfp-seed
19e,https://news.example.invalid/articles/2026/10/story-4416?utm_source=share&utm_medium=link&ref=sfp-seed
xU,https://news.example.invalid/articles/2026/10/story-2102?utm_source=share&utm_medium=link&ref=sfp-seed
Mm,https://news.example.invalid/articles/2026/10/story-2998?utm_source=share&utm_medium=link&ref=sfp-seed
1lq,https://news.example.invalid/articles/2026/10/story-5172?utm_source=share&utm_medium=link&ref=sfp-seed
2Am,https://news.example.invalid/articles/2026/10/story-9942?utm_source=share&utm_medium=link&ref=sfp-seed
Tq,https://news.example.invalid/articles/2026/10/story-3436?utm_source=share&utm_medium=link&ref=sfp-seed
1ny,https://news.example.invalid/articles/2026/10/story-5304?utm_source=share&utm_medium=link&ref=sfp-seed
28Q,https://news.example.invalid/articles/2026/10/story-8236?utm_source=share&utm_medium=link&ref=sfp-seed
OM,https://news.example.invalid/articles/2026/10/story-3148?utm_source=share&utm_medium=link&ref=sfp-seed
82,https://news.example.invalid/articles/2026/10/story-498?utm_source=share&utm_medium=link&ref=sfp-seed
1vX,https://news.example.invalid/articles/2026/10/story-5825?utm_source=share&utm_medium=link&ref=sfp-seed
1a5,https://news.example.invalid/articles/2026/10/story-4469?utm_source=share&utm_medium=link&ref=sfp-seed
Ac,https://news.example.invalid/articles/2026/10/story-2244?utm_source=share&utm_medium=link&ref=sfp-seed
2g,https://news.example.invalid/articles/2026/10/story-140?utm_source=share&utm_medium=link&ref=sfp-seed
YM,https://news.example.invalid/articles/2026/10/story-3768?utm_source=share&utm_medium=link&ref=sfp-seed
1kw,https://news.example.invalid/articles/2026/10/story-5116?utm_source=share&utm_medium=link&ref=sfp-seed
uq,https://news.example.invalid/articles/2026/10/story-1886?utm_source=share&utm_medium=link&ref=sfp-seed
2rZ,https://news.example.invalid/articles/2026/10/story-9423?utm_source=share&utm_medium=link&ref=sfp-seed
yT,https://news.example.invalid/articles/2026/10/story-2163?utm_source=share&utm_medium=link&ref=sfp-seed
gZ,https://news.example.invalid/articles/2026/10/story-1053?utm_source=share&utm_medium=link&ref=sfp-seed
2bz,https://news.example.invalid/articles/2026/10/story-8405?utm_source=share&utm_medium=link&ref=sfp-seed
o9,https://news.example.invalid/articles/2026/10/story-1497?utm_source=share&utm_medium=link&ref=sfp-seed
MR,https://news.example.invalid/articles/2026/10/story-3029?utm_source=share&utm_medium=link&ref=sfp-seed
Ed,https://news.example.invalid/articles/2026/10/story-2493?utm_source=share&utm_medium=link&ref=sfp-seed
YX,https://news.example.invalid/articles/2026/10/story-3779?utm_source=share&utm_medium=link&ref=sfp-seed
2sw,https://news.example.invalid/articles/2026/10/story-9456?utm_source=share&utm_medium=link&ref=sfp-seed
xo,https://news.example.invalid/articles/2026/10/story-2070?utm_source=share&utm_medium=link&ref=sfp-seed
1JT,https://news.example.invalid/articles/2026/10/story-6689?utm_source=share&utm_medium=link&ref=sfp-seed
HG,https://news.example.invalid/articles/2026/10/story-2708?utm_source=share&utm_medium=link&ref=sfp-seed
ht,https://news.example.invalid/articles/2026/10/story-1083?utm_source=share&utm_medium=link&ref=sfp-seed
1QI,https://news.example.invalid/articles/2026/10/story-7112?utm_source=share&utm_medium=link&ref=sfp-seed
2pL,https://news.example.invalid/articles/2026/10/story-9285?utm_source=share&utm_medium=link&ref=sfp-seed
WI,https://news.example.invalid/articles/2026/10/story-3640?utm_source=share&utm_medium=link&ref=sfp-seed
1u,https://news.example.invalid/articles/2026/10/story-92?utm_source=share&utm_medium=link&ref=sfp-seed
1av,https://news.example.invalid/articles/2026/10/story-4495?utm_source=share&utm_medium=link&ref=sfp-seed
1S1,https://news.example.invalid/articles/2026/10/story-7193?utm_source=share&utm_medium=link&ref=sfp-seed
2o1,https://news.example.invalid/articles/2026/10/story-9177?utm_source=share&utm_medium=link&ref=sfp-seed
uM,https://news.example.invalid/articles/2026/10/story-1908?utm_source=share&utm_medium=link&ref=sfp-seed
1m1,https://news.example.invalid/articles/2026/10/story-5209?utm_source=share&utm_medium=link&ref=sfp-seed
1PI,https://news.example.invalid/articles/2026/10/story-7050?utm_source=share&utm_medium=link&ref=sfp-seed
2wE,https://news.example.invalid/articles/2026/10/story-9712?utm_source=share&utm_medium=link&ref=sfp-seed
1gY,https://news.example.invalid/articles/2026/10/story-4896?utm_source=share&utm_medium=link&ref=sfp-seed
BA,https://news.example.invalid/articles/2026/10/story-2330?utm_source=share&utm_medium=link&ref=sfp-seed
yH,https://news.example.invalid/articles/2026/10/story-2151?utm_source=share&utm_medium=link&ref=sfp-seed
1c6,https://news.example.invalid/articles/2026/10/story-4594?utm_source=share&utm_medium=link&ref=sfp-seed
2fP,https://news.example.invalid/articles/2026/10/story-8669?utm_source=share&utm_medium=link&ref=sfp-seed
VR,https://news.example.invalid/articles/2026/10/story-3587?utm_source=share&utm_medium=link&ref=sfp-seed
aT,https://news.example.invalid/articles/2026/10/story-675?utm_source=share&utm_medium=link&ref=sfp-seed
4P,https://news.example.invalid/articles/2026/10/story-299?utm_source=share&utm_medium=link&ref=sfp-seed
1sO,https://news.example.invalid/articles/2026/10/story-5630?utm_source=share&utm_medium=link&ref=sfp-seed
1Hp,https://news.example.invalid/articles/2026/10/story-6535?utm_source=share&utm_medium=link&ref=sfp-seed
rD,https://news.example.invalid/articles/2026/10/story-1713?utm_source=share&utm_medium=link&ref=sfp-seed
2gu,https://news.example.invalid/articles/2026/10/story-8710?utm_source=share&utm_medium=link&ref=sfp-seed
zs,https://news.example.invalid/articles/2026/10/story-2198?utm_source=share&utm_medium=link&ref=sfp-seed
6J,https://news.example.invalid/articles/2026/10/story-417?utm_source=share&utm_medium=link&ref=sfp-seed
v9,https://news.example.invalid/articles/2026/10/story-1931?utm_source=share&utm_medium=link&ref=sfp-seed
29g,https://news.example.invalid/articles/2026/10/story-8262?utm_source=share&utm_medium=link&ref=sfp-seed
3a,https://news.example.invalid/articles/2026/10/story-196?utm_source=share&utm_medium=link&ref=sfp-seed
Ft,https://news.example.invalid/articles/2026/10/story-2571?utm_source=share&utm_medium=link&ref=sfp-seed
aa,https://news.example.invalid/articles/2026/10/story-630?utm_source=share&utm_medium=link&ref=sfp-seed
1qc,https://news.example.invalid/articles/2026/10/story-5468?utm_source=share&utm_medium=link&ref=sfp-seed
Rt,https://news.example.invalid/articles/2026/10/story-3315?utm_source=share&utm_medium=link&ref=sfp-seed
165,https://news.example.invalid/articles/2026/10/story-4221?utm_source=share&utm_medium=link&ref=sfp-seed
