code,url
FXsl,https://made.example.invalid/e05-03/3-0?utm_source=share&ref=6fo7o0nu
FXsm,https://made.example.invalid/e05-03/7-1?utm_source=share&ref=fd3cp1mg
FXsn,https://made.example.invalid/e05-03/9-2?utm_source=share&ref=8vahg2f3
FXso,https://made.example.invalid/e05-03/11-3?utm_source=share&ref=wjnakwpw
FXsp,https://made.example.invalid/e05-03/4-4?utm_source=share&ref=enfkdfvv
FXsq,https://made.example.invalid/e05-03/3-5?utm_source=share&ref=2yq55j4o
FXsr,https://made.example.invalid/e05-03/7-6?utm_source=share&ref=hjpej09g
FXss,https://made.example.invalid/e05-03/9-7?utm_source=share&ref=7y6ltlrk
FXst,https://made.example.invalid/e05-03/11-8?utm_source=share&ref=n090svve
FXsu,https://made.example.invalid/e05-03/4-9?utm_source=share&ref=b19140n5
FXsv,https://made.example.invalid/e05-03/3-10?utm_source=share&ref=oq7gxc75
FXsw,https://made.example.invalid/e05-03/7-11?utm_source=share&ref=djgelc6h
FXsx,https://made.example.invalid/e05-03/9-12?utm_source=share&ref=fwffpwzb
FXsy,https://made.example.invalid/e05-03/11-13?utm_source=share&ref=imizz78q
FXsz,https://made.example.invalid/e05-03/4-14?utm_source=share&ref=z7v253ev
FXsA,https://made.example.invalid/e05-03/3-15?utm_source=share&ref=9swka7gc
FXsB,https://made.example.invalid/e05-03/7-16?utm_source=share&ref=a5j1ph5c
FXsC,https://made.example.invalid/e05-03/9-17?utm_source=share&ref=9z6fnizw
FXsD,https://made.example.invalid/e05-03/11-18?utm_source=share&ref=47h6be7q
FXsE,https://made.example.invalid/e05-03/4-19?utm_source=share&ref=9ne4gus2
FXsF,https://made.example.invalid/e05-03/3-20?utm_source=share&ref=3wqqzeyq
FXsG,https://made.example.invalid/e05-03/7-21?utm_source=share&ref=4bi9xfor
FXsH,https://made.example.invalid/e05-03/9-22?utm_source=share&ref=h1p5oqp4
FXsI,https://made.example.invalid/e05-03/11-23?utm_source=share&ref=xh2mgzrz
FXsJ,https://made.example.invalid/e05-03/4-24?utm_source=share&ref=2cc934g5
FXsK,https://made.example.invalid/e05-03/3-25?utm_source=share&ref=qd7rx88k
FXsL,https://made.example.invalid/e05-03/7-26?utm_source=share&ref=2udm6wc0
FXsM,https://made.example.invalid/e05-03/9-27?utm_source=share&ref=42rctopq
FXsN,https://made.example.invalid/e05-03/11-28?utm_source=share&ref=kapb0n4u
FXsO,https://made.example.invalid/e05-03/4-29?utm_source=share&ref=itwv79n4
FXsP,https://made.example.invalid/e05-03/3-30?utm_source=share&ref=hnd4jm6p
FXsQ,https://made.example.invalid/e05-03/7-31?utm_source=share&ref=c2nvsblc
FXsR,https://made.example.invalid/e05-03/9-32?utm_source=share&ref=guc8dtbz
FXsS,https://made.example.invalid/e05-03/11-33?utm_source=share&ref=ppy3aqsa
FXsT,https://made.example.invalid/e05-03/4-34?utm_source=share&ref=qeamkc49
FXsU,https://made.example.invalid/e05-03/3-35?utm_source=share&ref=6j4806zd
FXsV,https://made.example.invalid/e05-03/7-36?utm_source=share&ref=hlv4yhej
FXsW,https://made.example.invalid/e05-03/9-37?utm_source=share&ref=p1q37hnx
FXsX,https://made.example.invalid/e05-03/11-38?utm_source=share&ref=1kmt30rh
FXsY,https://made.example.invalid/e05-03/4-39?utm_source=share&ref=s2nxrr66
FXsZ,https://made.example.invalid/e05-03/3-40?utm_source=share&ref=f1tcpcio
FXt0,https://made.example.invalid/e05-03/7-41?utm_source=share&ref=9svyiulu
FXt1,https://made.example.invalid/e05-03/9-42?utm_source=share&ref=bcfpgqc7
FXt2,https://made.example.invalid/e05-03/11-43?utm_source=share&ref=7q6en363
FXt3,https://made.example.invalid/e05-03/4-44?utm_source=share&ref=jwvbunvj
FXt4,https://made.example.invalid/e05-03/3-45?utm_source=share&ref=a5sa23zp
FXt5,https://made.example.invalid/e05-03/7-46?utm_source=share&ref=9m5oh7hl
FXt6,https://made.example.invalid/e05-03/9-47?utm_source=share&ref=r64xiunn
FXt7,https://made.example.invalid/e05-03/11-48?utm_source=share&ref=7ab8rqad
FXt8,https://made.example.invalid/e05-03/4-49?utm_source=share&ref=eymjz5ce
FXt9,https://made.example.invalid/e05-03/3-50?utm_source=share&ref=q5op1g49
FXta,https://made.example.invalid/e05-03/7-51?utm_source=share&ref=su3qjzv5
FXtb,https://made.example.invalid/e05-03/9-52?utm_source=share&ref=5x3iizuy
FXtc,https://made.example.invalid/e05-03/11-53?utm_source=share&ref=g8e347pe
FXtd,https://made.example.invalid/e05-03/4-54?utm_source=share&ref=ovpd63zv
FXte,https://made.example.invalid/e05-03/3-55?utm_source=share&ref=x4dpa9ss
FXtf,https://made.example.invalid/e05-03/7-56?utm_source=share&ref=si588ftk
FXtg,https://made.example.invalid/e05-03/9-57?utm_source=share&ref=zxwxqcjx
FXth,https://made.example.invalid/e05-03/11-58?utm_source=share&ref=lsabjhfv
FXti,https://made.example.invalid/e05-03/4-59?utm_source=share&ref=zou70bwk
FXtj,https://made.example.invalid/e05-03/3-60?utm_source=share&ref=t04fc7mp
FXtk,https://made.example.invalid/e05-03/7-61?utm_source=share&ref=4z0q9qgz
FXtl,https://made.example.invalid/e05-03/9-62?utm_source=share&ref=fej39vfk
FXtm,https://made.example.invalid/e05-03/11-63?utm_source=share&ref=xm0k0awb
FXtn,https://made.example.invalid/e05-03/4-64?utm_source=share&ref=6ppp1lds
FXto,https://made.example.invalid/e05-03/3-65?utm_source=share&ref=yd9eim0g
FXtp,https://made.example.invalid/e05-03/7-66?utm_source=share&ref=fn47pdnc
FXtq,https://made.example.invalid/e05-03/9-67?utm_source=share&ref=h6f3dhkd
FXtr,https://made.example.invalid/e05-03/11-68?utm_source=share&ref=gyn06eu7
FXts,https://made.example.invalid/e05-03/4-69?utm_source=share&ref=k6afnvt8
FXtt,https://made.example.invalid/e05-03/3-70?utm_source=share&ref=j7g2juc3
FXtu,https://made.example.invalid/e05-03/7-71?utm_source=share&ref=igqa8q8p
FXtv,https://made.example.invalid/e05-03/9-72?utm_source=share&ref=w0uvzjcu
FXtw,https://made.example.invalid/e05-03/11-73?utm_source=share&ref=3n34j44t
FXtx,https://made.example.invalid/e05-03/4-74?utm_source=share&ref=8snfq41k
FXty,https://made.example.invalid/e05-03/3-75?utm_source=share&ref=i0766cw0
FXtz,https://made.example.invalid/e05-03/7-76?utm_source=share&ref=tsjxk1d5
FXtA,https://made.example.invalid/e05-03/9-77?utm_source=share&ref=dt44p9ie
FXtB,https://made.example.invalid/e05-03/11-78?utm_source=share&ref=zjxm6xsy
FXtC,https://made.example.invalid/e05-03/4-79?utm_source=share&ref=lzhd76gv
FXtD,https://made.example.invalid/e05-03/3-80?utm_source=share&ref=cw2c3942
FXtE,https://made.example.invalid/e05-03/7-81?utm_source=share&ref=8n681szv
FXtF,https://made.example.invalid/e05-03/9-82?utm_source=share&ref=4rm0r1k3
FXtG,https://made.example.invalid/e05-03/11-83?utm_source=share&ref=6b34d06s
FXtH,https://made.example.invalid/e05-03/4-84?utm_source=share&ref=e67kcxbu
FXtI,https://made.example.invalid/e05-03/3-85?utm_source=share&ref=ajk6mhpn
FXtJ,https://made.example.invalid/e05-03/7-86?utm_source=share&ref=7ilhb5ht
FXtK,https://made.example.invalid/e05-03/9-87?utm_source=share&ref=7j5ry5wd
FXtL,https://made.example.invalid/e05-03/11-88?utm_source=share&ref=3s97rcr0
FXtM,https://made.example.invalid/e05-03/4-89?utm_source=share&ref=c1r9c2ox
FXtN,https://made.example.invalid/e05-03/3-90?utm_source=share&ref=y7vuevs4
FXtO,https://made.example.invalid/e05-03/7-91?utm_source=share&ref=x9m9l3zw
FXtP,https://made.example.invalid/e05-03/9-92?utm_source=share&ref=pxetrl3t
FXtQ,https://made.example.invalid/e05-03/11-93?utm_source=share&ref=x5i5wyhp
FXtR,https://made.example.invalid/e05-03/4-94?utm_source=share&ref=l119qqqy
FXtS,https://made.example.invalid/e05-03/3-95?utm_source=share&ref=l5nkllom
FXtT,https://made.example.invalid/e05-03/7-96?utm_source=share&ref=abreatdu
FXtU,https://made.example.invalid/e05-03/9-97?utm_source=share&ref=qis3h071
FXtV,https://made.example.invalid/e05-03/11-98?utm_source=share&ref=nmf36n81
FXtW,https://made.example.invalid/e05-03/4-99?utm_source=share&ref=8ek0sogd
FXtX,https://made.example.invalid/e05-03/3-100?utm_source=share&ref=n1o3nfwp
FXtY,https://made.example.invalid/e05-03/7-101?utm_source=share&ref=z9wm6ooo
FXtZ,https://made.example.invalid/e05-03/9-102?utm_source=share&ref=eq32aohb
FXu0,https://made.example.invalid/e05-03/11-103?utm_source=share&ref=5w1wc58d
FXu1,https://made.example.invalid/e05-03/4-104?utm_source=share&ref=ekfsz453
FXu2,https://made.example.invalid/e05-03/3-105?utm_source=share&ref=l4uletzu
FXu3,https://made.example.invalid/e05-03/7-106?utm_source=share&ref=fo41bwtq
FXu4,https://made.example.invalid/e05-03/9-107?utm_source=share&ref=v83q7uxi
FXu5,https://made.example.invalid/e05-03/11-108?utm_source=share&ref=rctnwgcu
FXu6,https://made.example.invalid/e05-03/4-109?utm_source=share&ref=1ynykyej
FXu7,https://made.example.invalid/e05-03/3-110?utm_source=share&ref=acuiusby
FXu8,https://made.example.invalid/e05-03/7-111?utm_source=share&ref=3t2syv2o
FXu9,https://made.example.invalid/e05-03/9-112?utm_source=share&ref=k3ndwr0n
FXua,https://made.example.invalid/e05-03/11-113?utm_source=share&ref=o17mwo7t
FXub,https://made.example.invalid/e05-03/4-114?utm_source=share&ref=b87i095y
FXuc,https://made.example.invalid/e05-03/3-115?utm_source=share&ref=85ovatg3
FXud,https://made.example.invalid/e05-03/7-116?utm_source=share&ref=tcaoes42
FXue,https://made.example.invalid/e05-03/9-117?utm_source=share&ref=995tek6v
FXuf,https://made.example.invalid/e05-03/11-118?utm_source=share&ref=cbouo964
FXug,https://made.example.invalid/e05-03/4-119?utm_source=share&ref=j4l6r38i
FXuh,https://made.example.invalid/e05-03/3-120?utm_source=share&ref=ll8cm73v
FXui,https://made.example.invalid/e05-03/7-121?utm_source=share&ref=le61hise
FXuj,https://made.example.invalid/e05-03/9-122?utm_source=share&ref=1dll79uk
FXuk,https://made.example.invalid/e05-03/11-123?utm_source=share&ref=7u51xt9w
FXul,https://made.example.invalid/e05-03/4-124?utm_source=share&ref=myt1c2ix
FXum,https://made.example.invalid/e05-03/3-125?utm_source=share&ref=tgmjbi47
FXun,https://made.example.invalid/e05-03/7-126?utm_source=share&ref=6pi323mb
FXuo,https://made.example.invalid/e05-03/9-127?utm_source=share&ref=805pca4v
FXup,https://made.example.invalid/e05-03/11-128?utm_source=share&ref=stijm17b
FXuq,https://made.example.invalid/e05-03/4-129?utm_source=share&ref=ez6g5che
FXur,https://made.example.invalid/e05-03/3-130?utm_source=share&ref=esympikw
FXus,https://made.example.invalid/e05-03/7-131?utm_source=share&ref=vtsdawd8
FXut,https://made.example.invalid/e05-03/9-132?utm_source=share&ref=36q6d9my
FXuu,https://made.example.invalid/e05-03/11-133?utm_source=share&ref=6ailr9wa
FXuv,https://made.example.invalid/e05-03/4-134?utm_source=share&ref=vxv5wyah
FXuw,https://made.example.invalid/e05-03/3-135?utm_source=share&ref=za4cjn8o
FXux,https://made.example.invalid/e05-03/7-136?utm_source=share&ref=bptf3nmk
FXuy,https://made.example.invalid/e05-03/9-137?utm_source=share&ref=847k1l7e
FXuz,https://made.example.invalid/e05-03/11-138?utm_source=share&ref=1nty8lz4
FXuA,https://made.example.invalid/e05-03/4-139?utm_source=share&ref=ly1nmlyg
FXuB,https://made.example.invalid/e05-03/3-140?utm_source=share&ref=pamkndxr
FXuC,https://made.example.invalid/e05-03/7-141?utm_source=share&ref=z5cy6gax
FXuD,https://made.example.invalid/e05-03/9-142?utm_source=share&ref=a4hds4a0
FXuE,https://made.example.invalid/e05-03/11-143?utm_source=share&ref=qnc577l1
FXuF,https://made.example.invalid/e05-03/4-144?utm_source=share&ref=puhdfy0b
FXuG,https://made.example.invalid/e05-03/3-145?utm_source=share&ref=fk4rb29i
FXuH,https://made.example.invalid/e05-03/7-146?utm_source=share&ref=3pd2wdyg
FXuI,https://made.example.invalid/e05-03/9-147?utm_source=share&ref=qgkn4fz0
FXuJ,https://made.example.invalid/e05-03/11-148?utm_source=share&ref=vblc97hq
FXuK,https://made.example.invalid/e05-03/4-149?utm_source=share&ref=c5ayszq2
FXuL,https://made.example.invalid/e05-03/3-150?utm_source=share&ref=50gtrwvx
FXuM,https://made.example.invalid/e05-03/7-151?utm_source=share&ref=bu29yyv6
FXuN,https://made.example.invalid/e05-03/9-152?utm_source=share&ref=c7fad1jp
FXuO,https://made.example.invalid/e05-03/11-153?utm_source=share&ref=ltz60g90
FXuP,https://made.example.invalid/e05-03/4-154?utm_source=share&ref=98jozzee
FXuQ,https://made.example.invalid/e05-03/3-155?utm_source=share&ref=0nrayph3
FXuR,https://made.example.invalid/e05-03/7-156?utm_source=share&ref=5j66swjg
FXuS,https://made.example.invalid/e05-03/9-157?utm_source=share&ref=f6uq24p6
FXuT,https://made.example.invalid/e05-03/11-158?utm_source=share&ref=0wdpv45a
FXuU,https://made.example.invalid/e05-03/4-159?utm_source=share&ref=fff3q09z
FXuV,https://made.example.invalid/e05-03/3-160?utm_source=share&ref=9yl8cikd
FXuW,https://made.example.invalid/e05-03/7-161?utm_source=share&ref=6z1lw84a
FXuX,https://made.example.invalid/e05-03/9-162?utm_source=share&ref=dbvjkkgu
FXuY,https://made.example.invalid/e05-03/11-163?utm_source=share&ref=5ztak087
FXuZ,https://made.example.invalid/e05-03/4-164?utm_source=share&ref=32d1tgsa
FXv0,https://made.example.invalid/e05-03/3-165?utm_source=share&ref=e25xunas
FXv1,https://made.example.invalid/e05-03/7-166?utm_source=share&ref=7f6qf7va
FXv2,https://made.example.invalid/e05-03/9-167?utm_source=share&ref=hpv64lcs
FXv3,https://made.example.invalid/e05-03/11-168?utm_source=share&ref=qeulsomy
FXv4,https://made.example.invalid/e05-03/4-169?utm_source=share&ref=qr5jrj9n
FXv5,https://made.example.invalid/e05-03/3-170?utm_source=share&ref=1g8dmdew
FXv6,https://made.example.invalid/e05-03/7-171?utm_source=share&ref=fmmi129t
FXv7,https://made.example.invalid/e05-03/9-172?utm_source=share&ref=eo0imja8
FXv8,https://made.example.invalid/e05-03/11-173?utm_source=share&ref=vp7v7hbu
FXv9,https://made.example.invalid/e05-03/4-174?utm_source=share&ref=eywfqi5u
FXva,https://made.example.invalid/e05-03/3-175?utm_source=share&ref=mrakuwm0
FXvb,https://made.example.invalid/e05-03/7-176?utm_source=share&ref=pootofhs
FXvc,https://made.example.invalid/e05-03/9-177?utm_source=share&ref=sfdi4x6r
FXvd,https://made.example.invalid/e05-03/11-178?utm_source=share&ref=efqoudg0
FXve,https://made.example.invalid/e05-03/4-179?utm_source=share&ref=z2fzp1e9
FXvf,https://made.example.invalid/e05-03/3-180?utm_source=share&ref=bho24tgj
FXvg,https://made.example.invalid/e05-03/7-181?utm_source=share&ref=d3rn06fs
FXvh,https://made.example.invalid/e05-03/9-182?utm_source=share&ref=44jmzbhe
FXvi,https://made.example.invalid/e05-03/11-183?utm_source=share&ref=6nzxd0in
FXvj,https://made.example.invalid/e05-03/4-184?utm_source=share&ref=a9f1mpbr
FXvk,https://made.example.invalid/e05-03/3-185?utm_source=share&ref=h91cntbt
FXvl,https://made.example.invalid/e05-03/7-186?utm_source=share&ref=6tqrw9fa
FXvm,https://made.example.invalid/e05-03/9-187?utm_source=share&ref=0fjezd3n
FXvn,https://made.example.invalid/e05-03/11-188?utm_source=share&ref=q644dlne
FXvo,https://made.example.invalid/e05-03/4-189?utm_source=share&ref=rifcmjv5
FXvp,https://made.example.invalid/e05-03/3-190?utm_source=share&ref=w50nqhze
FXvq,https://made.example.invalid/e05-03/7-191?utm_source=share&ref=yy8sq2cd
FXvr,https://made.example.invalid/e05-03/9-192?utm_source=share&ref=6ounfkyi
FXvs,https://made.example.invalid/e05-03/11-193?utm_source=share&ref=zmdu1x5c
FXvt,https://made.example.invalid/e05-03/4-194?utm_source=share&ref=yi9v66r0
FXvu,https://made.example.invalid/e05-03/3-195?utm_source=share&ref=5q4pt0xe
FXvv,https://made.example.invalid/e05-03/7-196?utm_source=share&ref=0o6zo6ra
FXvw,https://made.example.invalid/e05-03/9-197?utm_source=share&ref=82vvbweu
FXvx,https://made.example.invalid/e05-03/11-198?utm_source=share&ref=wadtr9ui
FXvy,https://made.example.invalid/e05-03/4-199?utm_source=share&ref=y9idvjol
FXvz,https://made.example.invalid/e05-03/3-200?utm_source=share&ref=b1bmzx8q
FXvA,https://made.example.invalid/e05-03/7-201?utm_source=share&ref=5m0vnu5x
FXvB,https://made.example.invalid/e05-03/9-202?utm_source=share&ref=fnavzxfs
FXvC,https://made.example.invalid/e05-03/11-203?utm_source=share&ref=dbo80utd
FXvD,https://made.example.invalid/e05-03/4-204?utm_source=share&ref=hk6c6mtb
FXvE,https://made.example.invalid/e05-03/3-205?utm_source=share&ref=sof1qf5z
FXvF,https://made.example.invalid/e05-03/7-206?utm_source=share&ref=2h96lgbt
FXvG,https://made.example.invalid/e05-03/9-207?utm_source=share&ref=08kmp4vz
FXvH,https://made.example.invalid/e05-03/11-208?utm_source=share&ref=9w37ey29
FXvI,https://made.example.invalid/e05-03/4-209?utm_source=share&ref=kvnd3g4v
FXvJ,https://made.example.invalid/e05-03/3-210?utm_source=share&ref=dts3ji4i
FXvK,https://made.example.invalid/e05-03/7-211?utm_source=share&ref=e3iyhxs9
FXvL,https://made.example.invalid/e05-03/9-212?utm_source=share&ref=8z38jv5w
FXvM,https://made.example.invalid/e05-03/11-213?utm_source=share&ref=jix3kgex
FXvN,https://made.example.invalid/e05-03/4-214?utm_source=share&ref=3hqq3yn3
FXvO,https://made.example.invalid/e05-03/3-215?utm_source=share&ref=343a7kdd
FXvP,https://made.example.invalid/e05-03/7-216?utm_source=share&ref=q34i7azz
FXvQ,https://made.example.invalid/e05-03/9-217?utm_source=share&ref=xnwyni9l
FXvR,https://made.example.invalid/e05-03/11-218?utm_source=share&ref=ped650oz
FXvS,https://made.example.invalid/e05-03/4-219?utm_source=share&ref=xjrieqyv
FXvT,https://made.example.invalid/e05-03/3-220?utm_source=share&ref=3x5n7rom
FXvU,https://made.example.invalid/e05-03/7-221?utm_source=share&ref=tvk6sl0z
FXvV,https://made.example.invalid/e05-03/9-222?utm_source=share&ref=2w3k451d
FXvW,https://made.example.invalid/e05-03/11-223?utm_source=share&ref=5uwghanx
FXvX,https://made.example.invalid/e05-03/4-224?utm_source=share&ref=vpoy6mrs
FXvY,https://made.example.invalid/e05-03/3-225?utm_source=share&ref=svzclfbm
FXvZ,https://made.example.invalid/e05-03/7-226?utm_source=share&ref=r3rrlr81
FXw0,https://made.example.invalid/e05-03/9-227?utm_source=share&ref=nzkjrn33
FXw1,https://made.example.invalid/e05-03/11-228?utm_source=share&ref=w9yvhlwi
FXw2,https://made.example.invalid/e05-03/4-229?utm_source=share&ref=2dcmiqij
FXw3,https://made.example.invalid/e05-03/3-230?utm_source=share&ref=yl6exx36
FXw4,https://made.example.invalid/e05-03/7-231?utm_source=share&ref=gcqavvu9
FXw5,https://made.example.invalid/e05-03/9-232?utm_source=share&ref=83mv0wfl
FXw6,https://made.example.invalid/e05-03/11-233?utm_source=share&ref=cd3kp598
FXw7,https://made.example.invalid/e05-03/4-234?utm_source=share&ref=w09nxj3q
FXw8,https://made.example.invalid/e05-03/3-235?utm_source=share&ref=taembh41
FXw9,https://made.example.invalid/e05-03/7-236?utm_source=share&ref=wndo8luw
FXwa,https://made.example.invalid/e05-03/9-237?utm_source=share&ref=vgjjst81
FXwb,https://made.example.invalid/e05-03/11-238?utm_source=share&ref=6nlarmch
FXwc,https://made.example.invalid/e05-03/4-239?utm_source=share&ref=ejo7gzxg
FXwd,https://made.example.invalid/e05-03/3-240?utm_source=share&ref=boouncoi
FXwe,https://made.example.invalid/e05-03/7-241?utm_source=share&ref=de85zyb7
FXwf,https://made.example.invalid/e05-03/9-242?utm_source=share&ref=cd6ujw58
FXwg,https://made.example.invalid/e05-03/11-243?utm_source=share&ref=unidavz7
FXwh,https://made.example.invalid/e05-03/4-244?utm_source=share&ref=t1710wpd
FXwi,https://made.example.invalid/e05-03/3-245?utm_source=share&ref=3tfy0irz
FXwj,https://made.example.invalid/e05-03/7-246?utm_source=share&ref=z3r55658
FXwk,https://made.example.invalid/e05-03/9-247?utm_source=share&ref=xochk6mx
FXwl,https://made.example.invalid/e05-03/11-248?utm_source=share&ref=ujbibyz5
FXwm,https://made.example.invalid/e05-03/4-249?utm_source=share&ref=sbf8sf5a
FXwn,https://made.example.invalid/e05-03/3-250?utm_source=share&ref=olh5pq4u
FXwo,https://made.example.invalid/e05-03/7-251?utm_source=share&ref=fu1no9u0
FXwp,https://made.example.invalid/e05-03/9-252?utm_source=share&ref=6mgxdra9
FXwq,https://made.example.invalid/e05-03/11-253?utm_source=share&ref=qh73pfda
FXwr,https://made.example.invalid/e05-03/4-254?utm_source=share&ref=d6dmzfvl
FXws,https://made.example.invalid/e05-03/3-255?utm_source=share&ref=3dw5gjlj
FXwt,https://made.example.invalid/e05-03/7-256?utm_source=share&ref=93krq7pc
FXwu,https://made.example.invalid/e05-03/9-257?utm_source=share&ref=lt3cqzpa
FXwv,https://made.example.invalid/e05-03/11-258?utm_source=share&ref=spculfdc
FXww,https://made.example.invalid/e05-03/4-259?utm_source=share&ref=2vjnfge7
FXwx,https://made.example.invalid/e05-03/3-260?utm_source=share&ref=1tv820qo
FXwy,https://made.example.invalid/e05-03/7-261?utm_source=share&ref=b780pzf2
FXwz,https://made.example.invalid/e05-03/9-262?utm_source=share&ref=kxdw2o6l
FXwA,https://made.example.invalid/e05-03/11-263?utm_source=share&ref=8mix81y0
FXwB,https://made.example.invalid/e05-03/4-264?utm_source=share&ref=ia96q3ww
FXwC,https://made.example.invalid/e05-03/3-265?utm_source=share&ref=cu1ijxhn
FXwD,https://made.example.invalid/e05-03/7-266?utm_source=share&ref=r9coc2v0
FXwE,https://made.example.invalid/e05-03/9-267?utm_source=share&ref=649uc2ky
FXwF,https://made.example.invalid/e05-03/11-268?utm_source=share&ref=xltevluz
FXwG,https://made.example.invalid/e05-03/4-269?utm_source=share&ref=fd7erpz1
FXwH,https://made.example.invalid/e05-03/3-270?utm_source=share&ref=skq96ibi
FXwI,https://made.example.invalid/e05-03/7-271?utm_source=share&ref=oa8h78v5
FXwJ,https://made.example.invalid/e05-03/9-272?utm_source=share&ref=e4w6omd5
FXwK,https://made.example.invalid/e05-03/11-273?utm_source=share&ref=a64lrmkn
FXwL,https://made.example.invalid/e05-03/4-274?utm_source=share&ref=spmwsobq
FXwM,https://made.example.invalid/e05-03/3-275?utm_source=share&ref=58okz55k
FXwN,https://made.example.invalid/e05-03/7-276?utm_source=share&ref=46f3zqtn
FXwO,https://made.example.invalid/e05-03/9-277?utm_source=share&ref=f2ixyia4
FXwP,https://made.example.invalid/e05-03/11-278?utm_source=share&ref=xnok2jlc
FXwQ,https://made.example.invalid/e05-03/4-279?utm_source=share&ref=wli9xobc
FXwR,https://made.example.invalid/e05-03/3-280?utm_source=share&ref=kwym4nbo
FXwS,https://made.example.invalid/e05-03/7-281?utm_source=share&ref=vn3sw5qs
FXwT,https://made.example.invalid/e05-03/9-282?utm_source=share&ref=945eey2p
FXwU,https://made.example.invalid/e05-03/11-283?utm_source=share&ref=rrzcly96
FXwV,https://made.example.invalid/e05-03/4-284?utm_source=share&ref=0tbhz9lu
FXwW,https://made.example.invalid/e05-03/3-285?utm_source=share&ref=i71biey8
FXwX,https://made.example.invalid/e05-03/7-286?utm_source=share&ref=kji0efoe
FXwY,https://made.example.invalid/e05-03/9-287?utm_source=share&ref=g59aazvr
FXwZ,https://made.example.invalid/e05-03/11-288?utm_source=share&ref=1kqx2wzw
FXx0,https://made.example.invalid/e05-03/4-289?utm_source=share&ref=bjd3icb7
FXx1,https://made.example.invalid/e05-03/3-290?utm_source=share&ref=f9h65rzi
FXx2,https://made.example.invalid/e05-03/7-291?utm_source=share&ref=8tv03r3j
FXx3,https://made.example.invalid/e05-03/9-292?utm_source=share&ref=hm5ybqnp
FXx4,https://made.example.invalid/e05-03/11-293?utm_source=share&ref=l2u0jto4
FXx5,https://made.example.invalid/e05-03/4-294?utm_source=share&ref=j0ce5p8m
FXx6,https://made.example.invalid/e05-03/3-295?utm_source=share&ref=ttovo5df
FXx7,https://made.example.invalid/e05-03/7-296?utm_source=share&ref=lwvvhi61
FXx8,https://made.example.invalid/e05-03/9-297?utm_source=share&ref=qjsniyrw
FXx9,https://made.example.invalid/e05-03/11-298?utm_source=share&ref=9h01pgrw
FXxa,https://made.example.invalid/e05-03/4-299?utm_source=share&ref=zbwkkrrp
FXxb,https://made.example.invalid/e05-03/3-300?utm_source=share&ref=1bjr78hu
FXxc,https://made.example.invalid/e05-03/7-301?utm_source=share&ref=joa9er8k
FXxd,https://made.example.invalid/e05-03/9-302?utm_source=share&ref=26g70nye
FXxe,https://made.example.invalid/e05-03/11-303?utm_source=share&ref=gldqqs23
FXxf,https://made.example.invalid/e05-03/4-304?utm_source=share&ref=alnhpj1t
FXxg,https://made.example.invalid/e05-03/3-305?utm_source=share&ref=f78koler
FXxh,https://made.example.invalid/e05-03/7-306?utm_source=share&ref=qr7lugnq
FXxi,https://made.example.invalid/e05-03/9-307?utm_source=share&ref=tfk5h755
FXxj,https://made.example.invalid/e05-03/11-308?utm_source=share&ref=izm86cn3
FXxk,https://made.example.invalid/e05-03/4-309?utm_source=share&ref=j3xuzaeh
FXxl,https://made.example.invalid/e05-03/3-310?utm_source=share&ref=caqih3zv
FXxm,https://made.example.invalid/e05-03/7-311?utm_source=share&ref=67o9ltj0
FXxn,https://made.example.invalid/e05-03/9-312?utm_source=share&ref=te3rf4em
FXxo,https://made.example.invalid/e05-03/11-313?utm_source=share&ref=t2fg8pk1
FXxp,https://made.example.invalid/e05-03/4-314?utm_source=share&ref=0gox1a2h
FXxq,https://made.example.invalid/e05-03/3-315?utm_source=share&ref=9a637zs4
FXxr,https://made.example.invalid/e05-03/7-316?utm_source=share&ref=8in4tfle
FXxs,https://made.example.invalid/e05-03/9-317?utm_source=share&ref=ib4dfj18
FXxt,https://made.example.invalid/e05-03/11-318?utm_source=share&ref=53v6nw0f
FXxu,https://made.example.invalid/e05-03/4-319?utm_source=share&ref=zyk6wkg4
FXxv,https://made.example.invalid/e05-03/3-320?utm_source=share&ref=urp4lks4
FXxw,https://made.example.invalid/e05-03/7-321?utm_source=share&ref=4rw5iadr
FXxx,https://made.example.invalid/e05-03/9-322?utm_source=share&ref=z25v63uu
FXxy,https://made.example.invalid/e05-03/11-323?utm_source=share&ref=ik54wslh
FXxz,https://made.example.invalid/e05-03/4-324?utm_source=share&ref=05u87ps7
FXxA,https://made.example.invalid/e05-03/3-325?utm_source=share&ref=a0cgwxs3
FXxB,https://made.example.invalid/e05-03/7-326?utm_source=share&ref=z9o5cb1q
FXxC,https://made.example.invalid/e05-03/9-327?utm_source=share&ref=38gioowx
FXxD,https://made.example.invalid/e05-03/11-328?utm_source=share&ref=4thg27dk
FXxE,https://made.example.invalid/e05-03/4-329?utm_source=share&ref=1qnk6bbf
FXxF,https://made.example.invalid/e05-03/3-330?utm_source=share&ref=tqmv2t6f
FXxG,https://made.example.invalid/e05-03/7-331?utm_source=share&ref=s34xx42e
FXxH,https://made.example.invalid/e05-03/9-332?utm_source=share&ref=3d6fbaws
FXxI,https://made.example.invalid/e05-03/11-333?utm_source=share&ref=tjhtdw3l
FXxJ,https://made.example.invalid/e05-03/4-334?utm_source=share&ref=zi15m2hc
FXxK,https://made.example.invalid/e05-03/3-335?utm_source=share&ref=oebbg0n4
FXxL,https://made.example.invalid/e05-03/7-336?utm_source=share&ref=obkdoza4
FXxM,https://made.example.invalid/e05-03/9-337?utm_source=share&ref=n3n239la
FXxN,https://made.example.invalid/e05-03/11-338?utm_source=share&ref=v2ub2c5w
FXxO,https://made.example.invalid/e05-03/4-339?utm_source=share&ref=t0tgmsob
FXxP,https://made.example.invalid/e05-03/3-340?utm_source=share&ref=1dx4b2or
FXxQ,https://made.example.invalid/e05-03/7-341?utm_source=share&ref=y5f3v31e
FXxR,https://made.example.invalid/e05-03/9-342?utm_source=share&ref=oc04nsm1
FXxS,https://made.example.invalid/e05-03/11-343?utm_source=share&ref=4v78dvoc
FXxT,https://made.example.invalid/e05-03/4-344?utm_source=share&ref=55k1mo1k
FXxU,https://made.example.invalid/e05-03/3-345?utm_source=share&ref=rqll0ykn
FXxV,https://made.example.invalid/e05-03/7-346?utm_source=share&ref=cmphb2ky
FXxW,https://made.example.invalid/e05-03/9-347?utm_source=share&ref=6ngqd4b3
FXxX,https://made.example.invalid/e05-03/11-348?utm_source=share&ref=v3wfnscl
FXxY,https://made.example.invalid/e05-03/4-349?utm_source=share&ref=ubwo63wb
FXxZ,https://made.example.invalid/e05-03/3-350?utm_source=share&ref=khl5rpxl
FXy0,https://made.example.invalid/e05-03/7-351?utm_source=share&ref=aba2rp6j
FXy1,https://made.example.invalid/e05-03/9-352?utm_source=share&ref=u5i3prq4
FXy2,https://made.example.invalid/e05-03/11-353?utm_source=share&ref=8h882ckk
FXy3,https://made.example.invalid/e05-03/4-354?utm_source=share&ref=wkqaioxx
FXy4,https://made.example.invalid/e05-03/3-355?utm_source=share&ref=yw373hds
FXy5,https://made.example.invalid/e05-03/7-356?utm_source=share&ref=hwzpcwoe
FXy6,https://made.example.invalid/e05-03/9-357?utm_source=share&ref=srpixl38
FXy7,https://made.example.invalid/e05-03/11-358?utm_source=share&ref=b5699ro9
FXy8,https://made.example.invalid/e05-03/4-359?utm_source=share&ref=oxbh0je1
FXy9,https://made.example.invalid/e05-03/3-360?utm_source=share&ref=jhmou5zq
FXya,https://made.example.invalid/e05-03/7-361?utm_source=share&ref=gzh8lqii
FXyb,https://made.example.invalid/e05-03/9-362?utm_source=share&ref=hkpb0k84
FXyc,https://made.example.invalid/e05-03/11-363?utm_source=share&ref=02jb7m6a
FXyd,https://made.example.invalid/e05-03/4-364?utm_source=share&ref=ti4mxdgc
FXye,https://made.example.invalid/e05-03/3-365?utm_source=share&ref=q3m9o847
FXyf,https://made.example.invalid/e05-03/7-366?utm_source=share&ref=mhxikb1y
FXyg,https://made.example.invalid/e05-03/9-367?utm_source=share&ref=3r91s9ey
FXyh,https://made.example.invalid/e05-03/11-368?utm_source=share&ref=jz7y8xwm
FXyi,https://made.example.invalid/e05-03/4-369?utm_source=share&ref=01yhca8p
FXyj,https://made.example.invalid/e05-03/3-370?utm_source=share&ref=8hxcgnap
FXyk,https://made.example.invalid/e05-03/7-371?utm_source=share&ref=en99qjom
FXyl,https://made.example.invalid/e05-03/9-372?utm_source=share&ref=guaehpjp
FXym,https://made.example.invalid/e05-03/11-373?utm_source=share&ref=3pb9fcxd
FXyn,https://made.example.invalid/e05-03/4-374?utm_source=share&ref=rcjn60u5
FXyo,https://made.example.invalid/e05-03/3-375?utm_source=share&ref=yn1kyfa1
FXyp,https://made.example.invalid/e05-03/7-376?utm_source=share&ref=robkikic
FXyq,https://made.example.invalid/e05-03/9-377?utm_source=share&ref=ikmlrt3z
FXyr,https://made.example.invalid/e05-03/11-378?utm_source=share&ref=kxzcdiqj
FXys,https://made.example.invalid/e05-03/4-379?utm_source=share&ref=5dydgqdi
FXyt,https://made.example.invalid/e05-03/3-380?utm_source=share&ref=8wkljfm6
FXyu,https://made.example.invalid/e05-03/7-381?utm_source=share&ref=0jgfn1rm
FXyv,https://made.example.invalid/e05-03/9-382?utm_source=share&ref=s0rzhxov
FXyw,https://made.example.invalid/e05-03/11-383?utm_source=share&ref=n3avgdzx
FXyx,https://made.example.invalid/e05-03/4-384?utm_source=share&ref=9ssp8apb
FXyy,https://made.example.invalid/e05-03/3-385?utm_source=share&ref=rrg11vjr
FXyz,https://made.example.invalid/e05-03/7-386?utm_source=share&ref=r0re6ec2
FXyA,https://made.example.invalid/e05-03/9-387?utm_source=share&ref=dfo4ziyz
FXyB,https://made.example.invalid/e05-03/11-388?utm_source=share&ref=ud5f0ww5
FXyC,https://made.example.invalid/e05-03/4-389?utm_source=share&ref=8j7jdqb4
FXyD,https://made.example.invalid/e05-03/3-390?utm_source=share&ref=sfkedh98
FXyE,https://made.example.invalid/e05-03/7-391?utm_source=share&ref=zs0db0ju
FXyF,https://made.example.invalid/e05-03/9-392?utm_source=share&ref=4gbutafi
FXyG,https://made.example.invalid/e05-03/11-393?utm_source=share&ref=jg712r97
FXyH,https://made.example.invalid/e05-03/4-394?utm_source=share&ref=vmp4u2r6
FXyI,https://made.example.invalid/e05-03/3-395?utm_source=share&ref=8pit4q7k
FXyJ,https://made.example.invalid/e05-03/7-396?utm_source=share&ref=ruk0kg6s
FXyK,https://made.example.invalid/e05-03/9-397?utm_source=share&ref=rmg3u5wm
FXyL,https://made.example.invalid/e05-03/11-398?utm_source=share&ref=9s2dii0e
FXyM,https://made.example.invalid/e05-03/4-399?utm_source=share&ref=s6iu0v0g
FXyN,https://made.example.invalid/e05-03/3-400?utm_source=share&ref=25sakivz
FXyO,https://made.example.invalid/e05-03/7-401?utm_source=share&ref=ur8zb54b
FXyP,https://made.example.invalid/e05-03/9-402?utm_source=share&ref=p99znr87
FXyQ,https://made.example.invalid/e05-03/11-403?utm_source=share&ref=zs1jxfy6
FXyR,https://made.example.invalid/e05-03/4-404?utm_source=share&ref=hzx1aid8
FXyS,https://made.example.invalid/e05-03/3-405?utm_source=share&ref=i0ib25h1
FXyT,https://made.example.invalid/e05-03/7-406?utm_source=share&ref=gi5bclpx
FXyU,https://made.example.invalid/e05-03/9-407?utm_source=share&ref=cbgelcx4
FXyV,https://made.example.invalid/e05-03/11-408?utm_source=share&ref=xexroxch
FXyW,https://made.example.invalid/e05-03/4-409?utm_source=share&ref=liu3z6f5
FXyX,https://made.example.invalid/e05-03/3-410?utm_source=share&ref=wj6djg67
FXyY,https://made.example.invalid/e05-03/7-411?utm_source=share&ref=uldiyhhy
FXyZ,https://made.example.invalid/e05-03/9-412?utm_source=share&ref=5ve9v5ej
FXz0,https://made.example.invalid/e05-03/11-413?utm_source=share&ref=tjvemrly
FXz1,https://made.example.invalid/e05-03/4-414?utm_source=share&ref=0eskk683
FXz2,https://made.example.invalid/e05-03/3-415?utm_source=share&ref=8pp94vgj
FXz3,https://made.example.invalid/e05-03/7-416?utm_source=share&ref=d99plw1l
FXz4,https://made.example.invalid/e05-03/9-417?utm_source=share&ref=r22opcd9
FXz5,https://made.example.invalid/e05-03/11-418?utm_source=share&ref=agrz34wz
FXz6,https://made.example.invalid/e05-03/4-419?utm_source=share&ref=h7q4zdhq
FXz7,https://made.example.invalid/e05-03/3-420?utm_source=share&ref=qxxmaiq2
FXz8,https://made.example.invalid/e05-03/7-421?utm_source=share&ref=huu8f1mx
FXz9,https://made.example.invalid/e05-03/9-422?utm_source=share&ref=p51jkndt
FXza,https://made.example.invalid/e05-03/11-423?utm_source=share&ref=ks30ncap
FXzb,https://made.example.invalid/e05-03/4-424?utm_source=share&ref=irtamgue
FXzc,https://made.example.invalid/e05-03/3-425?utm_source=share&ref=p0jjqgq2
FXzd,https://made.example.invalid/e05-03/7-426?utm_source=share&ref=amjy6ivj
FXze,https://made.example.invalid/e05-03/9-427?utm_source=share&ref=4s2l9xx1
FXzf,https://made.example.invalid/e05-03/11-428?utm_source=share&ref=18juvg6v
FXzg,https://made.example.invalid/e05-03/4-429?utm_source=share&ref=0u6mlcw1
FXzh,https://made.example.invalid/e05-03/3-430?utm_source=share&ref=kvjqh1ok
FXzi,https://made.example.invalid/e05-03/7-431?utm_source=share&ref=0nr5isep
FXzj,https://made.example.invalid/e05-03/9-432?utm_source=share&ref=lpbd4w90
FXzk,https://made.example.invalid/e05-03/11-433?utm_source=share&ref=n3kznm10
FXzl,https://made.example.invalid/e05-03/4-434?utm_source=share&ref=xf7r7jyf
FXzm,https://made.example.invalid/e05-03/3-435?utm_source=share&ref=skcqq9uz
FXzn,https://made.example.invalid/e05-03/7-436?utm_source=share&ref=949ii7x1
FXzo,https://made.example.invalid/e05-03/9-437?utm_source=share&ref=7lfvquws
FXzp,https://made.example.invalid/e05-03/11-438?utm_source=share&ref=rqoq0o6d
FXzq,https://made.example.invalid/e05-03/4-439?utm_source=share&ref=ce18rm2y
FXzr,https://made.example.invalid/e05-03/3-440?utm_source=share&ref=ypkfjhm5
FXzs,https://made.example.invalid/e05-03/7-441?utm_source=share&ref=ri591iqz
FXzt,https://made.example.invalid/e05-03/9-442?utm_source=share&ref=t72xku5h
FXzu,https://made.example.invalid/e05-03/11-443?utm_source=share&ref=mjtkrsxy
FXzv,https://made.example.invalid/e05-03/4-444?utm_source=share&ref=f1djrq68
FXzw,https://made.example.invalid/e05-03/3-445?utm_source=share&ref=nwfx2oz0
FXzx,https://made.example.invalid/e05-03/7-446?utm_source=share&ref=o9ivg6g4
FXzy,https://made.example.invalid/e05-03/9-447?utm_source=share&ref=8lc182lv
FXzz,https://made.example.invalid/e05-03/11-448?utm_source=share&ref=qwsn4xt1
FXzA,https://made.example.invalid/e05-03/4-449?utm_source=share&ref=ctkb0bso
FXzB,https://made.example.invalid/e05-03/3-450?utm_source=share&ref=7p1oeek0
FXzC,https://made.example.invalid/e05-03/7-451?utm_source=share&ref=vadhugtt
FXzD,https://made.example.invalid/e05-03/9-452?utm_source=share&ref=lf21v3xo
FXzE,https://made.example.invalid/e05-03/11-453?utm_source=share&ref=5ipbtbiv
FXzF,https://made.example.invalid/e05-03/4-454?utm_source=share&ref=2xm821h4
FXzG,https://made.example.invalid/e05-03/3-455?utm_source=share&ref=cdthn3s3
FXzH,https://made.example.invalid/e05-03/7-456?utm_source=share&ref=s8n9qps8
FXzI,https://made.example.invalid/e05-03/9-457?utm_source=share&ref=5so6wsdy
FXzJ,https://made.example.invalid/e05-03/11-458?utm_source=share&ref=5cxfdas3
FXzK,https://made.example.invalid/e05-03/4-459?utm_source=share&ref=xda497w0
FXzL,https://made.example.invalid/e05-03/3-460?utm_source=share&ref=80pynzei
FXzM,https://made.example.invalid/e05-03/7-461?utm_source=share&ref=qxfz3kx8
FXzN,https://made.example.invalid/e05-03/9-462?utm_source=share&ref=19r47ubv
FXzO,https://made.example.invalid/e05-03/11-463?utm_source=share&ref=n32atzd5
FXzP,https://made.example.invalid/e05-03/4-464?utm_source=share&ref=3mhsjant
FXzQ,https://made.example.invalid/e05-03/3-465?utm_source=share&ref=ifeo8vy8
FXzR,https://made.example.invalid/e05-03/7-466?utm_source=share&ref=p9c0lpra
FXzS,https://made.example.invalid/e05-03/9-467?utm_source=share&ref=2dl8xb58
FXzT,https://made.example.invalid/e05-03/11-468?utm_source=share&ref=pl1gd6p6
FXzU,https://made.example.invalid/e05-03/4-469?utm_source=share&ref=oll2cmh5
FXzV,https://made.example.invalid/e05-03/3-470?utm_source=share&ref=vkeuelgk
FXzW,https://made.example.invalid/e05-03/7-471?utm_source=share&ref=5iq3njys
FXzX,https://made.example.invalid/e05-03/9-472?utm_source=share&ref=h9iofmpz
FXzY,https://made.example.invalid/e05-03/11-473?utm_source=share&ref=weg7eavp
FXzZ,https://made.example.invalid/e05-03/4-474?utm_source=share&ref=mp14cz8w
FXA0,https://made.example.invalid/e05-03/3-475?utm_source=share&ref=i0orjbec
FXA1,https://made.example.invalid/e05-03/7-476?utm_source=share&ref=ebxhrni8
FXA2,https://made.example.invalid/e05-03/9-477?utm_source=share&ref=nefptfko
FXA3,https://made.example.invalid/e05-03/11-478?utm_source=share&ref=9oq6lv8s
FXA4,https://made.example.invalid/e05-03/4-479?utm_source=share&ref=sxj7mhx2
FXA5,https://made.example.invalid/e05-03/3-480?utm_source=share&ref=68zc6cls
FXA6,https://made.example.invalid/e05-03/7-481?utm_source=share&ref=wcgp90aq
FXA7,https://made.example.invalid/e05-03/9-482?utm_source=share&ref=7kukm45e
FXA8,https://made.example.invalid/e05-03/11-483?utm_source=share&ref=v9rhy5vb
FXA9,https://made.example.invalid/e05-03/4-484?utm_source=share&ref=s09g3z39
FXAa,https://made.example.invalid/e05-03/3-485?utm_source=share&ref=vrcyt19f
FXAb,https://made.example.invalid/e05-03/7-486?utm_source=share&ref=uv4d2bym
FXAc,https://made.example.invalid/e05-03/9-487?utm_source=share&ref=9y75f6be
FXAd,https://made.example.invalid/e05-03/11-488?utm_source=share&ref=u0chzazz
FXAe,https://made.example.invalid/e05-03/4-489?utm_source=share&ref=14rgz33m
FXAf,https://made.example.invalid/e05-03/3-490?utm_source=share&ref=8ojjmj3y
FXAg,https://made.example.invalid/e05-03/7-491?utm_source=share&ref=ltca8j80
FXAh,https://made.example.invalid/e05-03/9-492?utm_source=share&ref=pek692a6
FXAi,https://made.example.invalid/e05-03/11-493?utm_source=share&ref=c1e61d37
FXAj,https://made.example.invalid/e05-03/4-494?utm_source=share&ref=ny1rtkg6
FXAk,https://made.example.invalid/e05-03/3-495?utm_source=share&ref=n1juimkd
FXAl,https://made.example.invalid/e05-03/7-496?utm_source=share&ref=ld3mtlh0
FXAm,https://made.example.invalid/e05-03/9-497?utm_source=share&ref=ihfq8naa
FXAn,https://made.example.invalid/e05-03/11-498?utm_source=share&ref=qburgzqj
FXAo,https://made.example.invalid/e05-03/4-499?utm_source=share&ref=wfqbhuma
FXAp,https://made.example.invalid/e05-03/3-500?utm_source=share&ref=n0v5ieqw
FXAq,https://made.example.invalid/e05-03/7-501?utm_source=share&ref=jddxm0to
FXAr,https://made.example.invalid/e05-03/9-502?utm_source=share&ref=oe4is5vs
FXAs,https://made.example.invalid/e05-03/11-503?utm_source=share&ref=stia37yc
FXAt,https://made.example.invalid/e05-03/4-504?utm_source=share&ref=facwjiq8
FXAu,https://made.example.invalid/e05-03/3-505?utm_source=share&ref=0dsn30fm
FXAv,https://made.example.invalid/e05-03/7-506?utm_source=share&ref=zfdivzsz
FXAw,https://made.example.invalid/e05-03/9-507?utm_source=share&ref=p1l0n4pc
FXAx,https://made.example.invalid/e05-03/11-508?utm_source=share&ref=l2cbyl3d
FXAy,https://made.example.invalid/e05-03/4-509?utm_source=share&ref=a0ynco7v
FXAz,https://made.example.invalid/e05-03/3-510?utm_source=share&ref=1wtwj03m
FXAA,https://made.example.invalid/e05-03/7-511?utm_source=share&ref=e52sys6w
FXAB,https://made.example.invalid/e05-03/9-512?utm_source=share&ref=l0iy4c2j
FXAC,https://made.example.invalid/e05-03/11-513?utm_source=share&ref=xozsxin0
FXAD,https://made.example.invalid/e05-03/4-514?utm_source=share&ref=qlihsz39
FXAE,https://made.example.invalid/e05-03/3-515?utm_source=share&ref=0zkxq1mx
FXAF,https://made.example.invalid/e05-03/7-516?utm_source=share&ref=wzix85pd
FXAG,https://made.example.invalid/e05-03/9-517?utm_source=share&ref=lknzg5dx
FXAH,https://made.example.invalid/e05-03/11-518?utm_source=share&ref=rr6w5s6x
FXAI,https://made.example.invalid/e05-03/4-519?utm_source=share&ref=hgnc4nl0
FXAJ,https://made.example.invalid/e05-03/3-520?utm_source=share&ref=bclssj0s
FXAK,https://made.example.invalid/e05-03/7-521?utm_source=share&ref=lt1kgxda
FXAL,https://made.example.invalid/e05-03/9-522?utm_source=share&ref=fy6htvwx
FXAM,https://made.example.invalid/e05-03/11-523?utm_source=share&ref=2uf6qd0k
FXAN,https://made.example.invalid/e05-03/4-524?utm_source=share&ref=r2wfg7m7
FXAO,https://made.example.invalid/e05-03/3-525?utm_source=share&ref=8mu5pfk5
FXAP,https://made.example.invalid/e05-03/7-526?utm_source=share&ref=rzx917gb
FXAQ,https://made.example.invalid/e05-03/9-527?utm_source=share&ref=w6fxudsr
FXAR,https://made.example.invalid/e05-03/11-528?utm_source=share&ref=oxe8b5lg
FXAS,https://made.example.invalid/e05-03/4-529?utm_source=share&ref=4ru1h8nr
FXAT,https://made.example.invalid/e05-03/3-530?utm_source=share&ref=qyxlu8ga
FXAU,https://made.example.invalid/e05-03/7-531?utm_source=share&ref=93w4cl8h
FXAV,https://made.example.invalid/e05-03/9-532?utm_source=share&ref=caunxlls
FXAW,https://made.example.invalid/e05-03/11-533?utm_source=share&ref=4gn56tvo
FXAX,https://made.example.invalid/e05-03/4-534?utm_source=share&ref=6yvla4hv
FXAY,https://made.example.invalid/e05-03/3-535?utm_source=share&ref=huxw6e6h
FXAZ,https://made.example.invalid/e05-03/7-536?utm_source=share&ref=qv70x6am
FXB0,https://made.example.invalid/e05-03/9-537?utm_source=share&ref=3f19wcwr
FXB1,https://made.example.invalid/e05-03/11-538?utm_source=share&ref=vg86fv69
FXB2,https://made.example.invalid/e05-03/4-539?utm_source=share&ref=9qpemule
FXB3,https://made.example.invalid/e05-03/3-540?utm_source=share&ref=mib9dt09
FXB4,https://made.example.invalid/e05-03/7-541?utm_source=share&ref=blask2cg
FXB5,https://made.example.invalid/e05-03/9-542?utm_source=share&ref=mf7snhhx
FXB6,https://made.example.invalid/e05-03/11-543?utm_source=share&ref=iwogej1b
FXB7,https://made.example.invalid/e05-03/4-544?utm_source=share&ref=pojkj4sx
FXB8,https://made.example.invalid/e05-03/3-545?utm_source=share&ref=2umajuje
FXB9,https://made.example.invalid/e05-03/7-546?utm_source=share&ref=m3m6bjw7
FXBa,https://made.example.invalid/e05-03/9-547?utm_source=share&ref=xml8u5l3
FXBb,https://made.example.invalid/e05-03/11-548?utm_source=share&ref=grvz2ikk
FXBc,https://made.example.invalid/e05-03/4-549?utm_source=share&ref=5eyxb80o
FXBd,https://made.example.invalid/e05-03/3-550?utm_source=share&ref=qp09yxll
FXBe,https://made.example.invalid/e05-03/7-551?utm_source=share&ref=ui26jyz2
FXBf,https://made.example.invalid/e05-03/9-552?utm_source=share&ref=crz8vboo
FXBg,https://made.example.invalid/e05-03/11-553?utm_source=share&ref=seoco7ix
FXBh,https://made.example.invalid/e05-03/4-554?utm_source=share&ref=lmcq9j2s
FXBi,https://made.example.invalid/e05-03/3-555?utm_source=share&ref=kdkv3tih
FXBj,https://made.example.invalid/e05-03/7-556?utm_source=share&ref=mhthnbjn
FXBk,https://made.example.invalid/e05-03/9-557?utm_source=share&ref=bwf296vo
FXBl,https://made.example.invalid/e05-03/11-558?utm_source=share&ref=0ggf2pc7
FXBm,https://made.example.invalid/e05-03/4-559?utm_source=share&ref=93co8lm5
FXBn,https://made.example.invalid/e05-03/3-560?utm_source=share&ref=xvsd8j35
FXBo,https://made.example.invalid/e05-03/7-561?utm_source=share&ref=poqtoish
FXBp,https://made.example.invalid/e05-03/9-562?utm_source=share&ref=8m78loj0
FXBq,https://made.example.invalid/e05-03/11-563?utm_source=share&ref=pdrfncn6
FXBr,https://made.example.invalid/e05-03/4-564?utm_source=share&ref=tnr6640s
FXBs,https://made.example.invalid/e05-03/3-565?utm_source=share&ref=k7ln9g7m
FXBt,https://made.example.invalid/e05-03/7-566?utm_source=share&ref=o9n3kjit
FXBu,https://made.example.invalid/e05-03/9-567?utm_source=share&ref=wgksuzp7
FXBv,https://made.example.invalid/e05-03/11-568?utm_source=share&ref=02jdwwyq
FXBw,https://made.example.invalid/e05-03/4-569?utm_source=share&ref=gi5bt4sh
FXBx,https://made.example.invalid/e05-03/3-570?utm_source=share&ref=2sdmd1td
FXBy,https://made.example.invalid/e05-03/7-571?utm_source=share&ref=01lsxo85
FXBz,https://made.example.invalid/e05-03/9-572?utm_source=share&ref=wq72z9oi
FXBA,https://made.example.invalid/e05-03/11-573?utm_source=share&ref=jll1ctdp
FXBB,https://made.example.invalid/e05-03/4-574?utm_source=share&ref=rr4nvyz3
FXBC,https://made.example.invalid/e05-03/3-575?utm_source=share&ref=714lzgbk
FXBD,https://made.example.invalid/e05-03/7-576?utm_source=share&ref=65k80hsb
FXBE,https://made.example.invalid/e05-03/9-577?utm_source=share&ref=5wwpjt4k
FXBF,https://made.example.invalid/e05-03/11-578?utm_source=share&ref=3anx883i
FXBG,https://made.example.invalid/e05-03/4-579?utm_source=share&ref=h1x7o8lp
FXBH,https://made.example.invalid/e05-03/3-580?utm_source=share&ref=ga9oqxzu
FXBI,https://made.example.invalid/e05-03/7-581?utm_source=share&ref=mdwdxkl4
FXBJ,https://made.example.invalid/e05-03/9-582?utm_source=share&ref=xu7jw4r1
FXBK,https://made.example.invalid/e05-03/11-583?utm_source=share&ref=1t9aupne
FXBL,https://made.example.invalid/e05-03/4-584?utm_source=share&ref=yqphegk5
FXBM,https://made.example.invalid/e05-03/3-585?utm_source=share&ref=yq3pmn7c
FXBN,https://made.example.invalid/e05-03/7-586?utm_source=share&ref=nxj6r99f
FXBO,https://made.example.invalid/e05-03/9-587?utm_source=share&ref=s4b1row4
FXBP,https://made.example.invalid/e05-03/11-588?utm_source=share&ref=v8t63hos
FXBQ,https://made.example.invalid/e05-03/4-589?utm_source=share&ref=sf6srdnu
FXBR,https://made.example.invalid/e05-03/3-590?utm_source=share&ref=xdx3mn46
FXBS,https://made.example.invalid/e05-03/7-591?utm_source=share&ref=itpnh9c1
FXBT,https://made.example.invalid/e05-03/9-592?utm_source=share&ref=vis5sgpf
FXBU,https://made.example.invalid/e05-03/11-593?utm_source=share&ref=7y0o08r2
FXBV,https://made.example.invalid/e05-03/4-594?utm_source=share&ref=cb68cv5y
FXBW,https://made.example.invalid/e05-03/3-595?utm_source=share&ref=1arj4v9c
FXBX,https://made.example.invalid/e05-03/7-596?utm_source=share&ref=iq2330h9
FXBY,https://made.example.invalid/e05-03/9-597?utm_source=share&ref=5oth3auc
FXBZ,https://made.example.invalid/e05-03/11-598?utm_source=share&ref=jtllyrck
FXC0,https://made.example.invalid/e05-03/4-599?utm_source=share&ref=e015gwtb
FXC1,https://made.example.invalid/e05-03/3-600?utm_source=share&ref=xx7o2d70
FXC2,https://made.example.invalid/e05-03/7-601?utm_source=share&ref=lcfq83kz
FXC3,https://made.example.invalid/e05-03/9-602?utm_source=share&ref=3p7wi5dd
FXC4,https://made.example.invalid/e05-03/11-603?utm_source=share&ref=l3d51q03
FXC5,https://made.example.invalid/e05-03/4-604?utm_source=share&ref=rlkwu8q4
FXC6,https://made.example.invalid/e05-03/3-605?utm_source=share&ref=ssk98sqh
FXC7,https://made.example.invalid/e05-03/7-606?utm_source=share&ref=micqxyep
FXC8,https://made.example.invalid/e05-03/9-607?utm_source=share&ref=7gebkhnp
FXC9,https://made.example.invalid/e05-03/11-608?utm_source=share&ref=y9fl24j3
FXCa,https://made.example.invalid/e05-03/4-609?utm_source=share&ref=0yay6467
FXCb,https://made.example.invalid/e05-03/3-610?utm_source=share&ref=n2h28h4t
FXCc,https://made.example.invalid/e05-03/7-611?utm_source=share&ref=dd45o9gv
FXCd,https://made.example.invalid/e05-03/9-612?utm_source=share&ref=85b3vpt3
FXCe,https://made.example.invalid/e05-03/11-613?utm_source=share&ref=sjph21et
FXCf,https://made.example.invalid/e05-03/4-614?utm_source=share&ref=26t5wxy7
FXCg,https://made.example.invalid/e05-03/3-615?utm_source=share&ref=v42f1qo0
FXCh,https://made.example.invalid/e05-03/7-616?utm_source=share&ref=ox7kqya2
FXCi,https://made.example.invalid/e05-03/9-617?utm_source=share&ref=33h4qian
FXCj,https://made.example.invalid/e05-03/11-618?utm_source=share&ref=4389aczb
FXCk,https://made.example.invalid/e05-03/4-619?utm_source=share&ref=ez7oj2c4
FXCl,https://made.example.invalid/e05-03/3-620?utm_source=share&ref=ya7ohlnc
FXCm,https://made.example.invalid/e05-03/7-621?utm_source=share&ref=gvxcm77s
FXCn,https://made.example.invalid/e05-03/9-622?utm_source=share&ref=wszxtc0g
FXCo,https://made.example.invalid/e05-03/11-623?utm_source=share&ref=h1412hvf
FXCp,https://made.example.invalid/e05-03/4-624?utm_source=share&ref=a8ldyg8w
FXCq,https://made.example.invalid/e05-03/3-625?utm_source=share&ref=c8j55uc2
FXCr,https://made.example.invalid/e05-03/7-626?utm_source=share&ref=p3hsndwz
FXCs,https://made.example.invalid/e05-03/9-627?utm_source=share&ref=3v2dn1sh
FXCt,https://made.example.invalid/e05-03/11-628?utm_source=share&ref=09y6uvmd
FXCu,https://made.example.invalid/e05-03/4-629?utm_source=share&ref=p163e4xb
FXCv,https://made.example.invalid/e05-03/3-630?utm_source=share&ref=18teu863
FXCw,https://made.example.invalid/e05-03/7-631?utm_source=share&ref=yi9lqafj
FXCx,https://made.example.invalid/e05-03/9-632?utm_source=share&ref=hlu1yh0u
FXCy,https://made.example.invalid/e05-03/11-633?utm_source=share&ref=muvdaqp8
FXCz,https://made.example.invalid/e05-03/4-634?utm_source=share&ref=aunz5jj7
FXCA,https://made.example.invalid/e05-03/3-635?utm_source=share&ref=jwe2gggc
FXCB,https://made.example.invalid/e05-03/7-636?utm_source=share&ref=gq4grjvr
FXCC,https://made.example.invalid/e05-03/9-637?utm_source=share&ref=ozxj7qkc
FXCD,https://made.example.invalid/e05-03/11-638?utm_source=share&ref=k4dcnj6m
FXCE,https://made.example.invalid/e05-03/4-639?utm_source=share&ref=s3pdvjdj
FXCF,https://made.example.invalid/e05-03/3-640?utm_source=share&ref=gpnwugpr
FXCG,https://made.example.invalid/e05-03/7-641?utm_source=share&ref=o12oq8tl
FXCH,https://made.example.invalid/e05-03/9-642?utm_source=share&ref=jdp1kmmx
FXCI,https://made.example.invalid/e05-03/11-643?utm_source=share&ref=mqxz4rdm
FXCJ,https://made.example.invalid/e05-03/4-644?utm_source=share&ref=ut3qthrh
FXCK,https://made.example.invalid/e05-03/3-645?utm_source=share&ref=d0z2vzhh
FXCL,https://made.example.invalid/e05-03/7-646?utm_source=share&ref=mp4famm1
FXCM,https://made.example.invalid/e05-03/9-647?utm_source=share&ref=d4gv5n5e
FXCN,https://made.example.invalid/e05-03/11-648?utm_source=share&ref=mhhwc4x4
FXCO,https://made.example.invalid/e05-03/4-649?utm_source=share&ref=o3govwdx
FXCP,https://made.example.invalid/e05-03/3-650?utm_source=share&ref=ghbs0r1s
FXCQ,https://made.example.invalid/e05-03/7-651?utm_source=share&ref=id2q4ghq
FXCR,https://made.example.invalid/e05-03/9-652?utm_source=share&ref=suwvlh6q
FXCS,https://made.example.invalid/e05-03/11-653?utm_source=share&ref=ggorfimm
FXCT,https://made.example.invalid/e05-03/4-654?utm_source=share&ref=xunh6aow
FXCU,https://made.example.invalid/e05-03/3-655?utm_source=share&ref=9iohbxao
FXCV,https://made.example.invalid/e05-03/7-656?utm_source=share&ref=hiwxltek
FXCW,https://made.example.invalid/e05-03/9-657?utm_source=share&ref=qqdx69ly
FXCX,https://made.example.invalid/e05-03/11-658?utm_source=share&ref=5gzmfxeb
FXCY,https://made.example.invalid/e05-03/4-659?utm_source=share&ref=c3iky0gb
FXCZ,https://made.example.invalid/e05-03/3-660?utm_source=share&ref=ro1ol369
FXD0,https://made.example.invalid/e05-03/7-661?utm_source=share&ref=shq2917n
FXD1,https://made.example.invalid/e05-03/9-662?utm_source=share&ref=ipgk38q2
FXD2,https://made.example.invalid/e05-03/11-663?utm_source=share&ref=f6eh5cq9
FXD3,https://made.example.invalid/e05-03/4-664?utm_source=share&ref=qsloghag
FXD4,https://made.example.invalid/e05-03/3-665?utm_source=share&ref=kjm6793i
FXD5,https://made.example.invalid/e05-03/7-666?utm_source=share&ref=e61ebq0i
FXD6,https://made.example.invalid/e05-03/9-667?utm_source=share&ref=aqoxa85g
FXD7,https://made.example.invalid/e05-03/11-668?utm_source=share&ref=wsft88sq
FXD8,https://made.example.invalid/e05-03/4-669?utm_source=share&ref=aqzcf5j1
FXD9,https://made.example.invalid/e05-03/3-670?utm_source=share&ref=l4tz11bh
FXDa,https://made.example.invalid/e05-03/7-671?utm_source=share&ref=2e76pmgt
FXDb,https://made.example.invalid/e05-03/9-672?utm_source=share&ref=qsuh14ee
FXDc,https://made.example.invalid/e05-03/11-673?utm_source=share&ref=y28ipj1a
FXDd,https://made.example.invalid/e05-03/4-674?utm_source=share&ref=otzbaknn
FXDe,https://made.example.invalid/e05-03/3-675?utm_source=share&ref=v5mphhut
FXDf,https://made.example.invalid/e05-03/7-676?utm_source=share&ref=bex86vss
FXDg,https://made.example.invalid/e05-03/9-677?utm_source=share&ref=pcnhhvs5
FXDh,https://made.example.invalid/e05-03/11-678?utm_source=share&ref=cu491v3i
FXDi,https://made.example.invalid/e05-03/4-679?utm_source=share&ref=lvike2ii
FXDj,https://made.example.invalid/e05-03/3-680?utm_source=share&ref=j8ubzaai
FXDk,https://made.example.invalid/e05-03/7-681?utm_source=share&ref=or1njwfi
FXDl,https://made.example.invalid/e05-03/9-682?utm_source=share&ref=icgc9vlb
FXDm,https://made.example.invalid/e05-03/11-683?utm_source=share&ref=00b90hx9
FXDn,https://made.example.invalid/e05-03/4-684?utm_source=share&ref=2ldxfeon
FXDo,https://made.example.invalid/e05-03/3-685?utm_source=share&ref=14tpg2lb
FXDp,https://made.example.invalid/e05-03/7-686?utm_source=share&ref=au31wgtz
FXDq,https://made.example.invalid/e05-03/9-687?utm_source=share&ref=rwn5fl3g
FXDr,https://made.example.invalid/e05-03/11-688?utm_source=share&ref=1wcoqscb
FXDs,https://made.example.invalid/e05-03/4-689?utm_source=share&ref=gy5pq728
FXDt,https://made.example.invalid/e05-03/3-690?utm_source=share&ref=vvjf7i0z
FXDu,https://made.example.invalid/e05-03/7-691?utm_source=share&ref=xlisw9gv
FXDv,https://made.example.invalid/e05-03/9-692?utm_source=share&ref=bx982vtc
FXDw,https://made.example.invalid/e05-03/11-693?utm_source=share&ref=ue47msxf
FXDx,https://made.example.invalid/e05-03/4-694?utm_source=share&ref=rov254ox
FXDy,https://made.example.invalid/e05-03/3-695?utm_source=share&ref=is9m4y7b
FXDz,https://made.example.invalid/e05-03/7-696?utm_source=share&ref=x4kjaxik
FXDA,https://made.example.invalid/e05-03/9-697?utm_source=share&ref=n00ifhlq
FXDB,https://made.example.invalid/e05-03/11-698?utm_source=share&ref=3djy4ujg
FXDC,https://made.example.invalid/e05-03/4-699?utm_source=share&ref=gwuzds45
FXDD,https://made.example.invalid/e05-03/3-700?utm_source=share&ref=22f0obkc
FXDE,https://made.example.invalid/e05-03/7-701?utm_source=share&ref=o72dijoo
FXDF,https://made.example.invalid/e05-03/9-702?utm_source=share&ref=s7r6gmey
FXDG,https://made.example.invalid/e05-03/11-703?utm_source=share&ref=42unhsqb
FXDH,https://made.example.invalid/e05-03/4-704?utm_source=share&ref=5r17kqzv
FXDI,https://made.example.invalid/e05-03/3-705?utm_source=share&ref=khqa3wwc
FXDJ,https://made.example.invalid/e05-03/7-706?utm_source=share&ref=em2yjoae
FXDK,https://made.example.invalid/e05-03/9-707?utm_source=share&ref=zlkq8oul
FXDL,https://made.example.invalid/e05-03/11-708?utm_source=share&ref=ag4rxw66
FXDM,https://made.example.invalid/e05-03/4-709?utm_source=share&ref=wxwt54w4
FXDN,https://made.example.invalid/e05-03/3-710?utm_source=share&ref=yrbk1anz
FXDO,https://made.example.invalid/e05-03/7-711?utm_source=share&ref=x5s1thw5
FXDP,https://made.example.invalid/e05-03/9-712?utm_source=share&ref=lwf88kgx
FXDQ,https://made.example.invalid/e05-03/11-713?utm_source=share&ref=o6b5kmbg
FXDR,https://made.example.invalid/e05-03/4-714?utm_source=share&ref=82sjda4z
FXDS,https://made.example.invalid/e05-03/3-715?utm_source=share&ref=ph9w7xjk
FXDT,https://made.example.invalid/e05-03/7-716?utm_source=share&ref=dviwoexh
FXDU,https://made.example.invalid/e05-03/9-717?utm_source=share&ref=10e5dukp
FXDV,https://made.example.invalid/e05-03/11-718?utm_source=share&ref=49x9dm2h
FXDW,https://made.example.invalid/e05-03/4-719?utm_source=share&ref=owdquyix
FXDX,https://made.example.invalid/e05-03/3-720?utm_source=share&ref=blg2hykb
FXDY,https://made.example.invalid/e05-03/7-721?utm_source=share&ref=icmlxylx
FXDZ,https://made.example.invalid/e05-03/9-722?utm_source=share&ref=kiernda4
FXE0,https://made.example.invalid/e05-03/11-723?utm_source=share&ref=luual55g
FXE1,https://made.example.invalid/e05-03/4-724?utm_source=share&ref=ct8r1ktr
FXE2,https://made.example.invalid/e05-03/3-725?utm_source=share&ref=op68e8tw
FXE3,https://made.example.invalid/e05-03/7-726?utm_source=share&ref=pjav8a9p
FXE4,https://made.example.invalid/e05-03/9-727?utm_source=share&ref=2by5vgby
FXE5,https://made.example.invalid/e05-03/11-728?utm_source=share&ref=jxzyypn1
FXE6,https://made.example.invalid/e05-03/4-729?utm_source=share&ref=2qv23756
FXE7,https://made.example.invalid/e05-03/3-730?utm_source=share&ref=rcwqa6bj
FXE8,https://made.example.invalid/e05-03/7-731?utm_source=share&ref=cytyoz4h
FXE9,https://made.example.invalid/e05-03/9-732?utm_source=share&ref=nci3uo0v
FXEa,https://made.example.invalid/e05-03/11-733?utm_source=share&ref=k9y6surb
FXEb,https://made.example.invalid/e05-03/4-734?utm_source=share&ref=yfnbtuo0
FXEc,https://made.example.invalid/e05-03/3-735?utm_source=share&ref=2bu8sljo
FXEd,https://made.example.invalid/e05-03/7-736?utm_source=share&ref=9rxcspy5
FXEe,https://made.example.invalid/e05-03/9-737?utm_source=share&ref=bskz1n1s
FXEf,https://made.example.invalid/e05-03/11-738?utm_source=share&ref=8yhc64qn
FXEg,https://made.example.invalid/e05-03/4-739?utm_source=share&ref=1as4dhza
FXEh,https://made.example.invalid/e05-03/3-740?utm_source=share&ref=iq40tdkl
FXEi,https://made.example.invalid/e05-03/7-741?utm_source=share&ref=k9p0w9j2
FXEj,https://made.example.invalid/e05-03/9-742?utm_source=share&ref=ii8vx2sy
FXEk,https://made.example.invalid/e05-03/11-743?utm_source=share&ref=shkemzlk
FXEl,https://made.example.invalid/e05-03/4-744?utm_source=share&ref=lg689f63
FXEm,https://made.example.invalid/e05-03/3-745?utm_source=share&ref=m7kqyrcy
FXEn,https://made.example.invalid/e05-03/7-746?utm_source=share&ref=8x6rmt3w
FXEo,https://made.example.invalid/e05-03/9-747?utm_source=share&ref=7tdqpr46
FXEp,https://made.example.invalid/e05-03/11-748?utm_source=share&ref=rjhucnml
FXEq,https://made.example.invalid/e05-03/4-749?utm_source=share&ref=e955kai7
FXEr,https://made.example.invalid/e05-03/3-750?utm_source=share&ref=zbi9grqv
FXEs,https://made.example.invalid/e05-03/7-751?utm_source=share&ref=lu2ht9zq
FXEt,https://made.example.invalid/e05-03/9-752?utm_source=share&ref=0pufqvlg
FXEu,https://made.example.invalid/e05-03/11-753?utm_source=share&ref=rjufy6xg
FXEv,https://made.example.invalid/e05-03/4-754?utm_source=share&ref=etqi7e0l
FXEw,https://made.example.invalid/e05-03/3-755?utm_source=share&ref=je5ua1i1
FXEx,https://made.example.invalid/e05-03/7-756?utm_source=share&ref=6yqiev4x
FXEy,https://made.example.invalid/e05-03/9-757?utm_source=share&ref=qmwpbqnt
FXEz,https://made.example.invalid/e05-03/11-758?utm_source=share&ref=uib66xrg
FXEA,https://made.example.invalid/e05-03/4-759?utm_source=share&ref=e7x8gh8u
FXEB,https://made.example.invalid/e05-03/3-760?utm_source=share&ref=18adsod1
FXEC,https://made.example.invalid/e05-03/7-761?utm_source=share&ref=z87l56eg
FXED,https://made.example.invalid/e05-03/9-762?utm_source=share&ref=doixetj3
FXEE,https://made.example.invalid/e05-03/11-763?utm_source=share&ref=erbglocp
FXEF,https://made.example.invalid/e05-03/4-764?utm_source=share&ref=zitsd3oy
FXEG,https://made.example.invalid/e05-03/3-765?utm_source=share&ref=4ed26rr6
FXEH,https://made.example.invalid/e05-03/7-766?utm_source=share&ref=ue2ncquy
FXEI,https://made.example.invalid/e05-03/9-767?utm_source=share&ref=4n8jqif3
FXEJ,https://made.example.invalid/e05-03/11-768?utm_source=share&ref=su2vv1gj
FXEK,https://made.example.invalid/e05-03/4-769?utm_source=share&ref=p2b25jph
FXEL,https://made.example.invalid/e05-03/3-770?utm_source=share&ref=l1tg34wp
FXEM,https://made.example.invalid/e05-03/7-771?utm_source=share&ref=5e30tmb7
FXEN,https://made.example.invalid/e05-03/9-772?utm_source=share&ref=rpzacdqn
FXEO,https://made.example.invalid/e05-03/11-773?utm_source=share&ref=qvwxox16
FXEP,https://made.example.invalid/e05-03/4-774?utm_source=share&ref=ufi1sjhl
FXEQ,https://made.example.invalid/e05-03/3-775?utm_source=share&ref=dppul5f4
FXER,https://made.example.invalid/e05-03/7-776?utm_source=share&ref=13409ua7
FXES,https://made.example.invalid/e05-03/9-777?utm_source=share&ref=pb0w5z9j
FXET,https://made.example.invalid/e05-03/11-778?utm_source=share&ref=e90aed60
FXEU,https://made.example.invalid/e05-03/4-779?utm_source=share&ref=s6o8sqac
FXEV,https://made.example.invalid/e05-03/3-780?utm_source=share&ref=e7yqv8bl
FXEW,https://made.example.invalid/e05-03/7-781?utm_source=share&ref=n27xbt58
FXEX,https://made.example.invalid/e05-03/9-782?utm_source=share&ref=ct9bwxrt
FXEY,https://made.example.invalid/e05-03/11-783?utm_source=share&ref=vr22n6bj
FXEZ,https://made.example.invalid/e05-03/4-784?utm_source=share&ref=vsefg5es
FXF0,https://made.example.invalid/e05-03/3-785?utm_source=share&ref=llykfd6i
FXF1,https://made.example.invalid/e05-03/7-786?utm_source=share&ref=ub7wgsd8
FXF2,https://made.example.invalid/e05-03/9-787?utm_source=share&ref=znuhkah2
FXF3,https://made.example.invalid/e05-03/11-788?utm_source=share&ref=z1f0a5e8
FXF4,https://made.example.invalid/e05-03/4-789?utm_source=share&ref=ws3rczj0
FXF5,https://made.example.invalid/e05-03/3-790?utm_source=share&ref=23asyzfb
FXF6,https://made.example.invalid/e05-03/7-791?utm_source=share&ref=rkukk3zw
FXF7,https://made.example.invalid/e05-03/9-792?utm_source=share&ref=h1u5qfxy
FXF8,https://made.example.invalid/e05-03/11-793?utm_source=share&ref=alypl005
FXF9,https://made.example.invalid/e05-03/4-794?utm_source=share&ref=2w8m9z99
FXFa,https://made.example.invalid/e05-03/3-795?utm_source=share&ref=bfzjrp03
FXFb,https://made.example.invalid/e05-03/7-796?utm_source=share&ref=qyyjz55t
FXFc,https://made.example.invalid/e05-03/9-797?utm_source=share&ref=me9lv3o5
FXFd,https://made.example.invalid/e05-03/11-798?utm_source=share&ref=yn5d3i4j
FXFe,https://made.example.invalid/e05-03/4-799?utm_source=share&ref=qtju4xjz
FXFf,https://made.example.invalid/e05-03/3-800?utm_source=share&ref=yqobr2px
FXFg,https://made.example.invalid/e05-03/7-801?utm_source=share&ref=nz3grfnq
FXFh,https://made.example.invalid/e05-03/9-802?utm_source=share&ref=cagzh4fw
FXFi,https://made.example.invalid/e05-03/11-803?utm_source=share&ref=35a90yk7
FXFj,https://made.example.invalid/e05-03/4-804?utm_source=share&ref=j3dthdkv
FXFk,https://made.example.invalid/e05-03/3-805?utm_source=share&ref=zaxg3c78
FXFl,https://made.example.invalid/e05-03/7-806?utm_source=share&ref=m9sbjs9q
FXFm,https://made.example.invalid/e05-03/9-807?utm_source=share&ref=4ssernvu
FXFn,https://made.example.invalid/e05-03/11-808?utm_source=share&ref=iotsqr1o
FXFo,https://made.example.invalid/e05-03/4-809?utm_source=share&ref=b04djdne
FXFp,https://made.example.invalid/e05-03/3-810?utm_source=share&ref=6nimlzcu
FXFq,https://made.example.invalid/e05-03/7-811?utm_source=share&ref=ngqmpvwx
FXFr,https://made.example.invalid/e05-03/9-812?utm_source=share&ref=efzl4opv
FXFs,https://made.example.invalid/e05-03/11-813?utm_source=share&ref=zll0qzrn
FXFt,https://made.example.invalid/e05-03/4-814?utm_source=share&ref=pf8bta08
FXFu,https://made.example.invalid/e05-03/3-815?utm_source=share&ref=uqh3hq1u
FXFv,https://made.example.invalid/e05-03/7-816?utm_source=share&ref=aajo5e7j
FXFw,https://made.example.invalid/e05-03/9-817?utm_source=share&ref=4sbj16yz
FXFx,https://made.example.invalid/e05-03/11-818?utm_source=share&ref=m2u3449w
FXFy,https://made.example.invalid/e05-03/4-819?utm_source=share&ref=nld0mo5n
FXFz,https://made.example.invalid/e05-03/3-820?utm_source=share&ref=owg1upy1
FXFA,https://made.example.invalid/e05-03/7-821?utm_source=share&ref=s5wecxv8
FXFB,https://made.example.invalid/e05-03/9-822?utm_source=share&ref=50qvny6u
FXFC,https://made.example.invalid/e05-03/11-823?utm_source=share&ref=uetcxngm
FXFD,https://made.example.invalid/e05-03/4-824?utm_source=share&ref=kewyqflk
FXFE,https://made.example.invalid/e05-03/3-825?utm_source=share&ref=sq0b88k9
FXFF,https://made.example.invalid/e05-03/7-826?utm_source=share&ref=bomqjeqp
FXFG,https://made.example.invalid/e05-03/9-827?utm_source=share&ref=yv0mbmey
FXFH,https://made.example.invalid/e05-03/11-828?utm_source=share&ref=rk9ibsv5
FXFI,https://made.example.invalid/e05-03/4-829?utm_source=share&ref=gv745dxy
FXFJ,https://made.example.invalid/e05-03/3-830?utm_source=share&ref=ph9fjqct
FXFK,https://made.example.invalid/e05-03/7-831?utm_source=share&ref=5bq1gfil
FXFL,https://made.example.invalid/e05-03/9-832?utm_source=share&ref=cp72yocy
FXFM,https://made.example.invalid/e05-03/11-833?utm_source=share&ref=2kpwpmnv
FXFN,https://made.example.invalid/e05-03/4-834?utm_source=share&ref=35vzjgfy
FXFO,https://made.example.invalid/e05-03/3-835?utm_source=share&ref=gjp377e8
FXFP,https://made.example.invalid/e05-03/7-836?utm_source=share&ref=l7munb0b
FXFQ,https://made.example.invalid/e05-03/9-837?utm_source=share&ref=tcfmmu8o
FXFR,https://made.example.invalid/e05-03/11-838?utm_source=share&ref=i27jibm8
FXFS,https://made.example.invalid/e05-03/4-839?utm_source=share&ref=qvdgp270
FXFT,https://made.example.invalid/e05-03/3-840?utm_source=share&ref=37rcqfhx
FXFU,https://made.example.invalid/e05-03/7-841?utm_source=share&ref=7ln4s59l
FXFV,https://made.example.invalid/e05-03/9-842?utm_source=share&ref=sadpy7gq
FXFW,https://made.example.invalid/e05-03/11-843?utm_source=share&ref=sapfuvez
FXFX,https://made.example.invalid/e05-03/4-844?utm_source=share&ref=nansv4fc
FXFY,https://made.example.invalid/e05-03/3-845?utm_source=share&ref=tvvdvv4b
FXFZ,https://made.example.invalid/e05-03/7-846?utm_source=share&ref=269yzmtz
FXG0,https://made.example.invalid/e05-03/9-847?utm_source=share&ref=768dcd2i
FXG1,https://made.example.invalid/e05-03/11-848?utm_source=share&ref=qvt5lcq0
FXG2,https://made.example.invalid/e05-03/4-849?utm_source=share&ref=9fgy54v9
FXG3,https://made.example.invalid/e05-03/3-850?utm_source=share&ref=jaurz1yu
FXG4,https://made.example.invalid/e05-03/7-851?utm_source=share&ref=fm50d2g1
FXG5,https://made.example.invalid/e05-03/9-852?utm_source=share&ref=sh3pk7s7
FXG6,https://made.example.invalid/e05-03/11-853?utm_source=share&ref=wj97jop0
FXG7,https://made.example.invalid/e05-03/4-854?utm_source=share&ref=oq6n8apg
FXG8,https://made.example.invalid/e05-03/3-855?utm_source=share&ref=cgkltr50
FXG9,https://made.example.invalid/e05-03/7-856?utm_source=share&ref=1rz431qv
FXGa,https://made.example.invalid/e05-03/9-857?utm_source=share&ref=qzf1t52d
FXGb,https://made.example.invalid/e05-03/11-858?utm_source=share&ref=01bhphnd
FXGc,https://made.example.invalid/e05-03/4-859?utm_source=share&ref=ddbvdp7o
FXGd,https://made.example.invalid/e05-03/3-860?utm_source=share&ref=ljopbmiq
FXGe,https://made.example.invalid/e05-03/7-861?utm_source=share&ref=10urd7pd
FXGf,https://made.example.invalid/e05-03/9-862?utm_source=share&ref=qkrnuosc
FXGg,https://made.example.invalid/e05-03/11-863?utm_source=share&ref=nlz1hb91
FXGh,https://made.example.invalid/e05-03/4-864?utm_source=share&ref=4tluy25c
FXGi,https://made.example.invalid/e05-03/3-865?utm_source=share&ref=0alvoxiy
FXGj,https://made.example.invalid/e05-03/7-866?utm_source=share&ref=c4bjpkaf
FXGk,https://made.example.invalid/e05-03/9-867?utm_source=share&ref=ga5z4x5r
FXGl,https://made.example.invalid/e05-03/11-868?utm_source=share&ref=yzpku6qa
FXGm,https://made.example.invalid/e05-03/4-869?utm_source=share&ref=t7apn7e6
FXGn,https://made.example.invalid/e05-03/3-870?utm_source=share&ref=6quk0miq
FXGo,https://made.example.invalid/e05-03/7-871?utm_source=share&ref=m5gjc8go
FXGp,https://made.example.invalid/e05-03/9-872?utm_source=share&ref=vwazy087
FXGq,https://made.example.invalid/e05-03/11-873?utm_source=share&ref=zjmvwvbx
FXGr,https://made.example.invalid/e05-03/4-874?utm_source=share&ref=jkogalgo
FXGs,https://made.example.invalid/e05-03/3-875?utm_source=share&ref=d6u3r2b7
FXGt,https://made.example.invalid/e05-03/7-876?utm_source=share&ref=7pzyu6ix
FXGu,https://made.example.invalid/e05-03/9-877?utm_source=share&ref=g8jlmu90
FXGv,https://made.example.invalid/e05-03/11-878?utm_source=share&ref=dirb9vd8
FXGw,https://made.example.invalid/e05-03/4-879?utm_source=share&ref=j6cam4j5
FXGx,https://made.example.invalid/e05-03/3-880?utm_source=share&ref=ojqq2xli
FXGy,https://made.example.invalid/e05-03/7-881?utm_source=share&ref=rzeovsx5
FXGz,https://made.example.invalid/e05-03/9-882?utm_source=share&ref=ssb6oen7
FXGA,https://made.example.invalid/e05-03/11-883?utm_source=share&ref=io2bq4h4
FXGB,https://made.example.invalid/e05-03/4-884?utm_source=share&ref=su9dis2a
FXGC,https://made.example.invalid/e05-03/3-885?utm_source=share&ref=tkzd4hnq
FXGD,https://made.example.invalid/e05-03/7-886?utm_source=share&ref=j9rbycbg
FXGE,https://made.example.invalid/e05-03/9-887?utm_source=share&ref=69jk306z
FXGF,https://made.example.invalid/e05-03/11-888?utm_source=share&ref=zd3i39i7
FXGG,https://made.example.invalid/e05-03/4-889?utm_source=share&ref=f429geij
FXGH,https://made.example.invalid/e05-03/3-890?utm_source=share&ref=l7ytjks4
FXGI,https://made.example.invalid/e05-03/7-891?utm_source=share&ref=xtzvcny2
FXGJ,https://made.example.invalid/e05-03/9-892?utm_source=share&ref=01qn21wp
FXGK,https://made.example.invalid/e05-03/11-893?utm_source=share&ref=aa3bwxaf
FXGL,https://made.example.invalid/e05-03/4-894?utm_source=share&ref=aarx6ee6
FXGM,https://made.example.invalid/e05-03/3-895?utm_source=share&ref=u2xkv6pd
FXGN,https://made.example.invalid/e05-03/7-896?utm_source=share&ref=gu15u55u
FXGO,https://made.example.invalid/e05-03/9-897?utm_source=share&ref=xj7qd2fu
FXGP,https://made.example.invalid/e05-03/11-898?utm_source=share&ref=nt5in9no
FXGQ,https://made.example.invalid/e05-03/4-899?utm_source=share&ref=mx5bsg58
FXGR,https://made.example.invalid/e05-03/3-900?utm_source=share&ref=rn0kx9w7
FXGS,https://made.example.invalid/e05-03/7-901?utm_source=share&ref=m9dzdq9e
FXGT,https://made.example.invalid/e05-03/9-902?utm_source=share&ref=qwxcfrnp
FXGU,https://made.example.invalid/e05-03/11-903?utm_source=share&ref=wwlp3hjz
FXGV,https://made.example.invalid/e05-03/4-904?utm_source=share&ref=z8jqv9za
FXGW,https://made.example.invalid/e05-03/3-905?utm_source=share&ref=55b6biwq
FXGX,https://made.example.invalid/e05-03/7-906?utm_source=share&ref=nmn3w7d0
FXGY,https://made.example.invalid/e05-03/9-907?utm_source=share&ref=8lx5v46t
FXGZ,https://made.example.invalid/e05-03/11-908?utm_source=share&ref=blyi7jfn
FXH0,https://made.example.invalid/e05-03/4-909?utm_source=share&ref=glg8umfx
FXH1,https://made.example.invalid/e05-03/3-910?utm_source=share&ref=kv1vfh3h
FXH2,https://made.example.invalid/e05-03/7-911?utm_source=share&ref=a51z67rh
FXH3,https://made.example.invalid/e05-03/9-912?utm_source=share&ref=lttg63qf
FXH4,https://made.example.invalid/e05-03/11-913?utm_source=share&ref=8pnrt0ke
FXH5,https://made.example.invalid/e05-03/4-914?utm_source=share&ref=ul3uuhbc
FXH6,https://made.example.invalid/e05-03/3-915?utm_source=share&ref=m4axbatn
FXH7,https://made.example.invalid/e05-03/7-916?utm_source=share&ref=kspr11jm
FXH8,https://made.example.invalid/e05-03/9-917?utm_source=share&ref=o6tnhylj
FXH9,https://made.example.invalid/e05-03/11-918?utm_source=share&ref=2smg5rgk
FXHa,https://made.example.invalid/e05-03/4-919?utm_source=share&ref=ika8wj0a
FXHb,https://made.example.invalid/e05-03/3-920?utm_source=share&ref=qw0hrmo0
FXHc,https://made.example.invalid/e05-03/7-921?utm_source=share&ref=ts3k1bb7
FXHd,https://made.example.invalid/e05-03/9-922?utm_source=share&ref=qclc0045
FXHe,https://made.example.invalid/e05-03/11-923?utm_source=share&ref=cgs5j6ir
FXHf,https://made.example.invalid/e05-03/4-924?utm_source=share&ref=2bm5ryi2
FXHg,https://made.example.invalid/e05-03/3-925?utm_source=share&ref=1m6p8x97
FXHh,https://made.example.invalid/e05-03/7-926?utm_source=share&ref=wnlkuc56
FXHi,https://made.example.invalid/e05-03/9-927?utm_source=share&ref=b05n61m1
FXHj,https://made.example.invalid/e05-03/11-928?utm_source=share&ref=eyeyo8k0
FXHk,https://made.example.invalid/e05-03/4-929?utm_source=share&ref=qn9evyk2
FXHl,https://made.example.invalid/e05-03/3-930?utm_source=share&ref=yavsiufr
FXHm,https://made.example.invalid/e05-03/7-931?utm_source=share&ref=0qb64hj7
FXHn,https://made.example.invalid/e05-03/9-932?utm_source=share&ref=rdmt7gk3
FXHo,https://made.example.invalid/e05-03/11-933?utm_source=share&ref=elcdvsw8
FXHp,https://made.example.invalid/e05-03/4-934?utm_source=share&ref=ijgi4i20
FXHq,https://made.example.invalid/e05-03/3-935?utm_source=share&ref=blv38ole
FXHr,https://made.example.invalid/e05-03/7-936?utm_source=share&ref=c4p7isdv
FXHs,https://made.example.invalid/e05-03/9-937?utm_source=share&ref=7r4r2des
FXHt,https://made.example.invalid/e05-03/11-938?utm_source=share&ref=9pip2jpc
FXHu,https://made.example.invalid/e05-03/4-939?utm_source=share&ref=rb7i08vj
FXHv,https://made.example.invalid/e05-03/3-940?utm_source=share&ref=islp248p
FXHw,https://made.example.invalid/e05-03/7-941?utm_source=share&ref=hw9l3ghh
FXHx,https://made.example.invalid/e05-03/9-942?utm_source=share&ref=peiqyohr
FXHy,https://made.example.invalid/e05-03/11-943?utm_source=share&ref=8yx3ex7m
FXHz,https://made.example.invalid/e05-03/4-944?utm_source=share&ref=1xo8qgc5
FXHA,https://made.example.invalid/e05-03/3-945?utm_source=share&ref=8phw2soe
FXHB,https://made.example.invalid/e05-03/7-946?utm_source=share&ref=fohi6op7
FXHC,https://made.example.invalid/e05-03/9-947?utm_source=share&ref=9q1xw8sa
FXHD,https://made.example.invalid/e05-03/11-948?utm_source=share&ref=4dqjtv5j
FXHE,https://made.example.invalid/e05-03/4-949?utm_source=share&ref=amozmhjo
FXHF,https://made.example.invalid/e05-03/3-950?utm_source=share&ref=r6x7lhz3
FXHG,https://made.example.invalid/e05-03/7-951?utm_source=share&ref=dxhdo57l
FXHH,https://made.example.invalid/e05-03/9-952?utm_source=share&ref=plkyak1v
FXHI,https://made.example.invalid/e05-03/11-953?utm_source=share&ref=q1va6xfb
FXHJ,https://made.example.invalid/e05-03/4-954?utm_source=share&ref=0jbfm50g
FXHK,https://made.example.invalid/e05-03/3-955?utm_source=share&ref=3b1gfvtg
FXHL,https://made.example.invalid/e05-03/7-956?utm_source=share&ref=vy6tt68m
FXHM,https://made.example.invalid/e05-03/9-957?utm_source=share&ref=7om94y0u
FXHN,https://made.example.invalid/e05-03/11-958?utm_source=share&ref=nf5kc364
FXHO,https://made.example.invalid/e05-03/4-959?utm_source=share&ref=1ma44p1p
FXHP,https://made.example.invalid/e05-03/3-960?utm_source=share&ref=4gzay1sy
FXHQ,https://made.example.invalid/e05-03/7-961?utm_source=share&ref=66jvqjm2
FXHR,https://made.example.invalid/e05-03/9-962?utm_source=share&ref=jx2vqwrh
FXHS,https://made.example.invalid/e05-03/11-963?utm_source=share&ref=8ircghrm
FXHT,https://made.example.invalid/e05-03/4-964?utm_source=share&ref=1cunb71o
FXHU,https://made.example.invalid/e05-03/3-965?utm_source=share&ref=pf815s5c
FXHV,https://made.example.invalid/e05-03/7-966?utm_source=share&ref=3ans8glw
FXHW,https://made.example.invalid/e05-03/9-967?utm_source=share&ref=ce0d99d5
FXHX,https://made.example.invalid/e05-03/11-968?utm_source=share&ref=xdaw6iaa
FXHY,https://made.example.invalid/e05-03/4-969?utm_source=share&ref=0mpvdaow
FXHZ,https://made.example.invalid/e05-03/3-970?utm_source=share&ref=9rv57igq
FXI0,https://made.example.invalid/e05-03/7-971?utm_source=share&ref=ygxix301
FXI1,https://made.example.invalid/e05-03/9-972?utm_source=share&ref=zyf91gl9
FXI2,https://made.example.invalid/e05-03/11-973?utm_source=share&ref=gsb8twbx
FXI3,https://made.example.invalid/e05-03/4-974?utm_source=share&ref=zzbf0t7m
FXI4,https://made.example.invalid/e05-03/3-975?utm_source=share&ref=36sl9xpk
FXI5,https://made.example.invalid/e05-03/7-976?utm_source=share&ref=xl429bfv
FXI6,https://made.example.invalid/e05-03/9-977?utm_source=share&ref=y7cbwpfp
FXI7,https://made.example.invalid/e05-03/11-978?utm_source=share&ref=c7e8hsxw
FXI8,https://made.example.invalid/e05-03/4-979?utm_source=share&ref=wam236nm
FXI9,https://made.example.invalid/e05-03/3-980?utm_source=share&ref=nurrmlxy
FXIa,https://made.example.invalid/e05-03/7-981?utm_source=share&ref=73gn80n1
FXIb,https://made.example.invalid/e05-03/9-982?utm_source=share&ref=77ecm854
FXIc,https://made.example.invalid/e05-03/11-983?utm_source=share&ref=5w5hg41t
FXId,https://made.example.invalid/e05-03/4-984?utm_source=share&ref=eof5ebwe
FXIe,https://made.example.invalid/e05-03/3-985?utm_source=share&ref=ndhik9m0
FXIf,https://made.example.invalid/e05-03/7-986?utm_source=share&ref=6w3icol8
FXIg,https://made.example.invalid/e05-03/9-987?utm_source=share&ref=a6f67ki9
FXIh,https://made.example.invalid/e05-03/11-988?utm_source=share&ref=msvvp4ye
FXIi,https://made.example.invalid/e05-03/4-989?utm_source=share&ref=83wa0rf4
FXIj,https://made.example.invalid/e05-03/3-990?utm_source=share&ref=2pz457pb
FXIk,https://made.example.invalid/e05-03/7-991?utm_source=share&ref=pbqj9y2x
FXIl,https://made.example.invalid/e05-03/9-992?utm_source=share&ref=p7okhu0q
FXIm,https://made.example.invalid/e05-03/11-993?utm_source=share&ref=9zl7q5nr
FXIn,https://made.example.invalid/e05-03/4-994?utm_source=share&ref=kppsqrm3
FXIo,https://made.example.invalid/e05-03/3-995?utm_source=share&ref=tb8wlf1x
FXIp,https://made.example.invalid/e05-03/7-996?utm_source=share&ref=q43255cp
FXIq,https://made.example.invalid/e05-03/9-997?utm_source=share&ref=4nueekd0
FXIr,https://made.example.invalid/e05-03/11-998?utm_source=share&ref=xaotj10c
FXIs,https://made.example.invalid/e05-03/4-999?utm_source=share&ref=jdh2b3gs
FXIt,https://made.example.invalid/e05-03/3-1000?utm_source=share&ref=errk2aug
FXIu,https://made.example.invalid/e05-03/7-1001?utm_source=share&ref=9itmy2r3
FXIv,https://made.example.invalid/e05-03/9-1002?utm_source=share&ref=3ghe2eeo
FXIw,https://made.example.invalid/e05-03/11-1003?utm_source=share&ref=3vt2i9x2
FXIx,https://made.example.invalid/e05-03/4-1004?utm_source=share&ref=6dszc05h
FXIy,https://made.example.invalid/e05-03/3-1005?utm_source=share&ref=6y90x2sn
FXIz,https://made.example.invalid/e05-03/7-1006?utm_source=share&ref=8omvo538
FXIA,https://made.example.invalid/e05-03/9-1007?utm_source=share&ref=cql9ajge
FXIB,https://made.example.invalid/e05-03/11-1008?utm_source=share&ref=ifsrcdx7
FXIC,https://made.example.invalid/e05-03/4-1009?utm_source=share&ref=979kpsfe
FXID,https://made.example.invalid/e05-03/3-1010?utm_source=share&ref=w8rjs47c
FXIE,https://made.example.invalid/e05-03/7-1011?utm_source=share&ref=a9vltqcp
FXIF,https://made.example.invalid/e05-03/9-1012?utm_source=share&ref=iingr8uy
FXIG,https://made.example.invalid/e05-03/11-1013?utm_source=share&ref=bu6kovc1
FXIH,https://made.example.invalid/e05-03/4-1014?utm_source=share&ref=k4375ltr
FXII,https://made.example.invalid/e05-03/3-1015?utm_source=share&ref=09cp3u4m
FXIJ,https://made.example.invalid/e05-03/7-1016?utm_source=share&ref=fhpj4jwf
FXIK,https://made.example.invalid/e05-03/9-1017?utm_source=share&ref=riq8owz4
FXIL,https://made.example.invalid/e05-03/11-1018?utm_source=share&ref=rrnuhqp4
FXIM,https://made.example.invalid/e05-03/4-1019?utm_source=share&ref=qd5349qf
FXIN,https://made.example.invalid/e05-03/3-1020?utm_source=share&ref=7zqbqo2m
FXIO,https://made.example.invalid/e05-03/7-1021?utm_source=share&ref=3plikl30
FXIP,https://made.example.invalid/e05-03/9-1022?utm_source=share&ref=0k78boia
FXIQ,https://made.example.invalid/e05-03/11-1023?utm_source=share&ref=j52g2nki
FXIR,https://made.example.invalid/e05-03/4-1024?utm_source=share&ref=urrpyzvi
FXIS,https://made.example.invalid/e05-03/3-1025?utm_source=share&ref=gc1mrntb
FXIT,https://made.example.invalid/e05-03/7-1026?utm_source=share&ref=h03izaab
FXIU,https://made.example.invalid/e05-03/9-1027?utm_source=share&ref=x03g1mll
FXIV,https://made.example.invalid/e05-03/11-1028?utm_source=share&ref=8hyfvypu
FXIW,https://made.example.invalid/e05-03/4-1029?utm_source=share&ref=5usw02gq
FXIX,https://made.example.invalid/e05-03/3-1030?utm_source=share&ref=cq29mrdr
FXIY,https://made.example.invalid/e05-03/7-1031?utm_source=share&ref=xpoxs43t
FXIZ,https://made.example.invalid/e05-03/9-1032?utm_source=share&ref=lryrrft3
FXJ0,https://made.example.invalid/e05-03/11-1033?utm_source=share&ref=uu9ewma7
FXJ1,https://made.example.invalid/e05-03/4-1034?utm_source=share&ref=dcc91uxd
FXJ2,https://made.example.invalid/e05-03/3-1035?utm_source=share&ref=v4mq377w
FXJ3,https://made.example.invalid/e05-03/7-1036?utm_source=share&ref=es2is5n1
FXJ4,https://made.example.invalid/e05-03/9-1037?utm_source=share&ref=ui0bz02r
FXJ5,https://made.example.invalid/e05-03/11-1038?utm_source=share&ref=j7wiyu3h
FXJ6,https://made.example.invalid/e05-03/4-1039?utm_source=share&ref=3okxbcv3
FXJ7,https://made.example.invalid/e05-03/3-1040?utm_source=share&ref=nu55wjdy
FXJ8,https://made.example.invalid/e05-03/7-1041?utm_source=share&ref=lo7xavcz
FXJ9,https://made.example.invalid/e05-03/9-1042?utm_source=share&ref=f6vfl26s
FXJa,https://made.example.invalid/e05-03/11-1043?utm_source=share&ref=e199nkyp
FXJb,https://made.example.invalid/e05-03/4-1044?utm_source=share&ref=6f1dzh5i
FXJc,https://made.example.invalid/e05-03/3-1045?utm_source=share&ref=0jq1mgqn
FXJd,https://made.example.invalid/e05-03/7-1046?utm_source=share&ref=am56couj
FXJe,https://made.example.invalid/e05-03/9-1047?utm_source=share&ref=7zjea2c7
FXJf,https://made.example.invalid/e05-03/11-1048?utm_source=share&ref=lzdhc4mu
FXJg,https://made.example.invalid/e05-03/4-1049?utm_source=share&ref=vgnnzvnl
FXJh,https://made.example.invalid/e05-03/3-1050?utm_source=share&ref=mne0t6y9
FXJi,https://made.example.invalid/e05-03/7-1051?utm_source=share&ref=07gbodgl
FXJj,https://made.example.invalid/e05-03/9-1052?utm_source=share&ref=8k1575iz
FXJk,https://made.example.invalid/e05-03/11-1053?utm_source=share&ref=74y7k0ij
FXJl,https://made.example.invalid/e05-03/4-1054?utm_source=share&ref=fntejzjy
FXJm,https://made.example.invalid/e05-03/3-1055?utm_source=share&ref=93kkl6zf
FXJn,https://made.example.invalid/e05-03/7-1056?utm_source=share&ref=ddvz2hp6
FXJo,https://made.example.invalid/e05-03/9-1057?utm_source=share&ref=23f1id5m
FXJp,https://made.example.invalid/e05-03/11-1058?utm_source=share&ref=o6c6noet
FXJq,https://made.example.invalid/e05-03/4-1059?utm_source=share&ref=4h4fukpm
FXJr,https://made.example.invalid/e05-03/3-1060?utm_source=share&ref=52yl7toh
FXJs,https://made.example.invalid/e05-03/7-1061?utm_source=share&ref=u7n9s3kr
FXJt,https://made.example.invalid/e05-03/9-1062?utm_source=share&ref=mbd1w070
FXJu,https://made.example.invalid/e05-03/11-1063?utm_source=share&ref=8ra28avk
FXJv,https://made.example.invalid/e05-03/4-1064?utm_source=share&ref=8s5nf84g
FXJw,https://made.example.invalid/e05-03/3-1065?utm_source=share&ref=t7yi8jo7
FXJx,https://made.example.invalid/e05-03/7-1066?utm_source=share&ref=qtbd8q0n
FXJy,https://made.example.invalid/e05-03/9-1067?utm_source=share&ref=ns3133hd
FXJz,https://made.example.invalid/e05-03/11-1068?utm_source=share&ref=x2uo123a
FXJA,https://made.example.invalid/e05-03/4-1069?utm_source=share&ref=gylasxk1
FXJB,https://made.example.invalid/e05-03/3-1070?utm_source=share&ref=viwihw2z
FXJC,https://made.example.invalid/e05-03/7-1071?utm_source=share&ref=1jmzwxe7
FXJD,https://made.example.invalid/e05-03/9-1072?utm_source=share&ref=fs2wj1bq
FXJE,https://made.example.invalid/e05-03/11-1073?utm_source=share&ref=kf4eebvi
FXJF,https://made.example.invalid/e05-03/4-1074?utm_source=share&ref=zwnz91jd
FXJG,https://made.example.invalid/e05-03/3-1075?utm_source=share&ref=6q8eub7a
FXJH,https://made.example.invalid/e05-03/7-1076?utm_source=share&ref=mte9qqw2
FXJI,https://made.example.invalid/e05-03/9-1077?utm_source=share&ref=wa1237d5
FXJJ,https://made.example.invalid/e05-03/11-1078?utm_source=share&ref=b0p92gif
FXJK,https://made.example.invalid/e05-03/4-1079?utm_source=share&ref=cfnvlctk
FXJL,https://made.example.invalid/e05-03/3-1080?utm_source=share&ref=jh8x8r50
FXJM,https://made.example.invalid/e05-03/7-1081?utm_source=share&ref=veruxpe6
FXJN,https://made.example.invalid/e05-03/9-1082?utm_source=share&ref=u2vi6gb6
FXJO,https://made.example.invalid/e05-03/11-1083?utm_source=share&ref=b9omtwih
FXJP,https://made.example.invalid/e05-03/4-1084?utm_source=share&ref=kxoik3f3
FXJQ,https://made.example.invalid/e05-03/3-1085?utm_source=share&ref=ojztq8ps
FXJR,https://made.example.invalid/e05-03/7-1086?utm_source=share&ref=dnywarp8
FXJS,https://made.example.invalid/e05-03/9-1087?utm_source=share&ref=8amch4z2
FXJT,https://made.example.invalid/e05-03/11-1088?utm_source=share&ref=ms6u8lzr
FXJU,https://made.example.invalid/e05-03/4-1089?utm_source=share&ref=pkgt5hyc
FXJV,https://made.example.invalid/e05-03/3-1090?utm_source=share&ref=2t107jqi
FXJW,https://made.example.invalid/e05-03/7-1091?utm_source=share&ref=8crdmr95
FXJX,https://made.example.invalid/e05-03/9-1092?utm_source=share&ref=7g3uvt7i
FXJY,https://made.example.invalid/e05-03/11-1093?utm_source=share&ref=kvuefyxc
FXJZ,https://made.example.invalid/e05-03/4-1094?utm_source=share&ref=sr5tgses
FXK0,https://made.example.invalid/e05-03/3-1095?utm_source=share&ref=uefj4pc4
FXK1,https://made.example.invalid/e05-03/7-1096?utm_source=share&ref=he1m3yi2
FXK2,https://made.example.invalid/e05-03/9-1097?utm_source=share&ref=mnd3gm0l
FXK3,https://made.example.invalid/e05-03/11-1098?utm_source=share&ref=4vpmxru5
FXK4,https://made.example.invalid/e05-03/4-1099?utm_source=share&ref=0nc8cdat
FXK5,https://made.example.invalid/e05-03/3-1100?utm_source=share&ref=6dhwtuw4
FXK6,https://made.example.invalid/e05-03/7-1101?utm_source=share&ref=ha32k5hj
FXK7,https://made.example.invalid/e05-03/9-1102?utm_source=share&ref=8jx1x6ko
FXK8,https://made.example.invalid/e05-03/11-1103?utm_source=share&ref=ecsyn2p6
FXK9,https://made.example.invalid/e05-03/4-1104?utm_source=share&ref=yk3hzc9u
FXKa,https://made.example.invalid/e05-03/3-1105?utm_source=share&ref=91chfip4
FXKb,https://made.example.invalid/e05-03/7-1106?utm_source=share&ref=x8ozwka3
FXKc,https://made.example.invalid/e05-03/9-1107?utm_source=share&ref=21tfktt3
FXKd,https://made.example.invalid/e05-03/11-1108?utm_source=share&ref=xqcbtoay
FXKe,https://made.example.invalid/e05-03/4-1109?utm_source=share&ref=zhe1civt
FXKf,https://made.example.invalid/e05-03/3-1110?utm_source=share&ref=856b8h5b
FXKg,https://made.example.invalid/e05-03/7-1111?utm_source=share&ref=2vzoibmy
FXKh,https://made.example.invalid/e05-03/9-1112?utm_source=share&ref=2pzf5k60
FXKi,https://made.example.invalid/e05-03/11-1113?utm_source=share&ref=53pp2lkm
FXKj,https://made.example.invalid/e05-03/4-1114?utm_source=share&ref=8bjzgmnm
FXKk,https://made.example.invalid/e05-03/3-1115?utm_source=share&ref=gv34ue40
FXKl,https://made.example.invalid/e05-03/7-1116?utm_source=share&ref=yhf1fvbj
FXKm,https://made.example.invalid/e05-03/9-1117?utm_source=share&ref=oupqcdj0
FXKn,https://made.example.invalid/e05-03/11-1118?utm_source=share&ref=wp67pcik
FXKo,https://made.example.invalid/e05-03/4-1119?utm_source=share&ref=v0gqo947
FXKp,https://made.example.invalid/e05-03/3-1120?utm_source=share&ref=h3kbsa4b
FXKq,https://made.example.invalid/e05-03/7-1121?utm_source=share&ref=3mmovyf1
FXKr,https://made.example.invalid/e05-03/9-1122?utm_source=share&ref=2zmcf3et
FXKs,https://made.example.invalid/e05-03/11-1123?utm_source=share&ref=29l86nl5
FXKt,https://made.example.invalid/e05-03/4-1124?utm_source=share&ref=ao3igrx0
FXKu,https://made.example.invalid/e05-03/3-1125?utm_source=share&ref=0ue30uh6
FXKv,https://made.example.invalid/e05-03/7-1126?utm_source=share&ref=tq3g7w94
FXKw,https://made.example.invalid/e05-03/9-1127?utm_source=share&ref=buvvmdeg
FXKx,https://made.example.invalid/e05-03/11-1128?utm_source=share&ref=qz88b9x6
FXKy,https://made.example.invalid/e05-03/4-1129?utm_source=share&ref=hiwlrkay
FXKz,https://made.example.invalid/e05-03/3-1130?utm_source=share&ref=6roix153
FXKA,https://made.example.invalid/e05-03/7-1131?utm_source=share&ref=mz6pmril
FXKB,https://made.example.invalid/e05-03/9-1132?utm_source=share&ref=8vhaqifo
FXKC,https://made.example.invalid/e05-03/11-1133?utm_source=share&ref=b2i989la
FXKD,https://made.example.invalid/e05-03/4-1134?utm_source=share&ref=5d64p7g3
FXKE,https://made.example.invalid/e05-03/3-1135?utm_source=share&ref=6iunux19
FXKF,https://made.example.invalid/e05-03/7-1136?utm_source=share&ref=l4ne2a9s
FXKG,https://made.example.invalid/e05-03/9-1137?utm_source=share&ref=y82oyzwd
FXKH,https://made.example.invalid/e05-03/11-1138?utm_source=share&ref=2ycrjrgy
FXKI,https://made.example.invalid/e05-03/4-1139?utm_source=share&ref=05044lzm
FXKJ,https://made.example.invalid/e05-03/3-1140?utm_source=share&ref=afnfv9hk
FXKK,https://made.example.invalid/e05-03/7-1141?utm_source=share&ref=i06m8gam
FXKL,https://made.example.invalid/e05-03/9-1142?utm_source=share&ref=slv7d02v
FXKM,https://made.example.invalid/e05-03/11-1143?utm_source=share&ref=j79wpzvk
FXKN,https://made.example.invalid/e05-03/4-1144?utm_source=share&ref=c3n2723o
FXKO,https://made.example.invalid/e05-03/3-1145?utm_source=share&ref=95c4fboh
FXKP,https://made.example.invalid/e05-03/7-1146?utm_source=share&ref=fvbjo4ed
FXKQ,https://made.example.invalid/e05-03/9-1147?utm_source=share&ref=o8ytdfz5
FXKR,https://made.example.invalid/e05-03/11-1148?utm_source=share&ref=gphm5jq1
FXKS,https://made.example.invalid/e05-03/4-1149?utm_source=share&ref=9xosui3w
FXKT,https://made.example.invalid/e05-03/3-1150?utm_source=share&ref=9x2qiffy
FXKU,https://made.example.invalid/e05-03/7-1151?utm_source=share&ref=l3037odh
FXKV,https://made.example.invalid/e05-03/9-1152?utm_source=share&ref=jlsyobdp
FXKW,https://made.example.invalid/e05-03/11-1153?utm_source=share&ref=lx7plikh
FXKX,https://made.example.invalid/e05-03/4-1154?utm_source=share&ref=i96lftp5
FXKY,https://made.example.invalid/e05-03/3-1155?utm_source=share&ref=co5yj35i
FXKZ,https://made.example.invalid/e05-03/7-1156?utm_source=share&ref=xvrz04em
FXL0,https://made.example.invalid/e05-03/9-1157?utm_source=share&ref=csyj7by3
FXL1,https://made.example.invalid/e05-03/11-1158?utm_source=share&ref=sirefwd8
FXL2,https://made.example.invalid/e05-03/4-1159?utm_source=share&ref=zwocpxeu
FXL3,https://made.example.invalid/e05-03/3-1160?utm_source=share&ref=vi65n8z0
FXL4,https://made.example.invalid/e05-03/7-1161?utm_source=share&ref=n6popcvz
FXL5,https://made.example.invalid/e05-03/9-1162?utm_source=share&ref=k8f1q1xm
FXL6,https://made.example.invalid/e05-03/11-1163?utm_source=share&ref=4kgq6y87
FXL7,https://made.example.invalid/e05-03/4-1164?utm_source=share&ref=uq4b40x3
FXL8,https://made.example.invalid/e05-03/3-1165?utm_source=share&ref=ic5g4ic9
FXL9,https://made.example.invalid/e05-03/7-1166?utm_source=share&ref=j4m3x2l3
FXLa,https://made.example.invalid/e05-03/9-1167?utm_source=share&ref=56hj6npg
FXLb,https://made.example.invalid/e05-03/11-1168?utm_source=share&ref=8rzcli2i
FXLc,https://made.example.invalid/e05-03/4-1169?utm_source=share&ref=1zg1axia
FXLd,https://made.example.invalid/e05-03/3-1170?utm_source=share&ref=kjnlwlyg
FXLe,https://made.example.invalid/e05-03/7-1171?utm_source=share&ref=j6ib5xuq
FXLf,https://made.example.invalid/e05-03/9-1172?utm_source=share&ref=dgi2ag7o
FXLg,https://made.example.invalid/e05-03/11-1173?utm_source=share&ref=i197p2ua
FXLh,https://made.example.invalid/e05-03/4-1174?utm_source=share&ref=ms7d1z4r
FXLi,https://made.example.invalid/e05-03/3-1175?utm_source=share&ref=jwv7sxdm
FXLj,https://made.example.invalid/e05-03/7-1176?utm_source=share&ref=98pbfvcm
FXLk,https://made.example.invalid/e05-03/9-1177?utm_source=share&ref=obbcvf26
FXLl,https://made.example.invalid/e05-03/11-1178?utm_source=share&ref=3mxiohg2
FXLm,https://made.example.invalid/e05-03/4-1179?utm_source=share&ref=ddmelfti
FXLn,https://made.example.invalid/e05-03/3-1180?utm_source=share&ref=csd56dlj
FXLo,https://made.example.invalid/e05-03/7-1181?utm_source=share&ref=zjzdm5qv
FXLp,https://made.example.invalid/e05-03/9-1182?utm_source=share&ref=5kuz520k
FXLq,https://made.example.invalid/e05-03/11-1183?utm_source=share&ref=3lwd3f8o
FXLr,https://made.example.invalid/e05-03/4-1184?utm_source=share&ref=huqc7m7e
FXLs,https://made.example.invalid/e05-03/3-1185?utm_source=share&ref=0qup0nd2
FXLt,https://made.example.invalid/e05-03/7-1186?utm_source=share&ref=gbcno3lg
FXLu,https://made.example.invalid/e05-03/9-1187?utm_source=share&ref=g1gq917a
FXLv,https://made.example.invalid/e05-03/11-1188?utm_source=share&ref=dp6crskq
FXLw,https://made.example.invalid/e05-03/4-1189?utm_source=share&ref=iiuq6p0k
FXLx,https://made.example.invalid/e05-03/3-1190?utm_source=share&ref=6ir1nmdf
FXLy,https://made.example.invalid/e05-03/7-1191?utm_source=share&ref=1j918xkr
FXLz,https://made.example.invalid/e05-03/9-1192?utm_source=share&ref=3qokquyq
FXLA,https://made.example.invalid/e05-03/11-1193?utm_source=share&ref=mzrcd5a0
FXLB,https://made.example.invalid/e05-03/4-1194?utm_source=share&ref=apj051mq
FXLC,https://made.example.invalid/e05-03/3-1195?utm_source=share&ref=vjvhmc4k
FXLD,https://made.example.invalid/e05-03/7-1196?utm_source=share&ref=6uxcnlse
FXLE,https://made.example.invalid/e05-03/9-1197?utm_source=share&ref=dxc1l1jh
FXLF,https://made.example.invalid/e05-03/11-1198?utm_source=share&ref=ysgl04zd
FXLG,https://made.example.invalid/e05-03/4-1199?utm_source=share&ref=xsim8lxa
FXLH,https://made.example.invalid/e05-03/3-1200?utm_source=share&ref=jqb1est2
FXLI,https://made.example.invalid/e05-03/7-1201?utm_source=share&ref=ok8wplff
FXLJ,https://made.example.invalid/e05-03/9-1202?utm_source=share&ref=cxdoyjom
FXLK,https://made.example.invalid/e05-03/11-1203?utm_source=share&ref=k7vl5p9w
FXLL,https://made.example.invalid/e05-03/4-1204?utm_source=share&ref=bg3588rr
FXLM,https://made.example.invalid/e05-03/3-1205?utm_source=share&ref=h8vfdglq
FXLN,https://made.example.invalid/e05-03/7-1206?utm_source=share&ref=sj833tlx
FXLO,https://made.example.invalid/e05-03/9-1207?utm_source=share&ref=goki326x
FXLP,https://made.example.invalid/e05-03/11-1208?utm_source=share&ref=e35830kx
FXLQ,https://made.example.invalid/e05-03/4-1209?utm_source=share&ref=jpynnma0
FXLR,https://made.example.invalid/e05-03/3-1210?utm_source=share&ref=ws7jeqzj
FXLS,https://made.example.invalid/e05-03/7-1211?utm_source=share&ref=se00xsvh
FXLT,https://made.example.invalid/e05-03/9-1212?utm_source=share&ref=gckhzs3i
FXLU,https://made.example.invalid/e05-03/11-1213?utm_source=share&ref=u4l36ix1
FXLV,https://made.example.invalid/e05-03/4-1214?utm_source=share&ref=azcdwn7w
FXLW,https://made.example.invalid/e05-03/3-1215?utm_source=share&ref=9f23vu7u
FXLX,https://made.example.invalid/e05-03/7-1216?utm_source=share&ref=66yz9eno
FXLY,https://made.example.invalid/e05-03/9-1217?utm_source=share&ref=mz4u2t1e
FXLZ,https://made.example.invalid/e05-03/11-1218?utm_source=share&ref=5gton21n
FXM0,https://made.example.invalid/e05-03/4-1219?utm_source=share&ref=tshynjfs
FXM1,https://made.example.invalid/e05-03/3-1220?utm_source=share&ref=w4ipah7w
FXM2,https://made.example.invalid/e05-03/7-1221?utm_source=share&ref=blt07cra
FXM3,https://made.example.invalid/e05-03/9-1222?utm_source=share&ref=3gdhqg8z
FXM4,https://made.example.invalid/e05-03/11-1223?utm_source=share&ref=2bj72to2
FXM5,https://made.example.invalid/e05-03/4-1224?utm_source=share&ref=6e89udk6
FXM6,https://made.example.invalid/e05-03/3-1225?utm_source=share&ref=v3rqlh0j
FXM7,https://made.example.invalid/e05-03/7-1226?utm_source=share&ref=3j3ogemr
FXM8,https://made.example.invalid/e05-03/9-1227?utm_source=share&ref=zinr8ays
FXM9,https://made.example.invalid/e05-03/11-1228?utm_source=share&ref=nuoh5rb7
FXMa,https://made.example.invalid/e05-03/4-1229?utm_source=share&ref=t0v7ptc9
FXMb,https://made.example.invalid/e05-03/3-1230?utm_source=share&ref=786iv43v
FXMc,https://made.example.invalid/e05-03/7-1231?utm_source=share&ref=oz76hxzz
FXMd,https://made.example.invalid/e05-03/9-1232?utm_source=share&ref=5wyfeo56
FXMe,https://made.example.invalid/e05-03/11-1233?utm_source=share&ref=ol8h02ba
FXMf,https://made.example.invalid/e05-03/4-1234?utm_source=share&ref=30462ycg
FXMg,https://made.example.invalid/e05-03/3-1235?utm_source=share&ref=cu95s76y
FXMh,https://made.example.invalid/e05-03/7-1236?utm_source=share&ref=7pvrmibf
FXMi,https://made.example.invalid/e05-03/9-1237?utm_source=share&ref=eb0cinuj
FXMj,https://made.example.invalid/e05-03/11-1238?utm_source=share&ref=tsirrt3z
FXMk,https://made.example.invalid/e05-03/4-1239?utm_source=share&ref=fposm42h
FXMl,https://made.example.invalid/e05-03/3-1240?utm_source=share&ref=8mhmbbdn
FXMm,https://made.example.invalid/e05-03/7-1241?utm_source=share&ref=8469zel9
FXMn,https://made.example.invalid/e05-03/9-1242?utm_source=share&ref=jtrfb62v
FXMo,https://made.example.invalid/e05-03/11-1243?utm_source=share&ref=bzfa25i7
FXMp,https://made.example.invalid/e05-03/4-1244?utm_source=share&ref=uidy2wco
FXMq,https://made.example.invalid/e05-03/3-1245?utm_source=share&ref=j8pfjcop
FXMr,https://made.example.invalid/e05-03/7-1246?utm_source=share&ref=fnczu8gh
FXMs,https://made.example.invalid/e05-03/9-1247?utm_source=share&ref=ba7ao6xa
FXMt,https://made.example.invalid/e05-03/11-1248?utm_source=share&ref=uvrxzkqn
FXMu,https://made.example.invalid/e05-03/4-1249?utm_source=share&ref=k1yyld4t
FXMv,https://made.example.invalid/e05-03/3-1250?utm_source=share&ref=3sl48zjc
FXMw,https://made.example.invalid/e05-03/7-1251?utm_source=share&ref=jy4162m5
FXMx,https://made.example.invalid/e05-03/9-1252?utm_source=share&ref=3sgspj06
FXMy,https://made.example.invalid/e05-03/11-1253?utm_source=share&ref=yd7g9a9k
FXMz,https://made.example.invalid/e05-03/4-1254?utm_source=share&ref=o1aee6lw
FXMA,https://made.example.invalid/e05-03/3-1255?utm_source=share&ref=cn1abtnd
FXMB,https://made.example.invalid/e05-03/7-1256?utm_source=share&ref=qach0fde
FXMC,https://made.example.invalid/e05-03/9-1257?utm_source=share&ref=p7afb5yt
FXMD,https://made.example.invalid/e05-03/11-1258?utm_source=share&ref=req84cu7
FXME,https://made.example.invalid/e05-03/4-1259?utm_source=share&ref=hto526dx
FXMF,https://made.example.invalid/e05-03/3-1260?utm_source=share&ref=5cx0v071
FXMG,https://made.example.invalid/e05-03/7-1261?utm_source=share&ref=ymwoqzbi
FXMH,https://made.example.invalid/e05-03/9-1262?utm_source=share&ref=6agjd9sc
FXMI,https://made.example.invalid/e05-03/11-1263?utm_source=share&ref=ujnh58xm
FXMJ,https://made.example.invalid/e05-03/4-1264?utm_source=share&ref=rm7ex817
FXMK,https://made.example.invalid/e05-03/3-1265?utm_source=share&ref=5uuk1258
FXML,https://made.example.invalid/e05-03/7-1266?utm_source=share&ref=3857sp12
FXMM,https://made.example.invalid/e05-03/9-1267?utm_source=share&ref=zh82ziqf
FXMN,https://made.example.invalid/e05-03/11-1268?utm_source=share&ref=m1094eix
FXMO,https://made.example.invalid/e05-03/4-1269?utm_source=share&ref=93f0act1
FXMP,https://made.example.invalid/e05-03/3-1270?utm_source=share&ref=01pl64fv
FXMQ,https://made.example.invalid/e05-03/7-1271?utm_source=share&ref=mhx8zfjs
FXMR,https://made.example.invalid/e05-03/9-1272?utm_source=share&ref=gj3j9jvy
FXMS,https://made.example.invalid/e05-03/11-1273?utm_source=share&ref=9qdvoypi
FXMT,https://made.example.invalid/e05-03/4-1274?utm_source=share&ref=q8lw5wle
FXMU,https://made.example.invalid/e05-03/3-1275?utm_source=share&ref=7g5yamz2
FXMV,https://made.example.invalid/e05-03/7-1276?utm_source=share&ref=74cs40wh
FXMW,https://made.example.invalid/e05-03/9-1277?utm_source=share&ref=hwivvyyo
FXMX,https://made.example.invalid/e05-03/11-1278?utm_source=share&ref=js5dpw3q
FXMY,https://made.example.invalid/e05-03/4-1279?utm_source=share&ref=5uzvuyc8
FXMZ,https://made.example.invalid/e05-03/3-1280?utm_source=share&ref=l5v5qafc
FXN0,https://made.example.invalid/e05-03/7-1281?utm_source=share&ref=sgf8d2ud
FXN1,https://made.example.invalid/e05-03/9-1282?utm_source=share&ref=02b7lk6x
FXN2,https://made.example.invalid/e05-03/11-1283?utm_source=share&ref=8dee8zna
FXN3,https://made.example.invalid/e05-03/4-1284?utm_source=share&ref=r4b0iv12
FXN4,https://made.example.invalid/e05-03/3-1285?utm_source=share&ref=g9qqlppf
FXN5,https://made.example.invalid/e05-03/7-1286?utm_source=share&ref=4i69o0se
FXN6,https://made.example.invalid/e05-03/9-1287?utm_source=share&ref=6a5fj6ay
FXN7,https://made.example.invalid/e05-03/11-1288?utm_source=share&ref=bf25cvh0
FXN8,https://made.example.invalid/e05-03/4-1289?utm_source=share&ref=75e0e1vk
FXN9,https://made.example.invalid/e05-03/3-1290?utm_source=share&ref=q77z9xpm
FXNa,https://made.example.invalid/e05-03/7-1291?utm_source=share&ref=jxu7jco5
FXNb,https://made.example.invalid/e05-03/9-1292?utm_source=share&ref=bjgbqdgs
FXNc,https://made.example.invalid/e05-03/11-1293?utm_source=share&ref=21i9ul39
FXNd,https://made.example.invalid/e05-03/4-1294?utm_source=share&ref=56i9as6c
FXNe,https://made.example.invalid/e05-03/3-1295?utm_source=share&ref=hi75ljw4
FXNf,https://made.example.invalid/e05-03/7-1296?utm_source=share&ref=4ktwktq4
FXNg,https://made.example.invalid/e05-03/9-1297?utm_source=share&ref=2ckkluiu
FXNh,https://made.example.invalid/e05-03/11-1298?utm_source=share&ref=auhz9ur7
FXNi,https://made.example.invalid/e05-03/4-1299?utm_source=share&ref=xl8kuo18
FXNj,https://made.example.invalid/e05-03/3-1300?utm_source=share&ref=ujcs6y45
FXNk,https://made.example.invalid/e05-03/7-1301?utm_source=share&ref=yptw96a2
FXNl,https://made.example.invalid/e05-03/9-1302?utm_source=share&ref=46afzkpk
FXNm,https://made.example.invalid/e05-03/11-1303?utm_source=share&ref=928ubm94
FXNn,https://made.example.invalid/e05-03/4-1304?utm_source=share&ref=t3x58ura
FXNo,https://made.example.invalid/e05-03/3-1305?utm_source=share&ref=97j43bfn
FXNp,https://made.example.invalid/e05-03/7-1306?utm_source=share&ref=1yjy5m1u
FXNq,https://made.example.invalid/e05-03/9-1307?utm_source=share&ref=1c254edg
FXNr,https://made.example.invalid/e05-03/11-1308?utm_source=share&ref=xde642uo
FXNs,https://made.example.invalid/e05-03/4-1309?utm_source=share&ref=wqu0x83r
FXNt,https://made.example.invalid/e05-03/3-1310?utm_source=share&ref=k9nzj1oo
FXNu,https://made.example.invalid/e05-03/7-1311?utm_source=share&ref=jmtur7kz
FXNv,https://made.example.invalid/e05-03/9-1312?utm_source=share&ref=xfl4h8eg
FXNw,https://made.example.invalid/e05-03/11-1313?utm_source=share&ref=x63k7wpz
FXNx,https://made.example.invalid/e05-03/4-1314?utm_source=share&ref=2erkp1tp
FXNy,https://made.example.invalid/e05-03/3-1315?utm_source=share&ref=jkeigifa
FXNz,https://made.example.invalid/e05-03/7-1316?utm_source=share&ref=0jm93jin
FXNA,https://made.example.invalid/e05-03/9-1317?utm_source=share&ref=f8if5ld5
FXNB,https://made.example.invalid/e05-03/11-1318?utm_source=share&ref=467v5208
FXNC,https://made.example.invalid/e05-03/4-1319?utm_source=share&ref=05zpulh3
FXND,https://made.example.invalid/e05-03/3-1320?utm_source=share&ref=t8677q3y
FXNE,https://made.example.invalid/e05-03/7-1321?utm_source=share&ref=1phq8b2x
FXNF,https://made.example.invalid/e05-03/9-1322?utm_source=share&ref=88jpopel
FXNG,https://made.example.invalid/e05-03/11-1323?utm_source=share&ref=udcfwk8y
FXNH,https://made.example.invalid/e05-03/4-1324?utm_source=share&ref=kvkryb7b
FXNI,https://made.example.invalid/e05-03/3-1325?utm_source=share&ref=mmi4ba67
FXNJ,https://made.example.invalid/e05-03/7-1326?utm_source=share&ref=bakqofsc
FXNK,https://made.example.invalid/e05-03/9-1327?utm_source=share&ref=i8e36sz3
FXNL,https://made.example.invalid/e05-03/11-1328?utm_source=share&ref=r2kscuvy
FXNM,https://made.example.invalid/e05-03/4-1329?utm_source=share&ref=v0tqdxyg
FXNN,https://made.example.invalid/e05-03/3-1330?utm_source=share&ref=zl9n851x
FXNO,https://made.example.invalid/e05-03/7-1331?utm_source=share&ref=croclexi
FXNP,https://made.example.invalid/e05-03/9-1332?utm_source=share&ref=8gkb9nxg
FXNQ,https://made.example.invalid/e05-03/11-1333?utm_source=share&ref=a1mi7j28
FXNR,https://made.example.invalid/e05-03/4-1334?utm_source=share&ref=vcbfigpt
FXNS,https://made.example.invalid/e05-03/3-1335?utm_source=share&ref=6awe2tds
FXNT,https://made.example.invalid/e05-03/7-1336?utm_source=share&ref=xyda4j4e
FXNU,https://made.example.invalid/e05-03/9-1337?utm_source=share&ref=l39zyuvv
FXNV,https://made.example.invalid/e05-03/11-1338?utm_source=share&ref=abm6umiz
FXNW,https://made.example.invalid/e05-03/4-1339?utm_source=share&ref=k7k6yqbm
FXNX,https://made.example.invalid/e05-03/3-1340?utm_source=share&ref=vbvb1lqe
FXNY,https://made.example.invalid/e05-03/7-1341?utm_source=share&ref=a6pxv87i
FXNZ,https://made.example.invalid/e05-03/9-1342?utm_source=share&ref=qgjy1pli
FXO0,https://made.example.invalid/e05-03/11-1343?utm_source=share&ref=a7my8swv
FXO1,https://made.example.invalid/e05-03/4-1344?utm_source=share&ref=pazuas7a
FXO2,https://made.example.invalid/e05-03/3-1345?utm_source=share&ref=51e0iuop
FXO3,https://made.example.invalid/e05-03/7-1346?utm_source=share&ref=3fhpw3rj
FXO4,https://made.example.invalid/e05-03/9-1347?utm_source=share&ref=o0loibse
FXO5,https://made.example.invalid/e05-03/11-1348?utm_source=share&ref=rf79jdd3
FXO6,https://made.example.invalid/e05-03/4-1349?utm_source=share&ref=5jnvf7fk
FXO7,https://made.example.invalid/e05-03/3-1350?utm_source=share&ref=uiy21rhd
FXO8,https://made.example.invalid/e05-03/7-1351?utm_source=share&ref=yuego9vw
FXO9,https://made.example.invalid/e05-03/9-1352?utm_source=share&ref=9xvq7qc5
FXOa,https://made.example.invalid/e05-03/11-1353?utm_source=share&ref=y4xkt36u
FXOb,https://made.example.invalid/e05-03/4-1354?utm_source=share&ref=8cqixg3f
FXOc,https://made.example.invalid/e05-03/3-1355?utm_source=share&ref=bl96lf1a
FXOd,https://made.example.invalid/e05-03/7-1356?utm_source=share&ref=r7gfltva
FXOe,https://made.example.invalid/e05-03/9-1357?utm_source=share&ref=80fw53uc
FXOf,https://made.example.invalid/e05-03/11-1358?utm_source=share&ref=3z53kysc
FXOg,https://made.example.invalid/e05-03/4-1359?utm_source=share&ref=3sth6kyr
FXOh,https://made.example.invalid/e05-03/3-1360?utm_source=share&ref=k6pl8bxf
FXOi,https://made.example.invalid/e05-03/7-1361?utm_source=share&ref=ptr0oyra
FXOj,https://made.example.invalid/e05-03/9-1362?utm_source=share&ref=4eqp4mrb
FXOk,https://made.example.invalid/e05-03/11-1363?utm_source=share&ref=t1lxnrkr
FXOl,https://made.example.invalid/e05-03/4-1364?utm_source=share&ref=egbmj3xw
FXOm,https://made.example.invalid/e05-03/3-1365?utm_source=share&ref=e5akj4kt
FXOn,https://made.example.invalid/e05-03/7-1366?utm_source=share&ref=i5zr8kyj
FXOo,https://made.example.invalid/e05-03/9-1367?utm_source=share&ref=2kx0ynom
FXOp,https://made.example.invalid/e05-03/11-1368?utm_source=share&ref=e67rhcub
FXOq,https://made.example.invalid/e05-03/4-1369?utm_source=share&ref=323vji69
FXOr,https://made.example.invalid/e05-03/3-1370?utm_source=share&ref=qrj54oe8
FXOs,https://made.example.invalid/e05-03/7-1371?utm_source=share&ref=4hw7h792
FXOt,https://made.example.invalid/e05-03/9-1372?utm_source=share&ref=kv8w1mdj
FXOu,https://made.example.invalid/e05-03/11-1373?utm_source=share&ref=18g1ujm9
FXOv,https://made.example.invalid/e05-03/4-1374?utm_source=share&ref=svj73e5a
FXOw,https://made.example.invalid/e05-03/3-1375?utm_source=share&ref=qnh4rp07
FXOx,https://made.example.invalid/e05-03/7-1376?utm_source=share&ref=ivffia2d
FXOy,https://made.example.invalid/e05-03/9-1377?utm_source=share&ref=2ysvb30y
FXOz,https://made.example.invalid/e05-03/11-1378?utm_source=share&ref=dcds7s1y
FXOA,https://made.example.invalid/e05-03/4-1379?utm_source=share&ref=tg8yy3eq
FXOB,https://made.example.invalid/e05-03/3-1380?utm_source=share&ref=46wuftsv
FXOC,https://made.example.invalid/e05-03/7-1381?utm_source=share&ref=z8cv3j0k
FXOD,https://made.example.invalid/e05-03/9-1382?utm_source=share&ref=xu0d1yrb
FXOE,https://made.example.invalid/e05-03/11-1383?utm_source=share&ref=zb59h3xa
FXOF,https://made.example.invalid/e05-03/4-1384?utm_source=share&ref=igyh4kq4
FXOG,https://made.example.invalid/e05-03/3-1385?utm_source=share&ref=i7ubiq8k
FXOH,https://made.example.invalid/e05-03/7-1386?utm_source=share&ref=2cd5y7xx
FXOI,https://made.example.invalid/e05-03/9-1387?utm_source=share&ref=1agbdxr7
FXOJ,https://made.example.invalid/e05-03/11-1388?utm_source=share&ref=pg1qrcr6
FXOK,https://made.example.invalid/e05-03/4-1389?utm_source=share&ref=hby6aczy
FXOL,https://made.example.invalid/e05-03/3-1390?utm_source=share&ref=uj6chq5n
FXOM,https://made.example.invalid/e05-03/7-1391?utm_source=share&ref=juv853ls
FXON,https://made.example.invalid/e05-03/9-1392?utm_source=share&ref=ueykgomm
FXOO,https://made.example.invalid/e05-03/11-1393?utm_source=share&ref=9hjyyfv0
FXOP,https://made.example.invalid/e05-03/4-1394?utm_source=share&ref=5evxj5pn
FXOQ,https://made.example.invalid/e05-03/3-1395?utm_source=share&ref=3wi7zyqb
FXOR,https://made.example.invalid/e05-03/7-1396?utm_source=share&ref=trwjqk6g
FXOS,https://made.example.invalid/e05-03/9-1397?utm_source=share&ref=bnbsvjir
FXOT,https://made.example.invalid/e05-03/11-1398?utm_source=share&ref=vp1qv72m
FXOU,https://made.example.invalid/e05-03/4-1399?utm_source=share&ref=b28riqs0
FXOV,https://made.example.invalid/e05-03/3-1400?utm_source=share&ref=xe34w71f
FXOW,https://made.example.invalid/e05-03/7-1401?utm_source=share&ref=ms0myd8w
FXOX,https://made.example.invalid/e05-03/9-1402?utm_source=share&ref=rycockjk
FXOY,https://made.example.invalid/e05-03/11-1403?utm_source=share&ref=6fxpiqvy
FXOZ,https://made.example.invalid/e05-03/4-1404?utm_source=share&ref=wl7v438c
FXP0,https://made.example.invalid/e05-03/3-1405?utm_source=share&ref=gjh2mie7
FXP1,https://made.example.invalid/e05-03/7-1406?utm_source=share&ref=5rp70uuk
FXP2,https://made.example.invalid/e05-03/9-1407?utm_source=share&ref=eggzqfuo
FXP3,https://made.example.invalid/e05-03/11-1408?utm_source=share&ref=7dyed7g0
FXP4,https://made.example.invalid/e05-03/4-1409?utm_source=share&ref=m94y476o
FXP5,https://made.example.invalid/e05-03/3-1410?utm_source=share&ref=w1eoqz88
FXP6,https://made.example.invalid/e05-03/7-1411?utm_source=share&ref=uo64a9vl
FXP7,https://made.example.invalid/e05-03/9-1412?utm_source=share&ref=yy0mw6qz
FXP8,https://made.example.invalid/e05-03/11-1413?utm_source=share&ref=7m1xu5ax
FXP9,https://made.example.invalid/e05-03/4-1414?utm_source=share&ref=z3xmbipa
FXPa,https://made.example.invalid/e05-03/3-1415?utm_source=share&ref=fj13uni4
FXPb,https://made.example.invalid/e05-03/7-1416?utm_source=share&ref=aeqemmj4
FXPc,https://made.example.invalid/e05-03/9-1417?utm_source=share&ref=x5d1fc4y
FXPd,https://made.example.invalid/e05-03/11-1418?utm_source=share&ref=mugktt8u
FXPe,https://made.example.invalid/e05-03/4-1419?utm_source=share&ref=xujpth2s
FXPf,https://made.example.invalid/e05-03/3-1420?utm_source=share&ref=mm2ac91x
FXPg,https://made.example.invalid/e05-03/7-1421?utm_source=share&ref=1x61wrgk
FXPh,https://made.example.invalid/e05-03/9-1422?utm_source=share&ref=mrp04mt8
FXPi,https://made.example.invalid/e05-03/11-1423?utm_source=share&ref=42fxcuv1
FXPj,https://made.example.invalid/e05-03/4-1424?utm_source=share&ref=z6lfwx8j
FXPk,https://made.example.invalid/e05-03/3-1425?utm_source=share&ref=9di03eko
FXPl,https://made.example.invalid/e05-03/7-1426?utm_source=share&ref=jiycu3f3
FXPm,https://made.example.invalid/e05-03/9-1427?utm_source=share&ref=5056u1ia
FXPn,https://made.example.invalid/e05-03/11-1428?utm_source=share&ref=olig5nqn
FXPo,https://made.example.invalid/e05-03/4-1429?utm_source=share&ref=8xrtmihx
FXPp,https://made.example.invalid/e05-03/3-1430?utm_source=share&ref=2lsqogkx
FXPq,https://made.example.invalid/e05-03/7-1431?utm_source=share&ref=3hge762w
FXPr,https://made.example.invalid/e05-03/9-1432?utm_source=share&ref=g5lun44l
FXPs,https://made.example.invalid/e05-03/11-1433?utm_source=share&ref=8unudxdv
FXPt,https://made.example.invalid/e05-03/4-1434?utm_source=share&ref=upvut41j
FXPu,https://made.example.invalid/e05-03/3-1435?utm_source=share&ref=p8ov9q13
FXPv,https://made.example.invalid/e05-03/7-1436?utm_source=share&ref=mq5gi1mb
FXPw,https://made.example.invalid/e05-03/9-1437?utm_source=share&ref=wh2qk71m
FXPx,https://made.example.invalid/e05-03/11-1438?utm_source=share&ref=b6w29ns9
FXPy,https://made.example.invalid/e05-03/4-1439?utm_source=share&ref=s3s5jcpm
FXPz,https://made.example.invalid/e05-03/3-1440?utm_source=share&ref=zspca7ki
FXPA,https://made.example.invalid/e05-03/7-1441?utm_source=share&ref=8y52m7xo
FXPB,https://made.example.invalid/e05-03/9-1442?utm_source=share&ref=egavzr4o
FXPC,https://made.example.invalid/e05-03/11-1443?utm_source=share&ref=tpgwk3f2
FXPD,https://made.example.invalid/e05-03/4-1444?utm_source=share&ref=3dmlayaw
FXPE,https://made.example.invalid/e05-03/3-1445?utm_source=share&ref=jf9l4okb
FXPF,https://made.example.invalid/e05-03/7-1446?utm_source=share&ref=v5c63lz8
FXPG,https://made.example.invalid/e05-03/9-1447?utm_source=share&ref=i7gu3n09
FXPH,https://made.example.invalid/e05-03/11-1448?utm_source=share&ref=4emfm9gn
FXPI,https://made.example.invalid/e05-03/4-1449?utm_source=share&ref=1of79nj1
FXPJ,https://made.example.invalid/e05-03/3-1450?utm_source=share&ref=g1824sr3
FXPK,https://made.example.invalid/e05-03/7-1451?utm_source=share&ref=cf4ls5ot
FXPL,https://made.example.invalid/e05-03/9-1452?utm_source=share&ref=hw2wa10v
FXPM,https://made.example.invalid/e05-03/11-1453?utm_source=share&ref=g918v9nv
FXPN,https://made.example.invalid/e05-03/4-1454?utm_source=share&ref=np4bscjs
FXPO,https://made.example.invalid/e05-03/3-1455?utm_source=share&ref=aiuyw4qu
FXPP,https://made.example.invalid/e05-03/7-1456?utm_source=share&ref=7rlbqhj1
FXPQ,https://made.example.invalid/e05-03/9-1457?utm_source=share&ref=1b386qsn
FXPR,https://made.example.invalid/e05-03/11-1458?utm_source=share&ref=8x17ox25
FXPS,https://made.example.invalid/e05-03/4-1459?utm_source=share&ref=vysrt6zw
FXPT,https://made.example.invalid/e05-03/3-1460?utm_source=share&ref=e1ztsay9
FXPU,https://made.example.invalid/e05-03/7-1461?utm_source=share&ref=i4i7weg8
FXPV,https://made.example.invalid/e05-03/9-1462?utm_source=share&ref=u43booii
FXPW,https://made.example.invalid/e05-03/11-1463?utm_source=share&ref=sjpu8dju
FXPX,https://made.example.invalid/e05-03/4-1464?utm_source=share&ref=vo57znbr
FXPY,https://made.example.invalid/e05-03/3-1465?utm_source=share&ref=bqoz36kf
FXPZ,https://made.example.invalid/e05-03/7-1466?utm_source=share&ref=wty9xqha
FXQ0,https://made.example.invalid/e05-03/9-1467?utm_source=share&ref=fsaenrkj
FXQ1,https://made.example.invalid/e05-03/11-1468?utm_source=share&ref=70g61d26
FXQ2,https://made.example.invalid/e05-03/4-1469?utm_source=share&ref=5kugu0oz
FXQ3,https://made.example.invalid/e05-03/3-1470?utm_source=share&ref=sq45d3aa
FXQ4,https://made.example.invalid/e05-03/7-1471?utm_source=share&ref=r1bmyg7v
FXQ5,https://made.example.invalid/e05-03/9-1472?utm_source=share&ref=b8om2irg
FXQ6,https://made.example.invalid/e05-03/11-1473?utm_source=share&ref=dkuawljy
FXQ7,https://made.example.invalid/e05-03/4-1474?utm_source=share&ref=m842wll1
FXQ8,https://made.example.invalid/e05-03/3-1475?utm_source=share&ref=mne4fg6e
FXQ9,https://made.example.invalid/e05-03/7-1476?utm_source=share&ref=4kns0j02
FXQa,https://made.example.invalid/e05-03/9-1477?utm_source=share&ref=vuc26fgu
FXQb,https://made.example.invalid/e05-03/11-1478?utm_source=share&ref=7qt9ahmi
FXQc,https://made.example.invalid/e05-03/4-1479?utm_source=share&ref=x0b54vb6
FXQd,https://made.example.invalid/e05-03/3-1480?utm_source=share&ref=3jj5b3cr
FXQe,https://made.example.invalid/e05-03/7-1481?utm_source=share&ref=q3blkpos
FXQf,https://made.example.invalid/e05-03/9-1482?utm_source=share&ref=hxvs7i33
FXQg,https://made.example.invalid/e05-03/11-1483?utm_source=share&ref=p5schl2h
FXQh,https://made.example.invalid/e05-03/4-1484?utm_source=share&ref=ziod1d8j
FXQi,https://made.example.invalid/e05-03/3-1485?utm_source=share&ref=0303dmj7
FXQj,https://made.example.invalid/e05-03/7-1486?utm_source=share&ref=ndkoli57
FXQk,https://made.example.invalid/e05-03/9-1487?utm_source=share&ref=wetn5b49
FXQl,https://made.example.invalid/e05-03/11-1488?utm_source=share&ref=6enxh2m2
FXQm,https://made.example.invalid/e05-03/4-1489?utm_source=share&ref=dz17dqk3
FXQn,https://made.example.invalid/e05-03/3-1490?utm_source=share&ref=qqkw86ks
FXQo,https://made.example.invalid/e05-03/7-1491?utm_source=share&ref=mfdod7x3
FXQp,https://made.example.invalid/e05-03/9-1492?utm_source=share&ref=xcn1uuoz
FXQq,https://made.example.invalid/e05-03/11-1493?utm_source=share&ref=stxub0kx
FXQr,https://made.example.invalid/e05-03/4-1494?utm_source=share&ref=qm4expwl
FXQs,https://made.example.invalid/e05-03/3-1495?utm_source=share&ref=exx6j3fl
FXQt,https://made.example.invalid/e05-03/7-1496?utm_source=share&ref=z67qzq86
FXQu,https://made.example.invalid/e05-03/9-1497?utm_source=share&ref=x4pxi15v
FXQv,https://made.example.invalid/e05-03/11-1498?utm_source=share&ref=vcihl41w
FXQw,https://made.example.invalid/e05-03/4-1499?utm_source=share&ref=blex1ulh
FXQx,https://made.example.invalid/e05-03/3-1500?utm_source=share&ref=l4wm75py
FXQy,https://made.example.invalid/e05-03/7-1501?utm_source=share&ref=efdiw9h2
FXQz,https://made.example.invalid/e05-03/9-1502?utm_source=share&ref=sapwmdjm
FXQA,https://made.example.invalid/e05-03/11-1503?utm_source=share&ref=dqn5gayw
FXQB,https://made.example.invalid/e05-03/4-1504?utm_source=share&ref=rr4oqjcf
FXQC,https://made.example.invalid/e05-03/3-1505?utm_source=share&ref=mh0r6h88
FXQD,https://made.example.invalid/e05-03/7-1506?utm_source=share&ref=t04oqs3j
FXQE,https://made.example.invalid/e05-03/9-1507?utm_source=share&ref=5qvakv7o
FXQF,https://made.example.invalid/e05-03/11-1508?utm_source=share&ref=s71ced77
FXQG,https://made.example.invalid/e05-03/4-1509?utm_source=share&ref=nqrg25y2
FXQH,https://made.example.invalid/e05-03/3-1510?utm_source=share&ref=sh6wdpzy
FXQI,https://made.example.invalid/e05-03/7-1511?utm_source=share&ref=6xubo09z
FXQJ,https://made.example.invalid/e05-03/9-1512?utm_source=share&ref=ddba4f2j
FXQK,https://made.example.invalid/e05-03/11-1513?utm_source=share&ref=6vcmwmbi
FXQL,https://made.example.invalid/e05-03/4-1514?utm_source=share&ref=ded3l3i3
FXQM,https://made.example.invalid/e05-03/3-1515?utm_source=share&ref=hrvy4rh8
FXQN,https://made.example.invalid/e05-03/7-1516?utm_source=share&ref=yobq5bn1
FXQO,https://made.example.invalid/e05-03/9-1517?utm_source=share&ref=ibb8cm9d
FXQP,https://made.example.invalid/e05-03/11-1518?utm_source=share&ref=h0s8ij8p
FXQQ,https://made.example.invalid/e05-03/4-1519?utm_source=share&ref=d5qc898u
FXQR,https://made.example.invalid/e05-03/3-1520?utm_source=share&ref=sjno30m7
FXQS,https://made.example.invalid/e05-03/7-1521?utm_source=share&ref=a761m0qr
FXQT,https://made.example.invalid/e05-03/9-1522?utm_source=share&ref=ykmekfqg
FXQU,https://made.example.invalid/e05-03/11-1523?utm_source=share&ref=2wm4vx9h
FXQV,https://made.example.invalid/e05-03/4-1524?utm_source=share&ref=q60cazgp
FXQW,https://made.example.invalid/e05-03/3-1525?utm_source=share&ref=azzlqmit
FXQX,https://made.example.invalid/e05-03/7-1526?utm_source=share&ref=q2ta5z5j
FXQY,https://made.example.invalid/e05-03/9-1527?utm_source=share&ref=hhfxj96f
FXQZ,https://made.example.invalid/e05-03/11-1528?utm_source=share&ref=x77gmhrp
FXR0,https://made.example.invalid/e05-03/4-1529?utm_source=share&ref=31hflowy
FXR1,https://made.example.invalid/e05-03/3-1530?utm_source=share&ref=4bpcjpyu
FXR2,https://made.example.invalid/e05-03/7-1531?utm_source=share&ref=4febyu5p
FXR3,https://made.example.invalid/e05-03/9-1532?utm_source=share&ref=mqkkwx6u
FXR4,https://made.example.invalid/e05-03/11-1533?utm_source=share&ref=84oa14bu
FXR5,https://made.example.invalid/e05-03/4-1534?utm_source=share&ref=xrlqrh10
FXR6,https://made.example.invalid/e05-03/3-1535?utm_source=share&ref=mxkyit12
FXR7,https://made.example.invalid/e05-03/7-1536?utm_source=share&ref=t6r2oexx
FXR8,https://made.example.invalid/e05-03/9-1537?utm_source=share&ref=4xoji0q6
FXR9,https://made.example.invalid/e05-03/11-1538?utm_source=share&ref=4kzzhx4l
FXRa,https://made.example.invalid/e05-03/4-1539?utm_source=share&ref=lc7cjql6
FXRb,https://made.example.invalid/e05-03/3-1540?utm_source=share&ref=vc3yvfm0
FXRc,https://made.example.invalid/e05-03/7-1541?utm_source=share&ref=brty50jq
FXRd,https://made.example.invalid/e05-03/9-1542?utm_source=share&ref=ajwgge0n
FXRe,https://made.example.invalid/e05-03/11-1543?utm_source=share&ref=qq4m69ub
FXRf,https://made.example.invalid/e05-03/4-1544?utm_source=share&ref=ep6btt2t
FXRg,https://made.example.invalid/e05-03/3-1545?utm_source=share&ref=7mslk5pv
FXRh,https://made.example.invalid/e05-03/7-1546?utm_source=share&ref=xnf5ppwd
FXRi,https://made.example.invalid/e05-03/9-1547?utm_source=share&ref=l7iir7m9
FXRj,https://made.example.invalid/e05-03/11-1548?utm_source=share&ref=260e3hq0
FXRk,https://made.example.invalid/e05-03/4-1549?utm_source=share&ref=4av5tdkt
FXRl,https://made.example.invalid/e05-03/3-1550?utm_source=share&ref=z824kiul
FXRm,https://made.example.invalid/e05-03/7-1551?utm_source=share&ref=uojr33ed
FXRn,https://made.example.invalid/e05-03/9-1552?utm_source=share&ref=fvlx5m1e
FXRo,https://made.example.invalid/e05-03/11-1553?utm_source=share&ref=1899yzuw
FXRp,https://made.example.invalid/e05-03/4-1554?utm_source=share&ref=vtyfh41q
FXRq,https://made.example.invalid/e05-03/3-1555?utm_source=share&ref=uev98gqp
FXRr,https://made.example.invalid/e05-03/7-1556?utm_source=share&ref=okqzn6dc
FXRs,https://made.example.invalid/e05-03/9-1557?utm_source=share&ref=b2obmymv
FXRt,https://made.example.invalid/e05-03/11-1558?utm_source=share&ref=vshvju7c
FXRu,https://made.example.invalid/e05-03/4-1559?utm_source=share&ref=284m7h6o
FXRv,https://made.example.invalid/e05-03/3-1560?utm_source=share&ref=6bhv76i1
1aLG,https://news.example.invalid/articles/2026/10/story-279724?utm_source=share&utm_medium=link&ref=sfp-seed
v2QY,https://news.example.invalid/articles/2026/10/story-7399140?utm_source=share&utm_medium=link&ref=sfp-seed
gttj,https://news.example.invalid/articles/2026/10/story-3926541?utm_source=share&utm_medium=link&ref=sfp-seed
APcn,https://news.example.invalid/articles/2026/10/story-8776619?utm_source=share&utm_medium=link&ref=sfp-seed
vVZz,https://news.example.invalid/articles/2026/10/story-7611093?utm_source=share&utm_medium=link&ref=sfp-seed
brnL,https://news.example.invalid/articles/2026/10/story-2726869?utm_source=share&utm_medium=link&ref=sfp-seed
uoIT,https://news.example.invalid/articles/2026/10/story-7244879?utm_source=share&utm_medium=link&ref=sfp-seed
lkeb,https://news.example.invalid/articles/2026/10/story-5082647?utm_source=share&utm_medium=link&ref=sfp-seed
1lWd,https://news.example.invalid/articles/2026/10/story-322661?utm_source=share&utm_medium=link&ref=sfp-seed
bxSy,https://news.example.invalid/articles/2026/10/story-2751842?utm_source=share&utm_medium=link&ref=sfp-seed
4G6u,https://news.example.invalid/articles/2026/10/story-1115162?utm_source=share&utm_medium=link&ref=sfp-seed
xwYc,https://news.example.invalid/articles/2026/10/story-7991564?utm_source=share&utm_medium=link&ref=sfp-seed
i8Mk,https://news.example.invalid/articles/2026/10/story-4323652?utm_source=share&utm_medium=link&ref=sfp-seed
mddl,https://news.example.invalid/articles/2026/10/story-5294015?utm_source=share&utm_medium=link&ref=sfp-seed
HPZ,https://news.example.invalid/articles/2026/10/story-168515?utm_source=share&utm_medium=link&ref=sfp-seed
q20w,https://news.example.invalid/articles/2026/10/story-6204248?utm_source=share&utm_medium=link&ref=sfp-seed
Fm24,https://news.example.invalid/articles/2026/10/story-9856144?utm_source=share&utm_medium=link&ref=sfp-seed
htM9,https://news.example.invalid/articles/2026/10/story-4166037?utm_source=share&utm_medium=link&ref=sfp-seed
oTAB,https://news.example.invalid/articles/2026/10/story-5933561?utm_source=share&utm_medium=link&ref=sfp-seed
uDfD,https://news.example.invalid/articles/2026/10/story-7300725?utm_source=share&utm_medium=link&ref=sfp-seed
FDUe,https://news.example.invalid/articles/2026/10/story-9924850?utm_source=share&utm_medium=link&ref=sfp-seed
i6u7,https://news.example.invalid/articles/2026/10/story-4314835?utm_source=share&utm_medium=link&ref=sfp-seed
jWbT,https://news.example.invalid/articles/2026/10/story-4751921?utm_source=share&utm_medium=link&ref=sfp-seed
i8cO,https://news.example.invalid/articles/2026/10/story-4321450?utm_source=share&utm_medium=link&ref=sfp-seed
CpiH,https://news.example.invalid/articles/2026/10/story-9153723?utm_source=share&utm_medium=link&ref=sfp-seed
mXa0,https://news.example.invalid/articles/2026/10/story-5470632?utm_source=share&utm_medium=link&ref=sfp-seed
x26y,https://news.example.invalid/articles/2026/10/story-7872918?utm_source=share&utm_medium=link&ref=sfp-seed
5fe1,https://news.example.invalid/articles/2026/10/story-1250169?utm_source=share&utm_medium=link&ref=sfp-seed
tiRt,https://news.example.invalid/articles/2026/10/story-6984019?utm_source=share&utm_medium=link&ref=sfp-seed
uKWA,https://news.example.invalid/articles/2026/10/story-7330296?utm_source=share&utm_medium=link&ref=sfp-seed
zRdq,https://news.example.invalid/articles/2026/10/story-8546044?utm_source=share&utm_medium=link&ref=sfp-seed
imzC,https://news.example.invalid/articles/2026/10/story-4376680?utm_source=share&utm_medium=link&ref=sfp-seed
aTWW,https://news.example.invalid/articles/2026/10/story-2598354?utm_source=share&utm_medium=link&ref=sfp-seed
BHg8,https://news.example.invalid/articles/2026/10/story-8984428?utm_source=share&utm_medium=link&ref=sfp-seed
lZDF,https://news.example.invalid/articles/2026/10/story-5241831?utm_source=share&utm_medium=link&ref=sfp-seed
fIp8,https://news.example.invalid/articles/2026/10/story-3745614?utm_source=share&utm_medium=link&ref=sfp-seed
yBx4,https://news.example.invalid/articles/2026/10/story-8247430?utm_source=share&utm_medium=link&ref=sfp-seed
clRR,https://news.example.invalid/articles/2026/10/story-2943999?utm_source=share&utm_medium=link&ref=sfp-seed
oMQg,https://news.example.invalid/articles/2026/10/story-5907624?utm_source=share&utm_medium=link&ref=sfp-seed
wh84,https://news.example.invalid/articles/2026/10/story-7692344?utm_source=share&utm_medium=link&ref=sfp-seed
ztz4,https://news.example.invalid/articles/2026/10/story-8455130?utm_source=share&utm_medium=link&ref=sfp-seed
itWz,https://news.example.invalid/articles/2026/10/story-4405011?utm_source=share&utm_medium=link&ref=sfp-seed
4PKU,https://news.example.invalid/articles/2026/10/story-1152264?utm_source=share&utm_medium=link&ref=sfp-seed
xxVQ,https://news.example.invalid/articles/2026/10/story-7995262?utm_source=share&utm_medium=link&ref=sfp-seed
avGT,https://news.example.invalid/articles/2026/10/story-2505103?utm_source=share&utm_medium=link&ref=sfp-seed
mlws,https://news.example.invalid/articles/2026/10/story-5325952?utm_source=share&utm_medium=link&ref=sfp-seed
v1xf,https://news.example.invalid/articles/2026/10/story-7394073?utm_source=share&utm_medium=link&ref=sfp-seed
wj9y,https://news.example.invalid/articles/2026/10/story-7700124?utm_source=share&utm_medium=link&ref=sfp-seed
tpIQ,https://news.example.invalid/articles/2026/10/story-7010392?utm_source=share&utm_medium=link&ref=sfp-seed
e6zt,https://news.example.invalid/articles/2026/10/story-3361855?utm_source=share&utm_medium=link&ref=sfp-seed
pAuY,https://news.example.invalid/articles/2026/10/story-6098504?utm_source=share&utm_medium=link&ref=sfp-seed
htxI,https://news.example.invalid/articles/2026/10/story-4165142?utm_source=share&utm_medium=link&ref=sfp-seed
cSry,https://news.example.invalid/articles/2026/10/story-3069220?utm_source=share&utm_medium=link&ref=sfp-seed
4LoB,https://news.example.invalid/articles/2026/10/story-1135505?utm_source=share&utm_medium=link&ref=sfp-seed
JBW,https://news.example.invalid/articles/2026/10/story-175332?utm_source=share&utm_medium=link&ref=sfp-seed
rKrB,https://news.example.invalid/articles/2026/10/story-6613391?utm_source=share&utm_medium=link&ref=sfp-seed
64xX,https://news.example.invalid/articles/2026/10/story-1447449?utm_source=share&utm_medium=link&ref=sfp-seed
xRsh,https://news.example.invalid/articles/2026/10/story-8070309?utm_source=share&utm_medium=link&ref=sfp-seed
5pnN,https://news.example.invalid/articles/2026/10/story-1289215?utm_source=share&utm_medium=link&ref=sfp-seed
gwJa,https://news.example.invalid/articles/2026/10/story-3939056?utm_source=share&utm_medium=link&ref=sfp-seed
qRAF,https://news.example.invalid/articles/2026/10/story-6402533?utm_source=share&utm_medium=link&ref=sfp-seed
5E7o,https://news.example.invalid/articles/2026/10/story-1345858?utm_source=share&utm_medium=link&ref=sfp-seed
w6Vg,https://news.example.invalid/articles/2026/10/story-7653110?utm_source=share&utm_medium=link&ref=sfp-seed
vP4c,https://news.example.invalid/articles/2026/10/story-7584472?utm_source=share&utm_medium=link&ref=sfp-seed
9gpe,https://news.example.invalid/articles/2026/10/story-2208020?utm_source=share&utm_medium=link&ref=sfp-seed
c4jQ,https://news.example.invalid/articles/2026/10/story-2876542?utm_source=share&utm_medium=link&ref=sfp-seed
3deo,https://news.example.invalid/articles/2026/10/story-765848?utm_source=share&utm_medium=link&ref=sfp-seed
msMo,https://news.example.invalid/articles/2026/10/story-5353848?utm_source=share&utm_medium=link&ref=sfp-seed
iLuq,https://news.example.invalid/articles/2026/10/story-4472458?utm_source=share&utm_medium=link&ref=sfp-seed
qnce,https://news.example.invalid/articles/2026/10/story-6285698?utm_source=share&utm_medium=link&ref=sfp-seed
2aiL,https://news.example.invalid/articles/2026/10/story-516259?utm_source=share&utm_medium=link&ref=sfp-seed
5JGi,https://news.example.invalid/articles/2026/10/story-1367242?utm_source=share&utm_medium=link&ref=sfp-seed
y6Y9,https://news.example.invalid/articles/2026/10/story-8129945?utm_source=share&utm_medium=link&ref=sfp-seed
vZpc,https://news.example.invalid/articles/2026/10/story-7624214?utm_source=share&utm_medium=link&ref=sfp-seed
2hnZ,https://news.example.invalid/articles/2026/10/story-543491?utm_source=share&utm_medium=link&ref=sfp-seed
bhqp,https://news.example.invalid/articles/2026/10/story-2688593?utm_source=share&utm_medium=link&ref=sfp-seed
ig1U,https://news.example.invalid/articles/2026/10/story-4351526?utm_source=share&utm_medium=link&ref=sfp-seed
8Rte,https://news.example.invalid/articles/2026/10/story-2112168?utm_source=share&utm_medium=link&ref=sfp-seed
e4rt,https://news.example.invalid/articles/2026/10/story-3353671?utm_source=share&utm_medium=link&ref=sfp-seed
8CIp,https://news.example.invalid/articles/2026/10/story-2055449?utm_source=share&utm_medium=link&ref=sfp-seed
xzhG,https://news.example.invalid/articles/2026/10/story-8000460?utm_source=share&utm_medium=link&ref=sfp-seed
6ktQ,https://news.example.invalid/articles/2026/10/story-1508698?utm_source=share&utm_medium=link&ref=sfp-seed
8gxz,https://news.example.invalid/articles/2026/10/story-1970209?utm_source=share&utm_medium=link&ref=sfp-seed
bKz7,https://news.example.invalid/articles/2026/10/story-2800609?utm_source=share&utm_medium=link&ref=sfp-seed
AIEu,https://news.example.invalid/articles/2026/10/story-8751454?utm_source=share&utm_medium=link&ref=sfp-seed
Elu2,https://news.example.invalid/articles/2026/10/story-9615706?utm_source=share&utm_medium=link&ref=sfp-seed
69qh,https://news.example.invalid/articles/2026/10/story-1466193?utm_source=share&utm_medium=link&ref=sfp-seed
la1Y,https://news.example.invalid/articles/2026/10/story-5043450?utm_source=share&utm_medium=link&ref=sfp-seed
cPOe,https://news.example.invalid/articles/2026/10/story-3059094?utm_source=share&utm_medium=link&ref=sfp-seed
e2Zx,https://news.example.invalid/articles/2026/10/story-3348095?utm_source=share&utm_medium=link&ref=sfp-seed
7QTN,https://news.example.invalid/articles/2026/10/story-1871643?utm_source=share&utm_medium=link&ref=sfp-seed
y9tb,https://news.example.invalid/articles/2026/10/story-8139557?utm_source=share&utm_medium=link&ref=sfp-seed
nfhf,https://news.example.invalid/articles/2026/10/story-5540273?utm_source=share&utm_medium=link&ref=sfp-seed
4IAm,https://news.example.invalid/articles/2026/10/story-1124702?utm_source=share&utm_medium=link&ref=sfp-seed
dHxJ,https://news.example.invalid/articles/2026/10/story-3265647?utm_source=share&utm_medium=link&ref=sfp-seed
xB5R,https://news.example.invalid/articles/2026/10/story-8007415?utm_source=share&utm_medium=link&ref=sfp-seed
aEU8,https://news.example.invalid/articles/2026/10/story-2540520?utm_source=share&utm_medium=link&ref=sfp-seed
stM2,https://news.example.invalid/articles/2026/10/story-6787638?utm_source=share&utm_medium=link&ref=sfp-seed
ec9Z,https://news.example.invalid/articles/2026/10/story-3383339?utm_source=share&utm_medium=link&ref=sfp-seed
se53,https://news.example.invalid/articles/2026/10/story-6727313?utm_source=share&utm_medium=link&ref=sfp-seed
hmj2,https://news.example.invalid/articles/2026/10/story-4137324?utm_source=share&utm_medium=link&ref=sfp-seed
5f6F,https://news.example.invalid/articles/2026/10/story-1249713?utm_source=share&utm_medium=link&ref=sfp-seed
6rio,https://news.example.invalid/articles/2026/10/story-1534896?utm_source=share&utm_medium=link&ref=sfp-seed
vhdN,https://news.example.invalid/articles/2026/10/story-7454371?utm_source=share&utm_medium=link&ref=sfp-seed
9aq6,https://news.example.invalid/articles/2026/10/story-2185010?utm_source=share&utm_medium=link&ref=sfp-seed
4Aak,https://news.example.invalid/articles/2026/10/story-1092336?utm_source=share&utm_medium=link&ref=sfp-seed
9UQm,https://news.example.invalid/articles/2026/10/story-2363462?utm_source=share&utm_medium=link&ref=sfp-seed
d4j0,https://news.example.invalid/articles/2026/10/story-3114818?utm_source=share&utm_medium=link&ref=sfp-seed
8GTj,https://news.example.invalid/articles/2026/10/story-2071501?utm_source=share&utm_medium=link&ref=sfp-seed
AGf,https://news.example.invalid/articles/2026/10/story-141003?utm_source=share&utm_medium=link&ref=sfp-seed
AQq6,https://news.example.invalid/articles/2026/10/story-8781314?utm_source=share&utm_medium=link&ref=sfp-seed
le8h,https://news.example.invalid/articles/2026/10/story-5059217?utm_source=share&utm_medium=link&ref=sfp-seed
7fgX,https://news.example.invalid/articles/2026/10/story-1727007?utm_source=share&utm_medium=link&ref=sfp-seed
8cA2,https://news.example.invalid/articles/2026/10/story-1954986?utm_source=share&utm_medium=link&ref=sfp-seed
u3f8,https://news.example.invalid/articles/2026/10/story-7162310?utm_source=share&utm_medium=link&ref=sfp-seed
76kz,https://news.example.invalid/articles/2026/10/story-1692635?utm_source=share&utm_medium=link&ref=sfp-seed
blUr,https://news.example.invalid/articles/2026/10/story-2705831?utm_source=share&utm_medium=link&ref=sfp-seed
tMGX,https://news.example.invalid/articles/2026/10/story-7098687?utm_source=share&utm_medium=link&ref=sfp-seed
zXqM,https://news.example.invalid/articles/2026/10/story-8569936?utm_source=share&utm_medium=link&ref=sfp-seed
lr0I,https://news.example.invalid/articles/2026/10/story-5108720?utm_source=share&utm_medium=link&ref=sfp-seed
1tLT,https://news.example.invalid/articles/2026/10/story-352773?utm_source=share&utm_medium=link&ref=sfp-seed
BQV5,https://news.example.invalid/articles/2026/10/story-9021563?utm_source=share&utm_medium=link&ref=sfp-seed
lgqh,https://news.example.invalid/articles/2026/10/story-5068021?utm_source=share&utm_medium=link&ref=sfp-seed
ijnV,https://news.example.invalid/articles/2026/10/story-4364423?utm_source=share&utm_medium=link&ref=sfp-seed
9Yhn,https://news.example.invalid/articles/2026/10/story-2376669?utm_source=share&utm_medium=link&ref=sfp-seed
qQJr,https://news.example.invalid/articles/2026/10/story-6399233?utm_source=share&utm_medium=link&ref=sfp-seed
g6to,https://news.example.invalid/articles/2026/10/story-3838134?utm_source=share&utm_medium=link&ref=sfp-seed
j78R,https://news.example.invalid/articles/2026/10/story-4555689?utm_source=share&utm_medium=link&ref=sfp-seed
lkva,https://news.example.invalid/articles/2026/10/story-5083700?utm_source=share&utm_medium=link&ref=sfp-seed
1eRW,https://news.example.invalid/articles/2026/10/story-295488?utm_source=share&utm_medium=link&ref=sfp-seed
bSFE,https://news.example.invalid/articles/2026/10/story-2831766?utm_source=share&utm_medium=link&ref=sfp-seed
zXrv,https://news.example.invalid/articles/2026/10/story-8569981?utm_source=share&utm_medium=link&ref=sfp-seed
z9tY,https://news.example.invalid/articles/2026/10/story-8377934?utm_source=share&utm_medium=link&ref=sfp-seed
FEeg,https://news.example.invalid/articles/2026/10/story-9926092?utm_source=share&utm_medium=link&ref=sfp-seed
iz3P,https://news.example.invalid/articles/2026/10/story-4424681?utm_source=share&utm_medium=link&ref=sfp-seed
BG2i,https://news.example.invalid/articles/2026/10/story-8979726?utm_source=share&utm_medium=link&ref=sfp-seed
lmMS,https://news.example.invalid/articles/2026/10/story-5092486?utm_source=share&utm_medium=link&ref=sfp-seed
z8RM,https://news.example.invalid/articles/2026/10/story-8375566?utm_source=share&utm_medium=link&ref=sfp-seed
cc0P,https://news.example.invalid/articles/2026/10/story-2906115?utm_source=share&utm_medium=link&ref=sfp-seed
wYoX,https://news.example.invalid/articles/2026/10/story-7858683?utm_source=share&utm_medium=link&ref=sfp-seed
E1DY,https://news.example.invalid/articles/2026/10/story-9539442?utm_source=share&utm_medium=link&ref=sfp-seed
6QFP,https://news.example.invalid/articles/2026/10/story-1632449?utm_source=share&utm_medium=link&ref=sfp-seed
qgfW,https://news.example.invalid/articles/2026/10/story-6259020?utm_source=share&utm_medium=link&ref=sfp-seed
4ps5,https://news.example.invalid/articles/2026/10/story-1051153?utm_source=share&utm_medium=link&ref=sfp-seed
4ZqK,https://news.example.invalid/articles/2026/10/story-1189454?utm_source=share&utm_medium=link&ref=sfp-seed
D5Wr,https://news.example.invalid/articles/2026/10/story-9317635?utm_source=share&utm_medium=link&ref=sfp-seed
c5WR,https://news.example.invalid/articles/2026/10/story-2882805?utm_source=share&utm_medium=link&ref=sfp-seed
ada4,https://news.example.invalid/articles/2026/10/story-2433876?utm_source=share&utm_medium=link&ref=sfp-seed
F3bx,https://news.example.invalid/articles/2026/10/story-9783695?utm_source=share&utm_medium=link&ref=sfp-seed
cPAj,https://news.example.invalid/articles/2026/10/story-3058231?utm_source=share&utm_medium=link&ref=sfp-seed
oLul,https://news.example.invalid/articles/2026/10/story-5902421?utm_source=share&utm_medium=link&ref=sfp-seed
yCEM,https://news.example.invalid/articles/2026/10/story-8251752?utm_source=share&utm_medium=link&ref=sfp-seed
zNB2,https://news.example.invalid/articles/2026/10/story-8532132?utm_source=share&utm_medium=link&ref=sfp-seed
teeB,https://news.example.invalid/articles/2026/10/story-6966233?utm_source=share&utm_medium=link&ref=sfp-seed
uax2,https://news.example.invalid/articles/2026/10/story-7190328?utm_source=share&utm_medium=link&ref=sfp-seed
i0Nk,https://news.example.invalid/articles/2026/10/story-4292962?utm_source=share&utm_medium=link&ref=sfp-seed
5cX7,https://news.example.invalid/articles/2026/10/story-1241433?utm_source=share&utm_medium=link&ref=sfp-seed
xhEe,https://news.example.invalid/articles/2026/10/story-7932666?utm_source=share&utm_medium=link&ref=sfp-seed
Ech1,https://news.example.invalid/articles/2026/10/story-9580303?utm_source=share&utm_medium=link&ref=sfp-seed
BsCS,https://news.example.invalid/articles/2026/10/story-8928178?utm_source=share&utm_medium=link&ref=sfp-seed
2YpX,https://news.example.invalid/articles/2026/10/story-708905?utm_source=share&utm_medium=link&ref=sfp-seed
rmPr,https://news.example.invalid/articles/2026/10/story-6522613?utm_source=share&utm_medium=link&ref=sfp-seed
yDeh,https://news.example.invalid/articles/2026/10/story-8253953?utm_source=share&utm_medium=link&ref=sfp-seed
vhbV,https://news.example.invalid/articles/2026/10/story-7454255?utm_source=share&utm_medium=link&ref=sfp-seed
cTUO,https://news.example.invalid/articles/2026/10/story-3074878?utm_source=share&utm_medium=link&ref=sfp-seed
g4pZ,https://news.example.invalid/articles/2026/10/story-3830235?utm_source=share&utm_medium=link&ref=sfp-seed
FnSt,https://news.example.invalid/articles/2026/10/story-9863237?utm_source=share&utm_medium=link&ref=sfp-seed
btJ3,https://news.example.invalid/articles/2026/10/story-2735877?utm_source=share&utm_medium=link&ref=sfp-seed
k1Wj,https://news.example.invalid/articles/2026/10/story-4774019?utm_source=share&utm_medium=link&ref=sfp-seed
cj5e,https://news.example.invalid/articles/2026/10/story-2933296?utm_source=share&utm_medium=link&ref=sfp-seed
8jMy,https://news.example.invalid/articles/2026/10/story-1982670?utm_source=share&utm_medium=link&ref=sfp-seed
5JVp,https://news.example.invalid/articles/2026/10/story-1368179?utm_source=share&utm_medium=link&ref=sfp-seed
ei8t,https://news.example.invalid/articles/2026/10/story-3406309?utm_source=share&utm_medium=link&ref=sfp-seed
FwGK,https://news.example.invalid/articles/2026/10/story-9897106?utm_source=share&utm_medium=link&ref=sfp-seed
b0wJ,https://news.example.invalid/articles/2026/10/story-2623637?utm_source=share&utm_medium=link&ref=sfp-seed
7Rku,https://news.example.invalid/articles/2026/10/story-1873298?utm_source=share&utm_medium=link&ref=sfp-seed
908r,https://news.example.invalid/articles/2026/10/story-2145475?utm_source=share&utm_medium=link&ref=sfp-seed
iKuy,https://news.example.invalid/articles/2026/10/story-4468622?utm_source=share&utm_medium=link&ref=sfp-seed
3PeB,https://news.example.invalid/articles/2026/10/story-911933?utm_source=share&utm_medium=link&ref=sfp-seed
EW3P,https://news.example.invalid/articles/2026/10/story-9756309?utm_source=share&utm_medium=link&ref=sfp-seed
lYRa,https://news.example.invalid/articles/2026/10/story-5238824?utm_source=share&utm_medium=link&ref=sfp-seed
6grs,https://news.example.invalid/articles/2026/10/story-1493174?utm_source=share&utm_medium=link&ref=sfp-seed
gVIN,https://news.example.invalid/articles/2026/10/story-4035133?utm_source=share&utm_medium=link&ref=sfp-seed
sks8,https://news.example.invalid/articles/2026/10/story-6751808?utm_source=share&utm_medium=link&ref=sfp-seed
OGF,https://news.example.invalid/articles/2026/10/story-194845?utm_source=share&utm_medium=link&ref=sfp-seed
pjJB,https://news.example.invalid/articles/2026/10/story-6034063?utm_source=share&utm_medium=link&ref=sfp-seed
aPDP,https://news.example.invalid/articles/2026/10/story-2581793?utm_source=share&utm_medium=link&ref=sfp-seed
pCEE,https://news.example.invalid/articles/2026/10/story-6106792?utm_source=share&utm_medium=link&ref=sfp-seed
kNIV,https://news.example.invalid/articles/2026/10/story-4957701?utm_source=share&utm_medium=link&ref=sfp-seed
5aUu,https://news.example.invalid/articles/2026/10/story-1233582?utm_source=share&utm_medium=link&ref=sfp-seed
bPkC,https://news.example.invalid/articles/2026/10/story-2818930?utm_source=share&utm_medium=link&ref=sfp-seed
hfs0,https://news.example.invalid/articles/2026/10/story-4110972?utm_source=share&utm_medium=link&ref=sfp-seed
E0LM,https://news.example.invalid/articles/2026/10/story-9536082?utm_source=share&utm_medium=link&ref=sfp-seed
84Ls,https://news.example.invalid/articles/2026/10/story-1924942?utm_source=share&utm_medium=link&ref=sfp-seed
o5kN,https://news.example.invalid/articles/2026/10/story-5740381?utm_source=share&utm_medium=link&ref=sfp-seed
BlT4,https://news.example.invalid/articles/2026/10/story-8902274?utm_source=share&utm_medium=link&ref=sfp-seed
wN4I,https://news.example.invalid/articles/2026/10/story-7815144?utm_source=share&utm_medium=link&ref=sfp-seed
3pEV,https://news.example.invalid/articles/2026/10/story-813621?utm_source=share&utm_medium=link&ref=sfp-seed
lQhz,https://news.example.invalid/articles/2026/10/story-5205865?utm_source=share&utm_medium=link&ref=sfp-seed
sVvV,https://news.example.invalid/articles/2026/10/story-6894271?utm_source=share&utm_medium=link&ref=sfp-seed
aGeC,https://news.example.invalid/articles/2026/10/story-2545634?utm_source=share&utm_medium=link&ref=sfp-seed
tFcg,https://news.example.invalid/articles/2026/10/story-7069876?utm_source=share&utm_medium=link&ref=sfp-seed
9HVM,https://news.example.invalid/articles/2026/10/story-2313826?utm_source=share&utm_medium=link&ref=sfp-seed
k13Z,https://news.example.invalid/articles/2026/10/story-4770651?utm_source=share&utm_medium=link&ref=sfp-seed
jH0M,https://news.example.invalid/articles/2026/10/story-4693572?utm_source=share&utm_medium=link&ref=sfp-seed
qqA3,https://news.example.invalid/articles/2026/10/story-6298707?utm_source=share&utm_medium=link&ref=sfp-seed
nlxi,https://news.example.invalid/articles/2026/10/story-5564332?utm_source=share&utm_medium=link&ref=sfp-seed
vaah,https://news.example.invalid/articles/2026/10/story-7427245?utm_source=share&utm_medium=link&ref=sfp-seed
uNby,https://news.example.invalid/articles/2026/10/story-7338912?utm_source=share&utm_medium=link&ref=sfp-seed
kPxm,https://news.example.invalid/articles/2026/10/story-4964672?utm_source=share&utm_medium=link&ref=sfp-seed
BG0W,https://news.example.invalid/articles/2026/10/story-8979642?utm_source=share&utm_medium=link&ref=sfp-seed
iN3e,https://news.example.invalid/articles/2026/10/story-4478460?utm_source=share&utm_medium=link&ref=sfp-seed
qPlz,https://news.example.invalid/articles/2026/10/story-6393909?utm_source=share&utm_medium=link&ref=sfp-seed
6SLM,https://news.example.invalid/articles/2026/10/story-1640506?utm_source=share&utm_medium=link&ref=sfp-seed
tUDo,https://news.example.invalid/articles/2026/10/story-7129218?utm_source=share&utm_medium=link&ref=sfp-seed
cC91,https://news.example.invalid/articles/2026/10/story-3006567?utm_source=share&utm_medium=link&ref=sfp-seed
nyOv,https://news.example.invalid/articles/2026/10/story-5615371?utm_source=share&utm_medium=link&ref=sfp-seed
qM1W,https://news.example.invalid/articles/2026/10/story-6381160?utm_source=share&utm_medium=link&ref=sfp-seed
wWBR,https://news.example.invalid/articles/2026/10/story-7851795?utm_source=share&utm_medium=link&ref=sfp-seed
iY6r,https://news.example.invalid/articles/2026/10/story-4520943?utm_source=share&utm_medium=link&ref=sfp-seed
cKCS,https://news.example.invalid/articles/2026/10/story-3039170?utm_source=share&utm_medium=link&ref=sfp-seed
zwju,https://news.example.invalid/articles/2026/10/story-8465696?utm_source=share&utm_medium=link&ref=sfp-seed
ky71,https://news.example.invalid/articles/2026/10/story-4897691?utm_source=share&utm_medium=link&ref=sfp-seed
5lzt,https://news.example.invalid/articles/2026/10/story-1274563?utm_source=share&utm_medium=link&ref=sfp-seed
yy37,https://news.example.invalid/articles/2026/10/story-8234041?utm_source=share&utm_medium=link&ref=sfp-seed
10jL,https://news.example.invalid/articles/2026/10/story-239553?utm_source=share&utm_medium=link&ref=sfp-seed
DQZT,https://news.example.invalid/articles/2026/10/story-9498517?utm_source=share&utm_medium=link&ref=sfp-seed
8tOv,https://news.example.invalid/articles/2026/10/story-2021231?utm_source=share&utm_medium=link&ref=sfp-seed
vGho,https://news.example.invalid/articles/2026/10/story-7550694?utm_source=share&utm_medium=link&ref=sfp-seed
cjhC,https://news.example.invalid/articles/2026/10/story-2934064?utm_source=share&utm_medium=link&ref=sfp-seed
9rjJ,https://news.example.invalid/articles/2026/10/story-2249963?utm_source=share&utm_medium=link&ref=sfp-seed
a9h9,https://news.example.invalid/articles/2026/10/story-2418939?utm_source=share&utm_medium=link&ref=sfp-seed
6eU,https://news.example.invalid/articles/2026/10/story-23988?utm_source=share&utm_medium=link&ref=sfp-seed
nSTd,https://news.example.invalid/articles/2026/10/story-5692543?utm_source=share&utm_medium=link&ref=sfp-seed
oE5j,https://news.example.invalid/articles/2026/10/story-5873961?utm_source=share&utm_medium=link&ref=sfp-seed
gFsX,https://news.example.invalid/articles/2026/10/story-3972647?utm_source=share&utm_medium=link&ref=sfp-seed
83zu,https://news.example.invalid/articles/2026/10/story-1920356?utm_source=share&utm_medium=link&ref=sfp-seed
imWd,https://news.example.invalid/articles/2026/10/story-4378081?utm_source=share&utm_medium=link&ref=sfp-seed
zeJh,https://news.example.invalid/articles/2026/10/story-8398103?utm_source=share&utm_medium=link&ref=sfp-seed
29KD,https://news.example.invalid/articles/2026/10/story-514143?utm_source=share&utm_medium=link&ref=sfp-seed
1FRd,https://news.example.invalid/articles/2026/10/story-399231?utm_source=share&utm_medium=link&ref=sfp-seed
ml2h,https://news.example.invalid/articles/2026/10/story-5324081?utm_source=share&utm_medium=link&ref=sfp-seed
EYU7,https://news.example.invalid/articles/2026/10/story-9767239?utm_source=share&utm_medium=link&ref=sfp-seed
tfdf,https://news.example.invalid/articles/2026/10/story-6969993?utm_source=share&utm_medium=link&ref=sfp-seed
nP4i,https://news.example.invalid/articles/2026/10/story-5677854?utm_source=share&utm_medium=link&ref=sfp-seed
rJcM,https://news.example.invalid/articles/2026/10/story-6608628?utm_source=share&utm_medium=link&ref=sfp-seed
dEvt,https://news.example.invalid/articles/2026/10/story-3253975?utm_source=share&utm_medium=link&ref=sfp-seed
F6GH,https://news.example.invalid/articles/2026/10/story-9797159?utm_source=share&utm_medium=link&ref=sfp-seed
iEb0,https://news.example.invalid/articles/2026/10/story-4444346?utm_source=share&utm_medium=link&ref=sfp-seed
buB6,https://news.example.invalid/articles/2026/10/story-2739228?utm_source=share&utm_medium=link&ref=sfp-seed
D4nR,https://news.example.invalid/articles/2026/10/story-9311647?utm_source=share&utm_medium=link&ref=sfp-seed
5Pyf,https://news.example.invalid/articles/2026/10/story-1389807?utm_source=share&utm_medium=link&ref=sfp-seed
eISs,https://news.example.invalid/articles/2026/10/story-3509104?utm_source=share&utm_medium=link&ref=sfp-seed
wtFS,https://news.example.invalid/articles/2026/10/story-7740568?utm_source=share&utm_medium=link&ref=sfp-seed
k6zt,https://news.example.invalid/articles/2026/10/story-4791823?utm_source=share&utm_medium=link&ref=sfp-seed
mifK,https://news.example.invalid/articles/2026/10/story-5313384?utm_source=share&utm_medium=link&ref=sfp-seed
cHEC,https://news.example.invalid/articles/2026/10/story-3027746?utm_source=share&utm_medium=link&ref=sfp-seed
Dpkm,https://news.example.invalid/articles/2026/10/story-9392154?utm_source=share&utm_medium=link&ref=sfp-seed
9GWJ,https://news.example.invalid/articles/2026/10/story-2310041?utm_source=share&utm_medium=link&ref=sfp-seed
w0uF,https://news.example.invalid/articles/2026/10/story-7628397?utm_source=share&utm_medium=link&ref=sfp-seed
tZ71,https://news.example.invalid/articles/2026/10/story-7146431?utm_source=share&utm_medium=link&ref=sfp-seed
D3FZ,https://news.example.invalid/articles/2026/10/story-9308927?utm_source=share&utm_medium=link&ref=sfp-seed
lnHV,https://news.example.invalid/articles/2026/10/story-5096023?utm_source=share&utm_medium=link&ref=sfp-seed
E0uz,https://news.example.invalid/articles/2026/10/story-9535015?utm_source=share&utm_medium=link&ref=sfp-seed
anl1,https://news.example.invalid/articles/2026/10/story-2472995?utm_source=share&utm_medium=link&ref=sfp-seed
2kPz,https://news.example.invalid/articles/2026/10/story-556733?utm_source=share&utm_medium=link&ref=sfp-seed
rENr,https://news.example.invalid/articles/2026/10/story-6591681?utm_source=share&utm_medium=link&ref=sfp-seed
lcop,https://news.example.invalid/articles/2026/10/story-5052529?utm_source=share&utm_medium=link&ref=sfp-seed
lP9I,https://news.example.invalid/articles/2026/10/story-5201534?utm_source=share&utm_medium=link&ref=sfp-seed
mhCX,https://news.example.invalid/articles/2026/10/story-5310979?utm_source=share&utm_medium=link&ref=sfp-seed
lEFJ,https://news.example.invalid/articles/2026/10/story-5161235?utm_source=share&utm_medium=link&ref=sfp-seed
cu9P,https://news.example.invalid/articles/2026/10/story-2975865?utm_source=share&utm_medium=link&ref=sfp-seed
gFbo,https://news.example.invalid/articles/2026/10/story-3971558?utm_source=share&utm_medium=link&ref=sfp-seed
kkKG,https://news.example.invalid/articles/2026/10/story-4846334?utm_source=share&utm_medium=link&ref=sfp-seed
lAvs,https://news.example.invalid/articles/2026/10/story-5145222?utm_source=share&utm_medium=link&ref=sfp-seed
1N4P,https://news.example.invalid/articles/2026/10/story-426983?utm_source=share&utm_medium=link&ref=sfp-seed
8cUQ,https://news.example.invalid/articles/2026/10/story-1956276?utm_source=share&utm_medium=link&ref=sfp-seed
BUnD,https://news.example.invalid/articles/2026/10/story-9034865?utm_source=share&utm_medium=link&ref=sfp-seed
23Yk,https://news.example.invalid/articles/2026/10/story-491928?utm_source=share&utm_medium=link&ref=sfp-seed
8jpO,https://news.example.invalid/articles/2026/10/story-1981260?utm_source=share&utm_medium=link&ref=sfp-seed
80Ap,https://news.example.invalid/articles/2026/10/story-1908881?utm_source=share&utm_medium=link&ref=sfp-seed
bijo,https://news.example.invalid/articles/2026/10/story-2692002?utm_source=share&utm_medium=link&ref=sfp-seed
AzE,https://news.example.invalid/articles/2026/10/story-140594?utm_source=share&utm_medium=link&ref=sfp-seed
tEdt,https://news.example.invalid/articles/2026/10/story-7066107?utm_source=share&utm_medium=link&ref=sfp-seed
f651,https://news.example.invalid/articles/2026/10/story-3598295?utm_source=share&utm_medium=link&ref=sfp-seed
aCMm,https://news.example.invalid/articles/2026/10/story-2532350?utm_source=share&utm_medium=link&ref=sfp-seed
4hPW,https://news.example.invalid/articles/2026/10/story-1021880?utm_source=share&utm_medium=link&ref=sfp-seed
FuAl,https://news.example.invalid/articles/2026/10/story-9889021?utm_source=share&utm_medium=link&ref=sfp-seed
jZP,https://news.example.invalid/articles/2026/10/story-76869?utm_source=share&utm_medium=link&ref=sfp-seed
7u1J,https://news.example.invalid/articles/2026/10/story-1783723?utm_source=share&utm_medium=link&ref=sfp-seed
l46M,https://news.example.invalid/articles/2026/10/story-5020684?utm_source=share&utm_medium=link&ref=sfp-seed
FKP5,https://news.example.invalid/articles/2026/10/story-9951439?utm_source=share&utm_medium=link&ref=sfp-seed
aVdv,https://news.example.invalid/articles/2026/10/story-2603225?utm_source=share&utm_medium=link&ref=sfp-seed
nXd0,https://news.example.invalid/articles/2026/10/story-5709146?utm_source=share&utm_medium=link&ref=sfp-seed
ruxW,https://news.example.invalid/articles/2026/10/story-6552280?utm_source=share&utm_medium=link&ref=sfp-seed
oaL9,https://news.example.invalid/articles/2026/10/story-5761235?utm_source=share&utm_medium=link&ref=sfp-seed
zqoz,https://news.example.invalid/articles/2026/10/story-8442947?utm_source=share&utm_medium=link&ref=sfp-seed
Eq9M,https://news.example.invalid/articles/2026/10/story-9633670?utm_source=share&utm_medium=link&ref=sfp-seed
rCjL,https://news.example.invalid/articles/2026/10/story-6582153?utm_source=share&utm_medium=link&ref=sfp-seed
f4XU,https://news.example.invalid/articles/2026/10/story-3594010?utm_source=share&utm_medium=link&ref=sfp-seed
7ytu,https://news.example.invalid/articles/2026/10/story-1800820?utm_source=share&utm_medium=link&ref=sfp-seed
ucSI,https://news.example.invalid/articles/2026/10/story-7199360?utm_source=share&utm_medium=link&ref=sfp-seed
x9au,https://news.example.invalid/articles/2026/10/story-7900070?utm_source=share&utm_medium=link&ref=sfp-seed
ss5q,https://news.example.invalid/articles/2026/10/story-6781152?utm_source=share&utm_medium=link&ref=sfp-seed
FVzI,https://news.example.invalid/articles/2026/10/story-9992770?utm_source=share&utm_medium=link&ref=sfp-seed
Ft5h,https://news.example.invalid/articles/2026/10/story-9883251?utm_source=share&utm_medium=link&ref=sfp-seed
Cvel,https://news.example.invalid/articles/2026/10/story-9176517?utm_source=share&utm_medium=link&ref=sfp-seed
xMOH,https://news.example.invalid/articles/2026/10/story-8052479?utm_source=share&utm_medium=link&ref=sfp-seed
f8Ls,https://news.example.invalid/articles/2026/10/story-3608614?utm_source=share&utm_medium=link&ref=sfp-seed
ArBs,https://news.example.invalid/articles/2026/10/story-8685918?utm_source=share&utm_medium=link&ref=sfp-seed
dydB,https://news.example.invalid/articles/2026/10/story-3229803?utm_source=share&utm_medium=link&ref=sfp-seed
BxT4,https://news.example.invalid/articles/2026/10/story-8948402?utm_source=share&utm_medium=link&ref=sfp-seed
kmnb,https://news.example.invalid/articles/2026/10/story-4852565?utm_source=share&utm_medium=link&ref=sfp-seed
rdEp,https://news.example.invalid/articles/2026/10/story-6487333?utm_source=share&utm_medium=link&ref=sfp-seed
kyZ3,https://news.example.invalid/articles/2026/10/story-4901041?utm_source=share&utm_medium=link&ref=sfp-seed
g0TD,https://news.example.invalid/articles/2026/10/story-3816697?utm_source=share&utm_medium=link&ref=sfp-seed
zZkA,https://news.example.invalid/articles/2026/10/story-8577240?utm_source=share&utm_medium=link&ref=sfp-seed
7auQ,https://news.example.invalid/articles/2026/10/story-1708648?utm_source=share&utm_medium=link&ref=sfp-seed
mFSC,https://news.example.invalid/articles/2026/10/story-5404206?utm_source=share&utm_medium=link&ref=sfp-seed
nTdd,https://news.example.invalid/articles/2026/10/story-5693783?utm_source=share&utm_medium=link&ref=sfp-seed
bi0R,https://news.example.invalid/articles/2026/10/story-2690853?utm_source=share&utm_medium=link&ref=sfp-seed
jLUS,https://news.example.invalid/articles/2026/10/story-4712426?utm_source=share&utm_medium=link&ref=sfp-seed
puNK,https://news.example.invalid/articles/2026/10/story-6076604?utm_source=share&utm_medium=link&ref=sfp-seed
rYqE,https://news.example.invalid/articles/2026/10/story-6667148?utm_source=share&utm_medium=link&ref=sfp-seed
lDWg,https://news.example.invalid/articles/2026/10/story-5158416?utm_source=share&utm_medium=link&ref=sfp-seed
rKtA,https://news.example.invalid/articles/2026/10/story-6613514?utm_source=share&utm_medium=link&ref=sfp-seed
dxtb,https://news.example.invalid/articles/2026/10/story-3226925?utm_source=share&utm_medium=link&ref=sfp-seed
kl5b,https://news.example.invalid/articles/2026/10/story-4847605?utm_source=share&utm_medium=link&ref=sfp-seed
2mJm,https://news.example.invalid/articles/2026/10/story-564036?utm_source=share&utm_medium=link&ref=sfp-seed
Dv7s,https://news.example.invalid/articles/2026/10/story-9414418?utm_source=share&utm_medium=link&ref=sfp-seed
7xe5,https://news.example.invalid/articles/2026/10/story-1796021?utm_source=share&utm_medium=link&ref=sfp-seed
iHve,https://news.example.invalid/articles/2026/10/story-4457132?utm_source=share&utm_medium=link&ref=sfp-seed
a9uZ,https://news.example.invalid/articles/2026/10/story-2419797?utm_source=share&utm_medium=link&ref=sfp-seed
2emt,https://news.example.invalid/articles/2026/10/story-531865?utm_source=share&utm_medium=link&ref=sfp-seed
2SRF,https://news.example.invalid/articles/2026/10/story-687559?utm_source=share&utm_medium=link&ref=sfp-seed
ESUC,https://news.example.invalid/articles/2026/10/story-9744206?utm_source=share&utm_medium=link&ref=sfp-seed
5z1d,https://news.example.invalid/articles/2026/10/story-1326255?utm_source=share&utm_medium=link&ref=sfp-seed
tEgY,https://news.example.invalid/articles/2026/10/story-7066324?utm_source=share&utm_medium=link&ref=sfp-seed
3WXC,https://news.example.invalid/articles/2026/10/story-941632?utm_source=share&utm_medium=link&ref=sfp-seed
7lNt,https://news.example.invalid/articles/2026/10/story-1752087?utm_source=share&utm_medium=link&ref=sfp-seed
l9cf,https://news.example.invalid/articles/2026/10/story-5040243?utm_source=share&utm_medium=link&ref=sfp-seed
81Ti,https://news.example.invalid/articles/2026/10/story-1913896?utm_source=share&utm_medium=link&ref=sfp-seed
FJeJ,https://news.example.invalid/articles/2026/10/story-9945341?utm_source=share&utm_medium=link&ref=sfp-seed
yCCQ,https://news.example.invalid/articles/2026/10/story-8251632?utm_source=share&utm_medium=link&ref=sfp-seed
cFvV,https://news.example.invalid/articles/2026/10/story-3019519?utm_source=share&utm_medium=link&ref=sfp-seed
ViU,https://news.example.invalid/articles/2026/10/story-220280?utm_source=share&utm_medium=link&ref=sfp-seed
eRlp,https://news.example.invalid/articles/2026/10/story-3541651?utm_source=share&utm_medium=link&ref=sfp-seed
q25O,https://news.example.invalid/articles/2026/10/story-6204576?utm_source=share&utm_medium=link&ref=sfp-seed
cnfG,https://news.example.invalid/articles/2026/10/story-2949320?utm_source=share&utm_medium=link&ref=sfp-seed
9Mbb,https://news.example.invalid/articles/2026/10/story-2330157?utm_source=share&utm_medium=link&ref=sfp-seed
zgxs,https://news.example.invalid/articles/2026/10/story-8405058?utm_source=share&utm_medium=link&ref=sfp-seed
lPdy,https://news.example.invalid/articles/2026/10/story-5201772?utm_source=share&utm_medium=link&ref=sfp-seed
mZ4,https://news.example.invalid/articles/2026/10/story-88354?utm_source=share&utm_medium=link&ref=sfp-seed
CvK,https://news.example.invalid/articles/2026/10/story-148040?utm_source=share&utm_medium=link&ref=sfp-seed
k9Yk,https://news.example.invalid/articles/2026/10/story-4804896?utm_source=share&utm_medium=link&ref=sfp-seed
9jpS,https://news.example.invalid/articles/2026/10/story-2219592?utm_source=share&utm_medium=link&ref=sfp-seed
pN1s,https://news.example.invalid/articles/2026/10/story-6146646?utm_source=share&utm_medium=link&ref=sfp-seed
g0E8,https://news.example.invalid/articles/2026/10/story-3815736?utm_source=share&utm_medium=link&ref=sfp-seed
ySXN,https://news.example.invalid/articles/2026/10/story-8314435?utm_source=share&utm_medium=link&ref=sfp-seed
c0nS,https://news.example.invalid/articles/2026/10/story-2861416?utm_source=share&utm_medium=link&ref=sfp-seed
uJfJ,https://news.example.invalid/articles/2026/10/story-7323795?utm_source=share&utm_medium=link&ref=sfp-seed
cAGU,https://news.example.invalid/articles/2026/10/story-3000980?utm_source=share&utm_medium=link&ref=sfp-seed
42R7,https://news.example.invalid/articles/2026/10/story-964293?utm_source=share&utm_medium=link&ref=sfp-seed
eYkF,https://news.example.invalid/articles/2026/10/story-3568513?utm_source=share&utm_medium=link&ref=sfp-seed
qA3O,https://news.example.invalid/articles/2026/10/story-6335148?utm_source=share&utm_medium=link&ref=sfp-seed
ephY,https://news.example.invalid/articles/2026/10/story-3433806?utm_source=share&utm_medium=link&ref=sfp-seed
fCLR,https://news.example.invalid/articles/2026/10/story-3723959?utm_source=share&utm_medium=link&ref=sfp-seed
9wZO,https://news.example.invalid/articles/2026/10/story-2271792?utm_source=share&utm_medium=link&ref=sfp-seed
ny21,https://news.example.invalid/articles/2026/10/story-5612365?utm_source=share&utm_medium=link&ref=sfp-seed
NOF,https://news.example.invalid/articles/2026/10/story-191497?utm_source=share&utm_medium=link&ref=sfp-seed
omZ9,https://news.example.invalid/articles/2026/10/story-5808231?utm_source=share&utm_medium=link&ref=sfp-seed
DnZE,https://news.example.invalid/articles/2026/10/story-9387026?utm_source=share&utm_medium=link&ref=sfp-seed
2Pt5,https://news.example.invalid/articles/2026/10/story-674503?utm_source=share&utm_medium=link&ref=sfp-seed
tZO9,https://news.example.invalid/articles/2026/10/story-7149105?utm_source=share&utm_medium=link&ref=sfp-seed
nYl6,https://news.example.invalid/articles/2026/10/story-5713492?utm_source=share&utm_medium=link&ref=sfp-seed
F48X,https://news.example.invalid/articles/2026/10/story-9787379?utm_source=share&utm_medium=link&ref=sfp-seed
x3JR,https://news.example.invalid/articles/2026/10/story-7879199?utm_source=share&utm_medium=link&ref=sfp-seed
nAlL,https://news.example.invalid/articles/2026/10/story-5621277?utm_source=share&utm_medium=link&ref=sfp-seed
13lR,https://news.example.invalid/articles/2026/10/story-251215?utm_source=share&utm_medium=link&ref=sfp-seed
lihG,https://news.example.invalid/articles/2026/10/story-5075176?utm_source=share&utm_medium=link&ref=sfp-seed
lojM,https://news.example.invalid/articles/2026/10/story-5098370?utm_source=share&utm_medium=link&ref=sfp-seed
Bm9T,https://news.example.invalid/articles/2026/10/story-8903317?utm_source=share&utm_medium=link&ref=sfp-seed
FJZw,https://news.example.invalid/articles/2026/10/story-9948242?utm_source=share&utm_medium=link&ref=sfp-seed
qlC9,https://news.example.invalid/articles/2026/10/story-6279617?utm_source=share&utm_medium=link&ref=sfp-seed
jsKg,https://news.example.invalid/articles/2026/10/story-4638732?utm_source=share&utm_medium=link&ref=sfp-seed
8eG2,https://news.example.invalid/articles/2026/10/story-1963046?utm_source=share&utm_medium=link&ref=sfp-seed
4uCo,https://news.example.invalid/articles/2026/10/story-1071012?utm_source=share&utm_medium=link&ref=sfp-seed
3BVX,https://news.example.invalid/articles/2026/10/story-860805?utm_source=share&utm_medium=link&ref=sfp-seed
CwSf,https://news.example.invalid/articles/2026/10/story-9182835?utm_source=share&utm_medium=link&ref=sfp-seed
g4fG,https://news.example.invalid/articles/2026/10/story-3829596?utm_source=share&utm_medium=link&ref=sfp-seed
zisn,https://news.example.invalid/articles/2026/10/story-8412431?utm_source=share&utm_medium=link&ref=sfp-seed
xlSJ,https://news.example.invalid/articles/2026/10/story-7948941?utm_source=share&utm_medium=link&ref=sfp-seed
gNCK,https://news.example.invalid/articles/2026/10/story-4004006?utm_source=share&utm_medium=link&ref=sfp-seed
EaF8,https://news.example.invalid/articles/2026/10/story-9574110?utm_source=share&utm_medium=link&ref=sfp-seed
vnBZ,https://news.example.invalid/articles/2026/10/story-7478935?utm_source=share&utm_medium=link&ref=sfp-seed
grX8,https://news.example.invalid/articles/2026/10/story-3920702?utm_source=share&utm_medium=link&ref=sfp-seed
kv6h,https://news.example.invalid/articles/2026/10/story-4886113?utm_source=share&utm_medium=link&ref=sfp-seed
8WdX,https://news.example.invalid/articles/2026/10/story-2130441?utm_source=share&utm_medium=link&ref=sfp-seed
hYZq,https://news.example.invalid/articles/2026/10/story-4286024?utm_source=share&utm_medium=link&ref=sfp-seed
9Go7,https://news.example.invalid/articles/2026/10/story-2307895?utm_source=share&utm_medium=link&ref=sfp-seed
o3Jf,https://news.example.invalid/articles/2026/10/story-5734209?utm_source=share&utm_medium=link&ref=sfp-seed
ApyM,https://news.example.invalid/articles/2026/10/story-8678064?utm_source=share&utm_medium=link&ref=sfp-seed
njrW,https://news.example.invalid/articles/2026/10/story-5556312?utm_source=share&utm_medium=link&ref=sfp-seed
cfd,https://news.example.invalid/articles/2026/10/story-47071?utm_source=share&utm_medium=link&ref=sfp-seed
vfuk,https://news.example.invalid/articles/2026/10/story-7447708?utm_source=share&utm_medium=link&ref=sfp-seed
k53Q,https://news.example.invalid/articles/2026/10/story-4786018?utm_source=share&utm_medium=link&ref=sfp-seed
hFXr,https://news.example.invalid/articles/2026/10/story-4212865?utm_source=share&utm_medium=link&ref=sfp-seed
zlzZ,https://news.example.invalid/articles/2026/10/story-8424435?utm_source=share&utm_medium=link&ref=sfp-seed
c4KP,https://news.example.invalid/articles/2026/10/story-2878215?utm_source=share&utm_medium=link&ref=sfp-seed
4rrY,https://news.example.invalid/articles/2026/10/story-1058834?utm_source=share&utm_medium=link&ref=sfp-seed
72xO,https://news.example.invalid/articles/2026/10/story-1678080?utm_source=share&utm_medium=link&ref=sfp-seed
qy1m,https://news.example.invalid/articles/2026/10/story-6327308?utm_source=share&utm_medium=link&ref=sfp-seed
sSs1,https://news.example.invalid/articles/2026/10/story-6882497?utm_source=share&utm_medium=link&ref=sfp-seed
a5G1,https://news.example.invalid/articles/2026/10/story-2405105?utm_source=share&utm_medium=link&ref=sfp-seed
oxfv,https://news.example.invalid/articles/2026/10/story-5847685?utm_source=share&utm_medium=link&ref=sfp-seed
mMOl,https://news.example.invalid/articles/2026/10/story-5430849?utm_source=share&utm_medium=link&ref=sfp-seed
Ct6B,https://news.example.invalid/articles/2026/10/story-9168349?utm_source=share&utm_medium=link&ref=sfp-seed
Fca2,https://news.example.invalid/articles/2026/10/story-9818198?utm_source=share&utm_medium=link&ref=sfp-seed
jjEM,https://news.example.invalid/articles/2026/10/story-4603796?utm_source=share&utm_medium=link&ref=sfp-seed
b4x6,https://news.example.invalid/articles/2026/10/story-2639036?utm_source=share&utm_medium=link&ref=sfp-seed
5cq3,https://news.example.invalid/articles/2026/10/story-1239383?utm_source=share&utm_medium=link&ref=sfp-seed
7gd,https://news.example.invalid/articles/2026/10/story-27913?utm_source=share&utm_medium=link&ref=sfp-seed
fJb3,https://news.example.invalid/articles/2026/10/story-3748585?utm_source=share&utm_medium=link&ref=sfp-seed
tXtO,https://news.example.invalid/articles/2026/10/story-7140156?utm_source=share&utm_medium=link&ref=sfp-seed
aG11,https://news.example.invalid/articles/2026/10/story-2544791?utm_source=share&utm_medium=link&ref=sfp-seed
2wlW,https://news.example.invalid/articles/2026/10/story-601024?utm_source=share&utm_medium=link&ref=sfp-seed
hsgR,https://news.example.invalid/articles/2026/10/story-4160253?utm_source=share&utm_medium=link&ref=sfp-seed
5W75,https://news.example.invalid/articles/2026/10/story-1415031?utm_source=share&utm_medium=link&ref=sfp-seed
yDFR,https://news.example.invalid/articles/2026/10/story-8255663?utm_source=share&utm_medium=link&ref=sfp-seed
7I4P,https://news.example.invalid/articles/2026/10/story-1837731?utm_source=share&utm_medium=link&ref=sfp-seed
BFTa,https://news.example.invalid/articles/2026/10/story-8979160?utm_source=share&utm_medium=link&ref=sfp-seed
a127,https://news.example.invalid/articles/2026/10/story-2387255?utm_source=share&utm_medium=link&ref=sfp-seed
4V9q,https://news.example.invalid/articles/2026/10/story-1173004?utm_source=share&utm_medium=link&ref=sfp-seed
4l4X,https://news.example.invalid/articles/2026/10/story-1034343?utm_source=share&utm_medium=link&ref=sfp-seed
j3f6,https://news.example.invalid/articles/2026/10/story-4540700?utm_source=share&utm_medium=link&ref=sfp-seed
tQis,https://news.example.invalid/articles/2026/10/story-7112544?utm_source=share&utm_medium=link&ref=sfp-seed
ivUS,https://news.example.invalid/articles/2026/10/story-4412594?utm_source=share&utm_medium=link&ref=sfp-seed
ih43,https://news.example.invalid/articles/2026/10/story-4355503?utm_source=share&utm_medium=link&ref=sfp-seed
bI1I,https://news.example.invalid/articles/2026/10/story-2790850?utm_source=share&utm_medium=link&ref=sfp-seed
lbZw,https://news.example.invalid/articles/2026/10/story-5050986?utm_source=share&utm_medium=link&ref=sfp-seed
w0eQ,https://news.example.invalid/articles/2026/10/story-7627416?utm_source=share&utm_medium=link&ref=sfp-seed
1njq,https://news.example.invalid/articles/2026/10/story-327944?utm_source=share&utm_medium=link&ref=sfp-seed
yet8,https://news.example.invalid/articles/2026/10/story-8158774?utm_source=share&utm_medium=link&ref=sfp-seed
fiht,https://news.example.invalid/articles/2026/10/story-3645195?utm_source=share&utm_medium=link&ref=sfp-seed
F6Fe,https://news.example.invalid/articles/2026/10/story-9797068?utm_source=share&utm_medium=link&ref=sfp-seed
rRme,https://news.example.invalid/articles/2026/10/story-6639966?utm_source=share&utm_medium=link&ref=sfp-seed
wUCL,https://news.example.invalid/articles/2026/10/story-7844163?utm_source=share&utm_medium=link&ref=sfp-seed
CSma,https://news.example.invalid/articles/2026/10/story-9265414?utm_source=share&utm_medium=link&ref=sfp-seed
vqPP,https://news.example.invalid/articles/2026/10/story-7491325?utm_source=share&utm_medium=link&ref=sfp-seed
rPbU,https://news.example.invalid/articles/2026/10/story-6631638?utm_source=share&utm_medium=link&ref=sfp-seed
EzPB,https://news.example.invalid/articles/2026/10/story-9670859?utm_source=share&utm_medium=link&ref=sfp-seed
A4v1,https://news.example.invalid/articles/2026/10/story-8597107?utm_source=share&utm_medium=link&ref=sfp-seed
oPr3,https://news.example.invalid/articles/2026/10/story-5917593?utm_source=share&utm_medium=link&ref=sfp-seed
1Ntf,https://news.example.invalid/articles/2026/10/story-428497?utm_source=share&utm_medium=link&ref=sfp-seed
C5Wf,https://news.example.invalid/articles/2026/10/story-9079295?utm_source=share&utm_medium=link&ref=sfp-seed
1a8D,https://news.example.invalid/articles/2026/10/story-277303?utm_source=share&utm_medium=link&ref=sfp-seed
cMkZ,https://news.example.invalid/articles/2026/10/story-3045749?utm_source=share&utm_medium=link&ref=sfp-seed
fF16,https://news.example.invalid/articles/2026/10/story-3732592?utm_source=share&utm_medium=link&ref=sfp-seed
xRoY,https://news.example.invalid/articles/2026/10/story-8070104?utm_source=share&utm_medium=link&ref=sfp-seed
CNvV,https://news.example.invalid/articles/2026/10/story-9246799?utm_source=share&utm_medium=link&ref=sfp-seed
wvhz,https://news.example.invalid/articles/2026/10/story-7746749?utm_source=share&utm_medium=link&ref=sfp-seed
kzpH,https://news.example.invalid/articles/2026/10/story-4902693?utm_source=share&utm_medium=link&ref=sfp-seed
ACqh,https://news.example.invalid/articles/2026/10/story-8727509?utm_source=share&utm_medium=link&ref=sfp-seed
4tkI,https://news.example.invalid/articles/2026/10/story-1066072?utm_source=share&utm_medium=link&ref=sfp-seed
exiE,https://news.example.invalid/articles/2026/10/story-3464600?utm_source=share&utm_medium=link&ref=sfp-seed
ePRd,https://news.example.invalid/articles/2026/10/story-3535935?utm_source=share&utm_medium=link&ref=sfp-seed
wsRx,https://news.example.invalid/articles/2026/10/story-7737447?utm_source=share&utm_medium=link&ref=sfp-seed
4wXi,https://news.example.invalid/articles/2026/10/story-1079996?utm_source=share&utm_medium=link&ref=sfp-seed
AX80,https://news.example.invalid/articles/2026/10/story-8807100?utm_source=share&utm_medium=link&ref=sfp-seed
3Cq0,https://news.example.invalid/articles/2026/10/story-862668?utm_source=share&utm_medium=link&ref=sfp-seed
qI4o,https://news.example.invalid/articles/2026/10/story-6365936?utm_source=share&utm_medium=link&ref=sfp-seed
bTaM,https://news.example.invalid/articles/2026/10/story-2833696?utm_source=share&utm_medium=link&ref=sfp-seed
iPui,https://news.example.invalid/articles/2026/10/story-4487826?utm_source=share&utm_medium=link&ref=sfp-seed
r1F1,https://news.example.invalid/articles/2026/10/story-6441243?utm_source=share&utm_medium=link&ref=sfp-seed
jRqK,https://news.example.invalid/articles/2026/10/story-4733622?utm_source=share&utm_medium=link&ref=sfp-seed
AZoq,https://news.example.invalid/articles/2026/10/story-8815806?utm_source=share&utm_medium=link&ref=sfp-seed
oFPE,https://news.example.invalid/articles/2026/10/story-5880678?utm_source=share&utm_medium=link&ref=sfp-seed
DirI,https://news.example.invalid/articles/2026/10/story-9365702?utm_source=share&utm_medium=link&ref=sfp-seed
xwmg,https://news.example.invalid/articles/2026/10/story-7989212?utm_source=share&utm_medium=link&ref=sfp-seed
8rVN,https://news.example.invalid/articles/2026/10/story-2013995?utm_source=share&utm_medium=link&ref=sfp-seed
Dp0O,https://news.example.invalid/articles/2026/10/story-9390942?utm_source=share&utm_medium=link&ref=sfp-seed
1eMD,https://news.example.invalid/articles/2026/10/story-295159?utm_source=share&utm_medium=link&ref=sfp-seed
ompu,https://news.example.invalid/articles/2026/10/story-5806020?utm_source=share&utm_medium=link&ref=sfp-seed
gQ8R,https://news.example.invalid/articles/2026/10/story-4013685?utm_source=share&utm_medium=link&ref=sfp-seed
xpsM,https://news.example.invalid/articles/2026/10/story-7962708?utm_source=share&utm_medium=link&ref=sfp-seed
5g8P,https://news.example.invalid/articles/2026/10/story-1253691?utm_source=share&utm_medium=link&ref=sfp-seed
dsXq,https://news.example.invalid/articles/2026/10/story-3209580?utm_source=share&utm_medium=link&ref=sfp-seed
kGu9,https://news.example.invalid/articles/2026/10/story-4929877?utm_source=share&utm_medium=link&ref=sfp-seed
vmJ4,https://news.example.invalid/articles/2026/10/story-7475530?utm_source=share&utm_medium=link&ref=sfp-seed
fZl,https://news.example.invalid/articles/2026/10/story-61463?utm_source=share&utm_medium=link&ref=sfp-seed
mVdD,https://news.example.invalid/articles/2026/10/story-5463169?utm_source=share&utm_medium=link&ref=sfp-seed
bvkG,https://news.example.invalid/articles/2026/10/story-2742054?utm_source=share&utm_medium=link&ref=sfp-seed
y0NF,https://news.example.invalid/articles/2026/10/story-8106231?utm_source=share&utm_medium=link&ref=sfp-seed
jCu3,https://news.example.invalid/articles/2026/10/story-4676167?utm_source=share&utm_medium=link&ref=sfp-seed
qLzc,https://news.example.invalid/articles/2026/10/story-6379378?utm_source=share&utm_medium=link&ref=sfp-seed
5bjm,https://news.example.invalid/articles/2026/10/story-1235124?utm_source=share&utm_medium=link&ref=sfp-seed
cedy,https://news.example.invalid/articles/2026/10/story-2914592?utm_source=share&utm_medium=link&ref=sfp-seed
2u3v,https://news.example.invalid/articles/2026/10/story-592193?utm_source=share&utm_medium=link&ref=sfp-seed
hSiF,https://news.example.invalid/articles/2026/10/story-4260309?utm_source=share&utm_medium=link&ref=sfp-seed
yxWB,https://news.example.invalid/articles/2026/10/story-8233637?utm_source=share&utm_medium=link&ref=sfp-seed
wRbi,https://news.example.invalid/articles/2026/10/story-7830928?utm_source=share&utm_medium=link&ref=sfp-seed
3OY,https://news.example.invalid/articles/2026/10/story-14692?utm_source=share&utm_medium=link&ref=sfp-seed
pkbS,https://news.example.invalid/articles/2026/10/story-6035816?utm_source=share&utm_medium=link&ref=sfp-seed
lemy,https://news.example.invalid/articles/2026/10/story-5060102?utm_source=share&utm_medium=link&ref=sfp-seed
x2Wo,https://news.example.invalid/articles/2026/10/story-7876132?utm_source=share&utm_medium=link&ref=sfp-seed
rEPY,https://news.example.invalid/articles/2026/10/story-6591838?utm_source=share&utm_medium=link&ref=sfp-seed
nEwy,https://news.example.invalid/articles/2026/10/story-5637322?utm_source=share&utm_medium=link&ref=sfp-seed
sMd8,https://news.example.invalid/articles/2026/10/story-6858510?utm_source=share&utm_medium=link&ref=sfp-seed
ogSs,https://news.example.invalid/articles/2026/10/story-5784752?utm_source=share&utm_medium=link&ref=sfp-seed
pIs8,https://news.example.invalid/articles/2026/10/story-6129080?utm_source=share&utm_medium=link&ref=sfp-seed
5HBR,https://news.example.invalid/articles/2026/10/story-1359279?utm_source=share&utm_medium=link&ref=sfp-seed
mhTf,https://news.example.invalid/articles/2026/10/story-5311989?utm_source=share&utm_medium=link&ref=sfp-seed
gvH8,https://news.example.invalid/articles/2026/10/story-3935086?utm_source=share&utm_medium=link&ref=sfp-seed
wzOW,https://news.example.invalid/articles/2026/10/story-7764194?utm_source=share&utm_medium=link&ref=sfp-seed
CJKR,https://news.example.invalid/articles/2026/10/story-9232349?utm_source=share&utm_medium=link&ref=sfp-seed
j9IA,https://news.example.invalid/articles/2026/10/story-4565592?utm_source=share&utm_medium=link&ref=sfp-seed
zKQo,https://news.example.invalid/articles/2026/10/story-8521552?utm_source=share&utm_medium=link&ref=sfp-seed
u2hs,https://news.example.invalid/articles/2026/10/story-7158610?utm_source=share&utm_medium=link&ref=sfp-seed
aogL,https://news.example.invalid/articles/2026/10/story-2476575?utm_source=share&utm_medium=link&ref=sfp-seed
AkNJ,https://news.example.invalid/articles/2026/10/story-8659771?utm_source=share&utm_medium=link&ref=sfp-seed
tLUi,https://news.example.invalid/articles/2026/10/story-7095670?utm_source=share&utm_medium=link&ref=sfp-seed
nT5,https://news.example.invalid/articles/2026/10/story-91827?utm_source=share&utm_medium=link&ref=sfp-seed
FfxV,https://news.example.invalid/articles/2026/10/story-9831211?utm_source=share&utm_medium=link&ref=sfp-seed
kv7D,https://news.example.invalid/articles/2026/10/story-4886197?utm_source=share&utm_medium=link&ref=sfp-seed
2s1M,https://news.example.invalid/articles/2026/10/story-584398?utm_source=share&utm_medium=link&ref=sfp-seed
dXJ1,https://news.example.invalid/articles/2026/10/story-3327851?utm_source=share&utm_medium=link&ref=sfp-seed
4F4J,https://news.example.invalid/articles/2026/10/story-1111209?utm_source=share&utm_medium=link&ref=sfp-seed
pjnI,https://news.example.invalid/articles/2026/10/story-6032706?utm_source=share&utm_medium=link&ref=sfp-seed
rmcX,https://news.example.invalid/articles/2026/10/story-6520227?utm_source=share&utm_medium=link&ref=sfp-seed
D580,https://news.example.invalid/articles/2026/10/story-9314508?utm_source=share&utm_medium=link&ref=sfp-seed
1zmX,https://news.example.invalid/articles/2026/10/story-374291?utm_source=share&utm_medium=link&ref=sfp-seed
F1ti,https://news.example.invalid/articles/2026/10/story-9777108?utm_source=share&utm_medium=link&ref=sfp-seed
uX0d,https://news.example.invalid/articles/2026/10/story-7376649?utm_source=share&utm_medium=link&ref=sfp-seed
9sK,https://news.example.invalid/articles/2026/10/story-36378?utm_source=share&utm_medium=link&ref=sfp-seed
d1yS,https://news.example.invalid/articles/2026/10/story-3104270?utm_source=share&utm_medium=link&ref=sfp-seed
6Prk,https://news.example.invalid/articles/2026/10/story-1627706?utm_source=share&utm_medium=link&ref=sfp-seed
BiaB,https://news.example.invalid/articles/2026/10/story-8887985?utm_source=share&utm_medium=link&ref=sfp-seed
fZMW,https://news.example.invalid/articles/2026/10/story-3812438?utm_source=share&utm_medium=link&ref=sfp-seed
CA7R,https://news.example.invalid/articles/2026/10/story-9195335?utm_source=share&utm_medium=link&ref=sfp-seed
b5TV,https://news.example.invalid/articles/2026/10/story-2644295?utm_source=share&utm_medium=link&ref=sfp-seed
ia5o,https://news.example.invalid/articles/2026/10/story-4328678?utm_source=share&utm_medium=link&ref=sfp-seed
lJqx,https://news.example.invalid/articles/2026/10/story-5179513?utm_source=share&utm_medium=link&ref=sfp-seed
wEAV,https://news.example.invalid/articles/2026/10/story-7782545?utm_source=share&utm_medium=link&ref=sfp-seed
wiwm,https://news.example.invalid/articles/2026/10/story-7697694?utm_source=share&utm_medium=link&ref=sfp-seed
5EpU,https://news.example.invalid/articles/2026/10/story-1347006?utm_source=share&utm_medium=link&ref=sfp-seed
fwbB,https://news.example.invalid/articles/2026/10/story-3698647?utm_source=share&utm_medium=link&ref=sfp-seed
CBt9,https://news.example.invalid/articles/2026/10/story-9200499?utm_source=share&utm_medium=link&ref=sfp-seed
lpPC,https://news.example.invalid/articles/2026/10/story-5104188?utm_source=share&utm_medium=link&ref=sfp-seed
u5k,https://news.example.invalid/articles/2026/10/story-115650?utm_source=share&utm_medium=link&ref=sfp-seed
d6WJ,https://news.example.invalid/articles/2026/10/story-3124969?utm_source=share&utm_medium=link&ref=sfp-seed
xLPr,https://news.example.invalid/articles/2026/10/story-8048681?utm_source=share&utm_medium=link&ref=sfp-seed
22v2,https://news.example.invalid/articles/2026/10/story-486268?utm_source=share&utm_medium=link&ref=sfp-seed
5200,https://news.example.invalid/articles/2026/10/story-1199328?utm_source=share&utm_medium=link&ref=sfp-seed
97vI,https://news.example.invalid/articles/2026/10/story-2173826?utm_source=share&utm_medium=link&ref=sfp-seed
tc4S,https://news.example.invalid/articles/2026/10/story-6957942?utm_source=share&utm_medium=link&ref=sfp-seed
6l0p,https://news.example.invalid/articles/2026/10/story-1510717?utm_source=share&utm_medium=link&ref=sfp-seed
yms8,https://news.example.invalid/articles/2026/10/story-8189464?utm_source=share&utm_medium=link&ref=sfp-seed
z9bw,https://news.example.invalid/articles/2026/10/story-8376790?utm_source=share&utm_medium=link&ref=sfp-seed
7QYm,https://news.example.invalid/articles/2026/10/story-1871926?utm_source=share&utm_medium=link&ref=sfp-seed
9Yjn,https://news.example.invalid/articles/2026/10/story-2376793?utm_source=share&utm_medium=link&ref=sfp-seed
2bII,https://news.example.invalid/articles/2026/10/story-521712?utm_source=share&utm_medium=link&ref=sfp-seed
BTtf,https://news.example.invalid/articles/2026/10/story-9031369?utm_source=share&utm_medium=link&ref=sfp-seed
CH1d,https://news.example.invalid/articles/2026/10/story-9221831?utm_source=share&utm_medium=link&ref=sfp-seed
LUe,https://news.example.invalid/articles/2026/10/story-184154?utm_source=share&utm_medium=link&ref=sfp-seed
4HU5,https://news.example.invalid/articles/2026/10/story-1122081?utm_source=share&utm_medium=link&ref=sfp-seed
dFdl,https://news.example.invalid/articles/2026/10/story-3256695?utm_source=share&utm_medium=link&ref=sfp-seed
i9bC,https://news.example.invalid/articles/2026/10/story-4325220?utm_source=share&utm_medium=link&ref=sfp-seed
auUA,https://news.example.invalid/articles/2026/10/story-2502108?utm_source=share&utm_medium=link&ref=sfp-seed
eM26,https://news.example.invalid/articles/2026/10/story-3521234?utm_source=share&utm_medium=link&ref=sfp-seed
hWYf,https://news.example.invalid/articles/2026/10/story-4278263?utm_source=share&utm_medium=link&ref=sfp-seed
gkG5,https://news.example.invalid/articles/2026/10/story-3892737?utm_source=share&utm_medium=link&ref=sfp-seed
2my7,https://news.example.invalid/articles/2026/10/story-563339?utm_source=share&utm_medium=link&ref=sfp-seed
ogAE,https://news.example.invalid/articles/2026/10/story-5783648?utm_source=share&utm_medium=link&ref=sfp-seed
cslI,https://news.example.invalid/articles/2026/10/story-2968914?utm_source=share&utm_medium=link&ref=sfp-seed
ES6N,https://news.example.invalid/articles/2026/10/story-9741117?utm_source=share&utm_medium=link&ref=sfp-seed
hxNR,https://news.example.invalid/articles/2026/10/story-4181519?utm_source=share&utm_medium=link&ref=sfp-seed
Dgu5,https://news.example.invalid/articles/2026/10/story-9358161?utm_source=share&utm_medium=link&ref=sfp-seed
iCdv,https://news.example.invalid/articles/2026/10/story-4436813?utm_source=share&utm_medium=link&ref=sfp-seed
mozk,https://news.example.invalid/articles/2026/10/story-5337662?utm_source=share&utm_medium=link&ref=sfp-seed
rj4Y,https://news.example.invalid/articles/2026/10/story-6508200?utm_source=share&utm_medium=link&ref=sfp-seed
q6PS,https://news.example.invalid/articles/2026/10/story-6222808?utm_source=share&utm_medium=link&ref=sfp-seed
jndG,https://news.example.invalid/articles/2026/10/story-4617492?utm_source=share&utm_medium=link&ref=sfp-seed
jEFO,https://news.example.invalid/articles/2026/10/story-4684584?utm_source=share&utm_medium=link&ref=sfp-seed
3eNW,https://news.example.invalid/articles/2026/10/story-771896?utm_source=share&utm_medium=link&ref=sfp-seed
3geD,https://news.example.invalid/articles/2026/10/story-777395?utm_source=share&utm_medium=link&ref=sfp-seed
5Dsq,https://news.example.invalid/articles/2026/10/story-1343318?utm_source=share&utm_medium=link&ref=sfp-seed
p3HY,https://news.example.invalid/articles/2026/10/story-5972458?utm_source=share&utm_medium=link&ref=sfp-seed
qkmC,https://news.example.invalid/articles/2026/10/story-6274810?utm_source=share&utm_medium=link&ref=sfp-seed
4hTw,https://news.example.invalid/articles/2026/10/story-1022102?utm_source=share&utm_medium=link&ref=sfp-seed
EMUU,https://news.example.invalid/articles/2026/10/story-9721160?utm_source=share&utm_medium=link&ref=sfp-seed
rgwU,https://news.example.invalid/articles/2026/10/story-6498400?utm_source=share&utm_medium=link&ref=sfp-seed
vFot,https://news.example.invalid/articles/2026/10/story-7547289?utm_source=share&utm_medium=link&ref=sfp-seed
hz9B,https://news.example.invalid/articles/2026/10/story-4186711?utm_source=share&utm_medium=link&ref=sfp-seed
Ec2h,https://news.example.invalid/articles/2026/10/story-9579389?utm_source=share&utm_medium=link&ref=sfp-seed
mX2x,https://news.example.invalid/articles/2026/10/story-5470169?utm_source=share&utm_medium=link&ref=sfp-seed
9o3f,https://news.example.invalid/articles/2026/10/story-2237409?utm_source=share&utm_medium=link&ref=sfp-seed
vEnX,https://news.example.invalid/articles/2026/10/story-7543413?utm_source=share&utm_medium=link&ref=sfp-seed
izzx,https://news.example.invalid/articles/2026/10/story-4426647?utm_source=share&utm_medium=link&ref=sfp-seed
8Y6S,https://news.example.invalid/articles/2026/10/story-2137690?utm_source=share&utm_medium=link&ref=sfp-seed
gJ3G,https://news.example.invalid/articles/2026/10/story-3986456?utm_source=share&utm_medium=link&ref=sfp-seed
DGIj,https://news.example.invalid/articles/2026/10/story-9458987?utm_source=share&utm_medium=link&ref=sfp-seed
ozWN,https://news.example.invalid/articles/2026/10/story-5858057?utm_source=share&utm_medium=link&ref=sfp-seed
9TXL,https://news.example.invalid/articles/2026/10/story-2360077?utm_source=share&utm_medium=link&ref=sfp-seed
e0Xp,https://news.example.invalid/articles/2026/10/story-3340275?utm_source=share&utm_medium=link&ref=sfp-seed
v2sg,https://news.example.invalid/articles/2026/10/story-7397608?utm_source=share&utm_medium=link&ref=sfp-seed
prtm,https://news.example.invalid/articles/2026/10/story-6063808?utm_source=share&utm_medium=link&ref=sfp-seed
lp27,https://news.example.invalid/articles/2026/10/story-5101119?utm_source=share&utm_medium=link&ref=sfp-seed
dYF5,https://news.example.invalid/articles/2026/10/story-3331451?utm_source=share&utm_medium=link&ref=sfp-seed
2xHH,https://news.example.invalid/articles/2026/10/story-606217?utm_source=share&utm_medium=link&ref=sfp-seed
pmgU,https://news.example.invalid/articles/2026/10/story-6043816?utm_source=share&utm_medium=link&ref=sfp-seed
4Pkk,https://news.example.invalid/articles/2026/10/story-1150616?utm_source=share&utm_medium=link&ref=sfp-seed
BHf6,https://news.example.invalid/articles/2026/10/story-8984364?utm_source=share&utm_medium=link&ref=sfp-seed
E60E,https://news.example.invalid/articles/2026/10/story-9556224?utm_source=share&utm_medium=link&ref=sfp-seed
iPnL,https://news.example.invalid/articles/2026/10/story-4487421?utm_source=share&utm_medium=link&ref=sfp-seed
mdpy,https://news.example.invalid/articles/2026/10/story-5294772?utm_source=share&utm_medium=link&ref=sfp-seed
kFJo,https://news.example.invalid/articles/2026/10/story-4926978?utm_source=share&utm_medium=link&ref=sfp-seed
rCrp,https://news.example.invalid/articles/2026/10/story-6582627?utm_source=share&utm_medium=link&ref=sfp-seed
8MPk,https://news.example.invalid/articles/2026/10/story-2094318?utm_source=share&utm_medium=link&ref=sfp-seed
nn31,https://news.example.invalid/articles/2026/10/story-5570143?utm_source=share&utm_medium=link&ref=sfp-seed
7Y8p,https://news.example.invalid/articles/2026/10/story-1899457?utm_source=share&utm_medium=link&ref=sfp-seed
qbna,https://news.example.invalid/articles/2026/10/story-6240248?utm_source=share&utm_medium=link&ref=sfp-seed
eFEk,https://news.example.invalid/articles/2026/10/story-3496696?utm_source=share&utm_medium=link&ref=sfp-seed
4Aw,https://news.example.invalid/articles/2026/10/story-17640?utm_source=share&utm_medium=link&ref=sfp-seed
qMyX,https://news.example.invalid/articles/2026/10/story-6383207?utm_source=share&utm_medium=link&ref=sfp-seed
czOM,https://news.example.invalid/articles/2026/10/story-2997624?utm_source=share&utm_medium=link&ref=sfp-seed
ffn1,https://news.example.invalid/articles/2026/10/story-3634007?utm_source=share&utm_medium=link&ref=sfp-seed
frqa,https://news.example.invalid/articles/2026/10/story-3680330?utm_source=share&utm_medium=link&ref=sfp-seed
85Zo,https://news.example.invalid/articles/2026/10/story-1929650?utm_source=share&utm_medium=link&ref=sfp-seed
8uFN,https://news.example.invalid/articles/2026/10/story-2024535?utm_source=share&utm_medium=link&ref=sfp-seed
l9LE,https://news.example.invalid/articles/2026/10/story-5042438?utm_source=share&utm_medium=link&ref=sfp-seed
34Gz,https://news.example.invalid/articles/2026/10/story-732999?utm_source=share&utm_medium=link&ref=sfp-seed
n8Z9,https://news.example.invalid/articles/2026/10/story-5516087?utm_source=share&utm_medium=link&ref=sfp-seed
DEUE,https://news.example.invalid/articles/2026/10/story-9452064?utm_source=share&utm_medium=link&ref=sfp-seed
agvQ,https://news.example.invalid/articles/2026/10/story-2446758?utm_source=share&utm_medium=link&ref=sfp-seed
iXxz,https://news.example.invalid/articles/2026/10/story-4518781?utm_source=share&utm_medium=link&ref=sfp-seed
9NLU,https://news.example.invalid/articles/2026/10/story-2336278?utm_source=share&utm_medium=link&ref=sfp-seed
8jb3,https://news.example.invalid/articles/2026/10/story-1980345?utm_source=share&utm_medium=link&ref=sfp-seed
fse7,https://news.example.invalid/articles/2026/10/story-3683427?utm_source=share&utm_medium=link&ref=sfp-seed
m3kn,https://news.example.invalid/articles/2026/10/story-5256011?utm_source=share&utm_medium=link&ref=sfp-seed
7gtp,https://news.example.invalid/articles/2026/10/story-1731623?utm_source=share&utm_medium=link&ref=sfp-seed
3OgP,https://news.example.invalid/articles/2026/10/story-908227?utm_source=share&utm_medium=link&ref=sfp-seed
1913,https://news.example.invalid/articles/2026/10/story-272989?utm_source=share&utm_medium=link&ref=sfp-seed
kmtr,https://news.example.invalid/articles/2026/10/story-4852953?utm_source=share&utm_medium=link&ref=sfp-seed
kLPg,https://news.example.invalid/articles/2026/10/story-4950406?utm_source=share&utm_medium=link&ref=sfp-seed
A6wf,https://news.example.invalid/articles/2026/10/story-8604871?utm_source=share&utm_medium=link&ref=sfp-seed
28qN,https://news.example.invalid/articles/2026/10/story-509069?utm_source=share&utm_medium=link&ref=sfp-seed
qswM,https://news.example.invalid/articles/2026/10/story-6306192?utm_source=share&utm_medium=link&ref=sfp-seed
noaH,https://news.example.invalid/articles/2026/10/story-5574463?utm_source=share&utm_medium=link&ref=sfp-seed
kw8E,https://news.example.invalid/articles/2026/10/story-4890104?utm_source=share&utm_medium=link&ref=sfp-seed
qf8I,https://news.example.invalid/articles/2026/10/story-6254728?utm_source=share&utm_medium=link&ref=sfp-seed
cg9k,https://news.example.invalid/articles/2026/10/story-2922018?utm_source=share&utm_medium=link&ref=sfp-seed
fvO2,https://news.example.invalid/articles/2026/10/story-3697186?utm_source=share&utm_medium=link&ref=sfp-seed
aVTZ,https://news.example.invalid/articles/2026/10/story-2605859?utm_source=share&utm_medium=link&ref=sfp-seed
De0b,https://news.example.invalid/articles/2026/10/story-9348619?utm_source=share&utm_medium=link&ref=sfp-seed
AtLV,https://news.example.invalid/articles/2026/10/story-8694255?utm_source=share&utm_medium=link&ref=sfp-seed
9l0v,https://news.example.invalid/articles/2026/10/story-2225707?utm_source=share&utm_medium=link&ref=sfp-seed
y3Rz,https://news.example.invalid/articles/2026/10/story-8118005?utm_source=share&utm_medium=link&ref=sfp-seed
iswX,https://news.example.invalid/articles/2026/10/story-4399579?utm_source=share&utm_medium=link&ref=sfp-seed
juw9,https://news.example.invalid/articles/2026/10/story-4645545?utm_source=share&utm_medium=link&ref=sfp-seed
kESR,https://news.example.invalid/articles/2026/10/story-4923721?utm_source=share&utm_medium=link&ref=sfp-seed
mBUr,https://news.example.invalid/articles/2026/10/story-5388943?utm_source=share&utm_medium=link&ref=sfp-seed
cOjt,https://news.example.invalid/articles/2026/10/story-3053343?utm_source=share&utm_medium=link&ref=sfp-seed
87gq,https://news.example.invalid/articles/2026/10/story-1934550?utm_source=share&utm_medium=link&ref=sfp-seed
yJZ5,https://news.example.invalid/articles/2026/10/story-8279919?utm_source=share&utm_medium=link&ref=sfp-seed
fo1w,https://news.example.invalid/articles/2026/10/story-3667270?utm_source=share&utm_medium=link&ref=sfp-seed
4db3,https://news.example.invalid/articles/2026/10/story-1003969?utm_source=share&utm_medium=link&ref=sfp-seed
byOg,https://news.example.invalid/articles/2026/10/story-2755420?utm_source=share&utm_medium=link&ref=sfp-seed
dZZy,https://news.example.invalid/articles/2026/10/story-3336564?utm_source=share&utm_medium=link&ref=sfp-seed
8tVQ,https://news.example.invalid/articles/2026/10/story-2021686?utm_source=share&utm_medium=link&ref=sfp-seed
Fbxy,https://news.example.invalid/articles/2026/10/story-9815812?utm_source=share&utm_medium=link&ref=sfp-seed
xDG2,https://news.example.invalid/articles/2026/10/story-8017346?utm_source=share&utm_medium=link&ref=sfp-seed
3kx,https://news.example.invalid/articles/2026/10/story-12805?utm_source=share&utm_medium=link&ref=sfp-seed
oqUy,https://news.example.invalid/articles/2026/10/story-5823322?utm_source=share&utm_medium=link&ref=sfp-seed
3RiZ,https://news.example.invalid/articles/2026/10/story-919893?utm_source=share&utm_medium=link&ref=sfp-seed
8H81,https://news.example.invalid/articles/2026/10/story-2072413?utm_source=share&utm_medium=link&ref=sfp-seed
1Jmi,https://news.example.invalid/articles/2026/10/story-412690?utm_source=share&utm_medium=link&ref=sfp-seed
Dr7A,https://news.example.invalid/articles/2026/10/story-9399050?utm_source=share&utm_medium=link&ref=sfp-seed
qRNP,https://news.example.invalid/articles/2026/10/story-6403349?utm_source=share&utm_medium=link&ref=sfp-seed
AMiz,https://news.example.invalid/articles/2026/10/story-8765471?utm_source=share&utm_medium=link&ref=sfp-seed
mJEW,https://news.example.invalid/articles/2026/10/story-5418734?utm_source=share&utm_medium=link&ref=sfp-seed
yWZt,https://news.example.invalid/articles/2026/10/story-8329915?utm_source=share&utm_medium=link&ref=sfp-seed
x5hl,https://news.example.invalid/articles/2026/10/story-7885119?utm_source=share&utm_medium=link&ref=sfp-seed
nlpS,https://news.example.invalid/articles/2026/10/story-5563872?utm_source=share&utm_medium=link&ref=sfp-seed
cg1,https://news.example.invalid/articles/2026/10/story-47121?utm_source=share&utm_medium=link&ref=sfp-seed
Ebbo,https://news.example.invalid/articles/2026/10/story-9576110?utm_source=share&utm_medium=link&ref=sfp-seed
eFeP,https://news.example.invalid/articles/2026/10/story-3495115?utm_source=share&utm_medium=link&ref=sfp-seed
23lx,https://news.example.invalid/articles/2026/10/story-489523?utm_source=share&utm_medium=link&ref=sfp-seed
BiYE,https://news.example.invalid/articles/2026/10/story-8891088?utm_source=share&utm_medium=link&ref=sfp-seed
gJMD,https://news.example.invalid/articles/2026/10/story-3989243?utm_source=share&utm_medium=link&ref=sfp-seed
FEx0,https://news.example.invalid/articles/2026/10/story-9927254?utm_source=share&utm_medium=link&ref=sfp-seed
hkc8,https://news.example.invalid/articles/2026/10/story-4129208?utm_source=share&utm_medium=link&ref=sfp-seed
yqvo,https://news.example.invalid/articles/2026/10/story-8205042?utm_source=share&utm_medium=link&ref=sfp-seed
7kLj,https://news.example.invalid/articles/2026/10/story-1748109?utm_source=share&utm_medium=link&ref=sfp-seed
2xKN,https://news.example.invalid/articles/2026/10/story-606409?utm_source=share&utm_medium=link&ref=sfp-seed
9VFi,https://news.example.invalid/articles/2026/10/story-2366620?utm_source=share&utm_medium=link&ref=sfp-seed
fuUR,https://news.example.invalid/articles/2026/10/story-3693765?utm_source=share&utm_medium=link&ref=sfp-seed
E5zC,https://news.example.invalid/articles/2026/10/story-9554548?utm_source=share&utm_medium=link&ref=sfp-seed
1NGp,https://news.example.invalid/articles/2026/10/story-429313?utm_source=share&utm_medium=link&ref=sfp-seed
yZ2S,https://news.example.invalid/articles/2026/10/story-8337814?utm_source=share&utm_medium=link&ref=sfp-seed
hIvW,https://news.example.invalid/articles/2026/10/story-4222692?utm_source=share&utm_medium=link&ref=sfp-seed
oQKj,https://news.example.invalid/articles/2026/10/story-5922631?utm_source=share&utm_medium=link&ref=sfp-seed
BKXj,https://news.example.invalid/articles/2026/10/story-8998637?utm_source=share&utm_medium=link&ref=sfp-seed
4pJu,https://news.example.invalid/articles/2026/10/story-1052232?utm_source=share&utm_medium=link&ref=sfp-seed
xlxs,https://news.example.invalid/articles/2026/10/story-7947622?utm_source=share&utm_medium=link&ref=sfp-seed
8gGR,https://news.example.invalid/articles/2026/10/story-1970785?utm_source=share&utm_medium=link&ref=sfp-seed
8BNE,https://news.example.invalid/articles/2026/10/story-2051930?utm_source=share&utm_medium=link&ref=sfp-seed
kW60,https://news.example.invalid/articles/2026/10/story-4989884?utm_source=share&utm_medium=link&ref=sfp-seed
ayZZ,https://news.example.invalid/articles/2026/10/story-2517819?utm_source=share&utm_medium=link&ref=sfp-seed
dOSg,https://news.example.invalid/articles/2026/10/story-3293828?utm_source=share&utm_medium=link&ref=sfp-seed
5hVR,https://news.example.invalid/articles/2026/10/story-1260575?utm_source=share&utm_medium=link&ref=sfp-seed
yXsu,https://news.example.invalid/articles/2026/10/story-8331714?utm_source=share&utm_medium=link&ref=sfp-seed
EIC7,https://news.example.invalid/articles/2026/10/story-9704619?utm_source=share&utm_medium=link&ref=sfp-seed
naWW,https://news.example.invalid/articles/2026/10/story-5523638?utm_source=share&utm_medium=link&ref=sfp-seed
4It3,https://news.example.invalid/articles/2026/10/story-1124249?utm_source=share&utm_medium=link&ref=sfp-seed
jyPO,https://news.example.invalid/articles/2026/10/story-4662140?utm_source=share&utm_medium=link&ref=sfp-seed
E0HY,https://news.example.invalid/articles/2026/10/story-9535846?utm_source=share&utm_medium=link&ref=sfp-seed
A8h5,https://news.example.invalid/articles/2026/10/story-8611619?utm_source=share&utm_medium=link&ref=sfp-seed
7k3x,https://news.example.invalid/articles/2026/10/story-1745395?utm_source=share&utm_medium=link&ref=sfp-seed
iXTU,https://news.example.invalid/articles/2026/10/story-4520166?utm_source=share&utm_medium=link&ref=sfp-seed
gVoS,https://news.example.invalid/articles/2026/10/story-4033898?utm_source=share&utm_medium=link&ref=sfp-seed
2w0O,https://news.example.invalid/articles/2026/10/story-599714?utm_source=share&utm_medium=link&ref=sfp-seed
aIfB,https://news.example.invalid/articles/2026/10/story-2553383?utm_source=share&utm_medium=link&ref=sfp-seed
6rBF,https://news.example.invalid/articles/2026/10/story-1536091?utm_source=share&utm_medium=link&ref=sfp-seed
kDQJ,https://news.example.invalid/articles/2026/10/story-4919745?utm_source=share&utm_medium=link&ref=sfp-seed
hCjI,https://news.example.invalid/articles/2026/10/story-4198870?utm_source=share&utm_medium=link&ref=sfp-seed
BtQy,https://news.example.invalid/articles/2026/10/story-8932870?utm_source=share&utm_medium=link&ref=sfp-seed
Cn1U,https://news.example.invalid/articles/2026/10/story-9144994?utm_source=share&utm_medium=link&ref=sfp-seed
pn7I,https://news.example.invalid/articles/2026/10/story-6047090?utm_source=share&utm_medium=link&ref=sfp-seed
oYDY,https://news.example.invalid/articles/2026/10/story-5952990?utm_source=share&utm_medium=link&ref=sfp-seed
9Wa9,https://news.example.invalid/articles/2026/10/story-2368533?utm_source=share&utm_medium=link&ref=sfp-seed
3LTU,https://news.example.invalid/articles/2026/10/story-899118?utm_source=share&utm_medium=link&ref=sfp-seed
49Ap,https://news.example.invalid/articles/2026/10/story-990165?utm_source=share&utm_medium=link&ref=sfp-seed
1IQT,https://news.example.invalid/articles/2026/10/story-410743?utm_source=share&utm_medium=link&ref=sfp-seed
gsln,https://news.example.invalid/articles/2026/10/story-3922205?utm_source=share&utm_medium=link&ref=sfp-seed
siuk,https://news.example.invalid/articles/2026/10/story-6744256?utm_source=share&utm_medium=link&ref=sfp-seed
j5gs,https://news.example.invalid/articles/2026/10/story-4548472?utm_source=share&utm_medium=link&ref=sfp-seed
LDS,https://news.example.invalid/articles/2026/10/story-183140?utm_source=share&utm_medium=link&ref=sfp-seed
3cue,https://news.example.invalid/articles/2026/10/story-762986?utm_source=share&utm_medium=link&ref=sfp-seed
yxwI,https://news.example.invalid/articles/2026/10/story-8232032?utm_source=share&utm_medium=link&ref=sfp-seed
AxrY,https://news.example.invalid/articles/2026/10/story-8708394?utm_source=share&utm_medium=link&ref=sfp-seed
l8iE,https://news.example.invalid/articles/2026/10/story-5036796?utm_source=share&utm_medium=link&ref=sfp-seed
l8cG,https://news.example.invalid/articles/2026/10/story-5036426?utm_source=share&utm_medium=link&ref=sfp-seed
ziO7,https://news.example.invalid/articles/2026/10/story-8413779?utm_source=share&utm_medium=link&ref=sfp-seed
26da,https://news.example.invalid/articles/2026/10/story-500536?utm_source=share&utm_medium=link&ref=sfp-seed
cvRx,https://news.example.invalid/articles/2026/10/story-2982419?utm_source=share&utm_medium=link&ref=sfp-seed
3Yet,https://news.example.invalid/articles/2026/10/story-946521?utm_source=share&utm_medium=link&ref=sfp-seed
58GO,https://news.example.invalid/articles/2026/10/story-1225046?utm_source=share&utm_medium=link&ref=sfp-seed
wW8M,https://news.example.invalid/articles/2026/10/story-7849992?utm_source=share&utm_medium=link&ref=sfp-seed
EjZy,https://news.example.invalid/articles/2026/10/story-9609972?utm_source=share&utm_medium=link&ref=sfp-seed
Fyl5,https://news.example.invalid/articles/2026/10/story-9903451?utm_source=share&utm_medium=link&ref=sfp-seed
wLsY,https://news.example.invalid/articles/2026/10/story-7808960?utm_source=share&utm_medium=link&ref=sfp-seed
desb,https://news.example.invalid/articles/2026/10/story-3153827?utm_source=share&utm_medium=link&ref=sfp-seed
4e1f,https://news.example.invalid/articles/2026/10/story-1007205?utm_source=share&utm_medium=link&ref=sfp-seed
igmJ,https://news.example.invalid/articles/2026/10/story-4352817?utm_source=share&utm_medium=link&ref=sfp-seed
wQIB,https://news.example.invalid/articles/2026/10/story-7829149?utm_source=share&utm_medium=link&ref=sfp-seed
8Pp5,https://news.example.invalid/articles/2026/10/story-2104223?utm_source=share&utm_medium=link&ref=sfp-seed
EsOG,https://news.example.invalid/articles/2026/10/story-9643894?utm_source=share&utm_medium=link&ref=sfp-seed
m6pJ,https://news.example.invalid/articles/2026/10/story-5267875?utm_source=share&utm_medium=link&ref=sfp-seed
xpBj,https://news.example.invalid/articles/2026/10/story-7963237?utm_source=share&utm_medium=link&ref=sfp-seed
Epa,https://news.example.invalid/articles/2026/10/story-155320?utm_source=share&utm_medium=link&ref=sfp-seed
5GQm,https://news.example.invalid/articles/2026/10/story-1356334?utm_source=share&utm_medium=link&ref=sfp-seed
CRNe,https://news.example.invalid/articles/2026/10/story-9263248?utm_source=share&utm_medium=link&ref=sfp-seed
lTMw,https://news.example.invalid/articles/2026/10/story-5219316?utm_source=share&utm_medium=link&ref=sfp-seed
wTAT,https://news.example.invalid/articles/2026/10/story-7840203?utm_source=share&utm_medium=link&ref=sfp-seed
BK3w,https://news.example.invalid/articles/2026/10/story-8995178?utm_source=share&utm_medium=link&ref=sfp-seed
BEyN,https://news.example.invalid/articles/2026/10/story-8974053?utm_source=share&utm_medium=link&ref=sfp-seed
BJNp,https://news.example.invalid/articles/2026/10/story-8994179?utm_source=share&utm_medium=link&ref=sfp-seed
krHS,https://news.example.invalid/articles/2026/10/story-4873068?utm_source=share&utm_medium=link&ref=sfp-seed
ElHs,https://news.example.invalid/articles/2026/10/story-9616538?utm_source=share&utm_medium=link&ref=sfp-seed
eouF,https://news.example.invalid/articles/2026/10/story-3430749?utm_source=share&utm_medium=link&ref=sfp-seed
wklK,https://news.example.invalid/articles/2026/10/story-7704724?utm_source=share&utm_medium=link&ref=sfp-seed
tYBl,https://news.example.invalid/articles/2026/10/story-7144467?utm_source=share&utm_medium=link&ref=sfp-seed
jPOx,https://news.example.invalid/articles/2026/10/story-4727409?utm_source=share&utm_medium=link&ref=sfp-seed
cAKx,https://news.example.invalid/articles/2026/10/story-3001205?utm_source=share&utm_medium=link&ref=sfp-seed
7Ij3,https://news.example.invalid/articles/2026/10/story-1838613?utm_source=share&utm_medium=link&ref=sfp-seed
hRk6,https://news.example.invalid/articles/2026/10/story-4256554?utm_source=share&utm_medium=link&ref=sfp-seed
dzAm,https://news.example.invalid/articles/2026/10/story-3235058?utm_source=share&utm_medium=link&ref=sfp-seed
7pLS,https://news.example.invalid/articles/2026/10/story-1767364?utm_source=share&utm_medium=link&ref=sfp-seed
go4n,https://news.example.invalid/articles/2026/10/story-3905775?utm_source=share&utm_medium=link&ref=sfp-seed
bVV4,https://news.example.invalid/articles/2026/10/story-2844254?utm_source=share&utm_medium=link&ref=sfp-seed
2lGU,https://news.example.invalid/articles/2026/10/story-560040?utm_source=share&utm_medium=link&ref=sfp-seed
6m2k,https://news.example.invalid/articles/2026/10/story-1514680?utm_source=share&utm_medium=link&ref=sfp-seed
mPdl,https://news.example.invalid/articles/2026/10/story-5440087?utm_source=share&utm_medium=link&ref=sfp-seed
ABoD,https://news.example.invalid/articles/2026/10/story-8723563?utm_source=share&utm_medium=link&ref=sfp-seed
lvH3,https://news.example.invalid/articles/2026/10/story-5126721?utm_source=share&utm_medium=link&ref=sfp-seed
4d6U,https://news.example.invalid/articles/2026/10/story-1003712?utm_source=share&utm_medium=link&ref=sfp-seed
4Z3m,https://news.example.invalid/articles/2026/10/story-1188004?utm_source=share&utm_medium=link&ref=sfp-seed
gMhA,https://news.example.invalid/articles/2026/10/story-3998850?utm_source=share&utm_medium=link&ref=sfp-seed
seg1,https://news.example.invalid/articles/2026/10/story-6727993?utm_source=share&utm_medium=link&ref=sfp-seed
soGQ,https://news.example.invalid/articles/2026/10/story-6768096?utm_source=share&utm_medium=link&ref=sfp-seed
lLT2,https://news.example.invalid/articles/2026/10/story-5188968?utm_source=share&utm_medium=link&ref=sfp-seed
EGjG,https://news.example.invalid/articles/2026/10/story-9695788?utm_source=share&utm_medium=link&ref=sfp-seed
2bm3,https://news.example.invalid/articles/2026/10/story-520307?utm_source=share&utm_medium=link&ref=sfp-seed
dNkp,https://news.example.invalid/articles/2026/10/story-3287885?utm_source=share&utm_medium=link&ref=sfp-seed
1bM6,https://news.example.invalid/articles/2026/10/story-283594?utm_source=share&utm_medium=link&ref=sfp-seed
grRM,https://news.example.invalid/articles/2026/10/story-3920370?utm_source=share&utm_medium=link&ref=sfp-seed
28z6,https://news.example.invalid/articles/2026/10/story-509584?utm_source=share&utm_medium=link&ref=sfp-seed
bkog,https://news.example.invalid/articles/2026/10/story-2699992?utm_source=share&utm_medium=link&ref=sfp-seed
qtFB,https://news.example.invalid/articles/2026/10/story-6310583?utm_source=share&utm_medium=link&ref=sfp-seed
sAbR,https://news.example.invalid/articles/2026/10/story-6812303?utm_source=share&utm_medium=link&ref=sfp-seed
zSou,https://news.example.invalid/articles/2026/10/story-8550574?utm_source=share&utm_medium=link&ref=sfp-seed
bJ60,https://news.example.invalid/articles/2026/10/story-2794960?utm_source=share&utm_medium=link&ref=sfp-seed
zB2X,https://news.example.invalid/articles/2026/10/story-8483891?utm_source=share&utm_medium=link&ref=sfp-seed
pkxm,https://news.example.invalid/articles/2026/10/story-6037148?utm_source=share&utm_medium=link&ref=sfp-seed
3jLS,https://news.example.invalid/articles/2026/10/story-790988?utm_source=share&utm_medium=link&ref=sfp-seed
8aNf,https://news.example.invalid/articles/2026/10/story-1948117?utm_source=share&utm_medium=link&ref=sfp-seed
jndW,https://news.example.invalid/articles/2026/10/story-4617508?utm_source=share&utm_medium=link&ref=sfp-seed
6KN3,https://news.example.invalid/articles/2026/10/story-1609833?utm_source=share&utm_medium=link&ref=sfp-seed
1iIA,https://news.example.invalid/articles/2026/10/story-310284?utm_source=share&utm_medium=link&ref=sfp-seed
8IbB,https://news.example.invalid/articles/2026/10/story-2076479?utm_source=share&utm_medium=link&ref=sfp-seed
l0ep,https://news.example.invalid/articles/2026/10/story-5005781?utm_source=share&utm_medium=link&ref=sfp-seed
4CLJ,https://news.example.invalid/articles/2026/10/story-1102343?utm_source=share&utm_medium=link&ref=sfp-seed
rP1Z,https://news.example.invalid/articles/2026/10/story-6631023?utm_source=share&utm_medium=link&ref=sfp-seed
ER02,https://news.example.invalid/articles/2026/10/story-9736854?utm_source=share&utm_medium=link&ref=sfp-seed
9miN,https://news.example.invalid/articles/2026/10/story-2230685?utm_source=share&utm_medium=link&ref=sfp-seed
cugv,https://news.example.invalid/articles/2026/10/story-2976279?utm_source=share&utm_medium=link&ref=sfp-seed
niei,https://news.example.invalid/articles/2026/10/story-5551622?utm_source=share&utm_medium=link&ref=sfp-seed
7Zoz,https://news.example.invalid/articles/2026/10/story-1904303?utm_source=share&utm_medium=link&ref=sfp-seed
Av5m,https://news.example.invalid/articles/2026/10/story-8699304?utm_source=share&utm_medium=link&ref=sfp-seed
fva6,https://news.example.invalid/articles/2026/10/story-3694710?utm_source=share&utm_medium=link&ref=sfp-seed
xHg2,https://news.example.invalid/articles/2026/10/story-8031110?utm_source=share&utm_medium=link&ref=sfp-seed
mBYo,https://news.example.invalid/articles/2026/10/story-5389188?utm_source=share&utm_medium=link&ref=sfp-seed
mdpk,https://news.example.invalid/articles/2026/10/story-5294758?utm_source=share&utm_medium=link&ref=sfp-seed
xcFl,https://news.example.invalid/articles/2026/10/story-7913515?utm_source=share&utm_medium=link&ref=sfp-seed
cNqV,https://news.example.invalid/articles/2026/10/story-3049961?utm_source=share&utm_medium=link&ref=sfp-seed
nd6C,https://news.example.invalid/articles/2026/10/story-5531926?utm_source=share&utm_medium=link&ref=sfp-seed
rW1w,https://news.example.invalid/articles/2026/10/story-6657902?utm_source=share&utm_medium=link&ref=sfp-seed
xjB0,https://news.example.invalid/articles/2026/10/story-7940154?utm_source=share&utm_medium=link&ref=sfp-seed
h3Ih,https://news.example.invalid/articles/2026/10/story-4065853?utm_source=share&utm_medium=link&ref=sfp-seed
oxxE,https://news.example.invalid/articles/2026/10/story-5848810?utm_source=share&utm_medium=link&ref=sfp-seed
BwEw,https://news.example.invalid/articles/2026/10/story-8943656?utm_source=share&utm_medium=link&ref=sfp-seed
84EN,https://news.example.invalid/articles/2026/10/story-1924529?utm_source=share&utm_medium=link&ref=sfp-seed
tmbd,https://news.example.invalid/articles/2026/10/story-6996775?utm_source=share&utm_medium=link&ref=sfp-seed
9vpz,https://news.example.invalid/articles/2026/10/story-2265701?utm_source=share&utm_medium=link&ref=sfp-seed
qECz,https://news.example.invalid/articles/2026/10/story-6352679?utm_source=share&utm_medium=link&ref=sfp-seed
j7w9,https://news.example.invalid/articles/2026/10/story-4557133?utm_source=share&utm_medium=link&ref=sfp-seed
ry21,https://news.example.invalid/articles/2026/10/story-6565677?utm_source=share&utm_medium=link&ref=sfp-seed
BltK,https://news.example.invalid/articles/2026/10/story-8900704?utm_source=share&utm_medium=link&ref=sfp-seed
ovLr,https://news.example.invalid/articles/2026/10/story-5841977?utm_source=share&utm_medium=link&ref=sfp-seed
Dbvx,https://news.example.invalid/articles/2026/10/story-9339031?utm_source=share&utm_medium=link&ref=sfp-seed
k4mZ,https://news.example.invalid/articles/2026/10/story-4783361?utm_source=share&utm_medium=link&ref=sfp-seed
5RQy,https://news.example.invalid/articles/2026/10/story-1398630?utm_source=share&utm_medium=link&ref=sfp-seed
zuVK,https://news.example.invalid/articles/2026/10/story-8460380?utm_source=share&utm_medium=link&ref=sfp-seed
rzqN,https://news.example.invalid/articles/2026/10/story-6571057?utm_source=share&utm_medium=link&ref=sfp-seed
cDBq,https://news.example.invalid/articles/2026/10/story-3012172?utm_source=share&utm_medium=link&ref=sfp-seed
6p8u,https://news.example.invalid/articles/2026/10/story-1526594?utm_source=share&utm_medium=link&ref=sfp-seed
nmMm,https://news.example.invalid/articles/2026/10/story-5569110?utm_source=share&utm_medium=link&ref=sfp-seed
jKI3,https://news.example.invalid/articles/2026/10/story-4707787?utm_source=share&utm_medium=link&ref=sfp-seed
p4ho,https://news.example.invalid/articles/2026/10/story-5974654?utm_source=share&utm_medium=link&ref=sfp-seed
mOJk,https://news.example.invalid/articles/2026/10/story-5438226?utm_source=share&utm_medium=link&ref=sfp-seed
wNq7,https://news.example.invalid/articles/2026/10/story-7816471?utm_source=share&utm_medium=link&ref=sfp-seed
619n,https://news.example.invalid/articles/2026/10/story-1434393?utm_source=share&utm_medium=link&ref=sfp-seed
v4z8,https://news.example.invalid/articles/2026/10/story-7405722?utm_source=share&utm_medium=link&ref=sfp-seed
unkw,https://news.example.invalid/articles/2026/10/story-7239524?utm_source=share&utm_medium=link&ref=sfp-seed
hijd,https://news.example.invalid/articles/2026/10/story-4121959?utm_source=share&utm_medium=link&ref=sfp-seed
h4pX,https://news.example.invalid/articles/2026/10/story-4068561?utm_source=share&utm_medium=link&ref=sfp-seed
a2db,https://news.example.invalid/articles/2026/10/story-2391785?utm_source=share&utm_medium=link&ref=sfp-seed
85kp,https://news.example.invalid/articles/2026/10/story-1927109?utm_source=share&utm_medium=link&ref=sfp-seed
xujY,https://news.example.invalid/articles/2026/10/story-7981382?utm_source=share&utm_medium=link&ref=sfp-seed
fCxt,https://news.example.invalid/articles/2026/10/story-3723067?utm_source=share&utm_medium=link&ref=sfp-seed
mLoJ,https://news.example.invalid/articles/2026/10/story-5425417?utm_source=share&utm_medium=link&ref=sfp-seed
z2tS,https://news.example.invalid/articles/2026/10/story-8351020?utm_source=share&utm_medium=link&ref=sfp-seed
4bRF,https://news.example.invalid/articles/2026/10/story-998923?utm_source=share&utm_medium=link&ref=sfp-seed
vrst,https://news.example.invalid/articles/2026/10/story-7493721?utm_source=share&utm_medium=link&ref=sfp-seed
wJs7,https://news.example.invalid/articles/2026/10/story-7801219?utm_source=share&utm_medium=link&ref=sfp-seed
9pLe,https://news.example.invalid/articles/2026/10/story-2243980?utm_source=share&utm_medium=link&ref=sfp-seed
3IMg,https://news.example.invalid/articles/2026/10/story-887112?utm_source=share&utm_medium=link&ref=sfp-seed
oQw0,https://news.example.invalid/articles/2026/10/story-5921744?utm_source=share&utm_medium=link&ref=sfp-seed
rwZ5,https://news.example.invalid/articles/2026/10/story-6561651?utm_source=share&utm_medium=link&ref=sfp-seed
9ygl,https://news.example.invalid/articles/2026/10/story-2276661?utm_source=share&utm_medium=link&ref=sfp-seed
m22u,https://news.example.invalid/articles/2026/10/story-5251058?utm_source=share&utm_medium=link&ref=sfp-seed
6Fkf,https://news.example.invalid/articles/2026/10/story-1588827?utm_source=share&utm_medium=link&ref=sfp-seed
cNRV,https://news.example.invalid/articles/2026/10/story-3051635?utm_source=share&utm_medium=link&ref=sfp-seed
sUiB,https://news.example.invalid/articles/2026/10/story-6889601?utm_source=share&utm_medium=link&ref=sfp-seed
hkdJ,https://news.example.invalid/articles/2026/10/story-4129307?utm_source=share&utm_medium=link&ref=sfp-seed
eiuN,https://news.example.invalid/articles/2026/10/story-3407693?utm_source=share&utm_medium=link&ref=sfp-seed
18K1,https://news.example.invalid/articles/2026/10/story-271933?utm_source=share&utm_medium=link&ref=sfp-seed
tB0N,https://news.example.invalid/articles/2026/10/story-7053789?utm_source=share&utm_medium=link&ref=sfp-seed
r8m9,https://news.example.invalid/articles/2026/10/story-6466981?utm_source=share&utm_medium=link&ref=sfp-seed
n8Uf,https://news.example.invalid/articles/2026/10/story-5515783?utm_source=share&utm_medium=link&ref=sfp-seed
hMrX,https://news.example.invalid/articles/2026/10/story-4237821?utm_source=share&utm_medium=link&ref=sfp-seed
ye4i,https://news.example.invalid/articles/2026/10/story-8157234?utm_source=share&utm_medium=link&ref=sfp-seed
isEO,https://news.example.invalid/articles/2026/10/story-4400066?utm_source=share&utm_medium=link&ref=sfp-seed
uxfm,https://news.example.invalid/articles/2026/10/story-7277644?utm_source=share&utm_medium=link&ref=sfp-seed
kEIE,https://news.example.invalid/articles/2026/10/story-4923088?utm_source=share&utm_medium=link&ref=sfp-seed
mJK3,https://news.example.invalid/articles/2026/10/story-5419051?utm_source=share&utm_medium=link&ref=sfp-seed
r8py,https://news.example.invalid/articles/2026/10/story-6467192?utm_source=share&utm_medium=link&ref=sfp-seed
5YFe,https://news.example.invalid/articles/2026/10/story-1424836?utm_source=share&utm_medium=link&ref=sfp-seed
wYAt,https://news.example.invalid/articles/2026/10/story-7859397?utm_source=share&utm_medium=link&ref=sfp-seed
7NrN,https://news.example.invalid/articles/2026/10/story-1858375?utm_source=share&utm_medium=link&ref=sfp-seed
5rxm,https://news.example.invalid/articles/2026/10/story-1297496?utm_source=share&utm_medium=link&ref=sfp-seed
rWBe,https://news.example.invalid/articles/2026/10/story-6660116?utm_source=share&utm_medium=link&ref=sfp-seed
klrk,https://news.example.invalid/articles/2026/10/story-4848978?utm_source=share&utm_medium=link&ref=sfp-seed
ml7Y,https://news.example.invalid/articles/2026/10/story-5324434?utm_source=share&utm_medium=link&ref=sfp-seed
ZoJ,https://news.example.invalid/articles/2026/10/story-236017?utm_source=share&utm_medium=link&ref=sfp-seed
2BOY,https://news.example.invalid/articles/2026/10/story-622044?utm_source=share&utm_medium=link&ref=sfp-seed
mPuf,https://news.example.invalid/articles/2026/10/story-5441135?utm_source=share&utm_medium=link&ref=sfp-seed
iF05,https://news.example.invalid/articles/2026/10/story-4447513?utm_source=share&utm_medium=link&ref=sfp-seed
eKOQ,https://news.example.invalid/articles/2026/10/story-3516568?utm_source=share&utm_medium=link&ref=sfp-seed
iCTK,https://news.example.invalid/articles/2026/10/story-4439432?utm_source=share&utm_medium=link&ref=sfp-seed
Bp4i,https://news.example.invalid/articles/2026/10/story-8914502?utm_source=share&utm_medium=link&ref=sfp-seed
9dKv,https://news.example.invalid/articles/2026/10/story-2197807?utm_source=share&utm_medium=link&ref=sfp-seed
ni98,https://news.example.invalid/articles/2026/10/story-5551302?utm_source=share&utm_medium=link&ref=sfp-seed
Fkop,https://news.example.invalid/articles/2026/10/story-9849841?utm_source=share&utm_medium=link&ref=sfp-seed
Dye,https://news.example.invalid/articles/2026/10/story-152038?utm_source=share&utm_medium=link&ref=sfp-seed
jItW,https://news.example.invalid/articles/2026/10/story-4699224?utm_source=share&utm_medium=link&ref=sfp-seed
dytx,https://news.example.invalid/articles/2026/10/story-3230791?utm_source=share&utm_medium=link&ref=sfp-seed
1Gjh,https://news.example.invalid/articles/2026/10/story-400971?utm_source=share&utm_medium=link&ref=sfp-seed
EM1r,https://news.example.invalid/articles/2026/10/story-9717721?utm_source=share&utm_medium=link&ref=sfp-seed
1khW,https://news.example.invalid/articles/2026/10/story-316320?utm_source=share&utm_medium=link&ref=sfp-seed
swyX,https://news.example.invalid/articles/2026/10/story-6798359?utm_source=share&utm_medium=link&ref=sfp-seed
lpMU,https://news.example.invalid/articles/2026/10/story-5104020?utm_source=share&utm_medium=link&ref=sfp-seed
m4ig,https://news.example.invalid/articles/2026/10/story-5259724?utm_source=share&utm_medium=link&ref=sfp-seed
Ef8Q,https://news.example.invalid/articles/2026/10/story-9591328?utm_source=share&utm_medium=link&ref=sfp-seed
duln,https://news.example.invalid/articles/2026/10/story-3214909?utm_source=share&utm_medium=link&ref=sfp-seed
2dl0,https://news.example.invalid/articles/2026/10/story-527930?utm_source=share&utm_medium=link&ref=sfp-seed
8C8S,https://news.example.invalid/articles/2026/10/story-2053246?utm_source=share&utm_medium=link&ref=sfp-seed
oZSl,https://news.example.invalid/articles/2026/10/story-5957725?utm_source=share&utm_medium=link&ref=sfp-seed
xHET,https://news.example.invalid/articles/2026/10/story-8032651?utm_source=share&utm_medium=link&ref=sfp-seed
8MDT,https://news.example.invalid/articles/2026/10/story-2093609?utm_source=share&utm_medium=link&ref=sfp-seed
aooG,https://news.example.invalid/articles/2026/10/story-2477066?utm_source=share&utm_medium=link&ref=sfp-seed
5qhU,https://news.example.invalid/articles/2026/10/story-1292694?utm_source=share&utm_medium=link&ref=sfp-seed
oKN3,https://news.example.invalid/articles/2026/10/story-5899737?utm_source=share&utm_medium=link&ref=sfp-seed
ojgO,https://news.example.invalid/articles/2026/10/story-5793950?utm_source=share&utm_medium=link&ref=sfp-seed
E3Ku,https://news.example.invalid/articles/2026/10/story-9547534?utm_source=share&utm_medium=link&ref=sfp-seed
82Fi,https://news.example.invalid/articles/2026/10/story-1916872?utm_source=share&utm_medium=link&ref=sfp-seed
9fkr,https://news.example.invalid/articles/2026/10/story-2203879?utm_source=share&utm_medium=link&ref=sfp-seed
hvTj,https://news.example.invalid/articles/2026/10/story-4174169?utm_source=share&utm_medium=link&ref=sfp-seed
bgGr,https://news.example.invalid/articles/2026/10/story-2685743?utm_source=share&utm_medium=link&ref=sfp-seed
2YjF,https://news.example.invalid/articles/2026/10/story-708515?utm_source=share&utm_medium=link&ref=sfp-seed
7MMS,https://news.example.invalid/articles/2026/10/story-1855838?utm_source=share&utm_medium=link&ref=sfp-seed
seRX,https://news.example.invalid/articles/2026/10/story-6730345?utm_source=share&utm_medium=link&ref=sfp-seed
yJWo,https://news.example.invalid/articles/2026/10/story-8279752?utm_source=share&utm_medium=link&ref=sfp-seed
iRwN,https://news.example.invalid/articles/2026/10/story-4495669?utm_source=share&utm_medium=link&ref=sfp-seed
4zVF,https://news.example.invalid/articles/2026/10/story-1091427?utm_source=share&utm_medium=link&ref=sfp-seed
1lJt,https://news.example.invalid/articles/2026/10/story-321871?utm_source=share&utm_medium=link&ref=sfp-seed
BfRK,https://news.example.invalid/articles/2026/10/story-8879128?utm_source=share&utm_medium=link&ref=sfp-seed
cZza,https://news.example.invalid/articles/2026/10/story-3096600?utm_source=share&utm_medium=link&ref=sfp-seed
wA26,https://news.example.invalid/articles/2026/10/story-7765010?utm_source=share&utm_medium=link&ref=sfp-seed
D8do,https://news.example.invalid/articles/2026/10/story-9326374?utm_source=share&utm_medium=link&ref=sfp-seed
ko4E,https://news.example.invalid/articles/2026/10/story-4859104?utm_source=share&utm_medium=link&ref=sfp-seed
1L3n,https://news.example.invalid/articles/2026/10/story-419205?utm_source=share&utm_medium=link&ref=sfp-seed
5LlN,https://news.example.invalid/articles/2026/10/story-1373659?utm_source=share&utm_medium=link&ref=sfp-seed
f9Z5,https://news.example.invalid/articles/2026/10/story-3613303?utm_source=share&utm_medium=link&ref=sfp-seed
4OFj,https://news.example.invalid/articles/2026/10/story-1148073?utm_source=share&utm_medium=link&ref=sfp-seed
6wvm,https://news.example.invalid/articles/2026/10/story-1554920?utm_source=share&utm_medium=link&ref=sfp-seed
u1Aw,https://news.example.invalid/articles/2026/10/story-7155948?utm_source=share&utm_medium=link&ref=sfp-seed
rCAi,https://news.example.invalid/articles/2026/10/story-6583178?utm_source=share&utm_medium=link&ref=sfp-seed
FRYE,https://news.example.invalid/articles/2026/10/story-9978940?utm_source=share&utm_medium=link&ref=sfp-seed
egcA,https://news.example.invalid/articles/2026/10/story-3398876?utm_source=share&utm_medium=link&ref=sfp-seed
CmCE,https://news.example.invalid/articles/2026/10/story-9143428?utm_source=share&utm_medium=link&ref=sfp-seed
9lbN,https://news.example.invalid/articles/2026/10/story-2226407?utm_source=share&utm_medium=link&ref=sfp-seed
zXBM,https://news.example.invalid/articles/2026/10/story-8570618?utm_source=share&utm_medium=link&ref=sfp-seed
tlZA,https://news.example.invalid/articles/2026/10/story-6996054?utm_source=share&utm_medium=link&ref=sfp-seed
xi2p,https://news.example.invalid/articles/2026/10/story-7934165?utm_source=share&utm_medium=link&ref=sfp-seed
z8mf,https://news.example.invalid/articles/2026/10/story-8373611?utm_source=share&utm_medium=link&ref=sfp-seed
qWLt,https://news.example.invalid/articles/2026/10/story-6422423?utm_source=share&utm_medium=link&ref=sfp-seed
6rzQ,https://news.example.invalid/articles/2026/10/story-1535978?utm_source=share&utm_medium=link&ref=sfp-seed
F7d1,https://news.example.invalid/articles/2026/10/story-9799163?utm_source=share&utm_medium=link&ref=sfp-seed
wV1H,https://news.example.invalid/articles/2026/10/story-7845709?utm_source=share&utm_medium=link&ref=sfp-seed
qPkO,https://news.example.invalid/articles/2026/10/story-6393862?utm_source=share&utm_medium=link&ref=sfp-seed
eI27,https://news.example.invalid/articles/2026/10/story-3505859?utm_source=share&utm_medium=link&ref=sfp-seed
3Blh,https://news.example.invalid/articles/2026/10/story-858531?utm_source=share&utm_medium=link&ref=sfp-seed
du47,https://news.example.invalid/articles/2026/10/story-3213839?utm_source=share&utm_medium=link&ref=sfp-seed
jjk8,https://news.example.invalid/articles/2026/10/story-4602516?utm_source=share&utm_medium=link&ref=sfp-seed
5CxV,https://news.example.invalid/articles/2026/10/story-1339815?utm_source=share&utm_medium=link&ref=sfp-seed
qQCT,https://news.example.invalid/articles/2026/10/story-6398827?utm_source=share&utm_medium=link&ref=sfp-seed
9TGv,https://news.example.invalid/articles/2026/10/story-2359007?utm_source=share&utm_medium=link&ref=sfp-seed
yNlg,https://news.example.invalid/articles/2026/10/story-8292826?utm_source=share&utm_medium=link&ref=sfp-seed
u41x,https://news.example.invalid/articles/2026/10/story-7165311?utm_source=share&utm_medium=link&ref=sfp-seed
iqI6,https://news.example.invalid/articles/2026/10/story-4392582?utm_source=share&utm_medium=link&ref=sfp-seed
F6xv,https://news.example.invalid/articles/2026/10/story-9796589?utm_source=share&utm_medium=link&ref=sfp-seed
fiKY,https://news.example.invalid/articles/2026/10/story-3647024?utm_source=share&utm_medium=link&ref=sfp-seed
e70m,https://news.example.invalid/articles/2026/10/story-3363522?utm_source=share&utm_medium=link&ref=sfp-seed
vrjN,https://news.example.invalid/articles/2026/10/story-7493183?utm_source=share&utm_medium=link&ref=sfp-seed
f4gE,https://news.example.invalid/articles/2026/10/story-3591328?utm_source=share&utm_medium=link&ref=sfp-seed
mN4z,https://news.example.invalid/articles/2026/10/story-5431855?utm_source=share&utm_medium=link&ref=sfp-seed
2xtx,https://news.example.invalid/articles/2026/10/story-605339?utm_source=share&utm_medium=link&ref=sfp-seed
iAWC,https://news.example.invalid/articles/2026/10/story-4431922?utm_source=share&utm_medium=link&ref=sfp-seed
ulev,https://news.example.invalid/articles/2026/10/story-7231463?utm_source=share&utm_medium=link&ref=sfp-seed
21Ux,https://news.example.invalid/articles/2026/10/story-484005?utm_source=share&utm_medium=link&ref=sfp-seed
jbq6,https://news.example.invalid/articles/2026/10/story-4572134?utm_source=share&utm_medium=link&ref=sfp-seed
lpqE,https://news.example.invalid/articles/2026/10/story-5102640?utm_source=share&utm_medium=link&ref=sfp-seed
903A,https://news.example.invalid/articles/2026/10/story-2145174?utm_source=share&utm_medium=link&ref=sfp-seed
9Bg3,https://news.example.invalid/articles/2026/10/story-2288175?utm_source=share&utm_medium=link&ref=sfp-seed
7fTs,https://news.example.invalid/articles/2026/10/story-1729394?utm_source=share&utm_medium=link&ref=sfp-seed
fVin,https://news.example.invalid/articles/2026/10/story-3795167?utm_source=share&utm_medium=link&ref=sfp-seed
kccl,https://news.example.invalid/articles/2026/10/story-4813453?utm_source=share&utm_medium=link&ref=sfp-seed
7oQR,https://news.example.invalid/articles/2026/10/story-1763829?utm_source=share&utm_medium=link&ref=sfp-seed
1FPT,https://news.example.invalid/articles/2026/10/story-399149?utm_source=share&utm_medium=link&ref=sfp-seed
Fmhq,https://news.example.invalid/articles/2026/10/story-9857096?utm_source=share&utm_medium=link&ref=sfp-seed
8sk1,https://news.example.invalid/articles/2026/10/story-2015497?utm_source=share&utm_medium=link&ref=sfp-seed
aSmT,https://news.example.invalid/articles/2026/10/story-2592275?utm_source=share&utm_medium=link&ref=sfp-seed
53rX,https://news.example.invalid/articles/2026/10/story-1204905?utm_source=share&utm_medium=link&ref=sfp-seed
ywn2,https://news.example.invalid/articles/2026/10/story-8227588?utm_source=share&utm_medium=link&ref=sfp-seed
jBsJ,https://news.example.invalid/articles/2026/10/story-4672241?utm_source=share&utm_medium=link&ref=sfp-seed
boEk,https://news.example.invalid/articles/2026/10/story-2716364?utm_source=share&utm_medium=link&ref=sfp-seed
s7Zt,https://news.example.invalid/articles/2026/10/story-6703903?utm_source=share&utm_medium=link&ref=sfp-seed
sJId,https://news.example.invalid/articles/2026/10/story-6848905?utm_source=share&utm_medium=link&ref=sfp-seed
ewvP,https://news.example.invalid/articles/2026/10/story-3461573?utm_source=share&utm_medium=link&ref=sfp-seed
