code,url
FXsl,https://made.example.invalid/e04-03/1-0?utm_source=share&ref=5qfd51a8
FXsm,https://made.example.invalid/e04-03/4-1?utm_source=share&ref=31flym4o
FXsn,https://made.example.invalid/e04-03/7-2?utm_source=share&ref=1wthxco6
FXso,https://made.example.invalid/e04-03/2-3?utm_source=share&ref=am7dkvxs
FXsp,https://made.example.invalid/e04-03/9-4?utm_source=share&ref=gn6wxc32
FXsq,https://made.example.invalid/e04-03/1-5?utm_source=share&ref=86mf0mu5
FXsr,https://made.example.invalid/e04-03/4-6?utm_source=share&ref=dd0zlxap
FXss,https://made.example.invalid/e04-03/7-7?utm_source=share&ref=3wb9txsm
FXst,https://made.example.invalid/e04-03/2-8?utm_source=share&ref=q8o54oyb
FXsu,https://made.example.invalid/e04-03/9-9?utm_source=share&ref=rdhjgm3e
FXsv,https://made.example.invalid/e04-03/1-10?utm_source=share&ref=glk13fix
FXsw,https://made.example.invalid/e04-03/4-11?utm_source=share&ref=e7thmmua
FXsx,https://made.example.invalid/e04-03/7-12?utm_source=share&ref=ljtnrsn1
FXsy,https://made.example.invalid/e04-03/2-13?utm_source=share&ref=ltrsmjlr
FXsz,https://made.example.invalid/e04-03/9-14?utm_source=share&ref=eqa4xohl
FXsA,https://made.example.invalid/e04-03/1-15?utm_source=share&ref=w0cl4kpi
FXsB,https://made.example.invalid/e04-03/4-16?utm_source=share&ref=0zmwan2w
FXsC,https://made.example.invalid/e04-03/7-17?utm_source=share&ref=f4mc5emz
FXsD,https://made.example.invalid/e04-03/2-18?utm_source=share&ref=lne3dfi0
FXsE,https://made.example.invalid/e04-03/9-19?utm_source=share&ref=a1mlvt5o
FXsF,https://made.example.invalid/e04-03/1-20?utm_source=share&ref=ygalakmo
FXsG,https://made.example.invalid/e04-03/4-21?utm_source=share&ref=ihjtdyqg
FXsH,https://made.example.invalid/e04-03/7-22?utm_source=share&ref=nhf3xndo
FXsI,https://made.example.invalid/e04-03/2-23?utm_source=share&ref=jbudhdlx
FXsJ,https://made.example.invalid/e04-03/9-24?utm_source=share&ref=vcdeakhn
FXsK,https://made.example.invalid/e04-03/1-25?utm_source=share&ref=7wkv1kid
FXsL,https://made.example.invalid/e04-03/4-26?utm_source=share&ref=ijzwit70
FXsM,https://made.example.invalid/e04-03/7-27?utm_source=share&ref=az7rjznd
FXsN,https://made.example.invalid/e04-03/2-28?utm_source=share&ref=7ko7xi0c
FXsO,https://made.example.invalid/e04-03/9-29?utm_source=share&ref=096qf539
FXsP,https://made.example.invalid/e04-03/1-30?utm_source=share&ref=cyd475g6
FXsQ,https://made.example.invalid/e04-03/4-31?utm_source=share&ref=0ql1kkmp
FXsR,https://made.example.invalid/e04-03/7-32?utm_source=share&ref=khk61rvo
FXsS,https://made.example.invalid/e04-03/2-33?utm_source=share&ref=y8ktc9kq
FXsT,https://made.example.invalid/e04-03/9-34?utm_source=share&ref=gcb8eikw
FXsU,https://made.example.invalid/e04-03/1-35?utm_source=share&ref=ora7wj1j
FXsV,https://made.example.invalid/e04-03/4-36?utm_source=share&ref=vd6j3i1v
FXsW,https://made.example.invalid/e04-03/7-37?utm_source=share&ref=or0cp3pj
FXsX,https://made.example.invalid/e04-03/2-38?utm_source=share&ref=eb1wuunw
FXsY,https://made.example.invalid/e04-03/9-39?utm_source=share&ref=drqcyu61
FXsZ,https://made.example.invalid/e04-03/1-40?utm_source=share&ref=k18iddqe
FXt0,https://made.example.invalid/e04-03/4-41?utm_source=share&ref=ci3f4wvq
FXt1,https://made.example.invalid/e04-03/7-42?utm_source=share&ref=sdfw820q
FXt2,https://made.example.invalid/e04-03/2-43?utm_source=share&ref=537pzer9
FXt3,https://made.example.invalid/e04-03/9-44?utm_source=share&ref=fpmysial
FXt4,https://made.example.invalid/e04-03/1-45?utm_source=share&ref=4bc9lffx
FXt5,https://made.example.invalid/e04-03/4-46?utm_source=share&ref=eqep9t86
FXt6,https://made.example.invalid/e04-03/7-47?utm_source=share&ref=p3l5xov7
FXt7,https://made.example.invalid/e04-03/2-48?utm_source=share&ref=h14i5hkf
FXt8,https://made.example.invalid/e04-03/9-49?utm_source=share&ref=em0qls6s
FXt9,https://made.example.invalid/e04-03/1-50?utm_source=share&ref=1ny4jna5
FXta,https://made.example.invalid/e04-03/4-51?utm_source=share&ref=gst7q7ib
FXtb,https://made.example.invalid/e04-03/7-52?utm_source=share&ref=mgq6btfd
FXtc,https://made.example.invalid/e04-03/2-53?utm_source=share&ref=athiokny
FXtd,https://made.example.invalid/e04-03/9-54?utm_source=share&ref=2zjen0bc
FXte,https://made.example.invalid/e04-03/1-55?utm_source=share&ref=ws7uacuy
FXtf,https://made.example.invalid/e04-03/4-56?utm_source=share&ref=guzwoppq
FXtg,https://made.example.invalid/e04-03/7-57?utm_source=share&ref=6il61kyl
FXth,https://made.example.invalid/e04-03/2-58?utm_source=share&ref=txvsfao8
FXti,https://made.example.invalid/e04-03/9-59?utm_source=share&ref=jp9mev7p
FXtj,https://made.example.invalid/e04-03/1-60?utm_source=share&ref=4plvujyq
FXtk,https://made.example.invalid/e04-03/4-61?utm_source=share&ref=q4oyj2hv
FXtl,https://made.example.invalid/e04-03/7-62?utm_source=share&ref=1h81fbgy
FXtm,https://made.example.invalid/e04-03/2-63?utm_source=share&ref=sfy5nry4
FXtn,https://made.example.invalid/e04-03/9-64?utm_source=share&ref=dfwk0wi2
FXto,https://made.example.invalid/e04-03/1-65?utm_source=share&ref=6ym8ak0g
FXtp,https://made.example.invalid/e04-03/4-66?utm_source=share&ref=4gr0e2mi
FXtq,https://made.example.invalid/e04-03/7-67?utm_source=share&ref=46sto4i8
FXtr,https://made.example.invalid/e04-03/2-68?utm_source=share&ref=h8r25v6a
FXts,https://made.example.invalid/e04-03/9-69?utm_source=share&ref=jrowfi6i
FXtt,https://made.example.invalid/e04-03/1-70?utm_source=share&ref=yahctopk
FXtu,https://made.example.invalid/e04-03/4-71?utm_source=share&ref=ggfoqtme
FXtv,https://made.example.invalid/e04-03/7-72?utm_source=share&ref=vhusayxa
FXtw,https://made.example.invalid/e04-03/2-73?utm_source=share&ref=0f29zwyn
FXtx,https://made.example.invalid/e04-03/9-74?utm_source=share&ref=023wxkbc
FXty,https://made.example.invalid/e04-03/1-75?utm_source=share&ref=6kp0tbaz
FXtz,https://made.example.invalid/e04-03/4-76?utm_source=share&ref=baftzujq
FXtA,https://made.example.invalid/e04-03/7-77?utm_source=share&ref=secvoexd
FXtB,https://made.example.invalid/e04-03/2-78?utm_source=share&ref=eazrhd2n
FXtC,https://made.example.invalid/e04-03/9-79?utm_source=share&ref=w1s09f1l
FXtD,https://made.example.invalid/e04-03/1-80?utm_source=share&ref=nwhfeyzc
FXtE,https://made.example.invalid/e04-03/4-81?utm_source=share&ref=ddivnbzu
FXtF,https://made.example.invalid/e04-03/7-82?utm_source=share&ref=lcdkdzge
FXtG,https://made.example.invalid/e04-03/2-83?utm_source=share&ref=2mlj0my1
FXtH,https://made.example.invalid/e04-03/9-84?utm_source=share&ref=0kx38l43
FXtI,https://made.example.invalid/e04-03/1-85?utm_source=share&ref=v4qqv1dw
FXtJ,https://made.example.invalid/e04-03/4-86?utm_source=share&ref=g5mds6od
FXtK,https://made.example.invalid/e04-03/7-87?utm_source=share&ref=uhutgwsi
FXtL,https://made.example.invalid/e04-03/2-88?utm_source=share&ref=1he9j9w8
FXtM,https://made.example.invalid/e04-03/9-89?utm_source=share&ref=zvgzgrc9
FXtN,https://made.example.invalid/e04-03/1-90?utm_source=share&ref=s6ncjqhw
FXtO,https://made.example.invalid/e04-03/4-91?utm_source=share&ref=x2lhzuvj
FXtP,https://made.example.invalid/e04-03/7-92?utm_source=share&ref=05nl0i7w
FXtQ,https://made.example.invalid/e04-03/2-93?utm_source=share&ref=rtcna2tu
FXtR,https://made.example.invalid/e04-03/9-94?utm_source=share&ref=yuq0usby
FXtS,https://made.example.invalid/e04-03/1-95?utm_source=share&ref=7fveoguk
FXtT,https://made.example.invalid/e04-03/4-96?utm_source=share&ref=kklf3j9k
FXtU,https://made.example.invalid/e04-03/7-97?utm_source=share&ref=kglv7so0
FXtV,https://made.example.invalid/e04-03/2-98?utm_source=share&ref=c14ohokx
FXtW,https://made.example.invalid/e04-03/9-99?utm_source=share&ref=hyjdiydd
FXtX,https://made.example.invalid/e04-03/1-100?utm_source=share&ref=20lyd4lf
FXtY,https://made.example.invalid/e04-03/4-101?utm_source=share&ref=3hxuos2e
FXtZ,https://made.example.invalid/e04-03/7-102?utm_source=share&ref=je45asg1
FXu0,https://made.example.invalid/e04-03/2-103?utm_source=share&ref=1xe5odw9
FXu1,https://made.example.invalid/e04-03/9-104?utm_source=share&ref=eqsfd82h
FXu2,https://made.example.invalid/e04-03/1-105?utm_source=share&ref=5i8ih8rw
FXu3,https://made.example.invalid/e04-03/4-106?utm_source=share&ref=dd4muuze
FXu4,https://made.example.invalid/e04-03/7-107?utm_source=share&ref=9ypajyxu
FXu5,https://made.example.invalid/e04-03/2-108?utm_source=share&ref=pdis5vtn
FXu6,https://made.example.invalid/e04-03/9-109?utm_source=share&ref=qo8v4q00
FXu7,https://made.example.invalid/e04-03/1-110?utm_source=share&ref=v5rsd4p6
FXu8,https://made.example.invalid/e04-03/4-111?utm_source=share&ref=06zkrcjw
FXu9,https://made.example.invalid/e04-03/7-112?utm_source=share&ref=jqiqe5dy
FXua,https://made.example.invalid/e04-03/2-113?utm_source=share&ref=54vqrufp
FXub,https://made.example.invalid/e04-03/9-114?utm_source=share&ref=jij3dkf2
FXuc,https://made.example.invalid/e04-03/1-115?utm_source=share&ref=l3ekp3ml
FXud,https://made.example.invalid/e04-03/4-116?utm_source=share&ref=xjqp6a4s
FXue,https://made.example.invalid/e04-03/7-117?utm_source=share&ref=yj7i3mtd
FXuf,https://made.example.invalid/e04-03/2-118?utm_source=share&ref=2ak5baz5
FXug,https://made.example.invalid/e04-03/9-119?utm_source=share&ref=q4aako5l
FXuh,https://made.example.invalid/e04-03/1-120?utm_source=share&ref=g95l7wo7
FXui,https://made.example.invalid/e04-03/4-121?utm_source=share&ref=b9xl6nl2
FXuj,https://made.example.invalid/e04-03/7-122?utm_source=share&ref=d8hvdgiu
FXuk,https://made.example.invalid/e04-03/2-123?utm_source=share&ref=im13xg38
FXul,https://made.example.invalid/e04-03/9-124?utm_source=share&ref=xz9h9bqi
FXum,https://made.example.invalid/e04-03/1-125?utm_source=share&ref=luxgcjbo
FXun,https://made.example.invalid/e04-03/4-126?utm_source=share&ref=za4h7azq
FXuo,https://made.example.invalid/e04-03/7-127?utm_source=share&ref=elzzc2yj
FXup,https://made.example.invalid/e04-03/2-128?utm_source=share&ref=t77fvf1p
FXuq,https://made.example.invalid/e04-03/9-129?utm_source=share&ref=mqm19324
FXur,https://made.example.invalid/e04-03/1-130?utm_source=share&ref=y6yvrip1
FXus,https://made.example.invalid/e04-03/4-131?utm_source=share&ref=pnrf9eda
FXut,https://made.example.invalid/e04-03/7-132?utm_source=share&ref=azmkcqbn
FXuu,https://made.example.invalid/e04-03/2-133?utm_source=share&ref=p5x8rq07
FXuv,https://made.example.invalid/e04-03/9-134?utm_source=share&ref=ofvxd5s8
FXuw,https://made.example.invalid/e04-03/1-135?utm_source=share&ref=r3fqmnl8
FXux,https://made.example.invalid/e04-03/4-136?utm_source=share&ref=pkcw5mey
FXuy,https://made.example.invalid/e04-03/7-137?utm_source=share&ref=p91wcwgz
FXuz,https://made.example.invalid/e04-03/2-138?utm_source=share&ref=r7tybwm4
FXuA,https://made.example.invalid/e04-03/9-139?utm_source=share&ref=1j07pwol
FXuB,https://made.example.invalid/e04-03/1-140?utm_source=share&ref=01qhdq2g
FXuC,https://made.example.invalid/e04-03/4-141?utm_source=share&ref=qrume26o
FXuD,https://made.example.invalid/e04-03/7-142?utm_source=share&ref=o5392gux
FXuE,https://made.example.invalid/e04-03/2-143?utm_source=share&ref=qnz1hi8i
FXuF,https://made.example.invalid/e04-03/9-144?utm_source=share&ref=pmrox7sw
FXuG,https://made.example.invalid/e04-03/1-145?utm_source=share&ref=kj9aptqq
FXuH,https://made.example.invalid/e04-03/4-146?utm_source=share&ref=sepl04h2
FXuI,https://made.example.invalid/e04-03/7-147?utm_source=share&ref=drgcthua
FXuJ,https://made.example.invalid/e04-03/2-148?utm_source=share&ref=jfkhf2l0
FXuK,https://made.example.invalid/e04-03/9-149?utm_source=share&ref=95aque18
FXuL,https://made.example.invalid/e04-03/1-150?utm_source=share&ref=e5ipwmi2
FXuM,https://made.example.invalid/e04-03/4-151?utm_source=share&ref=i0z1hagg
FXuN,https://made.example.invalid/e04-03/7-152?utm_source=share&ref=sroazjbr
FXuO,https://made.example.invalid/e04-03/2-153?utm_source=share&ref=e9jalwfe
FXuP,https://made.example.invalid/e04-03/9-154?utm_source=share&ref=2re1g6i0
FXuQ,https://made.example.invalid/e04-03/1-155?utm_source=share&ref=52fcvybl
FXuR,https://made.example.invalid/e04-03/4-156?utm_source=share&ref=5um91qmx
FXuS,https://made.example.invalid/e04-03/7-157?utm_source=share&ref=o6osiczz
FXuT,https://made.example.invalid/e04-03/2-158?utm_source=share&ref=tf052fnw
FXuU,https://made.example.invalid/e04-03/9-159?utm_source=share&ref=ypzpcfyr
FXuV,https://made.example.invalid/e04-03/1-160?utm_source=share&ref=s3jb5jpe
FXuW,https://made.example.invalid/e04-03/4-161?utm_source=share&ref=qkchn31j
FXuX,https://made.example.invalid/e04-03/7-162?utm_source=share&ref=tjk85p29
FXuY,https://made.example.invalid/e04-03/2-163?utm_source=share&ref=w4iekaue
FXuZ,https://made.example.invalid/e04-03/9-164?utm_source=share&ref=idfyjnb3
FXv0,https://made.example.invalid/e04-03/1-165?utm_source=share&ref=h3gmkmh7
FXv1,https://made.example.invalid/e04-03/4-166?utm_source=share&ref=xidcwp60
FXv2,https://made.example.invalid/e04-03/7-167?utm_source=share&ref=1abt6676
FXv3,https://made.example.invalid/e04-03/2-168?utm_source=share&ref=7cf4zu0m
FXv4,https://made.example.invalid/e04-03/9-169?utm_source=share&ref=c097sln7
FXv5,https://made.example.invalid/e04-03/1-170?utm_source=share&ref=1k0i3nyl
FXv6,https://made.example.invalid/e04-03/4-171?utm_source=share&ref=0lw55yoi
FXv7,https://made.example.invalid/e04-03/7-172?utm_source=share&ref=ig42k9md
FXv8,https://made.example.invalid/e04-03/2-173?utm_source=share&ref=9k64c5vj
FXv9,https://made.example.invalid/e04-03/9-174?utm_source=share&ref=pqbk1slk
FXva,https://made.example.invalid/e04-03/1-175?utm_source=share&ref=1sryb88r
FXvb,https://made.example.invalid/e04-03/4-176?utm_source=share&ref=nxwo7qxq
FXvc,https://made.example.invalid/e04-03/7-177?utm_source=share&ref=wiwmi4ut
FXvd,https://made.example.invalid/e04-03/2-178?utm_source=share&ref=vj79yfi9
FXve,https://made.example.invalid/e04-03/9-179?utm_source=share&ref=6wg4vwyn
FXvf,https://made.example.invalid/e04-03/1-180?utm_source=share&ref=ykauzkcj
FXvg,https://made.example.invalid/e04-03/4-181?utm_source=share&ref=vzkpit06
FXvh,https://made.example.invalid/e04-03/7-182?utm_source=share&ref=lz7t27s5
FXvi,https://made.example.invalid/e04-03/2-183?utm_source=share&ref=14d3sajf
FXvj,https://made.example.invalid/e04-03/9-184?utm_source=share&ref=zixlmh69
FXvk,https://made.example.invalid/e04-03/1-185?utm_source=share&ref=hfi5kpd3
FXvl,https://made.example.invalid/e04-03/4-186?utm_source=share&ref=s8a1wz4a
FXvm,https://made.example.invalid/e04-03/7-187?utm_source=share&ref=les23qgg
FXvn,https://made.example.invalid/e04-03/2-188?utm_source=share&ref=gxna7e2o
FXvo,https://made.example.invalid/e04-03/9-189?utm_source=share&ref=r7eb4lcf
FXvp,https://made.example.invalid/e04-03/1-190?utm_source=share&ref=dy8qzb56
FXvq,https://made.example.invalid/e04-03/4-191?utm_source=share&ref=3xpmt8f9
FXvr,https://made.example.invalid/e04-03/7-192?utm_source=share&ref=vf3bq6y2
FXvs,https://made.example.invalid/e04-03/2-193?utm_source=share&ref=ehpuia5f
FXvt,https://made.example.invalid/e04-03/9-194?utm_source=share&ref=omc8mgfn
FXvu,https://made.example.invalid/e04-03/1-195?utm_source=share&ref=7g5mvoxq
FXvv,https://made.example.invalid/e04-03/4-196?utm_source=share&ref=g0590arl
FXvw,https://made.example.invalid/e04-03/7-197?utm_source=share&ref=ruqwbz9f
FXvx,https://made.example.invalid/e04-03/2-198?utm_source=share&ref=2xo6tj7s
FXvy,https://made.example.invalid/e04-03/9-199?utm_source=share&ref=keqg2k6y
FXvz,https://made.example.invalid/e04-03/1-200?utm_source=share&ref=wearzf5c
FXvA,https://made.example.invalid/e04-03/4-201?utm_source=share&ref=9b2k3mo3
FXvB,https://made.example.invalid/e04-03/7-202?utm_source=share&ref=grjy5hid
FXvC,https://made.example.invalid/e04-03/2-203?utm_source=share&ref=oah1eqir
FXvD,https://made.example.invalid/e04-03/9-204?utm_source=share&ref=jmdbfzdf
FXvE,https://made.example.invalid/e04-03/1-205?utm_source=share&ref=tskfeovb
FXvF,https://made.example.invalid/e04-03/4-206?utm_source=share&ref=fakmlyug
FXvG,https://made.example.invalid/e04-03/7-207?utm_source=share&ref=ji0h0gmm
FXvH,https://made.example.invalid/e04-03/2-208?utm_source=share&ref=0t0p9l0v
FXvI,https://made.example.invalid/e04-03/9-209?utm_source=share&ref=owde2rv9
FXvJ,https://made.example.invalid/e04-03/1-210?utm_source=share&ref=qf3yeu7q
FXvK,https://made.example.invalid/e04-03/4-211?utm_source=share&ref=xkdjlgb8
FXvL,https://made.example.invalid/e04-03/7-212?utm_source=share&ref=5lkvn7fs
FXvM,https://made.example.invalid/e04-03/2-213?utm_source=share&ref=ktffqaz2
FXvN,https://made.example.invalid/e04-03/9-214?utm_source=share&ref=5n7j5xqz
FXvO,https://made.example.invalid/e04-03/1-215?utm_source=share&ref=z21lrwn2
FXvP,https://made.example.invalid/e04-03/4-216?utm_source=share&ref=gdb6l7wp
FXvQ,https://made.example.invalid/e04-03/7-217?utm_source=share&ref=tes6gc7u
FXvR,https://made.example.invalid/e04-03/2-218?utm_source=share&ref=7s57wk76
FXvS,https://made.example.invalid/e04-03/9-219?utm_source=share&ref=it8rg2j4
FXvT,https://made.example.invalid/e04-03/1-220?utm_source=share&ref=8bb91ofo
FXvU,https://made.example.invalid/e04-03/4-221?utm_source=share&ref=hxq2blwr
FXvV,https://made.example.invalid/e04-03/7-222?utm_source=share&ref=ism0xi08
FXvW,https://made.example.invalid/e04-03/2-223?utm_source=share&ref=6ckmyeml
FXvX,https://made.example.invalid/e04-03/9-224?utm_source=share&ref=um7x0hqo
FXvY,https://made.example.invalid/e04-03/1-225?utm_source=share&ref=4pdbgaqa
FXvZ,https://made.example.invalid/e04-03/4-226?utm_source=share&ref=v0hm14gk
FXw0,https://made.example.invalid/e04-03/7-227?utm_source=share&ref=cavwbxfh
FXw1,https://made.example.invalid/e04-03/2-228?utm_source=share&ref=fmjgjrcp
FXw2,https://made.example.invalid/e04-03/9-229?utm_source=share&ref=8eysz2zg
FXw3,https://made.example.invalid/e04-03/1-230?utm_source=share&ref=6ne9qw1n
FXw4,https://made.example.invalid/e04-03/4-231?utm_source=share&ref=yy7qiu0t
FXw5,https://made.example.invalid/e04-03/7-232?utm_source=share&ref=49n2ns1h
FXw6,https://made.example.invalid/e04-03/2-233?utm_source=share&ref=o3q0tls7
FXw7,https://made.example.invalid/e04-03/9-234?utm_source=share&ref=8gv0o2ab
FXw8,https://made.example.invalid/e04-03/1-235?utm_source=share&ref=awrwu2pt
FXw9,https://made.example.invalid/e04-03/4-236?utm_source=share&ref=u09e6vvi
FXwa,https://made.example.invalid/e04-03/7-237?utm_source=share&ref=85uuo2d4
FXwb,https://made.example.invalid/e04-03/2-238?utm_source=share&ref=3bc0bwcf
FXwc,https://made.example.invalid/e04-03/9-239?utm_source=share&ref=ioswaqb2
FXwd,https://made.example.invalid/e04-03/1-240?utm_source=share&ref=vabo5995
FXwe,https://made.example.invalid/e04-03/4-241?utm_source=share&ref=w5fyu6bz
FXwf,https://made.example.invalid/e04-03/7-242?utm_source=share&ref=2m6nwzlc
FXwg,https://made.example.invalid/e04-03/2-243?utm_source=share&ref=mmswv5l4
FXwh,https://made.example.invalid/e04-03/9-244?utm_source=share&ref=brvo4173
FXwi,https://made.example.invalid/e04-03/1-245?utm_source=share&ref=btzz97xb
FXwj,https://made.example.invalid/e04-03/4-246?utm_source=share&ref=l3zh8rzw
FXwk,https://made.example.invalid/e04-03/7-247?utm_source=share&ref=w1cp1zd4
FXwl,https://made.example.invalid/e04-03/2-248?utm_source=share&ref=w42k4gbh
FXwm,https://made.example.invalid/e04-03/9-249?utm_source=share&ref=83qrpvla
FXwn,https://made.example.invalid/e04-03/1-250?utm_source=share&ref=6wuwsaub
FXwo,https://made.example.invalid/e04-03/4-251?utm_source=share&ref=iat8ibn7
FXwp,https://made.example.invalid/e04-03/7-252?utm_source=share&ref=rk2ppg9m
FXwq,https://made.example.invalid/e04-03/2-253?utm_source=share&ref=kkhat5g1
FXwr,https://made.example.invalid/e04-03/9-254?utm_source=share&ref=fgaw09ii
FXws,https://made.example.invalid/e04-03/1-255?utm_source=share&ref=ya6w7tee
FXwt,https://made.example.invalid/e04-03/4-256?utm_source=share&ref=277g0yl0
FXwu,https://made.example.invalid/e04-03/7-257?utm_source=share&ref=ooo0te4e
FXwv,https://made.example.invalid/e04-03/2-258?utm_source=share&ref=dci7ijby
FXww,https://made.example.invalid/e04-03/9-259?utm_source=share&ref=w613n646
FXwx,https://made.example.invalid/e04-03/1-260?utm_source=share&ref=vo85f5og
FXwy,https://made.example.invalid/e04-03/4-261?utm_source=share&ref=ral6uq7p
FXwz,https://made.example.invalid/e04-03/7-262?utm_source=share&ref=viw5hklx
FXwA,https://made.example.invalid/e04-03/2-263?utm_source=share&ref=4we4eruu
FXwB,https://made.example.invalid/e04-03/9-264?utm_source=share&ref=pv5i2opf
FXwC,https://made.example.invalid/e04-03/1-265?utm_source=share&ref=vn590op8
FXwD,https://made.example.invalid/e04-03/4-266?utm_source=share&ref=eo6ul1kz
FXwE,https://made.example.invalid/e04-03/7-267?utm_source=share&ref=qj83i09e
FXwF,https://made.example.invalid/e04-03/2-268?utm_source=share&ref=f5kr6av2
FXwG,https://made.example.invalid/e04-03/9-269?utm_source=share&ref=mnnrqbaw
FXwH,https://made.example.invalid/e04-03/1-270?utm_source=share&ref=6tcgaf0x
FXwI,https://made.example.invalid/e04-03/4-271?utm_source=share&ref=yelvig9n
FXwJ,https://made.example.invalid/e04-03/7-272?utm_source=share&ref=ca6f5bnt
FXwK,https://made.example.invalid/e04-03/2-273?utm_source=share&ref=t0fm026t
FXwL,https://made.example.invalid/e04-03/9-274?utm_source=share&ref=dr19zqxd
FXwM,https://made.example.invalid/e04-03/1-275?utm_source=share&ref=w3ktczmr
FXwN,https://made.example.invalid/e04-03/4-276?utm_source=share&ref=xfbatzm6
FXwO,https://made.example.invalid/e04-03/7-277?utm_source=share&ref=wtnkkliv
FXwP,https://made.example.invalid/e04-03/2-278?utm_source=share&ref=rw5xvpet
FXwQ,https://made.example.invalid/e04-03/9-279?utm_source=share&ref=2jckm7kz
FXwR,https://made.example.invalid/e04-03/1-280?utm_source=share&ref=go33u0n0
FXwS,https://made.example.invalid/e04-03/4-281?utm_source=share&ref=ph8fszed
FXwT,https://made.example.invalid/e04-03/7-282?utm_source=share&ref=16pvgvcd
FXwU,https://made.example.invalid/e04-03/2-283?utm_source=share&ref=meryc4f1
FXwV,https://made.example.invalid/e04-03/9-284?utm_source=share&ref=mp39hdne
FXwW,https://made.example.invalid/e04-03/1-285?utm_source=share&ref=enomy73m
FXwX,https://made.example.invalid/e04-03/4-286?utm_source=share&ref=xfp25gq0
FXwY,https://made.example.invalid/e04-03/7-287?utm_source=share&ref=8e0br5gl
FXwZ,https://made.example.invalid/e04-03/2-288?utm_source=share&ref=ii08xulu
FXx0,https://made.example.invalid/e04-03/9-289?utm_source=share&ref=8cdzc6yy
FXx1,https://made.example.invalid/e04-03/1-290?utm_source=share&ref=t5a712ze
FXx2,https://made.example.invalid/e04-03/4-291?utm_source=share&ref=b9wqi2r9
FXx3,https://made.example.invalid/e04-03/7-292?utm_source=share&ref=c881njj7
FXx4,https://made.example.invalid/e04-03/2-293?utm_source=share&ref=8u5xb386
FXx5,https://made.example.invalid/e04-03/9-294?utm_source=share&ref=sttp0bf5
FXx6,https://made.example.invalid/e04-03/1-295?utm_source=share&ref=dbultz7s
FXx7,https://made.example.invalid/e04-03/4-296?utm_source=share&ref=ywuefeja
FXx8,https://made.example.invalid/e04-03/7-297?utm_source=share&ref=ditdways
FXx9,https://made.example.invalid/e04-03/2-298?utm_source=share&ref=1h2xb7s2
FXxa,https://made.example.invalid/e04-03/9-299?utm_source=share&ref=4ckiuc76
FXxb,https://made.example.invalid/e04-03/1-300?utm_source=share&ref=7jrn0q8i
FXxc,https://made.example.invalid/e04-03/4-301?utm_source=share&ref=3xignfw4
FXxd,https://made.example.invalid/e04-03/7-302?utm_source=share&ref=cyxr3oo5
FXxe,https://made.example.invalid/e04-03/2-303?utm_source=share&ref=okpbnl8k
FXxf,https://made.example.invalid/e04-03/9-304?utm_source=share&ref=1jkgmb8g
FXxg,https://made.example.invalid/e04-03/1-305?utm_source=share&ref=16xrhpou
FXxh,https://made.example.invalid/e04-03/4-306?utm_source=share&ref=3aqqv1ts
FXxi,https://made.example.invalid/e04-03/7-307?utm_source=share&ref=39877g9s
FXxj,https://made.example.invalid/e04-03/2-308?utm_source=share&ref=h87is6rp
FXxk,https://made.example.invalid/e04-03/9-309?utm_source=share&ref=2xbnknn8
FXxl,https://made.example.invalid/e04-03/1-310?utm_source=share&ref=z801ioca
FXxm,https://made.example.invalid/e04-03/4-311?utm_source=share&ref=iowoz1h1
FXxn,https://made.example.invalid/e04-03/7-312?utm_source=share&ref=4eawt68u
FXxo,https://made.example.invalid/e04-03/2-313?utm_source=share&ref=79j6qdwc
FXxp,https://made.example.invalid/e04-03/9-314?utm_source=share&ref=n1wk26rt
FXxq,https://made.example.invalid/e04-03/1-315?utm_source=share&ref=gdoclult
FXxr,https://made.example.invalid/e04-03/4-316?utm_source=share&ref=zetjdfw2
FXxs,https://made.example.invalid/e04-03/7-317?utm_source=share&ref=p5jl7y0m
FXxt,https://made.example.invalid/e04-03/2-318?utm_source=share&ref=d46qmsy9
FXxu,https://made.example.invalid/e04-03/9-319?utm_source=share&ref=3j9ttxvu
FXxv,https://made.example.invalid/e04-03/1-320?utm_source=share&ref=ntv6140r
FXxw,https://made.example.invalid/e04-03/4-321?utm_source=share&ref=izl0ojkt
FXxx,https://made.example.invalid/e04-03/7-322?utm_source=share&ref=jb2jrnle
FXxy,https://made.example.invalid/e04-03/2-323?utm_source=share&ref=3ry5lpqf
FXxz,https://made.example.invalid/e04-03/9-324?utm_source=share&ref=eaboe9fg
FXxA,https://made.example.invalid/e04-03/1-325?utm_source=share&ref=pedd55c9
FXxB,https://made.example.invalid/e04-03/4-326?utm_source=share&ref=150u0pi1
FXxC,https://made.example.invalid/e04-03/7-327?utm_source=share&ref=xt19p7qu
FXxD,https://made.example.invalid/e04-03/2-328?utm_source=share&ref=qlh0sgae
FXxE,https://made.example.invalid/e04-03/9-329?utm_source=share&ref=g1lt4v27
FXxF,https://made.example.invalid/e04-03/1-330?utm_source=share&ref=73mc6esw
FXxG,https://made.example.invalid/e04-03/4-331?utm_source=share&ref=58safxm3
FXxH,https://made.example.invalid/e04-03/7-332?utm_source=share&ref=12640ju1
FXxI,https://made.example.invalid/e04-03/2-333?utm_source=share&ref=vu6qbps6
FXxJ,https://made.example.invalid/e04-03/9-334?utm_source=share&ref=o7totlx4
FXxK,https://made.example.invalid/e04-03/1-335?utm_source=share&ref=i5luuy9s
FXxL,https://made.example.invalid/e04-03/4-336?utm_source=share&ref=jm3cu1nt
FXxM,https://made.example.invalid/e04-03/7-337?utm_source=share&ref=8nhq4uva
FXxN,https://made.example.invalid/e04-03/2-338?utm_source=share&ref=q02y7a2q
FXxO,https://made.example.invalid/e04-03/9-339?utm_source=share&ref=7455k7a8
FXxP,https://made.example.invalid/e04-03/1-340?utm_source=share&ref=gvd3r6rn
FXxQ,https://made.example.invalid/e04-03/4-341?utm_source=share&ref=xkmvkjpg
FXxR,https://made.example.invalid/e04-03/7-342?utm_source=share&ref=yxt8f1ye
FXxS,https://made.example.invalid/e04-03/2-343?utm_source=share&ref=d7jcd2uv
FXxT,https://made.example.invalid/e04-03/9-344?utm_source=share&ref=m5n6upzk
FXxU,https://made.example.invalid/e04-03/1-345?utm_source=share&ref=i6lnn4ud
FXxV,https://made.example.invalid/e04-03/4-346?utm_source=share&ref=okuz02yr
FXxW,https://made.example.invalid/e04-03/7-347?utm_source=share&ref=tas72h0v
FXxX,https://made.example.invalid/e04-03/2-348?utm_source=share&ref=pr6q16y1
FXxY,https://made.example.invalid/e04-03/9-349?utm_source=share&ref=29dyfomv
FXxZ,https://made.example.invalid/e04-03/1-350?utm_source=share&ref=6msrhka4
FXy0,https://made.example.invalid/e04-03/4-351?utm_source=share&ref=pcunnos4
FXy1,https://made.example.invalid/e04-03/7-352?utm_source=share&ref=ns9f2jv3
FXy2,https://made.example.invalid/e04-03/2-353?utm_source=share&ref=w33iwdwx
FXy3,https://made.example.invalid/e04-03/9-354?utm_source=share&ref=dplk38nq
FXy4,https://made.example.invalid/e04-03/1-355?utm_source=share&ref=c306gmol
FXy5,https://made.example.invalid/e04-03/4-356?utm_source=share&ref=he8zghsu
FXy6,https://made.example.invalid/e04-03/7-357?utm_source=share&ref=2a57ijhm
FXy7,https://made.example.invalid/e04-03/2-358?utm_source=share&ref=7konvywq
FXy8,https://made.example.invalid/e04-03/9-359?utm_source=share&ref=jzw1s7k7
FXy9,https://made.example.invalid/e04-03/1-360?utm_source=share&ref=p3c1uk8b
FXya,https://made.example.invalid/e04-03/4-361?utm_source=share&ref=f279hgjj
FXyb,https://made.example.invalid/e04-03/7-362?utm_source=share&ref=8rhciwb0
FXyc,https://made.example.invalid/e04-03/2-363?utm_source=share&ref=a38etock
FXyd,https://made.example.invalid/e04-03/9-364?utm_source=share&ref=05cc02wn
FXye,https://made.example.invalid/e04-03/1-365?utm_source=share&ref=n6hha2yv
FXyf,https://made.example.invalid/e04-03/4-366?utm_source=share&ref=36i0vriq
FXyg,https://made.example.invalid/e04-03/7-367?utm_source=share&ref=5hwpzfwy
FXyh,https://made.example.invalid/e04-03/2-368?utm_source=share&ref=jzmszvqx
FXyi,https://made.example.invalid/e04-03/9-369?utm_source=share&ref=i8qalq24
FXyj,https://made.example.invalid/e04-03/1-370?utm_source=share&ref=l5756pce
FXyk,https://made.example.invalid/e04-03/4-371?utm_source=share&ref=amu3qbro
FXyl,https://made.example.invalid/e04-03/7-372?utm_source=share&ref=q3khttm4
FXym,https://made.example.invalid/e04-03/2-373?utm_source=share&ref=otjwq13p
FXyn,https://made.example.invalid/e04-03/9-374?utm_source=share&ref=s29w3a5k
FXyo,https://made.example.invalid/e04-03/1-375?utm_source=share&ref=j9qumap0
FXyp,https://made.example.invalid/e04-03/4-376?utm_source=share&ref=fokz2nd3
FXyq,https://made.example.invalid/e04-03/7-377?utm_source=share&ref=y04xz3ks
FXyr,https://made.example.invalid/e04-03/2-378?utm_source=share&ref=spsqi0tt
FXys,https://made.example.invalid/e04-03/9-379?utm_source=share&ref=qbiaflvx
FXyt,https://made.example.invalid/e04-03/1-380?utm_source=share&ref=v3zdd5do
FXyu,https://made.example.invalid/e04-03/4-381?utm_source=share&ref=bm79fvuh
FXyv,https://made.example.invalid/e04-03/7-382?utm_source=share&ref=602y3t3w
FXyw,https://made.example.invalid/e04-03/2-383?utm_source=share&ref=8ef6ui90
FXyx,https://made.example.invalid/e04-03/9-384?utm_source=share&ref=14cp1tvk
FXyy,https://made.example.invalid/e04-03/1-385?utm_source=share&ref=6jci9dqi
FXyz,https://made.example.invalid/e04-03/4-386?utm_source=share&ref=0lp7h4sn
FXyA,https://made.example.invalid/e04-03/7-387?utm_source=share&ref=wdiwbflr
FXyB,https://made.example.invalid/e04-03/2-388?utm_source=share&ref=q8b6jog5
FXyC,https://made.example.invalid/e04-03/9-389?utm_source=share&ref=jqw8pf92
FXyD,https://made.example.invalid/e04-03/1-390?utm_source=share&ref=44cfz29z
FXyE,https://made.example.invalid/e04-03/4-391?utm_source=share&ref=f7ej128p
FXyF,https://made.example.invalid/e04-03/7-392?utm_source=share&ref=jcnj7o8c
FXyG,https://made.example.invalid/e04-03/2-393?utm_source=share&ref=33zulrl4
FXyH,https://made.example.invalid/e04-03/9-394?utm_source=share&ref=6s40qgbm
FXyI,https://made.example.invalid/e04-03/1-395?utm_source=share&ref=jtp4rq07
FXyJ,https://made.example.invalid/e04-03/4-396?utm_source=share&ref=vhobpts5
FXyK,https://made.example.invalid/e04-03/7-397?utm_source=share&ref=uys7hq38
FXyL,https://made.example.invalid/e04-03/2-398?utm_source=share&ref=p4wgqept
FXyM,https://made.example.invalid/e04-03/9-399?utm_source=share&ref=tdg61k66
FXyN,https://made.example.invalid/e04-03/1-400?utm_source=share&ref=x0b96cn6
FXyO,https://made.example.invalid/e04-03/4-401?utm_source=share&ref=4ki9xx27
FXyP,https://made.example.invalid/e04-03/7-402?utm_source=share&ref=akz08vdu
FXyQ,https://made.example.invalid/e04-03/2-403?utm_source=share&ref=qfyjev05
FXyR,https://made.example.invalid/e04-03/9-404?utm_source=share&ref=o6yg6a7s
FXyS,https://made.example.invalid/e04-03/1-405?utm_source=share&ref=wo17oyvg
FXyT,https://made.example.invalid/e04-03/4-406?utm_source=share&ref=inty76nn
FXyU,https://made.example.invalid/e04-03/7-407?utm_source=share&ref=tglbdhij
FXyV,https://made.example.invalid/e04-03/2-408?utm_source=share&ref=3yyg5n92
FXyW,https://made.example.invalid/e04-03/9-409?utm_source=share&ref=df4keyan
FXyX,https://made.example.invalid/e04-03/1-410?utm_source=share&ref=nok944f4
FXyY,https://made.example.invalid/e04-03/4-411?utm_source=share&ref=84argsm8
FXyZ,https://made.example.invalid/e04-03/7-412?utm_source=share&ref=lnvuv40k
FXz0,https://made.example.invalid/e04-03/2-413?utm_source=share&ref=fp8mv0j3
FXz1,https://made.example.invalid/e04-03/9-414?utm_source=share&ref=7xnd5vpu
FXz2,https://made.example.invalid/e04-03/1-415?utm_source=share&ref=buwd4y1t
FXz3,https://made.example.invalid/e04-03/4-416?utm_source=share&ref=oetnufkd
FXz4,https://made.example.invalid/e04-03/7-417?utm_source=share&ref=cer4ysia
FXz5,https://made.example.invalid/e04-03/2-418?utm_source=share&ref=zy8bg8bb
FXz6,https://made.example.invalid/e04-03/9-419?utm_source=share&ref=k120mqb5
FXz7,https://made.example.invalid/e04-03/1-420?utm_source=share&ref=2vp5nimd
FXz8,https://made.example.invalid/e04-03/4-421?utm_source=share&ref=wx9957ru
FXz9,https://made.example.invalid/e04-03/7-422?utm_source=share&ref=3t73w0r8
FXza,https://made.example.invalid/e04-03/2-423?utm_source=share&ref=rtj4jsym
FXzb,https://made.example.invalid/e04-03/9-424?utm_source=share&ref=9u0ns6le
FXzc,https://made.example.invalid/e04-03/1-425?utm_source=share&ref=cqxm5ujs
FXzd,https://made.example.invalid/e04-03/4-426?utm_source=share&ref=mvsaogd2
FXze,https://made.example.invalid/e04-03/7-427?utm_source=share&ref=1xnnt4hc
FXzf,https://made.example.invalid/e04-03/2-428?utm_source=share&ref=gi94fx8j
FXzg,https://made.example.invalid/e04-03/9-429?utm_source=share&ref=812n7vv6
FXzh,https://made.example.invalid/e04-03/1-430?utm_source=share&ref=rwussg5i
FXzi,https://made.example.invalid/e04-03/4-431?utm_source=share&ref=8zae0g80
FXzj,https://made.example.invalid/e04-03/7-432?utm_source=share&ref=ue7cvrgb
FXzk,https://made.example.invalid/e04-03/2-433?utm_source=share&ref=5zuil94o
FXzl,https://made.example.invalid/e04-03/9-434?utm_source=share&ref=xyqzwmju
FXzm,https://made.example.invalid/e04-03/1-435?utm_source=share&ref=6iffhza9
FXzn,https://made.example.invalid/e04-03/4-436?utm_source=share&ref=a84hcahq
FXzo,https://made.example.invalid/e04-03/7-437?utm_source=share&ref=1u21t5s4
FXzp,https://made.example.invalid/e04-03/2-438?utm_source=share&ref=7g8p3nmh
FXzq,https://made.example.invalid/e04-03/9-439?utm_source=share&ref=fp84kwww
FXzr,https://made.example.invalid/e04-03/1-440?utm_source=share&ref=lesycabh
FXzs,https://made.example.invalid/e04-03/4-441?utm_source=share&ref=up6ir13z
FXzt,https://made.example.invalid/e04-03/7-442?utm_source=share&ref=i16zd6ez
FXzu,https://made.example.invalid/e04-03/2-443?utm_source=share&ref=tttyplmf
FXzv,https://made.example.invalid/e04-03/9-444?utm_source=share&ref=wtob9yf0
FXzw,https://made.example.invalid/e04-03/1-445?utm_source=share&ref=48ljsykz
FXzx,https://made.example.invalid/e04-03/4-446?utm_source=share&ref=6p41reel
FXzy,https://made.example.invalid/e04-03/7-447?utm_source=share&ref=r05xols9
FXzz,https://made.example.invalid/e04-03/2-448?utm_source=share&ref=qskxhumk
FXzA,https://made.example.invalid/e04-03/9-449?utm_source=share&ref=b7i9q034
FXzB,https://made.example.invalid/e04-03/1-450?utm_source=share&ref=88kvgqgi
FXzC,https://made.example.invalid/e04-03/4-451?utm_source=share&ref=dyommntl
FXzD,https://made.example.invalid/e04-03/7-452?utm_source=share&ref=fvb69m92
FXzE,https://made.example.invalid/e04-03/2-453?utm_source=share&ref=qa4ljefa
FXzF,https://made.example.invalid/e04-03/9-454?utm_source=share&ref=5cx8dmrv
FXzG,https://made.example.invalid/e04-03/1-455?utm_source=share&ref=4usbupvk
FXzH,https://made.example.invalid/e04-03/4-456?utm_source=share&ref=ds49vmnp
FXzI,https://made.example.invalid/e04-03/7-457?utm_source=share&ref=frj1mhc7
FXzJ,https://made.example.invalid/e04-03/2-458?utm_source=share&ref=0m0qwbrt
FXzK,https://made.example.invalid/e04-03/9-459?utm_source=share&ref=k8qpi8f1
FXzL,https://made.example.invalid/e04-03/1-460?utm_source=share&ref=pk2tvfja
FXzM,https://made.example.invalid/e04-03/4-461?utm_source=share&ref=oeoockq7
FXzN,https://made.example.invalid/e04-03/7-462?utm_source=share&ref=581a5k6d
FXzO,https://made.example.invalid/e04-03/2-463?utm_source=share&ref=e6looj1m
FXzP,https://made.example.invalid/e04-03/9-464?utm_source=share&ref=j7o05g72
FXzQ,https://made.example.invalid/e04-03/1-465?utm_source=share&ref=5q4duszp
FXzR,https://made.example.invalid/e04-03/4-466?utm_source=share&ref=tlypoiho
FXzS,https://made.example.invalid/e04-03/7-467?utm_source=share&ref=abq84bj2
FXzT,https://made.example.invalid/e04-03/2-468?utm_source=share&ref=6uc90upy
FXzU,https://made.example.invalid/e04-03/9-469?utm_source=share&ref=hya5bgw3
FXzV,https://made.example.invalid/e04-03/1-470?utm_source=share&ref=ruxqcemh
FXzW,https://made.example.invalid/e04-03/4-471?utm_source=share&ref=f3yt8oub
FXzX,https://made.example.invalid/e04-03/7-472?utm_source=share&ref=0w74fe24
FXzY,https://made.example.invalid/e04-03/2-473?utm_source=share&ref=xh3jeuta
FXzZ,https://made.example.invalid/e04-03/9-474?utm_source=share&ref=i0kpmz8x
FXA0,https://made.example.invalid/e04-03/1-475?utm_source=share&ref=3mn66qyx
FXA1,https://made.example.invalid/e04-03/4-476?utm_source=share&ref=sl5knq7e
FXA2,https://made.example.invalid/e04-03/7-477?utm_source=share&ref=nmb7r4j1
FXA3,https://made.example.invalid/e04-03/2-478?utm_source=share&ref=rbofv2nl
FXA4,https://made.example.invalid/e04-03/9-479?utm_source=share&ref=mhndxtkn
FXA5,https://made.example.invalid/e04-03/1-480?utm_source=share&ref=34nlbkt7
FXA6,https://made.example.invalid/e04-03/4-481?utm_source=share&ref=5wv345lx
FXA7,https://made.example.invalid/e04-03/7-482?utm_source=share&ref=nh99qm2d
FXA8,https://made.example.invalid/e04-03/2-483?utm_source=share&ref=fipwb4i0
FXA9,https://made.example.invalid/e04-03/9-484?utm_source=share&ref=7mmh44ys
FXAa,https://made.example.invalid/e04-03/1-485?utm_source=share&ref=jz87q8gc
FXAb,https://made.example.invalid/e04-03/4-486?utm_source=share&ref=85b1ygra
FXAc,https://made.example.invalid/e04-03/7-487?utm_source=share&ref=wek20mdj
FXAd,https://made.example.invalid/e04-03/2-488?utm_source=share&ref=cbq0aylj
FXAe,https://made.example.invalid/e04-03/9-489?utm_source=share&ref=lo3hmkfq
FXAf,https://made.example.invalid/e04-03/1-490?utm_source=share&ref=yfb9vjva
FXAg,https://made.example.invalid/e04-03/4-491?utm_source=share&ref=zahri2lo
FXAh,https://made.example.invalid/e04-03/7-492?utm_source=share&ref=1243fkpe
FXAi,https://made.example.invalid/e04-03/2-493?utm_source=share&ref=oxzbwc3k
FXAj,https://made.example.invalid/e04-03/9-494?utm_source=share&ref=gvmblt1j
FXAk,https://made.example.invalid/e04-03/1-495?utm_source=share&ref=108g4gqi
FXAl,https://made.example.invalid/e04-03/4-496?utm_source=share&ref=hcbk1pl8
FXAm,https://made.example.invalid/e04-03/7-497?utm_source=share&ref=q693vrsm
FXAn,https://made.example.invalid/e04-03/2-498?utm_source=share&ref=tidjrjp5
FXAo,https://made.example.invalid/e04-03/9-499?utm_source=share&ref=8uyq40tf
FXAp,https://made.example.invalid/e04-03/1-500?utm_source=share&ref=ubr98npj
FXAq,https://made.example.invalid/e04-03/4-501?utm_source=share&ref=7xvnayod
FXAr,https://made.example.invalid/e04-03/7-502?utm_source=share&ref=vtl4x8d7
FXAs,https://made.example.invalid/e04-03/2-503?utm_source=share&ref=o2b9nm1q
FXAt,https://made.example.invalid/e04-03/9-504?utm_source=share&ref=2s7fi09e
FXAu,https://made.example.invalid/e04-03/1-505?utm_source=share&ref=fu639ij2
FXAv,https://made.example.invalid/e04-03/4-506?utm_source=share&ref=h0xwn8m5
FXAw,https://made.example.invalid/e04-03/7-507?utm_source=share&ref=mgatqlse
FXAx,https://made.example.invalid/e04-03/2-508?utm_source=share&ref=ykophv4p
FXAy,https://made.example.invalid/e04-03/9-509?utm_source=share&ref=f78y3sjh
FXAz,https://made.example.invalid/e04-03/1-510?utm_source=share&ref=ht7m8s7i
FXAA,https://made.example.invalid/e04-03/4-511?utm_source=share&ref=o4g5l71w
FXAB,https://made.example.invalid/e04-03/7-512?utm_source=share&ref=wfq5mx7v
FXAC,https://made.example.invalid/e04-03/2-513?utm_source=share&ref=pz5sg9tm
FXAD,https://made.example.invalid/e04-03/9-514?utm_source=share&ref=mb9ttjzh
FXAE,https://made.example.invalid/e04-03/1-515?utm_source=share&ref=sf3hz3xo
FXAF,https://made.example.invalid/e04-03/4-516?utm_source=share&ref=jlmsn2ad
FXAG,https://made.example.invalid/e04-03/7-517?utm_source=share&ref=yxrt9dgb
FXAH,https://made.example.invalid/e04-03/2-518?utm_source=share&ref=he5767hy
FXAI,https://made.example.invalid/e04-03/9-519?utm_source=share&ref=52a00yld
FXAJ,https://made.example.invalid/e04-03/1-520?utm_source=share&ref=kzoztsp4
FXAK,https://made.example.invalid/e04-03/4-521?utm_source=share&ref=myc4l0bz
FXAL,https://made.example.invalid/e04-03/7-522?utm_source=share&ref=gpuhljbh
FXAM,https://made.example.invalid/e04-03/2-523?utm_source=share&ref=hclkcr65
FXAN,https://made.example.invalid/e04-03/9-524?utm_source=share&ref=yd75mrie
FXAO,https://made.example.invalid/e04-03/1-525?utm_source=share&ref=hd539uzh
FXAP,https://made.example.invalid/e04-03/4-526?utm_source=share&ref=wvtltshc
FXAQ,https://made.example.invalid/e04-03/7-527?utm_source=share&ref=ifzj2vo1
FXAR,https://made.example.invalid/e04-03/2-528?utm_source=share&ref=8sx3d7h9
FXAS,https://made.example.invalid/e04-03/9-529?utm_source=share&ref=6ezmpmqp
FXAT,https://made.example.invalid/e04-03/1-530?utm_source=share&ref=k11ocuwo
FXAU,https://made.example.invalid/e04-03/4-531?utm_source=share&ref=qizzb2h0
FXAV,https://made.example.invalid/e04-03/7-532?utm_source=share&ref=tp7ap54w
FXAW,https://made.example.invalid/e04-03/2-533?utm_source=share&ref=ttdtqx3u
FXAX,https://made.example.invalid/e04-03/9-534?utm_source=share&ref=ww75d3r5
FXAY,https://made.example.invalid/e04-03/1-535?utm_source=share&ref=rhrg438j
FXAZ,https://made.example.invalid/e04-03/4-536?utm_source=share&ref=jf01hk9v
FXB0,https://made.example.invalid/e04-03/7-537?utm_source=share&ref=bugis4cf
FXB1,https://made.example.invalid/e04-03/2-538?utm_source=share&ref=sxf1tqca
FXB2,https://made.example.invalid/e04-03/9-539?utm_source=share&ref=gz2ll1hm
FXB3,https://made.example.invalid/e04-03/1-540?utm_source=share&ref=4ui70ock
FXB4,https://made.example.invalid/e04-03/4-541?utm_source=share&ref=tnk21nbr
FXB5,https://made.example.invalid/e04-03/7-542?utm_source=share&ref=1f0yuwhl
FXB6,https://made.example.invalid/e04-03/2-543?utm_source=share&ref=9377uahm
FXB7,https://made.example.invalid/e04-03/9-544?utm_source=share&ref=wl0gv76g
FXB8,https://made.example.invalid/e04-03/1-545?utm_source=share&ref=4rnv4evu
FXB9,https://made.example.invalid/e04-03/4-546?utm_source=share&ref=w7sd34lr
FXBa,https://made.example.invalid/e04-03/7-547?utm_source=share&ref=an3xl4ee
FXBb,https://made.example.invalid/e04-03/2-548?utm_source=share&ref=joawhw3a
FXBc,https://made.example.invalid/e04-03/9-549?utm_source=share&ref=z1zmes04
FXBd,https://made.example.invalid/e04-03/1-550?utm_source=share&ref=nc6d9tbi
FXBe,https://made.example.invalid/e04-03/4-551?utm_source=share&ref=nzw4t6gb
FXBf,https://made.example.invalid/e04-03/7-552?utm_source=share&ref=bfigrtan
FXBg,https://made.example.invalid/e04-03/2-553?utm_source=share&ref=oahwi79m
FXBh,https://made.example.invalid/e04-03/9-554?utm_source=share&ref=ynpnsidk
FXBi,https://made.example.invalid/e04-03/1-555?utm_source=share&ref=o54p6xpo
FXBj,https://made.example.invalid/e04-03/4-556?utm_source=share&ref=taztc44e
FXBk,https://made.example.invalid/e04-03/7-557?utm_source=share&ref=019tkboe
FXBl,https://made.example.invalid/e04-03/2-558?utm_source=share&ref=5ijprz2i
FXBm,https://made.example.invalid/e04-03/9-559?utm_source=share&ref=15rzzdga
FXBn,https://made.example.invalid/e04-03/1-560?utm_source=share&ref=exvhkn8d
FXBo,https://made.example.invalid/e04-03/4-561?utm_source=share&ref=yjynrv1n
FXBp,https://made.example.invalid/e04-03/7-562?utm_source=share&ref=o66zgyj7
FXBq,https://made.example.invalid/e04-03/2-563?utm_source=share&ref=kmmxp2pl
FXBr,https://made.example.invalid/e04-03/9-564?utm_source=share&ref=kkdnfhkb
FXBs,https://made.example.invalid/e04-03/1-565?utm_source=share&ref=vepgg7j5
FXBt,https://made.example.invalid/e04-03/4-566?utm_source=share&ref=f101rym9
FXBu,https://made.example.invalid/e04-03/7-567?utm_source=share&ref=tue8031c
FXBv,https://made.example.invalid/e04-03/2-568?utm_source=share&ref=ukbwcxx5
FXBw,https://made.example.invalid/e04-03/9-569?utm_source=share&ref=qjjxypbr
FXBx,https://made.example.invalid/e04-03/1-570?utm_source=share&ref=3nz21nmt
FXBy,https://made.example.invalid/e04-03/4-571?utm_source=share&ref=lsq660kn
FXBz,https://made.example.invalid/e04-03/7-572?utm_source=share&ref=b1x11hmb
FXBA,https://made.example.invalid/e04-03/2-573?utm_source=share&ref=s2oncuug
FXBB,https://made.example.invalid/e04-03/9-574?utm_source=share&ref=a25wzqir
FXBC,https://made.example.invalid/e04-03/1-575?utm_source=share&ref=22vhfx0m
FXBD,https://made.example.invalid/e04-03/4-576?utm_source=share&ref=gccw5uwu
FXBE,https://made.example.invalid/e04-03/7-577?utm_source=share&ref=bmix2xdp
FXBF,https://made.example.invalid/e04-03/2-578?utm_source=share&ref=h775qaks
FXBG,https://made.example.invalid/e04-03/9-579?utm_source=share&ref=uvmorfk1
FXBH,https://made.example.invalid/e04-03/1-580?utm_source=share&ref=i94v8aow
FXBI,https://made.example.invalid/e04-03/4-581?utm_source=share&ref=pyouvw78
FXBJ,https://made.example.invalid/e04-03/7-582?utm_source=share&ref=j30vm9bz
FXBK,https://made.example.invalid/e04-03/2-583?utm_source=share&ref=qp1dujdf
FXBL,https://made.example.invalid/e04-03/9-584?utm_source=share&ref=m54pxd8b
FXBM,https://made.example.invalid/e04-03/1-585?utm_source=share&ref=pql52yka
FXBN,https://made.example.invalid/e04-03/4-586?utm_source=share&ref=o22lchym
FXBO,https://made.example.invalid/e04-03/7-587?utm_source=share&ref=nlrnyji6
FXBP,https://made.example.invalid/e04-03/2-588?utm_source=share&ref=hd5aa8gg
FXBQ,https://made.example.invalid/e04-03/9-589?utm_source=share&ref=9n0mdzyc
FXBR,https://made.example.invalid/e04-03/1-590?utm_source=share&ref=zgus1wgp
FXBS,https://made.example.invalid/e04-03/4-591?utm_source=share&ref=8zj7a311
FXBT,https://made.example.invalid/e04-03/7-592?utm_source=share&ref=d1bqzyz6
FXBU,https://made.example.invalid/e04-03/2-593?utm_source=share&ref=ie0fxrr9
FXBV,https://made.example.invalid/e04-03/9-594?utm_source=share&ref=4tnzjf2i
FXBW,https://made.example.invalid/e04-03/1-595?utm_source=share&ref=68fcvexb
FXBX,https://made.example.invalid/e04-03/4-596?utm_source=share&ref=kees6tuw
FXBY,https://made.example.invalid/e04-03/7-597?utm_source=share&ref=oscyq6sk
FXBZ,https://made.example.invalid/e04-03/2-598?utm_source=share&ref=80zdu1fu
FXC0,https://made.example.invalid/e04-03/9-599?utm_source=share&ref=zqgankdh
FXC1,https://made.example.invalid/e04-03/1-600?utm_source=share&ref=2iei03cp
FXC2,https://made.example.invalid/e04-03/4-601?utm_source=share&ref=1r6reajj
FXC3,https://made.example.invalid/e04-03/7-602?utm_source=share&ref=n5m7i5v9
FXC4,https://made.example.invalid/e04-03/2-603?utm_source=share&ref=vwvi2gvk
FXC5,https://made.example.invalid/e04-03/9-604?utm_source=share&ref=q4yfxa7e
FXC6,https://made.example.invalid/e04-03/1-605?utm_source=share&ref=p8e56zp4
FXC7,https://made.example.invalid/e04-03/4-606?utm_source=share&ref=p5amc52n
FXC8,https://made.example.invalid/e04-03/7-607?utm_source=share&ref=dsf7xjbh
FXC9,https://made.example.invalid/e04-03/2-608?utm_source=share&ref=s8u9bt7e
FXCa,https://made.example.invalid/e04-03/9-609?utm_source=share&ref=nvp6tte0
FXCb,https://made.example.invalid/e04-03/1-610?utm_source=share&ref=450xby8d
FXCc,https://made.example.invalid/e04-03/4-611?utm_source=share&ref=a48o91y2
FXCd,https://made.example.invalid/e04-03/7-612?utm_source=share&ref=pd4m72ne
FXCe,https://made.example.invalid/e04-03/2-613?utm_source=share&ref=dvlspl4e
FXCf,https://made.example.invalid/e04-03/9-614?utm_source=share&ref=gahpotml
FXCg,https://made.example.invalid/e04-03/1-615?utm_source=share&ref=dr9zbrky
FXCh,https://made.example.invalid/e04-03/4-616?utm_source=share&ref=yqvsi80a
FXCi,https://made.example.invalid/e04-03/7-617?utm_source=share&ref=obbto7bk
FXCj,https://made.example.invalid/e04-03/2-618?utm_source=share&ref=6ium9c3j
FXCk,https://made.example.invalid/e04-03/9-619?utm_source=share&ref=2ffn52iw
FXCl,https://made.example.invalid/e04-03/1-620?utm_source=share&ref=rmaw0hxf
FXCm,https://made.example.invalid/e04-03/4-621?utm_source=share&ref=3jde66nl
FXCn,https://made.example.invalid/e04-03/7-622?utm_source=share&ref=e7qy5sed
FXCo,https://made.example.invalid/e04-03/2-623?utm_source=share&ref=5fjieuo9
FXCp,https://made.example.invalid/e04-03/9-624?utm_source=share&ref=j7a8wl5i
FXCq,https://made.example.invalid/e04-03/1-625?utm_source=share&ref=87vqllf3
FXCr,https://made.example.invalid/e04-03/4-626?utm_source=share&ref=mzkpq69y
FXCs,https://made.example.invalid/e04-03/7-627?utm_source=share&ref=5rn6khn5
FXCt,https://made.example.invalid/e04-03/2-628?utm_source=share&ref=lixv9y5h
FXCu,https://made.example.invalid/e04-03/9-629?utm_source=share&ref=jj3vyj6q
FXCv,https://made.example.invalid/e04-03/1-630?utm_source=share&ref=goq87eog
FXCw,https://made.example.invalid/e04-03/4-631?utm_source=share&ref=nf2pn2yr
FXCx,https://made.example.invalid/e04-03/7-632?utm_source=share&ref=lycbxd05
FXCy,https://made.example.invalid/e04-03/2-633?utm_source=share&ref=wiyuqy58
FXCz,https://made.example.invalid/e04-03/9-634?utm_source=share&ref=93gpwcz4
FXCA,https://made.example.invalid/e04-03/1-635?utm_source=share&ref=2sxwn8st
FXCB,https://made.example.invalid/e04-03/4-636?utm_source=share&ref=ogk5760t
FXCC,https://made.example.invalid/e04-03/7-637?utm_source=share&ref=b0muqcne
FXCD,https://made.example.invalid/e04-03/2-638?utm_source=share&ref=tasmgdbj
FXCE,https://made.example.invalid/e04-03/9-639?utm_source=share&ref=vqsprkjg
FXCF,https://made.example.invalid/e04-03/1-640?utm_source=share&ref=6hd846ky
FXCG,https://made.example.invalid/e04-03/4-641?utm_source=share&ref=5nqopd6s
FXCH,https://made.example.invalid/e04-03/7-642?utm_source=share&ref=tyes63o9
FXCI,https://made.example.invalid/e04-03/2-643?utm_source=share&ref=wfts7hma
FXCJ,https://made.example.invalid/e04-03/9-644?utm_source=share&ref=0vfae224
FXCK,https://made.example.invalid/e04-03/1-645?utm_source=share&ref=8a3zpotn
FXCL,https://made.example.invalid/e04-03/4-646?utm_source=share&ref=c3q7bcb7
FXCM,https://made.example.invalid/e04-03/7-647?utm_source=share&ref=6kknn6h6
FXCN,https://made.example.invalid/e04-03/2-648?utm_source=share&ref=w09p7w3z
FXCO,https://made.example.invalid/e04-03/9-649?utm_source=share&ref=qhbznvmp
FXCP,https://made.example.invalid/e04-03/1-650?utm_source=share&ref=el4oaock
FXCQ,https://made.example.invalid/e04-03/4-651?utm_source=share&ref=bwpkb6tp
FXCR,https://made.example.invalid/e04-03/7-652?utm_source=share&ref=0atqeexs
FXCS,https://made.example.invalid/e04-03/2-653?utm_source=share&ref=euzl4chy
FXCT,https://made.example.invalid/e04-03/9-654?utm_source=share&ref=v90o41wv
FXCU,https://made.example.invalid/e04-03/1-655?utm_source=share&ref=xjlwbu98
FXCV,https://made.example.invalid/e04-03/4-656?utm_source=share&ref=j873db6b
FXCW,https://made.example.invalid/e04-03/7-657?utm_source=share&ref=d50k98x6
FXCX,https://made.example.invalid/e04-03/2-658?utm_source=share&ref=kiyotta0
FXCY,https://made.example.invalid/e04-03/9-659?utm_source=share&ref=d5o409r6
FXCZ,https://made.example.invalid/e04-03/1-660?utm_source=share&ref=7x7rkd7w
FXD0,https://made.example.invalid/e04-03/4-661?utm_source=share&ref=4p1pm4p3
FXD1,https://made.example.invalid/e04-03/7-662?utm_source=share&ref=a05dk2df
FXD2,https://made.example.invalid/e04-03/2-663?utm_source=share&ref=hq2kz5r0
FXD3,https://made.example.invalid/e04-03/9-664?utm_source=share&ref=t9s74rfs
FXD4,https://made.example.invalid/e04-03/1-665?utm_source=share&ref=gk5b8e9r
FXD5,https://made.example.invalid/e04-03/4-666?utm_source=share&ref=0p2nimgh
FXD6,https://made.example.invalid/e04-03/7-667?utm_source=share&ref=i0x74lzq
FXD7,https://made.example.invalid/e04-03/2-668?utm_source=share&ref=dx71bfx7
FXD8,https://made.example.invalid/e04-03/9-669?utm_source=share&ref=6gwskl5o
FXD9,https://made.example.invalid/e04-03/1-670?utm_source=share&ref=0b23grbr
FXDa,https://made.example.invalid/e04-03/4-671?utm_source=share&ref=foif1fcw
FXDb,https://made.example.invalid/e04-03/7-672?utm_source=share&ref=9ie1klea
FXDc,https://made.example.invalid/e04-03/2-673?utm_source=share&ref=k26b298z
FXDd,https://made.example.invalid/e04-03/9-674?utm_source=share&ref=l8uin4al
FXDe,https://made.example.invalid/e04-03/1-675?utm_source=share&ref=id6o23nz
FXDf,https://made.example.invalid/e04-03/4-676?utm_source=share&ref=jh8ii6te
FXDg,https://made.example.invalid/e04-03/7-677?utm_source=share&ref=l2ckb6j4
FXDh,https://made.example.invalid/e04-03/2-678?utm_source=share&ref=gme1kxll
FXDi,https://made.example.invalid/e04-03/9-679?utm_source=share&ref=nxvazuzp
FXDj,https://made.example.invalid/e04-03/1-680?utm_source=share&ref=pp40to8b
FXDk,https://made.example.invalid/e04-03/4-681?utm_source=share&ref=adwj5o2n
FXDl,https://made.example.invalid/e04-03/7-682?utm_source=share&ref=j0579thd
FXDm,https://made.example.invalid/e04-03/2-683?utm_source=share&ref=t0ueu65n
FXDn,https://made.example.invalid/e04-03/9-684?utm_source=share&ref=1n3uz666
FXDo,https://made.example.invalid/e04-03/1-685?utm_source=share&ref=qe8xqh3i
FXDp,https://made.example.invalid/e04-03/4-686?utm_source=share&ref=ifdfxpqo
FXDq,https://made.example.invalid/e04-03/7-687?utm_source=share&ref=u71d947m
FXDr,https://made.example.invalid/e04-03/2-688?utm_source=share&ref=sqcj3df4
FXDs,https://made.example.invalid/e04-03/9-689?utm_source=share&ref=pdedj6bf
FXDt,https://made.example.invalid/e04-03/1-690?utm_source=share&ref=zusdwqy9
FXDu,https://made.example.invalid/e04-03/4-691?utm_source=share&ref=0lm9goux
FXDv,https://made.example.invalid/e04-03/7-692?utm_source=share&ref=zxsnbhod
FXDw,https://made.example.invalid/e04-03/2-693?utm_source=share&ref=6hr8kiwy
FXDx,https://made.example.invalid/e04-03/9-694?utm_source=share&ref=cl56e1oo
FXDy,https://made.example.invalid/e04-03/1-695?utm_source=share&ref=r2ecva41
FXDz,https://made.example.invalid/e04-03/4-696?utm_source=share&ref=8ikyjanb
FXDA,https://made.example.invalid/e04-03/7-697?utm_source=share&ref=wz5mooh2
FXDB,https://made.example.invalid/e04-03/2-698?utm_source=share&ref=wqj1cbcw
FXDC,https://made.example.invalid/e04-03/9-699?utm_source=share&ref=nn4xg43u
FXDD,https://made.example.invalid/e04-03/1-700?utm_source=share&ref=ucgpivy3
FXDE,https://made.example.invalid/e04-03/4-701?utm_source=share&ref=n9om4a0j
FXDF,https://made.example.invalid/e04-03/7-702?utm_source=share&ref=74w1eic8
FXDG,https://made.example.invalid/e04-03/2-703?utm_source=share&ref=ejsu8qqk
FXDH,https://made.example.invalid/e04-03/9-704?utm_source=share&ref=wh4ehlhy
FXDI,https://made.example.invalid/e04-03/1-705?utm_source=share&ref=y63pi19l
FXDJ,https://made.example.invalid/e04-03/4-706?utm_source=share&ref=bavgc6hq
FXDK,https://made.example.invalid/e04-03/7-707?utm_source=share&ref=bx8ftxd5
FXDL,https://made.example.invalid/e04-03/2-708?utm_source=share&ref=gmdfn0lf
FXDM,https://made.example.invalid/e04-03/9-709?utm_source=share&ref=9dtys13e
FXDN,https://made.example.invalid/e04-03/1-710?utm_source=share&ref=jhszux8x
FXDO,https://made.example.invalid/e04-03/4-711?utm_source=share&ref=y2r3eoet
FXDP,https://made.example.invalid/e04-03/7-712?utm_source=share&ref=p6l6vmn5
FXDQ,https://made.example.invalid/e04-03/2-713?utm_source=share&ref=eyu94ejt
FXDR,https://made.example.invalid/e04-03/9-714?utm_source=share&ref=xlqni9x3
FXDS,https://made.example.invalid/e04-03/1-715?utm_source=share&ref=slxokpba
FXDT,https://made.example.invalid/e04-03/4-716?utm_source=share&ref=8dsoovhy
FXDU,https://made.example.invalid/e04-03/7-717?utm_source=share&ref=ajfpqfi0
FXDV,https://made.example.invalid/e04-03/2-718?utm_source=share&ref=db8joqhy
FXDW,https://made.example.invalid/e04-03/9-719?utm_source=share&ref=qssiihw0
FXDX,https://made.example.invalid/e04-03/1-720?utm_source=share&ref=li5lgfom
FXDY,https://made.example.invalid/e04-03/4-721?utm_source=share&ref=hr2k93h8
FXDZ,https://made.example.invalid/e04-03/7-722?utm_source=share&ref=6edxgjnd
FXE0,https://made.example.invalid/e04-03/2-723?utm_source=share&ref=fzsgmd38
FXE1,https://made.example.invalid/e04-03/9-724?utm_source=share&ref=zf9ua5w7
FXE2,https://made.example.invalid/e04-03/1-725?utm_source=share&ref=xoai1ael
FXE3,https://made.example.invalid/e04-03/4-726?utm_source=share&ref=xj8stsym
FXE4,https://made.example.invalid/e04-03/7-727?utm_source=share&ref=48tcvmln
FXE5,https://made.example.invalid/e04-03/2-728?utm_source=share&ref=z9tmki43
FXE6,https://made.example.invalid/e04-03/9-729?utm_source=share&ref=4g8z31sx
FXE7,https://made.example.invalid/e04-03/1-730?utm_source=share&ref=w3tb624m
FXE8,https://made.example.invalid/e04-03/4-731?utm_source=share&ref=d1ca6fo0
FXE9,https://made.example.invalid/e04-03/7-732?utm_source=share&ref=olcwczxj
FXEa,https://made.example.invalid/e04-03/2-733?utm_source=share&ref=ffhwkziy
FXEb,https://made.example.invalid/e04-03/9-734?utm_source=share&ref=bkoipg08
FXEc,https://made.example.invalid/e04-03/1-735?utm_source=share&ref=78j0n360
FXEd,https://made.example.invalid/e04-03/4-736?utm_source=share&ref=znogi72g
FXEe,https://made.example.invalid/e04-03/7-737?utm_source=share&ref=whdd6fcm
FXEf,https://made.example.invalid/e04-03/2-738?utm_source=share&ref=tpqh4q5y
FXEg,https://made.example.invalid/e04-03/9-739?utm_source=share&ref=wpa147az
FXEh,https://made.example.invalid/e04-03/1-740?utm_source=share&ref=ni9bryx1
FXEi,https://made.example.invalid/e04-03/4-741?utm_source=share&ref=k4wrl6af
FXEj,https://made.example.invalid/e04-03/7-742?utm_source=share&ref=sh4z8xed
FXEk,https://made.example.invalid/e04-03/2-743?utm_source=share&ref=37ib0s1g
FXEl,https://made.example.invalid/e04-03/9-744?utm_source=share&ref=wxa9lie5
FXEm,https://made.example.invalid/e04-03/1-745?utm_source=share&ref=5liox95u
FXEn,https://made.example.invalid/e04-03/4-746?utm_source=share&ref=gqegcf48
FXEo,https://made.example.invalid/e04-03/7-747?utm_source=share&ref=lpy35us7
FXEp,https://made.example.invalid/e04-03/2-748?utm_source=share&ref=myxo68sv
FXEq,https://made.example.invalid/e04-03/9-749?utm_source=share&ref=5gg72kfj
FXEr,https://made.example.invalid/e04-03/1-750?utm_source=share&ref=kl9wuoue
FXEs,https://made.example.invalid/e04-03/4-751?utm_source=share&ref=tx8z25wk
FXEt,https://made.example.invalid/e04-03/7-752?utm_source=share&ref=fqczi47a
FXEu,https://made.example.invalid/e04-03/2-753?utm_source=share&ref=z1v8ouuz
FXEv,https://made.example.invalid/e04-03/9-754?utm_source=share&ref=gymfac03
FXEw,https://made.example.invalid/e04-03/1-755?utm_source=share&ref=ml0yzrgs
FXEx,https://made.example.invalid/e04-03/4-756?utm_source=share&ref=g3k25yml
FXEy,https://made.example.invalid/e04-03/7-757?utm_source=share&ref=v4v07y4w
FXEz,https://made.example.invalid/e04-03/2-758?utm_source=share&ref=y7ygmtpx
FXEA,https://made.example.invalid/e04-03/9-759?utm_source=share&ref=jwvcyruz
FXEB,https://made.example.invalid/e04-03/1-760?utm_source=share&ref=nbq2c8gq
FXEC,https://made.example.invalid/e04-03/4-761?utm_source=share&ref=yj7b4hkf
FXED,https://made.example.invalid/e04-03/7-762?utm_source=share&ref=gk8hlaud
FXEE,https://made.example.invalid/e04-03/2-763?utm_source=share&ref=m61efkae
FXEF,https://made.example.invalid/e04-03/9-764?utm_source=share&ref=87haeelh
FXEG,https://made.example.invalid/e04-03/1-765?utm_source=share&ref=kdx04kby
FXEH,https://made.example.invalid/e04-03/4-766?utm_source=share&ref=b6kh7a3l
FXEI,https://made.example.invalid/e04-03/7-767?utm_source=share&ref=kkpa9ofk
FXEJ,https://made.example.invalid/e04-03/2-768?utm_source=share&ref=j0pwap1z
FXEK,https://made.example.invalid/e04-03/9-769?utm_source=share&ref=kw9vqc0u
FXEL,https://made.example.invalid/e04-03/1-770?utm_source=share&ref=zfd4mezw
FXEM,https://made.example.invalid/e04-03/4-771?utm_source=share&ref=bfork9zu
FXEN,https://made.example.invalid/e04-03/7-772?utm_source=share&ref=jzmyq9ff
FXEO,https://made.example.invalid/e04-03/2-773?utm_source=share&ref=jtheek96
FXEP,https://made.example.invalid/e04-03/9-774?utm_source=share&ref=2poupjgw
FXEQ,https://made.example.invalid/e04-03/1-775?utm_source=share&ref=83ai56kg
FXER,https://made.example.invalid/e04-03/4-776?utm_source=share&ref=5fi8cpr0
FXES,https://made.example.invalid/e04-03/7-777?utm_source=share&ref=usrep6q5
FXET,https://made.example.invalid/e04-03/2-778?utm_source=share&ref=71o2afbj
FXEU,https://made.example.invalid/e04-03/9-779?utm_source=share&ref=n9skobm2
FXEV,https://made.example.invalid/e04-03/1-780?utm_source=share&ref=rascv2r0
FXEW,https://made.example.invalid/e04-03/4-781?utm_source=share&ref=ucmmf3us
FXEX,https://made.example.invalid/e04-03/7-782?utm_source=share&ref=rvaan43m
FXEY,https://made.example.invalid/e04-03/2-783?utm_source=share&ref=340927z2
FXEZ,https://made.example.invalid/e04-03/9-784?utm_source=share&ref=j3pkz7xd
FXF0,https://made.example.invalid/e04-03/1-785?utm_source=share&ref=1fm45w2x
FXF1,https://made.example.invalid/e04-03/4-786?utm_source=share&ref=7ej8s9kc
FXF2,https://made.example.invalid/e04-03/7-787?utm_source=share&ref=bd3iwoeo
FXF3,https://made.example.invalid/e04-03/2-788?utm_source=share&ref=z9quwiox
FXF4,https://made.example.invalid/e04-03/9-789?utm_source=share&ref=kbw1au27
FXF5,https://made.example.invalid/e04-03/1-790?utm_source=share&ref=jkt5te45
FXF6,https://made.example.invalid/e04-03/4-791?utm_source=share&ref=x0ot5sws
FXF7,https://made.example.invalid/e04-03/7-792?utm_source=share&ref=jrxhlfe8
FXF8,https://made.example.invalid/e04-03/2-793?utm_source=share&ref=m3bkktne
FXF9,https://made.example.invalid/e04-03/9-794?utm_source=share&ref=qjqmpjaa
FXFa,https://made.example.invalid/e04-03/1-795?utm_source=share&ref=nytdx7oh
FXFb,https://made.example.invalid/e04-03/4-796?utm_source=share&ref=um2kixq3
FXFc,https://made.example.invalid/e04-03/7-797?utm_source=share&ref=72h9ioj5
FXFd,https://made.example.invalid/e04-03/2-798?utm_source=share&ref=kaubc514
FXFe,https://made.example.invalid/e04-03/9-799?utm_source=share&ref=1thf5o1h
FXFf,https://made.example.invalid/e04-03/1-800?utm_source=share&ref=lwhxp19o
FXFg,https://made.example.invalid/e04-03/4-801?utm_source=share&ref=8l0c81ui
FXFh,https://made.example.invalid/e04-03/7-802?utm_source=share&ref=1i60d5kk
FXFi,https://made.example.invalid/e04-03/2-803?utm_source=share&ref=pq5hyr9q
FXFj,https://made.example.invalid/e04-03/9-804?utm_source=share&ref=hd9qutpa
FXFk,https://made.example.invalid/e04-03/1-805?utm_source=share&ref=223ot650
FXFl,https://made.example.invalid/e04-03/4-806?utm_source=share&ref=1mrob8nc
FXFm,https://made.example.invalid/e04-03/7-807?utm_source=share&ref=weqd2cbk
FXFn,https://made.example.invalid/e04-03/2-808?utm_source=share&ref=6a8gbdog
FXFo,https://made.example.invalid/e04-03/9-809?utm_source=share&ref=5qg5nfjj
FXFp,https://made.example.invalid/e04-03/1-810?utm_source=share&ref=a51yddpy
FXFq,https://made.example.invalid/e04-03/4-811?utm_source=share&ref=i8d8hljq
FXFr,https://made.example.invalid/e04-03/7-812?utm_source=share&ref=4gb0yujt
FXFs,https://made.example.invalid/e04-03/2-813?utm_source=share&ref=3rq5n8tf
FXFt,https://made.example.invalid/e04-03/9-814?utm_source=share&ref=vgbvrmm7
FXFu,https://made.example.invalid/e04-03/1-815?utm_source=share&ref=myxa4epv
FXFv,https://made.example.invalid/e04-03/4-816?utm_source=share&ref=h6adqsxf
FXFw,https://made.example.invalid/e04-03/7-817?utm_source=share&ref=jfer45j7
FXFx,https://made.example.invalid/e04-03/2-818?utm_source=share&ref=1gg5srkj
FXFy,https://made.example.invalid/e04-03/9-819?utm_source=share&ref=47y5nzjd
FXFz,https://made.example.invalid/e04-03/1-820?utm_source=share&ref=ac9cn12w
FXFA,https://made.example.invalid/e04-03/4-821?utm_source=share&ref=musl7063
FXFB,https://made.example.invalid/e04-03/7-822?utm_source=share&ref=ewlotwjg
FXFC,https://made.example.invalid/e04-03/2-823?utm_source=share&ref=ahs7tkc2
FXFD,https://made.example.invalid/e04-03/9-824?utm_source=share&ref=327u0fkd
FXFE,https://made.example.invalid/e04-03/1-825?utm_source=share&ref=kfvmc613
FXFF,https://made.example.invalid/e04-03/4-826?utm_source=share&ref=oel14xdh
FXFG,https://made.example.invalid/e04-03/7-827?utm_source=share&ref=6y6uhgyx
FXFH,https://made.example.invalid/e04-03/2-828?utm_source=share&ref=d08yjggw
FXFI,https://made.example.invalid/e04-03/9-829?utm_source=share&ref=90n6epyy
FXFJ,https://made.example.invalid/e04-03/1-830?utm_source=share&ref=3hflh3rx
FXFK,https://made.example.invalid/e04-03/4-831?utm_source=share&ref=7yvfjzys
FXFL,https://made.example.invalid/e04-03/7-832?utm_source=share&ref=0p5cf37b
FXFM,https://made.example.invalid/e04-03/2-833?utm_source=share&ref=b4t3ft8q
FXFN,https://made.example.invalid/e04-03/9-834?utm_source=share&ref=xud2kftk
FXFO,https://made.example.invalid/e04-03/1-835?utm_source=share&ref=wxo25ylq
FXFP,https://made.example.invalid/e04-03/4-836?utm_source=share&ref=iskek3th
FXFQ,https://made.example.invalid/e04-03/7-837?utm_source=share&ref=2merayye
FXFR,https://made.example.invalid/e04-03/2-838?utm_source=share&ref=34btbu1q
FXFS,https://made.example.invalid/e04-03/9-839?utm_source=share&ref=4qz16rf0
FXFT,https://made.example.invalid/e04-03/1-840?utm_source=share&ref=nnptwiiw
FXFU,https://made.example.invalid/e04-03/4-841?utm_source=share&ref=kco6kmrq
FXFV,https://made.example.invalid/e04-03/7-842?utm_source=share&ref=qm2ywgxb
FXFW,https://made.example.invalid/e04-03/2-843?utm_source=share&ref=l049fcvz
FXFX,https://made.example.invalid/e04-03/9-844?utm_source=share&ref=byrk02ap
FXFY,https://made.example.invalid/e04-03/1-845?utm_source=share&ref=bgto6c4v
FXFZ,https://made.example.invalid/e04-03/4-846?utm_source=share&ref=gqe9s7gy
FXG0,https://made.example.invalid/e04-03/7-847?utm_source=share&ref=oz4zzxml
FXG1,https://made.example.invalid/e04-03/2-848?utm_source=share&ref=404d6p2j
FXG2,https://made.example.invalid/e04-03/9-849?utm_source=share&ref=8p0oca98
FXG3,https://made.example.invalid/e04-03/1-850?utm_source=share&ref=vluu7oz2
FXG4,https://made.example.invalid/e04-03/4-851?utm_source=share&ref=rii4d95b
FXG5,https://made.example.invalid/e04-03/7-852?utm_source=share&ref=q8s8o8co
FXG6,https://made.example.invalid/e04-03/2-853?utm_source=share&ref=zptkb4b2
FXG7,https://made.example.invalid/e04-03/9-854?utm_source=share&ref=9vy7yell
FXG8,https://made.example.invalid/e04-03/1-855?utm_source=share&ref=0b978cpm
FXG9,https://made.example.invalid/e04-03/4-856?utm_source=share&ref=51j40m1c
FXGa,https://made.example.invalid/e04-03/7-857?utm_source=share&ref=kujgz45a
FXGb,https://made.example.invalid/e04-03/2-858?utm_source=share&ref=ru1ectjw
FXGc,https://made.example.invalid/e04-03/9-859?utm_source=share&ref=18po67si
FXGd,https://made.example.invalid/e04-03/1-860?utm_source=share&ref=4lsrhr23
FXGe,https://made.example.invalid/e04-03/4-861?utm_source=share&ref=8polfim5
FXGf,https://made.example.invalid/e04-03/7-862?utm_source=share&ref=pkf7qkm2
FXGg,https://made.example.invalid/e04-03/2-863?utm_source=share&ref=bxtlkzaf
FXGh,https://made.example.invalid/e04-03/9-864?utm_source=share&ref=iiz2qw3x
FXGi,https://made.example.invalid/e04-03/1-865?utm_source=share&ref=v0rg6aml
FXGj,https://made.example.invalid/e04-03/4-866?utm_source=share&ref=kk1wkmyj
FXGk,https://made.example.invalid/e04-03/7-867?utm_source=share&ref=2texw1cl
FXGl,https://made.example.invalid/e04-03/2-868?utm_source=share&ref=jbhaxzgx
FXGm,https://made.example.invalid/e04-03/9-869?utm_source=share&ref=dlypcp1g
FXGn,https://made.example.invalid/e04-03/1-870?utm_source=share&ref=fbq8u15e
FXGo,https://made.example.invalid/e04-03/4-871?utm_source=share&ref=1osagb5x
FXGp,https://made.example.invalid/e04-03/7-872?utm_source=share&ref=7t9otyfg
FXGq,https://made.example.invalid/e04-03/2-873?utm_source=share&ref=fw7tw2ow
FXGr,https://made.example.invalid/e04-03/9-874?utm_source=share&ref=y4fyexyd
FXGs,https://made.example.invalid/e04-03/1-875?utm_source=share&ref=hffy48rj
FXGt,https://made.example.invalid/e04-03/4-876?utm_source=share&ref=mlx3zghe
FXGu,https://made.example.invalid/e04-03/7-877?utm_source=share&ref=zsaksjgk
FXGv,https://made.example.invalid/e04-03/2-878?utm_source=share&ref=s99yea1z
FXGw,https://made.example.invalid/e04-03/9-879?utm_source=share&ref=rab4aaix
FXGx,https://made.example.invalid/e04-03/1-880?utm_source=share&ref=jkubw445
FXGy,https://made.example.invalid/e04-03/4-881?utm_source=share&ref=dogwwpb3
FXGz,https://made.example.invalid/e04-03/7-882?utm_source=share&ref=8zas6zac
FXGA,https://made.example.invalid/e04-03/2-883?utm_source=share&ref=2wo5nbme
FXGB,https://made.example.invalid/e04-03/9-884?utm_source=share&ref=9lasehsw
FXGC,https://made.example.invalid/e04-03/1-885?utm_source=share&ref=3wvg8k0j
FXGD,https://made.example.invalid/e04-03/4-886?utm_source=share&ref=i19u3lcu
FXGE,https://made.example.invalid/e04-03/7-887?utm_source=share&ref=4jkgazyx
FXGF,https://made.example.invalid/e04-03/2-888?utm_source=share&ref=b12m1e1u
FXGG,https://made.example.invalid/e04-03/9-889?utm_source=share&ref=4nicym9b
FXGH,https://made.example.invalid/e04-03/1-890?utm_source=share&ref=t4kjhx08
FXGI,https://made.example.invalid/e04-03/4-891?utm_source=share&ref=7gqv9xjv
FXGJ,https://made.example.invalid/e04-03/7-892?utm_source=share&ref=2bj1ikf1
FXGK,https://made.example.invalid/e04-03/2-893?utm_source=share&ref=jjpy3tsr
FXGL,https://made.example.invalid/e04-03/9-894?utm_source=share&ref=k9pmtoif
FXGM,https://made.example.invalid/e04-03/1-895?utm_source=share&ref=v1k2gd6g
FXGN,https://made.example.invalid/e04-03/4-896?utm_source=share&ref=40o0oy4b
FXGO,https://made.example.invalid/e04-03/7-897?utm_source=share&ref=we76bbu6
FXGP,https://made.example.invalid/e04-03/2-898?utm_source=share&ref=1pcx0ljw
FXGQ,https://made.example.invalid/e04-03/9-899?utm_source=share&ref=7rh17k7z
FXGR,https://made.example.invalid/e04-03/1-900?utm_source=share&ref=u0feze5f
FXGS,https://made.example.invalid/e04-03/4-901?utm_source=share&ref=bgho0unm
FXGT,https://made.example.invalid/e04-03/7-902?utm_source=share&ref=ya18t9th
FXGU,https://made.example.invalid/e04-03/2-903?utm_source=share&ref=ixt9hjg3
FXGV,https://made.example.invalid/e04-03/9-904?utm_source=share&ref=7zxmw2sz
FXGW,https://made.example.invalid/e04-03/1-905?utm_source=share&ref=ntzh7cx8
FXGX,https://made.example.invalid/e04-03/4-906?utm_source=share&ref=6n84u8x0
FXGY,https://made.example.invalid/e04-03/7-907?utm_source=share&ref=gupggwpo
FXGZ,https://made.example.invalid/e04-03/2-908?utm_source=share&ref=gnygg2rx
FXH0,https://made.example.invalid/e04-03/9-909?utm_source=share&ref=7cgbwk07
FXH1,https://made.example.invalid/e04-03/1-910?utm_source=share&ref=a217cgqt
FXH2,https://made.example.invalid/e04-03/4-911?utm_source=share&ref=hja7o1v0
FXH3,https://made.example.invalid/e04-03/7-912?utm_source=share&ref=5xrespzm
FXH4,https://made.example.invalid/e04-03/2-913?utm_source=share&ref=cwold793
FXH5,https://made.example.invalid/e04-03/9-914?utm_source=share&ref=b2tvrjfx
FXH6,https://made.example.invalid/e04-03/1-915?utm_source=share&ref=kqr1w4dh
FXH7,https://made.example.invalid/e04-03/4-916?utm_source=share&ref=60fqc95m
FXH8,https://made.example.invalid/e04-03/7-917?utm_source=share&ref=msddw07g
FXH9,https://made.example.invalid/e04-03/2-918?utm_source=share&ref=otylkgf7
FXHa,https://made.example.invalid/e04-03/9-919?utm_source=share&ref=7ho05c4d
FXHb,https://made.example.invalid/e04-03/1-920?utm_source=share&ref=9vcl3mhc
FXHc,https://made.example.invalid/e04-03/4-921?utm_source=share&ref=g6laf4lz
FXHd,https://made.example.invalid/e04-03/7-922?utm_source=share&ref=5mau74ta
FXHe,https://made.example.invalid/e04-03/2-923?utm_source=share&ref=3d6txp95
FXHf,https://made.example.invalid/e04-03/9-924?utm_source=share&ref=w8med36g
FXHg,https://made.example.invalid/e04-03/1-925?utm_source=share&ref=7n57nzs7
FXHh,https://made.example.invalid/e04-03/4-926?utm_source=share&ref=6oiajk6g
FXHi,https://made.example.invalid/e04-03/7-927?utm_source=share&ref=2hdym18l
FXHj,https://made.example.invalid/e04-03/2-928?utm_source=share&ref=wy35nh0q
FXHk,https://made.example.invalid/e04-03/9-929?utm_source=share&ref=k138pts9
FXHl,https://made.example.invalid/e04-03/1-930?utm_source=share&ref=i9t38ogx
FXHm,https://made.example.invalid/e04-03/4-931?utm_source=share&ref=khsgpdqh
FXHn,https://made.example.invalid/e04-03/7-932?utm_source=share&ref=r4z090js
FXHo,https://made.example.invalid/e04-03/2-933?utm_source=share&ref=hu3uhlgu
FXHp,https://made.example.invalid/e04-03/9-934?utm_source=share&ref=tos9y0jp
FXHq,https://made.example.invalid/e04-03/1-935?utm_source=share&ref=tpzj0hg9
FXHr,https://made.example.invalid/e04-03/4-936?utm_source=share&ref=d1xmqyyh
FXHs,https://made.example.invalid/e04-03/7-937?utm_source=share&ref=iq12mcr0
FXHt,https://made.example.invalid/e04-03/2-938?utm_source=share&ref=nc0cduoz
FXHu,https://made.example.invalid/e04-03/9-939?utm_source=share&ref=69quycnb
FXHv,https://made.example.invalid/e04-03/1-940?utm_source=share&ref=2ibvsmyd
FXHw,https://made.example.invalid/e04-03/4-941?utm_source=share&ref=85v2hew3
FXHx,https://made.example.invalid/e04-03/7-942?utm_source=share&ref=xgkj0ctl
FXHy,https://made.example.invalid/e04-03/2-943?utm_source=share&ref=2tdkr0yd
FXHz,https://made.example.invalid/e04-03/9-944?utm_source=share&ref=pmk8hxwz
FXHA,https://made.example.invalid/e04-03/1-945?utm_source=share&ref=l349muon
FXHB,https://made.example.invalid/e04-03/4-946?utm_source=share&ref=asoijz6p
FXHC,https://made.example.invalid/e04-03/7-947?utm_source=share&ref=5z9fr7st
FXHD,https://made.example.invalid/e04-03/2-948?utm_source=share&ref=rcivqg1p
FXHE,https://made.example.invalid/e04-03/9-949?utm_source=share&ref=gqaddp70
FXHF,https://made.example.invalid/e04-03/1-950?utm_source=share&ref=qia3koey
FXHG,https://made.example.invalid/e04-03/4-951?utm_source=share&ref=ljalynku
FXHH,https://made.example.invalid/e04-03/7-952?utm_source=share&ref=o1t8an41
FXHI,https://made.example.invalid/e04-03/2-953?utm_source=share&ref=d4t5a3sd
FXHJ,https://made.example.invalid/e04-03/9-954?utm_source=share&ref=8eb0esb8
FXHK,https://made.example.invalid/e04-03/1-955?utm_source=share&ref=8q2hu9c4
FXHL,https://made.example.invalid/e04-03/4-956?utm_source=share&ref=e5lyebod
FXHM,https://made.example.invalid/e04-03/7-957?utm_source=share&ref=ya4co384
FXHN,https://made.example.invalid/e04-03/2-958?utm_source=share&ref=dmvnye1s
FXHO,https://made.example.invalid/e04-03/9-959?utm_source=share&ref=9aq1lu8l
FXHP,https://made.example.invalid/e04-03/1-960?utm_source=share&ref=4tdlxgzl
FXHQ,https://made.example.invalid/e04-03/4-961?utm_source=share&ref=spx0cevx
FXHR,https://made.example.invalid/e04-03/7-962?utm_source=share&ref=di2yq8mg
FXHS,https://made.example.invalid/e04-03/2-963?utm_source=share&ref=zvgozod2
FXHT,https://made.example.invalid/e04-03/9-964?utm_source=share&ref=1uw6x4r2
FXHU,https://made.example.invalid/e04-03/1-965?utm_source=share&ref=7kjk0by3
FXHV,https://made.example.invalid/e04-03/4-966?utm_source=share&ref=nxbhqrlm
FXHW,https://made.example.invalid/e04-03/7-967?utm_source=share&ref=e5kwn4sy
FXHX,https://made.example.invalid/e04-03/2-968?utm_source=share&ref=zmixvij7
FXHY,https://made.example.invalid/e04-03/9-969?utm_source=share&ref=jcg7azyj
FXHZ,https://made.example.invalid/e04-03/1-970?utm_source=share&ref=vd8546si
FXI0,https://made.example.invalid/e04-03/4-971?utm_source=share&ref=cnytqc3p
FXI1,https://made.example.invalid/e04-03/7-972?utm_source=share&ref=a745haac
FXI2,https://made.example.invalid/e04-03/2-973?utm_source=share&ref=b79svxe0
FXI3,https://made.example.invalid/e04-03/9-974?utm_source=share&ref=p91d6xwq
FXI4,https://made.example.invalid/e04-03/1-975?utm_source=share&ref=a68lnihf
FXI5,https://made.example.invalid/e04-03/4-976?utm_source=share&ref=nklbpyld
FXI6,https://made.example.invalid/e04-03/7-977?utm_source=share&ref=rwoyhy2u
FXI7,https://made.example.invalid/e04-03/2-978?utm_source=share&ref=3mk1vq1n
FXI8,https://made.example.invalid/e04-03/9-979?utm_source=share&ref=12ix69ak
FXI9,https://made.example.invalid/e04-03/1-980?utm_source=share&ref=jzzx47qj
FXIa,https://made.example.invalid/e04-03/4-981?utm_source=share&ref=o82ssdxk
FXIb,https://made.example.invalid/e04-03/7-982?utm_source=share&ref=h4vp87gc
FXIc,https://made.example.invalid/e04-03/2-983?utm_source=share&ref=7xc76s7m
FXId,https://made.example.invalid/e04-03/9-984?utm_source=share&ref=hnapo47n
FXIe,https://made.example.invalid/e04-03/1-985?utm_source=share&ref=pfhumdrh
FXIf,https://made.example.invalid/e04-03/4-986?utm_source=share&ref=xvz8d0tc
FXIg,https://made.example.invalid/e04-03/7-987?utm_source=share&ref=e0384su8
FXIh,https://made.example.invalid/e04-03/2-988?utm_source=share&ref=ebv8q1rn
FXIi,https://made.example.invalid/e04-03/9-989?utm_source=share&ref=fg3csx9t
FXIj,https://made.example.invalid/e04-03/1-990?utm_source=share&ref=uloqhac3
FXIk,https://made.example.invalid/e04-03/4-991?utm_source=share&ref=oe7ak5jx
FXIl,https://made.example.invalid/e04-03/7-992?utm_source=share&ref=tot6dfij
FXIm,https://made.example.invalid/e04-03/2-993?utm_source=share&ref=uzp2xmri
FXIn,https://made.example.invalid/e04-03/9-994?utm_source=share&ref=r7defivc
FXIo,https://made.example.invalid/e04-03/1-995?utm_source=share&ref=6zpzr4oy
FXIp,https://made.example.invalid/e04-03/4-996?utm_source=share&ref=np9c5x4f
FXIq,https://made.example.invalid/e04-03/7-997?utm_source=share&ref=y7b7hj8j
FXIr,https://made.example.invalid/e04-03/2-998?utm_source=share&ref=vy0p715r
FXIs,https://made.example.invalid/e04-03/9-999?utm_source=share&ref=5oldpo4x
FXIt,https://made.example.invalid/e04-03/1-1000?utm_source=share&ref=9ulacb44
FXIu,https://made.example.invalid/e04-03/4-1001?utm_source=share&ref=vdn62gpt
FXIv,https://made.example.invalid/e04-03/7-1002?utm_source=share&ref=w43ohtzl
FXIw,https://made.example.invalid/e04-03/2-1003?utm_source=share&ref=ia0v8w30
FXIx,https://made.example.invalid/e04-03/9-1004?utm_source=share&ref=bfzyd0d9
FXIy,https://made.example.invalid/e04-03/1-1005?utm_source=share&ref=ygfsjhj0
FXIz,https://made.example.invalid/e04-03/4-1006?utm_source=share&ref=a2vmovir
FXIA,https://made.example.invalid/e04-03/7-1007?utm_source=share&ref=6ajgo8a9
FXIB,https://made.example.invalid/e04-03/2-1008?utm_source=share&ref=rsjvcpg2
FXIC,https://made.example.invalid/e04-03/9-1009?utm_source=share&ref=xbar851s
FXID,https://made.example.invalid/e04-03/1-1010?utm_source=share&ref=ty6jmi7t
FXIE,https://made.example.invalid/e04-03/4-1011?utm_source=share&ref=mzpnfx9x
FXIF,https://made.example.invalid/e04-03/7-1012?utm_source=share&ref=mukp9pmi
FXIG,https://made.example.invalid/e04-03/2-1013?utm_source=share&ref=yq633gxm
FXIH,https://made.example.invalid/e04-03/9-1014?utm_source=share&ref=u95n7pdy
FXII,https://made.example.invalid/e04-03/1-1015?utm_source=share&ref=5fbopuxu
FXIJ,https://made.example.invalid/e04-03/4-1016?utm_source=share&ref=vflfqphl
FXIK,https://made.example.invalid/e04-03/7-1017?utm_source=share&ref=lwco5fml
FXIL,https://made.example.invalid/e04-03/2-1018?utm_source=share&ref=1hofgdtc
FXIM,https://made.example.invalid/e04-03/9-1019?utm_source=share&ref=53yxn7io
FXIN,https://made.example.invalid/e04-03/1-1020?utm_source=share&ref=x31721an
FXIO,https://made.example.invalid/e04-03/4-1021?utm_source=share&ref=espn1qz3
FXIP,https://made.example.invalid/e04-03/7-1022?utm_source=share&ref=rkrljwf0
FXIQ,https://made.example.invalid/e04-03/2-1023?utm_source=share&ref=ye3jiwgj
FXIR,https://made.example.invalid/e04-03/9-1024?utm_source=share&ref=sm01c8t3
FXIS,https://made.example.invalid/e04-03/1-1025?utm_source=share&ref=f5evcxgv
FXIT,https://made.example.invalid/e04-03/4-1026?utm_source=share&ref=p9nz6qxe
FXIU,https://made.example.invalid/e04-03/7-1027?utm_source=share&ref=cidq5loj
FXIV,https://made.example.invalid/e04-03/2-1028?utm_source=share&ref=d4yvw4ud
FXIW,https://made.example.invalid/e04-03/9-1029?utm_source=share&ref=v8bls0zq
FXIX,https://made.example.invalid/e04-03/1-1030?utm_source=share&ref=os1642lp
FXIY,https://made.example.invalid/e04-03/4-1031?utm_source=share&ref=hsnlwpzq
FXIZ,https://made.example.invalid/e04-03/7-1032?utm_source=share&ref=wqnyn86c
FXJ0,https://made.example.invalid/e04-03/2-1033?utm_source=share&ref=54kaq14a
FXJ1,https://made.example.invalid/e04-03/9-1034?utm_source=share&ref=pabudb26
FXJ2,https://made.example.invalid/e04-03/1-1035?utm_source=share&ref=qau80edp
FXJ3,https://made.example.invalid/e04-03/4-1036?utm_source=share&ref=pin7aefk
FXJ4,https://made.example.invalid/e04-03/7-1037?utm_source=share&ref=5csli73n
FXJ5,https://made.example.invalid/e04-03/2-1038?utm_source=share&ref=lvazwm5q
FXJ6,https://made.example.invalid/e04-03/9-1039?utm_source=share&ref=6wnloy68
FXJ7,https://made.example.invalid/e04-03/1-1040?utm_source=share&ref=bb20m9e1
FXJ8,https://made.example.invalid/e04-03/4-1041?utm_source=share&ref=zmrvb1on
FXJ9,https://made.example.invalid/e04-03/7-1042?utm_source=share&ref=engweiyt
FXJa,https://made.example.invalid/e04-03/2-1043?utm_source=share&ref=px1waxry
FXJb,https://made.example.invalid/e04-03/9-1044?utm_source=share&ref=x8eco18o
FXJc,https://made.example.invalid/e04-03/1-1045?utm_source=share&ref=6kb9p3cq
FXJd,https://made.example.invalid/e04-03/4-1046?utm_source=share&ref=yv7ijxrh
FXJe,https://made.example.invalid/e04-03/7-1047?utm_source=share&ref=5dyqfqpr
FXJf,https://made.example.invalid/e04-03/2-1048?utm_source=share&ref=uuitypch
FXJg,https://made.example.invalid/e04-03/9-1049?utm_source=share&ref=7nr4lnhw
FXJh,https://made.example.invalid/e04-03/1-1050?utm_source=share&ref=603gc6n3
FXJi,https://made.example.invalid/e04-03/4-1051?utm_source=share&ref=hw9pu10e
FXJj,https://made.example.invalid/e04-03/7-1052?utm_source=share&ref=66gxtzzb
FXJk,https://made.example.invalid/e04-03/2-1053?utm_source=share&ref=05dndl6f
FXJl,https://made.example.invalid/e04-03/9-1054?utm_source=share&ref=4madjbc2
FXJm,https://made.example.invalid/e04-03/1-1055?utm_source=share&ref=qq2jhgo9
FXJn,https://made.example.invalid/e04-03/4-1056?utm_source=share&ref=4wbit7oh
FXJo,https://made.example.invalid/e04-03/7-1057?utm_source=share&ref=y4o3ejix
FXJp,https://made.example.invalid/e04-03/2-1058?utm_source=share&ref=qbpdww24
FXJq,https://made.example.invalid/e04-03/9-1059?utm_source=share&ref=jaqdkjzp
FXJr,https://made.example.invalid/e04-03/1-1060?utm_source=share&ref=ic7e4xjv
FXJs,https://made.example.invalid/e04-03/4-1061?utm_source=share&ref=zuomf9ct
FXJt,https://made.example.invalid/e04-03/7-1062?utm_source=share&ref=9igdg5qt
FXJu,https://made.example.invalid/e04-03/2-1063?utm_source=share&ref=y592gih2
FXJv,https://made.example.invalid/e04-03/9-1064?utm_source=share&ref=vqu7fq5n
FXJw,https://made.example.invalid/e04-03/1-1065?utm_source=share&ref=piahr698
FXJx,https://made.example.invalid/e04-03/4-1066?utm_source=share&ref=wzs8r2ad
FXJy,https://made.example.invalid/e04-03/7-1067?utm_source=share&ref=kohkxn5b
FXJz,https://made.example.invalid/e04-03/2-1068?utm_source=share&ref=ln50uphf
FXJA,https://made.example.invalid/e04-03/9-1069?utm_source=share&ref=pze8k15g
FXJB,https://made.example.invalid/e04-03/1-1070?utm_source=share&ref=r0ztolyf
FXJC,https://made.example.invalid/e04-03/4-1071?utm_source=share&ref=vf3wdkz6
FXJD,https://made.example.invalid/e04-03/7-1072?utm_source=share&ref=pbpdbzao
FXJE,https://made.example.invalid/e04-03/2-1073?utm_source=share&ref=jqno59rk
FXJF,https://made.example.invalid/e04-03/9-1074?utm_source=share&ref=rkfiyf7m
FXJG,https://made.example.invalid/e04-03/1-1075?utm_source=share&ref=l5fh8ww6
FXJH,https://made.example.invalid/e04-03/4-1076?utm_source=share&ref=fufkk5gy
FXJI,https://made.example.invalid/e04-03/7-1077?utm_source=share&ref=bipdzu17
FXJJ,https://made.example.invalid/e04-03/2-1078?utm_source=share&ref=hkvmxn5u
FXJK,https://made.example.invalid/e04-03/9-1079?utm_source=share&ref=702ivzyt
FXJL,https://made.example.invalid/e04-03/1-1080?utm_source=share&ref=cyl1ctnn
FXJM,https://made.example.invalid/e04-03/4-1081?utm_source=share&ref=3kgk0khx
FXJN,https://made.example.invalid/e04-03/7-1082?utm_source=share&ref=mqj8oqc1
FXJO,https://made.example.invalid/e04-03/2-1083?utm_source=share&ref=hd8aqq6m
FXJP,https://made.example.invalid/e04-03/9-1084?utm_source=share&ref=ooszv286
FXJQ,https://made.example.invalid/e04-03/1-1085?utm_source=share&ref=ac9smbbo
FXJR,https://made.example.invalid/e04-03/4-1086?utm_source=share&ref=spy26cvw
FXJS,https://made.example.invalid/e04-03/7-1087?utm_source=share&ref=lwbcv8vt
FXJT,https://made.example.invalid/e04-03/2-1088?utm_source=share&ref=xy8jcv98
FXJU,https://made.example.invalid/e04-03/9-1089?utm_source=share&ref=gslwldvd
FXJV,https://made.example.invalid/e04-03/1-1090?utm_source=share&ref=vd3w5sol
FXJW,https://made.example.invalid/e04-03/4-1091?utm_source=share&ref=kkgaia49
FXJX,https://made.example.invalid/e04-03/7-1092?utm_source=share&ref=d8xd01qk
FXJY,https://made.example.invalid/e04-03/2-1093?utm_source=share&ref=khnhnmg1
FXJZ,https://made.example.invalid/e04-03/9-1094?utm_source=share&ref=mdxuglyp
FXK0,https://made.example.invalid/e04-03/1-1095?utm_source=share&ref=ga2a2de6
FXK1,https://made.example.invalid/e04-03/4-1096?utm_source=share&ref=w9rnnedo
FXK2,https://made.example.invalid/e04-03/7-1097?utm_source=share&ref=bq41k2sg
FXK3,https://made.example.invalid/e04-03/2-1098?utm_source=share&ref=9s1kd5tm
FXK4,https://made.example.invalid/e04-03/9-1099?utm_source=share&ref=uwsdpd7n
FXK5,https://made.example.invalid/e04-03/1-1100?utm_source=share&ref=4lfc5u21
FXK6,https://made.example.invalid/e04-03/4-1101?utm_source=share&ref=939rrijs
FXK7,https://made.example.invalid/e04-03/7-1102?utm_source=share&ref=5uoreaa7
FXK8,https://made.example.invalid/e04-03/2-1103?utm_source=share&ref=7bozymqf
FXK9,https://made.example.invalid/e04-03/9-1104?utm_source=share&ref=qy9hkeff
FXKa,https://made.example.invalid/e04-03/1-1105?utm_source=share&ref=nxkq4i81
FXKb,https://made.example.invalid/e04-03/4-1106?utm_source=share&ref=yarrmiho
FXKc,https://made.example.invalid/e04-03/7-1107?utm_source=share&ref=fbru117p
FXKd,https://made.example.invalid/e04-03/2-1108?utm_source=share&ref=vfb1zikg
FXKe,https://made.example.invalid/e04-03/9-1109?utm_source=share&ref=fld9tuna
FXKf,https://made.example.invalid/e04-03/1-1110?utm_source=share&ref=s92rijp3
FXKg,https://made.example.invalid/e04-03/4-1111?utm_source=share&ref=zb3wjb6s
FXKh,https://made.example.invalid/e04-03/7-1112?utm_source=share&ref=tmpgfi5m
FXKi,https://made.example.invalid/e04-03/2-1113?utm_source=share&ref=tw71vy1t
FXKj,https://made.example.invalid/e04-03/9-1114?utm_source=share&ref=a4n11scg
FXKk,https://made.example.invalid/e04-03/1-1115?utm_source=share&ref=qab9w7bd
FXKl,https://made.example.invalid/e04-03/4-1116?utm_source=share&ref=7rdinxrh
FXKm,https://made.example.invalid/e04-03/7-1117?utm_source=share&ref=b5q52s8l
FXKn,https://made.example.invalid/e04-03/2-1118?utm_source=share&ref=k2wj8b8p
FXKo,https://made.example.invalid/e04-03/9-1119?utm_source=share&ref=f69nk6kh
FXKp,https://made.example.invalid/e04-03/1-1120?utm_source=share&ref=3iuftics
FXKq,https://made.example.invalid/e04-03/4-1121?utm_source=share&ref=as6l739z
FXKr,https://made.example.invalid/e04-03/7-1122?utm_source=share&ref=frh1ftgg
FXKs,https://made.example.invalid/e04-03/2-1123?utm_source=share&ref=9mphlshw
FXKt,https://made.example.invalid/e04-03/9-1124?utm_source=share&ref=p6dx0m5u
FXKu,https://made.example.invalid/e04-03/1-1125?utm_source=share&ref=l2a7lqch
FXKv,https://made.example.invalid/e04-03/4-1126?utm_source=share&ref=qy14pfj4
FXKw,https://made.example.invalid/e04-03/7-1127?utm_source=share&ref=tiru0svh
FXKx,https://made.example.invalid/e04-03/2-1128?utm_source=share&ref=da103vai
FXKy,https://made.example.invalid/e04-03/9-1129?utm_source=share&ref=drquyjbz
FXKz,https://made.example.invalid/e04-03/1-1130?utm_source=share&ref=buppevx5
FXKA,https://made.example.invalid/e04-03/4-1131?utm_source=share&ref=33pfq4cz
FXKB,https://made.example.invalid/e04-03/7-1132?utm_source=share&ref=67ffiaeg
FXKC,https://made.example.invalid/e04-03/2-1133?utm_source=share&ref=9sz4gswx
FXKD,https://made.example.invalid/e04-03/9-1134?utm_source=share&ref=5v425hn7
FXKE,https://made.example.invalid/e04-03/1-1135?utm_source=share&ref=f773choo
FXKF,https://made.example.invalid/e04-03/4-1136?utm_source=share&ref=06bhwhrp
FXKG,https://made.example.invalid/e04-03/7-1137?utm_source=share&ref=6ye04cp4
FXKH,https://made.example.invalid/e04-03/2-1138?utm_source=share&ref=z78p583k
FXKI,https://made.example.invalid/e04-03/9-1139?utm_source=share&ref=cx92wygs
FXKJ,https://made.example.invalid/e04-03/1-1140?utm_source=share&ref=vihu68t6
FXKK,https://made.example.invalid/e04-03/4-1141?utm_source=share&ref=iap3acb7
FXKL,https://made.example.invalid/e04-03/7-1142?utm_source=share&ref=1d0hflbd
FXKM,https://made.example.invalid/e04-03/2-1143?utm_source=share&ref=tktuya7l
FXKN,https://made.example.invalid/e04-03/9-1144?utm_source=share&ref=vq4n917s
FXKO,https://made.example.invalid/e04-03/1-1145?utm_source=share&ref=n3c701x4
FXKP,https://made.example.invalid/e04-03/4-1146?utm_source=share&ref=dbvwmwnh
FXKQ,https://made.example.invalid/e04-03/7-1147?utm_source=share&ref=cg12wnet
FXKR,https://made.example.invalid/e04-03/2-1148?utm_source=share&ref=jlbww9d7
FXKS,https://made.example.invalid/e04-03/9-1149?utm_source=share&ref=25ftbgub
FXKT,https://made.example.invalid/e04-03/1-1150?utm_source=share&ref=bc3w4uge
FXKU,https://made.example.invalid/e04-03/4-1151?utm_source=share&ref=f8272ybc
FXKV,https://made.example.invalid/e04-03/7-1152?utm_source=share&ref=8j81wchr
FXKW,https://made.example.invalid/e04-03/2-1153?utm_source=share&ref=na5cev08
FXKX,https://made.example.invalid/e04-03/9-1154?utm_source=share&ref=4a76m6eh
FXKY,https://made.example.invalid/e04-03/1-1155?utm_source=share&ref=xkse3rsh
FXKZ,https://made.example.invalid/e04-03/4-1156?utm_source=share&ref=kdwre4os
FXL0,https://made.example.invalid/e04-03/7-1157?utm_source=share&ref=87ynrjza
FXL1,https://made.example.invalid/e04-03/2-1158?utm_source=share&ref=8wyl9wjf
FXL2,https://made.example.invalid/e04-03/9-1159?utm_source=share&ref=32qk9b3x
FXL3,https://made.example.invalid/e04-03/1-1160?utm_source=share&ref=h07s6gvt
FXL4,https://made.example.invalid/e04-03/4-1161?utm_source=share&ref=68naqcqt
FXL5,https://made.example.invalid/e04-03/7-1162?utm_source=share&ref=bxj0rx5l
FXL6,https://made.example.invalid/e04-03/2-1163?utm_source=share&ref=5ye4hmo1
FXL7,https://made.example.invalid/e04-03/9-1164?utm_source=share&ref=j7a4evs0
FXL8,https://made.example.invalid/e04-03/1-1165?utm_source=share&ref=l27awd9x
FXL9,https://made.example.invalid/e04-03/4-1166?utm_source=share&ref=aa5owzek
FXLa,https://made.example.invalid/e04-03/7-1167?utm_source=share&ref=rtm0aq14
FXLb,https://made.example.invalid/e04-03/2-1168?utm_source=share&ref=aokjb2cf
FXLc,https://made.example.invalid/e04-03/9-1169?utm_source=share&ref=gv7ksibu
FXLd,https://made.example.invalid/e04-03/1-1170?utm_source=share&ref=z24pnswg
FXLe,https://made.example.invalid/e04-03/4-1171?utm_source=share&ref=9hdiu5vx
FXLf,https://made.example.invalid/e04-03/7-1172?utm_source=share&ref=59ph96p6
FXLg,https://made.example.invalid/e04-03/2-1173?utm_source=share&ref=xnm6e37b
FXLh,https://made.example.invalid/e04-03/9-1174?utm_source=share&ref=buek1jpl
FXLi,https://made.example.invalid/e04-03/1-1175?utm_source=share&ref=5mhy0mbq
FXLj,https://made.example.invalid/e04-03/4-1176?utm_source=share&ref=9zqohbpc
FXLk,https://made.example.invalid/e04-03/7-1177?utm_source=share&ref=tuu7792r
FXLl,https://made.example.invalid/e04-03/2-1178?utm_source=share&ref=77xce79c
FXLm,https://made.example.invalid/e04-03/9-1179?utm_source=share&ref=nzptvabz
FXLn,https://made.example.invalid/e04-03/1-1180?utm_source=share&ref=krshnrkh
FXLo,https://made.example.invalid/e04-03/4-1181?utm_source=share&ref=vme15cr1
FXLp,https://made.example.invalid/e04-03/7-1182?utm_source=share&ref=ixvwsmys
FXLq,https://made.example.invalid/e04-03/2-1183?utm_source=share&ref=kcw07jc5
FXLr,https://made.example.invalid/e04-03/9-1184?utm_source=share&ref=8grh27s9
FXLs,https://made.example.invalid/e04-03/1-1185?utm_source=share&ref=g7mzn0vy
FXLt,https://made.example.invalid/e04-03/4-1186?utm_source=share&ref=ywh9dzjl
FXLu,https://made.example.invalid/e04-03/7-1187?utm_source=share&ref=mgs4gc4i
FXLv,https://made.example.invalid/e04-03/2-1188?utm_source=share&ref=48cjbtn6
FXLw,https://made.example.invalid/e04-03/9-1189?utm_source=share&ref=gljxt9vu
FXLx,https://made.example.invalid/e04-03/1-1190?utm_source=share&ref=snn2p54a
FXLy,https://made.example.invalid/e04-03/4-1191?utm_source=share&ref=3fd1elqz
FXLz,https://made.example.invalid/e04-03/7-1192?utm_source=share&ref=h9xvwyxi
FXLA,https://made.example.invalid/e04-03/2-1193?utm_source=share&ref=w6k1ezse
FXLB,https://made.example.invalid/e04-03/9-1194?utm_source=share&ref=2tdtltnh
FXLC,https://made.example.invalid/e04-03/1-1195?utm_source=share&ref=ad087ob2
FXLD,https://made.example.invalid/e04-03/4-1196?utm_source=share&ref=wpk3v3hw
FXLE,https://made.example.invalid/e04-03/7-1197?utm_source=share&ref=03azuar4
FXLF,https://made.example.invalid/e04-03/2-1198?utm_source=share&ref=kpkq9gsl
FXLG,https://made.example.invalid/e04-03/9-1199?utm_source=share&ref=rd9wllf9
FXLH,https://made.example.invalid/e04-03/1-1200?utm_source=share&ref=8dnnkqz2
FXLI,https://made.example.invalid/e04-03/4-1201?utm_source=share&ref=gbvzdc2g
FXLJ,https://made.example.invalid/e04-03/7-1202?utm_source=share&ref=cucgg9mn
FXLK,https://made.example.invalid/e04-03/2-1203?utm_source=share&ref=tq7m36nt
FXLL,https://made.example.invalid/e04-03/9-1204?utm_source=share&ref=dzvhew2s
FXLM,https://made.example.invalid/e04-03/1-1205?utm_source=share&ref=opgliqib
FXLN,https://made.example.invalid/e04-03/4-1206?utm_source=share&ref=2sczzwvx
FXLO,https://made.example.invalid/e04-03/7-1207?utm_source=share&ref=imlhpofb
FXLP,https://made.example.invalid/e04-03/2-1208?utm_source=share&ref=mrd0nzx1
FXLQ,https://made.example.invalid/e04-03/9-1209?utm_source=share&ref=vgs6s51t
FXLR,https://made.example.invalid/e04-03/1-1210?utm_source=share&ref=agh4em05
FXLS,https://made.example.invalid/e04-03/4-1211?utm_source=share&ref=aao9nh3v
FXLT,https://made.example.invalid/e04-03/7-1212?utm_source=share&ref=06g9s9lv
FXLU,https://made.example.invalid/e04-03/2-1213?utm_source=share&ref=2egsqe5i
FXLV,https://made.example.invalid/e04-03/9-1214?utm_source=share&ref=ign8ebud
FXLW,https://made.example.invalid/e04-03/1-1215?utm_source=share&ref=ydji6fea
FXLX,https://made.example.invalid/e04-03/4-1216?utm_source=share&ref=gy229skx
FXLY,https://made.example.invalid/e04-03/7-1217?utm_source=share&ref=ga0uajqg
FXLZ,https://made.example.invalid/e04-03/2-1218?utm_source=share&ref=j1shq07i
FXM0,https://made.example.invalid/e04-03/9-1219?utm_source=share&ref=jpz1ahyo
FXM1,https://made.example.invalid/e04-03/1-1220?utm_source=share&ref=dg87vbmc
FXM2,https://made.example.invalid/e04-03/4-1221?utm_source=share&ref=5tlyz8tz
FXM3,https://made.example.invalid/e04-03/7-1222?utm_source=share&ref=q413enbg
FXM4,https://made.example.invalid/e04-03/2-1223?utm_source=share&ref=461oelqh
FXM5,https://made.example.invalid/e04-03/9-1224?utm_source=share&ref=qi49bp16
FXM6,https://made.example.invalid/e04-03/1-1225?utm_source=share&ref=ivg4dk7h
FXM7,https://made.example.invalid/e04-03/4-1226?utm_source=share&ref=fb5s0juj
FXM8,https://made.example.invalid/e04-03/7-1227?utm_source=share&ref=haqulp1b
FXM9,https://made.example.invalid/e04-03/2-1228?utm_source=share&ref=lx1jn1vv
FXMa,https://made.example.invalid/e04-03/9-1229?utm_source=share&ref=crh2aiee
FXMb,https://made.example.invalid/e04-03/1-1230?utm_source=share&ref=3svdz46z
FXMc,https://made.example.invalid/e04-03/4-1231?utm_source=share&ref=54kfsujr
FXMd,https://made.example.invalid/e04-03/7-1232?utm_source=share&ref=tf5woa9e
FXMe,https://made.example.invalid/e04-03/2-1233?utm_source=share&ref=z75ip5jo
FXMf,https://made.example.invalid/e04-03/9-1234?utm_source=share&ref=uxccmn4z
FXMg,https://made.example.invalid/e04-03/1-1235?utm_source=share&ref=mmvtpu5x
FXMh,https://made.example.invalid/e04-03/4-1236?utm_source=share&ref=9nhotqd4
FXMi,https://made.example.invalid/e04-03/7-1237?utm_source=share&ref=x37h5r1r
FXMj,https://made.example.invalid/e04-03/2-1238?utm_source=share&ref=bp4pfzsb
FXMk,https://made.example.invalid/e04-03/9-1239?utm_source=share&ref=piy0pemi
FXMl,https://made.example.invalid/e04-03/1-1240?utm_source=share&ref=337pda0c
FXMm,https://made.example.invalid/e04-03/4-1241?utm_source=share&ref=bvu0ce0t
FXMn,https://made.example.invalid/e04-03/7-1242?utm_source=share&ref=ez0kb62s
FXMo,https://made.example.invalid/e04-03/2-1243?utm_source=share&ref=vbjrjwxv
FXMp,https://made.example.invalid/e04-03/9-1244?utm_source=share&ref=0uzxv10y
FXMq,https://made.example.invalid/e04-03/1-1245?utm_source=share&ref=sqwmvnxq
FXMr,https://made.example.invalid/e04-03/4-1246?utm_source=share&ref=ks02mdu5
FXMs,https://made.example.invalid/e04-03/7-1247?utm_source=share&ref=yhtggh70
FXMt,https://made.example.invalid/e04-03/2-1248?utm_source=share&ref=xjrysxgo
FXMu,https://made.example.invalid/e04-03/9-1249?utm_source=share&ref=g7ozcqod
FXMv,https://made.example.invalid/e04-03/1-1250?utm_source=share&ref=84pn7329
FXMw,https://made.example.invalid/e04-03/4-1251?utm_source=share&ref=q3qyywis
FXMx,https://made.example.invalid/e04-03/7-1252?utm_source=share&ref=99pj7a66
FXMy,https://made.example.invalid/e04-03/2-1253?utm_source=share&ref=j86jpzzd
FXMz,https://made.example.invalid/e04-03/9-1254?utm_source=share&ref=uboh24n5
FXMA,https://made.example.invalid/e04-03/1-1255?utm_source=share&ref=i61pqetp
FXMB,https://made.example.invalid/e04-03/4-1256?utm_source=share&ref=kuk5mb2j
FXMC,https://made.example.invalid/e04-03/7-1257?utm_source=share&ref=hp273ivh
FXMD,https://made.example.invalid/e04-03/2-1258?utm_source=share&ref=18tn9284
FXME,https://made.example.invalid/e04-03/9-1259?utm_source=share&ref=0spsguo4
FXMF,https://made.example.invalid/e04-03/1-1260?utm_source=share&ref=cokxvnll
FXMG,https://made.example.invalid/e04-03/4-1261?utm_source=share&ref=klmrbp40
FXMH,https://made.example.invalid/e04-03/7-1262?utm_source=share&ref=3du7z5be
FXMI,https://made.example.invalid/e04-03/2-1263?utm_source=share&ref=7358dr21
FXMJ,https://made.example.invalid/e04-03/9-1264?utm_source=share&ref=uwrwma95
FXMK,https://made.example.invalid/e04-03/1-1265?utm_source=share&ref=cf2ioivr
FXML,https://made.example.invalid/e04-03/4-1266?utm_source=share&ref=zv70ewlh
FXMM,https://made.example.invalid/e04-03/7-1267?utm_source=share&ref=0nouv8gp
FXMN,https://made.example.invalid/e04-03/2-1268?utm_source=share&ref=1fvgps34
FXMO,https://made.example.invalid/e04-03/9-1269?utm_source=share&ref=ra9ec5mj
FXMP,https://made.example.invalid/e04-03/1-1270?utm_source=share&ref=2dinfdxd
FXMQ,https://made.example.invalid/e04-03/4-1271?utm_source=share&ref=x3qaz6il
FXMR,https://made.example.invalid/e04-03/7-1272?utm_source=share&ref=im70b2we
FXMS,https://made.example.invalid/e04-03/2-1273?utm_source=share&ref=l5jd2ax9
FXMT,https://made.example.invalid/e04-03/9-1274?utm_source=share&ref=5fz1kltw
FXMU,https://made.example.invalid/e04-03/1-1275?utm_source=share&ref=27jlny9e
FXMV,https://made.example.invalid/e04-03/4-1276?utm_source=share&ref=t8e7co0k
FXMW,https://made.example.invalid/e04-03/7-1277?utm_source=share&ref=vdyz104m
FXMX,https://made.example.invalid/e04-03/2-1278?utm_source=share&ref=2u5y3vaw
FXMY,https://made.example.invalid/e04-03/9-1279?utm_source=share&ref=o1q03orn
FXMZ,https://made.example.invalid/e04-03/1-1280?utm_source=share&ref=23vow14e
FXN0,https://made.example.invalid/e04-03/4-1281?utm_source=share&ref=hajkifpv
FXN1,https://made.example.invalid/e04-03/7-1282?utm_source=share&ref=d7jcoaoj
FXN2,https://made.example.invalid/e04-03/2-1283?utm_source=share&ref=dsabecem
FXN3,https://made.example.invalid/e04-03/9-1284?utm_source=share&ref=1f2l19gl
FXN4,https://made.example.invalid/e04-03/1-1285?utm_source=share&ref=0fpc2dud
FXN5,https://made.example.invalid/e04-03/4-1286?utm_source=share&ref=mg7ycyau
FXN6,https://made.example.invalid/e04-03/7-1287?utm_source=share&ref=217jxdwb
FXN7,https://made.example.invalid/e04-03/2-1288?utm_source=share&ref=9h5v2fez
FXN8,https://made.example.invalid/e04-03/9-1289?utm_source=share&ref=m1h6krcv
FXN9,https://made.example.invalid/e04-03/1-1290?utm_source=share&ref=1mf3ppiu
FXNa,https://made.example.invalid/e04-03/4-1291?utm_source=share&ref=n4fg37qh
FXNb,https://made.example.invalid/e04-03/7-1292?utm_source=share&ref=6jynev6s
FXNc,https://made.example.invalid/e04-03/2-1293?utm_source=share&ref=jiebmrq8
FXNd,https://made.example.invalid/e04-03/9-1294?utm_source=share&ref=36ioq8s3
FXNe,https://made.example.invalid/e04-03/1-1295?utm_source=share&ref=3ioodlot
FXNf,https://made.example.invalid/e04-03/4-1296?utm_source=share&ref=eaxu6l1c
FXNg,https://made.example.invalid/e04-03/7-1297?utm_source=share&ref=31b6k1oe
FXNh,https://made.example.invalid/e04-03/2-1298?utm_source=share&ref=vvhyw90x
FXNi,https://made.example.invalid/e04-03/9-1299?utm_source=share&ref=fson1u18
FXNj,https://made.example.invalid/e04-03/1-1300?utm_source=share&ref=stiwdp3t
FXNk,https://made.example.invalid/e04-03/4-1301?utm_source=share&ref=5jpyp4e2
FXNl,https://made.example.invalid/e04-03/7-1302?utm_source=share&ref=4924r780
FXNm,https://made.example.invalid/e04-03/2-1303?utm_source=share&ref=ov9okpka
FXNn,https://made.example.invalid/e04-03/9-1304?utm_source=share&ref=ry1m14j0
FXNo,https://made.example.invalid/e04-03/1-1305?utm_source=share&ref=26uf3rsw
FXNp,https://made.example.invalid/e04-03/4-1306?utm_source=share&ref=ldhrnj9z
FXNq,https://made.example.invalid/e04-03/7-1307?utm_source=share&ref=6lzqiu8b
FXNr,https://made.example.invalid/e04-03/2-1308?utm_source=share&ref=xsrfvt68
FXNs,https://made.example.invalid/e04-03/9-1309?utm_source=share&ref=bcr3chz3
FXNt,https://made.example.invalid/e04-03/1-1310?utm_source=share&ref=na0ujbhc
FXNu,https://made.example.invalid/e04-03/4-1311?utm_source=share&ref=5ujxl0dd
FXNv,https://made.example.invalid/e04-03/7-1312?utm_source=share&ref=ywmgrw35
FXNw,https://made.example.invalid/e04-03/2-1313?utm_source=share&ref=wrfgcz8z
FXNx,https://made.example.invalid/e04-03/9-1314?utm_source=share&ref=zjr6o9hb
FXNy,https://made.example.invalid/e04-03/1-1315?utm_source=share&ref=mtm5jrya
FXNz,https://made.example.invalid/e04-03/4-1316?utm_source=share&ref=xva0h8ul
FXNA,https://made.example.invalid/e04-03/7-1317?utm_source=share&ref=hvbf5kq4
FXNB,https://made.example.invalid/e04-03/2-1318?utm_source=share&ref=8xqzaa9s
FXNC,https://made.example.invalid/e04-03/9-1319?utm_source=share&ref=12vr9e39
FXND,https://made.example.invalid/e04-03/1-1320?utm_source=share&ref=mpst9jsg
FXNE,https://made.example.invalid/e04-03/4-1321?utm_source=share&ref=ld27h60w
FXNF,https://made.example.invalid/e04-03/7-1322?utm_source=share&ref=pxko6ags
FXNG,https://made.example.invalid/e04-03/2-1323?utm_source=share&ref=3eyzu6va
FXNH,https://made.example.invalid/e04-03/9-1324?utm_source=share&ref=ez3ju08h
FXNI,https://made.example.invalid/e04-03/1-1325?utm_source=share&ref=552eu68g
FXNJ,https://made.example.invalid/e04-03/4-1326?utm_source=share&ref=dfncxoi4
FXNK,https://made.example.invalid/e04-03/7-1327?utm_source=share&ref=0tylph2b
FXNL,https://made.example.invalid/e04-03/2-1328?utm_source=share&ref=sa5m931r
FXNM,https://made.example.invalid/e04-03/9-1329?utm_source=share&ref=rvy9h1nr
FXNN,https://made.example.invalid/e04-03/1-1330?utm_source=share&ref=u4eb5jq3
FXNO,https://made.example.invalid/e04-03/4-1331?utm_source=share&ref=iwmir60b
FXNP,https://made.example.invalid/e04-03/7-1332?utm_source=share&ref=y7lz2q3t
FXNQ,https://made.example.invalid/e04-03/2-1333?utm_source=share&ref=0s4rq6hc
FXNR,https://made.example.invalid/e04-03/9-1334?utm_source=share&ref=2avbh1ew
FXNS,https://made.example.invalid/e04-03/1-1335?utm_source=share&ref=5eut0gtq
FXNT,https://made.example.invalid/e04-03/4-1336?utm_source=share&ref=9qewx3y8
FXNU,https://made.example.invalid/e04-03/7-1337?utm_source=share&ref=qifqdgr6
FXNV,https://made.example.invalid/e04-03/2-1338?utm_source=share&ref=01nje2ql
FXNW,https://made.example.invalid/e04-03/9-1339?utm_source=share&ref=apauy5rq
FXNX,https://made.example.invalid/e04-03/1-1340?utm_source=share&ref=tsi6bg8f
FXNY,https://made.example.invalid/e04-03/4-1341?utm_source=share&ref=ulhavr16
FXNZ,https://made.example.invalid/e04-03/7-1342?utm_source=share&ref=nybxp086
FXO0,https://made.example.invalid/e04-03/2-1343?utm_source=share&ref=jjdrgq0k
FXO1,https://made.example.invalid/e04-03/9-1344?utm_source=share&ref=sp13actz
FXO2,https://made.example.invalid/e04-03/1-1345?utm_source=share&ref=g26n3d63
FXO3,https://made.example.invalid/e04-03/4-1346?utm_source=share&ref=wgsry40a
FXO4,https://made.example.invalid/e04-03/7-1347?utm_source=share&ref=qtvpr0t4
FXO5,https://made.example.invalid/e04-03/2-1348?utm_source=share&ref=uxdzcmu0
FXO6,https://made.example.invalid/e04-03/9-1349?utm_source=share&ref=nskc4362
FXO7,https://made.example.invalid/e04-03/1-1350?utm_source=share&ref=i0umxvki
FXO8,https://made.example.invalid/e04-03/4-1351?utm_source=share&ref=ip4lqa0z
FXO9,https://made.example.invalid/e04-03/7-1352?utm_source=share&ref=q3hsmsbz
FXOa,https://made.example.invalid/e04-03/2-1353?utm_source=share&ref=grz6f09y
FXOb,https://made.example.invalid/e04-03/9-1354?utm_source=share&ref=1fxrdyl6
FXOc,https://made.example.invalid/e04-03/1-1355?utm_source=share&ref=s5nbgx3h
FXOd,https://made.example.invalid/e04-03/4-1356?utm_source=share&ref=xjsk2me0
FXOe,https://made.example.invalid/e04-03/7-1357?utm_source=share&ref=3vaetncc
FXOf,https://made.example.invalid/e04-03/2-1358?utm_source=share&ref=hu6m11q0
FXOg,https://made.example.invalid/e04-03/9-1359?utm_source=share&ref=ybqhe5yl
FXOh,https://made.example.invalid/e04-03/1-1360?utm_source=share&ref=70k0i2v0
FXOi,https://made.example.invalid/e04-03/4-1361?utm_source=share&ref=jxxlg2ux
FXOj,https://made.example.invalid/e04-03/7-1362?utm_source=share&ref=8iqus8xa
FXOk,https://made.example.invalid/e04-03/2-1363?utm_source=share&ref=uypzkh7o
FXOl,https://made.example.invalid/e04-03/9-1364?utm_source=share&ref=oi68hn5q
FXOm,https://made.example.invalid/e04-03/1-1365?utm_source=share&ref=qhftu8uv
FXOn,https://made.example.invalid/e04-03/4-1366?utm_source=share&ref=6kdox482
FXOo,https://made.example.invalid/e04-03/7-1367?utm_source=share&ref=ny46v70k
FXOp,https://made.example.invalid/e04-03/2-1368?utm_source=share&ref=qx4yiufr
FXOq,https://made.example.invalid/e04-03/9-1369?utm_source=share&ref=9tql1k2q
FXOr,https://made.example.invalid/e04-03/1-1370?utm_source=share&ref=39e9zkfl
FXOs,https://made.example.invalid/e04-03/4-1371?utm_source=share&ref=r5efgs5x
FXOt,https://made.example.invalid/e04-03/7-1372?utm_source=share&ref=u08i9pyu
FXOu,https://made.example.invalid/e04-03/2-1373?utm_source=share&ref=2c6ran6u
FXOv,https://made.example.invalid/e04-03/9-1374?utm_source=share&ref=p44fafiw
FXOw,https://made.example.invalid/e04-03/1-1375?utm_source=share&ref=o90dv2is
FXOx,https://made.example.invalid/e04-03/4-1376?utm_source=share&ref=xtqtel83
FXOy,https://made.example.invalid/e04-03/7-1377?utm_source=share&ref=ojkpykq2
FXOz,https://made.example.invalid/e04-03/2-1378?utm_source=share&ref=9gjh6hs8
FXOA,https://made.example.invalid/e04-03/9-1379?utm_source=share&ref=nrmd22u6
FXOB,https://made.example.invalid/e04-03/1-1380?utm_source=share&ref=1yaw8gnz
FXOC,https://made.example.invalid/e04-03/4-1381?utm_source=share&ref=rzilz0cf
FXOD,https://made.example.invalid/e04-03/7-1382?utm_source=share&ref=um1mrj78
FXOE,https://made.example.invalid/e04-03/2-1383?utm_source=share&ref=nbhi6n0f
FXOF,https://made.example.invalid/e04-03/9-1384?utm_source=share&ref=9uelphkt
FXOG,https://made.example.invalid/e04-03/1-1385?utm_source=share&ref=32t92kh7
FXOH,https://made.example.invalid/e04-03/4-1386?utm_source=share&ref=v6ll97im
FXOI,https://made.example.invalid/e04-03/7-1387?utm_source=share&ref=g7vk25sl
FXOJ,https://made.example.invalid/e04-03/2-1388?utm_source=share&ref=alxpihdq
FXOK,https://made.example.invalid/e04-03/9-1389?utm_source=share&ref=xj70m8ti
FXOL,https://made.example.invalid/e04-03/1-1390?utm_source=share&ref=5zsbj7tr
FXOM,https://made.example.invalid/e04-03/4-1391?utm_source=share&ref=3el8e09p
FXON,https://made.example.invalid/e04-03/7-1392?utm_source=share&ref=rdes45m5
FXOO,https://made.example.invalid/e04-03/2-1393?utm_source=share&ref=pva9hyfm
FXOP,https://made.example.invalid/e04-03/9-1394?utm_source=share&ref=3rrm33ly
FXOQ,https://made.example.invalid/e04-03/1-1395?utm_source=share&ref=4vwg3fhi
FXOR,https://made.example.invalid/e04-03/4-1396?utm_source=share&ref=a0300ytu
FXOS,https://made.example.invalid/e04-03/7-1397?utm_source=share&ref=eok56tn8
FXOT,https://made.example.invalid/e04-03/2-1398?utm_source=share&ref=stbs2joa
FXOU,https://made.example.invalid/e04-03/9-1399?utm_source=share&ref=xxdmygiq
FXOV,https://made.example.invalid/e04-03/1-1400?utm_source=share&ref=mlzhj65z
FXOW,https://made.example.invalid/e04-03/4-1401?utm_source=share&ref=lhtu9xih
FXOX,https://made.example.invalid/e04-03/7-1402?utm_source=share&ref=mrwch2nx
FXOY,https://made.example.invalid/e04-03/2-1403?utm_source=share&ref=oyglbr87
FXOZ,https://made.example.invalid/e04-03/9-1404?utm_source=share&ref=req256ez
FXP0,https://made.example.invalid/e04-03/1-1405?utm_source=share&ref=wyt7lcda
FXP1,https://made.example.invalid/e04-03/4-1406?utm_source=share&ref=5bf1uskv
FXP2,https://made.example.invalid/e04-03/7-1407?utm_source=share&ref=nf7rfnhp
FXP3,https://made.example.invalid/e04-03/2-1408?utm_source=share&ref=wyrjog9i
FXP4,https://made.example.invalid/e04-03/9-1409?utm_source=share&ref=v6sg5pjc
FXP5,https://made.example.invalid/e04-03/1-1410?utm_source=share&ref=7j18m6sl
FXP6,https://made.example.invalid/e04-03/4-1411?utm_source=share&ref=o3iq40l9
FXP7,https://made.example.invalid/e04-03/7-1412?utm_source=share&ref=hxu8xkn4
FXP8,https://made.example.invalid/e04-03/2-1413?utm_source=share&ref=ks6hus1k
FXP9,https://made.example.invalid/e04-03/9-1414?utm_source=share&ref=e9j9c3gw
FXPa,https://made.example.invalid/e04-03/1-1415?utm_source=share&ref=9ypjsyti
FXPb,https://made.example.invalid/e04-03/4-1416?utm_source=share&ref=8fwdwm7j
FXPc,https://made.example.invalid/e04-03/7-1417?utm_source=share&ref=4mmzu6ub
FXPd,https://made.example.invalid/e04-03/2-1418?utm_source=share&ref=ymqruvks
FXPe,https://made.example.invalid/e04-03/9-1419?utm_source=share&ref=p793bp24
FXPf,https://made.example.invalid/e04-03/1-1420?utm_source=share&ref=pmrjcr8y
FXPg,https://made.example.invalid/e04-03/4-1421?utm_source=share&ref=db5u0dsm
FXPh,https://made.example.invalid/e04-03/7-1422?utm_source=share&ref=pdx5nj91
FXPi,https://made.example.invalid/e04-03/2-1423?utm_source=share&ref=t6cqebq3
FXPj,https://made.example.invalid/e04-03/9-1424?utm_source=share&ref=lskx48t2
FXPk,https://made.example.invalid/e04-03/1-1425?utm_source=share&ref=4rrkcup9
FXPl,https://made.example.invalid/e04-03/4-1426?utm_source=share&ref=m37e4hvq
FXPm,https://made.example.invalid/e04-03/7-1427?utm_source=share&ref=330rjq4k
FXPn,https://made.example.invalid/e04-03/2-1428?utm_source=share&ref=wa7myr0s
FXPo,https://made.example.invalid/e04-03/9-1429?utm_source=share&ref=a5vpwslh
FXPp,https://made.example.invalid/e04-03/1-1430?utm_source=share&ref=uryagu9f
FXPq,https://made.example.invalid/e04-03/4-1431?utm_source=share&ref=elv1haml
FXPr,https://made.example.invalid/e04-03/7-1432?utm_source=share&ref=602g7nj2
FXPs,https://made.example.invalid/e04-03/2-1433?utm_source=share&ref=cs44xg0w
FXPt,https://made.example.invalid/e04-03/9-1434?utm_source=share&ref=285h2z9b
FXPu,https://made.example.invalid/e04-03/1-1435?utm_source=share&ref=i3c6ahc4
FXPv,https://made.example.invalid/e04-03/4-1436?utm_source=share&ref=aw9463y1
FXPw,https://made.example.invalid/e04-03/7-1437?utm_source=share&ref=gvmmsorq
FXPx,https://made.example.invalid/e04-03/2-1438?utm_source=share&ref=dqw16vmc
FXPy,https://made.example.invalid/e04-03/9-1439?utm_source=share&ref=q67bt83r
FXPz,https://made.example.invalid/e04-03/1-1440?utm_source=share&ref=xjvuzymq
FXPA,https://made.example.invalid/e04-03/4-1441?utm_source=share&ref=dkwimdaz
FXPB,https://made.example.invalid/e04-03/7-1442?utm_source=share&ref=2sg0j50o
FXPC,https://made.example.invalid/e04-03/2-1443?utm_source=share&ref=igquyg6p
FXPD,https://made.example.invalid/e04-03/9-1444?utm_source=share&ref=k6xxjl2a
FXPE,https://made.example.invalid/e04-03/1-1445?utm_source=share&ref=f1r7fqpq
FXPF,https://made.example.invalid/e04-03/4-1446?utm_source=share&ref=nttr2ut9
FXPG,https://made.example.invalid/e04-03/7-1447?utm_source=share&ref=769dkqde
FXPH,https://made.example.invalid/e04-03/2-1448?utm_source=share&ref=2tvn8cil
FXPI,https://made.example.invalid/e04-03/9-1449?utm_source=share&ref=m54dk3zx
FXPJ,https://made.example.invalid/e04-03/1-1450?utm_source=share&ref=kwvy3w8d
FXPK,https://made.example.invalid/e04-03/4-1451?utm_source=share&ref=gk122v68
FXPL,https://made.example.invalid/e04-03/7-1452?utm_source=share&ref=6ezln5wq
FXPM,https://made.example.invalid/e04-03/2-1453?utm_source=share&ref=szxzoez6
FXPN,https://made.example.invalid/e04-03/9-1454?utm_source=share&ref=2arv1ef5
FXPO,https://made.example.invalid/e04-03/1-1455?utm_source=share&ref=jwily1en
FXPP,https://made.example.invalid/e04-03/4-1456?utm_source=share&ref=ohmd7i99
FXPQ,https://made.example.invalid/e04-03/7-1457?utm_source=share&ref=ip2b0kl7
FXPR,https://made.example.invalid/e04-03/2-1458?utm_source=share&ref=k7ldj0qp
FXPS,https://made.example.invalid/e04-03/9-1459?utm_source=share&ref=lqtuzxz7
FXPT,https://made.example.invalid/e04-03/1-1460?utm_source=share&ref=aabe0twv
FXPU,https://made.example.invalid/e04-03/4-1461?utm_source=share&ref=1dtqc0e1
FXPV,https://made.example.invalid/e04-03/7-1462?utm_source=share&ref=de1dl7of
FXPW,https://made.example.invalid/e04-03/2-1463?utm_source=share&ref=fz9ows2p
FXPX,https://made.example.invalid/e04-03/9-1464?utm_source=share&ref=e53pw0lm
FXPY,https://made.example.invalid/e04-03/1-1465?utm_source=share&ref=00fku4ye
FXPZ,https://made.example.invalid/e04-03/4-1466?utm_source=share&ref=2gn5ng2d
FXQ0,https://made.example.invalid/e04-03/7-1467?utm_source=share&ref=qay6n1ty
FXQ1,https://made.example.invalid/e04-03/2-1468?utm_source=share&ref=on3iitsy
FXQ2,https://made.example.invalid/e04-03/9-1469?utm_source=share&ref=oh5nfjun
FXQ3,https://made.example.invalid/e04-03/1-1470?utm_source=share&ref=ovpyk2z3
FXQ4,https://made.example.invalid/e04-03/4-1471?utm_source=share&ref=64kqbvvt
FXQ5,https://made.example.invalid/e04-03/7-1472?utm_source=share&ref=qxchtldv
FXQ6,https://made.example.invalid/e04-03/2-1473?utm_source=share&ref=josvf3j1
FXQ7,https://made.example.invalid/e04-03/9-1474?utm_source=share&ref=eolnmaqe
FXQ8,https://made.example.invalid/e04-03/1-1475?utm_source=share&ref=0pmzoa2d
FXQ9,https://made.example.invalid/e04-03/4-1476?utm_source=share&ref=rm4ijn6n
FXQa,https://made.example.invalid/e04-03/7-1477?utm_source=share&ref=cwrl3gz2
FXQb,https://made.example.invalid/e04-03/2-1478?utm_source=share&ref=tnnqpizt
FXQc,https://made.example.invalid/e04-03/9-1479?utm_source=share&ref=bt62294s
FXQd,https://made.example.invalid/e04-03/1-1480?utm_source=share&ref=4rth3u45
FXQe,https://made.example.invalid/e04-03/4-1481?utm_source=share&ref=w4i5dp11
FXQf,https://made.example.invalid/e04-03/7-1482?utm_source=share&ref=hqr3604n
FXQg,https://made.example.invalid/e04-03/2-1483?utm_source=share&ref=31oiqa0y
FXQh,https://made.example.invalid/e04-03/9-1484?utm_source=share&ref=nkgb3l6r
FXQi,https://made.example.invalid/e04-03/1-1485?utm_source=share&ref=u7ekn2wu
FXQj,https://made.example.invalid/e04-03/4-1486?utm_source=share&ref=26c7jt9d
FXQk,https://made.example.invalid/e04-03/7-1487?utm_source=share&ref=gablxzeo
FXQl,https://made.example.invalid/e04-03/2-1488?utm_source=share&ref=0ew1rbe3
FXQm,https://made.example.invalid/e04-03/9-1489?utm_source=share&ref=cn1evd34
FXQn,https://made.example.invalid/e04-03/1-1490?utm_source=share&ref=kfbzsh1x
FXQo,https://made.example.invalid/e04-03/4-1491?utm_source=share&ref=kpki6tkc
FXQp,https://made.example.invalid/e04-03/7-1492?utm_source=share&ref=v4mxj8b9
FXQq,https://made.example.invalid/e04-03/2-1493?utm_source=share&ref=melh1h0q
FXQr,https://made.example.invalid/e04-03/9-1494?utm_source=share&ref=frzckjsv
FXQs,https://made.example.invalid/e04-03/1-1495?utm_source=share&ref=sew6os1t
FXQt,https://made.example.invalid/e04-03/4-1496?utm_source=share&ref=p5nxcxuc
FXQu,https://made.example.invalid/e04-03/7-1497?utm_source=share&ref=j0ztj3sy
FXQv,https://made.example.invalid/e04-03/2-1498?utm_source=share&ref=hwadhvx2
FXQw,https://made.example.invalid/e04-03/9-1499?utm_source=share&ref=h7yw3tgc
FXQx,https://made.example.invalid/e04-03/1-1500?utm_source=share&ref=rr2820vq
FXQy,https://made.example.invalid/e04-03/4-1501?utm_source=share&ref=6yu9esbo
FXQz,https://made.example.invalid/e04-03/7-1502?utm_source=share&ref=6rogyv9k
FXQA,https://made.example.invalid/e04-03/2-1503?utm_source=share&ref=beiw4kvt
FXQB,https://made.example.invalid/e04-03/9-1504?utm_source=share&ref=7i7mpeno
FXQC,https://made.example.invalid/e04-03/1-1505?utm_source=share&ref=dwd6y95h
FXQD,https://made.example.invalid/e04-03/4-1506?utm_source=share&ref=iv5zmrp2
FXQE,https://made.example.invalid/e04-03/7-1507?utm_source=share&ref=in2ud214
FXQF,https://made.example.invalid/e04-03/2-1508?utm_source=share&ref=jmv8o97k
FXQG,https://made.example.invalid/e04-03/9-1509?utm_source=share&ref=pkeyvpof
FXQH,https://made.example.invalid/e04-03/1-1510?utm_source=share&ref=j4tn7lwl
FXQI,https://made.example.invalid/e04-03/4-1511?utm_source=share&ref=s1f6cpmg
FXQJ,https://made.example.invalid/e04-03/7-1512?utm_source=share&ref=ne5lhjex
FXQK,https://made.example.invalid/e04-03/2-1513?utm_source=share&ref=54u3uvq3
FXQL,https://made.example.invalid/e04-03/9-1514?utm_source=share&ref=1dqtbofr
FXQM,https://made.example.invalid/e04-03/1-1515?utm_source=share&ref=97j13rqi
FXQN,https://made.example.invalid/e04-03/4-1516?utm_source=share&ref=d4inclyg
FXQO,https://made.example.invalid/e04-03/7-1517?utm_source=share&ref=qmvk8s53
FXQP,https://made.example.invalid/e04-03/2-1518?utm_source=share&ref=1s5qg51i
FXQQ,https://made.example.invalid/e04-03/9-1519?utm_source=share&ref=graeyyjo
FXQR,https://made.example.invalid/e04-03/1-1520?utm_source=share&ref=47jvlbfk
FXQS,https://made.example.invalid/e04-03/4-1521?utm_source=share&ref=xgzm2y1o
FXQT,https://made.example.invalid/e04-03/7-1522?utm_source=share&ref=ba379bc7
FXQU,https://made.example.invalid/e04-03/2-1523?utm_source=share&ref=n37qwwyh
FXQV,https://made.example.invalid/e04-03/9-1524?utm_source=share&ref=n9s2frxy
FXQW,https://made.example.invalid/e04-03/1-1525?utm_source=share&ref=0lc5ep9x
FXQX,https://made.example.invalid/e04-03/4-1526?utm_source=share&ref=65b7pfjs
FXQY,https://made.example.invalid/e04-03/7-1527?utm_source=share&ref=qnt5cg7j
FXQZ,https://made.example.invalid/e04-03/2-1528?utm_source=share&ref=glgany4e
FXR0,https://made.example.invalid/e04-03/9-1529?utm_source=share&ref=wv34karu
FXR1,https://made.example.invalid/e04-03/1-1530?utm_source=share&ref=c93u20lx
FXR2,https://made.example.invalid/e04-03/4-1531?utm_source=share&ref=a9x4cn6n
FXR3,https://made.example.invalid/e04-03/7-1532?utm_source=share&ref=l307250q
FXR4,https://made.example.invalid/e04-03/2-1533?utm_source=share&ref=f46r3d6c
FXR5,https://made.example.invalid/e04-03/9-1534?utm_source=share&ref=0xst5ica
FXR6,https://made.example.invalid/e04-03/1-1535?utm_source=share&ref=upitr70n
FXR7,https://made.example.invalid/e04-03/4-1536?utm_source=share&ref=cxpmdipz
FXR8,https://made.example.invalid/e04-03/7-1537?utm_source=share&ref=jnm6zqwc
FXR9,https://made.example.invalid/e04-03/2-1538?utm_source=share&ref=uof3pu27
FXRa,https://made.example.invalid/e04-03/9-1539?utm_source=share&ref=wzzokt35
FXRb,https://made.example.invalid/e04-03/1-1540?utm_source=share&ref=j9eps9op
FXRc,https://made.example.invalid/e04-03/4-1541?utm_source=share&ref=1x71ke04
FXRd,https://made.example.invalid/e04-03/7-1542?utm_source=share&ref=agdkcz8j
FXRe,https://made.example.invalid/e04-03/2-1543?utm_source=share&ref=lw89fnli
FXRf,https://made.example.invalid/e04-03/9-1544?utm_source=share&ref=2tbrf8ju
FXRg,https://made.example.invalid/e04-03/1-1545?utm_source=share&ref=man2uv34
FXRh,https://made.example.invalid/e04-03/4-1546?utm_source=share&ref=qpx3f27f
FXRi,https://made.example.invalid/e04-03/7-1547?utm_source=share&ref=644x2y84
FXRj,https://made.example.invalid/e04-03/2-1548?utm_source=share&ref=awa852lh
FXRk,https://made.example.invalid/e04-03/9-1549?utm_source=share&ref=vptnnk5g
FXRl,https://made.example.invalid/e04-03/1-1550?utm_source=share&ref=n3gk2rq2
FXRm,https://made.example.invalid/e04-03/4-1551?utm_source=share&ref=8yozfdrm
FXRn,https://made.example.invalid/e04-03/7-1552?utm_source=share&ref=wrykmh79
FXRo,https://made.example.invalid/e04-03/2-1553?utm_source=share&ref=e3r828eo
FXRp,https://made.example.invalid/e04-03/9-1554?utm_source=share&ref=tg3dp7b5
FXRq,https://made.example.invalid/e04-03/1-1555?utm_source=share&ref=9skp0tjj
FXRr,https://made.example.invalid/e04-03/4-1556?utm_source=share&ref=9mge6boq
FXRs,https://made.example.invalid/e04-03/7-1557?utm_source=share&ref=p4t4054z
FXRt,https://made.example.invalid/e04-03/2-1558?utm_source=share&ref=jqo17eio
FXRu,https://made.example.invalid/e04-03/9-1559?utm_source=share&ref=6mmv4eox
FXRv,https://made.example.invalid/e04-03/1-1560?utm_source=share&ref=iodcspjp
x0ng,https://news.example.invalid/articles/2026/10/story-7866266?utm_source=share&utm_medium=link&ref=sfp-seed
uyLt,https://news.example.invalid/articles/2026/10/story-7283479?utm_source=share&utm_medium=link&ref=sfp-seed
DVeV,https://news.example.invalid/articles/2026/10/story-9514825?utm_source=share&utm_medium=link&ref=sfp-seed
m4rS,https://news.example.invalid/articles/2026/10/story-5260320?utm_source=share&utm_medium=link&ref=sfp-seed
eLvf,https://news.example.invalid/articles/2026/10/story-3519197?utm_source=share&utm_medium=link&ref=sfp-seed
hkKI,https://news.example.invalid/articles/2026/10/story-4131352?utm_source=share&utm_medium=link&ref=sfp-seed
3L4I,https://news.example.invalid/articles/2026/10/story-895944?utm_source=share&utm_medium=link&ref=sfp-seed
EJg6,https://news.example.invalid/articles/2026/10/story-9707098?utm_source=share&utm_medium=link&ref=sfp-seed
9JE2,https://news.example.invalid/articles/2026/10/story-2320414?utm_source=share&utm_medium=link&ref=sfp-seed
uu8d,https://news.example.invalid/articles/2026/10/story-7265669?utm_source=share&utm_medium=link&ref=sfp-seed
djqJ,https://news.example.invalid/articles/2026/10/story-3172957?utm_source=share&utm_medium=link&ref=sfp-seed
uNWl,https://news.example.invalid/articles/2026/10/story-7341813?utm_source=share&utm_medium=link&ref=sfp-seed
gTV3,https://news.example.invalid/articles/2026/10/story-4028205?utm_source=share&utm_medium=link&ref=sfp-seed
xzPi,https://news.example.invalid/articles/2026/10/story-8002544?utm_source=share&utm_medium=link&ref=sfp-seed
89hK,https://news.example.invalid/articles/2026/10/story-1942320?utm_source=share&utm_medium=link&ref=sfp-seed
o3Up,https://news.example.invalid/articles/2026/10/story-5734901?utm_source=share&utm_medium=link&ref=sfp-seed
e9lC,https://news.example.invalid/articles/2026/10/story-3372528?utm_source=share&utm_medium=link&ref=sfp-seed
igTS,https://news.example.invalid/articles/2026/10/story-4354872?utm_source=share&utm_medium=link&ref=sfp-seed
xLNo,https://news.example.invalid/articles/2026/10/story-8048554?utm_source=share&utm_medium=link&ref=sfp-seed
q2ac,https://news.example.invalid/articles/2026/10/story-6204848?utm_source=share&utm_medium=link&ref=sfp-seed
C2BF,https://news.example.invalid/articles/2026/10/story-9066487?utm_source=share&utm_medium=link&ref=sfp-seed
fY3D,https://news.example.invalid/articles/2026/10/story-3805785?utm_source=share&utm_medium=link&ref=sfp-seed
yiim,https://news.example.invalid/articles/2026/10/story-8173482?utm_source=share&utm_medium=link&ref=sfp-seed
tYtf,https://news.example.invalid/articles/2026/10/story-7143965?utm_source=share&utm_medium=link&ref=sfp-seed
w5Xc,https://news.example.invalid/articles/2026/10/story-7649386?utm_source=share&utm_medium=link&ref=sfp-seed
aQ8V,https://news.example.invalid/articles/2026/10/story-2583721?utm_source=share&utm_medium=link&ref=sfp-seed
yuM2,https://news.example.invalid/articles/2026/10/story-8221450?utm_source=share&utm_medium=link&ref=sfp-seed
pJBE,https://news.example.invalid/articles/2026/10/story-6133514?utm_source=share&utm_medium=link&ref=sfp-seed
4iKT,https://news.example.invalid/articles/2026/10/story-1025411?utm_source=share&utm_medium=link&ref=sfp-seed
5lTt,https://news.example.invalid/articles/2026/10/story-1275803?utm_source=share&utm_medium=link&ref=sfp-seed
76CS,https://news.example.invalid/articles/2026/10/story-1693770?utm_source=share&utm_medium=link&ref=sfp-seed
2qid,https://news.example.invalid/articles/2026/10/story-577729?utm_source=share&utm_medium=link&ref=sfp-seed
87cn,https://news.example.invalid/articles/2026/10/story-1934299?utm_source=share&utm_medium=link&ref=sfp-seed
4pp0,https://news.example.invalid/articles/2026/10/story-1050962?utm_source=share&utm_medium=link&ref=sfp-seed
mi1B,https://news.example.invalid/articles/2026/10/story-5312507?utm_source=share&utm_medium=link&ref=sfp-seed
7HRO,https://news.example.invalid/articles/2026/10/story-1836924?utm_source=share&utm_medium=link&ref=sfp-seed
cdxu,https://news.example.invalid/articles/2026/10/story-2911984?utm_source=share&utm_medium=link&ref=sfp-seed
DJGi,https://news.example.invalid/articles/2026/10/story-9470394?utm_source=share&utm_medium=link&ref=sfp-seed
hVvP,https://news.example.invalid/articles/2026/10/story-4272657?utm_source=share&utm_medium=link&ref=sfp-seed
uPW3,https://news.example.invalid/articles/2026/10/story-7349483?utm_source=share&utm_medium=link&ref=sfp-seed
gl6x,https://news.example.invalid/articles/2026/10/story-3894377?utm_source=share&utm_medium=link&ref=sfp-seed
CG1V,https://news.example.invalid/articles/2026/10/story-9218031?utm_source=share&utm_medium=link&ref=sfp-seed
qH2Y,https://news.example.invalid/articles/2026/10/story-6362004?utm_source=share&utm_medium=link&ref=sfp-seed
kGcl,https://news.example.invalid/articles/2026/10/story-4928773?utm_source=share&utm_medium=link&ref=sfp-seed
vuz1,https://news.example.invalid/articles/2026/10/story-7505659?utm_source=share&utm_medium=link&ref=sfp-seed
f032,https://news.example.invalid/articles/2026/10/story-3575108?utm_source=share&utm_medium=link&ref=sfp-seed
eEch,https://news.example.invalid/articles/2026/10/story-3491113?utm_source=share&utm_medium=link&ref=sfp-seed
2Z52,https://news.example.invalid/articles/2026/10/story-711452?utm_source=share&utm_medium=link&ref=sfp-seed
uwxw,https://news.example.invalid/articles/2026/10/story-7274926?utm_source=share&utm_medium=link&ref=sfp-seed
2AlO,https://news.example.invalid/articles/2026/10/story-616392?utm_source=share&utm_medium=link&ref=sfp-seed
1Vmg,https://news.example.invalid/articles/2026/10/story-458816?utm_source=share&utm_medium=link&ref=sfp-seed
9qVG,https://news.example.invalid/articles/2026/10/story-2248472?utm_source=share&utm_medium=link&ref=sfp-seed
C04M,https://news.example.invalid/articles/2026/10/story-9056760?utm_source=share&utm_medium=link&ref=sfp-seed
5K48,https://news.example.invalid/articles/2026/10/story-1368720?utm_source=share&utm_medium=link&ref=sfp-seed
96Pd,https://news.example.invalid/articles/2026/10/story-2171191?utm_source=share&utm_medium=link&ref=sfp-seed
eFfG,https://news.example.invalid/articles/2026/10/story-3495168?utm_source=share&utm_medium=link&ref=sfp-seed
sO1x,https://news.example.invalid/articles/2026/10/story-6865479?utm_source=share&utm_medium=link&ref=sfp-seed
9jxO,https://news.example.invalid/articles/2026/10/story-2220084?utm_source=share&utm_medium=link&ref=sfp-seed
rhLC,https://news.example.invalid/articles/2026/10/story-6503156?utm_source=share&utm_medium=link&ref=sfp-seed
lB6G,https://news.example.invalid/articles/2026/10/story-5147530?utm_source=share&utm_medium=link&ref=sfp-seed
tPMP,https://news.example.invalid/articles/2026/10/story-7110583?utm_source=share&utm_medium=link&ref=sfp-seed
wbz5,https://news.example.invalid/articles/2026/10/story-7670955?utm_source=share&utm_medium=link&ref=sfp-seed
cm2K,https://news.example.invalid/articles/2026/10/story-2944674?utm_source=share&utm_medium=link&ref=sfp-seed
k0cn,https://news.example.invalid/articles/2026/10/story-4767327?utm_source=share&utm_medium=link&ref=sfp-seed
sJbG,https://news.example.invalid/articles/2026/10/story-6846888?utm_source=share&utm_medium=link&ref=sfp-seed
7ltm,https://news.example.invalid/articles/2026/10/story-1750840?utm_source=share&utm_medium=link&ref=sfp-seed
k5fH,https://news.example.invalid/articles/2026/10/story-4786753?utm_source=share&utm_medium=link&ref=sfp-seed
uOVM,https://news.example.invalid/articles/2026/10/story-7345622?utm_source=share&utm_medium=link&ref=sfp-seed
xsfE,https://news.example.invalid/articles/2026/10/story-7973426?utm_source=share&utm_medium=link&ref=sfp-seed
dpQU,https://news.example.invalid/articles/2026/10/story-3197644?utm_source=share&utm_medium=link&ref=sfp-seed
nuPS,https://news.example.invalid/articles/2026/10/story-5600080?utm_source=share&utm_medium=link&ref=sfp-seed
lqdK,https://news.example.invalid/articles/2026/10/story-5105684?utm_source=share&utm_medium=link&ref=sfp-seed
5O5E,https://news.example.invalid/articles/2026/10/story-1384190?utm_source=share&utm_medium=link&ref=sfp-seed
v0rI,https://news.example.invalid/articles/2026/10/story-7389886?utm_source=share&utm_medium=link&ref=sfp-seed
FpMO,https://news.example.invalid/articles/2026/10/story-9870574?utm_source=share&utm_medium=link&ref=sfp-seed
fBxq,https://news.example.invalid/articles/2026/10/story-3719220?utm_source=share&utm_medium=link&ref=sfp-seed
CBjc,https://news.example.invalid/articles/2026/10/story-9199882?utm_source=share&utm_medium=link&ref=sfp-seed
cS3R,https://news.example.invalid/articles/2026/10/story-3067751?utm_source=share&utm_medium=link&ref=sfp-seed
zoqI,https://news.example.invalid/articles/2026/10/story-8435392?utm_source=share&utm_medium=link&ref=sfp-seed
moRf,https://news.example.invalid/articles/2026/10/story-5338773?utm_source=share&utm_medium=link&ref=sfp-seed
5AUi,https://news.example.invalid/articles/2026/10/story-1333514?utm_source=share&utm_medium=link&ref=sfp-seed
qGId,https://news.example.invalid/articles/2026/10/story-6360717?utm_source=share&utm_medium=link&ref=sfp-seed
iyVR,https://news.example.invalid/articles/2026/10/story-4424187?utm_source=share&utm_medium=link&ref=sfp-seed
uzT4,https://news.example.invalid/articles/2026/10/story-7287794?utm_source=share&utm_medium=link&ref=sfp-seed
61Ia,https://news.example.invalid/articles/2026/10/story-1436550?utm_source=share&utm_medium=link&ref=sfp-seed
qh19,https://news.example.invalid/articles/2026/10/story-6261947?utm_source=share&utm_medium=link&ref=sfp-seed
t9dL,https://news.example.invalid/articles/2026/10/story-6946961?utm_source=share&utm_medium=link&ref=sfp-seed
EgWZ,https://news.example.invalid/articles/2026/10/story-9598281?utm_source=share&utm_medium=link&ref=sfp-seed
uTBR,https://news.example.invalid/articles/2026/10/story-7363607?utm_source=share&utm_medium=link&ref=sfp-seed
5S2v,https://news.example.invalid/articles/2026/10/story-1399371?utm_source=share&utm_medium=link&ref=sfp-seed
BofN,https://news.example.invalid/articles/2026/10/story-8911371?utm_source=share&utm_medium=link&ref=sfp-seed
ucZT,https://news.example.invalid/articles/2026/10/story-7199805?utm_source=share&utm_medium=link&ref=sfp-seed
7qna,https://news.example.invalid/articles/2026/10/story-1769676?utm_source=share&utm_medium=link&ref=sfp-seed
ABgX,https://news.example.invalid/articles/2026/10/story-8723087?utm_source=share&utm_medium=link&ref=sfp-seed
wJA6,https://news.example.invalid/articles/2026/10/story-7801714?utm_source=share&utm_medium=link&ref=sfp-seed
pJDW,https://news.example.invalid/articles/2026/10/story-6133656?utm_source=share&utm_medium=link&ref=sfp-seed
etXX,https://news.example.invalid/articles/2026/10/story-3451785?utm_source=share&utm_medium=link&ref=sfp-seed
sNAS,https://news.example.invalid/articles/2026/10/story-6863826?utm_source=share&utm_medium=link&ref=sfp-seed
cXaz,https://news.example.invalid/articles/2026/10/story-3087387?utm_source=share&utm_medium=link&ref=sfp-seed
hAk8,https://news.example.invalid/articles/2026/10/story-4191208?utm_source=share&utm_medium=link&ref=sfp-seed
RaE,https://news.example.invalid/articles/2026/10/story-204392?utm_source=share&utm_medium=link&ref=sfp-seed
rTYT,https://news.example.invalid/articles/2026/10/story-6650051?utm_source=share&utm_medium=link&ref=sfp-seed
bvSM,https://news.example.invalid/articles/2026/10/story-2744168?utm_source=share&utm_medium=link&ref=sfp-seed
mkyh,https://news.example.invalid/articles/2026/10/story-5322221?utm_source=share&utm_medium=link&ref=sfp-seed
EGSg,https://news.example.invalid/articles/2026/10/story-9697932?utm_source=share&utm_medium=link&ref=sfp-seed
ifft,https://news.example.invalid/articles/2026/10/story-4348523?utm_source=share&utm_medium=link&ref=sfp-seed
E1GR,https://news.example.invalid/articles/2026/10/story-9539621?utm_source=share&utm_medium=link&ref=sfp-seed
sLks,https://news.example.invalid/articles/2026/10/story-6855120?utm_source=share&utm_medium=link&ref=sfp-seed
quBy,https://news.example.invalid/articles/2026/10/story-6314176?utm_source=share&utm_medium=link&ref=sfp-seed
pnS7,https://news.example.invalid/articles/2026/10/story-6049967?utm_source=share&utm_medium=link&ref=sfp-seed
xGVo,https://news.example.invalid/articles/2026/10/story-8029830?utm_source=share&utm_medium=link&ref=sfp-seed
28AR,https://news.example.invalid/articles/2026/10/story-509693?utm_source=share&utm_medium=link&ref=sfp-seed
b3ce,https://news.example.invalid/articles/2026/10/story-2633898?utm_source=share&utm_medium=link&ref=sfp-seed
qU9r,https://news.example.invalid/articles/2026/10/story-6412377?utm_source=share&utm_medium=link&ref=sfp-seed
sAn6,https://news.example.invalid/articles/2026/10/story-6813000?utm_source=share&utm_medium=link&ref=sfp-seed
2WOA,https://news.example.invalid/articles/2026/10/story-702744?utm_source=share&utm_medium=link&ref=sfp-seed
v3S9,https://news.example.invalid/articles/2026/10/story-7403057?utm_source=share&utm_medium=link&ref=sfp-seed
BIsf,https://news.example.invalid/articles/2026/10/story-8989023?utm_source=share&utm_medium=link&ref=sfp-seed
xVSo,https://news.example.invalid/articles/2026/10/story-8087304?utm_source=share&utm_medium=link&ref=sfp-seed
c5pG,https://news.example.invalid/articles/2026/10/story-2880748?utm_source=share&utm_medium=link&ref=sfp-seed
g9OS,https://news.example.invalid/articles/2026/10/story-3850998?utm_source=share&utm_medium=link&ref=sfp-seed
FDo6,https://news.example.invalid/articles/2026/10/story-9922858?utm_source=share&utm_medium=link&ref=sfp-seed
vvIR,https://news.example.invalid/articles/2026/10/story-7510113?utm_source=share&utm_medium=link&ref=sfp-seed
rYI5,https://news.example.invalid/articles/2026/10/story-6668229?utm_source=share&utm_medium=link&ref=sfp-seed
nq1r,https://news.example.invalid/articles/2026/10/story-5581577?utm_source=share&utm_medium=link&ref=sfp-seed
xlKG,https://news.example.invalid/articles/2026/10/story-7948442?utm_source=share&utm_medium=link&ref=sfp-seed
f9dv,https://news.example.invalid/articles/2026/10/story-3610353?utm_source=share&utm_medium=link&ref=sfp-seed
myeQ,https://news.example.invalid/articles/2026/10/story-5374832?utm_source=share&utm_medium=link&ref=sfp-seed
aTt,https://news.example.invalid/articles/2026/10/story-41879?utm_source=share&utm_medium=link&ref=sfp-seed
po1Z,https://news.example.invalid/articles/2026/10/story-6050579?utm_source=share&utm_medium=link&ref=sfp-seed
5KbZ,https://news.example.invalid/articles/2026/10/story-1369207?utm_source=share&utm_medium=link&ref=sfp-seed
mtGz,https://news.example.invalid/articles/2026/10/story-5357331?utm_source=share&utm_medium=link&ref=sfp-seed
inwD,https://news.example.invalid/articles/2026/10/story-4380339?utm_source=share&utm_medium=link&ref=sfp-seed
zsUK,https://news.example.invalid/articles/2026/10/story-8452630?utm_source=share&utm_medium=link&ref=sfp-seed
ixIS,https://news.example.invalid/articles/2026/10/story-4419538?utm_source=share&utm_medium=link&ref=sfp-seed
9jDb,https://news.example.invalid/articles/2026/10/story-2220417?utm_source=share&utm_medium=link&ref=sfp-seed
crCM,https://news.example.invalid/articles/2026/10/story-2966128?utm_source=share&utm_medium=link&ref=sfp-seed
1AMd,https://news.example.invalid/articles/2026/10/story-379701?utm_source=share&utm_medium=link&ref=sfp-seed
AjQM,https://news.example.invalid/articles/2026/10/story-8656116?utm_source=share&utm_medium=link&ref=sfp-seed
udga,https://news.example.invalid/articles/2026/10/story-7200814?utm_source=share&utm_medium=link&ref=sfp-seed
wCca,https://news.example.invalid/articles/2026/10/story-7773322?utm_source=share&utm_medium=link&ref=sfp-seed
4vJA,https://news.example.invalid/articles/2026/10/story-1075302?utm_source=share&utm_medium=link&ref=sfp-seed
9m7L,https://news.example.invalid/articles/2026/10/story-2230001?utm_source=share&utm_medium=link&ref=sfp-seed
pvkT,https://news.example.invalid/articles/2026/10/story-6078659?utm_source=share&utm_medium=link&ref=sfp-seed
XfP,https://news.example.invalid/articles/2026/10/story-227777?utm_source=share&utm_medium=link&ref=sfp-seed
EgAh,https://news.example.invalid/articles/2026/10/story-9596873?utm_source=share&utm_medium=link&ref=sfp-seed
tCCC,https://news.example.invalid/articles/2026/10/story-7059978?utm_source=share&utm_medium=link&ref=sfp-seed
dkNV,https://news.example.invalid/articles/2026/10/story-3178239?utm_source=share&utm_medium=link&ref=sfp-seed
edp,https://news.example.invalid/articles/2026/10/story-54647?utm_source=share&utm_medium=link&ref=sfp-seed
nohV,https://news.example.invalid/articles/2026/10/story-5574911?utm_source=share&utm_medium=link&ref=sfp-seed
C0xH,https://news.example.invalid/articles/2026/10/story-9058553?utm_source=share&utm_medium=link&ref=sfp-seed
lmik,https://news.example.invalid/articles/2026/10/story-5090592?utm_source=share&utm_medium=link&ref=sfp-seed
qu7i,https://news.example.invalid/articles/2026/10/story-6312300?utm_source=share&utm_medium=link&ref=sfp-seed
H15,https://news.example.invalid/articles/2026/10/story-165359?utm_source=share&utm_medium=link&ref=sfp-seed
8l8X,https://news.example.invalid/articles/2026/10/story-1987903?utm_source=share&utm_medium=link&ref=sfp-seed
bYBj,https://news.example.invalid/articles/2026/10/story-2854561?utm_source=share&utm_medium=link&ref=sfp-seed
6q9e,https://news.example.invalid/articles/2026/10/story-1530484?utm_source=share&utm_medium=link&ref=sfp-seed
3mRh,https://news.example.invalid/articles/2026/10/story-802855?utm_source=share&utm_medium=link&ref=sfp-seed
13mP,https://news.example.invalid/articles/2026/10/story-251275?utm_source=share&utm_medium=link&ref=sfp-seed
2Ntw,https://news.example.invalid/articles/2026/10/story-666842?utm_source=share&utm_medium=link&ref=sfp-seed
eBKI,https://news.example.invalid/articles/2026/10/story-3481716?utm_source=share&utm_medium=link&ref=sfp-seed
lOGo,https://news.example.invalid/articles/2026/10/story-5199716?utm_source=share&utm_medium=link&ref=sfp-seed
EGQU,https://news.example.invalid/articles/2026/10/story-9697848?utm_source=share&utm_medium=link&ref=sfp-seed
lqQK,https://news.example.invalid/articles/2026/10/story-5108102?utm_source=share&utm_medium=link&ref=sfp-seed
fDpF,https://news.example.invalid/articles/2026/10/story-3726427?utm_source=share&utm_medium=link&ref=sfp-seed
7vL3,https://news.example.invalid/articles/2026/10/story-1790377?utm_source=share&utm_medium=link&ref=sfp-seed
nHWD,https://news.example.invalid/articles/2026/10/story-5650471?utm_source=share&utm_medium=link&ref=sfp-seed
rWg3,https://news.example.invalid/articles/2026/10/story-6658803?utm_source=share&utm_medium=link&ref=sfp-seed
tuyD,https://news.example.invalid/articles/2026/10/story-7028979?utm_source=share&utm_medium=link&ref=sfp-seed
vRg7,https://news.example.invalid/articles/2026/10/story-7592899?utm_source=share&utm_medium=link&ref=sfp-seed
3KRA,https://news.example.invalid/articles/2026/10/story-895130?utm_source=share&utm_medium=link&ref=sfp-seed
5wsV,https://news.example.invalid/articles/2026/10/story-1316441?utm_source=share&utm_medium=link&ref=sfp-seed
BOxC,https://news.example.invalid/articles/2026/10/story-9012420?utm_source=share&utm_medium=link&ref=sfp-seed
7UoP,https://news.example.invalid/articles/2026/10/story-1885099?utm_source=share&utm_medium=link&ref=sfp-seed
k75D,https://news.example.invalid/articles/2026/10/story-4793817?utm_source=share&utm_medium=link&ref=sfp-seed
8auq,https://news.example.invalid/articles/2026/10/story-1946950?utm_source=share&utm_medium=link&ref=sfp-seed
7AYu,https://news.example.invalid/articles/2026/10/story-1810430?utm_source=share&utm_medium=link&ref=sfp-seed
dVHM,https://news.example.invalid/articles/2026/10/story-3320086?utm_source=share&utm_medium=link&ref=sfp-seed
dxfi,https://news.example.invalid/articles/2026/10/story-3226064?utm_source=share&utm_medium=link&ref=sfp-seed
ikyL,https://news.example.invalid/articles/2026/10/story-4368939?utm_source=share&utm_medium=link&ref=sfp-seed
nkao,https://news.example.invalid/articles/2026/10/story-5559068?utm_source=share&utm_medium=link&ref=sfp-seed
sd8l,https://news.example.invalid/articles/2026/10/story-6723673?utm_source=share&utm_medium=link&ref=sfp-seed
vmR,https://news.example.invalid/articles/2026/10/story-120581?utm_source=share&utm_medium=link&ref=sfp-seed
81YO,https://news.example.invalid/articles/2026/10/story-1914238?utm_source=share&utm_medium=link&ref=sfp-seed
400i,https://news.example.invalid/articles/2026/10/story-953330?utm_source=share&utm_medium=link&ref=sfp-seed
t23S,https://news.example.invalid/articles/2026/10/story-6919440?utm_source=share&utm_medium=link&ref=sfp-seed
rfp2,https://news.example.invalid/articles/2026/10/story-6494068?utm_source=share&utm_medium=link&ref=sfp-seed
mSyk,https://news.example.invalid/articles/2026/10/story-5452920?utm_source=share&utm_medium=link&ref=sfp-seed
6Nm2,https://news.example.invalid/articles/2026/10/story-1619690?utm_source=share&utm_medium=link&ref=sfp-seed
vw0B,https://news.example.invalid/articles/2026/10/story-7511213?utm_source=share&utm_medium=link&ref=sfp-seed
uXxW,https://news.example.invalid/articles/2026/10/story-7378740?utm_source=share&utm_medium=link&ref=sfp-seed
bjDP,https://news.example.invalid/articles/2026/10/story-2697113?utm_source=share&utm_medium=link&ref=sfp-seed
C9SM,https://news.example.invalid/articles/2026/10/story-9094456?utm_source=share&utm_medium=link&ref=sfp-seed
ox2o,https://news.example.invalid/articles/2026/10/story-5846872?utm_source=share&utm_medium=link&ref=sfp-seed
tyO4,https://news.example.invalid/articles/2026/10/story-7045312?utm_source=share&utm_medium=link&ref=sfp-seed
iObm,https://news.example.invalid/articles/2026/10/story-4482808?utm_source=share&utm_medium=link&ref=sfp-seed
1p5b,https://news.example.invalid/articles/2026/10/story-334749?utm_source=share&utm_medium=link&ref=sfp-seed
zM87,https://news.example.invalid/articles/2026/10/story-8526495?utm_source=share&utm_medium=link&ref=sfp-seed
xLpD,https://news.example.invalid/articles/2026/10/story-8047081?utm_source=share&utm_medium=link&ref=sfp-seed
iGjy,https://news.example.invalid/articles/2026/10/story-4452564?utm_source=share&utm_medium=link&ref=sfp-seed
3QSD,https://news.example.invalid/articles/2026/10/story-918259?utm_source=share&utm_medium=link&ref=sfp-seed
mdYJ,https://news.example.invalid/articles/2026/10/story-5296953?utm_source=share&utm_medium=link&ref=sfp-seed
vw1,https://news.example.invalid/articles/2026/10/story-121149?utm_source=share&utm_medium=link&ref=sfp-seed
gbWz,https://news.example.invalid/articles/2026/10/story-3859163?utm_source=share&utm_medium=link&ref=sfp-seed
17ED,https://news.example.invalid/articles/2026/10/story-267755?utm_source=share&utm_medium=link&ref=sfp-seed
cupg,https://news.example.invalid/articles/2026/10/story-2976822?utm_source=share&utm_medium=link&ref=sfp-seed
fE46,https://news.example.invalid/articles/2026/10/story-3728934?utm_source=share&utm_medium=link&ref=sfp-seed
95Th,https://news.example.invalid/articles/2026/10/story-2167599?utm_source=share&utm_medium=link&ref=sfp-seed
FMW,https://news.example.invalid/articles/2026/10/story-160638?utm_source=share&utm_medium=link&ref=sfp-seed
1PtF,https://news.example.invalid/articles/2026/10/story-436211?utm_source=share&utm_medium=link&ref=sfp-seed
d32X,https://news.example.invalid/articles/2026/10/story-3109979?utm_source=share&utm_medium=link&ref=sfp-seed
tkjS,https://news.example.invalid/articles/2026/10/story-6989624?utm_source=share&utm_medium=link&ref=sfp-seed
huk1,https://news.example.invalid/articles/2026/10/story-4168137?utm_source=share&utm_medium=link&ref=sfp-seed
8mdv,https://news.example.invalid/articles/2026/10/story-1992029?utm_source=share&utm_medium=link&ref=sfp-seed
DAZ7,https://news.example.invalid/articles/2026/10/story-9436965?utm_source=share&utm_medium=link&ref=sfp-seed
uENU,https://news.example.invalid/articles/2026/10/story-7306694?utm_source=share&utm_medium=link&ref=sfp-seed
fkFL,https://news.example.invalid/articles/2026/10/story-3654389?utm_source=share&utm_medium=link&ref=sfp-seed
Fawc,https://news.example.invalid/articles/2026/10/story-9811884?utm_source=share&utm_medium=link&ref=sfp-seed
fRUI,https://news.example.invalid/articles/2026/10/story-3782168?utm_source=share&utm_medium=link&ref=sfp-seed
vOkS,https://news.example.invalid/articles/2026/10/story-7581662?utm_source=share&utm_medium=link&ref=sfp-seed
EFMx,https://news.example.invalid/articles/2026/10/story-9693733?utm_source=share&utm_medium=link&ref=sfp-seed
vJZb,https://news.example.invalid/articles/2026/10/story-7564941?utm_source=share&utm_medium=link&ref=sfp-seed
Ai5A,https://news.example.invalid/articles/2026/10/story-8649346?utm_source=share&utm_medium=link&ref=sfp-seed
mB26,https://news.example.invalid/articles/2026/10/story-5385574?utm_source=share&utm_medium=link&ref=sfp-seed
xCJG,https://news.example.invalid/articles/2026/10/story-8013728?utm_source=share&utm_medium=link&ref=sfp-seed
Bdlp,https://news.example.invalid/articles/2026/10/story-8869435?utm_source=share&utm_medium=link&ref=sfp-seed
cM9G,https://news.example.invalid/articles/2026/10/story-3045048?utm_source=share&utm_medium=link&ref=sfp-seed
a1EG,https://news.example.invalid/articles/2026/10/story-2389646?utm_source=share&utm_medium=link&ref=sfp-seed
n0vP,https://news.example.invalid/articles/2026/10/story-5483517?utm_source=share&utm_medium=link&ref=sfp-seed
gmEK,https://news.example.invalid/articles/2026/10/story-3900342?utm_source=share&utm_medium=link&ref=sfp-seed
nOOe,https://news.example.invalid/articles/2026/10/story-5676858?utm_source=share&utm_medium=link&ref=sfp-seed
91l2,https://news.example.invalid/articles/2026/10/story-2150100?utm_source=share&utm_medium=link&ref=sfp-seed
72eW,https://news.example.invalid/articles/2026/10/story-1676910?utm_source=share&utm_medium=link&ref=sfp-seed
nB3x,https://news.example.invalid/articles/2026/10/story-5623991?utm_source=share&utm_medium=link&ref=sfp-seed
bFU0,https://news.example.invalid/articles/2026/10/story-2782684?utm_source=share&utm_medium=link&ref=sfp-seed
qaHS,https://news.example.invalid/articles/2026/10/story-6237688?utm_source=share&utm_medium=link&ref=sfp-seed
nDNt,https://news.example.invalid/articles/2026/10/story-5634527?utm_source=share&utm_medium=link&ref=sfp-seed
uoaC,https://news.example.invalid/articles/2026/10/story-7242754?utm_source=share&utm_medium=link&ref=sfp-seed
sC2i,https://news.example.invalid/articles/2026/10/story-6819398?utm_source=share&utm_medium=link&ref=sfp-seed
uxbc,https://news.example.invalid/articles/2026/10/story-7277386?utm_source=share&utm_medium=link&ref=sfp-seed
vNpi,https://news.example.invalid/articles/2026/10/story-7578092?utm_source=share&utm_medium=link&ref=sfp-seed
5vB4,https://news.example.invalid/articles/2026/10/story-1313102?utm_source=share&utm_medium=link&ref=sfp-seed
a6uA,https://news.example.invalid/articles/2026/10/story-2408240?utm_source=share&utm_medium=link&ref=sfp-seed
op9O,https://news.example.invalid/articles/2026/10/story-5816580?utm_source=share&utm_medium=link&ref=sfp-seed
nPTy,https://news.example.invalid/articles/2026/10/story-5681032?utm_source=share&utm_medium=link&ref=sfp-seed
oUog,https://news.example.invalid/articles/2026/10/story-5936640?utm_source=share&utm_medium=link&ref=sfp-seed
x7gG,https://news.example.invalid/articles/2026/10/story-7892766?utm_source=share&utm_medium=link&ref=sfp-seed
7VRc,https://news.example.invalid/articles/2026/10/story-1890702?utm_source=share&utm_medium=link&ref=sfp-seed
gqc2,https://news.example.invalid/articles/2026/10/story-3913938?utm_source=share&utm_medium=link&ref=sfp-seed
vCCZ,https://news.example.invalid/articles/2026/10/story-7536657?utm_source=share&utm_medium=link&ref=sfp-seed
ix2C,https://news.example.invalid/articles/2026/10/story-4416918?utm_source=share&utm_medium=link&ref=sfp-seed
snZh,https://news.example.invalid/articles/2026/10/story-6765395?utm_source=share&utm_medium=link&ref=sfp-seed
wRH3,https://news.example.invalid/articles/2026/10/story-7832897?utm_source=share&utm_medium=link&ref=sfp-seed
73v1,https://news.example.invalid/articles/2026/10/story-1681751?utm_source=share&utm_medium=link&ref=sfp-seed
vjXl,https://news.example.invalid/articles/2026/10/story-7464883?utm_source=share&utm_medium=link&ref=sfp-seed
AH6v,https://news.example.invalid/articles/2026/10/story-8745503?utm_source=share&utm_medium=link&ref=sfp-seed
1MkM,https://news.example.invalid/articles/2026/10/story-424128?utm_source=share&utm_medium=link&ref=sfp-seed
Av1c,https://news.example.invalid/articles/2026/10/story-8699046?utm_source=share&utm_medium=link&ref=sfp-seed
pabk,https://news.example.invalid/articles/2026/10/story-5997342?utm_source=share&utm_medium=link&ref=sfp-seed
gk7E,https://news.example.invalid/articles/2026/10/story-3890602?utm_source=share&utm_medium=link&ref=sfp-seed
erBW,https://news.example.invalid/articles/2026/10/story-3442732?utm_source=share&utm_medium=link&ref=sfp-seed
iyno,https://news.example.invalid/articles/2026/10/story-4422050?utm_source=share&utm_medium=link&ref=sfp-seed
sIwx,https://news.example.invalid/articles/2026/10/story-6844337?utm_source=share&utm_medium=link&ref=sfp-seed
eNpC,https://news.example.invalid/articles/2026/10/story-3526536?utm_source=share&utm_medium=link&ref=sfp-seed
20U6,https://news.example.invalid/articles/2026/10/story-480134?utm_source=share&utm_medium=link&ref=sfp-seed
rNZW,https://news.example.invalid/articles/2026/10/story-6627052?utm_source=share&utm_medium=link&ref=sfp-seed
CEBh,https://news.example.invalid/articles/2026/10/story-9212535?utm_source=share&utm_medium=link&ref=sfp-seed
5xo3,https://news.example.invalid/articles/2026/10/story-1319983?utm_source=share&utm_medium=link&ref=sfp-seed
mQvE,https://news.example.invalid/articles/2026/10/story-5445066?utm_source=share&utm_medium=link&ref=sfp-seed
2niX,https://news.example.invalid/articles/2026/10/story-566243?utm_source=share&utm_medium=link&ref=sfp-seed
qbM3,https://news.example.invalid/articles/2026/10/story-6241791?utm_source=share&utm_medium=link&ref=sfp-seed
vMlU,https://news.example.invalid/articles/2026/10/story-7574038?utm_source=share&utm_medium=link&ref=sfp-seed
oVRg,https://news.example.invalid/articles/2026/10/story-5942282?utm_source=share&utm_medium=link&ref=sfp-seed
mwRp,https://news.example.invalid/articles/2026/10/story-5369535?utm_source=share&utm_medium=link&ref=sfp-seed
d2oM,https://news.example.invalid/articles/2026/10/story-3107488?utm_source=share&utm_medium=link&ref=sfp-seed
3e5i,https://news.example.invalid/articles/2026/10/story-769128?utm_source=share&utm_medium=link&ref=sfp-seed
aE6I,https://news.example.invalid/articles/2026/10/story-2537456?utm_source=share&utm_medium=link&ref=sfp-seed
n5Dl,https://news.example.invalid/articles/2026/10/story-5503203?utm_source=share&utm_medium=link&ref=sfp-seed
5XgP,https://news.example.invalid/articles/2026/10/story-1419479?utm_source=share&utm_medium=link&ref=sfp-seed
DHqh,https://news.example.invalid/articles/2026/10/story-9461713?utm_source=share&utm_medium=link&ref=sfp-seed
9FjF,https://news.example.invalid/articles/2026/10/story-2303775?utm_source=share&utm_medium=link&ref=sfp-seed
oWx5,https://news.example.invalid/articles/2026/10/story-5944875?utm_source=share&utm_medium=link&ref=sfp-seed
mh8v,https://news.example.invalid/articles/2026/10/story-5309091?utm_source=share&utm_medium=link&ref=sfp-seed
8P9W,https://news.example.invalid/articles/2026/10/story-2103284?utm_source=share&utm_medium=link&ref=sfp-seed
mMxh,https://news.example.invalid/articles/2026/10/story-5429791?utm_source=share&utm_medium=link&ref=sfp-seed
yt9A,https://news.example.invalid/articles/2026/10/story-8215222?utm_source=share&utm_medium=link&ref=sfp-seed
cliM,https://news.example.invalid/articles/2026/10/story-2941824?utm_source=share&utm_medium=link&ref=sfp-seed
2gY3,https://news.example.invalid/articles/2026/10/story-541883?utm_source=share&utm_medium=link&ref=sfp-seed
hXEW,https://news.example.invalid/articles/2026/10/story-4280910?utm_source=share&utm_medium=link&ref=sfp-seed
oBFk,https://news.example.invalid/articles/2026/10/story-5864662?utm_source=share&utm_medium=link&ref=sfp-seed
hG4Y,https://news.example.invalid/articles/2026/10/story-4213332?utm_source=share&utm_medium=link&ref=sfp-seed
CEvT,https://news.example.invalid/articles/2026/10/story-9212201?utm_source=share&utm_medium=link&ref=sfp-seed
u2Gq,https://news.example.invalid/articles/2026/10/story-7160158?utm_source=share&utm_medium=link&ref=sfp-seed
jZpf,https://news.example.invalid/articles/2026/10/story-4764281?utm_source=share&utm_medium=link&ref=sfp-seed
5bqM,https://news.example.invalid/articles/2026/10/story-1235584?utm_source=share&utm_medium=link&ref=sfp-seed
l3ME,https://news.example.invalid/articles/2026/10/story-5019436?utm_source=share&utm_medium=link&ref=sfp-seed
iSCv,https://news.example.invalid/articles/2026/10/story-4499867?utm_source=share&utm_medium=link&ref=sfp-seed
fxXY,https://news.example.invalid/articles/2026/10/story-3705490?utm_source=share&utm_medium=link&ref=sfp-seed
rdSB,https://news.example.invalid/articles/2026/10/story-6488213?utm_source=share&utm_medium=link&ref=sfp-seed
thDB,https://news.example.invalid/articles/2026/10/story-6979315?utm_source=share&utm_medium=link&ref=sfp-seed
D0Vh,https://news.example.invalid/articles/2026/10/story-9298343?utm_source=share&utm_medium=link&ref=sfp-seed
6TcW,https://news.example.invalid/articles/2026/10/story-1642190?utm_source=share&utm_medium=link&ref=sfp-seed
AxDW,https://news.example.invalid/articles/2026/10/story-8709136?utm_source=share&utm_medium=link&ref=sfp-seed
AzYA,https://news.example.invalid/articles/2026/10/story-8718104?utm_source=share&utm_medium=link&ref=sfp-seed
yPOR,https://news.example.invalid/articles/2026/10/story-8302349?utm_source=share&utm_medium=link&ref=sfp-seed
EXNI,https://news.example.invalid/articles/2026/10/story-9762998?utm_source=share&utm_medium=link&ref=sfp-seed
OEv,https://news.example.invalid/articles/2026/10/story-194711?utm_source=share&utm_medium=link&ref=sfp-seed
wMy6,https://news.example.invalid/articles/2026/10/story-7813122?utm_source=share&utm_medium=link&ref=sfp-seed
zlJa,https://news.example.invalid/articles/2026/10/story-8425004?utm_source=share&utm_medium=link&ref=sfp-seed
gIrE,https://news.example.invalid/articles/2026/10/story-3984098?utm_source=share&utm_medium=link&ref=sfp-seed
c4r1,https://news.example.invalid/articles/2026/10/story-2876987?utm_source=share&utm_medium=link&ref=sfp-seed
gsYV,https://news.example.invalid/articles/2026/10/story-3924657?utm_source=share&utm_medium=link&ref=sfp-seed
1Yea,https://news.example.invalid/articles/2026/10/story-469846?utm_source=share&utm_medium=link&ref=sfp-seed
5v6y,https://news.example.invalid/articles/2026/10/story-1311210?utm_source=share&utm_medium=link&ref=sfp-seed
zT0j,https://news.example.invalid/articles/2026/10/story-8552919?utm_source=share&utm_medium=link&ref=sfp-seed
54IA,https://news.example.invalid/articles/2026/10/story-1209780?utm_source=share&utm_medium=link&ref=sfp-seed
qPk5,https://news.example.invalid/articles/2026/10/story-6393817?utm_source=share&utm_medium=link&ref=sfp-seed
6tlv,https://news.example.invalid/articles/2026/10/story-1542777?utm_source=share&utm_medium=link&ref=sfp-seed
C4AQ,https://news.example.invalid/articles/2026/10/story-9074124?utm_source=share&utm_medium=link&ref=sfp-seed
4QT3,https://news.example.invalid/articles/2026/10/story-1156613?utm_source=share&utm_medium=link&ref=sfp-seed
k3zd,https://news.example.invalid/articles/2026/10/story-4780275?utm_source=share&utm_medium=link&ref=sfp-seed
4HzJ,https://news.example.invalid/articles/2026/10/story-1120819?utm_source=share&utm_medium=link&ref=sfp-seed
b7iU,https://news.example.invalid/articles/2026/10/story-2649688?utm_source=share&utm_medium=link&ref=sfp-seed
hsCU,https://news.example.invalid/articles/2026/10/story-4161620?utm_source=share&utm_medium=link&ref=sfp-seed
hfSn,https://news.example.invalid/articles/2026/10/story-4112607?utm_source=share&utm_medium=link&ref=sfp-seed
yKSq,https://news.example.invalid/articles/2026/10/story-8283350?utm_source=share&utm_medium=link&ref=sfp-seed
6wRm,https://news.example.invalid/articles/2026/10/story-1556284?utm_source=share&utm_medium=link&ref=sfp-seed
qnaA,https://news.example.invalid/articles/2026/10/story-6285596?utm_source=share&utm_medium=link&ref=sfp-seed
At5r,https://news.example.invalid/articles/2026/10/story-8691621?utm_source=share&utm_medium=link&ref=sfp-seed
DeBf,https://news.example.invalid/articles/2026/10/story-9350917?utm_source=share&utm_medium=link&ref=sfp-seed
4G5S,https://news.example.invalid/articles/2026/10/story-1115124?utm_source=share&utm_medium=link&ref=sfp-seed
2Tam,https://news.example.invalid/articles/2026/10/story-688718?utm_source=share&utm_medium=link&ref=sfp-seed
231Q,https://news.example.invalid/articles/2026/10/story-488302?utm_source=share&utm_medium=link&ref=sfp-seed
87Ne,https://news.example.invalid/articles/2026/10/story-1936584?utm_source=share&utm_medium=link&ref=sfp-seed
6oCZ,https://news.example.invalid/articles/2026/10/story-1524641?utm_source=share&utm_medium=link&ref=sfp-seed
maFl,https://news.example.invalid/articles/2026/10/story-5284219?utm_source=share&utm_medium=link&ref=sfp-seed
DqhP,https://news.example.invalid/articles/2026/10/story-9395841?utm_source=share&utm_medium=link&ref=sfp-seed
D4oB,https://news.example.invalid/articles/2026/10/story-9311693?utm_source=share&utm_medium=link&ref=sfp-seed
571B,https://news.example.invalid/articles/2026/10/story-1218647?utm_source=share&utm_medium=link&ref=sfp-seed
fzin,https://news.example.invalid/articles/2026/10/story-3710599?utm_source=share&utm_medium=link&ref=sfp-seed
ixC0,https://news.example.invalid/articles/2026/10/story-4419112?utm_source=share&utm_medium=link&ref=sfp-seed
9XbK,https://news.example.invalid/articles/2026/10/story-2372476?utm_source=share&utm_medium=link&ref=sfp-seed
i661,https://news.example.invalid/articles/2026/10/story-4313341?utm_source=share&utm_medium=link&ref=sfp-seed
gDk4,https://news.example.invalid/articles/2026/10/story-3964408?utm_source=share&utm_medium=link&ref=sfp-seed
5a1l,https://news.example.invalid/articles/2026/10/story-1230163?utm_source=share&utm_medium=link&ref=sfp-seed
clTe,https://news.example.invalid/articles/2026/10/story-2944084?utm_source=share&utm_medium=link&ref=sfp-seed
le5i,https://news.example.invalid/articles/2026/10/story-5059032?utm_source=share&utm_medium=link&ref=sfp-seed
xNeu,https://news.example.invalid/articles/2026/10/story-8054078?utm_source=share&utm_medium=link&ref=sfp-seed
gnHR,https://news.example.invalid/articles/2026/10/story-3904379?utm_source=share&utm_medium=link&ref=sfp-seed
mD7W,https://news.example.invalid/articles/2026/10/story-5393624?utm_source=share&utm_medium=link&ref=sfp-seed
6iIT,https://news.example.invalid/articles/2026/10/story-1501943?utm_source=share&utm_medium=link&ref=sfp-seed
t8Ri,https://news.example.invalid/articles/2026/10/story-6945568?utm_source=share&utm_medium=link&ref=sfp-seed
s3LW,https://news.example.invalid/articles/2026/10/story-6687688?utm_source=share&utm_medium=link&ref=sfp-seed
9gzc,https://news.example.invalid/articles/2026/10/story-2208638?utm_source=share&utm_medium=link&ref=sfp-seed
7Hsu,https://news.example.invalid/articles/2026/10/story-1835354?utm_source=share&utm_medium=link&ref=sfp-seed
ohIb,https://news.example.invalid/articles/2026/10/story-5787959?utm_source=share&utm_medium=link&ref=sfp-seed
llTC,https://news.example.invalid/articles/2026/10/story-5089060?utm_source=share&utm_medium=link&ref=sfp-seed
AUEV,https://news.example.invalid/articles/2026/10/story-8797609?utm_source=share&utm_medium=link&ref=sfp-seed
3Kum,https://news.example.invalid/articles/2026/10/story-893690?utm_source=share&utm_medium=link&ref=sfp-seed
pC3Y,https://news.example.invalid/articles/2026/10/story-6104518?utm_source=share&utm_medium=link&ref=sfp-seed
bDbf,https://news.example.invalid/articles/2026/10/story-2772221?utm_source=share&utm_medium=link&ref=sfp-seed
ApQv,https://news.example.invalid/articles/2026/10/story-8679163?utm_source=share&utm_medium=link&ref=sfp-seed
mpVk,https://news.example.invalid/articles/2026/10/story-5342870?utm_source=share&utm_medium=link&ref=sfp-seed
iE1C,https://news.example.invalid/articles/2026/10/story-4443764?utm_source=share&utm_medium=link&ref=sfp-seed
oEG0,https://news.example.invalid/articles/2026/10/story-5876236?utm_source=share&utm_medium=link&ref=sfp-seed
fngP,https://news.example.invalid/articles/2026/10/story-3664375?utm_source=share&utm_medium=link&ref=sfp-seed
8ViT,https://news.example.invalid/articles/2026/10/story-2126903?utm_source=share&utm_medium=link&ref=sfp-seed
bzsK,https://news.example.invalid/articles/2026/10/story-2757930?utm_source=share&utm_medium=link&ref=sfp-seed
v0zW,https://news.example.invalid/articles/2026/10/story-7390396?utm_source=share&utm_medium=link&ref=sfp-seed
9TtD,https://news.example.invalid/articles/2026/10/story-2358209?utm_source=share&utm_medium=link&ref=sfp-seed
qjlh,https://news.example.invalid/articles/2026/10/story-6270883?utm_source=share&utm_medium=link&ref=sfp-seed
tZZ7,https://news.example.invalid/articles/2026/10/story-7149785?utm_source=share&utm_medium=link&ref=sfp-seed
B2j,https://news.example.invalid/articles/2026/10/story-142371?utm_source=share&utm_medium=link&ref=sfp-seed
a9O4,https://news.example.invalid/articles/2026/10/story-2420980?utm_source=share&utm_medium=link&ref=sfp-seed
3M93,https://news.example.invalid/articles/2026/10/story-900057?utm_source=share&utm_medium=link&ref=sfp-seed
F5jl,https://news.example.invalid/articles/2026/10/story-9791867?utm_source=share&utm_medium=link&ref=sfp-seed
omoR,https://news.example.invalid/articles/2026/10/story-5805981?utm_source=share&utm_medium=link&ref=sfp-seed
7Qtw,https://news.example.invalid/articles/2026/10/story-1870014?utm_source=share&utm_medium=link&ref=sfp-seed
gpe8,https://news.example.invalid/articles/2026/10/story-3910224?utm_source=share&utm_medium=link&ref=sfp-seed
7shv,https://news.example.invalid/articles/2026/10/story-1777013?utm_source=share&utm_medium=link&ref=sfp-seed
uJ4S,https://news.example.invalid/articles/2026/10/story-7323122?utm_source=share&utm_medium=link&ref=sfp-seed
AFIv,https://news.example.invalid/articles/2026/10/story-8740171?utm_source=share&utm_medium=link&ref=sfp-seed
lrQ6,https://news.example.invalid/articles/2026/10/story-5111906?utm_source=share&utm_medium=link&ref=sfp-seed
c0ey,https://news.example.invalid/articles/2026/10/story-2860838?utm_source=share&utm_medium=link&ref=sfp-seed
DkGO,https://news.example.invalid/articles/2026/10/story-9374326?utm_source=share&utm_medium=link&ref=sfp-seed
cLiX,https://news.example.invalid/articles/2026/10/story-3041779?utm_source=share&utm_medium=link&ref=sfp-seed
jCmk,https://news.example.invalid/articles/2026/10/story-4675688?utm_source=share&utm_medium=link&ref=sfp-seed
hy8z,https://news.example.invalid/articles/2026/10/story-4182803?utm_source=share&utm_medium=link&ref=sfp-seed
jylQ,https://news.example.invalid/articles/2026/10/story-4660282?utm_source=share&utm_medium=link&ref=sfp-seed
kMJq,https://news.example.invalid/articles/2026/10/story-4953888?utm_source=share&utm_medium=link&ref=sfp-seed
b99q,https://news.example.invalid/articles/2026/10/story-2656788?utm_source=share&utm_medium=link&ref=sfp-seed
hKt2,https://news.example.invalid/articles/2026/10/story-4230200?utm_source=share&utm_medium=link&ref=sfp-seed
gG3r,https://news.example.invalid/articles/2026/10/story-3974909?utm_source=share&utm_medium=link&ref=sfp-seed
A5Zs,https://news.example.invalid/articles/2026/10/story-8602838?utm_source=share&utm_medium=link&ref=sfp-seed
9yU2,https://news.example.invalid/articles/2026/10/story-2279122?utm_source=share&utm_medium=link&ref=sfp-seed
sJqs,https://news.example.invalid/articles/2026/10/story-6847804?utm_source=share&utm_medium=link&ref=sfp-seed
afNz,https://news.example.invalid/articles/2026/10/story-2444013?utm_source=share&utm_medium=link&ref=sfp-seed
ip7V,https://news.example.invalid/articles/2026/10/story-4386495?utm_source=share&utm_medium=link&ref=sfp-seed
gaVA,https://news.example.invalid/articles/2026/10/story-3855258?utm_source=share&utm_medium=link&ref=sfp-seed
1cX4,https://news.example.invalid/articles/2026/10/story-288118?utm_source=share&utm_medium=link&ref=sfp-seed
lGXo,https://news.example.invalid/articles/2026/10/story-5170018?utm_source=share&utm_medium=link&ref=sfp-seed
iym5,https://news.example.invalid/articles/2026/10/story-4421969?utm_source=share&utm_medium=link&ref=sfp-seed
x4fw,https://news.example.invalid/articles/2026/10/story-7881162?utm_source=share&utm_medium=link&ref=sfp-seed
oTxi,https://news.example.invalid/articles/2026/10/story-5933356?utm_source=share&utm_medium=link&ref=sfp-seed
1Z0x,https://news.example.invalid/articles/2026/10/story-472845?utm_source=share&utm_medium=link&ref=sfp-seed
lrvq,https://news.example.invalid/articles/2026/10/story-5110624?utm_source=share&utm_medium=link&ref=sfp-seed
y6qR,https://news.example.invalid/articles/2026/10/story-8127881?utm_source=share&utm_medium=link&ref=sfp-seed
maco,https://news.example.invalid/articles/2026/10/story-5282424?utm_source=share&utm_medium=link&ref=sfp-seed
vziY,https://news.example.invalid/articles/2026/10/story-7523884?utm_source=share&utm_medium=link&ref=sfp-seed
s9JO,https://news.example.invalid/articles/2026/10/story-6710620?utm_source=share&utm_medium=link&ref=sfp-seed
Fjvq,https://news.example.invalid/articles/2026/10/story-9846432?utm_source=share&utm_medium=link&ref=sfp-seed
4Xms,https://news.example.invalid/articles/2026/10/story-1181500?utm_source=share&utm_medium=link&ref=sfp-seed
A5GI,https://news.example.invalid/articles/2026/10/story-8601676?utm_source=share&utm_medium=link&ref=sfp-seed
cP6A,https://news.example.invalid/articles/2026/10/story-3056388?utm_source=share&utm_medium=link&ref=sfp-seed
E2Ip,https://news.example.invalid/articles/2026/10/story-9543561?utm_source=share&utm_medium=link&ref=sfp-seed
EwQ7,https://news.example.invalid/articles/2026/10/story-9659359?utm_source=share&utm_medium=link&ref=sfp-seed
tgL9,https://news.example.invalid/articles/2026/10/story-6975939?utm_source=share&utm_medium=link&ref=sfp-seed
3aPo,https://news.example.invalid/articles/2026/10/story-756610?utm_source=share&utm_medium=link&ref=sfp-seed
4bnu,https://news.example.invalid/articles/2026/10/story-997052?utm_source=share&utm_medium=link&ref=sfp-seed
83pI,https://news.example.invalid/articles/2026/10/story-1919750?utm_source=share&utm_medium=link&ref=sfp-seed
zBie,https://news.example.invalid/articles/2026/10/story-8484838?utm_source=share&utm_medium=link&ref=sfp-seed
A8f4,https://news.example.invalid/articles/2026/10/story-8611494?utm_source=share&utm_medium=link&ref=sfp-seed
1kW0,https://news.example.invalid/articles/2026/10/story-318804?utm_source=share&utm_medium=link&ref=sfp-seed
cJyf,https://news.example.invalid/articles/2026/10/story-3035039?utm_source=share&utm_medium=link&ref=sfp-seed
r2Mw,https://news.example.invalid/articles/2026/10/story-6445552?utm_source=share&utm_medium=link&ref=sfp-seed
e2cR,https://news.example.invalid/articles/2026/10/story-3345077?utm_source=share&utm_medium=link&ref=sfp-seed
6Xji,https://news.example.invalid/articles/2026/10/story-1657960?utm_source=share&utm_medium=link&ref=sfp-seed
tUqO,https://news.example.invalid/articles/2026/10/story-7128438?utm_source=share&utm_medium=link&ref=sfp-seed
ZFC,https://news.example.invalid/articles/2026/10/story-237064?utm_source=share&utm_medium=link&ref=sfp-seed
wAXw,https://news.example.invalid/articles/2026/10/story-7768570?utm_source=share&utm_medium=link&ref=sfp-seed
6Mot,https://news.example.invalid/articles/2026/10/story-1615997?utm_source=share&utm_medium=link&ref=sfp-seed
oA5W,https://news.example.invalid/articles/2026/10/story-5858624?utm_source=share&utm_medium=link&ref=sfp-seed
4OZv,https://news.example.invalid/articles/2026/10/story-1149325?utm_source=share&utm_medium=link&ref=sfp-seed
jRwz,https://news.example.invalid/articles/2026/10/story-4733983?utm_source=share&utm_medium=link&ref=sfp-seed
xs7U,https://news.example.invalid/articles/2026/10/story-7972946?utm_source=share&utm_medium=link&ref=sfp-seed
VnD,https://news.example.invalid/articles/2026/10/story-220573?utm_source=share&utm_medium=link&ref=sfp-seed
qSZQ,https://news.example.invalid/articles/2026/10/story-6407938?utm_source=share&utm_medium=link&ref=sfp-seed
xHvH,https://news.example.invalid/articles/2026/10/story-8032081?utm_source=share&utm_medium=link&ref=sfp-seed
5PT2,https://news.example.invalid/articles/2026/10/story-1391096?utm_source=share&utm_medium=link&ref=sfp-seed
DTPw,https://news.example.invalid/articles/2026/10/story-9509406?utm_source=share&utm_medium=link&ref=sfp-seed
xIYq,https://news.example.invalid/articles/2026/10/story-8037706?utm_source=share&utm_medium=link&ref=sfp-seed
ofXW,https://news.example.invalid/articles/2026/10/story-5781248?utm_source=share&utm_medium=link&ref=sfp-seed
EbnD,https://news.example.invalid/articles/2026/10/story-9576869?utm_source=share&utm_medium=link&ref=sfp-seed
cv0N,https://news.example.invalid/articles/2026/10/story-2979149?utm_source=share&utm_medium=link&ref=sfp-seed
BExO,https://news.example.invalid/articles/2026/10/story-8973992?utm_source=share&utm_medium=link&ref=sfp-seed
A2Lx,https://news.example.invalid/articles/2026/10/story-8590443?utm_source=share&utm_medium=link&ref=sfp-seed
7pk2,https://news.example.invalid/articles/2026/10/story-1765638?utm_source=share&utm_medium=link&ref=sfp-seed
ynB0,https://news.example.invalid/articles/2026/10/story-8193858?utm_source=share&utm_medium=link&ref=sfp-seed
7CBU,https://news.example.invalid/articles/2026/10/story-1816718?utm_source=share&utm_medium=link&ref=sfp-seed
hl7Q,https://news.example.invalid/articles/2026/10/story-4132786?utm_source=share&utm_medium=link&ref=sfp-seed
CjTk,https://news.example.invalid/articles/2026/10/story-9132930?utm_source=share&utm_medium=link&ref=sfp-seed
tLjp,https://news.example.invalid/articles/2026/10/story-7093383?utm_source=share&utm_medium=link&ref=sfp-seed
oiNV,https://news.example.invalid/articles/2026/10/story-5792159?utm_source=share&utm_medium=link&ref=sfp-seed
E7kz,https://news.example.invalid/articles/2026/10/story-9561303?utm_source=share&utm_medium=link&ref=sfp-seed
uME3,https://news.example.invalid/articles/2026/10/story-7336835?utm_source=share&utm_medium=link&ref=sfp-seed
zawg,https://news.example.invalid/articles/2026/10/story-8381920?utm_source=share&utm_medium=link&ref=sfp-seed
9jOY,https://news.example.invalid/articles/2026/10/story-2221148?utm_source=share&utm_medium=link&ref=sfp-seed
sW5J,https://news.example.invalid/articles/2026/10/story-6896491?utm_source=share&utm_medium=link&ref=sfp-seed
Bm3z,https://news.example.invalid/articles/2026/10/story-8902925?utm_source=share&utm_medium=link&ref=sfp-seed
ruSk,https://news.example.invalid/articles/2026/10/story-6553544?utm_source=share&utm_medium=link&ref=sfp-seed
iCpJ,https://news.example.invalid/articles/2026/10/story-4437571?utm_source=share&utm_medium=link&ref=sfp-seed
ALO,https://news.example.invalid/articles/2026/10/story-141348?utm_source=share&utm_medium=link&ref=sfp-seed
93hJ,https://news.example.invalid/articles/2026/10/story-2157583?utm_source=share&utm_medium=link&ref=sfp-seed
3BW9,https://news.example.invalid/articles/2026/10/story-860817?utm_source=share&utm_medium=link&ref=sfp-seed
CdKQ,https://news.example.invalid/articles/2026/10/story-9109340?utm_source=share&utm_medium=link&ref=sfp-seed
pYol,https://news.example.invalid/articles/2026/10/story-6190349?utm_source=share&utm_medium=link&ref=sfp-seed
tAcI,https://news.example.invalid/articles/2026/10/story-7050684?utm_source=share&utm_medium=link&ref=sfp-seed
2C0n,https://news.example.invalid/articles/2026/10/story-622751?utm_source=share&utm_medium=link&ref=sfp-seed
1RT5,https://news.example.invalid/articles/2026/10/story-445475?utm_source=share&utm_medium=link&ref=sfp-seed
9ecw,https://news.example.invalid/articles/2026/10/story-2199544?utm_source=share&utm_medium=link&ref=sfp-seed
F5m4,https://news.example.invalid/articles/2026/10/story-9792036?utm_source=share&utm_medium=link&ref=sfp-seed
jwb5,https://news.example.invalid/articles/2026/10/story-4651927?utm_source=share&utm_medium=link&ref=sfp-seed
8Cfo,https://news.example.invalid/articles/2026/10/story-2053650?utm_source=share&utm_medium=link&ref=sfp-seed
n9NU,https://news.example.invalid/articles/2026/10/story-5519234?utm_source=share&utm_medium=link&ref=sfp-seed
rvyy,https://news.example.invalid/articles/2026/10/story-6556162?utm_source=share&utm_medium=link&ref=sfp-seed
wfgu,https://news.example.invalid/articles/2026/10/story-7685178?utm_source=share&utm_medium=link&ref=sfp-seed
ktnm,https://news.example.invalid/articles/2026/10/story-4879484?utm_source=share&utm_medium=link&ref=sfp-seed
B1rM,https://news.example.invalid/articles/2026/10/story-8823702?utm_source=share&utm_medium=link&ref=sfp-seed
6aTX,https://news.example.invalid/articles/2026/10/story-1471877?utm_source=share&utm_medium=link&ref=sfp-seed
CjVf,https://news.example.invalid/articles/2026/10/story-9133049?utm_source=share&utm_medium=link&ref=sfp-seed
ruF8,https://news.example.invalid/articles/2026/10/story-6552726?utm_source=share&utm_medium=link&ref=sfp-seed
57X5,https://news.example.invalid/articles/2026/10/story-1222211?utm_source=share&utm_medium=link&ref=sfp-seed
EayH,https://news.example.invalid/articles/2026/10/story-9573711?utm_source=share&utm_medium=link&ref=sfp-seed
lwLs,https://news.example.invalid/articles/2026/10/story-5130838?utm_source=share&utm_medium=link&ref=sfp-seed
EYxq,https://news.example.invalid/articles/2026/10/story-9765832?utm_source=share&utm_medium=link&ref=sfp-seed
sTWg,https://news.example.invalid/articles/2026/10/story-6888216?utm_source=share&utm_medium=link&ref=sfp-seed
zfXz,https://news.example.invalid/articles/2026/10/story-8402833?utm_source=share&utm_medium=link&ref=sfp-seed
4g1y,https://news.example.invalid/articles/2026/10/story-1014912?utm_source=share&utm_medium=link&ref=sfp-seed
d3zK,https://news.example.invalid/articles/2026/10/story-3112012?utm_source=share&utm_medium=link&ref=sfp-seed
lQ3V,https://news.example.invalid/articles/2026/10/story-5205019?utm_source=share&utm_medium=link&ref=sfp-seed
2nKS,https://news.example.invalid/articles/2026/10/story-567974?utm_source=share&utm_medium=link&ref=sfp-seed
co7Y,https://news.example.invalid/articles/2026/10/story-2952686?utm_source=share&utm_medium=link&ref=sfp-seed
DEZ3,https://news.example.invalid/articles/2026/10/story-9452337?utm_source=share&utm_medium=link&ref=sfp-seed
r3WQ,https://news.example.invalid/articles/2026/10/story-6450036?utm_source=share&utm_medium=link&ref=sfp-seed
218R,https://news.example.invalid/articles/2026/10/story-481049?utm_source=share&utm_medium=link&ref=sfp-seed
jvM8,https://news.example.invalid/articles/2026/10/story-4650380?utm_source=share&utm_medium=link&ref=sfp-seed
i8Nv,https://news.example.invalid/articles/2026/10/story-4323725?utm_source=share&utm_medium=link&ref=sfp-seed
EWZc,https://news.example.invalid/articles/2026/10/story-9759866?utm_source=share&utm_medium=link&ref=sfp-seed
ckej,https://news.example.invalid/articles/2026/10/story-2937703?utm_source=share&utm_medium=link&ref=sfp-seed
faSB,https://news.example.invalid/articles/2026/10/story-3616745?utm_source=share&utm_medium=link&ref=sfp-seed
4b2I,https://news.example.invalid/articles/2026/10/story-995764?utm_source=share&utm_medium=link&ref=sfp-seed
dPol,https://news.example.invalid/articles/2026/10/story-3295817?utm_source=share&utm_medium=link&ref=sfp-seed
jcrj,https://news.example.invalid/articles/2026/10/story-4576053?utm_source=share&utm_medium=link&ref=sfp-seed
9bKn,https://news.example.invalid/articles/2026/10/story-2190111?utm_source=share&utm_medium=link&ref=sfp-seed
83dv,https://news.example.invalid/articles/2026/10/story-1918993?utm_source=share&utm_medium=link&ref=sfp-seed
kzDP,https://news.example.invalid/articles/2026/10/story-4903569?utm_source=share&utm_medium=link&ref=sfp-seed
lfX,https://news.example.invalid/articles/2026/10/story-81713?utm_source=share&utm_medium=link&ref=sfp-seed
zBTr,https://news.example.invalid/articles/2026/10/story-8487145?utm_source=share&utm_medium=link&ref=sfp-seed
moSE,https://news.example.invalid/articles/2026/10/story-5338860?utm_source=share&utm_medium=link&ref=sfp-seed
foP3,https://news.example.invalid/articles/2026/10/story-3670341?utm_source=share&utm_medium=link&ref=sfp-seed
nXs3,https://news.example.invalid/articles/2026/10/story-5710079?utm_source=share&utm_medium=link&ref=sfp-seed
dMNE,https://news.example.invalid/articles/2026/10/story-3285854?utm_source=share&utm_medium=link&ref=sfp-seed
qoP1,https://news.example.invalid/articles/2026/10/story-6291947?utm_source=share&utm_medium=link&ref=sfp-seed
pJut,https://news.example.invalid/articles/2026/10/story-6133069?utm_source=share&utm_medium=link&ref=sfp-seed
7P6E,https://news.example.invalid/articles/2026/10/story-1864752?utm_source=share&utm_medium=link&ref=sfp-seed
1iym,https://news.example.invalid/articles/2026/10/story-309650?utm_source=share&utm_medium=link&ref=sfp-seed
dHoG,https://news.example.invalid/articles/2026/10/story-3265086?utm_source=share&utm_medium=link&ref=sfp-seed
ek2h,https://news.example.invalid/articles/2026/10/story-3413613?utm_source=share&utm_medium=link&ref=sfp-seed
vMLJ,https://news.example.invalid/articles/2026/10/story-7575639?utm_source=share&utm_medium=link&ref=sfp-seed
wGci,https://news.example.invalid/articles/2026/10/story-7788706?utm_source=share&utm_medium=link&ref=sfp-seed
zuQl,https://news.example.invalid/articles/2026/10/story-8460045?utm_source=share&utm_medium=link&ref=sfp-seed
31wP,https://news.example.invalid/articles/2026/10/story-720863?utm_source=share&utm_medium=link&ref=sfp-seed
A4hH,https://news.example.invalid/articles/2026/10/story-8596281?utm_source=share&utm_medium=link&ref=sfp-seed
ft66,https://news.example.invalid/articles/2026/10/story-3686774?utm_source=share&utm_medium=link&ref=sfp-seed
noFy,https://news.example.invalid/articles/2026/10/story-5576376?utm_source=share&utm_medium=link&ref=sfp-seed
dAgy,https://news.example.invalid/articles/2026/10/story-3237674?utm_source=share&utm_medium=link&ref=sfp-seed
wbrx,https://news.example.invalid/articles/2026/10/story-7670487?utm_source=share&utm_medium=link&ref=sfp-seed
nJb3,https://news.example.invalid/articles/2026/10/story-5655209?utm_source=share&utm_medium=link&ref=sfp-seed
DhXp,https://news.example.invalid/articles/2026/10/story-9363823?utm_source=share&utm_medium=link&ref=sfp-seed
dkSd,https://news.example.invalid/articles/2026/10/story-3178505?utm_source=share&utm_medium=link&ref=sfp-seed
iT5Q,https://news.example.invalid/articles/2026/10/story-4501686?utm_source=share&utm_medium=link&ref=sfp-seed
kcY1,https://news.example.invalid/articles/2026/10/story-4816409?utm_source=share&utm_medium=link&ref=sfp-seed
mG4u,https://news.example.invalid/articles/2026/10/story-5404942?utm_source=share&utm_medium=link&ref=sfp-seed
Bg07,https://news.example.invalid/articles/2026/10/story-8879647?utm_source=share&utm_medium=link&ref=sfp-seed
oYWk,https://news.example.invalid/articles/2026/10/story-5954128?utm_source=share&utm_medium=link&ref=sfp-seed
bthP,https://news.example.invalid/articles/2026/10/story-2734189?utm_source=share&utm_medium=link&ref=sfp-seed
wfwo,https://news.example.invalid/articles/2026/10/story-7686164?utm_source=share&utm_medium=link&ref=sfp-seed
lw3m,https://news.example.invalid/articles/2026/10/story-5128104?utm_source=share&utm_medium=link&ref=sfp-seed
7P6k,https://news.example.invalid/articles/2026/10/story-1864732?utm_source=share&utm_medium=link&ref=sfp-seed
4sU4,https://news.example.invalid/articles/2026/10/story-1064420?utm_source=share&utm_medium=link&ref=sfp-seed
xcjp,https://news.example.invalid/articles/2026/10/story-7912155?utm_source=share&utm_medium=link&ref=sfp-seed
kk0i,https://news.example.invalid/articles/2026/10/story-4843458?utm_source=share&utm_medium=link&ref=sfp-seed
n70f,https://news.example.invalid/articles/2026/10/story-5508467?utm_source=share&utm_medium=link&ref=sfp-seed
qpIL,https://news.example.invalid/articles/2026/10/story-6295403?utm_source=share&utm_medium=link&ref=sfp-seed
F0xM,https://news.example.invalid/articles/2026/10/story-9773542?utm_source=share&utm_medium=link&ref=sfp-seed
yBcB,https://news.example.invalid/articles/2026/10/story-8246161?utm_source=share&utm_medium=link&ref=sfp-seed
bcm7,https://news.example.invalid/articles/2026/10/story-2669107?utm_source=share&utm_medium=link&ref=sfp-seed
mCMl,https://news.example.invalid/articles/2026/10/story-5392285?utm_source=share&utm_medium=link&ref=sfp-seed
wX5k,https://news.example.invalid/articles/2026/10/story-7853622?utm_source=share&utm_medium=link&ref=sfp-seed
Xq4,https://news.example.invalid/articles/2026/10/story-228412?utm_source=share&utm_medium=link&ref=sfp-seed
jvJF,https://news.example.invalid/articles/2026/10/story-4650227?utm_source=share&utm_medium=link&ref=sfp-seed
6vrF,https://news.example.invalid/articles/2026/10/story-1550847?utm_source=share&utm_medium=link&ref=sfp-seed
dyG4,https://news.example.invalid/articles/2026/10/story-3231568?utm_source=share&utm_medium=link&ref=sfp-seed
24Ci,https://news.example.invalid/articles/2026/10/story-494406?utm_source=share&utm_medium=link&ref=sfp-seed
lFJp,https://news.example.invalid/articles/2026/10/story-5165307?utm_source=share&utm_medium=link&ref=sfp-seed
8V01,https://news.example.invalid/articles/2026/10/story-2125733?utm_source=share&utm_medium=link&ref=sfp-seed
EYTt,https://news.example.invalid/articles/2026/10/story-9767199?utm_source=share&utm_medium=link&ref=sfp-seed
xiH1,https://news.example.invalid/articles/2026/10/story-7936683?utm_source=share&utm_medium=link&ref=sfp-seed
x1h,https://news.example.invalid/articles/2026/10/story-126931?utm_source=share&utm_medium=link&ref=sfp-seed
D26n,https://news.example.invalid/articles/2026/10/story-9302875?utm_source=share&utm_medium=link&ref=sfp-seed
c3Hk,https://news.example.invalid/articles/2026/10/story-2874154?utm_source=share&utm_medium=link&ref=sfp-seed
9Cud,https://news.example.invalid/articles/2026/10/story-2292897?utm_source=share&utm_medium=link&ref=sfp-seed
zyNB,https://news.example.invalid/articles/2026/10/story-8475251?utm_source=share&utm_medium=link&ref=sfp-seed
qTTI,https://news.example.invalid/articles/2026/10/story-6411402?utm_source=share&utm_medium=link&ref=sfp-seed
4spS,https://news.example.invalid/articles/2026/10/story-1062548?utm_source=share&utm_medium=link&ref=sfp-seed
uOtP,https://news.example.invalid/articles/2026/10/story-7343889?utm_source=share&utm_medium=link&ref=sfp-seed
9gi6,https://news.example.invalid/articles/2026/10/story-2207578?utm_source=share&utm_medium=link&ref=sfp-seed
jlHb,https://news.example.invalid/articles/2026/10/story-4611633?utm_source=share&utm_medium=link&ref=sfp-seed
iyOt,https://news.example.invalid/articles/2026/10/story-4423729?utm_source=share&utm_medium=link&ref=sfp-seed
BKDv,https://news.example.invalid/articles/2026/10/story-8997409?utm_source=share&utm_medium=link&ref=sfp-seed
5E2B,https://news.example.invalid/articles/2026/10/story-1345561?utm_source=share&utm_medium=link&ref=sfp-seed
nJzx,https://news.example.invalid/articles/2026/10/story-5656727?utm_source=share&utm_medium=link&ref=sfp-seed
qoVl,https://news.example.invalid/articles/2026/10/story-6292339?utm_source=share&utm_medium=link&ref=sfp-seed
qV5a,https://news.example.invalid/articles/2026/10/story-6415956?utm_source=share&utm_medium=link&ref=sfp-seed
n1DF,https://news.example.invalid/articles/2026/10/story-5487847?utm_source=share&utm_medium=link&ref=sfp-seed
vunV,https://news.example.invalid/articles/2026/10/story-7504971?utm_source=share&utm_medium=link&ref=sfp-seed
lJvr,https://news.example.invalid/articles/2026/10/story-5179817?utm_source=share&utm_medium=link&ref=sfp-seed
ybz8,https://news.example.invalid/articles/2026/10/story-8147614?utm_source=share&utm_medium=link&ref=sfp-seed
D04u,https://news.example.invalid/articles/2026/10/story-9295070?utm_source=share&utm_medium=link&ref=sfp-seed
5kZt,https://news.example.invalid/articles/2026/10/story-1272331?utm_source=share&utm_medium=link&ref=sfp-seed
sjh9,https://news.example.invalid/articles/2026/10/story-6747283?utm_source=share&utm_medium=link&ref=sfp-seed
47qv,https://news.example.invalid/articles/2026/10/story-981863?utm_source=share&utm_medium=link&ref=sfp-seed
lRYT,https://news.example.invalid/articles/2026/10/story-5212395?utm_source=share&utm_medium=link&ref=sfp-seed
y2qf,https://news.example.invalid/articles/2026/10/story-8112467?utm_source=share&utm_medium=link&ref=sfp-seed
lZUW,https://news.example.invalid/articles/2026/10/story-5242902?utm_source=share&utm_medium=link&ref=sfp-seed
58EL,https://news.example.invalid/articles/2026/10/story-1224919?utm_source=share&utm_medium=link&ref=sfp-seed
fE9U,https://news.example.invalid/articles/2026/10/story-3729294?utm_source=share&utm_medium=link&ref=sfp-seed
5Enn,https://news.example.invalid/articles/2026/10/story-1346849?utm_source=share&utm_medium=link&ref=sfp-seed
1kMj,https://news.example.invalid/articles/2026/10/story-318203?utm_source=share&utm_medium=link&ref=sfp-seed
avlo,https://news.example.invalid/articles/2026/10/story-2503770?utm_source=share&utm_medium=link&ref=sfp-seed
gU0C,https://news.example.invalid/articles/2026/10/story-4028550?utm_source=share&utm_medium=link&ref=sfp-seed
lH9j,https://news.example.invalid/articles/2026/10/story-5170757?utm_source=share&utm_medium=link&ref=sfp-seed
jhG9,https://news.example.invalid/articles/2026/10/story-4596193?utm_source=share&utm_medium=link&ref=sfp-seed
eRt6,https://news.example.invalid/articles/2026/10/story-3542128?utm_source=share&utm_medium=link&ref=sfp-seed
AYwm,https://news.example.invalid/articles/2026/10/story-8812454?utm_source=share&utm_medium=link&ref=sfp-seed
dOf4,https://news.example.invalid/articles/2026/10/story-3291398?utm_source=share&utm_medium=link&ref=sfp-seed
4b78,https://news.example.invalid/articles/2026/10/story-996038?utm_source=share&utm_medium=link&ref=sfp-seed
4OHM,https://news.example.invalid/articles/2026/10/story-1148226?utm_source=share&utm_medium=link&ref=sfp-seed
19WP,https://news.example.invalid/articles/2026/10/story-276571?utm_source=share&utm_medium=link&ref=sfp-seed
TWD,https://news.example.invalid/articles/2026/10/story-215055?utm_source=share&utm_medium=link&ref=sfp-seed
FSvx,https://news.example.invalid/articles/2026/10/story-9980979?utm_source=share&utm_medium=link&ref=sfp-seed
29nl,https://news.example.invalid/articles/2026/10/story-512699?utm_source=share&utm_medium=link&ref=sfp-seed
3Mq7,https://news.example.invalid/articles/2026/10/story-901115?utm_source=share&utm_medium=link&ref=sfp-seed
DIYY,https://news.example.invalid/articles/2026/10/story-9467708?utm_source=share&utm_medium=link&ref=sfp-seed
mxmb,https://news.example.invalid/articles/2026/10/story-5371443?utm_source=share&utm_medium=link&ref=sfp-seed
jsLA,https://news.example.invalid/articles/2026/10/story-4638814?utm_source=share&utm_medium=link&ref=sfp-seed
2fdy,https://news.example.invalid/articles/2026/10/story-535156?utm_source=share&utm_medium=link&ref=sfp-seed
xIhv,https://news.example.invalid/articles/2026/10/story-8035045?utm_source=share&utm_medium=link&ref=sfp-seed
aNiu,https://news.example.invalid/articles/2026/10/story-2572782?utm_source=share&utm_medium=link&ref=sfp-seed
jjRo,https://news.example.invalid/articles/2026/10/story-4604578?utm_source=share&utm_medium=link&ref=sfp-seed
xVqt,https://news.example.invalid/articles/2026/10/story-8085573?utm_source=share&utm_medium=link&ref=sfp-seed
Ew0C,https://news.example.invalid/articles/2026/10/story-9656166?utm_source=share&utm_medium=link&ref=sfp-seed
c2FR,https://news.example.invalid/articles/2026/10/story-2870219?utm_source=share&utm_medium=link&ref=sfp-seed
CDmM,https://news.example.invalid/articles/2026/10/story-9207792?utm_source=share&utm_medium=link&ref=sfp-seed
tWyK,https://news.example.invalid/articles/2026/10/story-7136618?utm_source=share&utm_medium=link&ref=sfp-seed
EXyJ,https://news.example.invalid/articles/2026/10/story-9762069?utm_source=share&utm_medium=link&ref=sfp-seed
bkju,https://news.example.invalid/articles/2026/10/story-2699696?utm_source=share&utm_medium=link&ref=sfp-seed
l1zW,https://news.example.invalid/articles/2026/10/story-5010960?utm_source=share&utm_medium=link&ref=sfp-seed
c6UW,https://news.example.invalid/articles/2026/10/story-2886530?utm_source=share&utm_medium=link&ref=sfp-seed
u1UO,https://news.example.invalid/articles/2026/10/story-7157206?utm_source=share&utm_medium=link&ref=sfp-seed
gnYW,https://news.example.invalid/articles/2026/10/story-3905438?utm_source=share&utm_medium=link&ref=sfp-seed
iIZX,https://news.example.invalid/articles/2026/10/story-4462881?utm_source=share&utm_medium=link&ref=sfp-seed
64jg,https://news.example.invalid/articles/2026/10/story-1446538?utm_source=share&utm_medium=link&ref=sfp-seed
uGgA,https://news.example.invalid/articles/2026/10/story-7312316?utm_source=share&utm_medium=link&ref=sfp-seed
tFyV,https://news.example.invalid/articles/2026/10/story-7071281?utm_source=share&utm_medium=link&ref=sfp-seed
3K1V,https://news.example.invalid/articles/2026/10/story-891927?utm_source=share&utm_medium=link&ref=sfp-seed
kRpf,https://news.example.invalid/articles/2026/10/story-4971857?utm_source=share&utm_medium=link&ref=sfp-seed
rOsz,https://news.example.invalid/articles/2026/10/story-6628827?utm_source=share&utm_medium=link&ref=sfp-seed
EGZA,https://news.example.invalid/articles/2026/10/story-9698386?utm_source=share&utm_medium=link&ref=sfp-seed
jngC,https://news.example.invalid/articles/2026/10/story-4617674?utm_source=share&utm_medium=link&ref=sfp-seed
F6lF,https://news.example.invalid/articles/2026/10/story-9795855?utm_source=share&utm_medium=link&ref=sfp-seed
kLTi,https://news.example.invalid/articles/2026/10/story-4950656?utm_source=share&utm_medium=link&ref=sfp-seed
bKQl,https://news.example.invalid/articles/2026/10/story-2801677?utm_source=share&utm_medium=link&ref=sfp-seed
mkYa,https://news.example.invalid/articles/2026/10/story-5323826?utm_source=share&utm_medium=link&ref=sfp-seed
njnZ,https://news.example.invalid/articles/2026/10/story-5556067?utm_source=share&utm_medium=link&ref=sfp-seed
opXi,https://news.example.invalid/articles/2026/10/story-5819648?utm_source=share&utm_medium=link&ref=sfp-seed
12AU,https://news.example.invalid/articles/2026/10/story-248304?utm_source=share&utm_medium=link&ref=sfp-seed
1CV3,https://news.example.invalid/articles/2026/10/story-387937?utm_source=share&utm_medium=link&ref=sfp-seed
d1B8,https://news.example.invalid/articles/2026/10/story-3104410?utm_source=share&utm_medium=link&ref=sfp-seed
qhv4,https://news.example.invalid/articles/2026/10/story-6263802?utm_source=share&utm_medium=link&ref=sfp-seed
BXo3,https://news.example.invalid/articles/2026/10/story-9046423?utm_source=share&utm_medium=link&ref=sfp-seed
wPq6,https://news.example.invalid/articles/2026/10/story-7824158?utm_source=share&utm_medium=link&ref=sfp-seed
blxJ,https://news.example.invalid/articles/2026/10/story-2704423?utm_source=share&utm_medium=link&ref=sfp-seed
3A0w,https://news.example.invalid/articles/2026/10/story-853400?utm_source=share&utm_medium=link&ref=sfp-seed
6WPG,https://news.example.invalid/articles/2026/10/story-1656124?utm_source=share&utm_medium=link&ref=sfp-seed
4EGQ,https://news.example.invalid/articles/2026/10/story-1109728?utm_source=share&utm_medium=link&ref=sfp-seed
jttU,https://news.example.invalid/articles/2026/10/story-4641562?utm_source=share&utm_medium=link&ref=sfp-seed
vx00,https://news.example.invalid/articles/2026/10/story-7515020?utm_source=share&utm_medium=link&ref=sfp-seed
gkGK,https://news.example.invalid/articles/2026/10/story-3892778?utm_source=share&utm_medium=link&ref=sfp-seed
7KRg,https://news.example.invalid/articles/2026/10/story-1848422?utm_source=share&utm_medium=link&ref=sfp-seed
wIaV,https://news.example.invalid/articles/2026/10/story-7796309?utm_source=share&utm_medium=link&ref=sfp-seed
oE5V,https://news.example.invalid/articles/2026/10/story-5873999?utm_source=share&utm_medium=link&ref=sfp-seed
kq9d,https://news.example.invalid/articles/2026/10/story-4867075?utm_source=share&utm_medium=link&ref=sfp-seed
crC2,https://news.example.invalid/articles/2026/10/story-2966082?utm_source=share&utm_medium=link&ref=sfp-seed
mHnz,https://news.example.invalid/articles/2026/10/story-5409969?utm_source=share&utm_medium=link&ref=sfp-seed
2yQ0,https://news.example.invalid/articles/2026/10/story-610576?utm_source=share&utm_medium=link&ref=sfp-seed
EAgX,https://news.example.invalid/articles/2026/10/story-9672555?utm_source=share&utm_medium=link&ref=sfp-seed
4xTs,https://news.example.invalid/articles/2026/10/story-1083602?utm_source=share&utm_medium=link&ref=sfp-seed
2rLJ,https://news.example.invalid/articles/2026/10/story-583403?utm_source=share&utm_medium=link&ref=sfp-seed
cUY7,https://news.example.invalid/articles/2026/10/story-3078927?utm_source=share&utm_medium=link&ref=sfp-seed
tjH4,https://news.example.invalid/articles/2026/10/story-6987218?utm_source=share&utm_medium=link&ref=sfp-seed
vYH0,https://news.example.invalid/articles/2026/10/story-7621474?utm_source=share&utm_medium=link&ref=sfp-seed
7ptJ,https://news.example.invalid/articles/2026/10/story-1766239?utm_source=share&utm_medium=link&ref=sfp-seed
z9Ts,https://news.example.invalid/articles/2026/10/story-8379514?utm_source=share&utm_medium=link&ref=sfp-seed
1GNt,https://news.example.invalid/articles/2026/10/story-402843?utm_source=share&utm_medium=link&ref=sfp-seed
t7B7,https://news.example.invalid/articles/2026/10/story-6940721?utm_source=share&utm_medium=link&ref=sfp-seed
8wvK,https://news.example.invalid/articles/2026/10/story-2031600?utm_source=share&utm_medium=link&ref=sfp-seed
4x7X,https://news.example.invalid/articles/2026/10/story-1080657?utm_source=share&utm_medium=link&ref=sfp-seed
1FY0,https://news.example.invalid/articles/2026/10/story-399652?utm_source=share&utm_medium=link&ref=sfp-seed
5BaV,https://news.example.invalid/articles/2026/10/story-1334545?utm_source=share&utm_medium=link&ref=sfp-seed
qw4J,https://news.example.invalid/articles/2026/10/story-6319829?utm_source=share&utm_medium=link&ref=sfp-seed
56Gk,https://news.example.invalid/articles/2026/10/story-1217328?utm_source=share&utm_medium=link&ref=sfp-seed
Cmas,https://news.example.invalid/articles/2026/10/story-9141680?utm_source=share&utm_medium=link&ref=sfp-seed
kwX4,https://news.example.invalid/articles/2026/10/story-4893230?utm_source=share&utm_medium=link&ref=sfp-seed
xN73,https://news.example.invalid/articles/2026/10/story-8053617?utm_source=share&utm_medium=link&ref=sfp-seed
tLvR,https://news.example.invalid/articles/2026/10/story-7094155?utm_source=share&utm_medium=link&ref=sfp-seed
AH4t,https://news.example.invalid/articles/2026/10/story-8745377?utm_source=share&utm_medium=link&ref=sfp-seed
BWKO,https://news.example.invalid/articles/2026/10/story-9043990?utm_source=share&utm_medium=link&ref=sfp-seed
mnHw,https://news.example.invalid/articles/2026/10/story-5334326?utm_source=share&utm_medium=link&ref=sfp-seed
uftj,https://news.example.invalid/articles/2026/10/story-7209317?utm_source=share&utm_medium=link&ref=sfp-seed
kHg7,https://news.example.invalid/articles/2026/10/story-4932851?utm_source=share&utm_medium=link&ref=sfp-seed
4eyJ,https://news.example.invalid/articles/2026/10/story-1009281?utm_source=share&utm_medium=link&ref=sfp-seed
CPHm,https://news.example.invalid/articles/2026/10/story-9255196?utm_source=share&utm_medium=link&ref=sfp-seed
oD9z,https://news.example.invalid/articles/2026/10/story-5870381?utm_source=share&utm_medium=link&ref=sfp-seed
fZT4,https://news.example.invalid/articles/2026/10/story-3812818?utm_source=share&utm_medium=link&ref=sfp-seed
oWv4,https://news.example.invalid/articles/2026/10/story-5944750?utm_source=share&utm_medium=link&ref=sfp-seed
xH54,https://news.example.invalid/articles/2026/10/story-8030430?utm_source=share&utm_medium=link&ref=sfp-seed
243b,https://news.example.invalid/articles/2026/10/story-492229?utm_source=share&utm_medium=link&ref=sfp-seed
thjH,https://news.example.invalid/articles/2026/10/story-6978081?utm_source=share&utm_medium=link&ref=sfp-seed
kwxv,https://news.example.invalid/articles/2026/10/story-4891645?utm_source=share&utm_medium=link&ref=sfp-seed
vHs1,https://news.example.invalid/articles/2026/10/story-7555197?utm_source=share&utm_medium=link&ref=sfp-seed
CRaj,https://news.example.invalid/articles/2026/10/story-9260835?utm_source=share&utm_medium=link&ref=sfp-seed
kYol,https://news.example.invalid/articles/2026/10/story-4998709?utm_source=share&utm_medium=link&ref=sfp-seed
aue2,https://news.example.invalid/articles/2026/10/story-2499470?utm_source=share&utm_medium=link&ref=sfp-seed
2Fnj,https://news.example.invalid/articles/2026/10/story-635705?utm_source=share&utm_medium=link&ref=sfp-seed
pkWo,https://news.example.invalid/articles/2026/10/story-6038700?utm_source=share&utm_medium=link&ref=sfp-seed
wN4M,https://news.example.invalid/articles/2026/10/story-7815148?utm_source=share&utm_medium=link&ref=sfp-seed
xRtr,https://news.example.invalid/articles/2026/10/story-8070381?utm_source=share&utm_medium=link&ref=sfp-seed
jkSW,https://news.example.invalid/articles/2026/10/story-4608518?utm_source=share&utm_medium=link&ref=sfp-seed
ajFx,https://news.example.invalid/articles/2026/10/story-2458891?utm_source=share&utm_medium=link&ref=sfp-seed
avIZ,https://news.example.invalid/articles/2026/10/story-2505233?utm_source=share&utm_medium=link&ref=sfp-seed
wP9P,https://news.example.invalid/articles/2026/10/story-7823149?utm_source=share&utm_medium=link&ref=sfp-seed
cRg4,https://news.example.invalid/articles/2026/10/story-3064664?utm_source=share&utm_medium=link&ref=sfp-seed
Ev7C,https://news.example.invalid/articles/2026/10/story-9652756?utm_source=share&utm_medium=link&ref=sfp-seed
zCBR,https://news.example.invalid/articles/2026/10/story-8489899?utm_source=share&utm_medium=link&ref=sfp-seed
aPiq,https://news.example.invalid/articles/2026/10/story-2580466?utm_source=share&utm_medium=link&ref=sfp-seed
oFBT,https://news.example.invalid/articles/2026/10/story-5879825?utm_source=share&utm_medium=link&ref=sfp-seed
EL7u,https://news.example.invalid/articles/2026/10/story-9714252?utm_source=share&utm_medium=link&ref=sfp-seed
9ZiO,https://news.example.invalid/articles/2026/10/story-2380602?utm_source=share&utm_medium=link&ref=sfp-seed
zEG3,https://news.example.invalid/articles/2026/10/story-8497847?utm_source=share&utm_medium=link&ref=sfp-seed
54MC,https://news.example.invalid/articles/2026/10/story-1210030?utm_source=share&utm_medium=link&ref=sfp-seed
sR17,https://news.example.invalid/articles/2026/10/story-6876985?utm_source=share&utm_medium=link&ref=sfp-seed
DG4v,https://news.example.invalid/articles/2026/10/story-9456519?utm_source=share&utm_medium=link&ref=sfp-seed
x5ky,https://news.example.invalid/articles/2026/10/story-7885318?utm_source=share&utm_medium=link&ref=sfp-seed
vTR,https://news.example.invalid/articles/2026/10/story-122627?utm_source=share&utm_medium=link&ref=sfp-seed
l02F,https://news.example.invalid/articles/2026/10/story-5005053?utm_source=share&utm_medium=link&ref=sfp-seed
1yQE,https://news.example.invalid/articles/2026/10/story-372288?utm_source=share&utm_medium=link&ref=sfp-seed
ctOl,https://news.example.invalid/articles/2026/10/story-2974533?utm_source=share&utm_medium=link&ref=sfp-seed
EAUa,https://news.example.invalid/articles/2026/10/story-9674986?utm_source=share&utm_medium=link&ref=sfp-seed
ssfV,https://news.example.invalid/articles/2026/10/story-6781803?utm_source=share&utm_medium=link&ref=sfp-seed
l6jh,https://news.example.invalid/articles/2026/10/story-5029147?utm_source=share&utm_medium=link&ref=sfp-seed
EUtH,https://news.example.invalid/articles/2026/10/story-9750225?utm_source=share&utm_medium=link&ref=sfp-seed
q9Od,https://news.example.invalid/articles/2026/10/story-6234237?utm_source=share&utm_medium=link&ref=sfp-seed
fWZu,https://news.example.invalid/articles/2026/10/story-3801684?utm_source=share&utm_medium=link&ref=sfp-seed
2CiM,https://news.example.invalid/articles/2026/10/story-623892?utm_source=share&utm_medium=link&ref=sfp-seed
vEAB,https://news.example.invalid/articles/2026/10/story-7544197?utm_source=share&utm_medium=link&ref=sfp-seed
1hWr,https://news.example.invalid/articles/2026/10/story-307299?utm_source=share&utm_medium=link&ref=sfp-seed
2YAA,https://news.example.invalid/articles/2026/10/story-709564?utm_source=share&utm_medium=link&ref=sfp-seed
vKPF,https://news.example.invalid/articles/2026/10/story-7568195?utm_source=share&utm_medium=link&ref=sfp-seed
cNJn,https://news.example.invalid/articles/2026/10/story-3051105?utm_source=share&utm_medium=link&ref=sfp-seed
yFXg,https://news.example.invalid/articles/2026/10/story-8264430?utm_source=share&utm_medium=link&ref=sfp-seed
s7MI,https://news.example.invalid/articles/2026/10/story-6703112?utm_source=share&utm_medium=link&ref=sfp-seed
1OMb,https://news.example.invalid/articles/2026/10/story-433515?utm_source=share&utm_medium=link&ref=sfp-seed
5bRg,https://news.example.invalid/articles/2026/10/story-1237226?utm_source=share&utm_medium=link&ref=sfp-seed
DTDL,https://news.example.invalid/articles/2026/10/story-9508677?utm_source=share&utm_medium=link&ref=sfp-seed
4OZa,https://news.example.invalid/articles/2026/10/story-1149304?utm_source=share&utm_medium=link&ref=sfp-seed
tZW5,https://news.example.invalid/articles/2026/10/story-7149597?utm_source=share&utm_medium=link&ref=sfp-seed
fVeo,https://news.example.invalid/articles/2026/10/story-3794920?utm_source=share&utm_medium=link&ref=sfp-seed
jP7B,https://news.example.invalid/articles/2026/10/story-4724747?utm_source=share&utm_medium=link&ref=sfp-seed
b7fY,https://news.example.invalid/articles/2026/10/story-2649506?utm_source=share&utm_medium=link&ref=sfp-seed
ib6A,https://news.example.invalid/articles/2026/10/story-4332596?utm_source=share&utm_medium=link&ref=sfp-seed
zfaZ,https://news.example.invalid/articles/2026/10/story-8399821?utm_source=share&utm_medium=link&ref=sfp-seed
7yDf,https://news.example.invalid/articles/2026/10/story-1801425?utm_source=share&utm_medium=link&ref=sfp-seed
gnDd,https://news.example.invalid/articles/2026/10/story-3904091?utm_source=share&utm_medium=link&ref=sfp-seed
yxhz,https://news.example.invalid/articles/2026/10/story-8231093?utm_source=share&utm_medium=link&ref=sfp-seed
rEsO,https://news.example.invalid/articles/2026/10/story-6590402?utm_source=share&utm_medium=link&ref=sfp-seed
ngYB,https://news.example.invalid/articles/2026/10/story-5546805?utm_source=share&utm_medium=link&ref=sfp-seed
AkPl,https://news.example.invalid/articles/2026/10/story-8659871?utm_source=share&utm_medium=link&ref=sfp-seed
4jdW,https://news.example.invalid/articles/2026/10/story-1027212?utm_source=share&utm_medium=link&ref=sfp-seed
unDe,https://news.example.invalid/articles/2026/10/story-7240684?utm_source=share&utm_medium=link&ref=sfp-seed
1bHX,https://news.example.invalid/articles/2026/10/story-283337?utm_source=share&utm_medium=link&ref=sfp-seed
5JnA,https://news.example.invalid/articles/2026/10/story-1366082?utm_source=share&utm_medium=link&ref=sfp-seed
fdSd,https://news.example.invalid/articles/2026/10/story-3628253?utm_source=share&utm_medium=link&ref=sfp-seed
3vCu,https://news.example.invalid/articles/2026/10/story-836534?utm_source=share&utm_medium=link&ref=sfp-seed
exgv,https://news.example.invalid/articles/2026/10/story-3464467?utm_source=share&utm_medium=link&ref=sfp-seed
iPrb,https://news.example.invalid/articles/2026/10/story-4487633?utm_source=share&utm_medium=link&ref=sfp-seed
pQw6,https://news.example.invalid/articles/2026/10/story-6160078?utm_source=share&utm_medium=link&ref=sfp-seed
uoNp,https://news.example.invalid/articles/2026/10/story-7245159?utm_source=share&utm_medium=link&ref=sfp-seed
5dYc,https://news.example.invalid/articles/2026/10/story-1245344?utm_source=share&utm_medium=link&ref=sfp-seed
kUf7,https://news.example.invalid/articles/2026/10/story-4982761?utm_source=share&utm_medium=link&ref=sfp-seed
tyh1,https://news.example.invalid/articles/2026/10/story-7043263?utm_source=share&utm_medium=link&ref=sfp-seed
kavS,https://news.example.invalid/articles/2026/10/story-4806976?utm_source=share&utm_medium=link&ref=sfp-seed
4igk,https://news.example.invalid/articles/2026/10/story-1023516?utm_source=share&utm_medium=link&ref=sfp-seed
cUVW,https://news.example.invalid/articles/2026/10/story-3078792?utm_source=share&utm_medium=link&ref=sfp-seed
rBtd,https://news.example.invalid/articles/2026/10/story-6578895?utm_source=share&utm_medium=link&ref=sfp-seed
oXUN,https://news.example.invalid/articles/2026/10/story-5950189?utm_source=share&utm_medium=link&ref=sfp-seed
ar94,https://news.example.invalid/articles/2026/10/story-2487630?utm_source=share&utm_medium=link&ref=sfp-seed
8dMr,https://news.example.invalid/articles/2026/10/story-1959599?utm_source=share&utm_medium=link&ref=sfp-seed
wR9Y,https://news.example.invalid/articles/2026/10/story-7830846?utm_source=share&utm_medium=link&ref=sfp-seed
dtpO,https://news.example.invalid/articles/2026/10/story-3211340?utm_source=share&utm_medium=link&ref=sfp-seed
8L3a,https://news.example.invalid/articles/2026/10/story-2087488?utm_source=share&utm_medium=link&ref=sfp-seed
nO47,https://news.example.invalid/articles/2026/10/story-5673999?utm_source=share&utm_medium=link&ref=sfp-seed
ysbt,https://news.example.invalid/articles/2026/10/story-8211495?utm_source=share&utm_medium=link&ref=sfp-seed
bJoc,https://news.example.invalid/articles/2026/10/story-2796088?utm_source=share&utm_medium=link&ref=sfp-seed
fpGv,https://news.example.invalid/articles/2026/10/story-3673655?utm_source=share&utm_medium=link&ref=sfp-seed
gN39,https://news.example.invalid/articles/2026/10/story-4001799?utm_source=share&utm_medium=link&ref=sfp-seed
y5gx,https://news.example.invalid/articles/2026/10/story-8123397?utm_source=share&utm_medium=link&ref=sfp-seed
4NCc,https://news.example.invalid/articles/2026/10/story-1144036?utm_source=share&utm_medium=link&ref=sfp-seed
2boG,https://news.example.invalid/articles/2026/10/story-520470?utm_source=share&utm_medium=link&ref=sfp-seed
6lMG,https://news.example.invalid/articles/2026/10/story-1513710?utm_source=share&utm_medium=link&ref=sfp-seed
EIQm,https://news.example.invalid/articles/2026/10/story-9705502?utm_source=share&utm_medium=link&ref=sfp-seed
bpt5,https://news.example.invalid/articles/2026/10/story-2719511?utm_source=share&utm_medium=link&ref=sfp-seed
i3ki,https://news.example.invalid/articles/2026/10/story-4302694?utm_source=share&utm_medium=link&ref=sfp-seed
kyrB,https://news.example.invalid/articles/2026/10/story-4898967?utm_source=share&utm_medium=link&ref=sfp-seed
BU2v,https://news.example.invalid/articles/2026/10/story-9033555?utm_source=share&utm_medium=link&ref=sfp-seed
2EJE,https://news.example.invalid/articles/2026/10/story-633246?utm_source=share&utm_medium=link&ref=sfp-seed
o55F,https://news.example.invalid/articles/2026/10/story-5739443?utm_source=share&utm_medium=link&ref=sfp-seed
i0sd,https://news.example.invalid/articles/2026/10/story-4291653?utm_source=share&utm_medium=link&ref=sfp-seed
kiFR,https://news.example.invalid/articles/2026/10/story-4838347?utm_source=share&utm_medium=link&ref=sfp-seed
zsWs,https://news.example.invalid/articles/2026/10/story-8452736?utm_source=share&utm_medium=link&ref=sfp-seed
Dn3R,https://news.example.invalid/articles/2026/10/story-9383443?utm_source=share&utm_medium=link&ref=sfp-seed
la7o,https://news.example.invalid/articles/2026/10/story-5043786?utm_source=share&utm_medium=link&ref=sfp-seed
3OoV,https://news.example.invalid/articles/2026/10/story-908729?utm_source=share&utm_medium=link&ref=sfp-seed
oUg8,https://news.example.invalid/articles/2026/10/story-5936136?utm_source=share&utm_medium=link&ref=sfp-seed
rIeB,https://news.example.invalid/articles/2026/10/story-6604897?utm_source=share&utm_medium=link&ref=sfp-seed
dsnM,https://news.example.invalid/articles/2026/10/story-3207370?utm_source=share&utm_medium=link&ref=sfp-seed
w2ek,https://news.example.invalid/articles/2026/10/story-7635072?utm_source=share&utm_medium=link&ref=sfp-seed
cFaI,https://news.example.invalid/articles/2026/10/story-3018204?utm_source=share&utm_medium=link&ref=sfp-seed
giKI,https://news.example.invalid/articles/2026/10/story-3885336?utm_source=share&utm_medium=link&ref=sfp-seed
ckUT,https://news.example.invalid/articles/2026/10/story-2940343?utm_source=share&utm_medium=link&ref=sfp-seed
z2Z0,https://news.example.invalid/articles/2026/10/story-8352950?utm_source=share&utm_medium=link&ref=sfp-seed
sFWi,https://news.example.invalid/articles/2026/10/story-6834402?utm_source=share&utm_medium=link&ref=sfp-seed
FOHl,https://news.example.invalid/articles/2026/10/story-9966335?utm_source=share&utm_medium=link&ref=sfp-seed
j3Vt,https://news.example.invalid/articles/2026/10/story-4543327?utm_source=share&utm_medium=link&ref=sfp-seed
yAMx,https://news.example.invalid/articles/2026/10/story-8244545?utm_source=share&utm_medium=link&ref=sfp-seed
1IUZ,https://news.example.invalid/articles/2026/10/story-410997?utm_source=share&utm_medium=link&ref=sfp-seed
EG2J,https://news.example.invalid/articles/2026/10/story-9694737?utm_source=share&utm_medium=link&ref=sfp-seed
yyrD,https://news.example.invalid/articles/2026/10/story-8235561?utm_source=share&utm_medium=link&ref=sfp-seed
eWkq,https://news.example.invalid/articles/2026/10/story-3560810?utm_source=share&utm_medium=link&ref=sfp-seed
DAPs,https://news.example.invalid/articles/2026/10/story-9436366?utm_source=share&utm_medium=link&ref=sfp-seed
ipVp,https://news.example.invalid/articles/2026/10/story-4389563?utm_source=share&utm_medium=link&ref=sfp-seed
hBFC,https://news.example.invalid/articles/2026/10/story-4196384?utm_source=share&utm_medium=link&ref=sfp-seed
hGYl,https://news.example.invalid/articles/2026/10/story-4216765?utm_source=share&utm_medium=link&ref=sfp-seed
E6wY,https://news.example.invalid/articles/2026/10/story-9558228?utm_source=share&utm_medium=link&ref=sfp-seed
3QCH,https://news.example.invalid/articles/2026/10/story-917271?utm_source=share&utm_medium=link&ref=sfp-seed
9Pb6,https://news.example.invalid/articles/2026/10/story-2341684?utm_source=share&utm_medium=link&ref=sfp-seed
zTNh,https://news.example.invalid/articles/2026/10/story-8555955?utm_source=share&utm_medium=link&ref=sfp-seed
iobD,https://news.example.invalid/articles/2026/10/story-4382881?utm_source=share&utm_medium=link&ref=sfp-seed
sF2Y,https://news.example.invalid/articles/2026/10/story-6830972?utm_source=share&utm_medium=link&ref=sfp-seed
hyr1,https://news.example.invalid/articles/2026/10/story-4183947?utm_source=share&utm_medium=link&ref=sfp-seed
qkel,https://news.example.invalid/articles/2026/10/story-6274297?utm_source=share&utm_medium=link&ref=sfp-seed
cCO,https://news.example.invalid/articles/2026/10/story-48534?utm_source=share&utm_medium=link&ref=sfp-seed
AAJZ,https://news.example.invalid/articles/2026/10/story-8721043?utm_source=share&utm_medium=link&ref=sfp-seed
58JY,https://news.example.invalid/articles/2026/10/story-1225242?utm_source=share&utm_medium=link&ref=sfp-seed
55fX,https://news.example.invalid/articles/2026/10/story-1211849?utm_source=share&utm_medium=link&ref=sfp-seed
3OOw,https://news.example.invalid/articles/2026/10/story-910316?utm_source=share&utm_medium=link&ref=sfp-seed
2QN5,https://news.example.invalid/articles/2026/10/story-679587?utm_source=share&utm_medium=link&ref=sfp-seed
4Njd,https://news.example.invalid/articles/2026/10/story-1142859?utm_source=share&utm_medium=link&ref=sfp-seed
17Mv,https://news.example.invalid/articles/2026/10/story-268243?utm_source=share&utm_medium=link&ref=sfp-seed
qS0c,https://news.example.invalid/articles/2026/10/story-6404116?utm_source=share&utm_medium=link&ref=sfp-seed
iRZW,https://news.example.invalid/articles/2026/10/story-4497476?utm_source=share&utm_medium=link&ref=sfp-seed
lYrQ,https://news.example.invalid/articles/2026/10/story-5237254?utm_source=share&utm_medium=link&ref=sfp-seed
r1WT,https://news.example.invalid/articles/2026/10/story-6442351?utm_source=share&utm_medium=link&ref=sfp-seed
A6xp,https://news.example.invalid/articles/2026/10/story-8604943?utm_source=share&utm_medium=link&ref=sfp-seed
lY2X,https://news.example.invalid/articles/2026/10/story-5235711?utm_source=share&utm_medium=link&ref=sfp-seed
4lir,https://news.example.invalid/articles/2026/10/story-1035179?utm_source=share&utm_medium=link&ref=sfp-seed
gjrj,https://news.example.invalid/articles/2026/10/story-3887977?utm_source=share&utm_medium=link&ref=sfp-seed
83Qp,https://news.example.invalid/articles/2026/10/story-1921405?utm_source=share&utm_medium=link&ref=sfp-seed
uwxe,https://news.example.invalid/articles/2026/10/story-7274908?utm_source=share&utm_medium=link&ref=sfp-seed
zSFJ,https://news.example.invalid/articles/2026/10/story-8551643?utm_source=share&utm_medium=link&ref=sfp-seed
2qiW,https://news.example.invalid/articles/2026/10/story-577774?utm_source=share&utm_medium=link&ref=sfp-seed
9yC0,https://news.example.invalid/articles/2026/10/story-2278004?utm_source=share&utm_medium=link&ref=sfp-seed
93q8,https://news.example.invalid/articles/2026/10/story-2158104?utm_source=share&utm_medium=link&ref=sfp-seed
icN6,https://news.example.invalid/articles/2026/10/story-4339076?utm_source=share&utm_medium=link&ref=sfp-seed
DU2K,https://news.example.invalid/articles/2026/10/story-9510226?utm_source=share&utm_medium=link&ref=sfp-seed
wlgD,https://news.example.invalid/articles/2026/10/story-7708251?utm_source=share&utm_medium=link&ref=sfp-seed
9wlo,https://news.example.invalid/articles/2026/10/story-2269286?utm_source=share&utm_medium=link&ref=sfp-seed
vum2,https://news.example.invalid/articles/2026/10/story-7504854?utm_source=share&utm_medium=link&ref=sfp-seed
9oAR,https://news.example.invalid/articles/2026/10/story-2239493?utm_source=share&utm_medium=link&ref=sfp-seed
68no,https://news.example.invalid/articles/2026/10/story-1462170?utm_source=share&utm_medium=link&ref=sfp-seed
yPtY,https://news.example.invalid/articles/2026/10/story-8301054?utm_source=share&utm_medium=link&ref=sfp-seed
x74i,https://news.example.invalid/articles/2026/10/story-7891998?utm_source=share&utm_medium=link&ref=sfp-seed
8XfI,https://news.example.invalid/articles/2026/10/story-2134394?utm_source=share&utm_medium=link&ref=sfp-seed
jQbE,https://news.example.invalid/articles/2026/10/story-4728842?utm_source=share&utm_medium=link&ref=sfp-seed
dSp1,https://news.example.invalid/articles/2026/10/story-3307391?utm_source=share&utm_medium=link&ref=sfp-seed
hJ3G,https://news.example.invalid/articles/2026/10/story-4224784?utm_source=share&utm_medium=link&ref=sfp-seed
18Is,https://news.example.invalid/articles/2026/10/story-271836?utm_source=share&utm_medium=link&ref=sfp-seed
uB0F,https://news.example.invalid/articles/2026/10/story-7292109?utm_source=share&utm_medium=link&ref=sfp-seed
6Lez,https://news.example.invalid/articles/2026/10/story-1611539?utm_source=share&utm_medium=link&ref=sfp-seed
lo61,https://news.example.invalid/articles/2026/10/story-5097517?utm_source=share&utm_medium=link&ref=sfp-seed
nRyd,https://news.example.invalid/articles/2026/10/story-5687397?utm_source=share&utm_medium=link&ref=sfp-seed
B2eQ,https://news.example.invalid/articles/2026/10/story-8826744?utm_source=share&utm_medium=link&ref=sfp-seed
8e40,https://news.example.invalid/articles/2026/10/story-1960688?utm_source=share&utm_medium=link&ref=sfp-seed
yju4,https://news.example.invalid/articles/2026/10/story-8178052?utm_source=share&utm_medium=link&ref=sfp-seed
e2cx,https://news.example.invalid/articles/2026/10/story-3345057?utm_source=share&utm_medium=link&ref=sfp-seed
wjof,https://news.example.invalid/articles/2026/10/story-7701035?utm_source=share&utm_medium=link&ref=sfp-seed
8ott,https://news.example.invalid/articles/2026/10/story-2000707?utm_source=share&utm_medium=link&ref=sfp-seed
cNQq,https://news.example.invalid/articles/2026/10/story-3051542?utm_source=share&utm_medium=link&ref=sfp-seed
xY6t,https://news.example.invalid/articles/2026/10/story-8095865?utm_source=share&utm_medium=link&ref=sfp-seed
57yl,https://news.example.invalid/articles/2026/10/story-1220677?utm_source=share&utm_medium=link&ref=sfp-seed
DPwI,https://news.example.invalid/articles/2026/10/story-9492864?utm_source=share&utm_medium=link&ref=sfp-seed
2r03,https://news.example.invalid/articles/2026/10/story-580447?utm_source=share&utm_medium=link&ref=sfp-seed
uEr2,https://news.example.invalid/articles/2026/10/story-7305276?utm_source=share&utm_medium=link&ref=sfp-seed
c1Yp,https://news.example.invalid/articles/2026/10/story-2867525?utm_source=share&utm_medium=link&ref=sfp-seed
xWnI,https://news.example.invalid/articles/2026/10/story-8089246?utm_source=share&utm_medium=link&ref=sfp-seed
zoHk,https://news.example.invalid/articles/2026/10/story-8436422?utm_source=share&utm_medium=link&ref=sfp-seed
C4lA,https://news.example.invalid/articles/2026/10/story-9073178?utm_source=share&utm_medium=link&ref=sfp-seed
l0yg,https://news.example.invalid/articles/2026/10/story-5007012?utm_source=share&utm_medium=link&ref=sfp-seed
1bcH,https://news.example.invalid/articles/2026/10/story-281399?utm_source=share&utm_medium=link&ref=sfp-seed
1ywJ,https://news.example.invalid/articles/2026/10/story-371053?utm_source=share&utm_medium=link&ref=sfp-seed
w0Ep,https://news.example.invalid/articles/2026/10/story-7629001?utm_source=share&utm_medium=link&ref=sfp-seed
hwyN,https://news.example.invalid/articles/2026/10/story-4176741?utm_source=share&utm_medium=link&ref=sfp-seed
r8cB,https://news.example.invalid/articles/2026/10/story-6466389?utm_source=share&utm_medium=link&ref=sfp-seed
qJr6,https://news.example.invalid/articles/2026/10/story-6371188?utm_source=share&utm_medium=link&ref=sfp-seed
vaUM,https://news.example.invalid/articles/2026/10/story-7430128?utm_source=share&utm_medium=link&ref=sfp-seed
qHDJ,https://news.example.invalid/articles/2026/10/story-6364283?utm_source=share&utm_medium=link&ref=sfp-seed
dpGP,https://news.example.invalid/articles/2026/10/story-3197019?utm_source=share&utm_medium=link&ref=sfp-seed
umvh,https://news.example.invalid/articles/2026/10/story-7236347?utm_source=share&utm_medium=link&ref=sfp-seed
cOdv,https://news.example.invalid/articles/2026/10/story-3052973?utm_source=share&utm_medium=link&ref=sfp-seed
chWI,https://news.example.invalid/articles/2026/10/story-2928924?utm_source=share&utm_medium=link&ref=sfp-seed
rxYV,https://news.example.invalid/articles/2026/10/story-6565485?utm_source=share&utm_medium=link&ref=sfp-seed
6bkf,https://news.example.invalid/articles/2026/10/story-1473507?utm_source=share&utm_medium=link&ref=sfp-seed
eSj9,https://news.example.invalid/articles/2026/10/story-3545355?utm_source=share&utm_medium=link&ref=sfp-seed
85oN,https://news.example.invalid/articles/2026/10/story-1927381?utm_source=share&utm_medium=link&ref=sfp-seed
auMs,https://news.example.invalid/articles/2026/10/story-2501604?utm_source=share&utm_medium=link&ref=sfp-seed
1cNc,https://news.example.invalid/articles/2026/10/story-287506?utm_source=share&utm_medium=link&ref=sfp-seed
ffnF,https://news.example.invalid/articles/2026/10/story-3634047?utm_source=share&utm_medium=link&ref=sfp-seed
wa2r,https://news.example.invalid/articles/2026/10/story-7665087?utm_source=share&utm_medium=link&ref=sfp-seed
pwQG,https://news.example.invalid/articles/2026/10/story-6084474?utm_source=share&utm_medium=link&ref=sfp-seed
eOFP,https://news.example.invalid/articles/2026/10/story-3531385?utm_source=share&utm_medium=link&ref=sfp-seed
dwxZ,https://news.example.invalid/articles/2026/10/story-3223379?utm_source=share&utm_medium=link&ref=sfp-seed
negn,https://news.example.invalid/articles/2026/10/story-5536375?utm_source=share&utm_medium=link&ref=sfp-seed
9VGg,https://news.example.invalid/articles/2026/10/story-2366680?utm_source=share&utm_medium=link&ref=sfp-seed
bxvl,https://news.example.invalid/articles/2026/10/story-2750403?utm_source=share&utm_medium=link&ref=sfp-seed
cO6g,https://news.example.invalid/articles/2026/10/story-3052524?utm_source=share&utm_medium=link&ref=sfp-seed
mVvM,https://news.example.invalid/articles/2026/10/story-5464294?utm_source=share&utm_medium=link&ref=sfp-seed
oOhn,https://news.example.invalid/articles/2026/10/story-5913149?utm_source=share&utm_medium=link&ref=sfp-seed
jWLX,https://news.example.invalid/articles/2026/10/story-4754157?utm_source=share&utm_medium=link&ref=sfp-seed
hiei,https://news.example.invalid/articles/2026/10/story-4121654?utm_source=share&utm_medium=link&ref=sfp-seed
i13t,https://news.example.invalid/articles/2026/10/story-4293963?utm_source=share&utm_medium=link&ref=sfp-seed
xfPb,https://news.example.invalid/articles/2026/10/story-7925657?utm_source=share&utm_medium=link&ref=sfp-seed
9xmu,https://news.example.invalid/articles/2026/10/story-2273198?utm_source=share&utm_medium=link&ref=sfp-seed
7gzt,https://news.example.invalid/articles/2026/10/story-1731999?utm_source=share&utm_medium=link&ref=sfp-seed
w4of,https://news.example.invalid/articles/2026/10/story-7643375?utm_source=share&utm_medium=link&ref=sfp-seed
DR00,https://news.example.invalid/articles/2026/10/story-9498524?utm_source=share&utm_medium=link&ref=sfp-seed
qoaQ,https://news.example.invalid/articles/2026/10/story-6289456?utm_source=share&utm_medium=link&ref=sfp-seed
1zRV,https://news.example.invalid/articles/2026/10/story-376211?utm_source=share&utm_medium=link&ref=sfp-seed
3rNT,https://news.example.invalid/articles/2026/10/story-821865?utm_source=share&utm_medium=link&ref=sfp-seed
CgL2,https://news.example.invalid/articles/2026/10/story-9120884?utm_source=share&utm_medium=link&ref=sfp-seed
929y,https://news.example.invalid/articles/2026/10/story-2153232?utm_source=share&utm_medium=link&ref=sfp-seed
iAxb,https://news.example.invalid/articles/2026/10/story-4430345?utm_source=share&utm_medium=link&ref=sfp-seed
qUE8,https://news.example.invalid/articles/2026/10/story-6414280?utm_source=share&utm_medium=link&ref=sfp-seed
rU40,https://news.example.invalid/articles/2026/10/story-6650368?utm_source=share&utm_medium=link&ref=sfp-seed
aXzo,https://news.example.invalid/articles/2026/10/story-2612270?utm_source=share&utm_medium=link&ref=sfp-seed
hc70,https://news.example.invalid/articles/2026/10/story-4098138?utm_source=share&utm_medium=link&ref=sfp-seed
gJUF,https://news.example.invalid/articles/2026/10/story-3989741?utm_source=share&utm_medium=link&ref=sfp-seed
xdRC,https://news.example.invalid/articles/2026/10/story-7918120?utm_source=share&utm_medium=link&ref=sfp-seed
hPWt,https://news.example.invalid/articles/2026/10/story-4251245?utm_source=share&utm_medium=link&ref=sfp-seed
xtcT,https://news.example.invalid/articles/2026/10/story-7977099?utm_source=share&utm_medium=link&ref=sfp-seed
1Znl,https://news.example.invalid/articles/2026/10/story-474259?utm_source=share&utm_medium=link&ref=sfp-seed
qSlW,https://news.example.invalid/articles/2026/10/story-6405464?utm_source=share&utm_medium=link&ref=sfp-seed
tPng,https://news.example.invalid/articles/2026/10/story-7108998?utm_source=share&utm_medium=link&ref=sfp-seed
r386,https://news.example.invalid/articles/2026/10/story-6446890?utm_source=share&utm_medium=link&ref=sfp-seed
tuBr,https://news.example.invalid/articles/2026/10/story-7029153?utm_source=share&utm_medium=link&ref=sfp-seed
ztQZ,https://news.example.invalid/articles/2026/10/story-8456241?utm_source=share&utm_medium=link&ref=sfp-seed
pqFb,https://news.example.invalid/articles/2026/10/story-6060697?utm_source=share&utm_medium=link&ref=sfp-seed
ak8m,https://news.example.invalid/articles/2026/10/story-2460678?utm_source=share&utm_medium=link&ref=sfp-seed
8R9A,https://news.example.invalid/articles/2026/10/story-2110950?utm_source=share&utm_medium=link&ref=sfp-seed
ccUi,https://news.example.invalid/articles/2026/10/story-2909554?utm_source=share&utm_medium=link&ref=sfp-seed
CuHL,https://news.example.invalid/articles/2026/10/story-9174497?utm_source=share&utm_medium=link&ref=sfp-seed
iRad,https://news.example.invalid/articles/2026/10/story-4494269?utm_source=share&utm_medium=link&ref=sfp-seed
69Lk,https://news.example.invalid/articles/2026/10/story-1467498?utm_source=share&utm_medium=link&ref=sfp-seed
TUE,https://news.example.invalid/articles/2026/10/story-214932?utm_source=share&utm_medium=link&ref=sfp-seed
452X,https://news.example.invalid/articles/2026/10/story-972715?utm_source=share&utm_medium=link&ref=sfp-seed
vpvH,https://news.example.invalid/articles/2026/10/story-7486233?utm_source=share&utm_medium=link&ref=sfp-seed
s38A,https://news.example.invalid/articles/2026/10/story-6685248?utm_source=share&utm_medium=link&ref=sfp-seed
rsBk,https://news.example.invalid/articles/2026/10/story-6544802?utm_source=share&utm_medium=link&ref=sfp-seed
qIMX,https://news.example.invalid/articles/2026/10/story-6368699?utm_source=share&utm_medium=link&ref=sfp-seed
8q7J,https://news.example.invalid/articles/2026/10/story-2007047?utm_source=share&utm_medium=link&ref=sfp-seed
5WGz,https://news.example.invalid/articles/2026/10/story-1417231?utm_source=share&utm_medium=link&ref=sfp-seed
oVHa,https://news.example.invalid/articles/2026/10/story-5941656?utm_source=share&utm_medium=link&ref=sfp-seed
2jmN,https://news.example.invalid/articles/2026/10/story-551105?utm_source=share&utm_medium=link&ref=sfp-seed
8fXc,https://news.example.invalid/articles/2026/10/story-1967954?utm_source=share&utm_medium=link&ref=sfp-seed
vGYk,https://news.example.invalid/articles/2026/10/story-7553356?utm_source=share&utm_medium=link&ref=sfp-seed
v2vw,https://news.example.invalid/articles/2026/10/story-7397810?utm_source=share&utm_medium=link&ref=sfp-seed
r8J9,https://news.example.invalid/articles/2026/10/story-6468407?utm_source=share&utm_medium=link&ref=sfp-seed
2yX6,https://news.example.invalid/articles/2026/10/story-611016?utm_source=share&utm_medium=link&ref=sfp-seed
gRxp,https://news.example.invalid/articles/2026/10/story-4019051?utm_source=share&utm_medium=link&ref=sfp-seed
nYGr,https://news.example.invalid/articles/2026/10/story-5714815?utm_source=share&utm_medium=link&ref=sfp-seed
7Aux,https://news.example.invalid/articles/2026/10/story-1808573?utm_source=share&utm_medium=link&ref=sfp-seed
n8pX,https://news.example.invalid/articles/2026/10/story-5513905?utm_source=share&utm_medium=link&ref=sfp-seed
auay,https://news.example.invalid/articles/2026/10/story-2499254?utm_source=share&utm_medium=link&ref=sfp-seed
f7Ft,https://news.example.invalid/articles/2026/10/story-3604399?utm_source=share&utm_medium=link&ref=sfp-seed
ifC,https://news.example.invalid/articles/2026/10/story-70160?utm_source=share&utm_medium=link&ref=sfp-seed
2kgG,https://news.example.invalid/articles/2026/10/story-554570?utm_source=share&utm_medium=link&ref=sfp-seed
mzFc,https://news.example.invalid/articles/2026/10/story-5380310?utm_source=share&utm_medium=link&ref=sfp-seed
yKbu,https://news.example.invalid/articles/2026/10/story-8280688?utm_source=share&utm_medium=link&ref=sfp-seed
5fTY,https://news.example.invalid/articles/2026/10/story-1252770?utm_source=share&utm_medium=link&ref=sfp-seed
j49X,https://news.example.invalid/articles/2026/10/story-4544225?utm_source=share&utm_medium=link&ref=sfp-seed
4jjs,https://news.example.invalid/articles/2026/10/story-1027554?utm_source=share&utm_medium=link&ref=sfp-seed
4YWS,https://news.example.invalid/articles/2026/10/story-1187602?utm_source=share&utm_medium=link&ref=sfp-seed
ddOP,https://news.example.invalid/articles/2026/10/story-3151387?utm_source=share&utm_medium=link&ref=sfp-seed
aMR3,https://news.example.invalid/articles/2026/10/story-2571081?utm_source=share&utm_medium=link&ref=sfp-seed
tT9M,https://news.example.invalid/articles/2026/10/story-7123538?utm_source=share&utm_medium=link&ref=sfp-seed
CYYL,https://news.example.invalid/articles/2026/10/story-9290871?utm_source=share&utm_medium=link&ref=sfp-seed
BfxF,https://news.example.invalid/articles/2026/10/story-8877883?utm_source=share&utm_medium=link&ref=sfp-seed
mHyr,https://news.example.invalid/articles/2026/10/story-5410643?utm_source=share&utm_medium=link&ref=sfp-seed
o5xw,https://news.example.invalid/articles/2026/10/story-5741170?utm_source=share&utm_medium=link&ref=sfp-seed
oK3e,https://news.example.invalid/articles/2026/10/story-5896896?utm_source=share&utm_medium=link&ref=sfp-seed
kaCv,https://news.example.invalid/articles/2026/10/story-4807387?utm_source=share&utm_medium=link&ref=sfp-seed
kCLD,https://news.example.invalid/articles/2026/10/story-4915585?utm_source=share&utm_medium=link&ref=sfp-seed
kaZa,https://news.example.invalid/articles/2026/10/story-4808792?utm_source=share&utm_medium=link&ref=sfp-seed
aVxw,https://news.example.invalid/articles/2026/10/story-2604466?utm_source=share&utm_medium=link&ref=sfp-seed
cots,https://news.example.invalid/articles/2026/10/story-2954018?utm_source=share&utm_medium=link&ref=sfp-seed
pJ0i,https://news.example.invalid/articles/2026/10/story-6131198?utm_source=share&utm_medium=link&ref=sfp-seed
9buq,https://news.example.invalid/articles/2026/10/story-2189122?utm_source=share&utm_medium=link&ref=sfp-seed
sKQr,https://news.example.invalid/articles/2026/10/story-6853259?utm_source=share&utm_medium=link&ref=sfp-seed
lK72,https://news.example.invalid/articles/2026/10/story-5182148?utm_source=share&utm_medium=link&ref=sfp-seed
nYuU,https://news.example.invalid/articles/2026/10/story-5714100?utm_source=share&utm_medium=link&ref=sfp-seed
a8PA,https://news.example.invalid/articles/2026/10/story-2417230?utm_source=share&utm_medium=link&ref=sfp-seed
iBsi,https://news.example.invalid/articles/2026/10/story-4433886?utm_source=share&utm_medium=link&ref=sfp-seed
kqJR,https://news.example.invalid/articles/2026/10/story-4869347?utm_source=share&utm_medium=link&ref=sfp-seed
CTJM,https://news.example.invalid/articles/2026/10/story-9270722?utm_source=share&utm_medium=link&ref=sfp-seed
dniq,https://news.example.invalid/articles/2026/10/story-3187818?utm_source=share&utm_medium=link&ref=sfp-seed
9kKp,https://news.example.invalid/articles/2026/10/story-2224709?utm_source=share&utm_medium=link&ref=sfp-seed
eO3x,https://news.example.invalid/articles/2026/10/story-3529011?utm_source=share&utm_medium=link&ref=sfp-seed
2QiJ,https://news.example.invalid/articles/2026/10/story-677705?utm_source=share&utm_medium=link&ref=sfp-seed
v0ly,https://news.example.invalid/articles/2026/10/story-7389504?utm_source=share&utm_medium=link&ref=sfp-seed
4EJp,https://news.example.invalid/articles/2026/10/story-1109887?utm_source=share&utm_medium=link&ref=sfp-seed
qNu4,https://news.example.invalid/articles/2026/10/story-6386748?utm_source=share&utm_medium=link&ref=sfp-seed
