code,url
FXsl,https://made.example.invalid/e03-02/2-0?utm_source=share&ref=293zlmyw
FXsm,https://made.example.invalid/e03-02/5-1?utm_source=share&ref=pc062zte
FXsn,https://made.example.invalid/e03-02/7-2?utm_source=share&ref=8mjpdtvy
FXso,https://made.example.invalid/e03-02/9-3?utm_source=share&ref=e8mvb036
FXsp,https://made.example.invalid/e03-02/11-4?utm_source=share&ref=jg5sc59f
FXsq,https://made.example.invalid/e03-02/2-5?utm_source=share&ref=pa57nu04
FXsr,https://made.example.invalid/e03-02/5-6?utm_source=share&ref=191i2j10
FXss,https://made.example.invalid/e03-02/7-7?utm_source=share&ref=gnf0cqv2
FXst,https://made.example.invalid/e03-02/9-8?utm_source=share&ref=vjpi114a
FXsu,https://made.example.invalid/e03-02/11-9?utm_source=share&ref=9ns9d95j
FXsv,https://made.example.invalid/e03-02/2-10?utm_source=share&ref=k6wyb9et
FXsw,https://made.example.invalid/e03-02/5-11?utm_source=share&ref=5x5sp5ut
FXsx,https://made.example.invalid/e03-02/7-12?utm_source=share&ref=mskwcc6i
FXsy,https://made.example.invalid/e03-02/9-13?utm_source=share&ref=izyisiip
FXsz,https://made.example.invalid/e03-02/11-14?utm_source=share&ref=npdkdpng
FXsA,https://made.example.invalid/e03-02/2-15?utm_source=share&ref=jdorjot3
FXsB,https://made.example.invalid/e03-02/5-16?utm_source=share&ref=1fylon1h
FXsC,https://made.example.invalid/e03-02/7-17?utm_source=share&ref=i2hphf8k
FXsD,https://made.example.invalid/e03-02/9-18?utm_source=share&ref=41qc513t
FXsE,https://made.example.invalid/e03-02/11-19?utm_source=share&ref=fsbi7u9v
FXsF,https://made.example.invalid/e03-02/2-20?utm_source=share&ref=aybs0ru0
FXsG,https://made.example.invalid/e03-02/5-21?utm_source=share&ref=htn7xnay
FXsH,https://made.example.invalid/e03-02/7-22?utm_source=share&ref=q4jwgii0
FXsI,https://made.example.invalid/e03-02/9-23?utm_source=share&ref=epd0o2ll
FXsJ,https://made.example.invalid/e03-02/11-24?utm_source=share&ref=iymar7ts
FXsK,https://made.example.invalid/e03-02/2-25?utm_source=share&ref=ubaca4js
FXsL,https://made.example.invalid/e03-02/5-26?utm_source=share&ref=3s29psca
FXsM,https://made.example.invalid/e03-02/7-27?utm_source=share&ref=qt0q1dpx
FXsN,https://made.example.invalid/e03-02/9-28?utm_source=share&ref=40r1719e
FXsO,https://made.example.invalid/e03-02/11-29?utm_source=share&ref=ooud8r5p
FXsP,https://made.example.invalid/e03-02/2-30?utm_source=share&ref=fii1z23c
FXsQ,https://made.example.invalid/e03-02/5-31?utm_source=share&ref=e6fv2uuv
FXsR,https://made.example.invalid/e03-02/7-32?utm_source=share&ref=r4pbo9ue
FXsS,https://made.example.invalid/e03-02/9-33?utm_source=share&ref=6w58c8oo
FXsT,https://made.example.invalid/e03-02/11-34?utm_source=share&ref=46rcmq9w
FXsU,https://made.example.invalid/e03-02/2-35?utm_source=share&ref=dslyew5v
FXsV,https://made.example.invalid/e03-02/5-36?utm_source=share&ref=liopbobi
FXsW,https://made.example.invalid/e03-02/7-37?utm_source=share&ref=dpq7mwe3
FXsX,https://made.example.invalid/e03-02/9-38?utm_source=share&ref=orjn48qq
FXsY,https://made.example.invalid/e03-02/11-39?utm_source=share&ref=uzhjbech
FXsZ,https://made.example.invalid/e03-02/2-40?utm_source=share&ref=u99g73ge
FXt0,https://made.example.invalid/e03-02/5-41?utm_source=share&ref=8owaxfyo
FXt1,https://made.example.invalid/e03-02/7-42?utm_source=share&ref=6by2pjj3
FXt2,https://made.example.invalid/e03-02/9-43?utm_source=share&ref=co8x6xq7
FXt3,https://made.example.invalid/e03-02/11-44?utm_source=share&ref=bp2wm3cw
FXt4,https://made.example.invalid/e03-02/2-45?utm_source=share&ref=qxbqb1qt
FXt5,https://made.example.invalid/e03-02/5-46?utm_source=share&ref=blejtgz1
FXt6,https://made.example.invalid/e03-02/7-47?utm_source=share&ref=94t5t4id
FXt7,https://made.example.invalid/e03-02/9-48?utm_source=share&ref=zave7sm2
FXt8,https://made.example.invalid/e03-02/11-49?utm_source=share&ref=iyzdy792
FXt9,https://made.example.invalid/e03-02/2-50?utm_source=share&ref=qomyuom1
FXta,https://made.example.invalid/e03-02/5-51?utm_source=share&ref=effehr16
FXtb,https://made.example.invalid/e03-02/7-52?utm_source=share&ref=iyxbj90i
FXtc,https://made.example.invalid/e03-02/9-53?utm_source=share&ref=c6sb01pp
FXtd,https://made.example.invalid/e03-02/11-54?utm_source=share&ref=u3o8v1k7
FXte,https://made.example.invalid/e03-02/2-55?utm_source=share&ref=ofaqz2wb
FXtf,https://made.example.invalid/e03-02/5-56?utm_source=share&ref=mln4emit
FXtg,https://made.example.invalid/e03-02/7-57?utm_source=share&ref=jyt6obu3
FXth,https://made.example.invalid/e03-02/9-58?utm_source=share&ref=8f8dv1mo
FXti,https://made.example.invalid/e03-02/11-59?utm_source=share&ref=wfsmrnif
FXtj,https://made.example.invalid/e03-02/2-60?utm_source=share&ref=2eclwltc
FXtk,https://made.example.invalid/e03-02/5-61?utm_source=share&ref=sax4l4bq
FXtl,https://made.example.invalid/e03-02/7-62?utm_source=share&ref=n5w9yhwr
FXtm,https://made.example.invalid/e03-02/9-63?utm_source=share&ref=b9zmd9gj
FXtn,https://made.example.invalid/e03-02/11-64?utm_source=share&ref=cv4oyxar
FXto,https://made.example.invalid/e03-02/2-65?utm_source=share&ref=noa0ac31
FXtp,https://made.example.invalid/e03-02/5-66?utm_source=share&ref=coujw8xt
FXtq,https://made.example.invalid/e03-02/7-67?utm_source=share&ref=99b2xrph
FXtr,https://made.example.invalid/e03-02/9-68?utm_source=share&ref=waz5ya3r
FXts,https://made.example.invalid/e03-02/11-69?utm_source=share&ref=vz4iurjj
FXtt,https://made.example.invalid/e03-02/2-70?utm_source=share&ref=iutj4nh6
FXtu,https://made.example.invalid/e03-02/5-71?utm_source=share&ref=cg3kgyly
FXtv,https://made.example.invalid/e03-02/7-72?utm_source=share&ref=9hbij4ke
FXtw,https://made.example.invalid/e03-02/9-73?utm_source=share&ref=tjh4unsz
FXtx,https://made.example.invalid/e03-02/11-74?utm_source=share&ref=l94kylp4
FXty,https://made.example.invalid/e03-02/2-75?utm_source=share&ref=7a325za9
FXtz,https://made.example.invalid/e03-02/5-76?utm_source=share&ref=nstpdl5u
FXtA,https://made.example.invalid/e03-02/7-77?utm_source=share&ref=x8sxn99q
FXtB,https://made.example.invalid/e03-02/9-78?utm_source=share&ref=iumsptpy
FXtC,https://made.example.invalid/e03-02/11-79?utm_source=share&ref=x7rllq0k
FXtD,https://made.example.invalid/e03-02/2-80?utm_source=share&ref=rpyfahc3
FXtE,https://made.example.invalid/e03-02/5-81?utm_source=share&ref=nzjj83pi
FXtF,https://made.example.invalid/e03-02/7-82?utm_source=share&ref=iz3oc57b
FXtG,https://made.example.invalid/e03-02/9-83?utm_source=share&ref=l1a15ij5
FXtH,https://made.example.invalid/e03-02/11-84?utm_source=share&ref=wwgp38wz
FXtI,https://made.example.invalid/e03-02/2-85?utm_source=share&ref=ul9becvp
FXtJ,https://made.example.invalid/e03-02/5-86?utm_source=share&ref=zx35x53v
FXtK,https://made.example.invalid/e03-02/7-87?utm_source=share&ref=s9pexv80
FXtL,https://made.example.invalid/e03-02/9-88?utm_source=share&ref=wfl6s54x
FXtM,https://made.example.invalid/e03-02/11-89?utm_source=share&ref=wpxdgrys
FXtN,https://made.example.invalid/e03-02/2-90?utm_source=share&ref=6py961c3
FXtO,https://made.example.invalid/e03-02/5-91?utm_source=share&ref=w1fv1r6n
FXtP,https://made.example.invalid/e03-02/7-92?utm_source=share&ref=wqu8ufop
FXtQ,https://made.example.invalid/e03-02/9-93?utm_source=share&ref=i2igmyc2
FXtR,https://made.example.invalid/e03-02/11-94?utm_source=share&ref=ns4ivxgs
FXtS,https://made.example.invalid/e03-02/2-95?utm_source=share&ref=ahpbpqt8
FXtT,https://made.example.invalid/e03-02/5-96?utm_source=share&ref=jaifj8za
FXtU,https://made.example.invalid/e03-02/7-97?utm_source=share&ref=6v43rwc0
FXtV,https://made.example.invalid/e03-02/9-98?utm_source=share&ref=ah60swyw
FXtW,https://made.example.invalid/e03-02/11-99?utm_source=share&ref=0po3bjyc
FXtX,https://made.example.invalid/e03-02/2-100?utm_source=share&ref=xh3kxnlv
FXtY,https://made.example.invalid/e03-02/5-101?utm_source=share&ref=t6i4rimj
FXtZ,https://made.example.invalid/e03-02/7-102?utm_source=share&ref=s4bjp6i8
FXu0,https://made.example.invalid/e03-02/9-103?utm_source=share&ref=kf9rnufo
FXu1,https://made.example.invalid/e03-02/11-104?utm_source=share&ref=25xzd8nq
FXu2,https://made.example.invalid/e03-02/2-105?utm_source=share&ref=nz2qwpzl
FXu3,https://made.example.invalid/e03-02/5-106?utm_source=share&ref=4kxcn8o4
FXu4,https://made.example.invalid/e03-02/7-107?utm_source=share&ref=vy4pxabp
FXu5,https://made.example.invalid/e03-02/9-108?utm_source=share&ref=hcmvvxr2
FXu6,https://made.example.invalid/e03-02/11-109?utm_source=share&ref=doja2fbd
FXu7,https://made.example.invalid/e03-02/2-110?utm_source=share&ref=trcmmlrn
FXu8,https://made.example.invalid/e03-02/5-111?utm_source=share&ref=onlkgy55
FXu9,https://made.example.invalid/e03-02/7-112?utm_source=share&ref=m3u7tp65
FXua,https://made.example.invalid/e03-02/9-113?utm_source=share&ref=cqqrputj
FXub,https://made.example.invalid/e03-02/11-114?utm_source=share&ref=i706vi9d
FXuc,https://made.example.invalid/e03-02/2-115?utm_source=share&ref=qy1o5vlp
FXud,https://made.example.invalid/e03-02/5-116?utm_source=share&ref=ewgukxqs
FXue,https://made.example.invalid/e03-02/7-117?utm_source=share&ref=3podu662
FXuf,https://made.example.invalid/e03-02/9-118?utm_source=share&ref=it3as7eg
FXug,https://made.example.invalid/e03-02/11-119?utm_source=share&ref=2vva71eh
FXuh,https://made.example.invalid/e03-02/2-120?utm_source=share&ref=s1nsmxju
e03-02-name-0,https://made.example.invalid/names/e03-02-name-0/contender-0
e03-02-name-1,https://made.example.invalid/names/e03-02-name-1/contender-0
FXui,https://made.example.invalid/e03-02/5-121?utm_source=share&ref=9sgwe1zc
e03-02-name-2,https://made.example.invalid/names/e03-02-name-2/contender-4
e03-02-name-3,https://made.example.invalid/names/e03-02-name-3/contender-0
FXuj,https://made.example.invalid/e03-02/7-122?utm_source=share&ref=q5vuki01
e03-02-name-4,https://made.example.invalid/names/e03-02-name-4/contender-7
FXuk,https://made.example.invalid/e03-02/9-123?utm_source=share&ref=wy3bodwl
e03-02-name-5,https://made.example.invalid/names/e03-02-name-5/contender-2
e03-02-name-6,https://made.example.invalid/names/e03-02-name-6/contender-2
FXul,https://made.example.invalid/e03-02/11-124?utm_source=share&ref=udvma27v
e03-02-name-7,https://made.example.invalid/names/e03-02-name-7/contender-3
e03-02-name-8,https://made.example.invalid/names/e03-02-name-8/contender-9
FXum,https://made.example.invalid/e03-02/2-125?utm_source=share&ref=nw9yyo8p
e03-02-name-9,https://made.example.invalid/names/e03-02-name-9/contender-4
FXun,https://made.example.invalid/e03-02/5-126?utm_source=share&ref=6uylr525
e03-02-name-10,https://made.example.invalid/names/e03-02-name-10/contender-0
e03-02-name-11,https://made.example.invalid/names/e03-02-name-11/contender-2
FXuo,https://made.example.invalid/e03-02/7-127?utm_source=share&ref=yvd2y9ur
e03-02-name-12,https://made.example.invalid/names/e03-02-name-12/contender-0
e03-02-name-13,https://made.example.invalid/names/e03-02-name-13/contender-2
FXup,https://made.example.invalid/e03-02/9-128?utm_source=share&ref=0cf2iftk
e03-02-name-14,https://made.example.invalid/names/e03-02-name-14/contender-2
FXuq,https://made.example.invalid/e03-02/11-129?utm_source=share&ref=zo4vfwmv
e03-02-name-15,https://made.example.invalid/names/e03-02-name-15/contender-4
e03-02-name-16,https://made.example.invalid/names/e03-02-name-16/contender-1
FXur,https://made.example.invalid/e03-02/2-130?utm_source=share&ref=8kedzhq6
e03-02-name-17,https://made.example.invalid/names/e03-02-name-17/contender-2
e03-02-name-18,https://made.example.invalid/names/e03-02-name-18/contender-5
FXus,https://made.example.invalid/e03-02/5-131?utm_source=share&ref=rijb0pob
e03-02-name-19,https://made.example.invalid/names/e03-02-name-19/contender-7
FXut,https://made.example.invalid/e03-02/7-132?utm_source=share&ref=ykh98osy
e03-02-name-20,https://made.example.invalid/names/e03-02-name-20/contender-0
e03-02-name-21,https://made.example.invalid/names/e03-02-name-21/contender-3
FXuu,https://made.example.invalid/e03-02/9-133?utm_source=share&ref=6c2cckp9
e03-02-name-22,https://made.example.invalid/names/e03-02-name-22/contender-0
e03-02-name-23,https://made.example.invalid/names/e03-02-name-23/contender-7
FXuv,https://made.example.invalid/e03-02/11-134?utm_source=share&ref=f0ujyrr3
e03-02-name-24,https://made.example.invalid/names/e03-02-name-24/contender-2
FXuw,https://made.example.invalid/e03-02/2-135?utm_source=share&ref=iig0q2ju
e03-02-name-25,https://made.example.invalid/names/e03-02-name-25/contender-3
e03-02-name-26,https://made.example.invalid/names/e03-02-name-26/contender-4
FXux,https://made.example.invalid/e03-02/5-136?utm_source=share&ref=h8jqw4sl
e03-02-name-27,https://made.example.invalid/names/e03-02-name-27/contender-4
e03-02-name-28,https://made.example.invalid/names/e03-02-name-28/contender-0
FXuy,https://made.example.invalid/e03-02/7-137?utm_source=share&ref=66idr9wu
e03-02-name-29,https://made.example.invalid/names/e03-02-name-29/contender-1
FXuz,https://made.example.invalid/e03-02/9-138?utm_source=share&ref=jrl5qmj2
e03-02-name-30,https://made.example.invalid/names/e03-02-name-30/contender-6
e03-02-name-31,https://made.example.invalid/names/e03-02-name-31/contender-0
FXuA,https://made.example.invalid/e03-02/11-139?utm_source=share&ref=ew8ezu0o
e03-02-name-32,https://made.example.invalid/names/e03-02-name-32/contender-1
e03-02-name-33,https://made.example.invalid/names/e03-02-name-33/contender-0
FXuB,https://made.example.invalid/e03-02/2-140?utm_source=share&ref=prym8n3t
e03-02-name-34,https://made.example.invalid/names/e03-02-name-34/contender-0
FXuC,https://made.example.invalid/e03-02/5-141?utm_source=share&ref=mnlun2x9
e03-02-name-35,https://made.example.invalid/names/e03-02-name-35/contender-0
e03-02-name-36,https://made.example.invalid/names/e03-02-name-36/contender-2
FXuD,https://made.example.invalid/e03-02/7-142?utm_source=share&ref=hfv8nwpx
e03-02-name-37,https://made.example.invalid/names/e03-02-name-37/contender-0
e03-02-name-38,https://made.example.invalid/names/e03-02-name-38/contender-0
FXuE,https://made.example.invalid/e03-02/9-143?utm_source=share&ref=2j11xy4g
e03-02-name-39,https://made.example.invalid/names/e03-02-name-39/contender-6
FXuF,https://made.example.invalid/e03-02/11-144?utm_source=share&ref=xaldbw6z
e03-02-name-40,https://made.example.invalid/names/e03-02-name-40/contender-0
e03-02-name-41,https://made.example.invalid/names/e03-02-name-41/contender-1
FXuG,https://made.example.invalid/e03-02/2-145?utm_source=share&ref=vk8i2xyd
e03-02-name-42,https://made.example.invalid/names/e03-02-name-42/contender-8
e03-02-name-43,https://made.example.invalid/names/e03-02-name-43/contender-3
FXuH,https://made.example.invalid/e03-02/5-146?utm_source=share&ref=47goa1ml
e03-02-name-44,https://made.example.invalid/names/e03-02-name-44/contender-2
FXuI,https://made.example.invalid/e03-02/7-147?utm_source=share&ref=m899lqfp
e03-02-name-45,https://made.example.invalid/names/e03-02-name-45/contender-3
e03-02-name-46,https://made.example.invalid/names/e03-02-name-46/contender-1
FXuJ,https://made.example.invalid/e03-02/9-148?utm_source=share&ref=tes4sv7j
e03-02-name-47,https://made.example.invalid/names/e03-02-name-47/contender-1
e03-02-name-48,https://made.example.invalid/names/e03-02-name-48/contender-1
FXuK,https://made.example.invalid/e03-02/11-149?utm_source=share&ref=1x378mqj
e03-02-name-49,https://made.example.invalid/names/e03-02-name-49/contender-3
FXuL,https://made.example.invalid/e03-02/2-150?utm_source=share&ref=6ekccs38
e03-02-name-50,https://made.example.invalid/names/e03-02-name-50/contender-2
e03-02-name-51,https://made.example.invalid/names/e03-02-name-51/contender-4
FXuM,https://made.example.invalid/e03-02/5-151?utm_source=share&ref=77qe02ju
e03-02-name-52,https://made.example.invalid/names/e03-02-name-52/contender-1
e03-02-name-53,https://made.example.invalid/names/e03-02-name-53/contender-0
FXuN,https://made.example.invalid/e03-02/7-152?utm_source=share&ref=dl7yib9d
e03-02-name-54,https://made.example.invalid/names/e03-02-name-54/contender-1
FXuO,https://made.example.invalid/e03-02/9-153?utm_source=share&ref=jwk24jdl
e03-02-name-55,https://made.example.invalid/names/e03-02-name-55/contender-3
e03-02-name-56,https://made.example.invalid/names/e03-02-name-56/contender-0
FXuP,https://made.example.invalid/e03-02/11-154?utm_source=share&ref=nng6tqpr
e03-02-name-57,https://made.example.invalid/names/e03-02-name-57/contender-3
e03-02-name-58,https://made.example.invalid/names/e03-02-name-58/contender-1
FXuQ,https://made.example.invalid/e03-02/2-155?utm_source=share&ref=1ug288rc
e03-02-name-59,https://made.example.invalid/names/e03-02-name-59/contender-0
FXuR,https://made.example.invalid/e03-02/5-156?utm_source=share&ref=5i8vwdl3
e03-02-name-60,https://made.example.invalid/names/e03-02-name-60/contender-0
e03-02-name-61,https://made.example.invalid/names/e03-02-name-61/contender-1
FXuS,https://made.example.invalid/e03-02/7-157?utm_source=share&ref=2ej268sj
e03-02-name-62,https://made.example.invalid/names/e03-02-name-62/contender-0
e03-02-name-63,https://made.example.invalid/names/e03-02-name-63/contender-4
FXuT,https://made.example.invalid/e03-02/9-158?utm_source=share&ref=v0445s1x
e03-02-name-64,https://made.example.invalid/names/e03-02-name-64/contender-1
FXuU,https://made.example.invalid/e03-02/11-159?utm_source=share&ref=podj2mx8
e03-02-name-65,https://made.example.invalid/names/e03-02-name-65/contender-0
e03-02-name-66,https://made.example.invalid/names/e03-02-name-66/contender-4
FXuV,https://made.example.invalid/e03-02/2-160?utm_source=share&ref=ldlmfa3k
e03-02-name-67,https://made.example.invalid/names/e03-02-name-67/contender-0
e03-02-name-68,https://made.example.invalid/names/e03-02-name-68/contender-0
FXuW,https://made.example.invalid/e03-02/5-161?utm_source=share&ref=2n2r5tmr
e03-02-name-69,https://made.example.invalid/names/e03-02-name-69/contender-0
FXuX,https://made.example.invalid/e03-02/7-162?utm_source=share&ref=mwj4fj4j
e03-02-name-70,https://made.example.invalid/names/e03-02-name-70/contender-3
e03-02-name-71,https://made.example.invalid/names/e03-02-name-71/contender-0
FXuY,https://made.example.invalid/e03-02/9-163?utm_source=share&ref=976nhiji
e03-02-name-72,https://made.example.invalid/names/e03-02-name-72/contender-0
e03-02-name-73,https://made.example.invalid/names/e03-02-name-73/contender-2
FXuZ,https://made.example.invalid/e03-02/11-164?utm_source=share&ref=3xgkow96
e03-02-name-74,https://made.example.invalid/names/e03-02-name-74/contender-5
FXv0,https://made.example.invalid/e03-02/2-165?utm_source=share&ref=tq6goqcc
e03-02-name-75,https://made.example.invalid/names/e03-02-name-75/contender-1
e03-02-name-76,https://made.example.invalid/names/e03-02-name-76/contender-1
FXv1,https://made.example.invalid/e03-02/5-166?utm_source=share&ref=k68rd06a
e03-02-name-77,https://made.example.invalid/names/e03-02-name-77/contender-5
e03-02-name-78,https://made.example.invalid/names/e03-02-name-78/contender-0
FXv2,https://made.example.invalid/e03-02/7-167?utm_source=share&ref=blkfhf5h
e03-02-name-79,https://made.example.invalid/names/e03-02-name-79/contender-0
FXv3,https://made.example.invalid/e03-02/9-168?utm_source=share&ref=3jr76m1n
e03-02-name-80,https://made.example.invalid/names/e03-02-name-80/contender-0
e03-02-name-81,https://made.example.invalid/names/e03-02-name-81/contender-0
FXv4,https://made.example.invalid/e03-02/11-169?utm_source=share&ref=l24l477t
e03-02-name-82,https://made.example.invalid/names/e03-02-name-82/contender-2
e03-02-name-83,https://made.example.invalid/names/e03-02-name-83/contender-3
FXv5,https://made.example.invalid/e03-02/2-170?utm_source=share&ref=fixhwha6
e03-02-name-84,https://made.example.invalid/names/e03-02-name-84/contender-0
FXv6,https://made.example.invalid/e03-02/5-171?utm_source=share&ref=q31hzn5a
e03-02-name-85,https://made.example.invalid/names/e03-02-name-85/contender-1
e03-02-name-86,https://made.example.invalid/names/e03-02-name-86/contender-0
FXv7,https://made.example.invalid/e03-02/7-172?utm_source=share&ref=7dw5v3wn
e03-02-name-87,https://made.example.invalid/names/e03-02-name-87/contender-1
e03-02-name-88,https://made.example.invalid/names/e03-02-name-88/contender-0
FXv8,https://made.example.invalid/e03-02/9-173?utm_source=share&ref=eucztglk
e03-02-name-89,https://made.example.invalid/names/e03-02-name-89/contender-0
FXv9,https://made.example.invalid/e03-02/11-174?utm_source=share&ref=3tunnbqp
e03-02-name-90,https://made.example.invalid/names/e03-02-name-90/contender-2
e03-02-name-91,https://made.example.invalid/names/e03-02-name-91/contender-3
FXva,https://made.example.invalid/e03-02/2-175?utm_source=share&ref=doo2ul6h
e03-02-name-92,https://made.example.invalid/names/e03-02-name-92/contender-1
e03-02-name-93,https://made.example.invalid/names/e03-02-name-93/contender-0
FXvb,https://made.example.invalid/e03-02/5-176?utm_source=share&ref=1u961uge
e03-02-name-94,https://made.example.invalid/names/e03-02-name-94/contender-0
FXvc,https://made.example.invalid/e03-02/7-177?utm_source=share&ref=9j91bslk
e03-02-name-95,https://made.example.invalid/names/e03-02-name-95/contender-2
e03-02-name-96,https://made.example.invalid/names/e03-02-name-96/contender-1
FXvd,https://made.example.invalid/e03-02/9-178?utm_source=share&ref=oy049scm
e03-02-name-97,https://made.example.invalid/names/e03-02-name-97/contender-0
e03-02-name-98,https://made.example.invalid/names/e03-02-name-98/contender-0
FXve,https://made.example.invalid/e03-02/11-179?utm_source=share&ref=e2sb15fb
e03-02-name-99,https://made.example.invalid/names/e03-02-name-99/contender-0
FXvf,https://made.example.invalid/e03-02/2-180?utm_source=share&ref=nnahk51w
e03-02-name-100,https://made.example.invalid/names/e03-02-name-100/contender-0
e03-02-name-101,https://made.example.invalid/names/e03-02-name-101/contender-0
FXvg,https://made.example.invalid/e03-02/5-181?utm_source=share&ref=2ew5ht5e
e03-02-name-102,https://made.example.invalid/names/e03-02-name-102/contender-3
e03-02-name-103,https://made.example.invalid/names/e03-02-name-103/contender-7
FXvh,https://made.example.invalid/e03-02/7-182?utm_source=share&ref=ldjp4srn
e03-02-name-104,https://made.example.invalid/names/e03-02-name-104/contender-2
FXvi,https://made.example.invalid/e03-02/9-183?utm_source=share&ref=bfw7ce09
e03-02-name-105,https://made.example.invalid/names/e03-02-name-105/contender-3
e03-02-name-106,https://made.example.invalid/names/e03-02-name-106/contender-3
FXvj,https://made.example.invalid/e03-02/11-184?utm_source=share&ref=ptm0be0b
e03-02-name-107,https://made.example.invalid/names/e03-02-name-107/contender-6
e03-02-name-108,https://made.example.invalid/names/e03-02-name-108/contender-2
FXvk,https://made.example.invalid/e03-02/2-185?utm_source=share&ref=id5n2f5w
e03-02-name-109,https://made.example.invalid/names/e03-02-name-109/contender-1
FXvl,https://made.example.invalid/e03-02/5-186?utm_source=share&ref=m5015txq
e03-02-name-110,https://made.example.invalid/names/e03-02-name-110/contender-0
e03-02-name-111,https://made.example.invalid/names/e03-02-name-111/contender-4
FXvm,https://made.example.invalid/e03-02/7-187?utm_source=share&ref=rfid5rik
e03-02-name-112,https://made.example.invalid/names/e03-02-name-112/contender-0
e03-02-name-113,https://made.example.invalid/names/e03-02-name-113/contender-1
FXvn,https://made.example.invalid/e03-02/9-188?utm_source=share&ref=ivp200q3
e03-02-name-114,https://made.example.invalid/names/e03-02-name-114/contender-3
FXvo,https://made.example.invalid/e03-02/11-189?utm_source=share&ref=wkgzgf2c
e03-02-name-115,https://made.example.invalid/names/e03-02-name-115/contender-0
e03-02-name-116,https://made.example.invalid/names/e03-02-name-116/contender-0
FXvp,https://made.example.invalid/e03-02/2-190?utm_source=share&ref=d20aldmu
e03-02-name-117,https://made.example.invalid/names/e03-02-name-117/contender-0
e03-02-name-118,https://made.example.invalid/names/e03-02-name-118/contender-1
FXvq,https://made.example.invalid/e03-02/5-191?utm_source=share&ref=jnqqtljh
e03-02-name-119,https://made.example.invalid/names/e03-02-name-119/contender-1
FXvr,https://made.example.invalid/e03-02/7-192?utm_source=share&ref=j6497e9d
e03-02-name-120,https://made.example.invalid/names/e03-02-name-120/contender-0
e03-02-name-121,https://made.example.invalid/names/e03-02-name-121/contender-7
FXvs,https://made.example.invalid/e03-02/9-193?utm_source=share&ref=orsp69qy
e03-02-name-122,https://made.example.invalid/names/e03-02-name-122/contender-0
e03-02-name-123,https://made.example.invalid/names/e03-02-name-123/contender-1
FXvt,https://made.example.invalid/e03-02/11-194?utm_source=share&ref=gg7bh8r4
e03-02-name-124,https://made.example.invalid/names/e03-02-name-124/contender-1
FXvu,https://made.example.invalid/e03-02/2-195?utm_source=share&ref=gsxdb9x8
e03-02-name-125,https://made.example.invalid/names/e03-02-name-125/contender-0
e03-02-name-126,https://made.example.invalid/names/e03-02-name-126/contender-2
FXvv,https://made.example.invalid/e03-02/5-196?utm_source=share&ref=9szkx2us
e03-02-name-127,https://made.example.invalid/names/e03-02-name-127/contender-4
e03-02-name-128,https://made.example.invalid/names/e03-02-name-128/contender-2
FXvw,https://made.example.invalid/e03-02/7-197?utm_source=share&ref=tz1tsl8e
e03-02-name-129,https://made.example.invalid/names/e03-02-name-129/contender-2
FXvx,https://made.example.invalid/e03-02/9-198?utm_source=share&ref=5evw9qrv
e03-02-name-130,https://made.example.invalid/names/e03-02-name-130/contender-0
e03-02-name-131,https://made.example.invalid/names/e03-02-name-131/contender-6
FXvy,https://made.example.invalid/e03-02/11-199?utm_source=share&ref=aua02xsa
e03-02-name-132,https://made.example.invalid/names/e03-02-name-132/contender-0
e03-02-name-133,https://made.example.invalid/names/e03-02-name-133/contender-5
FXvz,https://made.example.invalid/e03-02/2-200?utm_source=share&ref=0kutf2zh
e03-02-name-134,https://made.example.invalid/names/e03-02-name-134/contender-3
FXvA,https://made.example.invalid/e03-02/5-201?utm_source=share&ref=vprzlhhl
e03-02-name-135,https://made.example.invalid/names/e03-02-name-135/contender-0
e03-02-name-136,https://made.example.invalid/names/e03-02-name-136/contender-0
FXvB,https://made.example.invalid/e03-02/7-202?utm_source=share&ref=r7gxkmx9
e03-02-name-137,https://made.example.invalid/names/e03-02-name-137/contender-1
e03-02-name-138,https://made.example.invalid/names/e03-02-name-138/contender-8
FXvC,https://made.example.invalid/e03-02/9-203?utm_source=share&ref=hcsmqtla
e03-02-name-139,https://made.example.invalid/names/e03-02-name-139/contender-0
FXvD,https://made.example.invalid/e03-02/11-204?utm_source=share&ref=bfgtsyta
e03-02-name-140,https://made.example.invalid/names/e03-02-name-140/contender-0
e03-02-name-141,https://made.example.invalid/names/e03-02-name-141/contender-1
FXvE,https://made.example.invalid/e03-02/2-205?utm_source=share&ref=qaroqgb7
e03-02-name-142,https://made.example.invalid/names/e03-02-name-142/contender-2
e03-02-name-143,https://made.example.invalid/names/e03-02-name-143/contender-0
FXvF,https://made.example.invalid/e03-02/5-206?utm_source=share&ref=e4lem9ja
e03-02-name-144,https://made.example.invalid/names/e03-02-name-144/contender-2
FXvG,https://made.example.invalid/e03-02/7-207?utm_source=share&ref=zvv6k4ly
e03-02-name-145,https://made.example.invalid/names/e03-02-name-145/contender-0
e03-02-name-146,https://made.example.invalid/names/e03-02-name-146/contender-0
FXvH,https://made.example.invalid/e03-02/9-208?utm_source=share&ref=11wr0ugy
e03-02-name-147,https://made.example.invalid/names/e03-02-name-147/contender-0
e03-02-name-148,https://made.example.invalid/names/e03-02-name-148/contender-0
FXvI,https://made.example.invalid/e03-02/11-209?utm_source=share&ref=zqdocdcl
e03-02-name-149,https://made.example.invalid/names/e03-02-name-149/contender-0
FXvJ,https://made.example.invalid/e03-02/2-210?utm_source=share&ref=86ohyno8
e03-02-name-150,https://made.example.invalid/names/e03-02-name-150/contender-5
e03-02-name-151,https://made.example.invalid/names/e03-02-name-151/contender-4
FXvK,https://made.example.invalid/e03-02/5-211?utm_source=share&ref=rg38ntaz
e03-02-name-152,https://made.example.invalid/names/e03-02-name-152/contender-0
e03-02-name-153,https://made.example.invalid/names/e03-02-name-153/contender-1
FXvL,https://made.example.invalid/e03-02/7-212?utm_source=share&ref=wb783fhm
e03-02-name-154,https://made.example.invalid/names/e03-02-name-154/contender-0
FXvM,https://made.example.invalid/e03-02/9-213?utm_source=share&ref=u5sj6v1s
e03-02-name-155,https://made.example.invalid/names/e03-02-name-155/contender-1
e03-02-name-156,https://made.example.invalid/names/e03-02-name-156/contender-0
FXvN,https://made.example.invalid/e03-02/11-214?utm_source=share&ref=hexmt5by
e03-02-name-157,https://made.example.invalid/names/e03-02-name-157/contender-12
e03-02-name-158,https://made.example.invalid/names/e03-02-name-158/contender-3
FXvO,https://made.example.invalid/e03-02/2-215?utm_source=share&ref=o88xrky0
e03-02-name-159,https://made.example.invalid/names/e03-02-name-159/contender-5
FXvP,https://made.example.invalid/e03-02/5-216?utm_source=share&ref=pvlyh9hh
e03-02-name-160,https://made.example.invalid/names/e03-02-name-160/contender-0
e03-02-name-161,https://made.example.invalid/names/e03-02-name-161/contender-2
FXvQ,https://made.example.invalid/e03-02/7-217?utm_source=share&ref=l6qy2wnl
e03-02-name-162,https://made.example.invalid/names/e03-02-name-162/contender-0
e03-02-name-163,https://made.example.invalid/names/e03-02-name-163/contender-2
FXvR,https://made.example.invalid/e03-02/9-218?utm_source=share&ref=i6aq1jm6
e03-02-name-164,https://made.example.invalid/names/e03-02-name-164/contender-1
FXvS,https://made.example.invalid/e03-02/11-219?utm_source=share&ref=i7mkqp22
e03-02-name-165,https://made.example.invalid/names/e03-02-name-165/contender-1
e03-02-name-166,https://made.example.invalid/names/e03-02-name-166/contender-0
FXvT,https://made.example.invalid/e03-02/2-220?utm_source=share&ref=wggmjerv
e03-02-name-167,https://made.example.invalid/names/e03-02-name-167/contender-0
e03-02-name-168,https://made.example.invalid/names/e03-02-name-168/contender-1
FXvU,https://made.example.invalid/e03-02/5-221?utm_source=share&ref=93bazoib
e03-02-name-169,https://made.example.invalid/names/e03-02-name-169/contender-1
FXvV,https://made.example.invalid/e03-02/7-222?utm_source=share&ref=ojjfgrep
e03-02-name-170,https://made.example.invalid/names/e03-02-name-170/contender-7
e03-02-name-171,https://made.example.invalid/names/e03-02-name-171/contender-3
FXvW,https://made.example.invalid/e03-02/9-223?utm_source=share&ref=lpu27t0e
e03-02-name-172,https://made.example.invalid/names/e03-02-name-172/contender-0
e03-02-name-173,https://made.example.invalid/names/e03-02-name-173/contender-2
FXvX,https://made.example.invalid/e03-02/11-224?utm_source=share&ref=b8nlihqy
e03-02-name-174,https://made.example.invalid/names/e03-02-name-174/contender-2
FXvY,https://made.example.invalid/e03-02/2-225?utm_source=share&ref=mhqetyc0
e03-02-name-175,https://made.example.invalid/names/e03-02-name-175/contender-0
e03-02-name-176,https://made.example.invalid/names/e03-02-name-176/contender-2
FXvZ,https://made.example.invalid/e03-02/5-226?utm_source=share&ref=70e8yx3n
e03-02-name-177,https://made.example.invalid/names/e03-02-name-177/contender-0
e03-02-name-178,https://made.example.invalid/names/e03-02-name-178/contender-0
FXw0,https://made.example.invalid/e03-02/7-227?utm_source=share&ref=651iob4a
e03-02-name-179,https://made.example.invalid/names/e03-02-name-179/contender-2
FXw1,https://made.example.invalid/e03-02/9-228?utm_source=share&ref=e2i962x5
e03-02-name-180,https://made.example.invalid/names/e03-02-name-180/contender-0
e03-02-name-181,https://made.example.invalid/names/e03-02-name-181/contender-1
FXw2,https://made.example.invalid/e03-02/11-229?utm_source=share&ref=gpnqgdmg
e03-02-name-182,https://made.example.invalid/names/e03-02-name-182/contender-4
e03-02-name-183,https://made.example.invalid/names/e03-02-name-183/contender-2
FXw3,https://made.example.invalid/e03-02/2-230?utm_source=share&ref=49cw39ze
e03-02-name-184,https://made.example.invalid/names/e03-02-name-184/contender-1
FXw4,https://made.example.invalid/e03-02/5-231?utm_source=share&ref=yy03xvyr
e03-02-name-185,https://made.example.invalid/names/e03-02-name-185/contender-1
e03-02-name-186,https://made.example.invalid/names/e03-02-name-186/contender-0
FXw5,https://made.example.invalid/e03-02/7-232?utm_source=share&ref=vq5qarij
e03-02-name-187,https://made.example.invalid/names/e03-02-name-187/contender-2
e03-02-name-188,https://made.example.invalid/names/e03-02-name-188/contender-3
FXw6,https://made.example.invalid/e03-02/9-233?utm_source=share&ref=p0tzomko
e03-02-name-189,https://made.example.invalid/names/e03-02-name-189/contender-2
FXw7,https://made.example.invalid/e03-02/11-234?utm_source=share&ref=bg2jkak7
e03-02-name-190,https://made.example.invalid/names/e03-02-name-190/contender-0
e03-02-name-191,https://made.example.invalid/names/e03-02-name-191/contender-3
FXw8,https://made.example.invalid/e03-02/2-235?utm_source=share&ref=p1e6ybq7
e03-02-name-192,https://made.example.invalid/names/e03-02-name-192/contender-0
e03-02-name-193,https://made.example.invalid/names/e03-02-name-193/contender-0
FXw9,https://made.example.invalid/e03-02/5-236?utm_source=share&ref=ecry8b9l
e03-02-name-194,https://made.example.invalid/names/e03-02-name-194/contender-0
FXwa,https://made.example.invalid/e03-02/7-237?utm_source=share&ref=bcwapoov
e03-02-name-195,https://made.example.invalid/names/e03-02-name-195/contender-0
e03-02-name-196,https://made.example.invalid/names/e03-02-name-196/contender-0
FXwb,https://made.example.invalid/e03-02/9-238?utm_source=share&ref=we9qi661
e03-02-name-197,https://made.example.invalid/names/e03-02-name-197/contender-0
e03-02-name-198,https://made.example.invalid/names/e03-02-name-198/contender-1
FXwc,https://made.example.invalid/e03-02/11-239?utm_source=share&ref=oqi1y6qs
e03-02-name-199,https://made.example.invalid/names/e03-02-name-199/contender-0
FXwd,https://made.example.invalid/e03-02/2-240?utm_source=share&ref=i05f2mz9
e03-02-name-200,https://made.example.invalid/names/e03-02-name-200/contender-0
e03-02-name-201,https://made.example.invalid/names/e03-02-name-201/contender-0
FXwe,https://made.example.invalid/e03-02/5-241?utm_source=share&ref=4ciwal78
e03-02-name-202,https://made.example.invalid/names/e03-02-name-202/contender-0
e03-02-name-203,https://made.example.invalid/names/e03-02-name-203/contender-1
FXwf,https://made.example.invalid/e03-02/7-242?utm_source=share&ref=g8wghf23
e03-02-name-204,https://made.example.invalid/names/e03-02-name-204/contender-0
FXwg,https://made.example.invalid/e03-02/9-243?utm_source=share&ref=77nbokv3
e03-02-name-205,https://made.example.invalid/names/e03-02-name-205/contender-0
e03-02-name-206,https://made.example.invalid/names/e03-02-name-206/contender-0
FXwh,https://made.example.invalid/e03-02/11-244?utm_source=share&ref=c3aqbqyy
e03-02-name-207,https://made.example.invalid/names/e03-02-name-207/contender-2
e03-02-name-208,https://made.example.invalid/names/e03-02-name-208/contender-0
FXwi,https://made.example.invalid/e03-02/2-245?utm_source=share&ref=n7inem5i
e03-02-name-209,https://made.example.invalid/names/e03-02-name-209/contender-3
FXwj,https://made.example.invalid/e03-02/5-246?utm_source=share&ref=oqlu9vfq
e03-02-name-210,https://made.example.invalid/names/e03-02-name-210/contender-3
e03-02-name-211,https://made.example.invalid/names/e03-02-name-211/contender-2
FXwk,https://made.example.invalid/e03-02/7-247?utm_source=share&ref=hirpvgfy
e03-02-name-212,https://made.example.invalid/names/e03-02-name-212/contender-7
e03-02-name-213,https://made.example.invalid/names/e03-02-name-213/contender-3
FXwl,https://made.example.invalid/e03-02/9-248?utm_source=share&ref=cboqvshv
e03-02-name-214,https://made.example.invalid/names/e03-02-name-214/contender-6
FXwm,https://made.example.invalid/e03-02/11-249?utm_source=share&ref=w9pa0ct6
e03-02-name-215,https://made.example.invalid/names/e03-02-name-215/contender-0
e03-02-name-216,https://made.example.invalid/names/e03-02-name-216/contender-2
FXwn,https://made.example.invalid/e03-02/2-250?utm_source=share&ref=bx04dywx
e03-02-name-217,https://made.example.invalid/names/e03-02-name-217/contender-5
e03-02-name-218,https://made.example.invalid/names/e03-02-name-218/contender-2
FXwo,https://made.example.invalid/e03-02/5-251?utm_source=share&ref=1wfo55z6
e03-02-name-219,https://made.example.invalid/names/e03-02-name-219/contender-2
FXwp,https://made.example.invalid/e03-02/7-252?utm_source=share&ref=n4qio7iq
e03-02-name-220,https://made.example.invalid/names/e03-02-name-220/contender-1
e03-02-name-221,https://made.example.invalid/names/e03-02-name-221/contender-2
FXwq,https://made.example.invalid/e03-02/9-253?utm_source=share&ref=6q6654ci
e03-02-name-222,https://made.example.invalid/names/e03-02-name-222/contender-0
e03-02-name-223,https://made.example.invalid/names/e03-02-name-223/contender-5
FXwr,https://made.example.invalid/e03-02/11-254?utm_source=share&ref=0kdrfnz2
e03-02-name-224,https://made.example.invalid/names/e03-02-name-224/contender-1
FXws,https://made.example.invalid/e03-02/2-255?utm_source=share&ref=x4nusqfq
e03-02-name-225,https://made.example.invalid/names/e03-02-name-225/contender-1
e03-02-name-226,https://made.example.invalid/names/e03-02-name-226/contender-0
FXwt,https://made.example.invalid/e03-02/5-256?utm_source=share&ref=f9edjdyu
e03-02-name-227,https://made.example.invalid/names/e03-02-name-227/contender-5
e03-02-name-228,https://made.example.invalid/names/e03-02-name-228/contender-0
FXwu,https://made.example.invalid/e03-02/7-257?utm_source=share&ref=htozm1or
e03-02-name-229,https://made.example.invalid/names/e03-02-name-229/contender-0
FXwv,https://made.example.invalid/e03-02/9-258?utm_source=share&ref=7cskinnq
e03-02-name-230,https://made.example.invalid/names/e03-02-name-230/contender-0
e03-02-name-231,https://made.example.invalid/names/e03-02-name-231/contender-0
FXww,https://made.example.invalid/e03-02/11-259?utm_source=share&ref=6w0wxkk3
e03-02-name-232,https://made.example.invalid/names/e03-02-name-232/contender-0
e03-02-name-233,https://made.example.invalid/names/e03-02-name-233/contender-1
FXwx,https://made.example.invalid/e03-02/2-260?utm_source=share&ref=prorc8cm
e03-02-name-234,https://made.example.invalid/names/e03-02-name-234/contender-2
FXwy,https://made.example.invalid/e03-02/5-261?utm_source=share&ref=gaty607o
e03-02-name-235,https://made.example.invalid/names/e03-02-name-235/contender-3
e03-02-name-236,https://made.example.invalid/names/e03-02-name-236/contender-0
FXwz,https://made.example.invalid/e03-02/7-262?utm_source=share&ref=s5xek6io
e03-02-name-237,https://made.example.invalid/names/e03-02-name-237/contender-3
e03-02-name-238,https://made.example.invalid/names/e03-02-name-238/contender-0
FXwA,https://made.example.invalid/e03-02/9-263?utm_source=share&ref=jxnqz35u
e03-02-name-239,https://made.example.invalid/names/e03-02-name-239/contender-1
FXwB,https://made.example.invalid/e03-02/11-264?utm_source=share&ref=3ijjh06i
e03-02-name-240,https://made.example.invalid/names/e03-02-name-240/contender-0
e03-02-name-241,https://made.example.invalid/names/e03-02-name-241/contender-2
FXwC,https://made.example.invalid/e03-02/2-265?utm_source=share&ref=b51xehhb
e03-02-name-242,https://made.example.invalid/names/e03-02-name-242/contender-1
e03-02-name-243,https://made.example.invalid/names/e03-02-name-243/contender-3
FXwD,https://made.example.invalid/e03-02/5-266?utm_source=share&ref=o8hv25db
e03-02-name-244,https://made.example.invalid/names/e03-02-name-244/contender-1
FXwE,https://made.example.invalid/e03-02/7-267?utm_source=share&ref=wub3i1c2
e03-02-name-245,https://made.example.invalid/names/e03-02-name-245/contender-2
e03-02-name-246,https://made.example.invalid/names/e03-02-name-246/contender-4
FXwF,https://made.example.invalid/e03-02/9-268?utm_source=share&ref=l8qs5yd1
e03-02-name-247,https://made.example.invalid/names/e03-02-name-247/contender-0
e03-02-name-248,https://made.example.invalid/names/e03-02-name-248/contender-1
FXwG,https://made.example.invalid/e03-02/11-269?utm_source=share&ref=ofi3vhl7
e03-02-name-249,https://made.example.invalid/names/e03-02-name-249/contender-3
FXwH,https://made.example.invalid/e03-02/2-270?utm_source=share&ref=90hhetbg
e03-02-name-250,https://made.example.invalid/names/e03-02-name-250/contender-5
e03-02-name-251,https://made.example.invalid/names/e03-02-name-251/contender-0
FXwI,https://made.example.invalid/e03-02/5-271?utm_source=share&ref=e1ylwfop
e03-02-name-252,https://made.example.invalid/names/e03-02-name-252/contender-5
e03-02-name-253,https://made.example.invalid/names/e03-02-name-253/contender-0
FXwJ,https://made.example.invalid/e03-02/7-272?utm_source=share&ref=nll3ygju
e03-02-name-254,https://made.example.invalid/names/e03-02-name-254/contender-1
FXwK,https://made.example.invalid/e03-02/9-273?utm_source=share&ref=j0af71da
e03-02-name-255,https://made.example.invalid/names/e03-02-name-255/contender-4
e03-02-name-256,https://made.example.invalid/names/e03-02-name-256/contender-1
FXwL,https://made.example.invalid/e03-02/11-274?utm_source=share&ref=8pvwft30
e03-02-name-257,https://made.example.invalid/names/e03-02-name-257/contender-2
e03-02-name-258,https://made.example.invalid/names/e03-02-name-258/contender-1
FXwM,https://made.example.invalid/e03-02/2-275?utm_source=share&ref=z4lgo47u
e03-02-name-259,https://made.example.invalid/names/e03-02-name-259/contender-0
FXwN,https://made.example.invalid/e03-02/5-276?utm_source=share&ref=zso6r9v9
e03-02-name-260,https://made.example.invalid/names/e03-02-name-260/contender-0
e03-02-name-261,https://made.example.invalid/names/e03-02-name-261/contender-0
FXwO,https://made.example.invalid/e03-02/7-277?utm_source=share&ref=y7n2w366
e03-02-name-262,https://made.example.invalid/names/e03-02-name-262/contender-0
e03-02-name-263,https://made.example.invalid/names/e03-02-name-263/contender-0
FXwP,https://made.example.invalid/e03-02/9-278?utm_source=share&ref=utsoiy2z
e03-02-name-264,https://made.example.invalid/names/e03-02-name-264/contender-4
FXwQ,https://made.example.invalid/e03-02/11-279?utm_source=share&ref=2ar4ahyq
e03-02-name-265,https://made.example.invalid/names/e03-02-name-265/contender-0
e03-02-name-266,https://made.example.invalid/names/e03-02-name-266/contender-2
FXwR,https://made.example.invalid/e03-02/2-280?utm_source=share&ref=kba46u2u
e03-02-name-267,https://made.example.invalid/names/e03-02-name-267/contender-2
e03-02-name-268,https://made.example.invalid/names/e03-02-name-268/contender-0
FXwS,https://made.example.invalid/e03-02/5-281?utm_source=share&ref=vrocfm11
e03-02-name-269,https://made.example.invalid/names/e03-02-name-269/contender-1
FXwT,https://made.example.invalid/e03-02/7-282?utm_source=share&ref=6lcgn889
e03-02-name-270,https://made.example.invalid/names/e03-02-name-270/contender-0
e03-02-name-271,https://made.example.invalid/names/e03-02-name-271/contender-3
FXwU,https://made.example.invalid/e03-02/9-283?utm_source=share&ref=hoam505i
e03-02-name-272,https://made.example.invalid/names/e03-02-name-272/contender-3
e03-02-name-273,https://made.example.invalid/names/e03-02-name-273/contender-9
FXwV,https://made.example.invalid/e03-02/11-284?utm_source=share&ref=n5rkf6d6
e03-02-name-274,https://made.example.invalid/names/e03-02-name-274/contender-2
FXwW,https://made.example.invalid/e03-02/2-285?utm_source=share&ref=6t80p60c
e03-02-name-275,https://made.example.invalid/names/e03-02-name-275/contender-1
e03-02-name-276,https://made.example.invalid/names/e03-02-name-276/contender-3
FXwX,https://made.example.invalid/e03-02/5-286?utm_source=share&ref=trv3o66y
e03-02-name-277,https://made.example.invalid/names/e03-02-name-277/contender-0
e03-02-name-278,https://made.example.invalid/names/e03-02-name-278/contender-0
FXwY,https://made.example.invalid/e03-02/7-287?utm_source=share&ref=8cylojq2
e03-02-name-279,https://made.example.invalid/names/e03-02-name-279/contender-0
FXwZ,https://made.example.invalid/e03-02/9-288?utm_source=share&ref=fcjey7mw
e03-02-name-280,https://made.example.invalid/names/e03-02-name-280/contender-0
e03-02-name-281,https://made.example.invalid/names/e03-02-name-281/contender-0
FXx0,https://made.example.invalid/e03-02/11-289?utm_source=share&ref=4xg0hbkt
e03-02-name-282,https://made.example.invalid/names/e03-02-name-282/contender-1
e03-02-name-283,https://made.example.invalid/names/e03-02-name-283/contender-4
FXx1,https://made.example.invalid/e03-02/2-290?utm_source=share&ref=yjgk9udj
e03-02-name-284,https://made.example.invalid/names/e03-02-name-284/contender-2
FXx2,https://made.example.invalid/e03-02/5-291?utm_source=share&ref=mwsdjq3w
e03-02-name-285,https://made.example.invalid/names/e03-02-name-285/contender-0
e03-02-name-286,https://made.example.invalid/names/e03-02-name-286/contender-2
FXx3,https://made.example.invalid/e03-02/7-292?utm_source=share&ref=ewrr9a9r
e03-02-name-287,https://made.example.invalid/names/e03-02-name-287/contender-6
e03-02-name-288,https://made.example.invalid/names/e03-02-name-288/contender-4
FXx4,https://made.example.invalid/e03-02/9-293?utm_source=share&ref=98yqwdq7
e03-02-name-289,https://made.example.invalid/names/e03-02-name-289/contender-1
FXx5,https://made.example.invalid/e03-02/11-294?utm_source=share&ref=cj9n43s0
e03-02-name-290,https://made.example.invalid/names/e03-02-name-290/contender-3
e03-02-name-291,https://made.example.invalid/names/e03-02-name-291/contender-0
FXx6,https://made.example.invalid/e03-02/2-295?utm_source=share&ref=ahq2ymse
e03-02-name-292,https://made.example.invalid/names/e03-02-name-292/contender-0
e03-02-name-293,https://made.example.invalid/names/e03-02-name-293/contender-0
FXx7,https://made.example.invalid/e03-02/5-296?utm_source=share&ref=ws4nghxa
e03-02-name-294,https://made.example.invalid/names/e03-02-name-294/contender-0
FXx8,https://made.example.invalid/e03-02/7-297?utm_source=share&ref=2smrcef1
e03-02-name-295,https://made.example.invalid/names/e03-02-name-295/contender-0
e03-02-name-296,https://made.example.invalid/names/e03-02-name-296/contender-0
FXx9,https://made.example.invalid/e03-02/9-298?utm_source=share&ref=gynnsizs
e03-02-name-297,https://made.example.invalid/names/e03-02-name-297/contender-25
e03-02-name-298,https://made.example.invalid/names/e03-02-name-298/contender-2
FXxa,https://made.example.invalid/e03-02/11-299?utm_source=share&ref=rnlll93d
e03-02-name-299,https://made.example.invalid/names/e03-02-name-299/contender-0
FXxb,https://made.example.invalid/e03-02/2-300?utm_source=share&ref=52cx20uv
e03-02-name-300,https://made.example.invalid/names/e03-02-name-300/contender-0
e03-02-name-301,https://made.example.invalid/names/e03-02-name-301/contender-0
FXxc,https://made.example.invalid/e03-02/5-301?utm_source=share&ref=be8w5nw9
e03-02-name-302,https://made.example.invalid/names/e03-02-name-302/contender-1
e03-02-name-303,https://made.example.invalid/names/e03-02-name-303/contender-2
FXxd,https://made.example.invalid/e03-02/7-302?utm_source=share&ref=p9gd3iyl
e03-02-name-304,https://made.example.invalid/names/e03-02-name-304/contender-2
FXxe,https://made.example.invalid/e03-02/9-303?utm_source=share&ref=urd9rmk9
e03-02-name-305,https://made.example.invalid/names/e03-02-name-305/contender-0
e03-02-name-306,https://made.example.invalid/names/e03-02-name-306/contender-0
FXxf,https://made.example.invalid/e03-02/11-304?utm_source=share&ref=0xn04lkj
e03-02-name-307,https://made.example.invalid/names/e03-02-name-307/contender-0
e03-02-name-308,https://made.example.invalid/names/e03-02-name-308/contender-0
FXxg,https://made.example.invalid/e03-02/2-305?utm_source=share&ref=rwfsv8vs
e03-02-name-309,https://made.example.invalid/names/e03-02-name-309/contender-1
FXxh,https://made.example.invalid/e03-02/5-306?utm_source=share&ref=niwk16lt
e03-02-name-310,https://made.example.invalid/names/e03-02-name-310/contender-0
e03-02-name-311,https://made.example.invalid/names/e03-02-name-311/contender-2
FXxi,https://made.example.invalid/e03-02/7-307?utm_source=share&ref=6xw2n8fg
e03-02-name-312,https://made.example.invalid/names/e03-02-name-312/contender-2
e03-02-name-313,https://made.example.invalid/names/e03-02-name-313/contender-1
FXxj,https://made.example.invalid/e03-02/9-308?utm_source=share&ref=2gdpmd8x
e03-02-name-314,https://made.example.invalid/names/e03-02-name-314/contender-4
FXxk,https://made.example.invalid/e03-02/11-309?utm_source=share&ref=hhpt4tzh
e03-02-name-315,https://made.example.invalid/names/e03-02-name-315/contender-4
e03-02-name-316,https://made.example.invalid/names/e03-02-name-316/contender-4
FXxl,https://made.example.invalid/e03-02/2-310?utm_source=share&ref=fbktaa08
e03-02-name-317,https://made.example.invalid/names/e03-02-name-317/contender-3
e03-02-name-318,https://made.example.invalid/names/e03-02-name-318/contender-4
FXxm,https://made.example.invalid/e03-02/5-311?utm_source=share&ref=5qpimri6
e03-02-name-319,https://made.example.invalid/names/e03-02-name-319/contender-4
FXxn,https://made.example.invalid/e03-02/7-312?utm_source=share&ref=ihnfopgd
e03-02-name-320,https://made.example.invalid/names/e03-02-name-320/contender-1
e03-02-name-321,https://made.example.invalid/names/e03-02-name-321/contender-6
FXxo,https://made.example.invalid/e03-02/9-313?utm_source=share&ref=wv52fot8
e03-02-name-322,https://made.example.invalid/names/e03-02-name-322/contender-8
e03-02-name-323,https://made.example.invalid/names/e03-02-name-323/contender-6
FXxp,https://made.example.invalid/e03-02/11-314?utm_source=share&ref=dclrwlec
e03-02-name-324,https://made.example.invalid/names/e03-02-name-324/contender-18
FXxq,https://made.example.invalid/e03-02/2-315?utm_source=share&ref=ym4rzixp
e03-02-name-325,https://made.example.invalid/names/e03-02-name-325/contender-3
e03-02-name-326,https://made.example.invalid/names/e03-02-name-326/contender-0
FXxr,https://made.example.invalid/e03-02/5-316?utm_source=share&ref=kpfknfkm
e03-02-name-327,https://made.example.invalid/names/e03-02-name-327/contender-1
e03-02-name-328,https://made.example.invalid/names/e03-02-name-328/contender-0
FXxs,https://made.example.invalid/e03-02/7-317?utm_source=share&ref=87i3f6wa
e03-02-name-329,https://made.example.invalid/names/e03-02-name-329/contender-1
FXxt,https://made.example.invalid/e03-02/9-318?utm_source=share&ref=dfzdy0ob
e03-02-name-330,https://made.example.invalid/names/e03-02-name-330/contender-8
e03-02-name-331,https://made.example.invalid/names/e03-02-name-331/contender-3
FXxu,https://made.example.invalid/e03-02/11-319?utm_source=share&ref=hvgo7tax
e03-02-name-332,https://made.example.invalid/names/e03-02-name-332/contender-3
e03-02-name-333,https://made.example.invalid/names/e03-02-name-333/contender-0
FXxv,https://made.example.invalid/e03-02/2-320?utm_source=share&ref=88b0vpyk
e03-02-name-334,https://made.example.invalid/names/e03-02-name-334/contender-0
FXxw,https://made.example.invalid/e03-02/5-321?utm_source=share&ref=wsknrgwz
e03-02-name-335,https://made.example.invalid/names/e03-02-name-335/contender-1
e03-02-name-336,https://made.example.invalid/names/e03-02-name-336/contender-0
FXxx,https://made.example.invalid/e03-02/7-322?utm_source=share&ref=nnobt27h
e03-02-name-337,https://made.example.invalid/names/e03-02-name-337/contender-2
e03-02-name-338,https://made.example.invalid/names/e03-02-name-338/contender-0
FXxy,https://made.example.invalid/e03-02/9-323?utm_source=share&ref=bzp8kc03
e03-02-name-339,https://made.example.invalid/names/e03-02-name-339/contender-3
FXxz,https://made.example.invalid/e03-02/11-324?utm_source=share&ref=fwca5w1a
e03-02-name-340,https://made.example.invalid/names/e03-02-name-340/contender-3
e03-02-name-341,https://made.example.invalid/names/e03-02-name-341/contender-2
FXxA,https://made.example.invalid/e03-02/2-325?utm_source=share&ref=cazumtde
e03-02-name-342,https://made.example.invalid/names/e03-02-name-342/contender-0
e03-02-name-343,https://made.example.invalid/names/e03-02-name-343/contender-5
FXxB,https://made.example.invalid/e03-02/5-326?utm_source=share&ref=v1yk6s92
e03-02-name-344,https://made.example.invalid/names/e03-02-name-344/contender-0
FXxC,https://made.example.invalid/e03-02/7-327?utm_source=share&ref=7t66dnl2
e03-02-name-345,https://made.example.invalid/names/e03-02-name-345/contender-2
e03-02-name-346,https://made.example.invalid/names/e03-02-name-346/contender-0
FXxD,https://made.example.invalid/e03-02/9-328?utm_source=share&ref=sl6q06vx
e03-02-name-347,https://made.example.invalid/names/e03-02-name-347/contender-0
e03-02-name-348,https://made.example.invalid/names/e03-02-name-348/contender-3
FXxE,https://made.example.invalid/e03-02/11-329?utm_source=share&ref=pi2cgaxi
e03-02-name-349,https://made.example.invalid/names/e03-02-name-349/contender-3
FXxF,https://made.example.invalid/e03-02/2-330?utm_source=share&ref=pqz9sarr
e03-02-name-350,https://made.example.invalid/names/e03-02-name-350/contender-10
e03-02-name-351,https://made.example.invalid/names/e03-02-name-351/contender-3
FXxG,https://made.example.invalid/e03-02/5-331?utm_source=share&ref=zvgfy0fv
e03-02-name-352,https://made.example.invalid/names/e03-02-name-352/contender-3
e03-02-name-353,https://made.example.invalid/names/e03-02-name-353/contender-4
FXxH,https://made.example.invalid/e03-02/7-332?utm_source=share&ref=c70xdgjz
e03-02-name-354,https://made.example.invalid/names/e03-02-name-354/contender-0
FXxI,https://made.example.invalid/e03-02/9-333?utm_source=share&ref=hgy8dmto
e03-02-name-355,https://made.example.invalid/names/e03-02-name-355/contender-0
e03-02-name-356,https://made.example.invalid/names/e03-02-name-356/contender-1
FXxJ,https://made.example.invalid/e03-02/11-334?utm_source=share&ref=4n6pjj3z
e03-02-name-357,https://made.example.invalid/names/e03-02-name-357/contender-1
e03-02-name-358,https://made.example.invalid/names/e03-02-name-358/contender-0
FXxK,https://made.example.invalid/e03-02/2-335?utm_source=share&ref=hqm4k2ec
e03-02-name-359,https://made.example.invalid/names/e03-02-name-359/contender-0
FXxL,https://made.example.invalid/e03-02/5-336?utm_source=share&ref=y0zjzzox
e03-02-name-360,https://made.example.invalid/names/e03-02-name-360/contender-0
e03-02-name-361,https://made.example.invalid/names/e03-02-name-361/contender-5
FXxM,https://made.example.invalid/e03-02/7-337?utm_source=share&ref=v3eqh1r6
e03-02-name-362,https://made.example.invalid/names/e03-02-name-362/contender-1
e03-02-name-363,https://made.example.invalid/names/e03-02-name-363/contender-0
FXxN,https://made.example.invalid/e03-02/9-338?utm_source=share&ref=dj0wio3h
e03-02-name-364,https://made.example.invalid/names/e03-02-name-364/contender-1
FXxO,https://made.example.invalid/e03-02/11-339?utm_source=share&ref=78umy35y
e03-02-name-365,https://made.example.invalid/names/e03-02-name-365/contender-0
e03-02-name-366,https://made.example.invalid/names/e03-02-name-366/contender-2
FXxP,https://made.example.invalid/e03-02/2-340?utm_source=share&ref=bdf2uig5
e03-02-name-367,https://made.example.invalid/names/e03-02-name-367/contender-1
e03-02-name-368,https://made.example.invalid/names/e03-02-name-368/contender-0
FXxQ,https://made.example.invalid/e03-02/5-341?utm_source=share&ref=1b9jr81i
e03-02-name-369,https://made.example.invalid/names/e03-02-name-369/contender-3
FXxR,https://made.example.invalid/e03-02/7-342?utm_source=share&ref=k4o1bihs
e03-02-name-370,https://made.example.invalid/names/e03-02-name-370/contender-0
e03-02-name-371,https://made.example.invalid/names/e03-02-name-371/contender-0
FXxS,https://made.example.invalid/e03-02/9-343?utm_source=share&ref=3qwb78t7
e03-02-name-372,https://made.example.invalid/names/e03-02-name-372/contender-0
e03-02-name-373,https://made.example.invalid/names/e03-02-name-373/contender-1
FXxT,https://made.example.invalid/e03-02/11-344?utm_source=share&ref=1wdyy7bv
e03-02-name-374,https://made.example.invalid/names/e03-02-name-374/contender-1
FXxU,https://made.example.invalid/e03-02/2-345?utm_source=share&ref=4b8e66hv
e03-02-name-375,https://made.example.invalid/names/e03-02-name-375/contender-0
e03-02-name-376,https://made.example.invalid/names/e03-02-name-376/contender-2
FXxV,https://made.example.invalid/e03-02/5-346?utm_source=share&ref=80rduug0
e03-02-name-377,https://made.example.invalid/names/e03-02-name-377/contender-0
e03-02-name-378,https://made.example.invalid/names/e03-02-name-378/contender-0
FXxW,https://made.example.invalid/e03-02/7-347?utm_source=share&ref=wohj5utw
e03-02-name-379,https://made.example.invalid/names/e03-02-name-379/contender-3
FXxX,https://made.example.invalid/e03-02/9-348?utm_source=share&ref=95n1w664
e03-02-name-380,https://made.example.invalid/names/e03-02-name-380/contender-1
e03-02-name-381,https://made.example.invalid/names/e03-02-name-381/contender-5
FXxY,https://made.example.invalid/e03-02/11-349?utm_source=share&ref=524344ex
e03-02-name-382,https://made.example.invalid/names/e03-02-name-382/contender-1
e03-02-name-383,https://made.example.invalid/names/e03-02-name-383/contender-1
FXxZ,https://made.example.invalid/e03-02/2-350?utm_source=share&ref=63ocncfd
e03-02-name-384,https://made.example.invalid/names/e03-02-name-384/contender-1
FXy0,https://made.example.invalid/e03-02/5-351?utm_source=share&ref=dvwh0840
e03-02-name-385,https://made.example.invalid/names/e03-02-name-385/contender-2
e03-02-name-386,https://made.example.invalid/names/e03-02-name-386/contender-6
FXy1,https://made.example.invalid/e03-02/7-352?utm_source=share&ref=9vr042v2
e03-02-name-387,https://made.example.invalid/names/e03-02-name-387/contender-4
e03-02-name-388,https://made.example.invalid/names/e03-02-name-388/contender-4
FXy2,https://made.example.invalid/e03-02/9-353?utm_source=share&ref=8ljubufx
e03-02-name-389,https://made.example.invalid/names/e03-02-name-389/contender-0
FXy3,https://made.example.invalid/e03-02/11-354?utm_source=share&ref=w4nfulp1
e03-02-name-390,https://made.example.invalid/names/e03-02-name-390/contender-0
e03-02-name-391,https://made.example.invalid/names/e03-02-name-391/contender-1
FXy4,https://made.example.invalid/e03-02/2-355?utm_source=share&ref=hw9ybirt
e03-02-name-392,https://made.example.invalid/names/e03-02-name-392/contender-0
e03-02-name-393,https://made.example.invalid/names/e03-02-name-393/contender-2
FXy5,https://made.example.invalid/e03-02/5-356?utm_source=share&ref=n14ohuvg
e03-02-name-394,https://made.example.invalid/names/e03-02-name-394/contender-1
FXy6,https://made.example.invalid/e03-02/7-357?utm_source=share&ref=k845q7mx
e03-02-name-395,https://made.example.invalid/names/e03-02-name-395/contender-2
e03-02-name-396,https://made.example.invalid/names/e03-02-name-396/contender-4
FXy7,https://made.example.invalid/e03-02/9-358?utm_source=share&ref=dsecgikm
e03-02-name-397,https://made.example.invalid/names/e03-02-name-397/contender-4
e03-02-name-398,https://made.example.invalid/names/e03-02-name-398/contender-0
FXy8,https://made.example.invalid/e03-02/11-359?utm_source=share&ref=o3jb4wft
e03-02-name-399,https://made.example.invalid/names/e03-02-name-399/contender-3
FXy9,https://made.example.invalid/e03-02/2-360?utm_source=share&ref=qctsvtf7
e03-02-name-400,https://made.example.invalid/names/e03-02-name-400/contender-0
e03-02-name-401,https://made.example.invalid/names/e03-02-name-401/contender-17
FXya,https://made.example.invalid/e03-02/5-361?utm_source=share&ref=5aze8mvb
e03-02-name-402,https://made.example.invalid/names/e03-02-name-402/contender-0
e03-02-name-403,https://made.example.invalid/names/e03-02-name-403/contender-0
FXyb,https://made.example.invalid/e03-02/7-362?utm_source=share&ref=k1ut8kbi
e03-02-name-404,https://made.example.invalid/names/e03-02-name-404/contender-3
FXyc,https://made.example.invalid/e03-02/9-363?utm_source=share&ref=9w0q66s4
e03-02-name-405,https://made.example.invalid/names/e03-02-name-405/contender-5
e03-02-name-406,https://made.example.invalid/names/e03-02-name-406/contender-0
FXyd,https://made.example.invalid/e03-02/11-364?utm_source=share&ref=e5z3byi7
e03-02-name-407,https://made.example.invalid/names/e03-02-name-407/contender-0
e03-02-name-408,https://made.example.invalid/names/e03-02-name-408/contender-0
FXye,https://made.example.invalid/e03-02/2-365?utm_source=share&ref=n1eeo6fa
e03-02-name-409,https://made.example.invalid/names/e03-02-name-409/contender-0
FXyf,https://made.example.invalid/e03-02/5-366?utm_source=share&ref=2uwvwlvf
e03-02-name-410,https://made.example.invalid/names/e03-02-name-410/contender-0
e03-02-name-411,https://made.example.invalid/names/e03-02-name-411/contender-0
FXyg,https://made.example.invalid/e03-02/7-367?utm_source=share&ref=18232hag
e03-02-name-412,https://made.example.invalid/names/e03-02-name-412/contender-1
e03-02-name-413,https://made.example.invalid/names/e03-02-name-413/contender-0
FXyh,https://made.example.invalid/e03-02/9-368?utm_source=share&ref=9dqvrrc1
e03-02-name-414,https://made.example.invalid/names/e03-02-name-414/contender-26
FXyi,https://made.example.invalid/e03-02/11-369?utm_source=share&ref=la4lo5xx
e03-02-name-415,https://made.example.invalid/names/e03-02-name-415/contender-8
e03-02-name-416,https://made.example.invalid/names/e03-02-name-416/contender-4
FXyj,https://made.example.invalid/e03-02/2-370?utm_source=share&ref=jvrloun8
e03-02-name-417,https://made.example.invalid/names/e03-02-name-417/contender-1
e03-02-name-418,https://made.example.invalid/names/e03-02-name-418/contender-3
FXyk,https://made.example.invalid/e03-02/5-371?utm_source=share&ref=so0rfov5
e03-02-name-419,https://made.example.invalid/names/e03-02-name-419/contender-3
FXyl,https://made.example.invalid/e03-02/7-372?utm_source=share&ref=jfp100iv
e03-02-name-420,https://made.example.invalid/names/e03-02-name-420/contender-4
e03-02-name-421,https://made.example.invalid/names/e03-02-name-421/contender-0
FXym,https://made.example.invalid/e03-02/9-373?utm_source=share&ref=r9ed50re
e03-02-name-422,https://made.example.invalid/names/e03-02-name-422/contender-0
e03-02-name-423,https://made.example.invalid/names/e03-02-name-423/contender-0
FXyn,https://made.example.invalid/e03-02/11-374?utm_source=share&ref=4c29v1t4
e03-02-name-424,https://made.example.invalid/names/e03-02-name-424/contender-0
FXyo,https://made.example.invalid/e03-02/2-375?utm_source=share&ref=xwztm5d9
e03-02-name-425,https://made.example.invalid/names/e03-02-name-425/contender-0
e03-02-name-426,https://made.example.invalid/names/e03-02-name-426/contender-0
FXyp,https://made.example.invalid/e03-02/5-376?utm_source=share&ref=llo4bsp2
e03-02-name-427,https://made.example.invalid/names/e03-02-name-427/contender-0
e03-02-name-428,https://made.example.invalid/names/e03-02-name-428/contender-0
FXyq,https://made.example.invalid/e03-02/7-377?utm_source=share&ref=tjbd7too
e03-02-name-429,https://made.example.invalid/names/e03-02-name-429/contender-0
FXyr,https://made.example.invalid/e03-02/9-378?utm_source=share&ref=ljz9h55t
e03-02-name-430,https://made.example.invalid/names/e03-02-name-430/contender-1
e03-02-name-431,https://made.example.invalid/names/e03-02-name-431/contender-3
FXys,https://made.example.invalid/e03-02/11-379?utm_source=share&ref=d0jhurs6
e03-02-name-432,https://made.example.invalid/names/e03-02-name-432/contender-0
e03-02-name-433,https://made.example.invalid/names/e03-02-name-433/contender-0
FXyt,https://made.example.invalid/e03-02/2-380?utm_source=share&ref=tzw5pbsu
e03-02-name-434,https://made.example.invalid/names/e03-02-name-434/contender-1
FXyu,https://made.example.invalid/e03-02/5-381?utm_source=share&ref=2lyqo1rl
e03-02-name-435,https://made.example.invalid/names/e03-02-name-435/contender-0
e03-02-name-436,https://made.example.invalid/names/e03-02-name-436/contender-1
FXyv,https://made.example.invalid/e03-02/7-382?utm_source=share&ref=w3selrhg
e03-02-name-437,https://made.example.invalid/names/e03-02-name-437/contender-0
e03-02-name-438,https://made.example.invalid/names/e03-02-name-438/contender-2
FXyw,https://made.example.invalid/e03-02/9-383?utm_source=share&ref=6rav4sa2
e03-02-name-439,https://made.example.invalid/names/e03-02-name-439/contender-3
FXyx,https://made.example.invalid/e03-02/11-384?utm_source=share&ref=2moas8vq
e03-02-name-440,https://made.example.invalid/names/e03-02-name-440/contender-1
e03-02-name-441,https://made.example.invalid/names/e03-02-name-441/contender-0
FXyy,https://made.example.invalid/e03-02/2-385?utm_source=share&ref=ljo16p26
e03-02-name-442,https://made.example.invalid/names/e03-02-name-442/contender-0
e03-02-name-443,https://made.example.invalid/names/e03-02-name-443/contender-2
FXyz,https://made.example.invalid/e03-02/5-386?utm_source=share&ref=ajvis8ly
e03-02-name-444,https://made.example.invalid/names/e03-02-name-444/contender-2
FXyA,https://made.example.invalid/e03-02/7-387?utm_source=share&ref=q44hmq03
e03-02-name-445,https://made.example.invalid/names/e03-02-name-445/contender-1
e03-02-name-446,https://made.example.invalid/names/e03-02-name-446/contender-2
FXyB,https://made.example.invalid/e03-02/9-388?utm_source=share&ref=p1e7cwip
e03-02-name-447,https://made.example.invalid/names/e03-02-name-447/contender-5
e03-02-name-448,https://made.example.invalid/names/e03-02-name-448/contender-0
FXyC,https://made.example.invalid/e03-02/11-389?utm_source=share&ref=55f7o0tm
e03-02-name-449,https://made.example.invalid/names/e03-02-name-449/contender-5
FXyD,https://made.example.invalid/e03-02/2-390?utm_source=share&ref=y0hyfead
e03-02-name-450,https://made.example.invalid/names/e03-02-name-450/contender-1
e03-02-name-451,https://made.example.invalid/names/e03-02-name-451/contender-2
FXyE,https://made.example.invalid/e03-02/5-391?utm_source=share&ref=3h5lyy12
e03-02-name-452,https://made.example.invalid/names/e03-02-name-452/contender-0
e03-02-name-453,https://made.example.invalid/names/e03-02-name-453/contender-0
FXyF,https://made.example.invalid/e03-02/7-392?utm_source=share&ref=rzbldlax
e03-02-name-454,https://made.example.invalid/names/e03-02-name-454/contender-1
FXyG,https://made.example.invalid/e03-02/9-393?utm_source=share&ref=htr1z2n5
e03-02-name-455,https://made.example.invalid/names/e03-02-name-455/contender-1
e03-02-name-456,https://made.example.invalid/names/e03-02-name-456/contender-0
FXyH,https://made.example.invalid/e03-02/11-394?utm_source=share&ref=krkn27p9
e03-02-name-457,https://made.example.invalid/names/e03-02-name-457/contender-5
e03-02-name-458,https://made.example.invalid/names/e03-02-name-458/contender-0
FXyI,https://made.example.invalid/e03-02/2-395?utm_source=share&ref=95r4iovs
e03-02-name-459,https://made.example.invalid/names/e03-02-name-459/contender-0
FXyJ,https://made.example.invalid/e03-02/5-396?utm_source=share&ref=meybwuej
e03-02-name-460,https://made.example.invalid/names/e03-02-name-460/contender-0
e03-02-name-461,https://made.example.invalid/names/e03-02-name-461/contender-2
FXyK,https://made.example.invalid/e03-02/7-397?utm_source=share&ref=tkqqen0x
e03-02-name-462,https://made.example.invalid/names/e03-02-name-462/contender-1
e03-02-name-463,https://made.example.invalid/names/e03-02-name-463/contender-1
FXyL,https://made.example.invalid/e03-02/9-398?utm_source=share&ref=6egrm18i
e03-02-name-464,https://made.example.invalid/names/e03-02-name-464/contender-1
FXyM,https://made.example.invalid/e03-02/11-399?utm_source=share&ref=sk0m7k5a
e03-02-name-465,https://made.example.invalid/names/e03-02-name-465/contender-0
e03-02-name-466,https://made.example.invalid/names/e03-02-name-466/contender-3
FXyN,https://made.example.invalid/e03-02/2-400?utm_source=share&ref=dcez03lb
e03-02-name-467,https://made.example.invalid/names/e03-02-name-467/contender-1
e03-02-name-468,https://made.example.invalid/names/e03-02-name-468/contender-2
FXyO,https://made.example.invalid/e03-02/5-401?utm_source=share&ref=h6h6mfr1
e03-02-name-469,https://made.example.invalid/names/e03-02-name-469/contender-2
FXyP,https://made.example.invalid/e03-02/7-402?utm_source=share&ref=w6ddlc9w
e03-02-name-470,https://made.example.invalid/names/e03-02-name-470/contender-0
e03-02-name-471,https://made.example.invalid/names/e03-02-name-471/contender-0
FXyQ,https://made.example.invalid/e03-02/9-403?utm_source=share&ref=905dlyx0
e03-02-name-472,https://made.example.invalid/names/e03-02-name-472/contender-2
e03-02-name-473,https://made.example.invalid/names/e03-02-name-473/contender-1
FXyR,https://made.example.invalid/e03-02/11-404?utm_source=share&ref=a61t98kr
e03-02-name-474,https://made.example.invalid/names/e03-02-name-474/contender-2
FXyS,https://made.example.invalid/e03-02/2-405?utm_source=share&ref=khihpdl0
e03-02-name-475,https://made.example.invalid/names/e03-02-name-475/contender-1
e03-02-name-476,https://made.example.invalid/names/e03-02-name-476/contender-0
FXyT,https://made.example.invalid/e03-02/5-406?utm_source=share&ref=jqpk1sq2
e03-02-name-477,https://made.example.invalid/names/e03-02-name-477/contender-1
e03-02-name-478,https://made.example.invalid/names/e03-02-name-478/contender-0
FXyU,https://made.example.invalid/e03-02/7-407?utm_source=share&ref=9umh9xjl
e03-02-name-479,https://made.example.invalid/names/e03-02-name-479/contender-0
FXyV,https://made.example.invalid/e03-02/9-408?utm_source=share&ref=ruyzvv6b
e03-02-name-480,https://made.example.invalid/names/e03-02-name-480/contender-5
e03-02-name-481,https://made.example.invalid/names/e03-02-name-481/contender-0
FXyW,https://made.example.invalid/e03-02/11-409?utm_source=share&ref=5kn7eigt
e03-02-name-482,https://made.example.invalid/names/e03-02-name-482/contender-2
e03-02-name-483,https://made.example.invalid/names/e03-02-name-483/contender-1
FXyX,https://made.example.invalid/e03-02/2-410?utm_source=share&ref=x800sazn
e03-02-name-484,https://made.example.invalid/names/e03-02-name-484/contender-2
FXyY,https://made.example.invalid/e03-02/5-411?utm_source=share&ref=2ncmpa2x
e03-02-name-485,https://made.example.invalid/names/e03-02-name-485/contender-1
e03-02-name-486,https://made.example.invalid/names/e03-02-name-486/contender-0
FXyZ,https://made.example.invalid/e03-02/7-412?utm_source=share&ref=h5tcviz2
e03-02-name-487,https://made.example.invalid/names/e03-02-name-487/contender-1
e03-02-name-488,https://made.example.invalid/names/e03-02-name-488/contender-0
FXz0,https://made.example.invalid/e03-02/9-413?utm_source=share&ref=ep9u7du9
e03-02-name-489,https://made.example.invalid/names/e03-02-name-489/contender-0
FXz1,https://made.example.invalid/e03-02/11-414?utm_source=share&ref=al02cfdi
e03-02-name-490,https://made.example.invalid/names/e03-02-name-490/contender-8
e03-02-name-491,https://made.example.invalid/names/e03-02-name-491/contender-0
FXz2,https://made.example.invalid/e03-02/2-415?utm_source=share&ref=cpq2q6l3
e03-02-name-492,https://made.example.invalid/names/e03-02-name-492/contender-0
e03-02-name-493,https://made.example.invalid/names/e03-02-name-493/contender-3
FXz3,https://made.example.invalid/e03-02/5-416?utm_source=share&ref=asw5pox6
e03-02-name-494,https://made.example.invalid/names/e03-02-name-494/contender-4
FXz4,https://made.example.invalid/e03-02/7-417?utm_source=share&ref=h4kyw0jw
e03-02-name-495,https://made.example.invalid/names/e03-02-name-495/contender-1
e03-02-name-496,https://made.example.invalid/names/e03-02-name-496/contender-3
FXz5,https://made.example.invalid/e03-02/9-418?utm_source=share&ref=rv4mta8p
e03-02-name-497,https://made.example.invalid/names/e03-02-name-497/contender-0
e03-02-name-498,https://made.example.invalid/names/e03-02-name-498/contender-0
FXz6,https://made.example.invalid/e03-02/11-419?utm_source=share&ref=wheid8ik
e03-02-name-499,https://made.example.invalid/names/e03-02-name-499/contender-3
FXz7,https://made.example.invalid/e03-02/2-420?utm_source=share&ref=h4n7ae5l
e03-02-name-500,https://made.example.invalid/names/e03-02-name-500/contender-0
e03-02-name-501,https://made.example.invalid/names/e03-02-name-501/contender-3
FXz8,https://made.example.invalid/e03-02/5-421?utm_source=share&ref=wwhx5nxj
e03-02-name-502,https://made.example.invalid/names/e03-02-name-502/contender-4
e03-02-name-503,https://made.example.invalid/names/e03-02-name-503/contender-1
FXz9,https://made.example.invalid/e03-02/7-422?utm_source=share&ref=p58cjjp0
e03-02-name-504,https://made.example.invalid/names/e03-02-name-504/contender-0
FXza,https://made.example.invalid/e03-02/9-423?utm_source=share&ref=6xhkqlrx
e03-02-name-505,https://made.example.invalid/names/e03-02-name-505/contender-1
e03-02-name-506,https://made.example.invalid/names/e03-02-name-506/contender-3
FXzb,https://made.example.invalid/e03-02/11-424?utm_source=share&ref=3wnnto4o
e03-02-name-507,https://made.example.invalid/names/e03-02-name-507/contender-0
e03-02-name-508,https://made.example.invalid/names/e03-02-name-508/contender-0
FXzc,https://made.example.invalid/e03-02/2-425?utm_source=share&ref=23sgtzu6
e03-02-name-509,https://made.example.invalid/names/e03-02-name-509/contender-2
FXzd,https://made.example.invalid/e03-02/5-426?utm_source=share&ref=s5nhn95u
e03-02-name-510,https://made.example.invalid/names/e03-02-name-510/contender-3
e03-02-name-511,https://made.example.invalid/names/e03-02-name-511/contender-0
FXze,https://made.example.invalid/e03-02/7-427?utm_source=share&ref=84mzggs2
e03-02-name-512,https://made.example.invalid/names/e03-02-name-512/contender-0
e03-02-name-513,https://made.example.invalid/names/e03-02-name-513/contender-0
FXzf,https://made.example.invalid/e03-02/9-428?utm_source=share&ref=1vqtg7ep
e03-02-name-514,https://made.example.invalid/names/e03-02-name-514/contender-2
FXzg,https://made.example.invalid/e03-02/11-429?utm_source=share&ref=y79d52qp
e03-02-name-515,https://made.example.invalid/names/e03-02-name-515/contender-2
e03-02-name-516,https://made.example.invalid/names/e03-02-name-516/contender-1
FXzh,https://made.example.invalid/e03-02/2-430?utm_source=share&ref=1htkh9ex
e03-02-name-517,https://made.example.invalid/names/e03-02-name-517/contender-0
e03-02-name-518,https://made.example.invalid/names/e03-02-name-518/contender-0
FXzi,https://made.example.invalid/e03-02/5-431?utm_source=share&ref=liohvzcf
e03-02-name-519,https://made.example.invalid/names/e03-02-name-519/contender-4
FXzj,https://made.example.invalid/e03-02/7-432?utm_source=share&ref=jg84atm1
e03-02-name-520,https://made.example.invalid/names/e03-02-name-520/contender-0
e03-02-name-521,https://made.example.invalid/names/e03-02-name-521/contender-1
FXzk,https://made.example.invalid/e03-02/9-433?utm_source=share&ref=wu3w27gt
e03-02-name-522,https://made.example.invalid/names/e03-02-name-522/contender-1
e03-02-name-523,https://made.example.invalid/names/e03-02-name-523/contender-8
FXzl,https://made.example.invalid/e03-02/11-434?utm_source=share&ref=6wjv482v
e03-02-name-524,https://made.example.invalid/names/e03-02-name-524/contender-0
FXzm,https://made.example.invalid/e03-02/2-435?utm_source=share&ref=u2t9do4m
e03-02-name-525,https://made.example.invalid/names/e03-02-name-525/contender-3
e03-02-name-526,https://made.example.invalid/names/e03-02-name-526/contender-4
FXzn,https://made.example.invalid/e03-02/5-436?utm_source=share&ref=oedlr4p1
e03-02-name-527,https://made.example.invalid/names/e03-02-name-527/contender-2
e03-02-name-528,https://made.example.invalid/names/e03-02-name-528/contender-0
FXzo,https://made.example.invalid/e03-02/7-437?utm_source=share&ref=jklzol6z
e03-02-name-529,https://made.example.invalid/names/e03-02-name-529/contender-0
FXzp,https://made.example.invalid/e03-02/9-438?utm_source=share&ref=wcaxdf4l
e03-02-name-530,https://made.example.invalid/names/e03-02-name-530/contender-3
e03-02-name-531,https://made.example.invalid/names/e03-02-name-531/contender-4
FXzq,https://made.example.invalid/e03-02/11-439?utm_source=share&ref=q1r5vzdd
e03-02-name-532,https://made.example.invalid/names/e03-02-name-532/contender-2
e03-02-name-533,https://made.example.invalid/names/e03-02-name-533/contender-1
FXzr,https://made.example.invalid/e03-02/2-440?utm_source=share&ref=q91wt9ai
e03-02-name-534,https://made.example.invalid/names/e03-02-name-534/contender-0
FXzs,https://made.example.invalid/e03-02/5-441?utm_source=share&ref=pfukxawg
e03-02-name-535,https://made.example.invalid/names/e03-02-name-535/contender-6
e03-02-name-536,https://made.example.invalid/names/e03-02-name-536/contender-2
FXzt,https://made.example.invalid/e03-02/7-442?utm_source=share&ref=ybrw8x5m
e03-02-name-537,https://made.example.invalid/names/e03-02-name-537/contender-2
e03-02-name-538,https://made.example.invalid/names/e03-02-name-538/contender-1
FXzu,https://made.example.invalid/e03-02/9-443?utm_source=share&ref=w0orkkcp
e03-02-name-539,https://made.example.invalid/names/e03-02-name-539/contender-0
FXzv,https://made.example.invalid/e03-02/11-444?utm_source=share&ref=5exr6q83
e03-02-name-540,https://made.example.invalid/names/e03-02-name-540/contender-1
e03-02-name-541,https://made.example.invalid/names/e03-02-name-541/contender-13
FXzw,https://made.example.invalid/e03-02/2-445?utm_source=share&ref=3999x0cc
e03-02-name-542,https://made.example.invalid/names/e03-02-name-542/contender-0
e03-02-name-543,https://made.example.invalid/names/e03-02-name-543/contender-3
FXzx,https://made.example.invalid/e03-02/5-446?utm_source=share&ref=uky6smsc
e03-02-name-544,https://made.example.invalid/names/e03-02-name-544/contender-2
FXzy,https://made.example.invalid/e03-02/7-447?utm_source=share&ref=a3ejhnhy
e03-02-name-545,https://made.example.invalid/names/e03-02-name-545/contender-1
e03-02-name-546,https://made.example.invalid/names/e03-02-name-546/contender-0
FXzz,https://made.example.invalid/e03-02/9-448?utm_source=share&ref=36br2r77
e03-02-name-547,https://made.example.invalid/names/e03-02-name-547/contender-0
e03-02-name-548,https://made.example.invalid/names/e03-02-name-548/contender-0
FXzA,https://made.example.invalid/e03-02/11-449?utm_source=share&ref=4jmu70wt
e03-02-name-549,https://made.example.invalid/names/e03-02-name-549/contender-4
FXzB,https://made.example.invalid/e03-02/2-450?utm_source=share&ref=3l3o84s4
e03-02-name-550,https://made.example.invalid/names/e03-02-name-550/contender-0
e03-02-name-551,https://made.example.invalid/names/e03-02-name-551/contender-1
FXzC,https://made.example.invalid/e03-02/5-451?utm_source=share&ref=rewq0q1x
e03-02-name-552,https://made.example.invalid/names/e03-02-name-552/contender-1
e03-02-name-553,https://made.example.invalid/names/e03-02-name-553/contender-0
FXzD,https://made.example.invalid/e03-02/7-452?utm_source=share&ref=wznqxdyx
e03-02-name-554,https://made.example.invalid/names/e03-02-name-554/contender-5
FXzE,https://made.example.invalid/e03-02/9-453?utm_source=share&ref=uu9uk1e9
e03-02-name-555,https://made.example.invalid/names/e03-02-name-555/contender-3
e03-02-name-556,https://made.example.invalid/names/e03-02-name-556/contender-0
FXzF,https://made.example.invalid/e03-02/11-454?utm_source=share&ref=6rauu0kl
e03-02-name-557,https://made.example.invalid/names/e03-02-name-557/contender-0
e03-02-name-558,https://made.example.invalid/names/e03-02-name-558/contender-0
FXzG,https://made.example.invalid/e03-02/2-455?utm_source=share&ref=94fjnocs
e03-02-name-559,https://made.example.invalid/names/e03-02-name-559/contender-1
FXzH,https://made.example.invalid/e03-02/5-456?utm_source=share&ref=lwqhe8fw
e03-02-name-560,https://made.example.invalid/names/e03-02-name-560/contender-0
e03-02-name-561,https://made.example.invalid/names/e03-02-name-561/contender-2
FXzI,https://made.example.invalid/e03-02/7-457?utm_source=share&ref=wp45oh00
e03-02-name-562,https://made.example.invalid/names/e03-02-name-562/contender-2
e03-02-name-563,https://made.example.invalid/names/e03-02-name-563/contender-2
FXzJ,https://made.example.invalid/e03-02/9-458?utm_source=share&ref=jtdv8rds
e03-02-name-564,https://made.example.invalid/names/e03-02-name-564/contender-3
FXzK,https://made.example.invalid/e03-02/11-459?utm_source=share&ref=zqzzm1xy
e03-02-name-565,https://made.example.invalid/names/e03-02-name-565/contender-0
e03-02-name-566,https://made.example.invalid/names/e03-02-name-566/contender-0
FXzL,https://made.example.invalid/e03-02/2-460?utm_source=share&ref=5zlkd63g
e03-02-name-567,https://made.example.invalid/names/e03-02-name-567/contender-0
e03-02-name-568,https://made.example.invalid/names/e03-02-name-568/contender-0
FXzM,https://made.example.invalid/e03-02/5-461?utm_source=share&ref=qwuuh5pd
e03-02-name-569,https://made.example.invalid/names/e03-02-name-569/contender-37
FXzN,https://made.example.invalid/e03-02/7-462?utm_source=share&ref=x747brjh
e03-02-name-570,https://made.example.invalid/names/e03-02-name-570/contender-2
e03-02-name-571,https://made.example.invalid/names/e03-02-name-571/contender-2
FXzO,https://made.example.invalid/e03-02/9-463?utm_source=share&ref=8a0img46
e03-02-name-572,https://made.example.invalid/names/e03-02-name-572/contender-3
e03-02-name-573,https://made.example.invalid/names/e03-02-name-573/contender-2
FXzP,https://made.example.invalid/e03-02/11-464?utm_source=share&ref=v3olmeqb
e03-02-name-574,https://made.example.invalid/names/e03-02-name-574/contender-3
FXzQ,https://made.example.invalid/e03-02/2-465?utm_source=share&ref=6iz2a0tr
e03-02-name-575,https://made.example.invalid/names/e03-02-name-575/contender-1
e03-02-name-576,https://made.example.invalid/names/e03-02-name-576/contender-1
FXzR,https://made.example.invalid/e03-02/5-466?utm_source=share&ref=5uznpmzz
e03-02-name-577,https://made.example.invalid/names/e03-02-name-577/contender-2
e03-02-name-578,https://made.example.invalid/names/e03-02-name-578/contender-2
FXzS,https://made.example.invalid/e03-02/7-467?utm_source=share&ref=9vz248ut
e03-02-name-579,https://made.example.invalid/names/e03-02-name-579/contender-0
FXzT,https://made.example.invalid/e03-02/9-468?utm_source=share&ref=kr533mnj
e03-02-name-580,https://made.example.invalid/names/e03-02-name-580/contender-3
e03-02-name-581,https://made.example.invalid/names/e03-02-name-581/contender-0
FXzU,https://made.example.invalid/e03-02/11-469?utm_source=share&ref=jp8pqqeh
e03-02-name-582,https://made.example.invalid/names/e03-02-name-582/contender-1
e03-02-name-583,https://made.example.invalid/names/e03-02-name-583/contender-0
FXzV,https://made.example.invalid/e03-02/2-470?utm_source=share&ref=s6g9ha4t
e03-02-name-584,https://made.example.invalid/names/e03-02-name-584/contender-1
FXzW,https://made.example.invalid/e03-02/5-471?utm_source=share&ref=zrmg0053
e03-02-name-585,https://made.example.invalid/names/e03-02-name-585/contender-4
e03-02-name-586,https://made.example.invalid/names/e03-02-name-586/contender-0
FXzX,https://made.example.invalid/e03-02/7-472?utm_source=share&ref=y1ocrzkz
e03-02-name-587,https://made.example.invalid/names/e03-02-name-587/contender-0
e03-02-name-588,https://made.example.invalid/names/e03-02-name-588/contender-2
FXzY,https://made.example.invalid/e03-02/9-473?utm_source=share&ref=zhxos7bb
e03-02-name-589,https://made.example.invalid/names/e03-02-name-589/contender-0
FXzZ,https://made.example.invalid/e03-02/11-474?utm_source=share&ref=mgc8mebk
e03-02-name-590,https://made.example.invalid/names/e03-02-name-590/contender-2
e03-02-name-591,https://made.example.invalid/names/e03-02-name-591/contender-1
FXA0,https://made.example.invalid/e03-02/2-475?utm_source=share&ref=nm5zhr3k
e03-02-name-592,https://made.example.invalid/names/e03-02-name-592/contender-3
e03-02-name-593,https://made.example.invalid/names/e03-02-name-593/contender-1
FXA1,https://made.example.invalid/e03-02/5-476?utm_source=share&ref=0b2q1k66
e03-02-name-594,https://made.example.invalid/names/e03-02-name-594/contender-0
FXA2,https://made.example.invalid/e03-02/7-477?utm_source=share&ref=vn5meamo
e03-02-name-595,https://made.example.invalid/names/e03-02-name-595/contender-11
e03-02-name-596,https://made.example.invalid/names/e03-02-name-596/contender-0
FXA3,https://made.example.invalid/e03-02/9-478?utm_source=share&ref=cmyp8kzo
e03-02-name-597,https://made.example.invalid/names/e03-02-name-597/contender-0
e03-02-name-598,https://made.example.invalid/names/e03-02-name-598/contender-4
FXA4,https://made.example.invalid/e03-02/11-479?utm_source=share&ref=njss9397
e03-02-name-599,https://made.example.invalid/names/e03-02-name-599/contender-0
FXA5,https://made.example.invalid/e03-02/2-480?utm_source=share&ref=i6div61s
e03-02-name-600,https://made.example.invalid/names/e03-02-name-600/contender-2
e03-02-name-601,https://made.example.invalid/names/e03-02-name-601/contender-0
FXA6,https://made.example.invalid/e03-02/5-481?utm_source=share&ref=9425g1ys
e03-02-name-602,https://made.example.invalid/names/e03-02-name-602/contender-0
e03-02-name-603,https://made.example.invalid/names/e03-02-name-603/contender-0
FXA7,https://made.example.invalid/e03-02/7-482?utm_source=share&ref=205b25qc
e03-02-name-604,https://made.example.invalid/names/e03-02-name-604/contender-0
FXA8,https://made.example.invalid/e03-02/9-483?utm_source=share&ref=z21f8u27
e03-02-name-605,https://made.example.invalid/names/e03-02-name-605/contender-0
e03-02-name-606,https://made.example.invalid/names/e03-02-name-606/contender-1
FXA9,https://made.example.invalid/e03-02/11-484?utm_source=share&ref=ghypqdzw
e03-02-name-607,https://made.example.invalid/names/e03-02-name-607/contender-3
e03-02-name-608,https://made.example.invalid/names/e03-02-name-608/contender-0
FXAa,https://made.example.invalid/e03-02/2-485?utm_source=share&ref=6vi4f198
e03-02-name-609,https://made.example.invalid/names/e03-02-name-609/contender-0
FXAb,https://made.example.invalid/e03-02/5-486?utm_source=share&ref=rdteigmw
e03-02-name-610,https://made.example.invalid/names/e03-02-name-610/contender-1
e03-02-name-611,https://made.example.invalid/names/e03-02-name-611/contender-0
FXAc,https://made.example.invalid/e03-02/7-487?utm_source=share&ref=5wllrcsn
e03-02-name-612,https://made.example.invalid/names/e03-02-name-612/contender-1
e03-02-name-613,https://made.example.invalid/names/e03-02-name-613/contender-0
FXAd,https://made.example.invalid/e03-02/9-488?utm_source=share&ref=nf41bgv6
e03-02-name-614,https://made.example.invalid/names/e03-02-name-614/contender-1
FXAe,https://made.example.invalid/e03-02/11-489?utm_source=share&ref=gar7j0wy
e03-02-name-615,https://made.example.invalid/names/e03-02-name-615/contender-0
e03-02-name-616,https://made.example.invalid/names/e03-02-name-616/contender-2
FXAf,https://made.example.invalid/e03-02/2-490?utm_source=share&ref=27l87wut
e03-02-name-617,https://made.example.invalid/names/e03-02-name-617/contender-2
e03-02-name-618,https://made.example.invalid/names/e03-02-name-618/contender-0
FXAg,https://made.example.invalid/e03-02/5-491?utm_source=share&ref=urpvdjht
e03-02-name-619,https://made.example.invalid/names/e03-02-name-619/contender-1
FXAh,https://made.example.invalid/e03-02/7-492?utm_source=share&ref=wdcrdffj
e03-02-name-620,https://made.example.invalid/names/e03-02-name-620/contender-0
e03-02-name-621,https://made.example.invalid/names/e03-02-name-621/contender-2
FXAi,https://made.example.invalid/e03-02/9-493?utm_source=share&ref=2tihq7xn
e03-02-name-622,https://made.example.invalid/names/e03-02-name-622/contender-3
e03-02-name-623,https://made.example.invalid/names/e03-02-name-623/contender-2
FXAj,https://made.example.invalid/e03-02/11-494?utm_source=share&ref=azooomkc
e03-02-name-624,https://made.example.invalid/names/e03-02-name-624/contender-0
FXAk,https://made.example.invalid/e03-02/2-495?utm_source=share&ref=rw9a38d0
e03-02-name-625,https://made.example.invalid/names/e03-02-name-625/contender-1
e03-02-name-626,https://made.example.invalid/names/e03-02-name-626/contender-2
FXAl,https://made.example.invalid/e03-02/5-496?utm_source=share&ref=45mf7zp4
e03-02-name-627,https://made.example.invalid/names/e03-02-name-627/contender-0
e03-02-name-628,https://made.example.invalid/names/e03-02-name-628/contender-0
FXAm,https://made.example.invalid/e03-02/7-497?utm_source=share&ref=ncai5hfs
e03-02-name-629,https://made.example.invalid/names/e03-02-name-629/contender-9
FXAn,https://made.example.invalid/e03-02/9-498?utm_source=share&ref=5vk1276b
e03-02-name-630,https://made.example.invalid/names/e03-02-name-630/contender-0
e03-02-name-631,https://made.example.invalid/names/e03-02-name-631/contender-9
FXAo,https://made.example.invalid/e03-02/11-499?utm_source=share&ref=s6ww9aed
e03-02-name-632,https://made.example.invalid/names/e03-02-name-632/contender-1
e03-02-name-633,https://made.example.invalid/names/e03-02-name-633/contender-2
FXAp,https://made.example.invalid/e03-02/2-500?utm_source=share&ref=m65ihoa8
e03-02-name-634,https://made.example.invalid/names/e03-02-name-634/contender-0
FXAq,https://made.example.invalid/e03-02/5-501?utm_source=share&ref=ed5kl0q1
e03-02-name-635,https://made.example.invalid/names/e03-02-name-635/contender-7
e03-02-name-636,https://made.example.invalid/names/e03-02-name-636/contender-2
FXAr,https://made.example.invalid/e03-02/7-502?utm_source=share&ref=kolvmzhe
e03-02-name-637,https://made.example.invalid/names/e03-02-name-637/contender-9
e03-02-name-638,https://made.example.invalid/names/e03-02-name-638/contender-3
FXAs,https://made.example.invalid/e03-02/9-503?utm_source=share&ref=t1o87mth
e03-02-name-639,https://made.example.invalid/names/e03-02-name-639/contender-2
FXAt,https://made.example.invalid/e03-02/11-504?utm_source=share&ref=6haixibc
e03-02-name-640,https://made.example.invalid/names/e03-02-name-640/contender-0
e03-02-name-641,https://made.example.invalid/names/e03-02-name-641/contender-1
FXAu,https://made.example.invalid/e03-02/2-505?utm_source=share&ref=jdx9dweo
e03-02-name-642,https://made.example.invalid/names/e03-02-name-642/contender-0
e03-02-name-643,https://made.example.invalid/names/e03-02-name-643/contender-0
FXAv,https://made.example.invalid/e03-02/5-506?utm_source=share&ref=6v3pw9sm
e03-02-name-644,https://made.example.invalid/names/e03-02-name-644/contender-0
FXAw,https://made.example.invalid/e03-02/7-507?utm_source=share&ref=0eurdfej
e03-02-name-645,https://made.example.invalid/names/e03-02-name-645/contender-0
e03-02-name-646,https://made.example.invalid/names/e03-02-name-646/contender-3
FXAx,https://made.example.invalid/e03-02/9-508?utm_source=share&ref=zjzsa0bs
e03-02-name-647,https://made.example.invalid/names/e03-02-name-647/contender-0
e03-02-name-648,https://made.example.invalid/names/e03-02-name-648/contender-5
FXAy,https://made.example.invalid/e03-02/11-509?utm_source=share&ref=qq8ktmzj
e03-02-name-649,https://made.example.invalid/names/e03-02-name-649/contender-4
FXAz,https://made.example.invalid/e03-02/2-510?utm_source=share&ref=fuwz2ktq
e03-02-name-650,https://made.example.invalid/names/e03-02-name-650/contender-2
e03-02-name-651,https://made.example.invalid/names/e03-02-name-651/contender-2
FXAA,https://made.example.invalid/e03-02/5-511?utm_source=share&ref=rwq6w7gu
e03-02-name-652,https://made.example.invalid/names/e03-02-name-652/contender-0
e03-02-name-653,https://made.example.invalid/names/e03-02-name-653/contender-1
FXAB,https://made.example.invalid/e03-02/7-512?utm_source=share&ref=ltc3uy63
e03-02-name-654,https://made.example.invalid/names/e03-02-name-654/contender-1
FXAC,https://made.example.invalid/e03-02/9-513?utm_source=share&ref=t7s60xt2
e03-02-name-655,https://made.example.invalid/names/e03-02-name-655/contender-1
e03-02-name-656,https://made.example.invalid/names/e03-02-name-656/contender-2
FXAD,https://made.example.invalid/e03-02/11-514?utm_source=share&ref=je9k34j3
e03-02-name-657,https://made.example.invalid/names/e03-02-name-657/contender-1
e03-02-name-658,https://made.example.invalid/names/e03-02-name-658/contender-0
FXAE,https://made.example.invalid/e03-02/2-515?utm_source=share&ref=olxan1r9
e03-02-name-659,https://made.example.invalid/names/e03-02-name-659/contender-2
FXAF,https://made.example.invalid/e03-02/5-516?utm_source=share&ref=5oy26cg3
e03-02-name-660,https://made.example.invalid/names/e03-02-name-660/contender-1
e03-02-name-661,https://made.example.invalid/names/e03-02-name-661/contender-1
FXAG,https://made.example.invalid/e03-02/7-517?utm_source=share&ref=kqukryc7
e03-02-name-662,https://made.example.invalid/names/e03-02-name-662/contender-0
e03-02-name-663,https://made.example.invalid/names/e03-02-name-663/contender-4
FXAH,https://made.example.invalid/e03-02/9-518?utm_source=share&ref=cytingay
e03-02-name-664,https://made.example.invalid/names/e03-02-name-664/contender-0
FXAI,https://made.example.invalid/e03-02/11-519?utm_source=share&ref=ms2ost0y
e03-02-name-665,https://made.example.invalid/names/e03-02-name-665/contender-3
e03-02-name-666,https://made.example.invalid/names/e03-02-name-666/contender-1
FXAJ,https://made.example.invalid/e03-02/2-520?utm_source=share&ref=6rkfjnrh
e03-02-name-667,https://made.example.invalid/names/e03-02-name-667/contender-0
e03-02-name-668,https://made.example.invalid/names/e03-02-name-668/contender-6
FXAK,https://made.example.invalid/e03-02/5-521?utm_source=share&ref=hlna5445
e03-02-name-669,https://made.example.invalid/names/e03-02-name-669/contender-0
FXAL,https://made.example.invalid/e03-02/7-522?utm_source=share&ref=vjd410hw
e03-02-name-670,https://made.example.invalid/names/e03-02-name-670/contender-12
e03-02-name-671,https://made.example.invalid/names/e03-02-name-671/contender-0
FXAM,https://made.example.invalid/e03-02/9-523?utm_source=share&ref=21byab8c
e03-02-name-672,https://made.example.invalid/names/e03-02-name-672/contender-2
e03-02-name-673,https://made.example.invalid/names/e03-02-name-673/contender-1
FXAN,https://made.example.invalid/e03-02/11-524?utm_source=share&ref=f18kbhjw
e03-02-name-674,https://made.example.invalid/names/e03-02-name-674/contender-4
FXAO,https://made.example.invalid/e03-02/2-525?utm_source=share&ref=y6h8tzhn
e03-02-name-675,https://made.example.invalid/names/e03-02-name-675/contender-3
e03-02-name-676,https://made.example.invalid/names/e03-02-name-676/contender-0
FXAP,https://made.example.invalid/e03-02/5-526?utm_source=share&ref=erwqw4yk
e03-02-name-677,https://made.example.invalid/names/e03-02-name-677/contender-0
e03-02-name-678,https://made.example.invalid/names/e03-02-name-678/contender-0
FXAQ,https://made.example.invalid/e03-02/7-527?utm_source=share&ref=0n1id7ai
e03-02-name-679,https://made.example.invalid/names/e03-02-name-679/contender-2
FXAR,https://made.example.invalid/e03-02/9-528?utm_source=share&ref=mjvc7pop
e03-02-name-680,https://made.example.invalid/names/e03-02-name-680/contender-6
e03-02-name-681,https://made.example.invalid/names/e03-02-name-681/contender-8
FXAS,https://made.example.invalid/e03-02/11-529?utm_source=share&ref=dpezzmkf
e03-02-name-682,https://made.example.invalid/names/e03-02-name-682/contender-2
e03-02-name-683,https://made.example.invalid/names/e03-02-name-683/contender-1
FXAT,https://made.example.invalid/e03-02/2-530?utm_source=share&ref=argng9fk
e03-02-name-684,https://made.example.invalid/names/e03-02-name-684/contender-1
FXAU,https://made.example.invalid/e03-02/5-531?utm_source=share&ref=zigm5fa8
e03-02-name-685,https://made.example.invalid/names/e03-02-name-685/contender-0
e03-02-name-686,https://made.example.invalid/names/e03-02-name-686/contender-11
FXAV,https://made.example.invalid/e03-02/7-532?utm_source=share&ref=f5lriqmy
e03-02-name-687,https://made.example.invalid/names/e03-02-name-687/contender-5
e03-02-name-688,https://made.example.invalid/names/e03-02-name-688/contender-0
FXAW,https://made.example.invalid/e03-02/9-533?utm_source=share&ref=lafhxsvv
e03-02-name-689,https://made.example.invalid/names/e03-02-name-689/contender-2
FXAX,https://made.example.invalid/e03-02/11-534?utm_source=share&ref=e4jx39br
e03-02-name-690,https://made.example.invalid/names/e03-02-name-690/contender-0
e03-02-name-691,https://made.example.invalid/names/e03-02-name-691/contender-0
FXAY,https://made.example.invalid/e03-02/2-535?utm_source=share&ref=d5mx8p27
e03-02-name-692,https://made.example.invalid/names/e03-02-name-692/contender-0
e03-02-name-693,https://made.example.invalid/names/e03-02-name-693/contender-3
FXAZ,https://made.example.invalid/e03-02/5-536?utm_source=share&ref=y46a9n9u
e03-02-name-694,https://made.example.invalid/names/e03-02-name-694/contender-0
FXB0,https://made.example.invalid/e03-02/7-537?utm_source=share&ref=zjf41viz
e03-02-name-695,https://made.example.invalid/names/e03-02-name-695/contender-0
e03-02-name-696,https://made.example.invalid/names/e03-02-name-696/contender-1
FXB1,https://made.example.invalid/e03-02/9-538?utm_source=share&ref=tgjp0esn
e03-02-name-697,https://made.example.invalid/names/e03-02-name-697/contender-26
e03-02-name-698,https://made.example.invalid/names/e03-02-name-698/contender-2
FXB2,https://made.example.invalid/e03-02/11-539?utm_source=share&ref=vsfgrw0a
e03-02-name-699,https://made.example.invalid/names/e03-02-name-699/contender-6
FXB3,https://made.example.invalid/e03-02/2-540?utm_source=share&ref=djwxbdjd
e03-02-name-700,https://made.example.invalid/names/e03-02-name-700/contender-0
e03-02-name-701,https://made.example.invalid/names/e03-02-name-701/contender-3
FXB4,https://made.example.invalid/e03-02/5-541?utm_source=share&ref=tmujebbp
e03-02-name-702,https://made.example.invalid/names/e03-02-name-702/contender-1
e03-02-name-703,https://made.example.invalid/names/e03-02-name-703/contender-1
FXB5,https://made.example.invalid/e03-02/7-542?utm_source=share&ref=4yv3pruh
e03-02-name-704,https://made.example.invalid/names/e03-02-name-704/contender-3
FXB6,https://made.example.invalid/e03-02/9-543?utm_source=share&ref=j6vvmbmj
e03-02-name-705,https://made.example.invalid/names/e03-02-name-705/contender-7
e03-02-name-706,https://made.example.invalid/names/e03-02-name-706/contender-0
FXB7,https://made.example.invalid/e03-02/11-544?utm_source=share&ref=n7fk7d17
e03-02-name-707,https://made.example.invalid/names/e03-02-name-707/contender-1
e03-02-name-708,https://made.example.invalid/names/e03-02-name-708/contender-1
FXB8,https://made.example.invalid/e03-02/2-545?utm_source=share&ref=pk3fpyi5
e03-02-name-709,https://made.example.invalid/names/e03-02-name-709/contender-3
FXB9,https://made.example.invalid/e03-02/5-546?utm_source=share&ref=qzqbhog0
e03-02-name-710,https://made.example.invalid/names/e03-02-name-710/contender-1
e03-02-name-711,https://made.example.invalid/names/e03-02-name-711/contender-2
FXBa,https://made.example.invalid/e03-02/7-547?utm_source=share&ref=5phhre4i
e03-02-name-712,https://made.example.invalid/names/e03-02-name-712/contender-9
e03-02-name-713,https://made.example.invalid/names/e03-02-name-713/contender-3
FXBb,https://made.example.invalid/e03-02/9-548?utm_source=share&ref=4pilver5
e03-02-name-714,https://made.example.invalid/names/e03-02-name-714/contender-0
FXBc,https://made.example.invalid/e03-02/11-549?utm_source=share&ref=repfequx
e03-02-name-715,https://made.example.invalid/names/e03-02-name-715/contender-0
e03-02-name-716,https://made.example.invalid/names/e03-02-name-716/contender-0
FXBd,https://made.example.invalid/e03-02/2-550?utm_source=share&ref=8mxfenar
e03-02-name-717,https://made.example.invalid/names/e03-02-name-717/contender-1
e03-02-name-718,https://made.example.invalid/names/e03-02-name-718/contender-2
FXBe,https://made.example.invalid/e03-02/5-551?utm_source=share&ref=2c9j8gx4
e03-02-name-719,https://made.example.invalid/names/e03-02-name-719/contender-2
FXBf,https://made.example.invalid/e03-02/7-552?utm_source=share&ref=i8y9qly3
e03-02-name-720,https://made.example.invalid/names/e03-02-name-720/contender-4
e03-02-name-721,https://made.example.invalid/names/e03-02-name-721/contender-2
FXBg,https://made.example.invalid/e03-02/9-553?utm_source=share&ref=lp0b7wl5
e03-02-name-722,https://made.example.invalid/names/e03-02-name-722/contender-2
e03-02-name-723,https://made.example.invalid/names/e03-02-name-723/contender-0
FXBh,https://made.example.invalid/e03-02/11-554?utm_source=share&ref=qxoobh1x
e03-02-name-724,https://made.example.invalid/names/e03-02-name-724/contender-1
FXBi,https://made.example.invalid/e03-02/2-555?utm_source=share&ref=f9vko5hs
e03-02-name-725,https://made.example.invalid/names/e03-02-name-725/contender-8
e03-02-name-726,https://made.example.invalid/names/e03-02-name-726/contender-0
FXBj,https://made.example.invalid/e03-02/5-556?utm_source=share&ref=n9gorh5x
e03-02-name-727,https://made.example.invalid/names/e03-02-name-727/contender-0
e03-02-name-728,https://made.example.invalid/names/e03-02-name-728/contender-0
FXBk,https://made.example.invalid/e03-02/7-557?utm_source=share&ref=tm6sf7x2
e03-02-name-729,https://made.example.invalid/names/e03-02-name-729/contender-9
FXBl,https://made.example.invalid/e03-02/9-558?utm_source=share&ref=hkatljyu
e03-02-name-730,https://made.example.invalid/names/e03-02-name-730/contender-4
e03-02-name-731,https://made.example.invalid/names/e03-02-name-731/contender-0
FXBm,https://made.example.invalid/e03-02/11-559?utm_source=share&ref=w5w55jcx
e03-02-name-732,https://made.example.invalid/names/e03-02-name-732/contender-1
e03-02-name-733,https://made.example.invalid/names/e03-02-name-733/contender-0
FXBn,https://made.example.invalid/e03-02/2-560?utm_source=share&ref=e4b4bs1l
e03-02-name-734,https://made.example.invalid/names/e03-02-name-734/contender-8
FXBo,https://made.example.invalid/e03-02/5-561?utm_source=share&ref=4p5f9788
e03-02-name-735,https://made.example.invalid/names/e03-02-name-735/contender-2
e03-02-name-736,https://made.example.invalid/names/e03-02-name-736/contender-0
FXBp,https://made.example.invalid/e03-02/7-562?utm_source=share&ref=ixu29rd2
e03-02-name-737,https://made.example.invalid/names/e03-02-name-737/contender-0
e03-02-name-738,https://made.example.invalid/names/e03-02-name-738/contender-0
FXBq,https://made.example.invalid/e03-02/9-563?utm_source=share&ref=6pib5lfv
e03-02-name-739,https://made.example.invalid/names/e03-02-name-739/contender-3
FXBr,https://made.example.invalid/e03-02/11-564?utm_source=share&ref=rk5rzm9v
e03-02-name-740,https://made.example.invalid/names/e03-02-name-740/contender-0
e03-02-name-741,https://made.example.invalid/names/e03-02-name-741/contender-0
FXBs,https://made.example.invalid/e03-02/2-565?utm_source=share&ref=lx2ldd89
e03-02-name-742,https://made.example.invalid/names/e03-02-name-742/contender-1
e03-02-name-743,https://made.example.invalid/names/e03-02-name-743/contender-5
FXBt,https://made.example.invalid/e03-02/5-566?utm_source=share&ref=tg64kgmm
e03-02-name-744,https://made.example.invalid/names/e03-02-name-744/contender-10
FXBu,https://made.example.invalid/e03-02/7-567?utm_source=share&ref=0my3xrhl
e03-02-name-745,https://made.example.invalid/names/e03-02-name-745/contender-0
e03-02-name-746,https://made.example.invalid/names/e03-02-name-746/contender-8
FXBv,https://made.example.invalid/e03-02/9-568?utm_source=share&ref=yhbk0w9a
e03-02-name-747,https://made.example.invalid/names/e03-02-name-747/contender-0
e03-02-name-748,https://made.example.invalid/names/e03-02-name-748/contender-3
FXBw,https://made.example.invalid/e03-02/11-569?utm_source=share&ref=32iaxrrw
e03-02-name-749,https://made.example.invalid/names/e03-02-name-749/contender-2
FXBx,https://made.example.invalid/e03-02/2-570?utm_source=share&ref=usi0stu9
e03-02-name-750,https://made.example.invalid/names/e03-02-name-750/contender-1
e03-02-name-751,https://made.example.invalid/names/e03-02-name-751/contender-6
FXBy,https://made.example.invalid/e03-02/5-571?utm_source=share&ref=7y8krs9s
e03-02-name-752,https://made.example.invalid/names/e03-02-name-752/contender-0
e03-02-name-753,https://made.example.invalid/names/e03-02-name-753/contender-1
FXBz,https://made.example.invalid/e03-02/7-572?utm_source=share&ref=6yjhxmy3
e03-02-name-754,https://made.example.invalid/names/e03-02-name-754/contender-0
FXBA,https://made.example.invalid/e03-02/9-573?utm_source=share&ref=3nomwltt
e03-02-name-755,https://made.example.invalid/names/e03-02-name-755/contender-1
e03-02-name-756,https://made.example.invalid/names/e03-02-name-756/contender-0
FXBB,https://made.example.invalid/e03-02/11-574?utm_source=share&ref=gijn32zp
e03-02-name-757,https://made.example.invalid/names/e03-02-name-757/contender-1
e03-02-name-758,https://made.example.invalid/names/e03-02-name-758/contender-3
FXBC,https://made.example.invalid/e03-02/2-575?utm_source=share&ref=shrwn5af
e03-02-name-759,https://made.example.invalid/names/e03-02-name-759/contender-4
FXBD,https://made.example.invalid/e03-02/5-576?utm_source=share&ref=hqtc944t
e03-02-name-760,https://made.example.invalid/names/e03-02-name-760/contender-0
e03-02-name-761,https://made.example.invalid/names/e03-02-name-761/contender-0
FXBE,https://made.example.invalid/e03-02/7-577?utm_source=share&ref=ft3map6u
e03-02-name-762,https://made.example.invalid/names/e03-02-name-762/contender-3
e03-02-name-763,https://made.example.invalid/names/e03-02-name-763/contender-3
FXBF,https://made.example.invalid/e03-02/9-578?utm_source=share&ref=2agtacoq
e03-02-name-764,https://made.example.invalid/names/e03-02-name-764/contender-0
FXBG,https://made.example.invalid/e03-02/11-579?utm_source=share&ref=vbxvwecl
e03-02-name-765,https://made.example.invalid/names/e03-02-name-765/contender-1
e03-02-name-766,https://made.example.invalid/names/e03-02-name-766/contender-0
FXBH,https://made.example.invalid/e03-02/2-580?utm_source=share&ref=jva8y7zs
e03-02-name-767,https://made.example.invalid/names/e03-02-name-767/contender-0
e03-02-name-768,https://made.example.invalid/names/e03-02-name-768/contender-2
FXBI,https://made.example.invalid/e03-02/5-581?utm_source=share&ref=i09v80m3
e03-02-name-769,https://made.example.invalid/names/e03-02-name-769/contender-1
FXBJ,https://made.example.invalid/e03-02/7-582?utm_source=share&ref=r3ouc6hr
e03-02-name-770,https://made.example.invalid/names/e03-02-name-770/contender-0
e03-02-name-771,https://made.example.invalid/names/e03-02-name-771/contender-4
FXBK,https://made.example.invalid/e03-02/9-583?utm_source=share&ref=0o4j0h2x
e03-02-name-772,https://made.example.invalid/names/e03-02-name-772/contender-3
e03-02-name-773,https://made.example.invalid/names/e03-02-name-773/contender-3
FXBL,https://made.example.invalid/e03-02/11-584?utm_source=share&ref=j9lpho4c
e03-02-name-774,https://made.example.invalid/names/e03-02-name-774/contender-3
FXBM,https://made.example.invalid/e03-02/2-585?utm_source=share&ref=cu1q0msn
e03-02-name-775,https://made.example.invalid/names/e03-02-name-775/contender-1
e03-02-name-776,https://made.example.invalid/names/e03-02-name-776/contender-1
FXBN,https://made.example.invalid/e03-02/5-586?utm_source=share&ref=fof4ekcb
e03-02-name-777,https://made.example.invalid/names/e03-02-name-777/contender-3
e03-02-name-778,https://made.example.invalid/names/e03-02-name-778/contender-1
FXBO,https://made.example.invalid/e03-02/7-587?utm_source=share&ref=7dgwd708
e03-02-name-779,https://made.example.invalid/names/e03-02-name-779/contender-1
FXBP,https://made.example.invalid/e03-02/9-588?utm_source=share&ref=fqvj5t9g
e03-02-name-780,https://made.example.invalid/names/e03-02-name-780/contender-0
e03-02-name-781,https://made.example.invalid/names/e03-02-name-781/contender-0
FXBQ,https://made.example.invalid/e03-02/11-589?utm_source=share&ref=ope6xqh1
e03-02-name-782,https://made.example.invalid/names/e03-02-name-782/contender-0
e03-02-name-783,https://made.example.invalid/names/e03-02-name-783/contender-0
FXBR,https://made.example.invalid/e03-02/2-590?utm_source=share&ref=howwzxxq
e03-02-name-784,https://made.example.invalid/names/e03-02-name-784/contender-0
FXBS,https://made.example.invalid/e03-02/5-591?utm_source=share&ref=h05qxmgm
e03-02-name-785,https://made.example.invalid/names/e03-02-name-785/contender-5
e03-02-name-786,https://made.example.invalid/names/e03-02-name-786/contender-0
FXBT,https://made.example.invalid/e03-02/7-592?utm_source=share&ref=wdmfkyyi
e03-02-name-787,https://made.example.invalid/names/e03-02-name-787/contender-0
e03-02-name-788,https://made.example.invalid/names/e03-02-name-788/contender-0
FXBU,https://made.example.invalid/e03-02/9-593?utm_source=share&ref=37z39fqz
e03-02-name-789,https://made.example.invalid/names/e03-02-name-789/contender-0
FXBV,https://made.example.invalid/e03-02/11-594?utm_source=share&ref=sipizr2w
e03-02-name-790,https://made.example.invalid/names/e03-02-name-790/contender-0
e03-02-name-791,https://made.example.invalid/names/e03-02-name-791/contender-0
FXBW,https://made.example.invalid/e03-02/2-595?utm_source=share&ref=0c5q1mbt
e03-02-name-792,https://made.example.invalid/names/e03-02-name-792/contender-0
e03-02-name-793,https://made.example.invalid/names/e03-02-name-793/contender-1
FXBX,https://made.example.invalid/e03-02/5-596?utm_source=share&ref=fk8fmbsh
e03-02-name-794,https://made.example.invalid/names/e03-02-name-794/contender-0
FXBY,https://made.example.invalid/e03-02/7-597?utm_source=share&ref=4g0gru8b
e03-02-name-795,https://made.example.invalid/names/e03-02-name-795/contender-0
e03-02-name-796,https://made.example.invalid/names/e03-02-name-796/contender-0
FXBZ,https://made.example.invalid/e03-02/9-598?utm_source=share&ref=yd7mgetq
e03-02-name-797,https://made.example.invalid/names/e03-02-name-797/contender-0
e03-02-name-798,https://made.example.invalid/names/e03-02-name-798/contender-4
FXC0,https://made.example.invalid/e03-02/11-599?utm_source=share&ref=a88309ak
e03-02-name-799,https://made.example.invalid/names/e03-02-name-799/contender-0
FXC1,https://made.example.invalid/e03-02/2-600?utm_source=share&ref=oijkub7j
e03-02-name-800,https://made.example.invalid/names/e03-02-name-800/contender-0
e03-02-name-801,https://made.example.invalid/names/e03-02-name-801/contender-2
FXC2,https://made.example.invalid/e03-02/5-601?utm_source=share&ref=z1n03c80
e03-02-name-802,https://made.example.invalid/names/e03-02-name-802/contender-3
e03-02-name-803,https://made.example.invalid/names/e03-02-name-803/contender-0
FXC3,https://made.example.invalid/e03-02/7-602?utm_source=share&ref=6murx8rd
e03-02-name-804,https://made.example.invalid/names/e03-02-name-804/contender-4
FXC4,https://made.example.invalid/e03-02/9-603?utm_source=share&ref=4eq2ve3z
e03-02-name-805,https://made.example.invalid/names/e03-02-name-805/contender-0
e03-02-name-806,https://made.example.invalid/names/e03-02-name-806/contender-3
FXC5,https://made.example.invalid/e03-02/11-604?utm_source=share&ref=c8qocnzq
e03-02-name-807,https://made.example.invalid/names/e03-02-name-807/contender-0
e03-02-name-808,https://made.example.invalid/names/e03-02-name-808/contender-0
FXC6,https://made.example.invalid/e03-02/2-605?utm_source=share&ref=5vjs2kje
e03-02-name-809,https://made.example.invalid/names/e03-02-name-809/contender-2
FXC7,https://made.example.invalid/e03-02/5-606?utm_source=share&ref=3o83e3fp
e03-02-name-810,https://made.example.invalid/names/e03-02-name-810/contender-2
e03-02-name-811,https://made.example.invalid/names/e03-02-name-811/contender-1
FXC8,https://made.example.invalid/e03-02/7-607?utm_source=share&ref=bl9be9b4
e03-02-name-812,https://made.example.invalid/names/e03-02-name-812/contender-0
e03-02-name-813,https://made.example.invalid/names/e03-02-name-813/contender-3
FXC9,https://made.example.invalid/e03-02/9-608?utm_source=share&ref=p78vlp84
e03-02-name-814,https://made.example.invalid/names/e03-02-name-814/contender-3
FXCa,https://made.example.invalid/e03-02/11-609?utm_source=share&ref=qo49phy1
e03-02-name-815,https://made.example.invalid/names/e03-02-name-815/contender-4
e03-02-name-816,https://made.example.invalid/names/e03-02-name-816/contender-2
FXCb,https://made.example.invalid/e03-02/2-610?utm_source=share&ref=tmx03fio
e03-02-name-817,https://made.example.invalid/names/e03-02-name-817/contender-4
e03-02-name-818,https://made.example.invalid/names/e03-02-name-818/contender-7
FXCc,https://made.example.invalid/e03-02/5-611?utm_source=share&ref=tpewbwrt
e03-02-name-819,https://made.example.invalid/names/e03-02-name-819/contender-0
FXCd,https://made.example.invalid/e03-02/7-612?utm_source=share&ref=0m6gekkf
e03-02-name-820,https://made.example.invalid/names/e03-02-name-820/contender-2
e03-02-name-821,https://made.example.invalid/names/e03-02-name-821/contender-1
FXCe,https://made.example.invalid/e03-02/9-613?utm_source=share&ref=iz5itmh5
e03-02-name-822,https://made.example.invalid/names/e03-02-name-822/contender-0
e03-02-name-823,https://made.example.invalid/names/e03-02-name-823/contender-1
FXCf,https://made.example.invalid/e03-02/11-614?utm_source=share&ref=s13n10wg
e03-02-name-824,https://made.example.invalid/names/e03-02-name-824/contender-3
FXCg,https://made.example.invalid/e03-02/2-615?utm_source=share&ref=t0jk37p0
e03-02-name-825,https://made.example.invalid/names/e03-02-name-825/contender-0
e03-02-name-826,https://made.example.invalid/names/e03-02-name-826/contender-2
FXCh,https://made.example.invalid/e03-02/5-616?utm_source=share&ref=12y5ssa5
e03-02-name-827,https://made.example.invalid/names/e03-02-name-827/contender-1
e03-02-name-828,https://made.example.invalid/names/e03-02-name-828/contender-0
FXCi,https://made.example.invalid/e03-02/7-617?utm_source=share&ref=ifwxp6t7
e03-02-name-829,https://made.example.invalid/names/e03-02-name-829/contender-1
FXCj,https://made.example.invalid/e03-02/9-618?utm_source=share&ref=lrzuqzcu
e03-02-name-830,https://made.example.invalid/names/e03-02-name-830/contender-0
e03-02-name-831,https://made.example.invalid/names/e03-02-name-831/contender-0
FXCk,https://made.example.invalid/e03-02/11-619?utm_source=share&ref=zplxf1m6
e03-02-name-832,https://made.example.invalid/names/e03-02-name-832/contender-2
e03-02-name-833,https://made.example.invalid/names/e03-02-name-833/contender-0
FXCl,https://made.example.invalid/e03-02/2-620?utm_source=share&ref=sgmwfqyb
e03-02-name-834,https://made.example.invalid/names/e03-02-name-834/contender-1
FXCm,https://made.example.invalid/e03-02/5-621?utm_source=share&ref=3pzfw05d
e03-02-name-835,https://made.example.invalid/names/e03-02-name-835/contender-0
e03-02-name-836,https://made.example.invalid/names/e03-02-name-836/contender-0
FXCn,https://made.example.invalid/e03-02/7-622?utm_source=share&ref=bjljc6oi
e03-02-name-837,https://made.example.invalid/names/e03-02-name-837/contender-1
e03-02-name-838,https://made.example.invalid/names/e03-02-name-838/contender-3
FXCo,https://made.example.invalid/e03-02/9-623?utm_source=share&ref=3un9kq7i
e03-02-name-839,https://made.example.invalid/names/e03-02-name-839/contender-1
FXCp,https://made.example.invalid/e03-02/11-624?utm_source=share&ref=p15v1vut
e03-02-name-840,https://made.example.invalid/names/e03-02-name-840/contender-0
e03-02-name-841,https://made.example.invalid/names/e03-02-name-841/contender-1
FXCq,https://made.example.invalid/e03-02/2-625?utm_source=share&ref=azlbqkzc
e03-02-name-842,https://made.example.invalid/names/e03-02-name-842/contender-0
e03-02-name-843,https://made.example.invalid/names/e03-02-name-843/contender-0
FXCr,https://made.example.invalid/e03-02/5-626?utm_source=share&ref=q54ispt1
e03-02-name-844,https://made.example.invalid/names/e03-02-name-844/contender-5
FXCs,https://made.example.invalid/e03-02/7-627?utm_source=share&ref=4vt2ebq4
e03-02-name-845,https://made.example.invalid/names/e03-02-name-845/contender-2
e03-02-name-846,https://made.example.invalid/names/e03-02-name-846/contender-0
FXCt,https://made.example.invalid/e03-02/9-628?utm_source=share&ref=vjd4t3vf
e03-02-name-847,https://made.example.invalid/names/e03-02-name-847/contender-2
e03-02-name-848,https://made.example.invalid/names/e03-02-name-848/contender-0
FXCu,https://made.example.invalid/e03-02/11-629?utm_source=share&ref=w2qkwa8o
e03-02-name-849,https://made.example.invalid/names/e03-02-name-849/contender-2
FXCv,https://made.example.invalid/e03-02/2-630?utm_source=share&ref=tztf80pr
e03-02-name-850,https://made.example.invalid/names/e03-02-name-850/contender-0
e03-02-name-851,https://made.example.invalid/names/e03-02-name-851/contender-0
FXCw,https://made.example.invalid/e03-02/5-631?utm_source=share&ref=u07vanii
e03-02-name-852,https://made.example.invalid/names/e03-02-name-852/contender-2
e03-02-name-853,https://made.example.invalid/names/e03-02-name-853/contender-0
FXCx,https://made.example.invalid/e03-02/7-632?utm_source=share&ref=gfaixgqo
e03-02-name-854,https://made.example.invalid/names/e03-02-name-854/contender-3
FXCy,https://made.example.invalid/e03-02/9-633?utm_source=share&ref=tys29s9a
e03-02-name-855,https://made.example.invalid/names/e03-02-name-855/contender-4
e03-02-name-856,https://made.example.invalid/names/e03-02-name-856/contender-0
FXCz,https://made.example.invalid/e03-02/11-634?utm_source=share&ref=9gjhhwa8
e03-02-name-857,https://made.example.invalid/names/e03-02-name-857/contender-32
e03-02-name-858,https://made.example.invalid/names/e03-02-name-858/contender-1
FXCA,https://made.example.invalid/e03-02/2-635?utm_source=share&ref=l85fkr5f
e03-02-name-859,https://made.example.invalid/names/e03-02-name-859/contender-0
FXCB,https://made.example.invalid/e03-02/5-636?utm_source=share&ref=bovzkkc3
e03-02-name-860,https://made.example.invalid/names/e03-02-name-860/contender-0
e03-02-name-861,https://made.example.invalid/names/e03-02-name-861/contender-2
FXCC,https://made.example.invalid/e03-02/7-637?utm_source=share&ref=azt6e1zs
e03-02-name-862,https://made.example.invalid/names/e03-02-name-862/contender-0
e03-02-name-863,https://made.example.invalid/names/e03-02-name-863/contender-2
FXCD,https://made.example.invalid/e03-02/9-638?utm_source=share&ref=wi7o25in
e03-02-name-864,https://made.example.invalid/names/e03-02-name-864/contender-0
FXCE,https://made.example.invalid/e03-02/11-639?utm_source=share&ref=pfoaophj
e03-02-name-865,https://made.example.invalid/names/e03-02-name-865/contender-3
e03-02-name-866,https://made.example.invalid/names/e03-02-name-866/contender-0
FXCF,https://made.example.invalid/e03-02/2-640?utm_source=share&ref=rzlnzv8l
e03-02-name-867,https://made.example.invalid/names/e03-02-name-867/contender-1
e03-02-name-868,https://made.example.invalid/names/e03-02-name-868/contender-0
FXCG,https://made.example.invalid/e03-02/5-641?utm_source=share&ref=xvzte07r
e03-02-name-869,https://made.example.invalid/names/e03-02-name-869/contender-1
FXCH,https://made.example.invalid/e03-02/7-642?utm_source=share&ref=ns5yio96
e03-02-name-870,https://made.example.invalid/names/e03-02-name-870/contender-8
e03-02-name-871,https://made.example.invalid/names/e03-02-name-871/contender-1
FXCI,https://made.example.invalid/e03-02/9-643?utm_source=share&ref=rl9wgzim
e03-02-name-872,https://made.example.invalid/names/e03-02-name-872/contender-0
e03-02-name-873,https://made.example.invalid/names/e03-02-name-873/contender-6
FXCJ,https://made.example.invalid/e03-02/11-644?utm_source=share&ref=bn397fbn
e03-02-name-874,https://made.example.invalid/names/e03-02-name-874/contender-3
FXCK,https://made.example.invalid/e03-02/2-645?utm_source=share&ref=hzveo6xh
e03-02-name-875,https://made.example.invalid/names/e03-02-name-875/contender-0
e03-02-name-876,https://made.example.invalid/names/e03-02-name-876/contender-0
FXCL,https://made.example.invalid/e03-02/5-646?utm_source=share&ref=qs7em4bf
e03-02-name-877,https://made.example.invalid/names/e03-02-name-877/contender-7
e03-02-name-878,https://made.example.invalid/names/e03-02-name-878/contender-0
FXCM,https://made.example.invalid/e03-02/7-647?utm_source=share&ref=31dgkitk
e03-02-name-879,https://made.example.invalid/names/e03-02-name-879/contender-0
FXCN,https://made.example.invalid/e03-02/9-648?utm_source=share&ref=52z5k75x
e03-02-name-880,https://made.example.invalid/names/e03-02-name-880/contender-1
e03-02-name-881,https://made.example.invalid/names/e03-02-name-881/contender-3
FXCO,https://made.example.invalid/e03-02/11-649?utm_source=share&ref=w0pca3jl
e03-02-name-882,https://made.example.invalid/names/e03-02-name-882/contender-0
e03-02-name-883,https://made.example.invalid/names/e03-02-name-883/contender-0
FXCP,https://made.example.invalid/e03-02/2-650?utm_source=share&ref=v7xzjn3n
e03-02-name-884,https://made.example.invalid/names/e03-02-name-884/contender-3
FXCQ,https://made.example.invalid/e03-02/5-651?utm_source=share&ref=zsuu19al
e03-02-name-885,https://made.example.invalid/names/e03-02-name-885/contender-0
e03-02-name-886,https://made.example.invalid/names/e03-02-name-886/contender-0
FXCR,https://made.example.invalid/e03-02/7-652?utm_source=share&ref=sql9uy9v
e03-02-name-887,https://made.example.invalid/names/e03-02-name-887/contender-1
e03-02-name-888,https://made.example.invalid/names/e03-02-name-888/contender-2
FXCS,https://made.example.invalid/e03-02/9-653?utm_source=share&ref=4g36bjcj
e03-02-name-889,https://made.example.invalid/names/e03-02-name-889/contender-6
FXCT,https://made.example.invalid/e03-02/11-654?utm_source=share&ref=zo9hass4
e03-02-name-890,https://made.example.invalid/names/e03-02-name-890/contender-1
e03-02-name-891,https://made.example.invalid/names/e03-02-name-891/contender-2
FXCU,https://made.example.invalid/e03-02/2-655?utm_source=share&ref=iw39fuyo
e03-02-name-892,https://made.example.invalid/names/e03-02-name-892/contender-3
e03-02-name-893,https://made.example.invalid/names/e03-02-name-893/contender-2
FXCV,https://made.example.invalid/e03-02/5-656?utm_source=share&ref=et2l70ph
e03-02-name-894,https://made.example.invalid/names/e03-02-name-894/contender-0
FXCW,https://made.example.invalid/e03-02/7-657?utm_source=share&ref=3yswpwjp
e03-02-name-895,https://made.example.invalid/names/e03-02-name-895/contender-2
e03-02-name-896,https://made.example.invalid/names/e03-02-name-896/contender-0
FXCX,https://made.example.invalid/e03-02/9-658?utm_source=share&ref=ym954uk1
e03-02-name-897,https://made.example.invalid/names/e03-02-name-897/contender-2
e03-02-name-898,https://made.example.invalid/names/e03-02-name-898/contender-3
FXCY,https://made.example.invalid/e03-02/11-659?utm_source=share&ref=fxvfazuk
e03-02-name-899,https://made.example.invalid/names/e03-02-name-899/contender-0
FXCZ,https://made.example.invalid/e03-02/2-660?utm_source=share&ref=p3ja9txn
e03-02-name-900,https://made.example.invalid/names/e03-02-name-900/contender-1
e03-02-name-901,https://made.example.invalid/names/e03-02-name-901/contender-0
FXD0,https://made.example.invalid/e03-02/5-661?utm_source=share&ref=g1qiybdb
e03-02-name-902,https://made.example.invalid/names/e03-02-name-902/contender-1
e03-02-name-903,https://made.example.invalid/names/e03-02-name-903/contender-0
FXD1,https://made.example.invalid/e03-02/7-662?utm_source=share&ref=ill12cd4
e03-02-name-904,https://made.example.invalid/names/e03-02-name-904/contender-4
FXD2,https://made.example.invalid/e03-02/9-663?utm_source=share&ref=dlu6rohi
e03-02-name-905,https://made.example.invalid/names/e03-02-name-905/contender-0
e03-02-name-906,https://made.example.invalid/names/e03-02-name-906/contender-1
FXD3,https://made.example.invalid/e03-02/11-664?utm_source=share&ref=55sgxocj
e03-02-name-907,https://made.example.invalid/names/e03-02-name-907/contender-4
e03-02-name-908,https://made.example.invalid/names/e03-02-name-908/contender-0
FXD4,https://made.example.invalid/e03-02/2-665?utm_source=share&ref=1pzwg0r2
e03-02-name-909,https://made.example.invalid/names/e03-02-name-909/contender-3
FXD5,https://made.example.invalid/e03-02/5-666?utm_source=share&ref=04972n2i
e03-02-name-910,https://made.example.invalid/names/e03-02-name-910/contender-0
e03-02-name-911,https://made.example.invalid/names/e03-02-name-911/contender-0
FXD6,https://made.example.invalid/e03-02/7-667?utm_source=share&ref=9r0dc9q4
e03-02-name-912,https://made.example.invalid/names/e03-02-name-912/contender-0
e03-02-name-913,https://made.example.invalid/names/e03-02-name-913/contender-1
FXD7,https://made.example.invalid/e03-02/9-668?utm_source=share&ref=l93mo0hr
e03-02-name-914,https://made.example.invalid/names/e03-02-name-914/contender-0
FXD8,https://made.example.invalid/e03-02/11-669?utm_source=share&ref=h5uin7vf
e03-02-name-915,https://made.example.invalid/names/e03-02-name-915/contender-2
e03-02-name-916,https://made.example.invalid/names/e03-02-name-916/contender-0
FXD9,https://made.example.invalid/e03-02/2-670?utm_source=share&ref=c2bgme6x
e03-02-name-917,https://made.example.invalid/names/e03-02-name-917/contender-0
e03-02-name-918,https://made.example.invalid/names/e03-02-name-918/contender-0
FXDa,https://made.example.invalid/e03-02/5-671?utm_source=share&ref=tb5hiilb
e03-02-name-919,https://made.example.invalid/names/e03-02-name-919/contender-0
FXDb,https://made.example.invalid/e03-02/7-672?utm_source=share&ref=0kla6rkx
e03-02-name-920,https://made.example.invalid/names/e03-02-name-920/contender-0
e03-02-name-921,https://made.example.invalid/names/e03-02-name-921/contender-3
FXDc,https://made.example.invalid/e03-02/9-673?utm_source=share&ref=lve3mo00
e03-02-name-922,https://made.example.invalid/names/e03-02-name-922/contender-2
e03-02-name-923,https://made.example.invalid/names/e03-02-name-923/contender-0
FXDd,https://made.example.invalid/e03-02/11-674?utm_source=share&ref=prqiz7sh
e03-02-name-924,https://made.example.invalid/names/e03-02-name-924/contender-0
FXDe,https://made.example.invalid/e03-02/2-675?utm_source=share&ref=rg0mkm67
e03-02-name-925,https://made.example.invalid/names/e03-02-name-925/contender-6
e03-02-name-926,https://made.example.invalid/names/e03-02-name-926/contender-0
FXDf,https://made.example.invalid/e03-02/5-676?utm_source=share&ref=82a02juh
e03-02-name-927,https://made.example.invalid/names/e03-02-name-927/contender-0
e03-02-name-928,https://made.example.invalid/names/e03-02-name-928/contender-0
FXDg,https://made.example.invalid/e03-02/7-677?utm_source=share&ref=m5zn9fzr
e03-02-name-929,https://made.example.invalid/names/e03-02-name-929/contender-1
FXDh,https://made.example.invalid/e03-02/9-678?utm_source=share&ref=mlgrb92v
e03-02-name-930,https://made.example.invalid/names/e03-02-name-930/contender-0
e03-02-name-931,https://made.example.invalid/names/e03-02-name-931/contender-0
FXDi,https://made.example.invalid/e03-02/11-679?utm_source=share&ref=ot174hq6
e03-02-name-932,https://made.example.invalid/names/e03-02-name-932/contender-1
e03-02-name-933,https://made.example.invalid/names/e03-02-name-933/contender-0
FXDj,https://made.example.invalid/e03-02/2-680?utm_source=share&ref=s4wdxn3p
e03-02-name-934,https://made.example.invalid/names/e03-02-name-934/contender-4
FXDk,https://made.example.invalid/e03-02/5-681?utm_source=share&ref=mt0sv83e
e03-02-name-935,https://made.example.invalid/names/e03-02-name-935/contender-2
e03-02-name-936,https://made.example.invalid/names/e03-02-name-936/contender-2
FXDl,https://made.example.invalid/e03-02/7-682?utm_source=share&ref=0utldnnn
e03-02-name-937,https://made.example.invalid/names/e03-02-name-937/contender-1
e03-02-name-938,https://made.example.invalid/names/e03-02-name-938/contender-0
FXDm,https://made.example.invalid/e03-02/9-683?utm_source=share&ref=26l45no0
e03-02-name-939,https://made.example.invalid/names/e03-02-name-939/contender-2
FXDn,https://made.example.invalid/e03-02/11-684?utm_source=share&ref=701tc8zx
e03-02-name-940,https://made.example.invalid/names/e03-02-name-940/contender-0
e03-02-name-941,https://made.example.invalid/names/e03-02-name-941/contender-2
FXDo,https://made.example.invalid/e03-02/2-685?utm_source=share&ref=30tqe4ku
e03-02-name-942,https://made.example.invalid/names/e03-02-name-942/contender-3
e03-02-name-943,https://made.example.invalid/names/e03-02-name-943/contender-1
FXDp,https://made.example.invalid/e03-02/5-686?utm_source=share&ref=jbhpz9np
e03-02-name-944,https://made.example.invalid/names/e03-02-name-944/contender-1
FXDq,https://made.example.invalid/e03-02/7-687?utm_source=share&ref=se2e4zec
e03-02-name-945,https://made.example.invalid/names/e03-02-name-945/contender-3
e03-02-name-946,https://made.example.invalid/names/e03-02-name-946/contender-0
FXDr,https://made.example.invalid/e03-02/9-688?utm_source=share&ref=q8nwonaz
e03-02-name-947,https://made.example.invalid/names/e03-02-name-947/contender-3
e03-02-name-948,https://made.example.invalid/names/e03-02-name-948/contender-0
FXDs,https://made.example.invalid/e03-02/11-689?utm_source=share&ref=n7x5a0er
e03-02-name-949,https://made.example.invalid/names/e03-02-name-949/contender-1
FXDt,https://made.example.invalid/e03-02/2-690?utm_source=share&ref=fdqtu39k
e03-02-name-950,https://made.example.invalid/names/e03-02-name-950/contender-1
e03-02-name-951,https://made.example.invalid/names/e03-02-name-951/contender-2
FXDu,https://made.example.invalid/e03-02/5-691?utm_source=share&ref=0io5av5e
e03-02-name-952,https://made.example.invalid/names/e03-02-name-952/contender-0
e03-02-name-953,https://made.example.invalid/names/e03-02-name-953/contender-0
FXDv,https://made.example.invalid/e03-02/7-692?utm_source=share&ref=3syokjnq
e03-02-name-954,https://made.example.invalid/names/e03-02-name-954/contender-3
FXDw,https://made.example.invalid/e03-02/9-693?utm_source=share&ref=jdtd8hg1
e03-02-name-955,https://made.example.invalid/names/e03-02-name-955/contender-3
e03-02-name-956,https://made.example.invalid/names/e03-02-name-956/contender-0
FXDx,https://made.example.invalid/e03-02/11-694?utm_source=share&ref=32mnp4vn
e03-02-name-957,https://made.example.invalid/names/e03-02-name-957/contender-2
e03-02-name-958,https://made.example.invalid/names/e03-02-name-958/contender-0
FXDy,https://made.example.invalid/e03-02/2-695?utm_source=share&ref=xd8aqgoq
e03-02-name-959,https://made.example.invalid/names/e03-02-name-959/contender-4
FXDz,https://made.example.invalid/e03-02/5-696?utm_source=share&ref=p9hp9l29
e03-02-name-960,https://made.example.invalid/names/e03-02-name-960/contender-0
e03-02-name-961,https://made.example.invalid/names/e03-02-name-961/contender-1
FXDA,https://made.example.invalid/e03-02/7-697?utm_source=share&ref=2mt0gleb
e03-02-name-962,https://made.example.invalid/names/e03-02-name-962/contender-4
e03-02-name-963,https://made.example.invalid/names/e03-02-name-963/contender-0
FXDB,https://made.example.invalid/e03-02/9-698?utm_source=share&ref=digako8i
e03-02-name-964,https://made.example.invalid/names/e03-02-name-964/contender-1
FXDC,https://made.example.invalid/e03-02/11-699?utm_source=share&ref=z62vko6f
e03-02-name-965,https://made.example.invalid/names/e03-02-name-965/contender-0
e03-02-name-966,https://made.example.invalid/names/e03-02-name-966/contender-2
FXDD,https://made.example.invalid/e03-02/2-700?utm_source=share&ref=rqsrwp67
e03-02-name-967,https://made.example.invalid/names/e03-02-name-967/contender-7
e03-02-name-968,https://made.example.invalid/names/e03-02-name-968/contender-1
FXDE,https://made.example.invalid/e03-02/5-701?utm_source=share&ref=rl0ictba
e03-02-name-969,https://made.example.invalid/names/e03-02-name-969/contender-2
FXDF,https://made.example.invalid/e03-02/7-702?utm_source=share&ref=erkvp868
e03-02-name-970,https://made.example.invalid/names/e03-02-name-970/contender-4
e03-02-name-971,https://made.example.invalid/names/e03-02-name-971/contender-1
FXDG,https://made.example.invalid/e03-02/9-703?utm_source=share&ref=kkuil18z
e03-02-name-972,https://made.example.invalid/names/e03-02-name-972/contender-0
e03-02-name-973,https://made.example.invalid/names/e03-02-name-973/contender-2
FXDH,https://made.example.invalid/e03-02/11-704?utm_source=share&ref=ia4az89e
e03-02-name-974,https://made.example.invalid/names/e03-02-name-974/contender-1
FXDI,https://made.example.invalid/e03-02/2-705?utm_source=share&ref=ki4743kl
e03-02-name-975,https://made.example.invalid/names/e03-02-name-975/contender-6
e03-02-name-976,https://made.example.invalid/names/e03-02-name-976/contender-3
FXDJ,https://made.example.invalid/e03-02/5-706?utm_source=share&ref=nytr0zoo
e03-02-name-977,https://made.example.invalid/names/e03-02-name-977/contender-0
e03-02-name-978,https://made.example.invalid/names/e03-02-name-978/contender-3
FXDK,https://made.example.invalid/e03-02/7-707?utm_source=share&ref=m8mhg1fw
e03-02-name-979,https://made.example.invalid/names/e03-02-name-979/contender-0
FXDL,https://made.example.invalid/e03-02/9-708?utm_source=share&ref=3jx2u70a
e03-02-name-980,https://made.example.invalid/names/e03-02-name-980/contender-0
e03-02-name-981,https://made.example.invalid/names/e03-02-name-981/contender-1
FXDM,https://made.example.invalid/e03-02/11-709?utm_source=share&ref=0dwyoy7x
e03-02-name-982,https://made.example.invalid/names/e03-02-name-982/contender-0
e03-02-name-983,https://made.example.invalid/names/e03-02-name-983/contender-0
FXDN,https://made.example.invalid/e03-02/2-710?utm_source=share&ref=2icutsln
e03-02-name-984,https://made.example.invalid/names/e03-02-name-984/contender-0
FXDO,https://made.example.invalid/e03-02/5-711?utm_source=share&ref=1opaamgm
e03-02-name-985,https://made.example.invalid/names/e03-02-name-985/contender-0
e03-02-name-986,https://made.example.invalid/names/e03-02-name-986/contender-0
FXDP,https://made.example.invalid/e03-02/7-712?utm_source=share&ref=wfvk1whp
e03-02-name-987,https://made.example.invalid/names/e03-02-name-987/contender-1
e03-02-name-988,https://made.example.invalid/names/e03-02-name-988/contender-2
FXDQ,https://made.example.invalid/e03-02/9-713?utm_source=share&ref=h1pizyt6
e03-02-name-989,https://made.example.invalid/names/e03-02-name-989/contender-3
FXDR,https://made.example.invalid/e03-02/11-714?utm_source=share&ref=d7zxwqpv
e03-02-name-990,https://made.example.invalid/names/e03-02-name-990/contender-3
e03-02-name-991,https://made.example.invalid/names/e03-02-name-991/contender-0
FXDS,https://made.example.invalid/e03-02/2-715?utm_source=share&ref=srombm7t
e03-02-name-992,https://made.example.invalid/names/e03-02-name-992/contender-1
e03-02-name-993,https://made.example.invalid/names/e03-02-name-993/contender-0
FXDT,https://made.example.invalid/e03-02/5-716?utm_source=share&ref=ycloelmr
e03-02-name-994,https://made.example.invalid/names/e03-02-name-994/contender-1
FXDU,https://made.example.invalid/e03-02/7-717?utm_source=share&ref=nvdirduy
e03-02-name-995,https://made.example.invalid/names/e03-02-name-995/contender-3
e03-02-name-996,https://made.example.invalid/names/e03-02-name-996/contender-0
FXDV,https://made.example.invalid/e03-02/9-718?utm_source=share&ref=ljsq7wxi
e03-02-name-997,https://made.example.invalid/names/e03-02-name-997/contender-1
e03-02-name-998,https://made.example.invalid/names/e03-02-name-998/contender-4
FXDW,https://made.example.invalid/e03-02/11-719?utm_source=share&ref=hm09fhzj
e03-02-name-999,https://made.example.invalid/names/e03-02-name-999/contender-1
FXDX,https://made.example.invalid/e03-02/2-720?utm_source=share&ref=2ksra1w1
lgb7,https://news.example.invalid/articles/2026/10/story-5067081?utm_source=share&utm_medium=link&ref=sfp-seed
kRW4,https://news.example.invalid/articles/2026/10/story-4973892?utm_source=share&utm_medium=link&ref=sfp-seed
rUBl,https://news.example.invalid/articles/2026/10/story-6652435?utm_source=share&utm_medium=link&ref=sfp-seed
Bb0j,https://news.example.invalid/articles/2026/10/story-8860439?utm_source=share&utm_medium=link&ref=sfp-seed
5Q3X,https://news.example.invalid/articles/2026/10/story-1391773?utm_source=share&utm_medium=link&ref=sfp-seed
nF8x,https://news.example.invalid/articles/2026/10/story-5639677?utm_source=share&utm_medium=link&ref=sfp-seed
EX4R,https://news.example.invalid/articles/2026/10/story-9760217?utm_source=share&utm_medium=link&ref=sfp-seed
C9bV,https://news.example.invalid/articles/2026/10/story-9091799?utm_source=share&utm_medium=link&ref=sfp-seed
pXZx,https://news.example.invalid/articles/2026/10/story-6188811?utm_source=share&utm_medium=link&ref=sfp-seed
jZ5x,https://news.example.invalid/articles/2026/10/story-4763059?utm_source=share&utm_medium=link&ref=sfp-seed
3R3F,https://news.example.invalid/articles/2026/10/story-918943?utm_source=share&utm_medium=link&ref=sfp-seed
xq0G,https://news.example.invalid/articles/2026/10/story-7964810?utm_source=share&utm_medium=link&ref=sfp-seed
aaUi,https://news.example.invalid/articles/2026/10/story-2425210?utm_source=share&utm_medium=link&ref=sfp-seed
3PXI,https://news.example.invalid/articles/2026/10/story-914730?utm_source=share&utm_medium=link&ref=sfp-seed
80fw,https://news.example.invalid/articles/2026/10/story-1907586?utm_source=share&utm_medium=link&ref=sfp-seed
DUzT,https://news.example.invalid/articles/2026/10/story-9512281?utm_source=share&utm_medium=link&ref=sfp-seed
6Rf,https://news.example.invalid/articles/2026/10/story-26365?utm_source=share&utm_medium=link&ref=sfp-seed
dp6M,https://news.example.invalid/articles/2026/10/story-3194784?utm_source=share&utm_medium=link&ref=sfp-seed
53fe,https://news.example.invalid/articles/2026/10/story-1204116?utm_source=share&utm_medium=link&ref=sfp-seed
xzxp,https://news.example.invalid/articles/2026/10/story-8001435?utm_source=share&utm_medium=link&ref=sfp-seed
c720,https://news.example.invalid/articles/2026/10/story-2886968?utm_source=share&utm_medium=link&ref=sfp-seed
hJmI,https://news.example.invalid/articles/2026/10/story-4225964?utm_source=share&utm_medium=link&ref=sfp-seed
rbLr,https://news.example.invalid/articles/2026/10/story-6480081?utm_source=share&utm_medium=link&ref=sfp-seed
Bk3Z,https://news.example.invalid/articles/2026/10/story-8895263?utm_source=share&utm_medium=link&ref=sfp-seed
ALpe,https://news.example.invalid/articles/2026/10/story-8762040?utm_source=share&utm_medium=link&ref=sfp-seed
8qrV,https://news.example.invalid/articles/2026/10/story-2008299?utm_source=share&utm_medium=link&ref=sfp-seed
kWn8,https://news.example.invalid/articles/2026/10/story-4990946?utm_source=share&utm_medium=link&ref=sfp-seed
EYnM,https://news.example.invalid/articles/2026/10/story-9765234?utm_source=share&utm_medium=link&ref=sfp-seed
9JMi,https://news.example.invalid/articles/2026/10/story-2320926?utm_source=share&utm_medium=link&ref=sfp-seed
caUR,https://news.example.invalid/articles/2026/10/story-2901901?utm_source=share&utm_medium=link&ref=sfp-seed
c5iy,https://news.example.invalid/articles/2026/10/story-2880306?utm_source=share&utm_medium=link&ref=sfp-seed
wOlR,https://news.example.invalid/articles/2026/10/story-7820051?utm_source=share&utm_medium=link&ref=sfp-seed
8rNL,https://news.example.invalid/articles/2026/10/story-2013497?utm_source=share&utm_medium=link&ref=sfp-seed
Da5N,https://news.example.invalid/articles/2026/10/story-9333591?utm_source=share&utm_medium=link&ref=sfp-seed
jb0x,https://news.example.invalid/articles/2026/10/story-4570549?utm_source=share&utm_medium=link&ref=sfp-seed
ezw3,https://news.example.invalid/articles/2026/10/story-3473119?utm_source=share&utm_medium=link&ref=sfp-seed
vryW,https://news.example.invalid/articles/2026/10/story-7494122?utm_source=share&utm_medium=link&ref=sfp-seed
c5BO,https://news.example.invalid/articles/2026/10/story-2881500?utm_source=share&utm_medium=link&ref=sfp-seed
dkUc,https://news.example.invalid/articles/2026/10/story-3178628?utm_source=share&utm_medium=link&ref=sfp-seed
hBA1,https://news.example.invalid/articles/2026/10/story-4196037?utm_source=share&utm_medium=link&ref=sfp-seed
de4Q,https://news.example.invalid/articles/2026/10/story-3152380?utm_source=share&utm_medium=link&ref=sfp-seed
11nP,https://news.example.invalid/articles/2026/10/story-243649?utm_source=share&utm_medium=link&ref=sfp-seed
8i9y,https://news.example.invalid/articles/2026/10/story-1976408?utm_source=share&utm_medium=link&ref=sfp-seed
CvUD,https://news.example.invalid/articles/2026/10/story-9179139?utm_source=share&utm_medium=link&ref=sfp-seed
rHbE,https://news.example.invalid/articles/2026/10/story-6600870?utm_source=share&utm_medium=link&ref=sfp-seed
yXD5,https://news.example.invalid/articles/2026/10/story-8332371?utm_source=share&utm_medium=link&ref=sfp-seed
wJzU,https://news.example.invalid/articles/2026/10/story-7801702?utm_source=share&utm_medium=link&ref=sfp-seed
r6ox,https://news.example.invalid/articles/2026/10/story-6459441?utm_source=share&utm_medium=link&ref=sfp-seed
uHi6,https://news.example.invalid/articles/2026/10/story-7316254?utm_source=share&utm_medium=link&ref=sfp-seed
87XN,https://news.example.invalid/articles/2026/10/story-1937239?utm_source=share&utm_medium=link&ref=sfp-seed
lueR,https://news.example.invalid/articles/2026/10/story-5121129?utm_source=share&utm_medium=link&ref=sfp-seed
olBF,https://news.example.invalid/articles/2026/10/story-5802931?utm_source=share&utm_medium=link&ref=sfp-seed
kPpO,https://news.example.invalid/articles/2026/10/story-4964204?utm_source=share&utm_medium=link&ref=sfp-seed
xgC0,https://news.example.invalid/articles/2026/10/story-7928684?utm_source=share&utm_medium=link&ref=sfp-seed
m2iJ,https://news.example.invalid/articles/2026/10/story-5252065?utm_source=share&utm_medium=link&ref=sfp-seed
8epG,https://news.example.invalid/articles/2026/10/story-1962032?utm_source=share&utm_medium=link&ref=sfp-seed
2mx,https://news.example.invalid/articles/2026/10/story-9085?utm_source=share&utm_medium=link&ref=sfp-seed
DtL0,https://news.example.invalid/articles/2026/10/story-9409182?utm_source=share&utm_medium=link&ref=sfp-seed
ic8d,https://news.example.invalid/articles/2026/10/story-4336541?utm_source=share&utm_medium=link&ref=sfp-seed
axng,https://news.example.invalid/articles/2026/10/story-2511574?utm_source=share&utm_medium=link&ref=sfp-seed
T1w,https://news.example.invalid/articles/2026/10/story-211514?utm_source=share&utm_medium=link&ref=sfp-seed
syXS,https://news.example.invalid/articles/2026/10/story-6807592?utm_source=share&utm_medium=link&ref=sfp-seed
1rBe,https://news.example.invalid/articles/2026/10/story-344424?utm_source=share&utm_medium=link&ref=sfp-seed
vFtQ,https://news.example.invalid/articles/2026/10/story-7547622?utm_source=share&utm_medium=link&ref=sfp-seed
2Y3F,https://news.example.invalid/articles/2026/10/story-707523?utm_source=share&utm_medium=link&ref=sfp-seed
3b0H,https://news.example.invalid/articles/2026/10/story-757311?utm_source=share&utm_medium=link&ref=sfp-seed
o2WS,https://news.example.invalid/articles/2026/10/story-5731210?utm_source=share&utm_medium=link&ref=sfp-seed
4P2B,https://news.example.invalid/articles/2026/10/story-1149517?utm_source=share&utm_medium=link&ref=sfp-seed
s02R,https://news.example.invalid/articles/2026/10/story-6673361?utm_source=share&utm_medium=link&ref=sfp-seed
wBJm,https://news.example.invalid/articles/2026/10/story-7771536?utm_source=share&utm_medium=link&ref=sfp-seed
ab0a,https://news.example.invalid/articles/2026/10/story-2425574?utm_source=share&utm_medium=link&ref=sfp-seed
p7FC,https://news.example.invalid/articles/2026/10/story-5987688?utm_source=share&utm_medium=link&ref=sfp-seed
nYiT,https://news.example.invalid/articles/2026/10/story-5713355?utm_source=share&utm_medium=link&ref=sfp-seed
oPUh,https://news.example.invalid/articles/2026/10/story-5919405?utm_source=share&utm_medium=link&ref=sfp-seed
ELom,https://news.example.invalid/articles/2026/10/story-9715298?utm_source=share&utm_medium=link&ref=sfp-seed
9Hz,https://news.example.invalid/articles/2026/10/story-37297?utm_source=share&utm_medium=link&ref=sfp-seed
yLFY,https://news.example.invalid/articles/2026/10/story-8286422?utm_source=share&utm_medium=link&ref=sfp-seed
p18P,https://news.example.invalid/articles/2026/10/story-5962591?utm_source=share&utm_medium=link&ref=sfp-seed
B7sS,https://news.example.invalid/articles/2026/10/story-8846834?utm_source=share&utm_medium=link&ref=sfp-seed
1193,https://news.example.invalid/articles/2026/10/story-242733?utm_source=share&utm_medium=link&ref=sfp-seed
z0Wm,https://news.example.invalid/articles/2026/10/story-8345098?utm_source=share&utm_medium=link&ref=sfp-seed
B4Ap,https://news.example.invalid/articles/2026/10/story-8835769?utm_source=share&utm_medium=link&ref=sfp-seed
as8S,https://news.example.invalid/articles/2026/10/story-2491462?utm_source=share&utm_medium=link&ref=sfp-seed
heza,https://news.example.invalid/articles/2026/10/story-4107572?utm_source=share&utm_medium=link&ref=sfp-seed
yucV,https://news.example.invalid/articles/2026/10/story-8219273?utm_source=share&utm_medium=link&ref=sfp-seed
gjU1,https://news.example.invalid/articles/2026/10/story-3889757?utm_source=share&utm_medium=link&ref=sfp-seed
BVya,https://news.example.invalid/articles/2026/10/story-9039362?utm_source=share&utm_medium=link&ref=sfp-seed
seeT,https://news.example.invalid/articles/2026/10/story-6727923?utm_source=share&utm_medium=link&ref=sfp-seed
kOvS,https://news.example.invalid/articles/2026/10/story-4960736?utm_source=share&utm_medium=link&ref=sfp-seed
9hyw,https://news.example.invalid/articles/2026/10/story-2212440?utm_source=share&utm_medium=link&ref=sfp-seed
aqxj,https://news.example.invalid/articles/2026/10/story-2485289?utm_source=share&utm_medium=link&ref=sfp-seed
oMgE,https://news.example.invalid/articles/2026/10/story-5905416?utm_source=share&utm_medium=link&ref=sfp-seed
zLyE,https://news.example.invalid/articles/2026/10/story-8524296?utm_source=share&utm_medium=link&ref=sfp-seed
nZlo,https://news.example.invalid/articles/2026/10/story-5717354?utm_source=share&utm_medium=link&ref=sfp-seed
hVbO,https://news.example.invalid/articles/2026/10/story-4271416?utm_source=share&utm_medium=link&ref=sfp-seed
Fse8,https://news.example.invalid/articles/2026/10/story-9879956?utm_source=share&utm_medium=link&ref=sfp-seed
E30,https://news.example.invalid/articles/2026/10/story-153946?utm_source=share&utm_medium=link&ref=sfp-seed
qxxx,https://news.example.invalid/articles/2026/10/story-6325459?utm_source=share&utm_medium=link&ref=sfp-seed
p6Aq,https://news.example.invalid/articles/2026/10/story-5983522?utm_source=share&utm_medium=link&ref=sfp-seed
9X78,https://news.example.invalid/articles/2026/10/story-2372190?utm_source=share&utm_medium=link&ref=sfp-seed
tqzE,https://news.example.invalid/articles/2026/10/story-7013666?utm_source=share&utm_medium=link&ref=sfp-seed
1gcx,https://news.example.invalid/articles/2026/10/story-300609?utm_source=share&utm_medium=link&ref=sfp-seed
csoU,https://news.example.invalid/articles/2026/10/story-2969112?utm_source=share&utm_medium=link&ref=sfp-seed
g1wf,https://news.example.invalid/articles/2026/10/story-3819091?utm_source=share&utm_medium=link&ref=sfp-seed
XlT,https://news.example.invalid/articles/2026/10/story-228153?utm_source=share&utm_medium=link&ref=sfp-seed
dP1E,https://news.example.invalid/articles/2026/10/story-3294410?utm_source=share&utm_medium=link&ref=sfp-seed
ypLk,https://news.example.invalid/articles/2026/10/story-8202186?utm_source=share&utm_medium=link&ref=sfp-seed
mMei,https://news.example.invalid/articles/2026/10/story-5428614?utm_source=share&utm_medium=link&ref=sfp-seed
yOKB,https://news.example.invalid/articles/2026/10/story-8298241?utm_source=share&utm_medium=link&ref=sfp-seed
9F4P,https://news.example.invalid/articles/2026/10/story-2302855?utm_source=share&utm_medium=link&ref=sfp-seed
9GRV,https://news.example.invalid/articles/2026/10/story-2309743?utm_source=share&utm_medium=link&ref=sfp-seed
pVvY,https://news.example.invalid/articles/2026/10/story-6179290?utm_source=share&utm_medium=link&ref=sfp-seed
imQe,https://news.example.invalid/articles/2026/10/story-4377710?utm_source=share&utm_medium=link&ref=sfp-seed
m9EZ,https://news.example.invalid/articles/2026/10/story-5280353?utm_source=share&utm_medium=link&ref=sfp-seed
3xp,https://news.example.invalid/articles/2026/10/story-13603?utm_source=share&utm_medium=link&ref=sfp-seed
inRI,https://news.example.invalid/articles/2026/10/story-4381646?utm_source=share&utm_medium=link&ref=sfp-seed
9ydY,https://news.example.invalid/articles/2026/10/story-2276514?utm_source=share&utm_medium=link&ref=sfp-seed
1wll,https://news.example.invalid/articles/2026/10/story-362659?utm_source=share&utm_medium=link&ref=sfp-seed
uM6x,https://news.example.invalid/articles/2026/10/story-7334757?utm_source=share&utm_medium=link&ref=sfp-seed
BIPg,https://news.example.invalid/articles/2026/10/story-8990450?utm_source=share&utm_medium=link&ref=sfp-seed
fSoW,https://news.example.invalid/articles/2026/10/story-3784042?utm_source=share&utm_medium=link&ref=sfp-seed
q1qz,https://news.example.invalid/articles/2026/10/story-6202019?utm_source=share&utm_medium=link&ref=sfp-seed
yEjw,https://news.example.invalid/articles/2026/10/story-8258122?utm_source=share&utm_medium=link&ref=sfp-seed
lYGf,https://news.example.invalid/articles/2026/10/story-5238147?utm_source=share&utm_medium=link&ref=sfp-seed
4pkx,https://news.example.invalid/articles/2026/10/story-1050685?utm_source=share&utm_medium=link&ref=sfp-seed
1U7T,https://news.example.invalid/articles/2026/10/story-454081?utm_source=share&utm_medium=link&ref=sfp-seed
cR94,https://news.example.invalid/articles/2026/10/story-3064230?utm_source=share&utm_medium=link&ref=sfp-seed
cSbr,https://news.example.invalid/articles/2026/10/story-3068221?utm_source=share&utm_medium=link&ref=sfp-seed
nmJb,https://news.example.invalid/articles/2026/10/story-5568913?utm_source=share&utm_medium=link&ref=sfp-seed
hGz9,https://news.example.invalid/articles/2026/10/story-4215203?utm_source=share&utm_medium=link&ref=sfp-seed
aZ8v,https://news.example.invalid/articles/2026/10/story-2618291?utm_source=share&utm_medium=link&ref=sfp-seed
9BR8,https://news.example.invalid/articles/2026/10/story-2290474?utm_source=share&utm_medium=link&ref=sfp-seed
71Pz,https://news.example.invalid/articles/2026/10/story-1675337?utm_source=share&utm_medium=link&ref=sfp-seed
sdbZ,https://news.example.invalid/articles/2026/10/story-6723899?utm_source=share&utm_medium=link&ref=sfp-seed
F6J6,https://news.example.invalid/articles/2026/10/story-9797308?utm_source=share&utm_medium=link&ref=sfp-seed
D0ez,https://news.example.invalid/articles/2026/10/story-9295695?utm_source=share&utm_medium=link&ref=sfp-seed
1uFq,https://news.example.invalid/articles/2026/10/story-356216?utm_source=share&utm_medium=link&ref=sfp-seed
7NcK,https://news.example.invalid/articles/2026/10/story-1857442?utm_source=share&utm_medium=link&ref=sfp-seed
yeny,https://news.example.invalid/articles/2026/10/story-8158428?utm_source=share&utm_medium=link&ref=sfp-seed
iEEq,https://news.example.invalid/articles/2026/10/story-4446170?utm_source=share&utm_medium=link&ref=sfp-seed
EcyZ,https://news.example.invalid/articles/2026/10/story-9581417?utm_source=share&utm_medium=link&ref=sfp-seed
lXFA,https://news.example.invalid/articles/2026/10/story-5234262?utm_source=share&utm_medium=link&ref=sfp-seed
rjvr,https://news.example.invalid/articles/2026/10/story-6509841?utm_source=share&utm_medium=link&ref=sfp-seed
5EUh,https://news.example.invalid/articles/2026/10/story-1348889?utm_source=share&utm_medium=link&ref=sfp-seed
uoBK,https://news.example.invalid/articles/2026/10/story-7244436?utm_source=share&utm_medium=link&ref=sfp-seed
rpXH,https://news.example.invalid/articles/2026/10/story-6534657?utm_source=share&utm_medium=link&ref=sfp-seed
gDS9,https://news.example.invalid/articles/2026/10/story-3966521?utm_source=share&utm_medium=link&ref=sfp-seed
5CWs,https://news.example.invalid/articles/2026/10/story-1341336?utm_source=share&utm_medium=link&ref=sfp-seed
EwzQ,https://news.example.invalid/articles/2026/10/story-9658350?utm_source=share&utm_medium=link&ref=sfp-seed
of8F,https://news.example.invalid/articles/2026/10/story-5778069?utm_source=share&utm_medium=link&ref=sfp-seed
D8Hd,https://news.example.invalid/articles/2026/10/story-9328223?utm_source=share&utm_medium=link&ref=sfp-seed
xofP,https://news.example.invalid/articles/2026/10/story-7958061?utm_source=share&utm_medium=link&ref=sfp-seed
1S0N,https://news.example.invalid/articles/2026/10/story-445953?utm_source=share&utm_medium=link&ref=sfp-seed
zXCW,https://news.example.invalid/articles/2026/10/story-8570690?utm_source=share&utm_medium=link&ref=sfp-seed
hZqa,https://news.example.invalid/articles/2026/10/story-4287682?utm_source=share&utm_medium=link&ref=sfp-seed
6fAR,https://news.example.invalid/articles/2026/10/story-1489913?utm_source=share&utm_medium=link&ref=sfp-seed
8wN2,https://news.example.invalid/articles/2026/10/story-2032672?utm_source=share&utm_medium=link&ref=sfp-seed
C6xz,https://news.example.invalid/articles/2026/10/story-9081609?utm_source=share&utm_medium=link&ref=sfp-seed
pS4k,https://news.example.invalid/articles/2026/10/story-6166044?utm_source=share&utm_medium=link&ref=sfp-seed
a00Z,https://news.example.invalid/articles/2026/10/story-2383341?utm_source=share&utm_medium=link&ref=sfp-seed
uehY,https://news.example.invalid/articles/2026/10/story-7204770?utm_source=share&utm_medium=link&ref=sfp-seed
8Oam,https://news.example.invalid/articles/2026/10/story-2099466?utm_source=share&utm_medium=link&ref=sfp-seed
kS9e,https://news.example.invalid/articles/2026/10/story-4974708?utm_source=share&utm_medium=link&ref=sfp-seed
zANg,https://news.example.invalid/articles/2026/10/story-8482918?utm_source=share&utm_medium=link&ref=sfp-seed
EV2W,https://news.example.invalid/articles/2026/10/story-9752410?utm_source=share&utm_medium=link&ref=sfp-seed
lBtr,https://news.example.invalid/articles/2026/10/story-5148941?utm_source=share&utm_medium=link&ref=sfp-seed
Al1K,https://news.example.invalid/articles/2026/10/story-8660640?utm_source=share&utm_medium=link&ref=sfp-seed
6dFV,https://news.example.invalid/articles/2026/10/story-1482539?utm_source=share&utm_medium=link&ref=sfp-seed
33EE,https://news.example.invalid/articles/2026/10/story-729036?utm_source=share&utm_medium=link&ref=sfp-seed
44L0,https://news.example.invalid/articles/2026/10/story-971602?utm_source=share&utm_medium=link&ref=sfp-seed
71RU,https://news.example.invalid/articles/2026/10/story-1675482?utm_source=share&utm_medium=link&ref=sfp-seed
l2tL,https://news.example.invalid/articles/2026/10/story-5014421?utm_source=share&utm_medium=link&ref=sfp-seed
wQe3,https://news.example.invalid/articles/2026/10/story-7827255?utm_source=share&utm_medium=link&ref=sfp-seed
emRr,https://news.example.invalid/articles/2026/10/story-3424473?utm_source=share&utm_medium=link&ref=sfp-seed
wiJr,https://news.example.invalid/articles/2026/10/story-7698505?utm_source=share&utm_medium=link&ref=sfp-seed
enST,https://news.example.invalid/articles/2026/10/story-3428407?utm_source=share&utm_medium=link&ref=sfp-seed
jLPc,https://news.example.invalid/articles/2026/10/story-4712074?utm_source=share&utm_medium=link&ref=sfp-seed
wEus,https://news.example.invalid/articles/2026/10/story-7782144?utm_source=share&utm_medium=link&ref=sfp-seed
iVm8,https://news.example.invalid/articles/2026/10/story-4510384?utm_source=share&utm_medium=link&ref=sfp-seed
HbI,https://news.example.invalid/articles/2026/10/story-166018?utm_source=share&utm_medium=link&ref=sfp-seed
5RYA,https://news.example.invalid/articles/2026/10/story-1399128?utm_source=share&utm_medium=link&ref=sfp-seed
e078,https://news.example.invalid/articles/2026/10/story-3337034?utm_source=share&utm_medium=link&ref=sfp-seed
x71m,https://news.example.invalid/articles/2026/10/story-7891816?utm_source=share&utm_medium=link&ref=sfp-seed
hPVv,https://news.example.invalid/articles/2026/10/story-4251185?utm_source=share&utm_medium=link&ref=sfp-seed
EPAZ,https://news.example.invalid/articles/2026/10/story-9731457?utm_source=share&utm_medium=link&ref=sfp-seed
sZi1,https://news.example.invalid/articles/2026/10/story-6908785?utm_source=share&utm_medium=link&ref=sfp-seed
jWN1,https://news.example.invalid/articles/2026/10/story-4754223?utm_source=share&utm_medium=link&ref=sfp-seed
8ZOi,https://news.example.invalid/articles/2026/10/story-2144226?utm_source=share&utm_medium=link&ref=sfp-seed
wHrw,https://news.example.invalid/articles/2026/10/story-7793494?utm_source=share&utm_medium=link&ref=sfp-seed
fTLE,https://news.example.invalid/articles/2026/10/story-3789294?utm_source=share&utm_medium=link&ref=sfp-seed
4BqG,https://news.example.invalid/articles/2026/10/story-1097194?utm_source=share&utm_medium=link&ref=sfp-seed
l4g7,https://news.example.invalid/articles/2026/10/story-5021263?utm_source=share&utm_medium=link&ref=sfp-seed
D05D,https://news.example.invalid/articles/2026/10/story-9295141?utm_source=share&utm_medium=link&ref=sfp-seed
6B3V,https://news.example.invalid/articles/2026/10/story-1572439?utm_source=share&utm_medium=link&ref=sfp-seed
CAm2,https://news.example.invalid/articles/2026/10/story-9196214?utm_source=share&utm_medium=link&ref=sfp-seed
cq6L,https://news.example.invalid/articles/2026/10/story-2960299?utm_source=share&utm_medium=link&ref=sfp-seed
EXtL,https://news.example.invalid/articles/2026/10/story-9761761?utm_source=share&utm_medium=link&ref=sfp-seed
pWPT,https://news.example.invalid/articles/2026/10/story-6184369?utm_source=share&utm_medium=link&ref=sfp-seed
otSj,https://news.example.invalid/articles/2026/10/story-5834715?utm_source=share&utm_medium=link&ref=sfp-seed
FutZ,https://news.example.invalid/articles/2026/10/story-9888627?utm_source=share&utm_medium=link&ref=sfp-seed
7zhd,https://news.example.invalid/articles/2026/10/story-1803903?utm_source=share&utm_medium=link&ref=sfp-seed
5dHh,https://news.example.invalid/articles/2026/10/story-1244295?utm_source=share&utm_medium=link&ref=sfp-seed
o8DW,https://news.example.invalid/articles/2026/10/story-5753100?utm_source=share&utm_medium=link&ref=sfp-seed
zFwM,https://news.example.invalid/articles/2026/10/story-8501116?utm_source=share&utm_medium=link&ref=sfp-seed
oTBp,https://news.example.invalid/articles/2026/10/story-5933611?utm_source=share&utm_medium=link&ref=sfp-seed
22C0,https://news.example.invalid/articles/2026/10/story-486700?utm_source=share&utm_medium=link&ref=sfp-seed
nPWM,https://news.example.invalid/articles/2026/10/story-5681232?utm_source=share&utm_medium=link&ref=sfp-seed
3MZz,https://news.example.invalid/articles/2026/10/story-903313?utm_source=share&utm_medium=link&ref=sfp-seed
9wII,https://news.example.invalid/articles/2026/10/story-2270732?utm_source=share&utm_medium=link&ref=sfp-seed
v0KN,https://news.example.invalid/articles/2026/10/story-7391069?utm_source=share&utm_medium=link&ref=sfp-seed
1MIR,https://news.example.invalid/articles/2026/10/story-425621?utm_source=share&utm_medium=link&ref=sfp-seed
clXR,https://news.example.invalid/articles/2026/10/story-2944371?utm_source=share&utm_medium=link&ref=sfp-seed
FPlk,https://news.example.invalid/articles/2026/10/story-9968814?utm_source=share&utm_medium=link&ref=sfp-seed
Attg,https://news.example.invalid/articles/2026/10/story-8693098?utm_source=share&utm_medium=link&ref=sfp-seed
7JHo,https://news.example.invalid/articles/2026/10/story-1843966?utm_source=share&utm_medium=link&ref=sfp-seed
5tKD,https://news.example.invalid/articles/2026/10/story-1306007?utm_source=share&utm_medium=link&ref=sfp-seed
scxN,https://news.example.invalid/articles/2026/10/story-6721407?utm_source=share&utm_medium=link&ref=sfp-seed
8Np4,https://news.example.invalid/articles/2026/10/story-2096534?utm_source=share&utm_medium=link&ref=sfp-seed
ehme,https://news.example.invalid/articles/2026/10/story-3403318?utm_source=share&utm_medium=link&ref=sfp-seed
dHv8,https://news.example.invalid/articles/2026/10/story-3265486?utm_source=share&utm_medium=link&ref=sfp-seed
l0UH,https://news.example.invalid/articles/2026/10/story-5008403?utm_source=share&utm_medium=link&ref=sfp-seed
rs2a,https://news.example.invalid/articles/2026/10/story-6542622?utm_source=share&utm_medium=link&ref=sfp-seed
kuT2,https://news.example.invalid/articles/2026/10/story-4885292?utm_source=share&utm_medium=link&ref=sfp-seed
c5os,https://news.example.invalid/articles/2026/10/story-2880672?utm_source=share&utm_medium=link&ref=sfp-seed
1Acw,https://news.example.invalid/articles/2026/10/story-377488?utm_source=share&utm_medium=link&ref=sfp-seed
F2se,https://news.example.invalid/articles/2026/10/story-9780886?utm_source=share&utm_medium=link&ref=sfp-seed
vcHL,https://news.example.invalid/articles/2026/10/story-7437009?utm_source=share&utm_medium=link&ref=sfp-seed
2leW,https://news.example.invalid/articles/2026/10/story-558306?utm_source=share&utm_medium=link&ref=sfp-seed
s2ZF,https://news.example.invalid/articles/2026/10/story-6684695?utm_source=share&utm_medium=link&ref=sfp-seed
s0Dh,https://news.example.invalid/articles/2026/10/story-6675619?utm_source=share&utm_medium=link&ref=sfp-seed
9cC0,https://news.example.invalid/articles/2026/10/story-2193436?utm_source=share&utm_medium=link&ref=sfp-seed
c4Z7,https://news.example.invalid/articles/2026/10/story-2879101?utm_source=share&utm_medium=link&ref=sfp-seed
tBGg,https://news.example.invalid/articles/2026/10/story-7056360?utm_source=share&utm_medium=link&ref=sfp-seed
grMn,https://news.example.invalid/articles/2026/10/story-3920035?utm_source=share&utm_medium=link&ref=sfp-seed
lX0U,https://news.example.invalid/articles/2026/10/story-5231740?utm_source=share&utm_medium=link&ref=sfp-seed
gAv3,https://news.example.invalid/articles/2026/10/story-3953557?utm_source=share&utm_medium=link&ref=sfp-seed
tL0S,https://news.example.invalid/articles/2026/10/story-7092234?utm_source=share&utm_medium=link&ref=sfp-seed
kywN,https://news.example.invalid/articles/2026/10/story-4899289?utm_source=share&utm_medium=link&ref=sfp-seed
APKS,https://news.example.invalid/articles/2026/10/story-8778758?utm_source=share&utm_medium=link&ref=sfp-seed
sqfK,https://news.example.invalid/articles/2026/10/story-6774104?utm_source=share&utm_medium=link&ref=sfp-seed
iOrO,https://news.example.invalid/articles/2026/10/story-4483828?utm_source=share&utm_medium=link&ref=sfp-seed
n9wP,https://news.example.invalid/articles/2026/10/story-5518175?utm_source=share&utm_medium=link&ref=sfp-seed
rG1c,https://news.example.invalid/articles/2026/10/story-6596378?utm_source=share&utm_medium=link&ref=sfp-seed
q2gX,https://news.example.invalid/articles/2026/10/story-6205267?utm_source=share&utm_medium=link&ref=sfp-seed
qUtH,https://news.example.invalid/articles/2026/10/story-6413633?utm_source=share&utm_medium=link&ref=sfp-seed
etNA,https://news.example.invalid/articles/2026/10/story-3451142?utm_source=share&utm_medium=link&ref=sfp-seed
20yk,https://news.example.invalid/articles/2026/10/story-478784?utm_source=share&utm_medium=link&ref=sfp-seed
gUZB,https://news.example.invalid/articles/2026/10/story-4032331?utm_source=share&utm_medium=link&ref=sfp-seed
1SDW,https://news.example.invalid/articles/2026/10/story-448380?utm_source=share&utm_medium=link&ref=sfp-seed
hlU3,https://news.example.invalid/articles/2026/10/story-4135775?utm_source=share&utm_medium=link&ref=sfp-seed
jiQF,https://news.example.invalid/articles/2026/10/story-4600689?utm_source=share&utm_medium=link&ref=sfp-seed
z73Q,https://news.example.invalid/articles/2026/10/story-8368626?utm_source=share&utm_medium=link&ref=sfp-seed
9gP0,https://news.example.invalid/articles/2026/10/story-2209618?utm_source=share&utm_medium=link&ref=sfp-seed
GEM,https://news.example.invalid/articles/2026/10/story-163976?utm_source=share&utm_medium=link&ref=sfp-seed
tNsL,https://news.example.invalid/articles/2026/10/story-7101651?utm_source=share&utm_medium=link&ref=sfp-seed
wxq0,https://news.example.invalid/articles/2026/10/story-7754960?utm_source=share&utm_medium=link&ref=sfp-seed
FjS3,https://news.example.invalid/articles/2026/10/story-9847835?utm_source=share&utm_medium=link&ref=sfp-seed
1Wxx,https://news.example.invalid/articles/2026/10/story-463359?utm_source=share&utm_medium=link&ref=sfp-seed
66VO,https://news.example.invalid/articles/2026/10/story-1456616?utm_source=share&utm_medium=link&ref=sfp-seed
tqED,https://news.example.invalid/articles/2026/10/story-7013975?utm_source=share&utm_medium=link&ref=sfp-seed
bnsS,https://news.example.invalid/articles/2026/10/story-2711810?utm_source=share&utm_medium=link&ref=sfp-seed
rudw,https://news.example.invalid/articles/2026/10/story-6551014?utm_source=share&utm_medium=link&ref=sfp-seed
yAeU,https://news.example.invalid/articles/2026/10/story-8242460?utm_source=share&utm_medium=link&ref=sfp-seed
E2Jn,https://news.example.invalid/articles/2026/10/story-9543621?utm_source=share&utm_medium=link&ref=sfp-seed
cjvv,https://news.example.invalid/articles/2026/10/story-2934925?utm_source=share&utm_medium=link&ref=sfp-seed
6fxN,https://news.example.invalid/articles/2026/10/story-1489723?utm_source=share&utm_medium=link&ref=sfp-seed
u2xi,https://news.example.invalid/articles/2026/10/story-7159592?utm_source=share&utm_medium=link&ref=sfp-seed
3Nch,https://news.example.invalid/articles/2026/10/story-904101?utm_source=share&utm_medium=link&ref=sfp-seed
rSUJ,https://news.example.invalid/articles/2026/10/story-6645949?utm_source=share&utm_medium=link&ref=sfp-seed
x0uH,https://news.example.invalid/articles/2026/10/story-7866727?utm_source=share&utm_medium=link&ref=sfp-seed
Bd2i,https://news.example.invalid/articles/2026/10/story-8868250?utm_source=share&utm_medium=link&ref=sfp-seed
ztxs,https://news.example.invalid/articles/2026/10/story-8455030?utm_source=share&utm_medium=link&ref=sfp-seed
8gZb,https://news.example.invalid/articles/2026/10/story-1971921?utm_source=share&utm_medium=link&ref=sfp-seed
lE5o,https://news.example.invalid/articles/2026/10/story-5158982?utm_source=share&utm_medium=link&ref=sfp-seed
z9ZZ,https://news.example.invalid/articles/2026/10/story-8379919?utm_source=share&utm_medium=link&ref=sfp-seed
7hC1,https://news.example.invalid/articles/2026/10/story-1736001?utm_source=share&utm_medium=link&ref=sfp-seed
cJJY,https://news.example.invalid/articles/2026/10/story-3035766?utm_source=share&utm_medium=link&ref=sfp-seed
knIF,https://news.example.invalid/articles/2026/10/story-4857741?utm_source=share&utm_medium=link&ref=sfp-seed
xBcA,https://news.example.invalid/articles/2026/10/story-8007832?utm_source=share&utm_medium=link&ref=sfp-seed
BzKn,https://news.example.invalid/articles/2026/10/story-8955551?utm_source=share&utm_medium=link&ref=sfp-seed
EM1q,https://news.example.invalid/articles/2026/10/story-9717720?utm_source=share&utm_medium=link&ref=sfp-seed
gnqT,https://news.example.invalid/articles/2026/10/story-3903327?utm_source=share&utm_medium=link&ref=sfp-seed
fW5q,https://news.example.invalid/articles/2026/10/story-3798208?utm_source=share&utm_medium=link&ref=sfp-seed
o4tW,https://news.example.invalid/articles/2026/10/story-5737104?utm_source=share&utm_medium=link&ref=sfp-seed
Fkud,https://news.example.invalid/articles/2026/10/story-9850201?utm_source=share&utm_medium=link&ref=sfp-seed
cu5w,https://news.example.invalid/articles/2026/10/story-2975598?utm_source=share&utm_medium=link&ref=sfp-seed
cldE,https://news.example.invalid/articles/2026/10/story-2941506?utm_source=share&utm_medium=link&ref=sfp-seed
zdjS,https://news.example.invalid/articles/2026/10/story-8392684?utm_source=share&utm_medium=link&ref=sfp-seed
6ExA,https://news.example.invalid/articles/2026/10/story-1585810?utm_source=share&utm_medium=link&ref=sfp-seed
bzXN,https://news.example.invalid/articles/2026/10/story-2759855?utm_source=share&utm_medium=link&ref=sfp-seed
e2O6,https://news.example.invalid/articles/2026/10/story-3347386?utm_source=share&utm_medium=link&ref=sfp-seed
i3rh,https://news.example.invalid/articles/2026/10/story-4303127?utm_source=share&utm_medium=link&ref=sfp-seed
AbJC,https://news.example.invalid/articles/2026/10/story-8624920?utm_source=share&utm_medium=link&ref=sfp-seed
q4g3,https://news.example.invalid/articles/2026/10/story-6212899?utm_source=share&utm_medium=link&ref=sfp-seed
xwOm,https://news.example.invalid/articles/2026/10/story-7990954?utm_source=share&utm_medium=link&ref=sfp-seed
nJfR,https://news.example.invalid/articles/2026/10/story-5655507?utm_source=share&utm_medium=link&ref=sfp-seed
3FYC,https://news.example.invalid/articles/2026/10/story-876346?utm_source=share&utm_medium=link&ref=sfp-seed
yqV8,https://news.example.invalid/articles/2026/10/story-8206638?utm_source=share&utm_medium=link&ref=sfp-seed
dOVL,https://news.example.invalid/articles/2026/10/story-3294045?utm_source=share&utm_medium=link&ref=sfp-seed
k7ye,https://news.example.invalid/articles/2026/10/story-4795590?utm_source=share&utm_medium=link&ref=sfp-seed
uLH9,https://news.example.invalid/articles/2026/10/story-7333183?utm_source=share&utm_medium=link&ref=sfp-seed
uTQH,https://news.example.invalid/articles/2026/10/story-7364527?utm_source=share&utm_medium=link&ref=sfp-seed
cYQH,https://news.example.invalid/articles/2026/10/story-3093843?utm_source=share&utm_medium=link&ref=sfp-seed
dyzw,https://news.example.invalid/articles/2026/10/story-3231162?utm_source=share&utm_medium=link&ref=sfp-seed
yxSh,https://news.example.invalid/articles/2026/10/story-8233369?utm_source=share&utm_medium=link&ref=sfp-seed
EmGG,https://news.example.invalid/articles/2026/10/story-9620334?utm_source=share&utm_medium=link&ref=sfp-seed
2rtM,https://news.example.invalid/articles/2026/10/story-582290?utm_source=share&utm_medium=link&ref=sfp-seed
5OW5,https://news.example.invalid/articles/2026/10/story-1387441?utm_source=share&utm_medium=link&ref=sfp-seed
vkWb,https://news.example.invalid/articles/2026/10/story-7468655?utm_source=share&utm_medium=link&ref=sfp-seed
njCw,https://news.example.invalid/articles/2026/10/story-5556968?utm_source=share&utm_medium=link&ref=sfp-seed
t7pj,https://news.example.invalid/articles/2026/10/story-6939989?utm_source=share&utm_medium=link&ref=sfp-seed
bwF9,https://news.example.invalid/articles/2026/10/story-2747167?utm_source=share&utm_medium=link&ref=sfp-seed
8stN,https://news.example.invalid/articles/2026/10/story-2016103?utm_source=share&utm_medium=link&ref=sfp-seed
zgMa,https://news.example.invalid/articles/2026/10/story-8405970?utm_source=share&utm_medium=link&ref=sfp-seed
8cy,https://news.example.invalid/articles/2026/10/story-31530?utm_source=share&utm_medium=link&ref=sfp-seed
DVKZ,https://news.example.invalid/articles/2026/10/story-9516813?utm_source=share&utm_medium=link&ref=sfp-seed
oz0h,https://news.example.invalid/articles/2026/10/story-5854429?utm_source=share&utm_medium=link&ref=sfp-seed
B7lk,https://news.example.invalid/articles/2026/10/story-8846366?utm_source=share&utm_medium=link&ref=sfp-seed
wdgC,https://news.example.invalid/articles/2026/10/story-7677498?utm_source=share&utm_medium=link&ref=sfp-seed
mngE,https://news.example.invalid/articles/2026/10/story-5332660?utm_source=share&utm_medium=link&ref=sfp-seed
xGF9,https://news.example.invalid/articles/2026/10/story-8028823?utm_source=share&utm_medium=link&ref=sfp-seed
tSoK,https://news.example.invalid/articles/2026/10/story-7120622?utm_source=share&utm_medium=link&ref=sfp-seed
ds8,https://news.example.invalid/articles/2026/10/story-51716?utm_source=share&utm_medium=link&ref=sfp-seed
pDxb,https://news.example.invalid/articles/2026/10/story-6110173?utm_source=share&utm_medium=link&ref=sfp-seed
v27v,https://news.example.invalid/articles/2026/10/story-7396321?utm_source=share&utm_medium=link&ref=sfp-seed
BHle,https://news.example.invalid/articles/2026/10/story-8984744?utm_source=share&utm_medium=link&ref=sfp-seed
4Qzs,https://news.example.invalid/articles/2026/10/story-1155398?utm_source=share&utm_medium=link&ref=sfp-seed
uuix,https://news.example.invalid/articles/2026/10/story-7266309?utm_source=share&utm_medium=link&ref=sfp-seed
tsft,https://news.example.invalid/articles/2026/10/story-7020103?utm_source=share&utm_medium=link&ref=sfp-seed
4k8y,https://news.example.invalid/articles/2026/10/story-1030722?utm_source=share&utm_medium=link&ref=sfp-seed
hURl,https://news.example.invalid/articles/2026/10/story-4270147?utm_source=share&utm_medium=link&ref=sfp-seed
7yvy,https://news.example.invalid/articles/2026/10/story-1800948?utm_source=share&utm_medium=link&ref=sfp-seed
bIrx,https://news.example.invalid/articles/2026/10/story-2792451?utm_source=share&utm_medium=link&ref=sfp-seed
zF7J,https://news.example.invalid/articles/2026/10/story-8499563?utm_source=share&utm_medium=link&ref=sfp-seed
oh6c,https://news.example.invalid/articles/2026/10/story-5785604?utm_source=share&utm_medium=link&ref=sfp-seed
6d97,https://news.example.invalid/articles/2026/10/story-1480505?utm_source=share&utm_medium=link&ref=sfp-seed
3O2S,https://news.example.invalid/articles/2026/10/story-907362?utm_source=share&utm_medium=link&ref=sfp-seed
aqjG,https://news.example.invalid/articles/2026/10/story-2484444?utm_source=share&utm_medium=link&ref=sfp-seed
vdlF,https://news.example.invalid/articles/2026/10/story-7439483?utm_source=share&utm_medium=link&ref=sfp-seed
wqqm,https://news.example.invalid/articles/2026/10/story-7728074?utm_source=share&utm_medium=link&ref=sfp-seed
khSg,https://news.example.invalid/articles/2026/10/story-4835272?utm_source=share&utm_medium=link&ref=sfp-seed
vyzS,https://news.example.invalid/articles/2026/10/story-7521088?utm_source=share&utm_medium=link&ref=sfp-seed
6Bwq,https://news.example.invalid/articles/2026/10/story-1574206?utm_source=share&utm_medium=link&ref=sfp-seed
q4jB,https://news.example.invalid/articles/2026/10/story-6213119?utm_source=share&utm_medium=link&ref=sfp-seed
e7h0,https://news.example.invalid/articles/2026/10/story-3364554?utm_source=share&utm_medium=link&ref=sfp-seed
hWHW,https://news.example.invalid/articles/2026/10/story-4277252?utm_source=share&utm_medium=link&ref=sfp-seed
mU0o,https://news.example.invalid/articles/2026/10/story-5458504?utm_source=share&utm_medium=link&ref=sfp-seed
yNND,https://news.example.invalid/articles/2026/10/story-8294585?utm_source=share&utm_medium=link&ref=sfp-seed
e5xh,https://news.example.invalid/articles/2026/10/story-3357875?utm_source=share&utm_medium=link&ref=sfp-seed
1law,https://news.example.invalid/articles/2026/10/story-319704?utm_source=share&utm_medium=link&ref=sfp-seed
jdTU,https://news.example.invalid/articles/2026/10/story-4581670?utm_source=share&utm_medium=link&ref=sfp-seed
zOiO,https://news.example.invalid/articles/2026/10/story-8534846?utm_source=share&utm_medium=link&ref=sfp-seed
aVmV,https://news.example.invalid/articles/2026/10/story-2603809?utm_source=share&utm_medium=link&ref=sfp-seed
FAr7,https://news.example.invalid/articles/2026/10/story-9911513?utm_source=share&utm_medium=link&ref=sfp-seed
tTvV,https://news.example.invalid/articles/2026/10/story-7124911?utm_source=share&utm_medium=link&ref=sfp-seed
r08v,https://news.example.invalid/articles/2026/10/story-6435383?utm_source=share&utm_medium=link&ref=sfp-seed
vCkH,https://news.example.invalid/articles/2026/10/story-7535523?utm_source=share&utm_medium=link&ref=sfp-seed
bQZY,https://news.example.invalid/articles/2026/10/story-2825338?utm_source=share&utm_medium=link&ref=sfp-seed
Fior,https://news.example.invalid/articles/2026/10/story-9842155?utm_source=share&utm_medium=link&ref=sfp-seed
2GRS,https://news.example.invalid/articles/2026/10/story-641444?utm_source=share&utm_medium=link&ref=sfp-seed
1Hth,https://news.example.invalid/articles/2026/10/story-405435?utm_source=share&utm_medium=link&ref=sfp-seed
s17Q,https://news.example.invalid/articles/2026/10/story-6677514?utm_source=share&utm_medium=link&ref=sfp-seed
hLXC,https://news.example.invalid/articles/2026/10/story-4235940?utm_source=share&utm_medium=link&ref=sfp-seed
wwOI,https://news.example.invalid/articles/2026/10/story-7752648?utm_source=share&utm_medium=link&ref=sfp-seed
wIkJ,https://news.example.invalid/articles/2026/10/story-7796917?utm_source=share&utm_medium=link&ref=sfp-seed
n4NF,https://news.example.invalid/articles/2026/10/story-5499999?utm_source=share&utm_medium=link&ref=sfp-seed
kR7h,https://news.example.invalid/articles/2026/10/story-4970743?utm_source=share&utm_medium=link&ref=sfp-seed
hAqO,https://news.example.invalid/articles/2026/10/story-4191622?utm_source=share&utm_medium=link&ref=sfp-seed
sRSi,https://news.example.invalid/articles/2026/10/story-6880282?utm_source=share&utm_medium=link&ref=sfp-seed
b7Dl,https://news.example.invalid/articles/2026/10/story-2650955?utm_source=share&utm_medium=link&ref=sfp-seed
6wnW,https://news.example.invalid/articles/2026/10/story-1554460?utm_source=share&utm_medium=link&ref=sfp-seed
ETax,https://news.example.invalid/articles/2026/10/story-9745193?utm_source=share&utm_medium=link&ref=sfp-seed
3DZ8,https://news.example.invalid/articles/2026/10/story-868690?utm_source=share&utm_medium=link&ref=sfp-seed
nfHX,https://news.example.invalid/articles/2026/10/story-5541929?utm_source=share&utm_medium=link&ref=sfp-seed
lJCX,https://news.example.invalid/articles/2026/10/story-5180283?utm_source=share&utm_medium=link&ref=sfp-seed
DT12,https://news.example.invalid/articles/2026/10/story-9506276?utm_source=share&utm_medium=link&ref=sfp-seed
IrJ,https://news.example.invalid/articles/2026/10/story-170855?utm_source=share&utm_medium=link&ref=sfp-seed
3mVx,https://news.example.invalid/articles/2026/10/story-803119?utm_source=share&utm_medium=link&ref=sfp-seed
zcb5,https://news.example.invalid/articles/2026/10/story-8388295?utm_source=share&utm_medium=link&ref=sfp-seed
65lJ,https://news.example.invalid/articles/2026/10/story-1450535?utm_source=share&utm_medium=link&ref=sfp-seed
389i,https://news.example.invalid/articles/2026/10/story-746312?utm_source=share&utm_medium=link&ref=sfp-seed
erWU,https://news.example.invalid/articles/2026/10/story-3444032?utm_source=share&utm_medium=link&ref=sfp-seed
duos,https://news.example.invalid/articles/2026/10/story-3215100?utm_source=share&utm_medium=link&ref=sfp-seed
EYSz,https://news.example.invalid/articles/2026/10/story-9767143?utm_source=share&utm_medium=link&ref=sfp-seed
CE8o,https://news.example.invalid/articles/2026/10/story-9210744?utm_source=share&utm_medium=link&ref=sfp-seed
COIG,https://news.example.invalid/articles/2026/10/story-9251434?utm_source=share&utm_medium=link&ref=sfp-seed
u2CV,https://news.example.invalid/articles/2026/10/story-7159941?utm_source=share&utm_medium=link&ref=sfp-seed
jtYT,https://news.example.invalid/articles/2026/10/story-4643483?utm_source=share&utm_medium=link&ref=sfp-seed
nHWw,https://news.example.invalid/articles/2026/10/story-5650464?utm_source=share&utm_medium=link&ref=sfp-seed
4sTP,https://news.example.invalid/articles/2026/10/story-1064405?utm_source=share&utm_medium=link&ref=sfp-seed
BiOx,https://news.example.invalid/articles/2026/10/story-8890461?utm_source=share&utm_medium=link&ref=sfp-seed
bUF,https://news.example.invalid/articles/2026/10/story-45797?utm_source=share&utm_medium=link&ref=sfp-seed
qbhW,https://news.example.invalid/articles/2026/10/story-6239924?utm_source=share&utm_medium=link&ref=sfp-seed
4WnK,https://news.example.invalid/articles/2026/10/story-1177736?utm_source=share&utm_medium=link&ref=sfp-seed
esUA,https://news.example.invalid/articles/2026/10/story-3447732?utm_source=share&utm_medium=link&ref=sfp-seed
heUH,https://news.example.invalid/articles/2026/10/story-4108907?utm_source=share&utm_medium=link&ref=sfp-seed
DfbZ,https://news.example.invalid/articles/2026/10/story-9353195?utm_source=share&utm_medium=link&ref=sfp-seed
68Bq,https://news.example.invalid/articles/2026/10/story-1463040?utm_source=share&utm_medium=link&ref=sfp-seed
iWGf,https://news.example.invalid/articles/2026/10/story-4515475?utm_source=share&utm_medium=link&ref=sfp-seed
d6BK,https://news.example.invalid/articles/2026/10/story-3123668?utm_source=share&utm_medium=link&ref=sfp-seed
oWZB,https://news.example.invalid/articles/2026/10/story-5946643?utm_source=share&utm_medium=link&ref=sfp-seed
vxow,https://news.example.invalid/articles/2026/10/story-7516540?utm_source=share&utm_medium=link&ref=sfp-seed
krLO,https://news.example.invalid/articles/2026/10/story-4873312?utm_source=share&utm_medium=link&ref=sfp-seed
cwGt,https://news.example.invalid/articles/2026/10/story-2985577?utm_source=share&utm_medium=link&ref=sfp-seed
hRVM,https://news.example.invalid/articles/2026/10/story-4258890?utm_source=share&utm_medium=link&ref=sfp-seed
zYUr,https://news.example.invalid/articles/2026/10/story-8575619?utm_source=share&utm_medium=link&ref=sfp-seed
dM6T,https://news.example.invalid/articles/2026/10/story-3283203?utm_source=share&utm_medium=link&ref=sfp-seed
AF5z,https://news.example.invalid/articles/2026/10/story-8737757?utm_source=share&utm_medium=link&ref=sfp-seed
AfCN,https://news.example.invalid/articles/2026/10/story-8639873?utm_source=share&utm_medium=link&ref=sfp-seed
49ab,https://news.example.invalid/articles/2026/10/story-988539?utm_source=share&utm_medium=link&ref=sfp-seed
kVu6,https://news.example.invalid/articles/2026/10/story-4987534?utm_source=share&utm_medium=link&ref=sfp-seed
2G9Y,https://news.example.invalid/articles/2026/10/story-638722?utm_source=share&utm_medium=link&ref=sfp-seed
ukBA,https://news.example.invalid/articles/2026/10/story-7229050?utm_source=share&utm_medium=link&ref=sfp-seed
8s8S,https://news.example.invalid/articles/2026/10/story-2014806?utm_source=share&utm_medium=link&ref=sfp-seed
oX9P,https://news.example.invalid/articles/2026/10/story-5947277?utm_source=share&utm_medium=link&ref=sfp-seed
B6K4,https://news.example.invalid/articles/2026/10/story-8844056?utm_source=share&utm_medium=link&ref=sfp-seed
c6Ee,https://news.example.invalid/articles/2026/10/story-2885494?utm_source=share&utm_medium=link&ref=sfp-seed
sZxY,https://news.example.invalid/articles/2026/10/story-6909774?utm_source=share&utm_medium=link&ref=sfp-seed
w1sI,https://news.example.invalid/articles/2026/10/story-7632120?utm_source=share&utm_medium=link&ref=sfp-seed
zNKv,https://news.example.invalid/articles/2026/10/story-8532719?utm_source=share&utm_medium=link&ref=sfp-seed
pXsa,https://news.example.invalid/articles/2026/10/story-6186742?utm_source=share&utm_medium=link&ref=sfp-seed
ygyO,https://news.example.invalid/articles/2026/10/story-8166814?utm_source=share&utm_medium=link&ref=sfp-seed
7yAb,https://news.example.invalid/articles/2026/10/story-1801235?utm_source=share&utm_medium=link&ref=sfp-seed
kAHt,https://news.example.invalid/articles/2026/10/story-4907639?utm_source=share&utm_medium=link&ref=sfp-seed
oX6P,https://news.example.invalid/articles/2026/10/story-5947091?utm_source=share&utm_medium=link&ref=sfp-seed
iKe0,https://news.example.invalid/articles/2026/10/story-4467596?utm_source=share&utm_medium=link&ref=sfp-seed
oAcM,https://news.example.invalid/articles/2026/10/story-5859048?utm_source=share&utm_medium=link&ref=sfp-seed
xgMm,https://news.example.invalid/articles/2026/10/story-7929326?utm_source=share&utm_medium=link&ref=sfp-seed
uqJm,https://news.example.invalid/articles/2026/10/story-7252596?utm_source=share&utm_medium=link&ref=sfp-seed
yRl1,https://news.example.invalid/articles/2026/10/story-8308187?utm_source=share&utm_medium=link&ref=sfp-seed
o66o,https://news.example.invalid/articles/2026/10/story-5743332?utm_source=share&utm_medium=link&ref=sfp-seed
wRQo,https://news.example.invalid/articles/2026/10/story-7833476?utm_source=share&utm_medium=link&ref=sfp-seed
lP8m,https://news.example.invalid/articles/2026/10/story-5201450?utm_source=share&utm_medium=link&ref=sfp-seed
9yMg,https://news.example.invalid/articles/2026/10/story-2278640?utm_source=share&utm_medium=link&ref=sfp-seed
anBI,https://news.example.invalid/articles/2026/10/story-2474030?utm_source=share&utm_medium=link&ref=sfp-seed
xXxD,https://news.example.invalid/articles/2026/10/story-8093705?utm_source=share&utm_medium=link&ref=sfp-seed
vQlI,https://news.example.invalid/articles/2026/10/story-7589402?utm_source=share&utm_medium=link&ref=sfp-seed
iLHX,https://news.example.invalid/articles/2026/10/story-4473297?utm_source=share&utm_medium=link&ref=sfp-seed
i3OC,https://news.example.invalid/articles/2026/10/story-4304574?utm_source=share&utm_medium=link&ref=sfp-seed
pAkR,https://news.example.invalid/articles/2026/10/story-6097877?utm_source=share&utm_medium=link&ref=sfp-seed
xMTC,https://news.example.invalid/articles/2026/10/story-8052784?utm_source=share&utm_medium=link&ref=sfp-seed
lXgH,https://news.example.invalid/articles/2026/10/story-5232719?utm_source=share&utm_medium=link&ref=sfp-seed
Ft42,https://news.example.invalid/articles/2026/10/story-9883174?utm_source=share&utm_medium=link&ref=sfp-seed
iYwU,https://news.example.invalid/articles/2026/10/story-4522584?utm_source=share&utm_medium=link&ref=sfp-seed
mqpF,https://news.example.invalid/articles/2026/10/story-5344751?utm_source=share&utm_medium=link&ref=sfp-seed
AKgS,https://news.example.invalid/articles/2026/10/story-8757678?utm_source=share&utm_medium=link&ref=sfp-seed
x9aZ,https://news.example.invalid/articles/2026/10/story-7900101?utm_source=share&utm_medium=link&ref=sfp-seed
7zbk,https://news.example.invalid/articles/2026/10/story-1803538?utm_source=share&utm_medium=link&ref=sfp-seed
xtyt,https://news.example.invalid/articles/2026/10/story-7978437?utm_source=share&utm_medium=link&ref=sfp-seed
rcVz,https://news.example.invalid/articles/2026/10/story-6484553?utm_source=share&utm_medium=link&ref=sfp-seed
DjyJ,https://news.example.invalid/articles/2026/10/story-9369981?utm_source=share&utm_medium=link&ref=sfp-seed
BgA5,https://news.example.invalid/articles/2026/10/story-8881877?utm_source=share&utm_medium=link&ref=sfp-seed
2Osn,https://news.example.invalid/articles/2026/10/story-670615?utm_source=share&utm_medium=link&ref=sfp-seed
qWVV,https://news.example.invalid/articles/2026/10/story-6423071?utm_source=share&utm_medium=link&ref=sfp-seed
ma2l,https://news.example.invalid/articles/2026/10/story-5281801?utm_source=share&utm_medium=link&ref=sfp-seed
mkIU,https://news.example.invalid/articles/2026/10/story-5322880?utm_source=share&utm_medium=link&ref=sfp-seed
2nhw,https://news.example.invalid/articles/2026/10/story-566154?utm_source=share&utm_medium=link&ref=sfp-seed
6IPf,https://news.example.invalid/articles/2026/10/story-1602281?utm_source=share&utm_medium=link&ref=sfp-seed
tt57,https://news.example.invalid/articles/2026/10/story-7023305?utm_source=share&utm_medium=link&ref=sfp-seed
8bz6,https://news.example.invalid/articles/2026/10/story-1951084?utm_source=share&utm_medium=link&ref=sfp-seed
Cyez,https://news.example.invalid/articles/2026/10/story-9188063?utm_source=share&utm_medium=link&ref=sfp-seed
BLjR,https://news.example.invalid/articles/2026/10/story-9000035?utm_source=share&utm_medium=link&ref=sfp-seed
wIkq,https://news.example.invalid/articles/2026/10/story-7796898?utm_source=share&utm_medium=link&ref=sfp-seed
piAB,https://news.example.invalid/articles/2026/10/story-6029661?utm_source=share&utm_medium=link&ref=sfp-seed
rW4f,https://news.example.invalid/articles/2026/10/story-6658071?utm_source=share&utm_medium=link&ref=sfp-seed
fGpK,https://news.example.invalid/articles/2026/10/story-3737964?utm_source=share&utm_medium=link&ref=sfp-seed
BKsv,https://news.example.invalid/articles/2026/10/story-8996727?utm_source=share&utm_medium=link&ref=sfp-seed
griI,https://news.example.invalid/articles/2026/10/story-3918196?utm_source=share&utm_medium=link&ref=sfp-seed
7cNj,https://news.example.invalid/articles/2026/10/story-1717481?utm_source=share&utm_medium=link&ref=sfp-seed
FDwt,https://news.example.invalid/articles/2026/10/story-9923377?utm_source=share&utm_medium=link&ref=sfp-seed
53Ju,https://news.example.invalid/articles/2026/10/story-1205992?utm_source=share&utm_medium=link&ref=sfp-seed
eArY,https://news.example.invalid/articles/2026/10/story-3476710?utm_source=share&utm_medium=link&ref=sfp-seed
jPXh,https://news.example.invalid/articles/2026/10/story-4727951?utm_source=share&utm_medium=link&ref=sfp-seed
FVEp,https://news.example.invalid/articles/2026/10/story-9993061?utm_source=share&utm_medium=link&ref=sfp-seed
ioKr,https://news.example.invalid/articles/2026/10/story-4385039?utm_source=share&utm_medium=link&ref=sfp-seed
zVKl,https://news.example.invalid/articles/2026/10/story-8563461?utm_source=share&utm_medium=link&ref=sfp-seed
ySdZ,https://news.example.invalid/articles/2026/10/story-8311595?utm_source=share&utm_medium=link&ref=sfp-seed
44N3,https://news.example.invalid/articles/2026/10/story-971729?utm_source=share&utm_medium=link&ref=sfp-seed
xwYq,https://news.example.invalid/articles/2026/10/story-7991578?utm_source=share&utm_medium=link&ref=sfp-seed
1wNo,https://news.example.invalid/articles/2026/10/story-364398?utm_source=share&utm_medium=link&ref=sfp-seed
7yMi,https://news.example.invalid/articles/2026/10/story-1801986?utm_source=share&utm_medium=link&ref=sfp-seed
1SCd,https://news.example.invalid/articles/2026/10/story-448273?utm_source=share&utm_medium=link&ref=sfp-seed
AHMN,https://news.example.invalid/articles/2026/10/story-8748125?utm_source=share&utm_medium=link&ref=sfp-seed
9GKb,https://news.example.invalid/articles/2026/10/story-2309263?utm_source=share&utm_medium=link&ref=sfp-seed
i7Gt,https://news.example.invalid/articles/2026/10/story-4319445?utm_source=share&utm_medium=link&ref=sfp-seed
l8Y7,https://news.example.invalid/articles/2026/10/story-5039367?utm_source=share&utm_medium=link&ref=sfp-seed
iAgj,https://news.example.invalid/articles/2026/10/story-4429299?utm_source=share&utm_medium=link&ref=sfp-seed
BE7n,https://news.example.invalid/articles/2026/10/story-8972353?utm_source=share&utm_medium=link&ref=sfp-seed
BXbr,https://news.example.invalid/articles/2026/10/story-9045641?utm_source=share&utm_medium=link&ref=sfp-seed
yRfg,https://news.example.invalid/articles/2026/10/story-8307830?utm_source=share&utm_medium=link&ref=sfp-seed
lcgk,https://news.example.invalid/articles/2026/10/story-5052028?utm_source=share&utm_medium=link&ref=sfp-seed
dzlY,https://news.example.invalid/articles/2026/10/story-3234166?utm_source=share&utm_medium=link&ref=sfp-seed
pzaB,https://news.example.invalid/articles/2026/10/story-6093397?utm_source=share&utm_medium=link&ref=sfp-seed
cF03,https://news.example.invalid/articles/2026/10/story-3017543?utm_source=share&utm_medium=link&ref=sfp-seed
65jV,https://news.example.invalid/articles/2026/10/story-1450423?utm_source=share&utm_medium=link&ref=sfp-seed
Cvle,https://news.example.invalid/articles/2026/10/story-9176944?utm_source=share&utm_medium=link&ref=sfp-seed
o440,https://news.example.invalid/articles/2026/10/story-5735496?utm_source=share&utm_medium=link&ref=sfp-seed
1AFa,https://news.example.invalid/articles/2026/10/story-379264?utm_source=share&utm_medium=link&ref=sfp-seed
wt16,https://news.example.invalid/articles/2026/10/story-7738040?utm_source=share&utm_medium=link&ref=sfp-seed
o1oF,https://news.example.invalid/articles/2026/10/story-5725245?utm_source=share&utm_medium=link&ref=sfp-seed
7wdW,https://news.example.invalid/articles/2026/10/story-1792168?utm_source=share&utm_medium=link&ref=sfp-seed
lEK8,https://news.example.invalid/articles/2026/10/story-5161508?utm_source=share&utm_medium=link&ref=sfp-seed
AaGC,https://news.example.invalid/articles/2026/10/story-8620890?utm_source=share&utm_medium=link&ref=sfp-seed
5LPV,https://news.example.invalid/articles/2026/10/story-1375527?utm_source=share&utm_medium=link&ref=sfp-seed
F2KV,https://news.example.invalid/articles/2026/10/story-9782045?utm_source=share&utm_medium=link&ref=sfp-seed
fESK,https://news.example.invalid/articles/2026/10/story-3732074?utm_source=share&utm_medium=link&ref=sfp-seed
kzoa,https://news.example.invalid/articles/2026/10/story-4902598?utm_source=share&utm_medium=link&ref=sfp-seed
6LM,https://news.example.invalid/articles/2026/10/story-26026?utm_source=share&utm_medium=link&ref=sfp-seed
3wT8,https://news.example.invalid/articles/2026/10/story-841410?utm_source=share&utm_medium=link&ref=sfp-seed
7X6h,https://news.example.invalid/articles/2026/10/story-1895481?utm_source=share&utm_medium=link&ref=sfp-seed
ekUG,https://news.example.invalid/articles/2026/10/story-3416986?utm_source=share&utm_medium=link&ref=sfp-seed
w1S1,https://news.example.invalid/articles/2026/10/story-7633689?utm_source=share&utm_medium=link&ref=sfp-seed
pgoW,https://news.example.invalid/articles/2026/10/story-6021250?utm_source=share&utm_medium=link&ref=sfp-seed
sCwW,https://news.example.invalid/articles/2026/10/story-6821298?utm_source=share&utm_medium=link&ref=sfp-seed
6QJB,https://news.example.invalid/articles/2026/10/story-1632683?utm_source=share&utm_medium=link&ref=sfp-seed
B6EB,https://news.example.invalid/articles/2026/10/story-8843717?utm_source=share&utm_medium=link&ref=sfp-seed
ogBw,https://news.example.invalid/articles/2026/10/story-5783702?utm_source=share&utm_medium=link&ref=sfp-seed
ij0t,https://news.example.invalid/articles/2026/10/story-4362969?utm_source=share&utm_medium=link&ref=sfp-seed
sV1z,https://news.example.invalid/articles/2026/10/story-6892389?utm_source=share&utm_medium=link&ref=sfp-seed
hAdq,https://news.example.invalid/articles/2026/10/story-4190792?utm_source=share&utm_medium=link&ref=sfp-seed
aCz5,https://news.example.invalid/articles/2026/10/story-2531527?utm_source=share&utm_medium=link&ref=sfp-seed
5XEo,https://news.example.invalid/articles/2026/10/story-1420940?utm_source=share&utm_medium=link&ref=sfp-seed
9n9A,https://news.example.invalid/articles/2026/10/story-2233958?utm_source=share&utm_medium=link&ref=sfp-seed
22Xz,https://news.example.invalid/articles/2026/10/story-488037?utm_source=share&utm_medium=link&ref=sfp-seed
2H4T,https://news.example.invalid/articles/2026/10/story-642251?utm_source=share&utm_medium=link&ref=sfp-seed
oM87,https://news.example.invalid/articles/2026/10/story-5904887?utm_source=share&utm_medium=link&ref=sfp-seed
z821,https://news.example.invalid/articles/2026/10/story-8372357?utm_source=share&utm_medium=link&ref=sfp-seed
vgGp,https://news.example.invalid/articles/2026/10/story-7452301?utm_source=share&utm_medium=link&ref=sfp-seed
nnCw,https://news.example.invalid/articles/2026/10/story-5572344?utm_source=share&utm_medium=link&ref=sfp-seed
rCVb,https://news.example.invalid/articles/2026/10/story-6584473?utm_source=share&utm_medium=link&ref=sfp-seed
r4NY,https://news.example.invalid/articles/2026/10/story-6453330?utm_source=share&utm_medium=link&ref=sfp-seed
dPBS,https://news.example.invalid/articles/2026/10/story-3296656?utm_source=share&utm_medium=link&ref=sfp-seed
egJ5,https://news.example.invalid/articles/2026/10/story-3400891?utm_source=share&utm_medium=link&ref=sfp-seed
3mlZ,https://news.example.invalid/articles/2026/10/story-800915?utm_source=share&utm_medium=link&ref=sfp-seed
y4LI,https://news.example.invalid/articles/2026/10/story-8121486?utm_source=share&utm_medium=link&ref=sfp-seed
2ffW,https://news.example.invalid/articles/2026/10/story-535304?utm_source=share&utm_medium=link&ref=sfp-seed
xMNk,https://news.example.invalid/articles/2026/10/story-8052394?utm_source=share&utm_medium=link&ref=sfp-seed
z150,https://news.example.invalid/articles/2026/10/story-8345634?utm_source=share&utm_medium=link&ref=sfp-seed
1Xn6,https://news.example.invalid/articles/2026/10/story-466556?utm_source=share&utm_medium=link&ref=sfp-seed
ATpI,https://news.example.invalid/articles/2026/10/story-8792822?utm_source=share&utm_medium=link&ref=sfp-seed
ceGN,https://news.example.invalid/articles/2026/10/story-2916405?utm_source=share&utm_medium=link&ref=sfp-seed
ECrx,https://news.example.invalid/articles/2026/10/story-9680899?utm_source=share&utm_medium=link&ref=sfp-seed
tk2p,https://news.example.invalid/articles/2026/10/story-6988541?utm_source=share&utm_medium=link&ref=sfp-seed
zAjQ,https://news.example.invalid/articles/2026/10/story-8481094?utm_source=share&utm_medium=link&ref=sfp-seed
dXBH,https://news.example.invalid/articles/2026/10/story-3327397?utm_source=share&utm_medium=link&ref=sfp-seed
4GTz,https://news.example.invalid/articles/2026/10/story-1118205?utm_source=share&utm_medium=link&ref=sfp-seed
fjCV,https://news.example.invalid/articles/2026/10/story-3650369?utm_source=share&utm_medium=link&ref=sfp-seed
inZo,https://news.example.invalid/articles/2026/10/story-4382122?utm_source=share&utm_medium=link&ref=sfp-seed
pM7X,https://news.example.invalid/articles/2026/10/story-6143205?utm_source=share&utm_medium=link&ref=sfp-seed
rSOW,https://news.example.invalid/articles/2026/10/story-6645590?utm_source=share&utm_medium=link&ref=sfp-seed
1DQT,https://news.example.invalid/articles/2026/10/story-391523?utm_source=share&utm_medium=link&ref=sfp-seed
E9Zf,https://news.example.invalid/articles/2026/10/story-9571513?utm_source=share&utm_medium=link&ref=sfp-seed
ad74,https://news.example.invalid/articles/2026/10/story-2433690?utm_source=share&utm_medium=link&ref=sfp-seed
buiH,https://news.example.invalid/articles/2026/10/story-2738087?utm_source=share&utm_medium=link&ref=sfp-seed
wdXN,https://news.example.invalid/articles/2026/10/story-7680175?utm_source=share&utm_medium=link&ref=sfp-seed
obF3,https://news.example.invalid/articles/2026/10/story-5764701?utm_source=share&utm_medium=link&ref=sfp-seed
APi2,https://news.example.invalid/articles/2026/10/story-8776970?utm_source=share&utm_medium=link&ref=sfp-seed
9wMQ,https://news.example.invalid/articles/2026/10/story-2270988?utm_source=share&utm_medium=link&ref=sfp-seed
kU7H,https://news.example.invalid/articles/2026/10/story-4982301?utm_source=share&utm_medium=link&ref=sfp-seed
2Tb3,https://news.example.invalid/articles/2026/10/story-688761?utm_source=share&utm_medium=link&ref=sfp-seed
Dc2I,https://news.example.invalid/articles/2026/10/story-9341088?utm_source=share&utm_medium=link&ref=sfp-seed
pGli,https://news.example.invalid/articles/2026/10/story-6120968?utm_source=share&utm_medium=link&ref=sfp-seed
h7Rn,https://news.example.invalid/articles/2026/10/story-4081793?utm_source=share&utm_medium=link&ref=sfp-seed
bcoK,https://news.example.invalid/articles/2026/10/story-2669270?utm_source=share&utm_medium=link&ref=sfp-seed
1b4w,https://news.example.invalid/articles/2026/10/story-280892?utm_source=share&utm_medium=link&ref=sfp-seed
dzeI,https://news.example.invalid/articles/2026/10/story-3233716?utm_source=share&utm_medium=link&ref=sfp-seed
A2US,https://news.example.invalid/articles/2026/10/story-8591022?utm_source=share&utm_medium=link&ref=sfp-seed
jfaS,https://news.example.invalid/articles/2026/10/story-4586566?utm_source=share&utm_medium=link&ref=sfp-seed
xvD8,https://news.example.invalid/articles/2026/10/story-7986414?utm_source=share&utm_medium=link&ref=sfp-seed
m4qp,https://news.example.invalid/articles/2026/10/story-5260229?utm_source=share&utm_medium=link&ref=sfp-seed
A2BQ,https://news.example.invalid/articles/2026/10/story-8589842?utm_source=share&utm_medium=link&ref=sfp-seed
od5B,https://news.example.invalid/articles/2026/10/story-5770191?utm_source=share&utm_medium=link&ref=sfp-seed
jZUX,https://news.example.invalid/articles/2026/10/story-4766247?utm_source=share&utm_medium=link&ref=sfp-seed
zeos,https://news.example.invalid/articles/2026/10/story-8396812?utm_source=share&utm_medium=link&ref=sfp-seed
6RBX,https://news.example.invalid/articles/2026/10/story-1636053?utm_source=share&utm_medium=link&ref=sfp-seed
tnVj,https://news.example.invalid/articles/2026/10/story-7003477?utm_source=share&utm_medium=link&ref=sfp-seed
79kt,https://news.example.invalid/articles/2026/10/story-1704161?utm_source=share&utm_medium=link&ref=sfp-seed
8TsM,https://news.example.invalid/articles/2026/10/story-2119828?utm_source=share&utm_medium=link&ref=sfp-seed
zt0B,https://news.example.invalid/articles/2026/10/story-8452993?utm_source=share&utm_medium=link&ref=sfp-seed
krc2,https://news.example.invalid/articles/2026/10/story-4871094?utm_source=share&utm_medium=link&ref=sfp-seed
zmpF,https://news.example.invalid/articles/2026/10/story-8427639?utm_source=share&utm_medium=link&ref=sfp-seed
5YQ4,https://news.example.invalid/articles/2026/10/story-1425508?utm_source=share&utm_medium=link&ref=sfp-seed
9a56,https://news.example.invalid/articles/2026/10/story-2183708?utm_source=share&utm_medium=link&ref=sfp-seed
fS5O,https://news.example.invalid/articles/2026/10/story-3782856?utm_source=share&utm_medium=link&ref=sfp-seed
vXDq,https://news.example.invalid/articles/2026/10/story-7617408?utm_source=share&utm_medium=link&ref=sfp-seed
5nCT,https://news.example.invalid/articles/2026/10/story-1282463?utm_source=share&utm_medium=link&ref=sfp-seed
2nFf,https://news.example.invalid/articles/2026/10/story-567625?utm_source=share&utm_medium=link&ref=sfp-seed
alg0,https://news.example.invalid/articles/2026/10/story-2464996?utm_source=share&utm_medium=link&ref=sfp-seed
BXJE,https://news.example.invalid/articles/2026/10/story-9047762?utm_source=share&utm_medium=link&ref=sfp-seed
sPVC,https://news.example.invalid/articles/2026/10/story-6872800?utm_source=share&utm_medium=link&ref=sfp-seed
qpVW,https://news.example.invalid/articles/2026/10/story-6296220?utm_source=share&utm_medium=link&ref=sfp-seed
Esf5,https://news.example.invalid/articles/2026/10/story-9641687?utm_source=share&utm_medium=link&ref=sfp-seed
2s1s,https://news.example.invalid/articles/2026/10/story-584378?utm_source=share&utm_medium=link&ref=sfp-seed
1cK2,https://news.example.invalid/articles/2026/10/story-287310?utm_source=share&utm_medium=link&ref=sfp-seed
DAqx,https://news.example.invalid/articles/2026/10/story-9434821?utm_source=share&utm_medium=link&ref=sfp-seed
yNg2,https://news.example.invalid/articles/2026/10/story-8292502?utm_source=share&utm_medium=link&ref=sfp-seed
Fr6G,https://news.example.invalid/articles/2026/10/story-9875650?utm_source=share&utm_medium=link&ref=sfp-seed
eHan,https://news.example.invalid/articles/2026/10/story-3502527?utm_source=share&utm_medium=link&ref=sfp-seed
kJ79,https://news.example.invalid/articles/2026/10/story-4939983?utm_source=share&utm_medium=link&ref=sfp-seed
D8L2,https://news.example.invalid/articles/2026/10/story-9328460?utm_source=share&utm_medium=link&ref=sfp-seed
r4aO,https://news.example.invalid/articles/2026/10/story-6450902?utm_source=share&utm_medium=link&ref=sfp-seed
kyeV,https://news.example.invalid/articles/2026/10/story-4898181?utm_source=share&utm_medium=link&ref=sfp-seed
ux8J,https://news.example.invalid/articles/2026/10/story-7277233?utm_source=share&utm_medium=link&ref=sfp-seed
bAQm,https://news.example.invalid/articles/2026/10/story-2763238?utm_source=share&utm_medium=link&ref=sfp-seed
CnIa,https://news.example.invalid/articles/2026/10/story-9147614?utm_source=share&utm_medium=link&ref=sfp-seed
lao0,https://news.example.invalid/articles/2026/10/story-5044816?utm_source=share&utm_medium=link&ref=sfp-seed
yrua,https://news.example.invalid/articles/2026/10/story-8208810?utm_source=share&utm_medium=link&ref=sfp-seed
gm28,https://news.example.invalid/articles/2026/10/story-3897948?utm_source=share&utm_medium=link&ref=sfp-seed
rEwh,https://news.example.invalid/articles/2026/10/story-6590617?utm_source=share&utm_medium=link&ref=sfp-seed
wT9P,https://news.example.invalid/articles/2026/10/story-7838525?utm_source=share&utm_medium=link&ref=sfp-seed
cdQg,https://news.example.invalid/articles/2026/10/story-2913148?utm_source=share&utm_medium=link&ref=sfp-seed
yfiZ,https://news.example.invalid/articles/2026/10/story-8161989?utm_source=share&utm_medium=link&ref=sfp-seed
tNnH,https://news.example.invalid/articles/2026/10/story-7101337?utm_source=share&utm_medium=link&ref=sfp-seed
72MZ,https://news.example.invalid/articles/2026/10/story-1679021?utm_source=share&utm_medium=link&ref=sfp-seed
ws65,https://news.example.invalid/articles/2026/10/story-7734505?utm_source=share&utm_medium=link&ref=sfp-seed
DvEu,https://news.example.invalid/articles/2026/10/story-9416466?utm_source=share&utm_medium=link&ref=sfp-seed
9u3y,https://news.example.invalid/articles/2026/10/story-2260492?utm_source=share&utm_medium=link&ref=sfp-seed
mRVq,https://news.example.invalid/articles/2026/10/story-5450508?utm_source=share&utm_medium=link&ref=sfp-seed
FJj2,https://news.example.invalid/articles/2026/10/story-9945608?utm_source=share&utm_medium=link&ref=sfp-seed
gi7k,https://news.example.invalid/articles/2026/10/story-3882894?utm_source=share&utm_medium=link&ref=sfp-seed
Emow,https://news.example.invalid/articles/2026/10/story-9619208?utm_source=share&utm_medium=link&ref=sfp-seed
58L9,https://news.example.invalid/articles/2026/10/story-1225315?utm_source=share&utm_medium=link&ref=sfp-seed
ejxj,https://news.example.invalid/articles/2026/10/story-3411693?utm_source=share&utm_medium=link&ref=sfp-seed
5H1e,https://news.example.invalid/articles/2026/10/story-1357008?utm_source=share&utm_medium=link&ref=sfp-seed
nrMv,https://news.example.invalid/articles/2026/10/story-5588339?utm_source=share&utm_medium=link&ref=sfp-seed
vlSn,https://news.example.invalid/articles/2026/10/story-7472263?utm_source=share&utm_medium=link&ref=sfp-seed
egdR,https://news.example.invalid/articles/2026/10/story-3398955?utm_source=share&utm_medium=link&ref=sfp-seed
porO,https://news.example.invalid/articles/2026/10/story-6052180?utm_source=share&utm_medium=link&ref=sfp-seed
cQDp,https://news.example.invalid/articles/2026/10/story-3062267?utm_source=share&utm_medium=link&ref=sfp-seed
oxct,https://news.example.invalid/articles/2026/10/story-5847497?utm_source=share&utm_medium=link&ref=sfp-seed
pxCT,https://news.example.invalid/articles/2026/10/story-6087463?utm_source=share&utm_medium=link&ref=sfp-seed
2iaP,https://news.example.invalid/articles/2026/10/story-546519?utm_source=share&utm_medium=link&ref=sfp-seed
6HAO,https://news.example.invalid/articles/2026/10/story-1597542?utm_source=share&utm_medium=link&ref=sfp-seed
AVxi,https://news.example.invalid/articles/2026/10/story-8800980?utm_source=share&utm_medium=link&ref=sfp-seed
5BS,https://news.example.invalid/articles/2026/10/story-21568?utm_source=share&utm_medium=link&ref=sfp-seed
iCec,https://news.example.invalid/articles/2026/10/story-4436856?utm_source=share&utm_medium=link&ref=sfp-seed
1KTm,https://news.example.invalid/articles/2026/10/story-418584?utm_source=share&utm_medium=link&ref=sfp-seed
Fsnf,https://news.example.invalid/articles/2026/10/story-9880521?utm_source=share&utm_medium=link&ref=sfp-seed
jPkN,https://news.example.invalid/articles/2026/10/story-4725565?utm_source=share&utm_medium=link&ref=sfp-seed
mo0n,https://news.example.invalid/articles/2026/10/story-5335495?utm_source=share&utm_medium=link&ref=sfp-seed
ht6k,https://news.example.invalid/articles/2026/10/story-4163444?utm_source=share&utm_medium=link&ref=sfp-seed
rqtH,https://news.example.invalid/articles/2026/10/story-6536641?utm_source=share&utm_medium=link&ref=sfp-seed
8LZX,https://news.example.invalid/articles/2026/10/story-2091133?utm_source=share&utm_medium=link&ref=sfp-seed
zo21,https://news.example.invalid/articles/2026/10/story-8433861?utm_source=share&utm_medium=link&ref=sfp-seed
kIUq,https://news.example.invalid/articles/2026/10/story-4939194?utm_source=share&utm_medium=link&ref=sfp-seed
dbVs,https://news.example.invalid/articles/2026/10/story-3144110?utm_source=share&utm_medium=link&ref=sfp-seed
sheR,https://news.example.invalid/articles/2026/10/story-6739453?utm_source=share&utm_medium=link&ref=sfp-seed
cd5Q,https://news.example.invalid/articles/2026/10/story-2910270?utm_source=share&utm_medium=link&ref=sfp-seed
4nke,https://news.example.invalid/articles/2026/10/story-1042978?utm_source=share&utm_medium=link&ref=sfp-seed
EyEj,https://news.example.invalid/articles/2026/10/story-9666315?utm_source=share&utm_medium=link&ref=sfp-seed
x3mN,https://news.example.invalid/articles/2026/10/story-7877769?utm_source=share&utm_medium=link&ref=sfp-seed
hpC9,https://news.example.invalid/articles/2026/10/story-4150041?utm_source=share&utm_medium=link&ref=sfp-seed
2sDw,https://news.example.invalid/articles/2026/10/story-586738?utm_source=share&utm_medium=link&ref=sfp-seed
r3jf,https://news.example.invalid/articles/2026/10/story-6447581?utm_source=share&utm_medium=link&ref=sfp-seed
iEiF,https://news.example.invalid/articles/2026/10/story-4444821?utm_source=share&utm_medium=link&ref=sfp-seed
pzic,https://news.example.invalid/articles/2026/10/story-6093868?utm_source=share&utm_medium=link&ref=sfp-seed
rDst,https://news.example.invalid/articles/2026/10/story-6586537?utm_source=share&utm_medium=link&ref=sfp-seed
cCxh,https://news.example.invalid/articles/2026/10/story-3008071?utm_source=share&utm_medium=link&ref=sfp-seed
zi3s,https://news.example.invalid/articles/2026/10/story-8410886?utm_source=share&utm_medium=link&ref=sfp-seed
egz4,https://news.example.invalid/articles/2026/10/story-3400270?utm_source=share&utm_medium=link&ref=sfp-seed
o4SZ,https://news.example.invalid/articles/2026/10/story-5738657?utm_source=share&utm_medium=link&ref=sfp-seed
hXf6,https://news.example.invalid/articles/2026/10/story-4279308?utm_source=share&utm_medium=link&ref=sfp-seed
3nVs,https://news.example.invalid/articles/2026/10/story-806958?utm_source=share&utm_medium=link&ref=sfp-seed
iwci,https://news.example.invalid/articles/2026/10/story-4413674?utm_source=share&utm_medium=link&ref=sfp-seed
1vwq,https://news.example.invalid/articles/2026/10/story-359502?utm_source=share&utm_medium=link&ref=sfp-seed
gAsH,https://news.example.invalid/articles/2026/10/story-3953411?utm_source=share&utm_medium=link&ref=sfp-seed
DwyK,https://news.example.invalid/articles/2026/10/story-9419954?utm_source=share&utm_medium=link&ref=sfp-seed
ohnh,https://news.example.invalid/articles/2026/10/story-5786663?utm_source=share&utm_medium=link&ref=sfp-seed
CeP1,https://news.example.invalid/articles/2026/10/story-9113443?utm_source=share&utm_medium=link&ref=sfp-seed
g4V3,https://news.example.invalid/articles/2026/10/story-3832161?utm_source=share&utm_medium=link&ref=sfp-seed
yMog,https://news.example.invalid/articles/2026/10/story-8289168?utm_source=share&utm_medium=link&ref=sfp-seed
tyTP,https://news.example.invalid/articles/2026/10/story-7045669?utm_source=share&utm_medium=link&ref=sfp-seed
77Aj,https://news.example.invalid/articles/2026/10/story-1697455?utm_source=share&utm_medium=link&ref=sfp-seed
kzHO,https://news.example.invalid/articles/2026/10/story-4903816?utm_source=share&utm_medium=link&ref=sfp-seed
83p2,https://news.example.invalid/articles/2026/10/story-1919708?utm_source=share&utm_medium=link&ref=sfp-seed
325t,https://news.example.invalid/articles/2026/10/story-723011?utm_source=share&utm_medium=link&ref=sfp-seed
yct7,https://news.example.invalid/articles/2026/10/story-8151085?utm_source=share&utm_medium=link&ref=sfp-seed
jDnO,https://news.example.invalid/articles/2026/10/story-4679624?utm_source=share&utm_medium=link&ref=sfp-seed
B2dw,https://news.example.invalid/articles/2026/10/story-8826662?utm_source=share&utm_medium=link&ref=sfp-seed
eaRO,https://news.example.invalid/articles/2026/10/story-3378368?utm_source=share&utm_medium=link&ref=sfp-seed
jhRi,https://news.example.invalid/articles/2026/10/story-4596884?utm_source=share&utm_medium=link&ref=sfp-seed
FQTu,https://news.example.invalid/articles/2026/10/story-9974776?utm_source=share&utm_medium=link&ref=sfp-seed
er1H,https://news.example.invalid/articles/2026/10/story-3440485?utm_source=share&utm_medium=link&ref=sfp-seed
204P,https://news.example.invalid/articles/2026/10/story-476955?utm_source=share&utm_medium=link&ref=sfp-seed
xEz,https://news.example.invalid/articles/2026/10/story-129367?utm_source=share&utm_medium=link&ref=sfp-seed
w63j,https://news.example.invalid/articles/2026/10/story-7649765?utm_source=share&utm_medium=link&ref=sfp-seed
3P2h,https://news.example.invalid/articles/2026/10/story-911169?utm_source=share&utm_medium=link&ref=sfp-seed
nlzr,https://news.example.invalid/articles/2026/10/story-5564465?utm_source=share&utm_medium=link&ref=sfp-seed
21hb,https://news.example.invalid/articles/2026/10/story-481565?utm_source=share&utm_medium=link&ref=sfp-seed
zBAL,https://news.example.invalid/articles/2026/10/story-8485987?utm_source=share&utm_medium=link&ref=sfp-seed
ppMe,https://news.example.invalid/articles/2026/10/story-6057290?utm_source=share&utm_medium=link&ref=sfp-seed
oxku,https://news.example.invalid/articles/2026/10/story-5847994?utm_source=share&utm_medium=link&ref=sfp-seed
vahS,https://news.example.invalid/articles/2026/10/story-7427716?utm_source=share&utm_medium=link&ref=sfp-seed
UCp,https://news.example.invalid/articles/2026/10/story-217645?utm_source=share&utm_medium=link&ref=sfp-seed
nezw,https://news.example.invalid/articles/2026/10/story-5537562?utm_source=share&utm_medium=link&ref=sfp-seed
izmx,https://news.example.invalid/articles/2026/10/story-4425841?utm_source=share&utm_medium=link&ref=sfp-seed
CqoO,https://news.example.invalid/articles/2026/10/story-9157946?utm_source=share&utm_medium=link&ref=sfp-seed
DCme,https://news.example.invalid/articles/2026/10/story-9442242?utm_source=share&utm_medium=link&ref=sfp-seed
Bu88,https://news.example.invalid/articles/2026/10/story-8933960?utm_source=share&utm_medium=link&ref=sfp-seed
2E0V,https://news.example.invalid/articles/2026/10/story-630473?utm_source=share&utm_medium=link&ref=sfp-seed
56U9,https://news.example.invalid/articles/2026/10/story-1218185?utm_source=share&utm_medium=link&ref=sfp-seed
obUV,https://news.example.invalid/articles/2026/10/story-5765685?utm_source=share&utm_medium=link&ref=sfp-seed
rEZS,https://news.example.invalid/articles/2026/10/story-6592452?utm_source=share&utm_medium=link&ref=sfp-seed
pXSU,https://news.example.invalid/articles/2026/10/story-6188400?utm_source=share&utm_medium=link&ref=sfp-seed
FKM2,https://news.example.invalid/articles/2026/10/story-9951250?utm_source=share&utm_medium=link&ref=sfp-seed
nIGk,https://news.example.invalid/articles/2026/10/story-5653304?utm_source=share&utm_medium=link&ref=sfp-seed
tSHh,https://news.example.invalid/articles/2026/10/story-7121771?utm_source=share&utm_medium=link&ref=sfp-seed
Dpbi,https://news.example.invalid/articles/2026/10/story-9391592?utm_source=share&utm_medium=link&ref=sfp-seed
tHZN,https://news.example.invalid/articles/2026/10/story-7080635?utm_source=share&utm_medium=link&ref=sfp-seed
C9F6,https://news.example.invalid/articles/2026/10/story-9093608?utm_source=share&utm_medium=link&ref=sfp-seed
jkt2,https://news.example.invalid/articles/2026/10/story-4606912?utm_source=share&utm_medium=link&ref=sfp-seed
st3O,https://news.example.invalid/articles/2026/10/story-6784896?utm_source=share&utm_medium=link&ref=sfp-seed
g7eI,https://news.example.invalid/articles/2026/10/story-3841068?utm_source=share&utm_medium=link&ref=sfp-seed
4H41,https://news.example.invalid/articles/2026/10/story-1118853?utm_source=share&utm_medium=link&ref=sfp-seed
7LVB,https://news.example.invalid/articles/2026/10/story-1852535?utm_source=share&utm_medium=link&ref=sfp-seed
i7DU,https://news.example.invalid/articles/2026/10/story-4319286?utm_source=share&utm_medium=link&ref=sfp-seed
AhlJ,https://news.example.invalid/articles/2026/10/story-8646503?utm_source=share&utm_medium=link&ref=sfp-seed
FcV,https://news.example.invalid/articles/2026/10/story-158405?utm_source=share&utm_medium=link&ref=sfp-seed
rA65,https://news.example.invalid/articles/2026/10/story-6573617?utm_source=share&utm_medium=link&ref=sfp-seed
xIgA,https://news.example.invalid/articles/2026/10/story-8034988?utm_source=share&utm_medium=link&ref=sfp-seed
xf0c,https://news.example.invalid/articles/2026/10/story-7922496?utm_source=share&utm_medium=link&ref=sfp-seed
hEv8,https://news.example.invalid/articles/2026/10/story-4207266?utm_source=share&utm_medium=link&ref=sfp-seed
qxGE,https://news.example.invalid/articles/2026/10/story-6326024?utm_source=share&utm_medium=link&ref=sfp-seed
17ib,https://news.example.invalid/articles/2026/10/story-266363?utm_source=share&utm_medium=link&ref=sfp-seed
pFE,https://news.example.invalid/articles/2026/10/story-98682?utm_source=share&utm_medium=link&ref=sfp-seed
qsny,https://news.example.invalid/articles/2026/10/story-6305620?utm_source=share&utm_medium=link&ref=sfp-seed
sa8i,https://news.example.invalid/articles/2026/10/story-6712138?utm_source=share&utm_medium=link&ref=sfp-seed
58hs,https://news.example.invalid/articles/2026/10/story-1223474?utm_source=share&utm_medium=link&ref=sfp-seed
2jqE,https://news.example.invalid/articles/2026/10/story-551344?utm_source=share&utm_medium=link&ref=sfp-seed
rwiA,https://news.example.invalid/articles/2026/10/story-6559016?utm_source=share&utm_medium=link&ref=sfp-seed
BU11,https://news.example.invalid/articles/2026/10/story-9033463?utm_source=share&utm_medium=link&ref=sfp-seed
iJYQ,https://news.example.invalid/articles/2026/10/story-4466656?utm_source=share&utm_medium=link&ref=sfp-seed
rjtl,https://news.example.invalid/articles/2026/10/story-6509711?utm_source=share&utm_medium=link&ref=sfp-seed
6Lsz,https://news.example.invalid/articles/2026/10/story-1612407?utm_source=share&utm_medium=link&ref=sfp-seed
smcp,https://news.example.invalid/articles/2026/10/story-6758521?utm_source=share&utm_medium=link&ref=sfp-seed
f7Dl,https://news.example.invalid/articles/2026/10/story-3604267?utm_source=share&utm_medium=link&ref=sfp-seed
qryL,https://news.example.invalid/articles/2026/10/story-6302471?utm_source=share&utm_medium=link&ref=sfp-seed
16gT,https://news.example.invalid/articles/2026/10/story-262439?utm_source=share&utm_medium=link&ref=sfp-seed
gSbY,https://news.example.invalid/articles/2026/10/story-4021566?utm_source=share&utm_medium=link&ref=sfp-seed
nYW8,https://news.example.invalid/articles/2026/10/story-5715788?utm_source=share&utm_medium=link&ref=sfp-seed
beCL,https://news.example.invalid/articles/2026/10/story-2677827?utm_source=share&utm_medium=link&ref=sfp-seed
gs9f,https://news.example.invalid/articles/2026/10/story-3921453?utm_source=share&utm_medium=link&ref=sfp-seed
qaGZ,https://news.example.invalid/articles/2026/10/story-6237633?utm_source=share&utm_medium=link&ref=sfp-seed
tEMA,https://news.example.invalid/articles/2026/10/story-7068284?utm_source=share&utm_medium=link&ref=sfp-seed
14kd,https://news.example.invalid/articles/2026/10/story-254957?utm_source=share&utm_medium=link&ref=sfp-seed
4s0H,https://news.example.invalid/articles/2026/10/story-1060987?utm_source=share&utm_medium=link&ref=sfp-seed
xyHm,https://news.example.invalid/articles/2026/10/story-7998208?utm_source=share&utm_medium=link&ref=sfp-seed
3wVi,https://news.example.invalid/articles/2026/10/story-841544?utm_source=share&utm_medium=link&ref=sfp-seed
2dZ7,https://news.example.invalid/articles/2026/10/story-530417?utm_source=share&utm_medium=link&ref=sfp-seed
xY7i,https://news.example.invalid/articles/2026/10/story-8095916?utm_source=share&utm_medium=link&ref=sfp-seed
xZsO,https://news.example.invalid/articles/2026/10/story-8101094?utm_source=share&utm_medium=link&ref=sfp-seed
2d3h,https://news.example.invalid/articles/2026/10/story-526831?utm_source=share&utm_medium=link&ref=sfp-seed
rRiq,https://news.example.invalid/articles/2026/10/story-6639730?utm_source=share&utm_medium=link&ref=sfp-seed
f7Px,https://news.example.invalid/articles/2026/10/story-3605023?utm_source=share&utm_medium=link&ref=sfp-seed
rQQn,https://news.example.invalid/articles/2026/10/story-6637991?utm_source=share&utm_medium=link&ref=sfp-seed
FL1A,https://news.example.invalid/articles/2026/10/story-9952214?utm_source=share&utm_medium=link&ref=sfp-seed
dxvw,https://news.example.invalid/articles/2026/10/story-3227070?utm_source=share&utm_medium=link&ref=sfp-seed
sv4l,https://news.example.invalid/articles/2026/10/story-6792617?utm_source=share&utm_medium=link&ref=sfp-seed
vEcL,https://news.example.invalid/articles/2026/10/story-7542719?utm_source=share&utm_medium=link&ref=sfp-seed
8npL,https://news.example.invalid/articles/2026/10/story-1996633?utm_source=share&utm_medium=link&ref=sfp-seed
Fhks,https://news.example.invalid/articles/2026/10/story-9838064?utm_source=share&utm_medium=link&ref=sfp-seed
ECrv,https://news.example.invalid/articles/2026/10/story-9680897?utm_source=share&utm_medium=link&ref=sfp-seed
Bz0b,https://news.example.invalid/articles/2026/10/story-8952687?utm_source=share&utm_medium=link&ref=sfp-seed
8NSn,https://news.example.invalid/articles/2026/10/story-2098351?utm_source=share&utm_medium=link&ref=sfp-seed
B742,https://news.example.invalid/articles/2026/10/story-8845294?utm_source=share&utm_medium=link&ref=sfp-seed
D9Hb,https://news.example.invalid/articles/2026/10/story-9332065?utm_source=share&utm_medium=link&ref=sfp-seed
5waT,https://news.example.invalid/articles/2026/10/story-1315323?utm_source=share&utm_medium=link&ref=sfp-seed
DIJk,https://news.example.invalid/articles/2026/10/story-9466738?utm_source=share&utm_medium=link&ref=sfp-seed
a8Dn,https://news.example.invalid/articles/2026/10/story-2416473?utm_source=share&utm_medium=link&ref=sfp-seed
3Xjt,https://news.example.invalid/articles/2026/10/story-942987?utm_source=share&utm_medium=link&ref=sfp-seed
kepq,https://news.example.invalid/articles/2026/10/story-4821952?utm_source=share&utm_medium=link&ref=sfp-seed
wVvY,https://news.example.invalid/articles/2026/10/story-7847586?utm_source=share&utm_medium=link&ref=sfp-seed
wWVm,https://news.example.invalid/articles/2026/10/story-7853004?utm_source=share&utm_medium=link&ref=sfp-seed
iLaU,https://news.example.invalid/articles/2026/10/story-4471248?utm_source=share&utm_medium=link&ref=sfp-seed
tefc,https://news.example.invalid/articles/2026/10/story-6966270?utm_source=share&utm_medium=link&ref=sfp-seed
vU6d,https://news.example.invalid/articles/2026/10/story-7603817?utm_source=share&utm_medium=link&ref=sfp-seed
DCL8,https://news.example.invalid/articles/2026/10/story-9443786?utm_source=share&utm_medium=link&ref=sfp-seed
wENH,https://news.example.invalid/articles/2026/10/story-7783337?utm_source=share&utm_medium=link&ref=sfp-seed
bdpI,https://news.example.invalid/articles/2026/10/story-2673174?utm_source=share&utm_medium=link&ref=sfp-seed
8792,https://news.example.invalid/articles/2026/10/story-1934092?utm_source=share&utm_medium=link&ref=sfp-seed
DRQL,https://news.example.invalid/articles/2026/10/story-9501795?utm_source=share&utm_medium=link&ref=sfp-seed
l5jm,https://news.example.invalid/articles/2026/10/story-5025308?utm_source=share&utm_medium=link&ref=sfp-seed
oeN3,https://news.example.invalid/articles/2026/10/story-5776729?utm_source=share&utm_medium=link&ref=sfp-seed
w8iS,https://news.example.invalid/articles/2026/10/story-7658418?utm_source=share&utm_medium=link&ref=sfp-seed
EdMU,https://news.example.invalid/articles/2026/10/story-9586124?utm_source=share&utm_medium=link&ref=sfp-seed
j3wr,https://news.example.invalid/articles/2026/10/story-4541775?utm_source=share&utm_medium=link&ref=sfp-seed
yFZ3,https://news.example.invalid/articles/2026/10/story-8264541?utm_source=share&utm_medium=link&ref=sfp-seed
5Y2P,https://news.example.invalid/articles/2026/10/story-1422455?utm_source=share&utm_medium=link&ref=sfp-seed
mh5V,https://news.example.invalid/articles/2026/10/story-5308931?utm_source=share&utm_medium=link&ref=sfp-seed
z2g4,https://news.example.invalid/articles/2026/10/story-8350164?utm_source=share&utm_medium=link&ref=sfp-seed
iiW2,https://news.example.invalid/articles/2026/10/story-4362694?utm_source=share&utm_medium=link&ref=sfp-seed
jM4l,https://news.example.invalid/articles/2026/10/story-4713013?utm_source=share&utm_medium=link&ref=sfp-seed
9rDN,https://news.example.invalid/articles/2026/10/story-2251207?utm_source=share&utm_medium=link&ref=sfp-seed
iCwY,https://news.example.invalid/articles/2026/10/story-4438020?utm_source=share&utm_medium=link&ref=sfp-seed
4Qzn,https://news.example.invalid/articles/2026/10/story-1155393?utm_source=share&utm_medium=link&ref=sfp-seed
aa2D,https://news.example.invalid/articles/2026/10/story-2421883?utm_source=share&utm_medium=link&ref=sfp-seed
efmH,https://news.example.invalid/articles/2026/10/story-3395659?utm_source=share&utm_medium=link&ref=sfp-seed
B3B5,https://news.example.invalid/articles/2026/10/story-8831967?utm_source=share&utm_medium=link&ref=sfp-seed
2suZ,https://news.example.invalid/articles/2026/10/story-586209?utm_source=share&utm_medium=link&ref=sfp-seed
qV65,https://news.example.invalid/articles/2026/10/story-6416013?utm_source=share&utm_medium=link&ref=sfp-seed
t07,https://news.example.invalid/articles/2026/10/story-111483?utm_source=share&utm_medium=link&ref=sfp-seed
APNF,https://news.example.invalid/articles/2026/10/story-8778931?utm_source=share&utm_medium=link&ref=sfp-seed
so7,https://news.example.invalid/articles/2026/10/story-109127?utm_source=share&utm_medium=link&ref=sfp-seed
95ah,https://news.example.invalid/articles/2026/10/story-2164809?utm_source=share&utm_medium=link&ref=sfp-seed
awSE,https://news.example.invalid/articles/2026/10/story-2509676?utm_source=share&utm_medium=link&ref=sfp-seed
5WOe,https://news.example.invalid/articles/2026/10/story-1417706?utm_source=share&utm_medium=link&ref=sfp-seed
u5xV,https://news.example.invalid/articles/2026/10/story-7171163?utm_source=share&utm_medium=link&ref=sfp-seed
nVOg,https://news.example.invalid/articles/2026/10/story-5703768?utm_source=share&utm_medium=link&ref=sfp-seed
kSkS,https://news.example.invalid/articles/2026/10/story-4975430?utm_source=share&utm_medium=link&ref=sfp-seed
ibvb,https://news.example.invalid/articles/2026/10/story-4334121?utm_source=share&utm_medium=link&ref=sfp-seed
5sz2,https://news.example.invalid/articles/2026/10/story-1301444?utm_source=share&utm_medium=link&ref=sfp-seed
z5JA,https://news.example.invalid/articles/2026/10/story-8363526?utm_source=share&utm_medium=link&ref=sfp-seed
s6kx,https://news.example.invalid/articles/2026/10/story-6697521?utm_source=share&utm_medium=link&ref=sfp-seed
5ywI,https://news.example.invalid/articles/2026/10/story-1324364?utm_source=share&utm_medium=link&ref=sfp-seed
dYF7,https://news.example.invalid/articles/2026/10/story-3331453?utm_source=share&utm_medium=link&ref=sfp-seed
FCgn,https://news.example.invalid/articles/2026/10/story-9918535?utm_source=share&utm_medium=link&ref=sfp-seed
dgqU,https://news.example.invalid/articles/2026/10/story-3161436?utm_source=share&utm_medium=link&ref=sfp-seed
zfk3,https://news.example.invalid/articles/2026/10/story-8400383?utm_source=share&utm_medium=link&ref=sfp-seed
A0j5,https://news.example.invalid/articles/2026/10/story-8580991?utm_source=share&utm_medium=link&ref=sfp-seed
7I78,https://news.example.invalid/articles/2026/10/story-1837874?utm_source=share&utm_medium=link&ref=sfp-seed
5E2k,https://news.example.invalid/articles/2026/10/story-1345544?utm_source=share&utm_medium=link&ref=sfp-seed
xP9J,https://news.example.invalid/articles/2026/10/story-8061471?utm_source=share&utm_medium=link&ref=sfp-seed
s3EG,https://news.example.invalid/articles/2026/10/story-6687238?utm_source=share&utm_medium=link&ref=sfp-seed
o1TP,https://news.example.invalid/articles/2026/10/story-5727177?utm_source=share&utm_medium=link&ref=sfp-seed
37Ik,https://news.example.invalid/articles/2026/10/story-744640?utm_source=share&utm_medium=link&ref=sfp-seed
ygOQ,https://news.example.invalid/articles/2026/10/story-8167808?utm_source=share&utm_medium=link&ref=sfp-seed
1sxF,https://news.example.invalid/articles/2026/10/story-348047?utm_source=share&utm_medium=link&ref=sfp-seed
jPdp,https://news.example.invalid/articles/2026/10/story-4725107?utm_source=share&utm_medium=link&ref=sfp-seed
FnoR,https://news.example.invalid/articles/2026/10/story-9861401?utm_source=share&utm_medium=link&ref=sfp-seed
2uH6,https://news.example.invalid/articles/2026/10/story-594648?utm_source=share&utm_medium=link&ref=sfp-seed
5fDN,https://news.example.invalid/articles/2026/10/story-1251767?utm_source=share&utm_medium=link&ref=sfp-seed
25GV,https://news.example.invalid/articles/2026/10/story-498537?utm_source=share&utm_medium=link&ref=sfp-seed
vA88,https://news.example.invalid/articles/2026/10/story-7527056?utm_source=share&utm_medium=link&ref=sfp-seed
tIle,https://news.example.invalid/articles/2026/10/story-7081964?utm_source=share&utm_medium=link&ref=sfp-seed
6nqU,https://news.example.invalid/articles/2026/10/story-1520048?utm_source=share&utm_medium=link&ref=sfp-seed
cSsa,https://news.example.invalid/articles/2026/10/story-3069258?utm_source=share&utm_medium=link&ref=sfp-seed
ArXM,https://news.example.invalid/articles/2026/10/story-8687302?utm_source=share&utm_medium=link&ref=sfp-seed
k1cc,https://news.example.invalid/articles/2026/10/story-4771160?utm_source=share&utm_medium=link&ref=sfp-seed
vz1i,https://news.example.invalid/articles/2026/10/story-7522788?utm_source=share&utm_medium=link&ref=sfp-seed
Ftzo,https://news.example.invalid/articles/2026/10/story-9885118?utm_source=share&utm_medium=link&ref=sfp-seed
kuI,https://news.example.invalid/articles/2026/10/story-78784?utm_source=share&utm_medium=link&ref=sfp-seed
DvxC,https://news.example.invalid/articles/2026/10/story-9416040?utm_source=share&utm_medium=link&ref=sfp-seed
CZxZ,https://news.example.invalid/articles/2026/10/story-9293055?utm_source=share&utm_medium=link&ref=sfp-seed
F4Ti,https://news.example.invalid/articles/2026/10/story-9790252?utm_source=share&utm_medium=link&ref=sfp-seed
uCIM,https://news.example.invalid/articles/2026/10/story-7298688?utm_source=share&utm_medium=link&ref=sfp-seed
5fPm,https://news.example.invalid/articles/2026/10/story-1252484?utm_source=share&utm_medium=link&ref=sfp-seed
w0pV,https://news.example.invalid/articles/2026/10/story-7628103?utm_source=share&utm_medium=link&ref=sfp-seed
lKcw,https://news.example.invalid/articles/2026/10/story-5182488?utm_source=share&utm_medium=link&ref=sfp-seed
iSAV,https://news.example.invalid/articles/2026/10/story-4499769?utm_source=share&utm_medium=link&ref=sfp-seed
7ciC,https://news.example.invalid/articles/2026/10/story-1715578?utm_source=share&utm_medium=link&ref=sfp-seed
lfiV,https://news.example.invalid/articles/2026/10/story-5063721?utm_source=share&utm_medium=link&ref=sfp-seed
8poo,https://news.example.invalid/articles/2026/10/story-2004236?utm_source=share&utm_medium=link&ref=sfp-seed
jpRp,https://news.example.invalid/articles/2026/10/story-4627643?utm_source=share&utm_medium=link&ref=sfp-seed
bt88,https://news.example.invalid/articles/2026/10/story-2733588?utm_source=share&utm_medium=link&ref=sfp-seed
tRQp,https://news.example.invalid/articles/2026/10/story-7118493?utm_source=share&utm_medium=link&ref=sfp-seed
xCTS,https://news.example.invalid/articles/2026/10/story-8014360?utm_source=share&utm_medium=link&ref=sfp-seed
vP9y,https://news.example.invalid/articles/2026/10/story-7584804?utm_source=share&utm_medium=link&ref=sfp-seed
iPeV,https://news.example.invalid/articles/2026/10/story-4486873?utm_source=share&utm_medium=link&ref=sfp-seed
ypPl,https://news.example.invalid/articles/2026/10/story-8202435?utm_source=share&utm_medium=link&ref=sfp-seed
nAmb,https://news.example.invalid/articles/2026/10/story-5621303?utm_source=share&utm_medium=link&ref=sfp-seed
inBJ,https://news.example.invalid/articles/2026/10/story-4380655?utm_source=share&utm_medium=link&ref=sfp-seed
BucF,https://news.example.invalid/articles/2026/10/story-8934241?utm_source=share&utm_medium=link&ref=sfp-seed
AgUM,https://news.example.invalid/articles/2026/10/story-8644832?utm_source=share&utm_medium=link&ref=sfp-seed
ahrb,https://news.example.invalid/articles/2026/10/story-2450313?utm_source=share&utm_medium=link&ref=sfp-seed
ACje,https://news.example.invalid/articles/2026/10/story-8727072?utm_source=share&utm_medium=link&ref=sfp-seed
FTBr,https://news.example.invalid/articles/2026/10/story-9985189?utm_source=share&utm_medium=link&ref=sfp-seed
a3UM,https://news.example.invalid/articles/2026/10/story-2398332?utm_source=share&utm_medium=link&ref=sfp-seed
w2iZ,https://news.example.invalid/articles/2026/10/story-7635361?utm_source=share&utm_medium=link&ref=sfp-seed
c4Aj,https://news.example.invalid/articles/2026/10/story-2877563?utm_source=share&utm_medium=link&ref=sfp-seed
csgZ,https://news.example.invalid/articles/2026/10/story-2968621?utm_source=share&utm_medium=link&ref=sfp-seed
w50F,https://news.example.invalid/articles/2026/10/story-7645757?utm_source=share&utm_medium=link&ref=sfp-seed
sWZN,https://news.example.invalid/articles/2026/10/story-6899967?utm_source=share&utm_medium=link&ref=sfp-seed
ChPQ,https://news.example.invalid/articles/2026/10/story-9125026?utm_source=share&utm_medium=link&ref=sfp-seed
1Qvq,https://news.example.invalid/articles/2026/10/story-440164?utm_source=share&utm_medium=link&ref=sfp-seed
tdyR,https://news.example.invalid/articles/2026/10/story-6963645?utm_source=share&utm_medium=link&ref=sfp-seed
aNxl,https://news.example.invalid/articles/2026/10/story-2573703?utm_source=share&utm_medium=link&ref=sfp-seed
i2sN,https://news.example.invalid/articles/2026/10/story-4299377?utm_source=share&utm_medium=link&ref=sfp-seed
lt0G,https://news.example.invalid/articles/2026/10/story-5116406?utm_source=share&utm_medium=link&ref=sfp-seed
k7T6,https://news.example.invalid/articles/2026/10/story-4796884?utm_source=share&utm_medium=link&ref=sfp-seed
uPNk,https://news.example.invalid/articles/2026/10/story-7348942?utm_source=share&utm_medium=link&ref=sfp-seed
rt5Q,https://news.example.invalid/articles/2026/10/story-6546694?utm_source=share&utm_medium=link&ref=sfp-seed
C5eO,https://news.example.invalid/articles/2026/10/story-9076602?utm_source=share&utm_medium=link&ref=sfp-seed
9bLq,https://news.example.invalid/articles/2026/10/story-2190176?utm_source=share&utm_medium=link&ref=sfp-seed
FUJW,https://news.example.invalid/articles/2026/10/story-9989560?utm_source=share&utm_medium=link&ref=sfp-seed
xj8f,https://news.example.invalid/articles/2026/10/story-7938371?utm_source=share&utm_medium=link&ref=sfp-seed
1b7j,https://news.example.invalid/articles/2026/10/story-281065?utm_source=share&utm_medium=link&ref=sfp-seed
zJhR,https://news.example.invalid/articles/2026/10/story-8515567?utm_source=share&utm_medium=link&ref=sfp-seed
2fzZ,https://news.example.invalid/articles/2026/10/story-536547?utm_source=share&utm_medium=link&ref=sfp-seed
kdXV,https://news.example.invalid/articles/2026/10/story-4820247?utm_source=share&utm_medium=link&ref=sfp-seed
tFkI,https://news.example.invalid/articles/2026/10/story-7070400?utm_source=share&utm_medium=link&ref=sfp-seed
n3Qt,https://news.example.invalid/articles/2026/10/story-5496329?utm_source=share&utm_medium=link&ref=sfp-seed
y1XB,https://news.example.invalid/articles/2026/10/story-8110691?utm_source=share&utm_medium=link&ref=sfp-seed
zCxw,https://news.example.invalid/articles/2026/10/story-8489630?utm_source=share&utm_medium=link&ref=sfp-seed
sURQ,https://news.example.invalid/articles/2026/10/story-6891786?utm_source=share&utm_medium=link&ref=sfp-seed
mTQb,https://news.example.invalid/articles/2026/10/story-5457871?utm_source=share&utm_medium=link&ref=sfp-seed
kowd,https://news.example.invalid/articles/2026/10/story-4860813?utm_source=share&utm_medium=link&ref=sfp-seed
5xe3,https://news.example.invalid/articles/2026/10/story-1319363?utm_source=share&utm_medium=link&ref=sfp-seed
DGwQ,https://news.example.invalid/articles/2026/10/story-9458276?utm_source=share&utm_medium=link&ref=sfp-seed
qtbx,https://news.example.invalid/articles/2026/10/story-6308719?utm_source=share&utm_medium=link&ref=sfp-seed
bjQN,https://news.example.invalid/articles/2026/10/story-2697917?utm_source=share&utm_medium=link&ref=sfp-seed
5Gde,https://news.example.invalid/articles/2026/10/story-1353908?utm_source=share&utm_medium=link&ref=sfp-seed
iHna,https://news.example.invalid/articles/2026/10/story-4456632?utm_source=share&utm_medium=link&ref=sfp-seed
8QRY,https://news.example.invalid/articles/2026/10/story-2109858?utm_source=share&utm_medium=link&ref=sfp-seed
6zjs,https://news.example.invalid/articles/2026/10/story-1565714?utm_source=share&utm_medium=link&ref=sfp-seed
kqMj,https://news.example.invalid/articles/2026/10/story-4869499?utm_source=share&utm_medium=link&ref=sfp-seed
DEUq,https://news.example.invalid/articles/2026/10/story-9452050?utm_source=share&utm_medium=link&ref=sfp-seed
6gdX,https://news.example.invalid/articles/2026/10/story-1492337?utm_source=share&utm_medium=link&ref=sfp-seed
5YaZ,https://news.example.invalid/articles/2026/10/story-1422961?utm_source=share&utm_medium=link&ref=sfp-seed
ds9S,https://news.example.invalid/articles/2026/10/story-3206508?utm_source=share&utm_medium=link&ref=sfp-seed
rHDr,https://news.example.invalid/articles/2026/10/story-6602593?utm_source=share&utm_medium=link&ref=sfp-seed
rj0g,https://news.example.invalid/articles/2026/10/story-6507908?utm_source=share&utm_medium=link&ref=sfp-seed
fFFX,https://news.example.invalid/articles/2026/10/story-3735125?utm_source=share&utm_medium=link&ref=sfp-seed
gqPt,https://news.example.invalid/articles/2026/10/story-3916383?utm_source=share&utm_medium=link&ref=sfp-seed
9nbD,https://news.example.invalid/articles/2026/10/story-2234085?utm_source=share&utm_medium=link&ref=sfp-seed
qWBV,https://news.example.invalid/articles/2026/10/story-6421831?utm_source=share&utm_medium=link&ref=sfp-seed
a0nF,https://news.example.invalid/articles/2026/10/story-2384747?utm_source=share&utm_medium=link&ref=sfp-seed
k9gr,https://news.example.invalid/articles/2026/10/story-4802175?utm_source=share&utm_medium=link&ref=sfp-seed
gb9m,https://news.example.invalid/articles/2026/10/story-3856112?utm_source=share&utm_medium=link&ref=sfp-seed
9puQ,https://news.example.invalid/articles/2026/10/story-2242964?utm_source=share&utm_medium=link&ref=sfp-seed
3E12,https://news.example.invalid/articles/2026/10/story-868808?utm_source=share&utm_medium=link&ref=sfp-seed
98nW,https://news.example.invalid/articles/2026/10/story-2177188?utm_source=share&utm_medium=link&ref=sfp-seed
cRh9,https://news.example.invalid/articles/2026/10/story-3064731?utm_source=share&utm_medium=link&ref=sfp-seed
BNdN,https://news.example.invalid/articles/2026/10/story-9007347?utm_source=share&utm_medium=link&ref=sfp-seed
5T5x,https://news.example.invalid/articles/2026/10/story-1403403?utm_source=share&utm_medium=link&ref=sfp-seed
m15B,https://news.example.invalid/articles/2026/10/story-5247407?utm_source=share&utm_medium=link&ref=sfp-seed
oybD,https://news.example.invalid/articles/2026/10/story-5851289?utm_source=share&utm_medium=link&ref=sfp-seed
maDE,https://news.example.invalid/articles/2026/10/story-5284114?utm_source=share&utm_medium=link&ref=sfp-seed
4CVg,https://news.example.invalid/articles/2026/10/story-1102934?utm_source=share&utm_medium=link&ref=sfp-seed
8P7d,https://news.example.invalid/articles/2026/10/story-2103115?utm_source=share&utm_medium=link&ref=sfp-seed
oiAA,https://news.example.invalid/articles/2026/10/story-5791332?utm_source=share&utm_medium=link&ref=sfp-seed
iKBI,https://news.example.invalid/articles/2026/10/story-4469066?utm_source=share&utm_medium=link&ref=sfp-seed
1b7N,https://news.example.invalid/articles/2026/10/story-281095?utm_source=share&utm_medium=link&ref=sfp-seed
eme4,https://news.example.invalid/articles/2026/10/story-3422032?utm_source=share&utm_medium=link&ref=sfp-seed
9Bym,https://news.example.invalid/articles/2026/10/story-2289310?utm_source=share&utm_medium=link&ref=sfp-seed
yqkm,https://news.example.invalid/articles/2026/10/story-8204358?utm_source=share&utm_medium=link&ref=sfp-seed
BIcq,https://news.example.invalid/articles/2026/10/story-8988042?utm_source=share&utm_medium=link&ref=sfp-seed
46ts,https://news.example.invalid/articles/2026/10/story-978202?utm_source=share&utm_medium=link&ref=sfp-seed
q8GS,https://news.example.invalid/articles/2026/10/story-6229938?utm_source=share&utm_medium=link&ref=sfp-seed
wMMD,https://news.example.invalid/articles/2026/10/story-7814023?utm_source=share&utm_medium=link&ref=sfp-seed
n24x,https://news.example.invalid/articles/2026/10/story-5489513?utm_source=share&utm_medium=link&ref=sfp-seed
fBCz,https://news.example.invalid/articles/2026/10/story-3719539?utm_source=share&utm_medium=link&ref=sfp-seed
iWX1,https://news.example.invalid/articles/2026/10/story-4516515?utm_source=share&utm_medium=link&ref=sfp-seed
eocs,https://news.example.invalid/articles/2026/10/story-3429620?utm_source=share&utm_medium=link&ref=sfp-seed
iYf7,https://news.example.invalid/articles/2026/10/story-4521481?utm_source=share&utm_medium=link&ref=sfp-seed
g7Bb,https://news.example.invalid/articles/2026/10/story-3842461?utm_source=share&utm_medium=link&ref=sfp-seed
E8qx,https://news.example.invalid/articles/2026/10/story-9565517?utm_source=share&utm_medium=link&ref=sfp-seed
Asf6,https://news.example.invalid/articles/2026/10/story-8688376?utm_source=share&utm_medium=link&ref=sfp-seed
lcRN,https://news.example.invalid/articles/2026/10/story-5054351?utm_source=share&utm_medium=link&ref=sfp-seed
zAdO,https://news.example.invalid/articles/2026/10/story-8480720?utm_source=share&utm_medium=link&ref=sfp-seed
xuXk,https://news.example.invalid/articles/2026/10/story-7983822?utm_source=share&utm_medium=link&ref=sfp-seed
gZgt,https://news.example.invalid/articles/2026/10/story-4048753?utm_source=share&utm_medium=link&ref=sfp-seed
vd1x,https://news.example.invalid/articles/2026/10/story-7438235?utm_source=share&utm_medium=link&ref=sfp-seed
e0YA,https://news.example.invalid/articles/2026/10/story-3340348?utm_source=share&utm_medium=link&ref=sfp-seed
m4Pw,https://news.example.invalid/articles/2026/10/story-5261786?utm_source=share&utm_medium=link&ref=sfp-seed
7UnD,https://news.example.invalid/articles/2026/10/story-1885025?utm_source=share&utm_medium=link&ref=sfp-seed
h8Tw,https://news.example.invalid/articles/2026/10/story-4085770?utm_source=share&utm_medium=link&ref=sfp-seed
28CY,https://news.example.invalid/articles/2026/10/story-509824?utm_source=share&utm_medium=link&ref=sfp-seed
1tku,https://news.example.invalid/articles/2026/10/story-351074?utm_source=share&utm_medium=link&ref=sfp-seed
cgEG,https://news.example.invalid/articles/2026/10/story-2923962?utm_source=share&utm_medium=link&ref=sfp-seed
cUGH,https://news.example.invalid/articles/2026/10/story-3077847?utm_source=share&utm_medium=link&ref=sfp-seed
9njT,https://news.example.invalid/articles/2026/10/story-2234597?utm_source=share&utm_medium=link&ref=sfp-seed
3CvF,https://news.example.invalid/articles/2026/10/story-863019?utm_source=share&utm_medium=link&ref=sfp-seed
k8HZ,https://news.example.invalid/articles/2026/10/story-4800039?utm_source=share&utm_medium=link&ref=sfp-seed
7itR,https://news.example.invalid/articles/2026/10/story-1739339?utm_source=share&utm_medium=link&ref=sfp-seed
wxtU,https://news.example.invalid/articles/2026/10/story-7755202?utm_source=share&utm_medium=link&ref=sfp-seed
wIPj,https://news.example.invalid/articles/2026/10/story-7798813?utm_source=share&utm_medium=link&ref=sfp-seed
zL3U,https://news.example.invalid/articles/2026/10/story-8522390?utm_source=share&utm_medium=link&ref=sfp-seed
ax14,https://news.example.invalid/articles/2026/10/story-2510198?utm_source=share&utm_medium=link&ref=sfp-seed
kRiU,https://news.example.invalid/articles/2026/10/story-4971464?utm_source=share&utm_medium=link&ref=sfp-seed
jnZw,https://news.example.invalid/articles/2026/10/story-4620458?utm_source=share&utm_medium=link&ref=sfp-seed
aAyN,https://news.example.invalid/articles/2026/10/story-2523821?utm_source=share&utm_medium=link&ref=sfp-seed
sjBS,https://news.example.invalid/articles/2026/10/story-6748568?utm_source=share&utm_medium=link&ref=sfp-seed
eeyS,https://news.example.invalid/articles/2026/10/story-3392570?utm_source=share&utm_medium=link&ref=sfp-seed
oEjQ,https://news.example.invalid/articles/2026/10/story-5874862?utm_source=share&utm_medium=link&ref=sfp-seed
rPbq,https://news.example.invalid/articles/2026/10/story-6631608?utm_source=share&utm_medium=link&ref=sfp-seed
FTgA,https://news.example.invalid/articles/2026/10/story-9983896?utm_source=share&utm_medium=link&ref=sfp-seed
32GA,https://news.example.invalid/articles/2026/10/story-725312?utm_source=share&utm_medium=link&ref=sfp-seed
w2Hq,https://news.example.invalid/articles/2026/10/story-7636876?utm_source=share&utm_medium=link&ref=sfp-seed
l1eY,https://news.example.invalid/articles/2026/10/story-5009660?utm_source=share&utm_medium=link&ref=sfp-seed
rVTl,https://news.example.invalid/articles/2026/10/story-6657395?utm_source=share&utm_medium=link&ref=sfp-seed
1baC,https://news.example.invalid/articles/2026/10/story-281270?utm_source=share&utm_medium=link&ref=sfp-seed
FCKA,https://news.example.invalid/articles/2026/10/story-9920408?utm_source=share&utm_medium=link&ref=sfp-seed
4QXr,https://news.example.invalid/articles/2026/10/story-1156885?utm_source=share&utm_medium=link&ref=sfp-seed
1rPY,https://news.example.invalid/articles/2026/10/story-345338?utm_source=share&utm_medium=link&ref=sfp-seed
3Ee2,https://news.example.invalid/articles/2026/10/story-869614?utm_source=share&utm_medium=link&ref=sfp-seed
EttG,https://news.example.invalid/articles/2026/10/story-9646436?utm_source=share&utm_medium=link&ref=sfp-seed
s9YX,https://news.example.invalid/articles/2026/10/story-6711559?utm_source=share&utm_medium=link&ref=sfp-seed
vREk,https://news.example.invalid/articles/2026/10/story-7594400?utm_source=share&utm_medium=link&ref=sfp-seed
EnAV,https://news.example.invalid/articles/2026/10/story-9623821?utm_source=share&utm_medium=link&ref=sfp-seed
2I8Q,https://news.example.invalid/articles/2026/10/story-646340?utm_source=share&utm_medium=link&ref=sfp-seed
bvmy,https://news.example.invalid/articles/2026/10/story-2742170?utm_source=share&utm_medium=link&ref=sfp-seed
330D,https://news.example.invalid/articles/2026/10/story-726555?utm_source=share&utm_medium=link&ref=sfp-seed
ojqm,https://news.example.invalid/articles/2026/10/story-5794542?utm_source=share&utm_medium=link&ref=sfp-seed
1AXg,https://news.example.invalid/articles/2026/10/story-380386?utm_source=share&utm_medium=link&ref=sfp-seed
cieq,https://news.example.invalid/articles/2026/10/story-2930022?utm_source=share&utm_medium=link&ref=sfp-seed
AB6O,https://news.example.invalid/articles/2026/10/story-8722458?utm_source=share&utm_medium=link&ref=sfp-seed
1AVm,https://news.example.invalid/articles/2026/10/story-380268?utm_source=share&utm_medium=link&ref=sfp-seed
48td,https://news.example.invalid/articles/2026/10/story-985875?utm_source=share&utm_medium=link&ref=sfp-seed
BhAd,https://news.example.invalid/articles/2026/10/story-8885729?utm_source=share&utm_medium=link&ref=sfp-seed
Fk09,https://news.example.invalid/articles/2026/10/story-9848337?utm_source=share&utm_medium=link&ref=sfp-seed
